substance,concentration,pH,method,seed,meanCurrent,stdCurrent,maxCurrent,minCurrent,meanVoltage,voltageRange,meanGradient,maxGradient,minGradient,peakCurrent,peakPotential,peakWidth,peakArea,peakProminence,peakSymmetry,split,label
glucose,1.0,6.5,DVP,7,0.061196289241558,0.1361298901365212,0.5336416117355597,-0.0488675254198795,0.1,1.4,-4.890261166778781e-05,0.0396462766115518,-0.0337414889358231,0.5336416117355597,0.5054108216432865,0.1515030060120241,0.0629119308744011,0.5264498660741742,1.0,train,3
ascorbic_acid,0.1,7.5,DVP,7,0.0105052195782794,0.0225486091264112,0.1005588383161982,-0.0051474959790052,0.1,1.4,-6.359365003387255e-06,0.0064710424790426,-0.0072660290975592,0.1005588383161982,0.0312625250501001,0.1122244488977955,0.0087651302304012,0.0981362445921638,0.818181818181817,train,2
glucose,1.0,6.5,DVP,3,0.0640922697407988,0.1369002138415295,0.5389251747345731,-0.0425944875690708,0.1,1.4,-6.30464444459114e-05,0.0476918179588565,-0.0725960098328429,0.5389251747345731,0.4969939879759518,0.1458917835671342,0.0615309216832482,0.5274071956537004,0.7333333333333317,train,3
copper,10.0,7.5,DVP,4,0.2831500951459638,1.022096615700567,6.268159229858537,-0.3622052774244874,0.1,1.4,-3.724393014285288e-05,0.5651796284685475,-0.5226079975570568,6.268159229858537,-0.0472945891783567,0.0561122244488977,0.2732553939981202,6.2455996821190425,0.8181818181818185,train,4
glucose,0.5,8.0,DVP,7,0.0335734877954056,0.0718920941421904,0.2971487982382516,-0.0247483217623569,0.1,1.4,-2.701057418967913e-05,0.0192004308471473,-0.0178137426294756,0.2971487982382516,0.4521042084168337,0.1402805611222444,0.0316145830506707,0.292331199876063,0.6666666666666684,train,3
aluminum,10.0,6.0,DVP,6,0.330424330648559,0.8841175466458029,4.111258445301016,-0.2963004774485066,0.1,1.4,-0.0006067203886986,0.3185222452100961,-0.2964262870415663,4.111258445301016,-0.3390781563126252,0.0981963927855711,0.3164562438678698,4.06157602455185,0.5909090909090912,train,5
glucose,0.1,6.5,DVP,9,0.0090151925830208,0.0145028118479631,0.0610323116524331,-0.0026726322920996,0.1,1.4,2.3113769554620668e-05,0.0042546624264187,-0.0042842422142964,0.0610323116524331,0.4885771543086171,0.1430861723446894,0.006420001752775,0.0574655413878644,0.5937499999999977,train,3
glucose,0.1,7.5,DVP,7,0.0088653363645488,0.0146213531987716,0.0605942878875567,-0.003249731813686,0.1,1.4,-2.3683912801628347e-06,0.0041769960879197,-0.0037475392499825,0.0605942878875567,0.4773547094188376,0.1402805611222444,0.006409157365656,0.0574883657697546,1.0,train,3
uric_acid,10.0,7.0,DVP,8,0.3313680358510282,0.9539686678826302,4.664488966219408,-0.3238559344145784,0.1,1.4,-0.0001267240008476,0.3530994655417822,-0.2732549863674207,4.664488966219408,0.3454909819639279,0.0869739478957914,0.3221079551452618,4.626802169286378,0.6315789473684225,train,1
copper,5.0,6.0,DVP,8,0.1805945156908777,0.6521263579541349,4.025882269593295,-0.1860683135650528,0.1,1.4,-8.795347526444763e-05,0.3297387914676009,-0.3388022427039202,4.025882269593295,-0.0613226452905811,0.0561122244488978,0.1747595921361315,4.006021625808441,0.8181818181818156,train,4
aluminum,0.5,6.5,DVP,9,0.0301049270993025,0.0784718378133178,0.3729034523556727,-0.0257754182951046,0.1,1.4,9.948968258148668e-05,0.0231448820033049,-0.0283251926203505,0.3729034523556727,-0.3222444889779559,0.0925851703406813,0.0270216887277445,0.3671534962778069,0.9411764705882344,train,5
uric_acid,10.0,7.0,DVP,2,0.3244038511915579,0.9566965042706648,4.787185083292085,-0.2764546185296961,0.1,1.4,-0.0002074357336785,0.3516357625626286,-0.278428268277987,4.787185083292085,0.3539078156312625,0.0869739478957914,0.3230261384955649,4.753603635403162,0.9374999999999988,train,1
glucose,2.0,7.5,DVP,8,0.1174761526568519,0.2579494557574633,1.0586892203383802,-0.0905832637368461,0.1,1.4,-2.2522319627832965e-05,0.080271933224482,-0.0694717217574247,1.0586892203383802,0.4745490981963928,0.1430861723446894,0.1142458885760251,1.0406788693848887,0.8214285714285726,train,3
glucose,10.0,7.5,DVP,6,0.3718927059401584,0.8262359967768869,3.4343600686656983,-0.2425681598411948,0.1,1.4,-0.0005110513750993,0.2262069360461694,-0.2530730130186824,3.4343600686656983,0.4829659318637275,0.1430861723446894,0.3672662396009364,3.3799858797278453,0.9615384615384596,train,3
aluminum,2.0,6.5,DVP,4,0.1040325844732781,0.2792236082108164,1.2953293852801795,-0.1032906539887889,0.1,1.4,-7.817839867255525e-06,0.0955182146269876,-0.0830509739654257,1.2953293852801795,-0.3278557114228457,0.101002004008016,0.101984635462661,1.282542461864565,0.7999999999999996,train,5
aluminum,5.0,7.5,DVP,5,0.2154296201154655,0.5773651413896393,2.725739068482527,-0.1854248594487696,0.1,1.4,-0.0001865046014469,0.1750830035430149,-0.1559299492547075,2.725739068482527,-0.3054108216432865,0.0981963927855711,0.2073148511068019,2.694850124468706,0.8421052631578941,train,5
glucose,0.1,7.0,DVP,7,0.0088239709829983,0.0145441896829423,0.0605047930239296,-0.0032201126233182,0.1,1.4,-2.137700418603524e-06,0.0042856179687734,-0.003733214608369,0.0605047930239296,0.4829659318637275,0.1374749498997995,0.0062915770261158,0.0573957659320378,0.6896551724137944,train,3
ascorbic_acid,0.5,6.0,DVP,4,0.0436139249754554,0.1075728960644187,0.473864772927386,-0.0363024010016818,0.1,1.4,-2.8508242040303776e-07,0.0335753284129212,-0.0294181668334784,0.473864772927386,0.0901803607214428,0.1122244488977955,0.0417512993723376,0.4681412637383804,0.7391304347826093,train,2
copper,0.5,7.5,DVP,9,0.0258887916944127,0.0887773719127316,0.5404906841382107,-0.0241776602476954,0.1,1.4,0.0001071626200759,0.0540360297961098,-0.044114168335632,0.5404906841382107,-0.0472945891783567,0.0589178356713426,0.0244097385583988,0.5364153743886797,0.7499999999999992,train,4
ascorbic_acid,0.5,6.0,DVP,0,0.043245097510588,0.1060180934142795,0.4901211189876936,-0.0443665173960828,0.1,1.4,2.7099793645517177e-05,0.0398473527778376,-0.0337393732624749,0.4901211189876936,0.0929859719438878,0.1066132264529058,0.0397005404193957,0.4830549368576218,0.8095238095238101,train,2
glucose,2.0,7.5,DVP,9,0.1172208254708415,0.2571021156149555,1.0211615882349123,-0.0849253245272074,0.1,1.4,0.0003211716004005,0.072212101964042,-0.070618646389356,1.0211615882349123,0.4857715430861723,0.1486973947895791,0.1170462924956464,1.0029233240290802,0.8928571428571425,train,3
dopamine,1.0,7.0,DVP,6,0.0501989809905913,0.163345909785161,0.9562669601895576,-0.0445316432107183,0.1,1.4,-9.628527110019687e-05,0.0798655861746762,-0.0725723729776086,0.9562669601895576,0.1995991983967936,0.0645290581162325,0.0470705239508536,0.9485329753562094,0.9166666666666686,train,0
ascorbic_acid,0.1,7.0,DVP,0,0.0106833518594493,0.0223663782978084,0.10250079686058,-0.007424998910731,0.1,1.4,8.977782090176662e-06,0.0086054062556196,-0.0077485835843693,0.10250079686058,0.0537074148296593,0.1150300601202404,0.0087817366955809,0.0993045671938054,0.8636363636363648,train,2
aluminum,0.1,8.0,DVP,9,0.0074739225032871,0.0165025184514858,0.0787922699921301,-0.0043332449535602,0.1,1.4,2.436540701030675e-05,0.0048741891548589,-0.0052706983978502,0.0787922699921301,-0.3054108216432865,0.0981963927855711,0.0058985811247795,0.0765544476679055,0.9444444444444456,train,5
dopamine,10.0,8.0,DVP,2,0.2924476520574123,1.0006768671931945,5.651866614379019,-0.2740497204121549,0.1,1.4,-0.0002142296411496,0.5171360569489523,-0.4462259208141065,5.651866614379019,0.1462925851703407,0.0645290581162325,0.2892068077154584,5.621016333598223,0.9166666666666686,train,0
aluminum,0.2,8.0,DVP,2,0.0131268623428902,0.0323424544251559,0.1567680742196216,-0.009158103343225,0.1,1.4,-3.857979751165289e-06,0.0099620828196295,-0.0082194970274292,0.1567680742196216,-0.3054108216432865,0.0981963927855711,0.0115967060906487,0.1541062454838698,0.8421052631578961,train,5
uric_acid,2.0,7.0,DVP,1,0.1026240344090809,0.2947217669358514,1.465785740897944,-0.085841054682769,0.1,1.4,-7.650896556265412e-06,0.0974286701618587,-0.0974741738212522,1.465785740897944,0.3454909819639279,0.0897795591182363,0.1015443353712056,1.455694234789497,0.600000000000002,train,1
ascorbic_acid,5.0,8.0,DVP,2,0.3184419112389047,0.8245915909069688,3.732883183250652,-0.2378828453484336,0.1,1.4,-0.0001856071233212,0.2775836754174587,-0.223794942607348,3.732883183250652,0.0172344689378757,0.1066132264529058,0.3096332348084828,3.6992224003037135,1.0,train,2
uric_acid,1.0,7.0,DVP,2,0.0557325172671358,0.1593027162588407,0.7991281604954572,-0.0447116923430678,0.1,1.4,-3.1267330429094965e-05,0.0586564721463221,-0.0464319802170647,0.7991281604954572,0.3539078156312625,0.0869739478957914,0.0538046056990187,0.7919291680074682,0.9374999999999988,train,1
ascorbic_acid,0.5,6.5,DVP,1,0.0435580707326707,0.1063180238341193,0.4725428898817618,-0.0316400226300759,0.1,1.4,-3.913002401811916e-07,0.0305512998868294,-0.0308389181341452,0.4725428898817618,0.0845691382765531,0.1122244488977955,0.0413095632915046,0.4660853673667234,0.818181818181817,train,2
aluminum,0.1,6.5,DVP,9,0.0074028032065852,0.0163075385803004,0.0784976677543762,-0.0042646390910226,0.1,1.4,2.412488250514642e-05,0.0048265844696966,-0.005906295926469,0.0784976677543762,-0.3222444889779559,0.0925851703406813,0.005612690166131,0.0762385336533812,0.9411764705882344,train,5
ascorbic_acid,10.0,6.0,DVP,2,0.4749435429362764,1.220082656312344,5.347292100109224,-0.3561725184616253,0.1,1.4,-0.0002792281404934,0.4527400968527415,-0.3195460541632355,5.347292100109224,0.0985971943887775,0.1094188376753507,0.4653777064869202,5.297382137476316,0.9499999999999992,train,2
ascorbic_acid,0.1,6.5,DVP,6,0.0106716206341013,0.0221463701575088,0.100551936296587,-0.0054975455293337,0.1,1.4,-1.069082826936643e-05,0.0073024267595571,-0.0061724244109736,0.100551936296587,0.0789579158316633,0.1150300601202405,0.0086755599800534,0.0972762485536661,0.9523809523809534,train,2
dopamine,2.0,7.5,DVP,2,0.0910384598352072,0.3079021452653709,1.771501467936801,-0.0828653431259672,0.1,1.4,-6.29259390174039e-05,0.1241325785864002,-0.1514624654828291,1.771501467936801,0.1743486973947895,0.0617234468937876,0.0861066501051489,1.7606226929707227,0.9999999999999964,train,0
ascorbic_acid,0.5,8.0,DVP,3,0.0459567303378578,0.1099115257060745,0.4758977542431055,-0.0365887703819274,0.1,1.4,-5.718303802001595e-05,0.0300586004420476,-0.0577102860660582,0.4758977542431055,0.0256513026052104,0.1178356713426853,0.0436613265112934,0.4671373275128785,0.7499999999999992,train,2
aluminum,2.0,7.0,DVP,7,0.100057903971354,0.2789697612001695,1.3212521629510658,-0.1065299188746139,0.1,1.4,-0.0001281686832361,0.0761577324712934,-0.0703619288964382,1.3212521629510658,-0.3110220440881763,0.0981963927855711,0.1004661881778201,1.3131246541482329,0.9444444444444456,train,5
aluminum,0.2,8.0,DVP,5,0.0133384373938007,0.0321326665715678,0.1546179094675767,-0.009461001155189,0.1,1.4,-6.637412480923255e-06,0.0098303780550728,-0.0083039987437925,0.1546179094675767,-0.3054108216432865,0.0953907815631262,0.0113108209257884,0.1515535477714131,0.8888888888888903,train,5
uric_acid,0.1,8.0,DVP,6,0.0079661630514233,0.0170404977630727,0.0872977301393768,-0.003860828122311,0.1,1.4,-7.000731362959865e-06,0.0060093578282793,-0.0071246127074281,0.0872977301393768,0.292184368737475,0.0869739478957916,0.0057360649942606,0.0844272082939425,0.5500000000000019,train,1
dopamine,2.0,6.5,DVP,1,0.0894046285119351,0.3016114062147111,1.716278319120247,-0.0854240303750022,0.1,1.4,-7.595044001335087e-06,0.1326547644439578,-0.1146047407612185,1.716278319120247,0.2276553106212424,0.0645290581162324,0.087108381775757,1.707713771513996,0.9166666666666652,train,0
dopamine,5.0,8.0,DVP,1,0.1899312874350356,0.6441314387674903,3.668918372709848,-0.1850152285961037,0.1,1.4,-2.093412940853512e-05,0.2957956005173756,-0.3501759801946693,3.668918372709848,0.1462925851703407,0.0645290581162325,0.1858588995538282,3.649758411291606,0.9166666666666686,train,0
uric_acid,0.1,8.0,DVP,8,0.0079878991366246,0.0169718557128584,0.0911820619808281,-0.0035267202211739,0.1,1.4,1.6141405526936462e-06,0.00559396658014,-0.0054290860283751,0.0911820619808281,0.3034068136272545,0.0841683366733466,0.0056041422827164,0.0882857713121185,0.8750000000000003,train,1
aluminum,0.5,7.5,DVP,1,0.0299524351146002,0.078118646263198,0.3651947910850752,-0.0244166657338643,0.1,1.4,6.431482750587931e-07,0.0253277734393348,-0.0306475027713643,0.3651947910850752,-0.3082164328657314,0.0981963927855711,0.0281541442519145,0.3608394003391155,0.9444444444444456,train,5
copper,0.5,7.0,DVP,9,0.02576749076496,0.0883057088565192,0.5397812258673843,-0.0240541001852604,0.1,1.4,0.0001066714956842,0.0488388187395871,-0.0427058862099461,0.5397812258673843,-0.0501002004008015,0.0561122244488977,0.023606494966893,0.5357193723060615,0.999999999999996,train,4
copper,2.0,6.0,DVP,9,0.0876571458921784,0.3127780704592721,1.901686360944537,-0.0895088648280009,0.1,1.4,0.0003668399581871,0.2024136318348725,-0.1460427182903745,1.901686360944537,-0.0613226452905811,0.0561122244488978,0.0837800804221258,1.8910767837759204,0.8181818181818156,train,4
dopamine,1.0,6.0,DVP,5,0.0489743524080294,0.1590907156706244,0.9144252467126176,-0.038563751146853,0.1,1.4,-4.285588003127428e-05,0.0748851011600451,-0.0698914487724148,0.9144252467126176,0.2585170340681363,0.0617234468937875,0.04460780229134,0.9064600307575646,0.8333333333333306,train,0
aluminum,1.0,7.5,DVP,8,0.0571873394869384,0.1499547714601892,0.692027657873194,-0.0462250024233418,0.1,1.4,-1.860112567723249e-05,0.047450180111966,-0.0440948632363732,0.692027657873194,-0.2997995991983967,0.101002004008016,0.0546093715643843,0.683439844325118,0.7142857142857142,train,5
ascorbic_acid,0.2,6.0,DVP,1,0.018842944315805,0.0431128136130518,0.196171287238857,-0.0120773836195766,0.1,1.4,2.228888262541695e-06,0.013058456879411,-0.0140516761528319,0.196171287238857,0.0845691382765531,0.1122244488977955,0.0167332003918173,0.1921878294410299,0.600000000000001,train,2
uric_acid,5.0,8.0,DVP,4,0.216862859634097,0.6215622693190185,3.1209564134087806,-0.1991884032369482,0.1,1.4,-2.0253754637198583e-05,0.188972654092053,-0.1750817543810017,3.1209564134087806,0.3006012024048096,0.0897795591182365,0.2133697875992629,3.098010995477768,0.7777777777777766,train,1
aluminum,0.5,8.0,DVP,1,0.0300658635480096,0.078424996151513,0.3684152371633197,-0.0245126800043927,0.1,1.4,6.302914000857804e-07,0.0238757536944782,-0.031202323127231,0.3684152371633197,-0.3082164328657314,0.0953907815631262,0.0276747073800363,0.3641036893849695,0.8888888888888882,train,5
ascorbic_acid,5.0,8.0,DVP,0,0.320906700200857,0.8211494472094434,3.8190786446567504,-0.3596463802341973,0.1,1.4,0.0001817633145759,0.2566683979950324,-0.2561351891111054,3.8190786446567504,0.0144288577154308,0.101002004008016,0.2964488371309473,3.778696826575757,0.8947368421052635,train,2
copper,0.5,6.5,DVP,7,0.024323522594371,0.0885938446501703,0.5343333607022128,-0.0254931974246924,0.1,1.4,-3.537819556665588e-05,0.045879915911595,-0.0493086354180257,0.5343333607022128,-0.0529058116232464,0.0561122244488978,0.0238324433996962,0.5323347122599134,1.0,train,4
aluminum,5.0,8.0,DVP,7,0.2072987626556877,0.5818431803854679,2.783690295828092,-0.2238118458243627,0.1,1.4,-0.0002717012673007,0.1588517050987708,-0.1467724298874293,2.783690295828092,-0.3110220440881763,0.0981963927855711,0.2095863945277407,2.768131330627816,0.7499999999999998,train,5
copper,1.0,6.0,DVP,4,0.0477411013695175,0.1679260268929449,1.0048123391363175,-0.0586417015972417,0.1,1.4,-2.7434098114906824e-06,0.1149782762675303,-0.0916261846112803,1.0048123391363175,-0.0613226452905811,0.0561122244488978,0.044992706612604,0.9998926343556316,0.8181818181818156,train,4
dopamine,2.0,6.5,DVP,3,0.0923101219130184,0.3001808096850674,1.7565460293518709,-0.0889822333366099,0.1,1.4,-0.0001520575467985,0.1527848561190533,-0.14717690799691,1.7565460293518709,0.2248496993987976,0.0617234468937875,0.0840510396526542,1.743124437050538,0.6923076923076927,train,0
uric_acid,0.1,7.5,DVP,0,0.0078576692453797,0.0169732310153335,0.0849774905874223,-0.0047521844952538,0.1,1.4,7.666609101573176e-06,0.0054171383706343,-0.0059574017745862,0.0849774905874223,0.3258517034068136,0.0869739478957916,0.0057057346683244,0.0822413221185609,0.8235294117647053,train,1
aluminum,0.2,7.5,DVP,6,0.0132958979426903,0.0318460767636742,0.1536158779412159,-0.009826701019583,0.1,1.4,-1.813791015658991e-05,0.0101396907181295,-0.0101331559879536,0.1536158779412159,-0.3110220440881763,0.0981963927855711,0.0113795820680087,0.1503431883909533,0.9444444444444436,train,5
ascorbic_acid,1.0,7.0,DVP,1,0.0828479415446509,0.2067712610255712,0.9085032921833625,-0.0627399208409836,0.1,1.4,-4.556770741595661e-06,0.0593099674400233,-0.0643652068189829,0.9085032921833625,0.0480961923847695,0.1122244488977955,0.0804130816205963,0.897867840473749,0.6666666666666689,train,2
aluminum,0.1,6.5,DVP,5,0.0073952003743581,0.0160169705104168,0.0746069466838711,-0.0042860822943247,0.1,1.4,-1.3477006264957097e-06,0.0048134549111637,-0.0052985674762475,0.0746069466838711,-0.3278557114228457,0.1038076152304609,0.0059310140449024,0.0723623014663914,0.7619047619047609,train,5
aluminum,5.0,7.5,DVP,3,0.2191360235334393,0.5811741495143763,2.6845340644252613,-0.2101780419116943,0.1,1.4,-0.0003324751956964,0.1891909232129978,-0.3173106750486619,2.6845340644252613,-0.3110220440881763,0.0981963927855711,0.2071963789527454,2.6486882658282465,0.9444444444444436,train,5
aluminum,2.0,8.0,DVP,6,0.1052264854449155,0.2789647089522484,1.330459391315072,-0.0928375625019442,0.1,1.4,-0.000188690130088,0.08236062888108,-0.092120447661589,1.330459391315072,-0.3110220440881763,0.1038076152304609,0.103436793597635,1.3131717715246147,0.6818181818181812,train,5
glucose,0.2,6.5,DVP,9,0.0154274635374895,0.0288972464500736,0.1189577732746501,-0.0075533586770847,0.1,1.4,4.126009123625768e-05,0.0082757971183091,-0.0083947894873717,0.1189577732746501,0.4885771543086171,0.1430861723446894,0.0127982546820478,0.1144002079230431,0.5937499999999977,train,3
glucose,10.0,6.0,DVP,4,0.36468930741168,0.79965182087091,3.2725749781263618,-0.276288657842115,0.1,1.4,4.613254904870368e-05,0.2440305016450584,-0.2290887805086162,3.2725749781263618,0.4997995991983969,0.1318637274549097,0.3360883819651453,3.2119807475808435,0.5666666666666679,train,3
uric_acid,10.0,7.5,DVP,5,0.3330262892999781,0.957312081221394,4.592161865155405,-0.2485092499649806,0.1,1.4,-0.0002845080775513,0.4779925427544189,-0.3273104907689317,4.592161865155405,0.3314629258517034,0.0869739478957916,0.3238112430851761,4.553496084159539,0.9374999999999966,train,1
aluminum,1.0,6.5,DVP,2,0.0555475434411932,0.1496131610911059,0.665824084668265,-0.046564048578659,0.1,1.4,-3.2286980467030185e-05,0.0490029885338873,-0.0437981758565805,0.665824084668265,-0.3250501002004007,0.1066132264529058,0.0564219334208148,0.6583365198069272,0.8095238095238101,train,5
uric_acid,0.2,8.0,DVP,5,0.0138339417551938,0.0340393629577897,0.174620886889526,-0.006866919776418,0.1,1.4,-6.37208295102027e-06,0.0127425399052829,-0.0102732144371082,0.174620886889526,0.2977955911823647,0.0869739478957916,0.0114733761342562,0.1710343451934619,0.722222222222224,train,1
glucose,0.1,8.0,DVP,4,0.0091404407542377,0.0144410691494817,0.0607602065238966,-0.0022517924149179,0.1,1.4,3.870900972517648e-06,0.0042960228711326,-0.0043368051187044,0.0607602065238966,0.4577154308617234,0.1346693386773547,0.0061310648290735,0.0570398704360383,0.7142857142857151,train,3
glucose,0.5,6.0,DVP,6,0.0338333943692106,0.0701170664534843,0.2835952846459662,-0.0194140623385473,0.1,1.4,-3.6529401196036566e-05,0.0235412478373438,-0.0170586884483974,0.2835952846459662,0.5194388777555111,0.1430861723446892,0.0310374186259528,0.2766161024166793,0.8888888888888856,train,3
ascorbic_acid,2.0,7.5,DVP,3,0.158083997621479,0.3902013850606619,1.746231789551068,-0.1317354938969908,0.1,1.4,-0.0002126010824269,0.1052889914618415,-0.2042694366661672,1.746231789551068,0.0284569138276553,0.1150300601202404,0.1530187948915587,1.7197853507370504,0.7083333333333346,train,2
ascorbic_acid,0.2,6.5,DVP,4,0.019212759465567,0.0444656449770408,0.1954556291867837,-0.0143009858649931,0.1,1.4,2.235018002610112e-06,0.0119047551520488,-0.0122510713876969,0.1954556291867837,0.0733466933867735,0.1206412825651302,0.0180064295390873,0.1917939827110514,0.8695652173913055,train,2
glucose,0.1,6.5,DVP,0,0.0089590779435817,0.0144696055908702,0.0596958212781687,-0.0045031392375307,0.1,1.4,8.44066089103183e-06,0.0038406992578425,-0.0048330858240928,0.0596958212781687,0.5110220440881764,0.1458917835671342,0.0064597151831776,0.0562195983730827,0.8571428571428575,train,3
dopamine,5.0,6.0,DVP,6,0.1832621391867492,0.6153815975431641,3.5857747068058514,-0.1751327877464531,0.1,1.4,-0.0003726983234222,0.291382844792561,-0.2720271142767008,3.5857747068058514,0.2529058116232465,0.0617234468937875,0.172637903655305,3.5633393941407947,0.8333333333333366,train,0
glucose,0.5,8.0,DVP,9,0.0346923874675994,0.0719629898060776,0.2854515216481663,-0.0221765182065244,0.1,1.4,9.268123438390592e-05,0.0203985693457075,-0.019670054629805,0.2854515216481663,0.4605210420841684,0.1402805611222444,0.0314643526810489,0.2783938713956647,0.8518518518518549,train,3
aluminum,2.0,8.0,DVP,1,0.1039476651430458,0.2808568288232687,1.3161879081612422,-0.0898725656621979,0.1,1.4,-8.12391309893358e-06,0.0854359682086753,-0.1116548657288517,1.3161879081612422,-0.3082164328657314,0.0953907815631262,0.0991567130849655,1.3046421911438644,0.8888888888888882,train,5
glucose,10.0,6.0,DVP,8,0.3656380621598107,0.8170651302765827,3.218348553136831,-0.2928087698331615,0.1,1.4,-3.875621902278348e-05,0.2413888645050399,-0.2174753164660503,3.218348553136831,0.5110220440881764,0.1430861723446892,0.3632791827300909,3.173219722814886,0.8888888888888912,train,3
glucose,5.0,6.0,DVP,5,0.2351917163174609,0.5257303342022722,2.1079706346789417,-0.1551517395050153,0.1,1.4,-0.0001139672623533,0.1496901833196477,-0.1144469415483147,2.1079706346789417,0.5054108216432865,0.1402805611222444,0.2304225763760023,2.075988367845485,0.7857142857142849,train,3
glucose,0.2,6.0,DVP,1,0.0152000707889324,0.0287518961960524,0.1139736278293026,-0.0072936100594484,0.1,1.4,5.485969438388262e-06,0.0085669156176545,-0.0079562123693868,0.1139736278293026,0.5306613226452906,0.1486973947895791,0.013078150024584,0.1101729850909835,0.7096774193548377,train,3
ascorbic_acid,0.2,7.5,DVP,3,0.0198234341892638,0.0446081495491503,0.2013987275777347,-0.0139053560713759,0.1,1.4,-2.0950610535255986e-05,0.0120598109587206,-0.023543122165553,0.2013987275777347,0.0284569138276553,0.1150300601202404,0.0175077142104907,0.1967774224185092,0.7083333333333346,train,2
uric_acid,0.2,6.5,DVP,2,0.0133192846709212,0.0334838723853116,0.1690364097060447,-0.008128977426255,0.1,1.4,-3.4558696001846384e-06,0.0122185530697868,-0.0109496970151213,0.1690364097060447,0.3763527054108216,0.0869739478957916,0.0112890586791869,0.165765087581991,0.8235294117647053,train,1
aluminum,2.0,7.5,DVP,3,0.1065670614170258,0.2806433106404135,1.2969728059000545,-0.101046956379867,0.1,1.4,-0.0001585427640692,0.0913661264393966,-0.1532924651190585,1.2969728059000545,-0.3110220440881763,0.0981963927855711,0.1000339048097625,1.2787830292273754,0.9444444444444436,train,5
ascorbic_acid,0.5,6.5,DVP,6,0.0440234887519965,0.1072314141248441,0.4790164569663476,-0.0302729232229351,0.1,1.4,-6.610715644400911e-05,0.0351266348939647,-0.0295534067302006,0.4790164569663476,0.0789579158316633,0.1150300601202405,0.0420751882943,0.4713247321167649,0.9523809523809534,train,2
aluminum,10.0,8.0,DVP,0,0.3325666298227536,0.9067764731317186,4.199466110680649,-0.4180716453476269,0.1,1.4,0.0002101791016037,0.2625886507583319,-0.2740267098118914,4.199466110680649,-0.3082164328657314,0.0981963927855711,0.3263863237621627,4.162858253324519,0.8421052631578941,train,5
aluminum,1.0,6.5,DVP,4,0.0565638778753097,0.1500181033959248,0.6965117008610335,-0.0550854958296484,0.1,1.4,-2.33924101151637e-06,0.0513296102002845,-0.0446568709704464,0.6965117008610335,-0.3278557114228457,0.101002004008016,0.0547832595407156,0.6889277904650928,0.7999999999999996,train,5
uric_acid,0.2,7.5,DVP,3,0.0139299158255883,0.0337597046295698,0.1765117002140414,-0.0089846473910404,0.1,1.4,-1.417913630324046e-05,0.0116780212095999,-0.0171576248313756,0.1765117002140414,0.3230460921843687,0.0869739478957916,0.011361958672617,0.1727404553416829,0.722222222222224,train,1
ascorbic_acid,10.0,8.0,DVP,8,0.5039574531357031,1.2761624597769388,5.612611127826398,-0.3832431414091972,0.1,1.4,-0.0001783295837025,0.4419884836847729,-0.3572504800604434,5.612611127826398,0.0060120240480961,0.1206412825651302,0.5172475554566334,5.554285594612797,0.6538461538461542,train,2
glucose,1.0,7.5,DVP,5,0.0640471443835259,0.1379805723708768,0.5508019038540275,-0.0378001121940195,0.1,1.4,-3.4207527523409666e-05,0.0388246970827627,-0.0370141827938314,0.5508019038540275,0.4829659318637275,0.1486973947895791,0.0627425227155842,0.5400172509338461,0.9629629629629608,train,3
ascorbic_acid,5.0,7.5,DVP,5,0.3203741886457995,0.81667316399391,3.612287285779865,-0.2467965072108711,0.1,1.4,-0.0002498825717293,0.2562110334577719,-0.1944686703313507,3.612287285779865,0.0312625250501001,0.1122244488977955,0.3171562548695531,3.575508061097636,0.7391304347826093,train,2
aluminum,10.0,7.0,DVP,5,0.3329535405945019,0.8935367427049099,4.101043389079756,-0.2877918314316002,0.1,1.4,-0.0002911423361048,0.2636780883920021,-0.269956932459841,4.101043389079756,-0.3054108216432865,0.1038076152304609,0.3323085567794092,4.056669942327908,0.7619047619047609,train,5
copper,0.5,6.5,DVP,1,0.0252405985127374,0.0875449188836253,0.5286931434550474,-0.0259592776924446,0.1,1.4,4.3653882668210493e-07,0.0464642750560912,-0.0497450806972556,0.5286931434550474,-0.0501002004008015,0.0561122244488978,0.0234073880596746,0.5249597914449488,0.8181818181818156,train,4
ascorbic_acid,0.1,6.0,DVP,7,0.0102530601007499,0.0218656503959591,0.0990018824681834,-0.0049430007116526,0.1,1.4,-6.036050933807546e-06,0.0059155403005825,-0.0063657853191852,0.0990018824681834,0.087374749498998,0.1094188376753507,0.0083810166687796,0.0965310169918379,0.6956521739130451,train,2
glucose,5.0,6.5,DVP,1,0.2345480417321202,0.5267829665009961,2.0714805381690145,-0.1628176493742601,0.1,1.4,2.0242957858856936e-05,0.1565080527963931,-0.1494512906750457,2.0714805381690145,0.4969939879759518,0.1486973947895793,0.2397906563599122,2.0467786244667394,0.8275862068965505,train,3
dopamine,0.2,7.5,DVP,8,0.0124179843289333,0.0352124358533231,0.2054477877428597,-0.0093809751664347,0.1,1.4,-7.313347355718744e-07,0.0163759344677826,-0.0145625293095603,0.2054477877428597,0.1715430861723447,0.0645290581162324,0.0101555190844832,0.2020307071481358,0.769230769230771,train,0
dopamine,0.5,7.5,DVP,3,0.0278210944843455,0.0867958252963913,0.5003605235731376,-0.0243573468673267,0.1,1.4,-4.067447794771084e-05,0.0368265187687417,-0.0421427208514715,0.5003605235731376,0.1771543086172344,0.0645290581162324,0.0250810977655633,0.4954987016896784,0.769230769230771,train,0
glucose,0.2,7.5,DVP,1,0.0154572226588195,0.0292457122288685,0.1201091730905528,-0.0074495469976372,0.1,1.4,4.031115026742619e-06,0.0086442663640913,-0.0085262154024489,0.1201091730905528,0.4689378757515029,0.1402805611222444,0.0128550901110379,0.1162077387048325,0.7857142857142849,train,3
aluminum,2.0,7.0,DVP,4,0.1044443484707845,0.2806637335268526,1.2935489831409908,-0.103703823187456,0.1,1.4,-7.864797181120653e-06,0.092576891575659,-0.0835170818442627,1.2935489831409908,-0.3138276553106212,0.0981963927855711,0.1002953036643297,1.2802752855061907,0.9444444444444446,train,5
uric_acid,0.5,7.5,DVP,2,0.0301497883461889,0.0831087464012752,0.408585292722549,-0.0225023426369632,0.1,1.4,-1.4494497877964154e-05,0.0385492676588648,-0.029146244669042,0.408585292722549,0.3230460921843687,0.0897795591182365,0.0285052192979725,0.403686839536397,0.6842105263157905,train,1
uric_acid,0.1,7.5,DVP,7,0.0076649933539153,0.0170778586525144,0.0880298320118476,-0.0041801617191946,0.1,1.4,-3.524781001968071e-06,0.0061296910803583,-0.0057811153181167,0.0880298320118476,0.3230460921843687,0.0897795591182365,0.0058922819159938,0.0857211382606656,0.6842105263157905,train,1
dopamine,0.2,7.5,DVP,4,0.0123798437211735,0.0354398612875144,0.2070249864083422,-0.0104068177442661,0.1,1.4,2.6812534096833823e-06,0.0190421407359654,-0.0146065313688559,0.2070249864083422,0.1743486973947895,0.0617234468937876,0.0099539696759671,0.2040768535697621,0.9999999999999964,train,0
dopamine,0.1,6.0,DVP,8,0.0070560715287041,0.0167866912343999,0.0999037354532283,-0.0033059436260456,0.1,1.4,1.7025934896926235e-06,0.0078621133787366,-0.0069290182181968,0.0999037354532283,0.2557114228456913,0.0617234468937875,0.0047135632864064,0.0972265485432626,1.0,train,0
ascorbic_acid,2.0,7.0,DVP,0,0.1529355059014198,0.3879838396858046,1.7448698082245488,-0.1689178796041957,0.1,1.4,8.819964329130948e-05,0.1480053028192741,-0.1327815662178355,1.7448698082245488,0.0537074148296593,0.1178356713426853,0.155044895043839,1.7254514365197615,0.8260869565217396,train,2
copper,5.0,6.0,DVP,3,0.1835970746524642,0.648156512746211,3.901741022382681,-0.2219545932335189,0.1,1.4,-0.000351244588391,0.3382806143267093,-0.335010204560042,3.901741022382681,-0.064128256513026,0.0561122244488978,0.1734054983311836,3.874440352136403,0.6666666666666677,train,4
dopamine,0.1,7.0,DVP,7,0.0069163009011612,0.0176026910715614,0.1025135924509212,-0.0041327824725938,0.1,1.4,-3.510266244379923e-06,0.0089497738236228,-0.0067434958457951,0.1025135924509212,0.1967935871743487,0.0645290581162325,0.0050764154022519,0.1003052837301577,0.7692307692307687,train,0
ascorbic_acid,1.0,6.0,DVP,1,0.0812312730115673,0.2028107236425437,0.91479188937096,-0.0614356116748057,0.1,1.4,-4.382073663177444e-06,0.0612291370289062,-0.0656873933518371,0.91479188937096,0.0845691382765531,0.1122244488977955,0.0787167812091002,0.903505435765336,0.600000000000001,train,2
glucose,1.0,7.5,DVP,7,0.0619749832453976,0.1377696837701891,0.5479268180518412,-0.0494770201844039,0.1,1.4,-5.369402835456253e-05,0.0382500788486768,-0.0340394972322131,0.5479268180518412,0.4773547094188376,0.1402805611222444,0.0604965913405981,0.5409033052536509,1.0,train,3
ascorbic_acid,0.2,7.0,DVP,8,0.0194378897858301,0.0443805630080859,0.2003643605339124,-0.0133837283077104,0.1,1.4,-2.3698905001011127e-06,0.0153322367425382,-0.0107578558031125,0.2003643605339124,0.0452905811623246,0.1122244488977955,0.0171927520351113,0.1962632177214422,0.600000000000001,train,2
dopamine,0.1,8.0,DVP,8,0.0073153936389357,0.0179011446918094,0.1041627054088883,-0.0036119149838334,0.1,1.4,1.5800077353815417e-06,0.0081837289370027,-0.006938978906751,0.1041627054088883,0.1490981963927855,0.0645290581162325,0.0051607324746219,0.1014595574769849,0.9166666666666686,train,0
ascorbic_acid,0.1,7.0,DVP,6,0.0107592163628048,0.0223730445288986,0.0998220563197981,-0.0055667181100831,0.1,1.4,-1.0846782819057238e-05,0.0061755469695049,-0.0068994765414202,0.0998220563197981,0.0565130260521041,0.1122244488977955,0.0086386316252059,0.0966580361035619,0.904761904761905,train,2
uric_acid,0.2,7.5,DVP,7,0.0132449629141203,0.0340505146811971,0.1731542229796644,-0.0101526457931257,0.1,1.4,-1.0833858445453842e-05,0.0121291519878846,-0.0114288437191044,0.1731542229796644,0.3230460921843687,0.0897795591182365,0.0117509660718265,0.170687200184127,0.6842105263157905,train,1
uric_acid,2.0,6.5,DVP,9,0.1030240053704439,0.2920569898823714,1.447815696896506,-0.0918142550711025,0.1,1.4,0.0003326131190921,0.1044451828332187,-0.0792990938654221,1.447815696896506,0.3763527054108216,0.0897795591182365,0.1001766921974141,1.4342591751244098,0.882352941176471,train,1
ascorbic_acid,2.0,7.0,DVP,9,0.1543477165263005,0.3877662852917969,1.6953775534707658,-0.1184303956664643,0.1,1.4,0.0004574708381498,0.1095531705973485,-0.1046927160768139,1.6953775534707658,0.0565130260521041,0.1094188376753506,0.1470604899726173,1.6722479923714844,0.9500000000000012,train,2
aluminum,1.0,8.0,DVP,2,0.0561990941731021,0.1515626279676749,0.7299404403694167,-0.0471218616646443,0.1,1.4,-3.2710925905447945e-05,0.0466362524673742,-0.0385314496282042,0.7299404403694167,-0.3054108216432865,0.0981963927855711,0.0543895178999743,0.7228263997443156,0.8421052631578961,train,5
copper,0.5,6.5,DVP,4,0.0256311884948783,0.0876773645760193,0.5286600464632405,-0.0302247552633586,0.1,1.4,4.862248114235884e-07,0.0589704968983382,-0.0482626266741232,0.5286600464632405,-0.0501002004008015,0.0589178356713426,0.0241895079764686,0.5255333685178153,0.7499999999999992,train,4
ascorbic_acid,1.0,6.5,DVP,6,0.0829340015562075,0.2065010599576808,0.9205583977477348,-0.0608202332320138,0.1,1.4,-0.0001307595393144,0.0675882110507736,-0.0568312194359655,0.9205583977477348,0.0789579158316633,0.1150300601202405,0.0810774041558204,0.908027441998826,0.9523809523809534,train,2
ascorbic_acid,0.1,7.0,DVP,2,0.0106147796028968,0.0224068740329816,0.1056005400769985,-0.0052610737448425,0.1,1.4,-1.2427358958172763e-06,0.0070630003545135,-0.0059864163584308,0.1056005400769985,0.0480961923847695,0.1066132264529058,0.0083940555606846,0.1026110556085762,0.6521739130434792,train,2
ascorbic_acid,2.0,7.0,DVP,3,0.1565383921588822,0.3871995022815492,1.6735793672156087,-0.1277363416595268,0.1,1.4,-0.0002104389151701,0.111004630392713,-0.2022305138511858,1.6735793672156087,0.0565130260521041,0.1178356713426853,0.1541828121991312,1.6479316177290733,0.9090909090909076,train,2
ascorbic_acid,0.5,7.0,DVP,9,0.0444817865394805,0.1081576720030904,0.4743113493000554,-0.031347645854898,0.1,1.4,0.0001308916710376,0.0305855272211046,-0.0292497198627926,0.4743113493000554,0.0565130260521041,0.1094188376753506,0.0410178057969001,0.4664259060762123,0.9500000000000012,train,2
dopamine,10.0,6.0,DVP,1,0.2800753204243241,0.959549800251658,5.534483022915167,-0.2745612256365519,0.1,1.4,-3.292777667587271e-05,0.4961122290775193,-0.421408188474432,5.534483022915167,0.2585170340681363,0.0617234468937875,0.2699235629899796,5.511537320791583,0.8333333333333306,train,0
glucose,10.0,8.0,DVP,4,0.3743524121374565,0.8182777171497435,3.2890746767447108,-0.28306741060646,0.1,1.4,-3.866823986982792e-06,0.2352889210938755,-0.2346483904249366,3.2890746767447108,0.4577154308617234,0.1430861723446894,0.3620961285106244,3.229255676106515,0.7586206896551702,train,3
copper,2.0,7.5,DVP,8,0.0892703841696784,0.3189726611648598,1.9270094166186005,-0.09183668569328,0.1,1.4,-4.1143356072827374e-05,0.1785280949104287,-0.1525422695349262,1.9270094166186005,-0.0416833667334669,0.0561122244488977,0.0852945893881109,1.916419099218627,0.8181818181818185,train,4
copper,10.0,7.0,DVP,5,0.2814750372834101,1.0192030004494388,6.279034381471821,-0.3087509779667715,0.1,1.4,-0.000312566410152,0.5522519232382971,-0.5016748940422899,6.279034381471821,-0.0529058116232464,0.0561122244488978,0.2721171711373533,6.250620747607545,0.6666666666666677,train,4
glucose,10.0,7.5,DVP,3,0.3769152198193193,0.8303764009947115,3.2808258907289494,-0.2682974701405841,0.1,1.4,-0.0004267154266095,0.2954813197403929,-0.439428829291147,3.2808258907289494,0.4577154308617234,0.1486973947895791,0.3761906622080913,3.220549378237417,0.514285714285714,train,3
dopamine,0.5,6.5,DVP,5,0.0267032584987258,0.0835323619406027,0.4815170200737574,-0.0212955983156226,0.1,1.4,-2.0672916100167803e-05,0.0416059367171724,-0.0359174355747214,0.4815170200737574,0.2304609218436873,0.0617234468937875,0.0234580953432163,0.4767296379001318,1.0,train,0
uric_acid,0.5,7.5,DVP,8,0.0307599502828949,0.082715914955905,0.4141252012647156,-0.0260832215984819,0.1,1.4,-7.422998538554666e-06,0.0334846032548104,-0.0242546256469616,0.4141252012647156,0.3230460921843687,0.0897795591182365,0.0284514493250436,0.4085706849760724,0.6842105263157905,train,1
copper,1.0,8.0,DVP,0,0.0480843774782997,0.1708557098741096,1.039629788872004,-0.0731799073622547,0.1,1.4,4.0989195087700494e-05,0.1077641019349306,-0.0772809081834292,1.039629788872004,-0.0416833667334669,0.0561122244488978,0.0456337787987354,1.0331830139396967,0.8181818181818156,train,4
dopamine,5.0,7.0,DVP,6,0.1879101299291021,0.6303028549658034,3.683431403872017,-0.1797082403290673,0.1,1.4,-0.000382382119216,0.3079824295171255,-0.2797866934103887,3.683431403872017,0.1995991983967936,0.0645290581162325,0.181661926101815,3.6600832685488265,0.9166666666666686,train,0
glucose,0.2,6.0,DVP,3,0.0155075420518503,0.0288666570508785,0.1171660793080002,-0.0075016833680135,0.1,1.4,-9.80164682767535e-06,0.0096581412761534,-0.0155600231520145,0.1171660793080002,0.5138276553106212,0.1430861723446892,0.0127930307306846,0.1125538022958482,0.9615384615384625,train,3
dopamine,0.2,8.0,DVP,8,0.0125466066416816,0.0355564636850665,0.2048364949348685,-0.0095304774450727,0.1,1.4,-7.912320074295459e-07,0.0162165333493848,-0.0137384693409892,0.2048364949348685,0.1490981963927855,0.0645290581162325,0.0102459402440255,0.2013856342781613,0.9166666666666686,train,0
aluminum,2.0,6.5,DVP,0,0.1030203788104826,0.2783434856012663,1.2725328612549125,-0.126889379656071,0.1,1.4,6.733688495467158e-05,0.0856978686513514,-0.0841275371901884,1.2725328612549125,-0.3166332665330661,0.1038076152304609,0.1033587276179686,1.260423915066387,0.9473684210526316,train,5
uric_acid,1.0,6.0,DVP,6,0.0557143553921818,0.1556452850230395,0.7752585944492896,-0.043316983826616,0.1,1.4,-9.371586990790544e-05,0.0527089518761915,-0.0506190089147903,0.7752585944492896,0.4044088176352706,0.0897795591182364,0.0534887932909811,0.7667678665512562,0.999999999999995,train,1
copper,5.0,6.0,DVP,4,0.1798581523394598,0.6473803630292225,3.8702086753577705,-0.2286767952923937,0.1,1.4,-2.206818944319744e-05,0.4432960099133911,-0.3532766568377523,3.8702086753577705,-0.0613226452905811,0.0561122244488978,0.1734511673420432,3.8550889084895408,0.8181818181818156,train,4
uric_acid,5.0,7.5,DVP,7,0.2060887109148068,0.620707860674588,3.1150531748274126,-0.2165616953881844,0.1,1.4,-0.0002634355748923,0.219470520951992,-0.2066143372572393,3.1150531748274126,0.3230460921843687,0.0897795591182365,0.2141871872382566,3.106669842082261,0.6842105263157905,train,1
ascorbic_acid,10.0,6.5,DVP,9,0.4879884586233282,1.236944716013164,5.389921213973261,-0.3944279348478109,0.1,1.4,0.0014490569422001,0.3559664476273938,-0.3197316890989323,5.389921213973261,0.0789579158316633,0.1206412825651302,0.4994735032290012,5.322664815385169,0.9545454545454538,train,2
ascorbic_acid,1.0,6.0,DVP,3,0.0833339568620986,0.2053763052786361,0.935991728941639,-0.0639585978684189,0.1,1.4,-0.0001089285068183,0.0559120527775394,-0.1065062414097511,0.935991728941639,0.0929859719438878,0.1094188376753506,0.0780306175770194,0.9210997110730066,0.772727272727274,train,2
dopamine,0.5,6.5,DVP,8,0.0268150908383694,0.083626767277848,0.4888009248056542,-0.0256867092512027,0.1,1.4,-7.264138089549503e-06,0.0423339571352593,-0.037151070161382,0.4888009248056542,0.2276553106212424,0.0617234468937876,0.0235168839141549,0.4838392359643303,0.9999999999999964,train,0
dopamine,10.0,7.5,DVP,3,0.3003576456347181,1.0036335580396445,5.762579628430813,-0.2971638443092698,0.1,1.4,-0.0005108652441933,0.4253361455172355,-0.4855324159409653,5.762579628430813,0.1771543086172344,0.0645290581162324,0.2900137153264005,5.7282971936496905,0.769230769230771,train,0
uric_acid,10.0,6.5,DVP,6,0.3272394396727394,0.941577856246712,4.604642059876297,-0.2763688646567859,0.1,1.4,-0.0005869621947365,0.4181508948184467,-0.3336589042297564,4.604642059876297,0.3791583166332665,0.0897795591182364,0.3236605593310491,4.562567912844408,0.8823529411764687,train,1
uric_acid,0.5,6.0,DVP,6,0.0298901847641102,0.0807336060713414,0.4032599734600498,-0.0215187522354121,0.1,1.4,-4.681168937541082e-05,0.0273955856362618,-0.0263002063504031,0.4032599734600498,0.4044088176352706,0.0897795591182364,0.0277439894527932,0.3978242626730564,0.999999999999995,train,1
copper,0.2,7.5,DVP,8,0.011521463036773,0.036515945927993,0.2217196421414907,-0.0093924125410124,0.1,1.4,-1.1645308766318197e-06,0.020408480897153,-0.0174573854776365,0.2217196421414907,-0.0416833667334669,0.0561122244488977,0.0097615622595083,0.2192380114008424,0.8181818181818185,train,4
ascorbic_acid,1.0,6.0,DVP,8,0.0823792836652897,0.2044707221041024,0.9198821412063908,-0.0704838832120235,0.1,1.4,-2.5214257780837637e-05,0.0683624632523884,-0.0465890843337927,0.9198821412063908,0.0845691382765531,0.1094188376753507,0.0780046570028916,0.908448657129735,0.6250000000000004,train,2
glucose,0.5,7.0,DVP,2,0.0337978015974049,0.0709538997598004,0.2908785277059275,-0.0200164228406292,0.1,1.4,-8.877004368943023e-06,0.0174934598845217,-0.0171547577309575,0.2908785277059275,0.4829659318637275,0.1430861723446892,0.0313255214070761,0.2838912347758928,0.7586206896551723,train,3
glucose,0.5,6.0,DVP,2,0.033376048661912,0.0700880666302671,0.2847310966097223,-0.0197560138633978,0.1,1.4,-6.119070502973417e-06,0.0170266285408427,-0.0181938008003504,0.2847310966097223,0.4997995991983969,0.1430861723446894,0.0310348301758465,0.2782004410762382,0.5937500000000017,train,3
aluminum,10.0,7.0,DVP,2,0.3271008505298651,0.9008688583544414,4.160522272943758,-0.2859933546936789,0.1,1.4,-0.0002142563410275,0.2867679725101608,-0.2437209453260491,4.160522272943758,-0.3054108216432865,0.101002004008016,0.328901222160472,4.124103649116,0.7142857142857135,train,5
uric_acid,0.1,7.0,DVP,1,0.0077887718682095,0.0167948906194478,0.0857650077969646,-0.0037093403628341,0.1,1.4,3.349690732517098e-06,0.0056289894743156,-0.0056480608934456,0.0857650077969646,0.3454909819639279,0.0869739478957914,0.00568281516671,0.0832178834943599,0.6315789473684225,train,1
aluminum,5.0,7.5,DVP,9,0.2156988366349216,0.5864568472340842,2.7217361439584757,-0.2015919208400905,0.1,1.4,0.0007154803388242,0.1686119890863092,-0.1986399455619585,2.7217361439584757,-0.3054108216432865,0.0981963927855711,0.209528501698743,2.688055829998709,0.8421052631578941,train,5
dopamine,2.0,6.5,DVP,7,0.0864396604046851,0.3040971601281337,1.7188981872804698,-0.1021191152031367,0.1,1.4,-0.0001233864884381,0.1357839763084444,-0.1253261391176215,1.7188981872804698,0.2248496993987976,0.0645290581162324,0.0880125448658082,1.7151305299158337,0.769230769230771,train,0
copper,1.0,6.0,DVP,2,0.0466603064172204,0.1684738815797246,1.0096239992819884,-0.0495879080794436,0.1,1.4,-3.459057010608621e-05,0.0906062292470555,-0.0857716610991009,1.0096239992819884,-0.064128256513026,0.0561122244488978,0.0451312281912258,1.0048601388115364,0.6666666666666677,train,4
copper,5.0,7.0,DVP,9,0.1817715903183518,0.655279737588874,3.997329721036742,-0.1894583098349581,0.1,1.4,0.0007641172775298,0.3625175332850974,-0.3170434691363513,3.997329721036742,-0.0501002004008015,0.0561122244488977,0.175247014465016,3.977385488325187,0.999999999999996,train,4
dopamine,10.0,8.0,DVP,3,0.3040407747110573,1.0172922277124004,5.832459759993501,-0.3035258896134359,0.1,1.4,-0.000517211908193,0.4511460310143915,-0.491517317427028,5.832459759993501,0.1462925851703407,0.0645290581162325,0.2935684250690875,5.7988460028299045,0.9166666666666686,train,0
ascorbic_acid,0.5,7.0,DVP,3,0.045094672943949,0.107999670068766,0.4682128599576998,-0.0346912286313499,0.1,1.4,-5.596977076300047e-05,0.030997712247098,-0.056566175552265,0.4682128599576998,0.0565130260521041,0.1178356713426853,0.0430157552451533,0.459725877611154,0.9090909090909076,train,2
uric_acid,2.0,7.0,DVP,3,0.1055434841739108,0.2951113698605165,1.473146568462909,-0.0894172542685585,0.1,1.4,-0.0001528073163439,0.1086161365111842,-0.1478839432038529,1.473146568462909,0.3539078156312625,0.0869739478957914,0.0998178413398692,1.4581943204548369,0.9374999999999988,train,1
copper,10.0,8.0,DVP,2,0.277940637274085,1.029302339023415,6.231013844257061,-0.3091834499898931,0.1,1.4,-0.0002322011892833,0.6214562098846801,-0.5495295919771097,6.231013844257061,-0.038877755511022,0.0561122244488978,0.2754084239996682,6.207814328577569,1.0,train,4
ascorbic_acid,1.0,8.0,DVP,3,0.0866543855900364,0.211602390497169,0.9144255195360766,-0.0716499032498998,0.1,1.4,-0.000113596975906,0.0578350241464601,-0.1109086057987737,0.9144255195360766,0.0256513026052104,0.1178356713426853,0.0840370906928247,0.8991796985109749,0.7499999999999992,train,2
aluminum,10.0,7.5,DVP,1,0.3303021931908572,0.9011631775107288,4.199522806238655,-0.2901794828437504,0.1,1.4,-3.4952755638349764e-05,0.2919166894406381,-0.3531648247489805,4.199522806238655,-0.3082164328657314,0.0981963927855711,0.3250707552211468,4.166252232088188,0.9444444444444456,train,5
copper,0.2,7.0,DVP,9,0.0114364055041498,0.0362229298080907,0.2221586606943463,-0.0092182003737493,0.1,1.4,4.627621388744161e-05,0.0200231887944614,-0.0175042709804864,0.2221586606943463,-0.0501002004008015,0.0561122244488977,0.0096759192151028,0.2195496823905544,0.999999999999996,train,4
uric_acid,10.0,7.5,DVP,0,0.3300785233930971,0.9598524120897152,4.677139007388526,-0.4050063884473486,0.1,1.4,0.0002040151755753,0.3024268644711341,-0.330682214171449,4.677139007388526,0.3258517034068136,0.0869739478957916,0.3224987840184931,4.639052015478716,0.8235294117647053,train,1
glucose,0.1,8.0,DVP,8,0.0091583927742337,0.0147745512589467,0.06317837507946,-0.0025862110648422,0.1,1.4,2.2646640974384456e-06,0.0048226653428676,-0.0039795923912162,0.06317837507946,0.4633266533066132,0.1318637274549099,0.0061711881323014,0.0596140744343289,0.8800000000000027,train,3
dopamine,5.0,7.5,DVP,3,0.1938020015759258,0.6451703353532114,3.705170655103001,-0.1905026573394876,0.1,1.4,-0.000327031260398,0.273437644833614,-0.3121770464322911,3.705170655103001,0.1771543086172344,0.0645290581162324,0.1864452037797381,3.6826105452850095,0.769230769230771,train,0
ascorbic_acid,5.0,6.0,DVP,2,0.3060341181142255,0.7843358937724987,3.4382752068960296,-0.2283946656589479,0.1,1.4,-0.0001781022215523,0.2910769513287309,-0.2054579010481871,3.4382752068960296,0.0985971943887775,0.1094188376753507,0.2991517039346678,3.405298250833742,0.9499999999999992,train,2
copper,10.0,7.5,DVP,6,0.2830075001726485,1.0286568954868631,6.139410103535615,-0.3219833881479751,0.1,1.4,-0.0006594879094365,0.5879843997352476,-0.4940901660293724,6.139410103535615,-0.0444889779559117,0.0589178356713426,0.2824652199051868,6.105769838596879,0.9090909090909112,train,4
uric_acid,0.5,7.0,DVP,1,0.030057780885904,0.0820542080191507,0.4098184592943605,-0.0229953299602277,0.1,1.4,7.665568752321765e-07,0.0271851897977063,-0.0272104679777078,0.4098184592943605,0.3454909819639279,0.0897795591182363,0.0282799401856629,0.4055601245971555,0.600000000000002,train,1
copper,1.0,7.0,DVP,9,0.0482372170380823,0.1699682551619875,1.037782037928814,-0.0478777517808959,0.1,1.4,0.0002013653325756,0.0940188805054013,-0.0822195298413213,1.037782037928814,-0.0501002004008015,0.0561122244488977,0.0454446969181901,1.031378686631819,0.999999999999996,train,4
glucose,10.0,6.0,DVP,1,0.360986010487449,0.8145440987649368,3.1564065275247457,-0.2527081127493947,0.1,1.4,4.5661461814304695e-05,0.2390737216456246,-0.2218034350824074,3.1564065275247457,0.5194388777555111,0.1486973947895791,0.3709215463641808,3.120271371704628,0.9629629629629608,train,3
copper,1.0,6.0,DVP,0,0.0471623064010007,0.1672805887838881,1.029734636708893,-0.0716348096486385,0.1,1.4,4.023123277948837e-05,0.083953059206048,-0.081344176129529,1.029734636708893,-0.0613226452905811,0.0533066132264529,0.0433103957300797,1.0235241400637618,0.8999999999999985,train,4
ascorbic_acid,0.5,8.0,DVP,1,0.044817243362752,0.1097570117542295,0.4817654272698683,-0.0326547259435113,0.1,1.4,-5.272079750280879e-07,0.0381757807264674,-0.0328122438949184,0.4817654272698683,0.0200400801603206,0.1178356713426853,0.0439497196490273,0.4753798864237272,0.9090909090909076,train,2
ascorbic_acid,2.0,7.5,DVP,2,0.1532657887647515,0.3935849461310589,1.7392383075630198,-0.1128790069860502,0.1,1.4,-8.667885369583383e-05,0.140604911578497,-0.0968098875884661,1.7392383075630198,0.0480961923847695,0.1094188376753507,0.1504441537577409,1.7225146746012063,0.6956521739130422,train,2
glucose,1.0,7.5,DVP,1,0.0634549998224479,0.1381374419879995,0.5570943108307713,-0.0414428589845521,0.1,1.4,4.105331047669844e-06,0.0400785286717638,-0.0397488237877383,0.5570943108307713,0.4689378757515029,0.1402805611222444,0.0608006463642204,0.5487884195040269,0.7857142857142849,train,3
ascorbic_acid,10.0,7.5,DVP,0,0.4932144475349415,1.2636942265325584,5.645185351581159,-0.5552615423811165,0.1,1.4,0.0002777241839213,0.4113576352452455,-0.424663867596756,5.645185351581159,0.0312625250501001,0.1122244488977955,0.49056642086232,5.58318583534854,0.7391304347826093,train,2
ascorbic_acid,0.2,6.0,DVP,0,0.0188869102511968,0.0434074456125091,0.2019536084584295,-0.0167209246370915,0.1,1.4,1.3537986443943273e-05,0.0163797315252962,-0.013875001871413,0.2019536084584295,0.0929859719438878,0.1066132264529058,0.0162397203999691,0.1977343081232865,0.8095238095238101,train,2
dopamine,0.2,6.5,DVP,4,0.0121235476950964,0.0345180057219373,0.2001989128769812,-0.0097238358457196,0.1,1.4,2.714148714029844e-06,0.0158185904610434,-0.0140527928139578,0.2001989128769812,0.2248496993987976,0.0645290581162324,0.0099693761368085,0.1973321413910734,0.769230769230771,train,0
glucose,1.0,7.5,DVP,4,0.0640853507419531,0.1353464550155937,0.5361640910853374,-0.0445109301203429,0.1,1.4,4.185516427736777e-06,0.0414705077515919,-0.0389957356343573,0.5361640910853374,0.4745490981963928,0.1486973947895791,0.0613983235710747,0.5235719487898894,0.8275862068965527,train,3
dopamine,10.0,6.0,DVP,7,0.2706510146649381,0.9649177468293344,5.591651770457889,-0.3289511642930843,0.1,1.4,-0.0004009769216313,0.425447918351127,-0.3962273805007685,5.591651770457889,0.2557114228456913,0.0617234468937875,0.270982907689546,5.584842985932715,1.0,train,0
dopamine,5.0,7.5,DVP,9,0.190420420490433,0.6422335726657918,3.710606596241968,-0.1909093983625351,0.1,1.4,0.000703970753342,0.2736258489695409,-0.3357980108170044,3.710606596241968,0.1687374749498997,0.0645290581162324,0.185014499519344,3.690120183774,0.7692307692307657,train,0
copper,1.0,6.0,DVP,5,0.0476958711418291,0.1684904112804797,1.0188162835206875,-0.0501163909959494,0.1,1.4,-4.81946433508932e-05,0.1075805644541575,-0.1036248818968593,1.0188162835206875,-0.0585170340681362,0.0561122244488978,0.0449066415521271,1.0126536013629113,1.0,train,4
glucose,2.0,7.5,DVP,1,0.1160042903377997,0.2573574229412718,1.035517694391183,-0.0786596746943642,0.1,1.4,4.186584794719825e-06,0.0744936261982673,-0.073932196761288,1.035517694391183,0.4689378757515029,0.1402805611222444,0.1133099679824653,1.022512322019099,0.7857142857142849,train,3
glucose,0.1,6.0,DVP,4,0.0089678968021167,0.0141624035407861,0.0606092829000452,-0.0021399876650551,0.1,1.4,4.7626339094131615e-06,0.0044596823347735,-0.0042451081919041,0.0606092829000452,0.4997995991983969,0.1318637274549097,0.0059330546115114,0.0569080983625451,0.5666666666666679,train,3
aluminum,2.0,7.0,DVP,1,0.1031341504469392,0.278673106876279,1.2928002630516968,-0.089182058383518,0.1,1.4,-8.031464228402869e-06,0.0945392800997662,-0.1064657420753319,1.2928002630516968,-0.3166332665330661,0.1066132264529057,0.1056949650918275,1.2812266202883444,0.8999999999999994,train,5
ascorbic_acid,1.0,8.0,DVP,2,0.0840381480044626,0.2138468662514763,0.9695484336230848,-0.060495629664541,0.1,1.4,-4.522250782850856e-05,0.0720328325860071,-0.0580838328846852,0.9695484336230848,0.0172344689378757,0.1066132264529058,0.0802972087504577,0.959364266461572,1.0,train,2
glucose,2.0,7.0,DVP,8,0.1167345696234521,0.2564907917832003,1.0454835158514706,-0.0900435311644249,0.1,1.4,-1.892679232300637e-05,0.075869721022225,-0.0702529150813844,1.0454835158514706,0.4745490981963928,0.1374749498997995,0.1107063215194006,1.0279108802125998,0.6333333333333315,train,3
aluminum,0.1,7.0,DVP,2,0.0073117494747004,0.0162289396981711,0.0762687384881969,-0.004229488467559,0.1,1.4,3.768212936629614e-08,0.0051790474434004,-0.0043912947923392,0.0762687384881969,-0.3054108216432865,0.101002004008016,0.0059221343889222,0.07427603477524,0.7142857142857135,train,5
uric_acid,0.2,6.0,DVP,3,0.0136106576773218,0.0329800641221844,0.1663372554481329,-0.008700359502488,0.1,1.4,-1.3689116196784723e-05,0.0127918002768043,-0.016695574545166,0.1663372554481329,0.3931863727454909,0.0897795591182364,0.0113332128028446,0.1629693311467366,0.6000000000000008,train,1
ascorbic_acid,10.0,8.0,DVP,1,0.4967994146739432,1.2674316944194832,5.542982934042172,-0.3903581494374298,0.1,1.4,-4.843743098329378e-05,0.4402419491848071,-0.3780238000944721,5.542982934042172,0.0200400801603206,0.1178356713426853,0.507499728619037,5.48962098631779,0.9090909090909076,train,2
uric_acid,0.5,7.0,DVP,3,0.030874001227854,0.0821643907065086,0.4118651169063296,-0.0238594313105042,0.1,1.4,-3.981630364275573e-05,0.0303115775578112,-0.0413334636343965,0.4118651169063296,0.3539078156312625,0.0869739478957914,0.0277893743235709,0.4061285283963496,0.9374999999999988,train,1
aluminum,5.0,8.0,DVP,1,0.2137149132270996,0.5816137476149834,2.724307305072442,-0.1869786814966515,0.1,1.4,-2.1130159783190188e-05,0.176896858344054,-0.2311843575941168,2.724307305072442,-0.3082164328657314,0.0953907815631262,0.2054215676744135,2.702674304545321,0.8888888888888882,train,5
uric_acid,0.1,7.5,DVP,8,0.0079349561163997,0.0169356782033047,0.0866603918200989,-0.0034721484555639,0.1,1.4,1.636004444072546e-06,0.0069480343809518,-0.0050289494837876,0.0866603918200989,0.3230460921843687,0.0841683366733467,0.0055772724197937,0.0837069321861757,0.764705882352942,train,1
glucose,0.1,7.0,DVP,8,0.0090738238470315,0.0146310770985824,0.0622176275804168,-0.0025264409232129,0.1,1.4,2.638651002931208e-06,0.0044644217399691,-0.0041269385998044,0.0622176275804168,0.4745490981963928,0.1374749498997995,0.0062961913339574,0.0586927722380272,0.6333333333333315,train,3
aluminum,5.0,6.0,DVP,2,0.2091392956595979,0.5742253359850535,2.597645900426029,-0.1819918971969363,0.1,1.4,-0.0001352138921209,0.1998372948034737,-0.179586720028505,2.597645900426029,-0.3334669338677354,0.1038076152304609,0.2125134832216027,2.5701349690301902,0.7619047619047625,train,5
ascorbic_acid,5.0,7.0,DVP,8,0.3183598018046619,0.8044081931135757,3.5963858901192918,-0.2828226546778488,0.1,1.4,-0.000110916975319,0.2768094166471724,-0.1939842054155391,3.5963858901192918,0.0452905811623246,0.1122244488977955,0.312196477732702,3.560708352678021,0.600000000000001,train,2
ascorbic_acid,5.0,7.5,DVP,8,0.3215235395309382,0.812115766053385,3.609371672833519,-0.277869034529488,0.1,1.4,-0.0001120745733966,0.2976798017165705,-0.212483833890954,3.609371672833519,0.0256513026052104,0.1178356713426853,0.3255767995613878,3.573016754503963,0.6153846153846151,train,2
ascorbic_acid,10.0,7.0,DVP,0,0.4883511112214344,1.2500810494205632,5.617403056072223,-0.549701093028786,0.1,1.4,0.0002749964528603,0.4766955852430481,-0.4275961779009563,5.617403056072223,0.0537074148296593,0.1178356713426853,0.4994692223528293,5.55852050647334,0.8260869565217396,train,2
ascorbic_acid,5.0,7.0,DVP,4,0.3174396131318875,0.813413391030293,3.569286984695756,-0.2852455189784115,0.1,1.4,-2.85841248336558e-05,0.2247638861503456,-0.2221537257338305,3.569286984695756,0.0537074148296593,0.1150300601202404,0.3210312365198047,3.538359268148324,0.8636363636363648,train,2
aluminum,10.0,7.5,DVP,2,0.328404051747752,0.9047438215712856,4.2986455953524905,-0.2871039927721432,0.1,1.4,-0.0002151004408432,0.2869893549401913,-0.2401511362257016,4.2986455953524905,-0.3054108216432865,0.0981963927855711,0.3246282090264863,4.26221907886217,0.8421052631578941,train,5
copper,0.2,7.5,DVP,2,0.0112446297571601,0.0364084104841194,0.2256047713653789,-0.0098269454050162,0.1,1.4,-4.3729026811355015e-06,0.0227110361777901,-0.021225983981866,0.2256047713653789,-0.0444889779559117,0.0533066132264528,0.0094106217745947,0.2234572735147313,0.900000000000002,train,4
aluminum,0.2,7.5,DVP,8,0.0133395735064474,0.0319982812629847,0.1487019625541215,-0.0087064290153982,0.1,1.4,-8.275534788698066e-07,0.0101548417419516,-0.0094345617798003,0.1487019625541215,-0.2997995991983967,0.101002004008016,0.0116307687098015,0.1456143510503221,0.7142857142857142,train,5
aluminum,2.0,6.5,DVP,2,0.1021424734140213,0.2784744215336269,1.238255266874717,-0.0876497589453024,0.1,1.4,-6.351265020181632e-05,0.0911744597010691,-0.0815006707733752,1.238255266874717,-0.3250501002004007,0.1066132264529058,0.1050440435150397,1.2257384853316486,0.8095238095238101,train,5
uric_acid,0.1,6.5,DVP,5,0.0078057750347923,0.0165538858911807,0.0822832071740118,-0.0026887248859588,0.1,1.4,-1.1150548329847183e-06,0.0071419338157686,-0.0052968251220747,0.0822832071740118,0.3819639278557114,0.0897795591182365,0.0057018348275575,0.0794904402287355,0.882352941176471,train,1
uric_acid,0.5,7.5,DVP,4,0.0306682421764166,0.0829964206194533,0.4152284954085798,-0.0244662611577343,0.1,1.4,7.824815356752141e-07,0.0326896887276274,-0.0253516736056627,0.4152284954085798,0.3286573146292585,0.0869739478957916,0.0280439875418567,0.4101488853425077,0.9375000000000014,train,1
ascorbic_acid,5.0,6.0,DVP,3,0.3157083176599666,0.792166087388165,3.604128692622401,-0.2507874825530009,0.1,1.4,-0.0004309340941865,0.2154954364472019,-0.410157375055628,3.604128692622401,0.0929859719438878,0.1094188376753506,0.3010404689874363,3.5530178701740347,0.772727272727274,train,2
dopamine,1.0,6.5,DVP,9,0.0496437279687618,0.161340495776873,0.9430682180043296,-0.048645079386555,0.1,1.4,0.0001814062169782,0.0905892863440185,-0.0729495774554944,0.9430682180043296,0.2276553106212424,0.0645290581162324,0.046537863532737,0.9354350405871276,0.9166666666666652,train,0
dopamine,1.0,6.0,DVP,8,0.0491865960344898,0.1576809456254947,0.919086463900592,-0.0510048587005723,0.1,1.4,-1.740771646385035e-05,0.0732144543657975,-0.0644885794863873,0.919086463900592,0.2557114228456913,0.0617234468937875,0.0442663962997997,0.9115752476175724,1.0,train,0
ascorbic_acid,0.1,8.0,DVP,8,0.0109643300179155,0.0228784416024824,0.1025190758494333,-0.0050903119088883,0.1,1.4,7.031833496601164e-07,0.0079852111793729,-0.0064700540762418,0.1025190758494333,0.0060120240480961,0.1206412825651302,0.009246414410938,0.0993649252458032,0.6538461538461542,train,2
copper,1.0,6.5,DVP,3,0.0489515915993993,0.1688412805579437,1.0020612121806334,-0.0572797779647968,0.1,1.4,-8.878691281754224e-05,0.0863206463404102,-0.0881992048375912,1.0020612121806334,-0.0557114228456914,0.0561122244488977,0.0450596492108267,0.9937838436450716,0.999999999999996,train,4
dopamine,0.1,7.5,DVP,2,0.0071215582235959,0.0176552049417552,0.1036308986388412,-0.0036358663602596,0.1,1.4,1.1595099983618963e-07,0.0071489094108503,-0.0087765299439997,0.1036308986388412,0.1743486973947895,0.0617234468937876,0.0049428902748181,0.1011499024543071,0.9999999999999964,train,0
dopamine,2.0,8.0,DVP,2,0.09213764179369,0.3105207239552766,1.7552986938247952,-0.0839099372491503,0.1,1.4,-6.375263290548556e-05,0.1605161722924458,-0.1385229557160134,1.7552986938247952,0.1462925851703407,0.0645290581162325,0.0897487551818825,1.744371261743782,0.9166666666666686,train,0
glucose,10.0,8.0,DVP,1,0.3705592414301447,0.8346355692509697,3.3112912744965897,-0.2588869416517456,0.1,1.4,-4.34934384285035e-06,0.2411532087277364,-0.2344472108239385,3.3112912744965897,0.4689378757515029,0.1374749498997995,0.3616729532318366,3.271173442517312,0.884615384615387,train,3
glucose,1.0,7.5,DVP,6,0.064065575855806,0.1375726340095094,0.5742674608999373,-0.0392799848438434,0.1,1.4,-8.210647241407024e-05,0.0377693532687871,-0.0422935594368928,0.5742674608999373,0.4829659318637275,0.1430861723446894,0.0611314180480114,0.5629175752839466,0.9615384615384596,train,3
uric_acid,1.0,8.0,DVP,2,0.0566996059828692,0.1614450795588489,0.8111601510128763,-0.0419392054505003,0.1,1.4,-3.190595916667588e-05,0.0531701015734492,-0.051940608158898,0.8111601510128763,0.2949899799599198,0.0869739478957916,0.0542863189203423,0.8042610119944547,0.6315789473684211,train,1
uric_acid,0.1,6.5,DVP,2,0.0077036963067523,0.016791453650181,0.0859339730400296,-0.003504304878066,0.1,1.4,2.259395635912202e-07,0.0061772349951301,-0.0055417578213109,0.0859339730400296,0.3763527054108216,0.0869739478957916,0.0056620077151383,0.0832459284225441,0.8235294117647053,train,1
uric_acid,0.5,6.0,DVP,1,0.0295528016211181,0.0809632316325212,0.3994763279385286,-0.0225525300288274,0.1,1.4,8.259636372214691e-07,0.0263399276735965,-0.0275667125694811,0.3994763279385286,0.3987975951903807,0.0869739478957914,0.0273904808948058,0.3953949280672378,0.7222222222222218,train,1
copper,0.5,7.0,DVP,5,0.0257286517232829,0.0883038094553333,0.5451888143178417,-0.0259137304599961,0.1,1.4,-2.3455105603374632e-05,0.0478394957901208,-0.0434779751215048,0.5451888143178417,-0.0529058116232464,0.0561122244488978,0.023565785438836,0.5412980878158706,0.6666666666666677,train,4
dopamine,1.0,7.0,DVP,2,0.0492252113050784,0.1636230109174948,0.9211694166119468,-0.0432020292541252,0.1,1.4,-3.153631274603708e-05,0.0718071106719591,-0.0741180402979704,0.9211694166119468,0.1995991983967936,0.0645290581162325,0.0471739975208774,0.9151630036552884,0.9166666666666686,train,0
dopamine,0.1,6.0,DVP,4,0.0070374147817279,0.0170124872917202,0.1005118273901268,-0.0033571651338458,0.1,1.4,3.371885021725268e-06,0.0076340895094817,-0.0068022980053566,0.1005118273901268,0.2529058116232465,0.0617234468937875,0.004760870681978,0.0979570911171301,0.8333333333333366,train,0
aluminum,5.0,8.0,DVP,9,0.2165522038466753,0.5885047913739803,2.7671803767883976,-0.2023574163164122,0.1,1.4,0.0007181650622755,0.1732346112876026,-0.1869631537091867,2.7671803767883976,-0.3054108216432865,0.0981963927855711,0.2103824436721693,2.733091724448472,0.9444444444444456,train,5
dopamine,0.2,6.0,DVP,3,0.0121818668610228,0.0336317062442829,0.1921557722456918,-0.0086984508094527,0.1,1.4,-1.3685867320575952e-05,0.0161627226595495,-0.0166924723653026,0.1921557722456918,0.2613226452905811,0.0673346693386773,0.0099526125556261,0.1887951373328953,0.7142857142857151,train,0
dopamine,0.5,6.0,DVP,1,0.0260632438337266,0.0829264324592904,0.480421931360785,-0.0225602400853732,0.1,1.4,8.2483127551446e-07,0.0429616685102653,-0.0365028354751619,0.480421931360785,0.2585170340681363,0.0617234468937875,0.0233262767723673,0.4764644400063884,0.8333333333333306,train,0
aluminum,0.1,6.0,DVP,3,0.0074757616592826,0.0160574944134476,0.0761615130892793,-0.0049791598944979,0.1,1.4,-5.430519646019018e-06,0.0055164725331197,-0.0089076829548943,0.0761615130892793,-0.3278557114228457,0.1038076152304609,0.0059505317174445,0.0738120403840231,0.9473684210526316,train,5
copper,0.5,7.5,DVP,1,0.0254790520436123,0.0884368353853471,0.539204778055713,-0.0262373060396233,0.1,1.4,3.993001556461401e-07,0.0472632890589681,-0.0465719094059524,0.539204778055713,-0.0444889779559117,0.0561122244488977,0.0237034930233509,0.5354340964685959,0.999999999999996,train,4
dopamine,0.5,8.0,DVP,5,0.0276413554299355,0.0875077554039234,0.5059554496059244,-0.0235935633673828,0.1,1.4,-2.1595632526357323e-05,0.0367026858257751,-0.0380534893932377,0.5059554496059244,0.1462925851703407,0.0645290581162325,0.0253143371816753,0.5013575092658101,0.9166666666666686,train,0
copper,1.0,6.5,DVP,5,0.0479292433198938,0.1692127478837921,1.0481474148965266,-0.0504380226435386,0.1,1.4,-4.8523409615019735e-05,0.102267141547595,-0.0972767507383703,1.0481474148965266,-0.0529058116232464,0.0589178356713426,0.0464929741824383,1.0419722891597407,0.9090909090909112,train,4
uric_acid,0.2,6.5,DVP,1,0.0133841552144388,0.0332669035633699,0.1657130045011252,-0.0085538742252092,0.1,1.4,2.700825568730985e-06,0.0112697894972495,-0.0102947596099223,0.1657130045011252,0.3791583166332665,0.0925851703406813,0.0116768863291623,0.1627160811895118,0.9411764705882344,train,1
glucose,1.0,7.5,DVP,8,0.0642468415540875,0.1384572877690744,0.5695667679861971,-0.047341339383406,0.1,1.4,-1.0263693048122997e-05,0.0431569478037748,-0.0373498369558681,0.5695667679861971,0.4745490981963928,0.1430861723446894,0.0613101168766556,0.5586227536077928,0.8214285714285726,train,3
ascorbic_acid,0.2,8.0,DVP,6,0.0197279743532797,0.0453812594082004,0.2046373109284034,-0.0128361102354341,0.1,1.4,-2.576953190408654e-05,0.0143663939371197,-0.0122051682589757,0.2046373109284034,0.0116232464929859,0.1122244488977955,0.0175006821101944,0.2003373698096552,0.818181818181817,train,2
dopamine,10.0,7.0,DVP,3,0.296678188758438,0.9858360856275707,5.705110469883777,-0.293678429302207,0.1,1.4,-0.0005048580194086,0.4980789905204892,-0.487643460031425,5.705110469883777,0.2024048096192384,0.0617234468937876,0.2775325659833192,5.6691539585985815,0.9999999999999964,train,0
ascorbic_acid,0.1,6.5,DVP,4,0.0106747849225852,0.0224261423848513,0.0995588528323754,-0.0065566728928384,0.1,1.4,3.1172282985813813e-06,0.0060214388753722,-0.0062415726922366,0.0995588528323754,0.0733466933867735,0.1206412825651302,0.0090801617551514,0.096726396576981,0.8695652173913055,train,2
copper,2.0,8.0,DVP,2,0.0872906196307432,0.3195079368388622,1.9350753960417664,-0.0951742326193029,0.1,1.4,-6.933068144569165e-05,0.192897459496487,-0.1705854443632506,1.9350753960417664,-0.038877755511022,0.0561122244488978,0.0854908028986022,1.9269186493955583,1.0,train,4
aluminum,2.0,7.5,DVP,5,0.1047764014700836,0.2788051452173291,1.3168998816003858,-0.0890780491398001,0.1,1.4,-8.802057123766877e-05,0.0845502879615278,-0.0753170293481237,1.3168998816003858,-0.3054108216432865,0.0981963927855711,0.1000863522482796,1.3010561152402036,0.8421052631578941,train,5
aluminum,1.0,8.0,DVP,8,0.0574091672222171,0.1505511947014146,0.7143992613456256,-0.0463607753112588,0.1,1.4,-1.868672961806769e-05,0.0456672327441092,-0.0422234037257147,0.7143992613456256,-0.2997995991983967,0.101002004008016,0.0548690698267647,0.7059066350996891,0.8947368421052625,train,5
copper,10.0,7.5,DVP,0,0.2796245860193363,1.0189847154150358,6.158317468180778,-0.4473048747637287,0.1,1.4,0.0002245197390477,0.6387220913874094,-0.4778916063044272,6.158317468180778,-0.0416833667334669,0.0561122244488977,0.271476320223411,6.127567124309348,0.8181818181818185,train,4
dopamine,10.0,7.0,DVP,2,0.2853598315579249,0.9821889960665644,5.51854234939027,-0.2675132311942701,0.1,1.4,-0.0002090566528338,0.4307823049084844,-0.4445009230192325,5.51854234939027,0.1995991983967936,0.0645290581162325,0.2830900153793677,5.491735606343714,0.9166666666666686,train,0
copper,0.2,7.5,DVP,7,0.0109361147714519,0.0366892424081395,0.223877209742837,-0.0094440024255788,0.1,1.4,-1.2354432701362065e-05,0.0212729765861711,-0.0218069477253662,0.223877209742837,-0.0416833667334669,0.0561122244488977,0.00983164816784,0.2222478413126361,0.8181818181818185,train,4
uric_acid,1.0,6.0,DVP,2,0.0547655244646447,0.1563725685766374,0.7706192752747641,-0.0438777385843509,0.1,1.4,-3.062516670956417e-05,0.0564570430580823,-0.0559594206546216,0.7706192752747641,0.3987975951903807,0.0841683366733466,0.0515949857973366,0.7635797755749758,0.7647058823529397,train,1
uric_acid,5.0,7.0,DVP,1,0.2104367539292295,0.610685945127434,3.034651416423268,-0.1792118456991161,0.1,1.4,-2.015682736877589e-05,0.201790412417171,-0.2018659653602325,3.034651416423268,0.3454909819639279,0.0897795591182363,0.2104258035772239,3.016244451018915,0.600000000000002,train,1
copper,2.0,6.5,DVP,5,0.0879544125125895,0.314985694741378,1.950013465945864,-0.0946783841566897,0.1,1.4,-9.374513604433554e-05,0.1903824350005508,-0.1810754771863191,1.950013465945864,-0.0529058116232464,0.0589178356713426,0.0865612846973493,1.9399671965340943,0.9090909090909112,train,4
copper,0.2,8.0,DVP,8,0.0115712723877149,0.0366445921752403,0.227363351579458,-0.0099543974187592,0.1,1.4,-1.1855561960670696e-06,0.0189891456038265,-0.0185899675429782,0.227363351579458,-0.038877755511022,0.0561122244488978,0.0098096465836172,0.224863817805462,1.0,train,4
glucose,0.5,8.0,DVP,8,0.0347643927076861,0.0722114765362193,0.2978610476326899,-0.0233835321340215,0.1,1.4,-4.244453846438762e-06,0.0229767353472179,-0.0189490649316885,0.2978610476326899,0.4633266533066132,0.1318637274549099,0.0302233282156734,0.2908594538305912,0.8800000000000027,train,3
ascorbic_acid,1.0,7.5,DVP,7,0.0814439599983253,0.2099217802480521,0.9199744765469268,-0.0644381400553803,0.1,1.4,-9.104440291074068e-05,0.0599379407564324,-0.0669355620103311,0.9199744765469268,0.0312625250501001,0.1122244488977955,0.0815590711903176,0.9132265198355513,0.818181818181817,train,2
aluminum,0.5,6.0,DVP,0,0.0296939614473301,0.0774255527076719,0.360330557987331,-0.0338179853590378,0.1,1.4,2.1679831594621903e-05,0.0234425376221506,-0.0234556828443339,0.360330557987331,-0.3334669338677354,0.1038076152304608,0.0286786492185966,0.3560204948781861,0.8499999999999994,train,5
glucose,5.0,7.0,DVP,3,0.2416458894356297,0.531113014737746,2.119796863600728,-0.1707885772679363,0.1,1.4,-0.0002642484297431,0.1901050936045913,-0.2809485926225966,2.119796863600728,0.4829659318637275,0.1430861723446892,0.2355795301204916,2.081491072222651,0.7000000000000011,train,3
aluminum,1.0,6.0,DVP,7,0.0540029108461225,0.1488064636880207,0.6843061308807021,-0.0561279894658131,0.1,1.4,-6.648643245769006e-05,0.0442132624859333,-0.0434457087462848,0.6843061308807021,-0.3334669338677354,0.1038076152304608,0.0553847407793226,0.6793710831838532,0.8499999999999994,train,5
copper,5.0,6.5,DVP,5,0.1805840897871139,0.652346386839126,4.037189184088616,-0.1970632208014107,0.1,1.4,-0.000198401131495,0.3943063998488199,-0.3750096726801428,4.037189184088616,-0.0529058116232464,0.0589178356713426,0.1792988822629198,4.0183211044075495,0.9090909090909112,train,4
glucose,0.2,7.5,DVP,0,0.0154877165746177,0.0291463938151764,0.1181993865557808,-0.0108882823209187,0.1,1.4,1.187488508699501e-05,0.0076274445711945,-0.0094633306272026,0.1181993865557808,0.4633266533066132,0.1458917835671342,0.0130571821032881,0.1138744865524011,0.5757575757575777,train,3
copper,5.0,7.0,DVP,6,0.1815690147214784,0.65886068904439,3.975045499956787,-0.205684594745247,0.1,1.4,-0.0004205430649364,0.4059741084925029,-0.3360586923315771,3.975045499956787,-0.0529058116232464,0.0561122244488977,0.1753684952141775,3.954089306969213,0.8181818181818185,train,4
dopamine,0.5,8.0,DVP,0,0.0273795287855126,0.0869975157490955,0.501804242599646,-0.0335548133024738,0.1,1.4,2.1796009866315148e-05,0.0431471163391894,-0.0402033535924244,0.501804242599646,0.1434869739478957,0.0617234468937876,0.0243985390961702,0.4969169944408046,0.8333333333333339,train,0
copper,0.2,6.0,DVP,6,0.011325878291642,0.0361675025949822,0.2223050450283533,-0.0103871600495377,0.1,1.4,-1.928941647402049e-05,0.0209029162976746,-0.0169107011711169,0.2223050450283533,-0.0613226452905811,0.0561122244488978,0.0096479916798371,0.2197211240397521,0.8181818181818156,train,4
uric_acid,0.1,6.5,DVP,9,0.0078130491578007,0.0166425957737908,0.0847020422688648,-0.0035167178756236,0.1,1.4,2.325621859627764e-05,0.0060553007378455,-0.0045917671818954,0.0847020422688648,0.3763527054108216,0.0897795591182365,0.0056996113294854,0.0818351591695979,0.882352941176471,train,1
aluminum,1.0,6.5,DVP,0,0.0560196032600862,0.1495431019378632,0.6842806760746909,-0.0672338862221906,0.1,1.4,3.807231806010581e-05,0.0460483268213892,-0.045239901673267,0.6842806760746909,-0.3166332665330661,0.1038076152304609,0.055538986340699,0.6772257493104284,0.9473684210526316,train,5
dopamine,10.0,8.0,DVP,8,0.2996355762323788,1.004629139675347,5.7298140641206565,-0.3343411853178852,0.1,1.4,-0.0001309248690928,0.4570568395009151,-0.3868945043719802,5.7298140641206565,0.1490981963927855,0.0645290581162325,0.2897778639791202,5.692390994771492,0.9166666666666686,train,0
glucose,2.0,6.5,DVP,4,0.115679905430623,0.249316056167663,1.0293712207909735,-0.0842990290142916,0.1,1.4,1.1994153403655548e-05,0.0778650771745199,-0.0716280378958933,1.0293712207909735,0.4997995991983969,0.1402805611222446,0.1090509993082617,1.0085118640998827,0.7857142857142877,train,3
copper,0.1,7.0,DVP,5,0.0064996001774087,0.0183154259750273,0.1140726062611514,-0.0046477720008401,0.1,1.4,-1.7174135320458736e-06,0.0099137493654459,-0.0090270789620474,0.1140726062611514,-0.0529058116232464,0.0561122244488978,0.004881141013699,0.112086829311805,0.6666666666666677,train,4
uric_acid,0.2,6.0,DVP,5,0.0134154583892553,0.0326889601502875,0.1613986372315221,-0.0072148984333883,0.1,1.4,-6.001513725345804e-06,0.01098384931186,-0.0109501823541726,0.1613986372315221,0.4016032064128255,0.0869739478957914,0.0109792299324498,0.1579196141163498,0.823529411764703,train,1
copper,5.0,8.0,DVP,6,0.18336940458011,0.6639485480399878,3.968659003923457,-0.2075383856168124,0.1,1.4,-0.000424351821318,0.3599474495867114,-0.3236666349240101,3.968659003923457,-0.0416833667334669,0.0589178356713426,0.1828177592698379,3.946353988610488,0.7499999999999992,train,4
copper,2.0,6.5,DVP,2,0.0860156804011305,0.3151329265524984,1.952907696077424,-0.093893362623089,0.1,1.4,-6.827627541245826e-05,0.1633390287536754,-0.1771423686048375,1.952907696077424,-0.0529058116232464,0.0589178356713426,0.0869229724830304,1.9448462400467657,0.9090909090909112,train,4
glucose,0.1,6.5,DVP,6,0.0090103906094944,0.0144537815403868,0.0625118862501591,-0.0029308044359595,0.1,1.4,-4.968130191215996e-06,0.0044384855215287,-0.0039654881503502,0.0625118862501591,0.4829659318637275,0.1402805611222446,0.0062917949853972,0.0589443293230021,0.4705882352941183,train,3
dopamine,10.0,8.0,DVP,4,0.2985552221887377,1.0163333862317288,6.003059134371473,-0.3354561931092636,0.1,1.4,-3.426140150400325e-05,0.4506105628203187,-0.4196889706783913,6.003059134371473,0.1462925851703407,0.0617234468937876,0.2853196654773424,5.979982499146775,0.9999999999999964,train,0
aluminum,5.0,7.5,DVP,1,0.2128722125896139,0.5793709752313557,2.700387040915452,-0.186272216003795,0.1,1.4,-2.10355601233318e-05,0.1876864365679482,-0.2270678266825443,2.700387040915452,-0.3082164328657314,0.0981963927855711,0.2089684682641622,2.6782730772099943,0.9444444444444456,train,5
copper,10.0,6.5,DVP,2,0.2738325789315034,1.0151842599543617,6.288289824979826,-0.3050522217103959,0.1,1.4,-0.0002288006334899,0.5262102293154123,-0.5706551981554133,6.288289824979826,-0.0529058116232464,0.0589178356713426,0.280015435388614,6.26540199717782,0.9090909090909112,train,4
ascorbic_acid,2.0,7.5,DVP,5,0.1556979232968617,0.3942924068478675,1.7450385824798844,-0.1184594883343423,0.1,1.4,-0.0001186294749653,0.123721438082331,-0.0939147587597527,1.7450385824798844,0.0312625250501001,0.1122244488977955,0.1531169511057145,1.726215035302793,0.7391304347826093,train,2
uric_acid,5.0,7.5,DVP,9,0.2150647617039042,0.6197361700441171,3.096685654645178,-0.195749421294849,0.1,1.4,0.0006967575322242,0.2152781958858128,-0.1720356070394679,3.096685654645178,0.3258517034068136,0.0897795591182365,0.2134401208849588,3.0694428415109654,0.7777777777777766,train,1
dopamine,2.0,6.0,DVP,0,0.0885781955177719,0.2969002320819514,1.6879159013062146,-0.1206015428929399,0.1,1.4,6.449760698945359e-05,0.1390281101150592,-0.1302935415199256,1.6879159013062146,0.2529058116232465,0.0645290581162324,0.0857044943934075,1.6777860335200614,0.769230769230771,train,0
aluminum,1.0,7.0,DVP,1,0.0560804983823844,0.149722721878338,0.6951623489949735,-0.0475413078392382,0.1,1.4,-2.454147950029382e-06,0.0508041837424882,-0.0572188345466303,0.6951623489949735,-0.3166332665330661,0.1066132264529057,0.0567917097694913,0.6883629706348846,0.8999999999999994,train,5
copper,10.0,8.0,DVP,0,0.2810110175912331,1.0246323103792436,6.228217721209717,-0.4491626295425089,0.1,1.4,0.0002254310782387,0.646343337199105,-0.4635952036953308,6.228217721209717,-0.0416833667334669,0.0561122244488978,0.2737079752238834,6.197236253484912,0.8181818181818156,train,4
aluminum,1.0,6.0,DVP,4,0.0563427447627566,0.1492459632046233,0.6937722003062402,-0.0548587915635297,0.1,1.4,-2.313475765542413e-06,0.0517280985545994,-0.0443970720565773,0.6937722003062402,-0.3278557114228457,0.101002004008016,0.0545544744585933,0.6860946963733371,0.8947368421052625,train,5
dopamine,1.0,7.0,DVP,8,0.0503966014969748,0.1640966162024164,0.9527882360561174,-0.0523844275193188,0.1,1.4,-1.7960433180515517e-05,0.0743746390932731,-0.0817010162868947,0.9527882360561174,0.1967935871743487,0.0645290581162325,0.047419950250075,0.9448667739271898,0.7692307692307687,train,0
copper,0.1,7.0,DVP,9,0.0065077253879981,0.0183128796757804,0.1129233869575872,-0.0041731275700574,0.1,1.4,2.5505349777419584e-05,0.0101130515117463,-0.0088370488116246,0.1129233869575872,-0.0501002004008015,0.0561122244488977,0.0048841013531844,0.1107984077283666,0.999999999999996,train,4
uric_acid,2.0,6.5,DVP,8,0.1032979979410237,0.2937038480523432,1.473881714826719,-0.0979253732671624,0.1,1.4,-3.620612852744648e-05,0.1120275072921626,-0.0802385236253363,1.473881714826719,0.3735470941883767,0.0841683366733467,0.0971157538744497,1.461256554162626,0.7647058823529379,train,1
copper,5.0,7.0,DVP,7,0.1719227183075553,0.6607645314138297,3.994901398879484,-0.2055235835094916,0.1,1.4,-0.0002894439421913,0.3467935181424901,-0.386088861099142,3.994901398879484,-0.0501002004008015,0.0561122244488977,0.17758944744212,3.9898007315767754,0.999999999999996,train,4
dopamine,10.0,7.5,DVP,4,0.2949388850271162,1.0018254004942542,5.792857523409082,-0.3312387113566384,0.1,1.4,-3.379512766094328e-05,0.5362464591628853,-0.4114176076152205,5.792857523409082,0.1743486973947895,0.0617234468937876,0.281472391222244,5.767193193621518,0.9999999999999964,train,0
ascorbic_acid,10.0,6.5,DVP,3,0.494969745633701,1.239655612676785,5.534910202299619,-0.3955186002485722,0.1,1.4,-0.0006794506358292,0.3899902999182274,-0.6445083694477101,5.534910202299619,0.0789579158316633,0.1094188376753507,0.4715092774908468,5.456324898647385,0.9499999999999992,train,2
aluminum,0.1,8.0,DVP,5,0.0074662286549261,0.0162744361034577,0.0789066682257552,-0.0043491009817808,0.1,1.4,-1.4121172231454058e-06,0.0049807033958346,-0.0042026379365902,0.0789066682257552,-0.3054108216432865,0.0981963927855711,0.0058245026013814,0.0766586271572548,0.8421052631578961,train,5
ascorbic_acid,0.5,6.5,DVP,3,0.0446635990912798,0.1072972491277493,0.4809555911701283,-0.0330483590931228,0.1,1.4,-5.5358691850300514e-05,0.0338037881016058,-0.0559899283942423,0.4809555911701283,0.0789579158316633,0.1094188376753507,0.0408110443007426,0.4723328308497014,0.9499999999999992,train,2
copper,5.0,6.0,DVP,5,0.1796839395668258,0.6495516233868351,3.924163521343138,-0.1958218343415628,0.1,1.4,-0.0001971322078931,0.4148005501112705,-0.3994947900736421,3.924163521343138,-0.0585170340681362,0.0561122244488978,0.1731608864766755,3.904990702044634,1.0,train,4
uric_acid,2.0,7.5,DVP,0,0.1038168577846686,0.2977647448323594,1.452549102173958,-0.1239501449198588,0.1,1.4,6.614032012042173e-05,0.0938683107203129,-0.1026622832093887,1.452549102173958,0.3258517034068136,0.0869739478957916,0.100070419659103,1.4395373729828906,0.8235294117647053,train,1
uric_acid,1.0,8.0,DVP,9,0.0577318570875744,0.1621527379317215,0.8276493468142168,-0.0498223324716103,0.1,1.4,0.000185491490879,0.0574419079327232,-0.0542215251025417,0.8276493468142168,0.3006012024048096,0.0869739478957916,0.0545017538829546,0.8188656938884207,0.8235294117647053,train,1
dopamine,0.2,6.5,DVP,1,0.0119782949610148,0.0343437008739457,0.1974132030281046,-0.0085923246481988,0.1,1.4,2.695671473293403e-06,0.0151542095018136,-0.0131047865197063,0.1974132030281046,0.2276553106212424,0.0645290581162324,0.0099132264953608,0.1944842070671587,0.9166666666666652,train,0
uric_acid,0.5,7.5,DVP,7,0.0294697974814858,0.0834074421605551,0.4206697597937778,-0.02751879179271,0.1,1.4,-3.208640670420475e-05,0.0295737383189994,-0.0278507001465917,0.4206697597937778,0.3230460921843687,0.0897795591182365,0.0287972880807957,0.4178656797371855,0.6842105263157905,train,1
ascorbic_acid,0.2,7.5,DVP,5,0.0195482550949841,0.0450818391355639,0.2012502844759631,-0.0123540790269759,0.1,1.4,-1.0113135121144425e-05,0.0141827962364944,-0.010779635019455,0.2012502844759631,0.0312625250501001,0.1122244488977955,0.0174791303293296,0.1971403324021746,0.7391304347826093,train,2
aluminum,10.0,8.0,DVP,1,0.3316130685766388,0.9046490782467876,4.23673184249558,-0.2912778429484718,0.1,1.4,-3.50998321477643e-05,0.2751326292302012,-0.3595678858938453,4.23673184249558,-0.3082164328657314,0.0953907815631262,0.3195404221171611,4.204081201901846,0.8888888888888882,train,5
uric_acid,0.1,7.5,DVP,9,0.0079186334584556,0.0170532742425662,0.0875043704216501,-0.0036170695396158,0.1,1.4,2.3607806122400748e-05,0.0060159582914663,-0.0048190820595992,0.0875043704216501,0.3258517034068136,0.0869739478957916,0.0057490587454068,0.0845636590012773,0.8235294117647053,train,1
glucose,0.5,6.5,DVP,0,0.0338081474546092,0.0706104832535569,0.2809561534754713,-0.0289570939408894,0.1,1.4,2.4932742006686465e-05,0.018116126231433,-0.0229706649860049,0.2809561534754713,0.494188376753507,0.1458917835671342,0.0316531629867031,0.2746630445007129,0.7333333333333317,train,3
dopamine,1.0,7.5,DVP,1,0.0501278788648736,0.1653130593689158,0.9627473159068828,-0.0464130516108189,0.1,1.4,-2.3699760550832047e-06,0.075549047960356,-0.0682951737382934,0.9627473159068828,0.1659318637274549,0.0617234468937876,0.0465465654519345,0.9564697398965172,0.5714285714285726,train,0
uric_acid,0.2,8.0,DVP,2,0.013627627612806,0.0341932710355639,0.1737001658366618,-0.0081546169183929,0.1,1.4,-3.661762062537877e-06,0.0113284256332841,-0.0110826356068527,0.1737001658366618,0.2949899799599198,0.0869739478957916,0.0114938932579028,0.1705103864534,0.6315789473684211,train,1
ascorbic_acid,0.1,8.0,DVP,2,0.0107869719936995,0.0229927839791377,0.1060063243644701,-0.0053921485063517,0.1,1.4,-1.3523154870145397e-06,0.0077981942011784,-0.0062991110963529,0.1060063243644701,0.0172344689378757,0.1066132264529058,0.0086387676766632,0.1032436460193582,1.0,train,2
dopamine,0.2,7.5,DVP,9,0.0123855422969243,0.0353389331976648,0.2062771516052947,-0.0082647228147871,0.1,1.4,4.29386297875206e-05,0.0150890350190127,-0.0185699378369261,0.2062771516052947,0.1687374749498997,0.0617234468937875,0.0098900865663417,0.2029884638831795,0.8333333333333306,train,0
dopamine,5.0,6.0,DVP,3,0.1867002418678872,0.6122656920254262,3.4589367466018186,-0.1835030103575828,0.1,1.4,-0.0003149671438585,0.2925032237833233,-0.3008005896024777,3.4589367466018186,0.2613226452905811,0.0673346693386773,0.18115478718489,3.4337043539397087,0.7142857142857151,train,0
ascorbic_acid,10.0,7.5,DVP,6,0.497413674870516,1.2634527598190552,5.464726905709475,-0.3875724483595428,0.1,1.4,-0.0008195986904228,0.4099421416495363,-0.3716964841565162,5.464726905709475,0.0396793587174348,0.1206412825651302,0.5138150599794695,5.403956078517555,0.9545454545454538,train,2
dopamine,2.0,8.0,DVP,5,0.0939550878479058,0.3139213056307991,1.8095468911195185,-0.0881904144926353,0.1,1.4,-8.762817506377907e-05,0.1316149303911776,-0.1363631932799679,1.8095468911195185,0.1462925851703407,0.0645290581162325,0.0908275242599955,1.7985809427842343,0.9166666666666686,train,0
copper,1.0,7.0,DVP,1,0.0474532041108058,0.1693644004702154,1.042483476690382,-0.0510199992916674,0.1,1.4,-2.9200540424582645e-06,0.0879817135038559,-0.0861065157446873,1.042483476690382,-0.0501002004008015,0.0561122244488977,0.0452886330737368,1.0368926656003377,0.999999999999996,train,4
ascorbic_acid,0.5,7.5,DVP,2,0.0441776532267013,0.1097961744078306,0.4866540250662764,-0.0303266499587706,0.1,1.4,-2.134672246987096e-05,0.0392703797295655,-0.0270446168134212,0.4866540250662764,0.0480961923847695,0.1094188376753507,0.0419394951063784,0.4803123305707697,0.6956521739130422,train,2
ascorbic_acid,5.0,6.5,DVP,4,0.3142851596710188,0.806226551290069,3.5096482199951358,-0.2819444421826595,0.1,1.4,-2.825416982615536e-05,0.2152321656739891,-0.219939346302805,3.5096482199951358,0.0733466933867735,0.1206412825651302,0.3267081856763743,3.4790699724730776,0.8695652173913055,train,2
aluminum,1.0,7.0,DVP,2,0.0557646435739677,0.1502611628804163,0.6950950315875243,-0.0467536884746442,0.1,1.4,-3.243110925804723e-05,0.0478440360898793,-0.0406533630550225,0.6950950315875243,-0.3054108216432865,0.101002004008016,0.0548363881040309,0.687668742056716,0.7142857142857135,train,5
glucose,10.0,8.0,DVP,0,0.3714103515227902,0.8319470996412568,3.3077235816589843,-0.3592128527006988,0.1,1.4,0.0002145766841179,0.2117610966834548,-0.2586021547164442,3.3077235816589843,0.4633266533066132,0.1430861723446894,0.3686504731703146,3.258046587533053,0.8888888888888886,train,3
dopamine,2.0,7.5,DVP,9,0.092961672513814,0.3100098074196375,1.7922883226693065,-0.0909271837307937,0.1,1.4,0.0003421126512238,0.1320992309880019,-0.1621429881080826,1.7922883226693065,0.1687374749498997,0.0645290581162324,0.0893075850558215,1.781322733512011,0.7692307692307657,train,0
glucose,10.0,6.0,DVP,2,0.3593257081399942,0.8111716376621575,3.2669394453140383,-0.2499757721370674,0.1,1.4,-0.0001119135311983,0.1958124040972784,-0.2091492130803932,3.2669394453140383,0.4997995991983969,0.1430861723446894,0.3592730011157066,3.218748518208151,0.5937500000000017,train,3
copper,0.2,8.0,DVP,5,0.0115196119329254,0.0365681735283662,0.2261012940810838,-0.0101871624583109,0.1,1.4,-7.379681906106161e-06,0.0186943225375166,-0.0179552228713735,0.2261012940810838,-0.0416833667334669,0.0561122244488978,0.0097652849558469,0.2236119646108835,0.8181818181818156,train,4
aluminum,10.0,7.5,DVP,8,0.3356206534630558,0.8989921300624283,4.142145823149304,-0.2854161627163828,0.1,1.4,-0.0001314633091368,0.284275578761557,-0.2641877774856105,4.142145823149304,-0.2997995991983967,0.101002004008016,0.3276592962445294,4.099976220275208,0.7142857142857142,train,5
glucose,0.5,7.5,DVP,0,0.034222362783686,0.0714113222761317,0.2856624814621545,-0.0292763541993765,0.1,1.4,2.301693270410485e-05,0.0185237871883827,-0.0229477424492625,0.2856624814621545,0.4633266533066132,0.1458917835671342,0.0320005015641468,0.278851391218899,0.5757575757575777,train,3
copper,0.2,6.5,DVP,4,0.0113805652557069,0.035968555178697,0.2176103678604317,-0.0118611728773592,0.1,1.4,2.573277402428069e-06,0.0241848855701746,-0.0197896565767495,0.2176103678604317,-0.0501002004008015,0.0589178356713426,0.009918418920974,0.2154365453492541,0.7499999999999992,train,4
dopamine,2.0,7.0,DVP,9,0.0918388095215102,0.3041538236921803,1.752368212612627,-0.0911396666645523,0.1,1.4,0.0003381609125723,0.1391176641115974,-0.1277779020329882,1.752368212612627,0.1995991983967936,0.0617234468937876,0.0851562613653794,1.7412734168061252,0.8333333333333339,train,0
ascorbic_acid,2.0,6.5,DVP,1,0.1510409100027982,0.3812387163988346,1.6890851085514842,-0.1166877230908914,0.1,1.4,-1.1782452876120784e-05,0.1091965265136805,-0.110302411142805,1.6890851085514842,0.0845691382765531,0.1122244488977955,0.1481198650923687,1.6710026147590196,0.818181818181817,train,2
ascorbic_acid,5.0,8.0,DVP,8,0.3246872265474166,0.8204213239964824,3.6089412907438656,-0.2455404795700077,0.1,1.4,-0.0001132267593199,0.2841691118646272,-0.229693961520734,3.6089412907438656,0.0060120240480961,0.1206412825651302,0.3325050016114498,3.5705548520688883,0.6538461538461542,train,2
uric_acid,0.2,8.0,DVP,7,0.0133452124245312,0.0343210758098427,0.1729001108003575,-0.0102623115091844,0.1,1.4,-1.096806939866114e-05,0.0121857049864854,-0.0101125427474796,0.1729001108003575,0.3034068136272545,0.0897795591182365,0.0117980885555089,0.1703895065062559,0.882352941176471,train,1
dopamine,0.1,6.5,DVP,8,0.0071209111352543,0.0171766252660148,0.1021965452795854,-0.0033843099183266,0.1,1.4,1.6711964624634076e-06,0.0087565521188227,-0.007699586304649,0.1021965452795854,0.2276553106212424,0.0589178356713426,0.0046903595020267,0.0994545432960413,0.9090909090909042,train,0
ascorbic_acid,1.0,6.5,DVP,1,0.0820395810886423,0.2047462094830426,0.9080950422449956,-0.0620891993382691,0.1,1.4,-4.469614146875856e-06,0.0587082328766897,-0.0592888106928012,0.9080950422449956,0.0845691382765531,0.1122244488977955,0.0795583840154891,0.8975476286646766,0.818181818181817,train,2
glucose,10.0,6.5,DVP,0,0.3643007719512753,0.8173499929464354,3.2240958482054176,-0.3541946914955611,0.1,1.4,0.0002442774208448,0.2079793049801875,-0.2642004678394356,3.2240958482054176,0.494188376753507,0.1458917835671342,0.3659799336200225,3.17522419170688,0.7333333333333317,train,3
copper,5.0,6.5,DVP,2,0.1765702564782746,0.6526576218524139,4.043181222512511,-0.1957020982544692,0.1,1.4,-0.0001456719480569,0.3382947861673697,-0.3668717685667223,4.043181222512511,-0.0529058116232464,0.0589178356713426,0.1800176751931248,4.027912797271365,0.9090909090909112,train,4
uric_acid,2.0,7.0,DVP,2,0.1020551610472086,0.2967842359465011,1.4867241816672898,-0.0846673692717968,0.1,1.4,-6.164119305830651e-05,0.1091701429077543,-0.0864313402275687,1.4867241816672898,0.3539078156312625,0.0869739478957914,0.10022422234215,1.47500076147659,0.9374999999999988,train,1
aluminum,0.1,6.0,DVP,6,0.0073737641681645,0.0159177480032633,0.0752439923020477,-0.0044753851313215,0.1,1.4,-7.143218777167004e-06,0.0057611372520565,-0.0053694431995268,0.0752439923020477,-0.3390781563126252,0.0981963927855711,0.0056860723488564,0.0729345127874121,0.5909090909090912,train,5
uric_acid,1.0,7.0,DVP,6,0.0566989231952633,0.1578005520228019,0.770677267288709,-0.0441731974329112,0.1,1.4,-9.552664977787789e-05,0.0654676489499954,-0.0511708190980705,0.770677267288709,0.3454909819639279,0.0869739478957914,0.0530721225918312,0.7621552239459294,0.6315789473684225,train,1
ascorbic_acid,2.0,7.0,DVP,7,0.148472249060132,0.3868965499793604,1.7580024048587068,-0.1211258428770814,0.1,1.4,-0.0001710442510199,0.1130970539291913,-0.1214232164122335,1.7580024048587068,0.0565130260521041,0.1094188376753507,0.1475846801637102,1.7469712022203645,0.9499999999999992,train,2
copper,5.0,6.0,DVP,6,0.1797679831140735,0.6541516920302923,3.999176631178182,-0.2032500422609821,0.1,1.4,-0.0004155410890108,0.3783985446298707,-0.3062973785094633,3.999176631178182,-0.0613226452905811,0.0561122244488978,0.1746275408765707,3.978125477024971,0.8181818181818156,train,4
dopamine,5.0,6.0,DVP,0,0.1813414008979023,0.6151412979817666,3.4946909514392264,-0.2525378640424429,0.1,1.4,0.0001292202181448,0.2879543724043814,-0.2698598045444483,3.4946909514392264,0.2529058116232465,0.0645290581162324,0.177560769485692,3.475861451929424,0.769230769230771,train,0
aluminum,0.5,8.0,DVP,2,0.0299001833921554,0.0787687656808943,0.3799746206529553,-0.0239420669203162,0.1,1.4,-1.5093982820861878e-05,0.0242438508074532,-0.0200236708767695,0.3799746206529553,-0.3054108216432865,0.0981963927855711,0.0282450232981014,0.3754141115881192,0.8421052631578961,train,5
dopamine,10.0,6.5,DVP,8,0.2887476808897997,0.967470800424171,5.630639172502371,-0.3223086203784548,0.1,1.4,-0.0001261040876313,0.4889134438538658,-0.4288558054559308,5.630639172502371,0.2276553106212424,0.0617234468937876,0.2721196586766455,5.596605931618682,0.9999999999999964,train,0
dopamine,0.1,6.0,DVP,7,0.0067936077694922,0.0171148342345299,0.1014484537890193,-0.0040086085058929,0.1,1.4,-3.314836085364585e-06,0.0076309413613932,-0.0070998944903398,0.1014484537890193,0.2557114228456913,0.0617234468937875,0.0048062594569339,0.0992424019969408,1.0,train,0
aluminum,0.2,6.0,DVP,1,0.0130095537067001,0.0316783443964252,0.1477592160542803,-0.0094230810107366,0.1,1.4,2.6513447409843544e-06,0.0110315823368781,-0.011255344174697,0.1477592160542803,-0.3362725450901803,0.1038076152304609,0.0117798258057058,0.1449923535549844,0.6818181818181827,train,5
uric_acid,5.0,7.0,DVP,6,0.2129813307381178,0.6091698436898673,2.9683879389216727,-0.1783203142303473,0.1,1.4,-0.000379444686302,0.2523559815010858,-0.1972374691905662,2.9683879389216727,0.3454909819639279,0.0869739478957914,0.2048586737490568,2.941414132094676,0.6315789473684225,train,1
aluminum,5.0,6.0,DVP,1,0.2103454576769089,0.5724933702927671,2.6490058214892307,-0.1840636972701002,0.1,1.4,-2.0740180907334385e-05,0.1989376764750725,-0.2026490635273199,2.6490058214892307,-0.3362725450901803,0.1038076152304609,0.2132859693892859,2.6258873686657047,0.6818181818181827,train,5
ascorbic_acid,2.0,7.0,DVP,5,0.1541761325867378,0.389549173353428,1.7185706368422804,-0.1171586078362826,0.1,1.4,-0.0001174052125123,0.1281920023585449,-0.0912641006652928,1.7185706368422804,0.0480961923847695,0.1122244488977955,0.1504434052271664,1.698842762440426,0.6666666666666689,train,2
copper,0.5,7.0,DVP,1,0.025359702382126,0.0879914170205501,0.5422265836451353,-0.0261081018497897,0.1,1.4,4.166055576689948e-07,0.0456897887894786,-0.044737084050429,0.5422265836451353,-0.0501002004008015,0.0561122244488977,0.0235219235073626,0.5385267987077875,0.999999999999996,train,4
ascorbic_acid,0.1,8.0,DVP,0,0.0108569684756714,0.0228960480112377,0.1084522224633832,-0.0076343466894187,0.1,1.4,9.080479624548596e-06,0.0071929119760014,-0.0072689579865371,0.1084522224633832,0.0144288577154308,0.101002004008016,0.0082467381032801,0.1052762957225497,0.8947368421052635,train,2
aluminum,1.0,6.5,DVP,8,0.0567436549375424,0.1488469372987051,0.6896968396953516,-0.0459097775106648,0.1,1.4,-1.842459222636777e-05,0.0532335642137072,-0.0507991534973771,0.6896968396953516,-0.319438877755511,0.1066132264529058,0.0560986482302988,0.6811007693939718,1.0,train,5
aluminum,0.1,7.0,DVP,8,0.0074433315092161,0.0161373387128873,0.0764154062500423,-0.0039606016592853,0.1,1.4,1.5626580647369828e-06,0.0054917808873916,-0.0052027412313434,0.0764154062500423,-0.319438877755511,0.1038076152304608,0.0059669131451613,0.0741732427122575,0.8499999999999994,train,5
dopamine,1.0,7.5,DVP,0,0.0502839061133221,0.1648218513795772,0.9400625703978852,-0.0661053679967615,0.1,1.4,3.7763992572036414e-05,0.0955810591654823,-0.0782761495620449,0.9400625703978852,0.1715430861723447,0.0645290581162324,0.0474497203669634,0.93270550414841,0.9166666666666652,train,0
aluminum,5.0,6.5,DVP,9,0.213992130630313,0.5820375518252946,2.7575903076261747,-0.2000127298481691,0.1,1.4,0.0007099445631998,0.1715230920255323,-0.2099182558407912,2.7575903076261747,-0.3222444889779559,0.0925851703406813,0.2005575080001153,2.7248924539410084,0.9411764705882344,train,5
uric_acid,0.5,7.0,DVP,7,0.0292248527224918,0.0827362379605315,0.4135272646411027,-0.0272536600480917,0.1,1.4,-3.176193977799527e-05,0.0337572209973962,-0.0252663841353036,0.4135272646411027,0.3511022044088177,0.0869739478957914,0.0279790217220448,0.4107153450656093,0.8235294117647073,train,1
glucose,0.5,6.5,DVP,9,0.0340723744666368,0.0707592212824386,0.2873871924530964,-0.0217450092426568,0.1,1.4,9.402401120286368e-05,0.0199680195301134,-0.0203469961736982,0.2873871924530964,0.4885771543086171,0.1430861723446894,0.031383396211075,0.2802222731044643,0.5937499999999977,train,3
uric_acid,0.2,8.0,DVP,1,0.0136942815667721,0.0340224003338923,0.170584599619875,-0.0088273543728127,0.1,1.4,2.664191970209293e-06,0.0102291958555508,-0.0117482447793322,0.170584599619875,0.2949899799599198,0.0869739478957916,0.0115137452696364,0.1674902881903315,0.6315789473684211,train,1
dopamine,5.0,6.0,DVP,8,0.1840042744530043,0.608557831068362,3.5404711949321555,-0.2036413869390579,0.1,1.4,-7.856070831518669e-05,0.2823419455243925,-0.2486791755445974,3.5404711949321555,0.2557114228456913,0.0617234468937875,0.1708066204222452,3.517023814568148,1.0,train,0
uric_acid,0.5,6.5,DVP,2,0.0296476877605816,0.0820260512657863,0.4106727255503041,-0.0222149507781737,0.1,1.4,-1.416143778408678e-05,0.0297848471637884,-0.0266743202094316,0.4106727255503041,0.3763527054108216,0.0869739478957916,0.0276741259142793,0.4059737041084394,0.8235294117647053,train,1
copper,5.0,6.0,DVP,1,0.1769838877944915,0.6463282824368423,3.957114467563354,-0.1967120784178937,0.1,1.4,-2.243381752086093e-05,0.3694738658547321,-0.3784069216378225,3.957114467563354,-0.0613226452905811,0.0589178356713426,0.1784882528987701,3.940443376739891,0.9090909090909042,train,4
uric_acid,0.2,6.5,DVP,5,0.0135200786187024,0.0330131397636343,0.1618376062343246,-0.0069425315932934,0.1,1.4,-6.093672441297704e-06,0.0141220821385232,-0.0104704236340589,0.1618376062343246,0.3819639278557114,0.0897795591182365,0.0113813442576421,0.1584755037063901,0.882352941176471,train,1
copper,10.0,7.0,DVP,1,0.2772256220890757,1.0156483102100105,6.245155164360948,-0.3101037326871951,0.1,1.4,-3.762131388378243e-05,0.5278177305333789,-0.5163486053649735,6.245155164360948,-0.0501002004008015,0.0561122244488977,0.2716385117913409,6.219471735369597,0.999999999999996,train,4
ascorbic_acid,0.5,8.0,DVP,9,0.0453314512965537,0.1106921152784201,0.48718282064479,-0.0302929011024685,0.1,1.4,0.0001334567646154,0.0331250027019653,-0.0285803783029392,0.48718282064479,0.0116232464929859,0.1122244488977955,0.0427061222979067,0.4792662806789662,0.818181818181817,train,2
dopamine,2.0,7.5,DVP,0,0.0919087396439966,0.3069705038601689,1.7489217846601357,-0.1252684897894884,0.1,1.4,6.678702196356157e-05,0.1779253531560496,-0.1457099330249091,1.7489217846601357,0.1715430861723447,0.0645290581162324,0.0883834807315999,1.737197831935693,0.9166666666666652,train,0
aluminum,2.0,6.0,DVP,6,0.103580045721887,0.2744687690893512,1.2771918701544052,-0.0913825442853421,0.1,1.4,-0.0001857006831738,0.0989031599981811,-0.0920478136227047,1.2771918701544052,-0.3390781563126252,0.0981963927855711,0.0982123853016255,1.260542297224708,0.5909090909090912,train,5
uric_acid,0.5,8.0,DVP,0,0.0306438179339469,0.0835857071974166,0.4089352441420318,-0.033059532597379,0.1,1.4,2.15530458523483e-05,0.0347858947430253,-0.025125810773492,0.4089352441420318,0.2977955911823647,0.0897795591182365,0.0287349889838521,0.404006773246179,0.6842105263157905,train,1
dopamine,10.0,8.0,DVP,5,0.2982996262617993,1.0116127969285724,5.826539777561407,-0.2872444149971171,0.1,1.4,-0.0002911062320679,0.4240852543853068,-0.439302725256856,5.826539777561407,0.1462925851703407,0.0645290581162325,0.2927013092387625,5.795890681752399,0.9166666666666686,train,0
dopamine,0.2,6.0,DVP,1,0.0118520418694785,0.0338835751747661,0.1976626079625912,-0.0084615525389956,0.1,1.4,2.713186879922672e-06,0.0176092749435104,-0.014968553396877,0.1976626079625912,0.2585170340681363,0.0617234468937875,0.0095269814225201,0.1947200065511489,0.8333333333333306,train,0
copper,2.0,6.5,DVP,4,0.0880390902664221,0.3141322936640828,1.890843121723817,-0.1106445815744592,0.1,1.4,-8.65362619056101e-06,0.2113074844389166,-0.1729545991695186,1.890843121723817,-0.0501002004008015,0.0589178356713426,0.086663684618814,1.8831472575915853,0.7499999999999992,train,4
glucose,1.0,6.5,DVP,9,0.0633057533308554,0.1363970165582186,0.5514678867205367,-0.0439961156849736,0.1,1.4,0.0001767526264591,0.0383002694844239,-0.0390868757930004,0.5514678867205367,0.4885771543086171,0.1430861723446894,0.0604952809661366,0.5400207339489299,0.5937499999999977,train,3
ascorbic_acid,0.1,6.5,DVP,0,0.0105965512536848,0.0221132516820952,0.1007093217526397,-0.0073193576125217,0.1,1.4,8.92595875141916e-06,0.0079607464348816,-0.0068747872297535,0.1007093217526397,0.0733466933867735,0.1094188376753507,0.0084241141758404,0.0975018095524668,0.8571428571428585,train,2
dopamine,10.0,7.5,DVP,2,0.2889056804773223,0.99228585123969,5.704164705018304,-0.2706916780663391,0.1,1.4,-0.0002115720796896,0.3999677564319066,-0.4879008819112269,5.704164705018304,0.1743486973947895,0.0617234468937876,0.2774929200615423,5.673657684364645,0.9999999999999964,train,0
copper,0.5,8.0,DVP,4,0.0259949259906274,0.0889911636063466,0.5365938717929842,-0.030677133514646,0.1,1.4,4.348112483389538e-07,0.0460454904604804,-0.0470568788525471,0.5365938717929842,-0.0360721442885771,0.0561122244488978,0.0237592267486847,0.5334505717044735,0.8181818181818221,train,4
dopamine,5.0,7.0,DVP,1,0.1853460617545607,0.6312725267592642,3.609472609502347,-0.1805952784498826,0.1,1.4,-2.034212837280999e-05,0.3089244041025805,-0.2599066580361601,3.609472609502347,0.1995991983967936,0.0617234468937876,0.1775627819397686,3.593542737737897,0.8333333333333339,train,0
copper,5.0,7.0,DVP,3,0.1854437549668165,0.6537923130708304,3.985222361839244,-0.224612065206497,0.1,1.4,-0.0003554800503576,0.3477634524266464,-0.3390042434156631,3.985222361839244,-0.0472945891783567,0.0561122244488977,0.1744951585896611,3.9572991558154698,0.8181818181818185,train,4
copper,0.5,6.0,DVP,5,0.0254863403972384,0.0875430589261076,0.529935738694795,-0.0255986481252933,0.1,1.4,-2.3133033932726017e-05,0.0558848937907009,-0.0538390800401891,0.529935738694795,-0.0585170340681362,0.0561122244488978,0.023329069415253,0.5260276847606985,1.0,train,4
uric_acid,10.0,6.0,DVP,0,0.3213003269452674,0.9382225917206258,4.587825945689927,-0.3939193721146097,0.1,1.4,0.0001986124996881,0.3388695840347709,-0.2708158717834552,4.587825945689927,0.4044088176352706,0.0897795591182364,0.3225581251358829,4.5525865276974695,0.999999999999995,train,1
dopamine,0.2,8.0,DVP,3,0.0127040820279308,0.0360090655813419,0.2084965882770857,-0.0094507179369249,0.1,1.4,-1.4600076485101871e-05,0.015996553623144,-0.0175545712234826,0.2084965882770857,0.1462925851703407,0.0645290581162325,0.0103870794098769,0.205269235891556,0.9166666666666686,train,0
uric_acid,10.0,6.0,DVP,8,0.3254392305584705,0.9375428011460774,4.637761884156767,-0.3179117049785928,0.1,1.4,-0.0001243413355146,0.3353415126640813,-0.2831425941392597,4.637761884156767,0.4072144288577154,0.0897795591182364,0.3220505411858039,4.60415825601643,0.8823529411764687,train,1
ascorbic_acid,5.0,6.0,DVP,8,0.3120322788225847,0.788677245611127,3.5419584605412835,-0.2785616445227847,0.1,1.4,-0.0001085862669587,0.2634945590939002,-0.1794381623876567,3.5419584605412835,0.0845691382765531,0.1094188376753507,0.3009605392883972,3.504371798324294,0.6250000000000004,train,2
copper,0.5,7.0,DVP,0,0.0254478285200181,0.0878073903887819,0.5428615962932608,-0.0366819407509744,0.1,1.4,2.3084772102700075e-05,0.0501151058635584,-0.0430320026733708,0.5428615962932608,-0.0529058116232464,0.0561122244488977,0.0234625559510995,0.5389329151865511,0.8181818181818185,train,4
copper,0.1,8.0,DVP,4,0.0065546122501125,0.0184509707357242,0.1122371613409087,-0.0056373350656158,0.1,1.4,3.280627229817583e-06,0.0095120168356792,-0.0097423031524971,0.1122371613409087,-0.0360721442885771,0.0561122244488978,0.0049146006916565,0.1103105688135376,0.8181818181818221,train,4
aluminum,0.2,7.0,DVP,7,0.0127471457718342,0.0319750677782477,0.1526097467750001,-0.01097799567133,0.1,1.4,-1.1232132883915406e-05,0.0087863319528741,-0.0081099988003963,0.1526097467750001,-0.3110220440881763,0.0981963927855711,0.011522653411837,0.1505638393393706,0.9444444444444456,train,5
glucose,0.2,7.0,DVP,2,0.0153129002164572,0.0289660348265938,0.1203804797232055,-0.006979732511499,0.1,1.4,-1.3272888364488922e-06,0.0072041650598846,-0.0070661648646878,0.1203804797232055,0.4829659318637275,0.1430861723446892,0.012790704103893,0.1160370516983701,0.7586206896551723,train,3
ascorbic_acid,0.2,7.0,DVP,1,0.0191865580359848,0.0439903973357298,0.1948624307277969,-0.0123613128459418,0.1,1.4,2.1908592372080206e-06,0.0127239101790391,-0.0137651071118762,0.1948624307277969,0.0480961923847695,0.1122244488977955,0.0170908434400354,0.1908992405162903,0.6666666666666689,train,2
uric_acid,5.0,6.5,DVP,8,0.2118310851508317,0.6085720111199824,3.051423482488858,-0.205425952532244,0.1,1.4,-7.927561025823127e-05,0.2320142291916023,-0.1661781132418649,3.051423482488858,0.3735470941883767,0.0841683366733467,0.2012525615597621,3.027836237479418,0.7647058823529379,train,1
ascorbic_acid,10.0,7.0,DVP,7,0.4739822187072867,1.2465845119658532,5.659683260357564,-0.3964601815837982,0.1,1.4,-0.0005596065701719,0.3643051668234571,-0.3910233073857114,5.659683260357564,0.0565130260521041,0.1094188376753507,0.4754822870072531,5.628190355312122,0.9499999999999992,train,2
aluminum,5.0,6.5,DVP,1,0.2111875005673602,0.574809354558898,2.627686015920574,-0.1848146078553358,0.1,1.4,-2.084050015522372e-05,0.199863130416837,-0.2120487687814634,2.627686015920574,-0.3222444889779559,0.101002004008016,0.2104975009012529,2.604284115242737,0.8947368421052635,train,5
copper,5.0,8.0,DVP,4,0.1834614672887981,0.6603989978906737,3.973883226454797,-0.2334995009517909,0.1,1.4,-2.2616298201638907e-05,0.3419666268213706,-0.3493049420229528,3.973883226454797,-0.0360721442885771,0.0561122244488978,0.1762920336940321,3.958948045329129,0.8181818181818221,train,4
dopamine,0.5,8.0,DVP,6,0.027652062727517,0.0872088254291141,0.4974851957912397,-0.0226761888073959,0.1,1.4,-4.942131291664043e-05,0.0385624698522638,-0.0385044232984994,0.4974851957912397,0.1490981963927855,0.0617234468937876,0.0244670220600089,0.4924152678681263,0.8333333333333339,train,0
ascorbic_acid,2.0,8.0,DVP,2,0.154763421394165,0.3981231836936363,1.8033132287693336,-0.11401763439675,0.1,1.4,-8.75799349168479e-05,0.1340524834403244,-0.1080828746113509,1.8033132287693336,0.0172344689378757,0.1066132264529058,0.14949863786649,1.7860945090502218,1.0,train,2
dopamine,0.5,6.0,DVP,6,0.0264007356047177,0.0827336977218073,0.4841142461228422,-0.0215260133363624,0.1,1.4,-4.682815973792441e-05,0.039261630628989,-0.0366625969763846,0.4841142461228422,0.2529058116232465,0.0617234468937875,0.0232087701237688,0.479226234993941,0.8333333333333366,train,0
uric_acid,1.0,7.5,DVP,4,0.057212797346019,0.16000156404722,0.7982932238952135,-0.0493746587223984,0.1,1.4,-2.216445316560928e-06,0.0629185032079626,-0.0487872898770132,0.7982932238952135,0.3286573146292585,0.0869739478957916,0.0540623465293481,0.7904734958222022,0.9375000000000014,train,1
ascorbic_acid,0.1,6.0,DVP,3,0.0107169691127649,0.0220084976288293,0.1021989277914009,-0.005574571404487,0.1,1.4,-8.30176076573641e-06,0.0060422453807698,-0.0116152621454146,0.1021989277914009,0.0929859719438878,0.1122244488977955,0.0085098224260495,0.0989233645683776,0.8181818181818203,train,2
uric_acid,10.0,7.0,DVP,4,0.3303213101379599,0.9542612206148424,4.710453699201072,-0.3056322090295423,0.1,1.4,-3.306939045845331e-05,0.3210721106800488,-0.3036516003256586,4.710453699201072,0.3482965931863727,0.0869739478957914,0.322351903133992,4.6699308233383725,0.7222222222222218,train,1
copper,1.0,7.5,DVP,9,0.0484708347150695,0.1708793905720284,1.0391507865535694,-0.0481162532295728,0.1,1.4,0.0002023133239944,0.1040286097292931,-0.0849319173038705,1.0391507865535694,-0.0472945891783567,0.0589178356713426,0.0469914558500992,1.0327196687165616,0.7499999999999992,train,4
uric_acid,0.5,8.0,DVP,4,0.0309239546790588,0.0835305131580724,0.4214755463146833,-0.0247084672428546,0.1,1.4,7.533202973130163e-07,0.02544906109344,-0.0235954770712778,0.4214755463146833,0.3006012024048096,0.0897795591182365,0.0286757794625204,0.4165674866612034,0.7777777777777766,train,1
uric_acid,1.0,6.5,DVP,1,0.0555520082051515,0.1571226060476282,0.7739917228482063,-0.0450697984687425,0.1,1.4,-2.190043562830764e-06,0.0529180455990166,-0.0482880760269909,0.7739917228482063,0.3791583166332665,0.0925851703406813,0.0551676675126273,0.7679141931995431,0.9411764705882344,train,1
dopamine,1.0,8.0,DVP,6,0.0514038932415022,0.1679981470628514,0.9563808993652382,-0.0456869097708759,0.1,1.4,-9.873035500259276e-05,0.0742589521909719,-0.0741183998064529,0.9563808993652382,0.1490981963927855,0.0617234468937876,0.0471331383618633,0.948525061830269,0.8333333333333339,train,0
uric_acid,0.5,6.0,DVP,8,0.0299903459032013,0.0809797552688571,0.4027279701443728,-0.0253118692527653,0.1,1.4,-7.113860801195721e-06,0.0290529010769869,-0.0245466334138282,0.4027279701443728,0.4072144288577154,0.0897795591182364,0.0278070955130456,0.3977843922833549,0.8823529411764687,train,1
ascorbic_acid,2.0,7.5,DVP,7,0.1499365369556109,0.3908373306251925,1.7111344031145272,-0.1223765290874051,0.1,1.4,-0.0001728092670971,0.1115611528863259,-0.1245475248226625,1.7111344031145272,0.0312625250501001,0.1122244488977955,0.1518298842666696,1.7000944659670585,0.818181818181817,train,2
copper,2.0,8.0,DVP,9,0.0893977905009092,0.319736324671758,1.9511490959502205,-0.0914235612928481,0.1,1.4,0.0003744504604651,0.1960165246674023,-0.1507848484802358,1.9511490959502205,-0.0416833667334669,0.0561122244488978,0.0856578860959331,1.9406916043515827,0.8181818181818156,train,4
dopamine,10.0,7.0,DVP,4,0.2913226478274303,0.9905929759714072,5.682277161754913,-0.3260131290576901,0.1,1.4,-3.3353791584757375e-05,0.5043276957459457,-0.4218553863354717,5.682277161754913,0.1995991983967936,0.0645290581162325,0.2866473495206637,5.659702156067717,0.9166666666666686,train,0
copper,0.5,8.0,DVP,0,0.0256875851597484,0.0887622736928467,0.5407271030703007,-0.0370277225372302,0.1,1.4,2.325439863087276e-05,0.0559776370056831,-0.0401353028457463,0.5407271030703007,-0.0416833667334669,0.0561122244488978,0.0237112544385652,0.5367764235871679,0.8181818181818156,train,4
uric_acid,2.0,8.0,DVP,0,0.1047250092806708,0.3001868399481925,1.4625987051765388,-0.1250823035463138,0.1,1.4,6.669568877707471e-05,0.1246003884338828,-0.0900052873501528,1.4625987051765388,0.2977955911823647,0.0897795591182365,0.1031371358182652,1.449775320195748,0.6842105263157905,train,1
glucose,10.0,6.0,DVP,0,0.3618169547373875,0.8129898164923345,3.276563296485567,-0.3521300947214881,0.1,1.4,0.000259400349025,0.206743517753514,-0.2570734311761196,3.276563296485567,0.5110220440881764,0.1430861723446894,0.3595118619535575,3.2283185570956983,0.7586206896551749,train,3
copper,10.0,7.0,DVP,0,0.2782406247130201,1.0135349676709038,6.252230388264588,-0.4451483247171008,0.1,1.4,0.00022346182301,0.5785913021943987,-0.4969614944737097,6.252230388264588,-0.0529058116232464,0.0561122244488977,0.2707897596038575,6.220970447535264,0.8181818181818185,train,4
ascorbic_acid,0.2,8.0,DVP,7,0.0190508616742464,0.0452275858948726,0.1971443371894173,-0.0116637369677444,0.1,1.4,-1.6567152626921114e-05,0.0123747471848955,-0.0132988736770677,0.1971443371894173,0.0088176352705411,0.1178356713426853,0.0181270020436453,0.1941846683477487,0.6800000000000007,train,2
aluminum,0.2,7.5,DVP,5,0.0132914569207521,0.0319665921495232,0.1521115774852292,-0.0094212374670301,0.1,1.4,-6.596766733945575e-06,0.0097004050004555,-0.008668552260003,0.1521115774852292,-0.3054108216432865,0.0981963927855711,0.0114619638826602,0.1490030309267277,0.8421052631578941,train,5
copper,0.5,7.0,DVP,8,0.0258530776563278,0.0886819191663661,0.5334423885289935,-0.024399187982921,0.1,1.4,-8.536346680141027e-06,0.0496735029001543,-0.047164495785579,0.5334423885289935,-0.0472945891783567,0.0561122244488977,0.0236921115174129,0.5291553993422378,0.8181818181818185,train,4
ascorbic_acid,10.0,8.0,DVP,9,0.5027157324977481,1.278186656043906,5.605375210612442,-0.3723704869519773,0.1,1.4,0.0014931408159339,0.3813537766266027,-0.3289889045849312,5.605375210612442,0.0116232464929859,0.1122244488977955,0.4934133640823759,5.536791906436617,0.818181818181817,train,2
dopamine,0.5,7.0,DVP,0,0.0267604103652397,0.0843038802580173,0.4844573653202572,-0.0326895632384015,0.1,1.4,2.13715532575418e-05,0.0414975771282259,-0.0375188302023371,0.4844573653202572,0.1995991983967936,0.0645290581162325,0.0243028747061023,0.4796377960247655,0.9166666666666686,train,0
glucose,0.1,7.0,DVP,1,0.0089867392239481,0.0145869206441478,0.0605522282938705,-0.002872239337412,0.1,1.4,4.218917611092348e-06,0.0044115428886671,-0.0043403866174701,0.0605522282938705,0.4857715430861723,0.1402805611222444,0.0063870839532397,0.0573047687154217,0.8518518518518494,train,3
ascorbic_acid,10.0,6.5,DVP,1,0.4822472887907466,1.2284036588755278,5.437837426822629,-0.3787606371034784,0.1,1.4,-4.688407877650036e-05,0.3515403359712362,-0.3551676933028234,5.437837426822629,0.0845691382765531,0.1122244488977955,0.4771644183102367,5.38313605837569,0.818181818181817,train,2
ascorbic_acid,0.1,6.0,DVP,2,0.0104426246756361,0.0217834399805071,0.09749564377294,-0.0051284524686016,0.1,1.4,-1.131863405436501e-06,0.0081664466617126,-0.0058036330968523,0.09749564377294,0.0985971943887775,0.1094188376753507,0.0083031910924643,0.0945809147860697,0.9499999999999992,train,2
ascorbic_acid,0.2,6.5,DVP,1,0.0190147452300432,0.0435420655044938,0.1947497848311953,-0.0122196815799685,0.1,1.4,2.2098291018837755e-06,0.0125929410507769,-0.0126937110691756,0.1947497848311953,0.0845691382765531,0.1122244488977955,0.0169044838512936,0.1908102222923036,0.818181818181817,train,2
copper,0.1,7.0,DVP,4,0.0065045803083369,0.0182743740674056,0.1134279986997351,-0.005580808925689,0.1,1.4,3.2870515224372905e-06,0.0113887852347003,-0.0093989400727775,0.1134279986997351,-0.0501002004008015,0.0561122244488977,0.0048755807498404,0.1115088980788731,0.999999999999996,train,4
glucose,0.5,8.0,DVP,6,0.0346693734850146,0.0717669817201473,0.2882006458821386,-0.0198610154481113,0.1,1.4,-4.190433718138332e-05,0.0193658815623834,-0.0238146447054538,0.2882006458821386,0.4829659318637275,0.1402805611222446,0.0314541013701927,0.2811015211041312,0.6666666666666666,train,3
copper,0.5,6.0,DVP,0,0.0252088075096648,0.0869116234761983,0.5356175969287882,-0.036226906829374,0.1,1.4,2.2861550905431e-05,0.0435950829094855,-0.0422498048583581,0.5356175969287882,-0.0613226452905811,0.0533066132264529,0.0225046718545267,0.5317808128590745,0.8999999999999985,train,4
ascorbic_acid,0.5,6.0,DVP,5,0.04358510276531,0.1062904379607244,0.4671957377089569,-0.030818043535784,0.1,1.4,-2.9248124867695124e-05,0.0393759460873368,-0.0312369639161588,0.4671957377089569,0.0929859719438878,0.1094188376753507,0.0404906189212281,0.4602264576728606,0.8571428571428585,train,2
dopamine,2.0,6.5,DVP,5,0.0905908920752643,0.2998329024711,1.722535122403091,-0.0799781867398614,0.1,1.4,-8.434851117345965e-05,0.1491456208859293,-0.1286654459662855,1.722535122403091,0.2304609218436873,0.0617234468937875,0.0841899799887085,1.710625444294954,1.0,train,0
ascorbic_acid,2.0,7.5,DVP,8,0.1562531564443664,0.3920898762378985,1.7436476051652052,-0.132939104803066,0.1,1.4,-5.205662097018516e-05,0.1437549719079754,-0.1026176676454385,1.7436476051652052,0.0256513026052104,0.1178356713426853,0.1571828642747811,1.7250364631052135,0.6153846153846151,train,2
uric_acid,10.0,6.5,DVP,7,0.3138121278993834,0.94872058234532,4.707698669855073,-0.3318110969765461,0.1,1.4,-0.0004044767393059,0.3623844404959768,-0.2992419585161363,4.707698669855073,0.3735470941883767,0.0841683366733467,0.3149317842871257,4.695521779868881,0.7647058823529379,train,1
copper,10.0,8.0,DVP,3,0.2904883262760342,1.0261573693677457,6.361680187701097,-0.3530168107816691,0.1,1.4,-0.000560130719018,0.4720247543488112,-0.5319897380090852,6.361680187701097,-0.038877755511022,0.0561122244488978,0.2742793719163795,6.319232448923718,1.0,train,4
glucose,2.0,7.0,DVP,2,0.1147489214381072,0.2548388587501248,1.0375423930095728,-0.0771081356613026,0.1,1.4,-4.193955170090008e-05,0.0625534751510357,-0.061335836834966,1.0375423930095728,0.4829659318637275,0.1430861723446892,0.1125845137715843,1.019600721331739,0.7586206896551723,train,3
uric_acid,0.2,7.0,DVP,0,0.0135202968074112,0.033586508466186,0.1686270183975353,-0.0117837434553335,0.1,1.4,1.1116031470398204e-05,0.0113801233733451,-0.0121502489141818,0.1686270183975353,0.3482965931863727,0.0869739478957914,0.0113061077788851,0.1652144431773866,0.7222222222222218,train,1
glucose,5.0,6.0,DVP,6,0.2352613539174761,0.5216253370722993,2.092179150600208,-0.1557029215202817,0.1,1.4,-0.0002949385659348,0.1739805290692483,-0.1260315182345087,2.092179150600208,0.5194388777555111,0.1430861723446892,0.2309075396340971,2.0565685129010616,0.8888888888888856,train,3
ascorbic_acid,10.0,7.0,DVP,3,0.4999501491471206,1.2475505083734797,5.387893937728868,-0.4144531343982054,0.1,1.4,-0.0006864327231212,0.3575444670488292,-0.6510924748315641,5.387893937728868,0.0565130260521041,0.1178356713426853,0.4967717883470323,5.30961806209103,0.9090909090909076,train,2
aluminum,0.5,7.0,DVP,3,0.0306828134512364,0.0780056571172189,0.3573601157259328,-0.0274827548103422,0.1,1.4,-4.12966064207466e-05,0.0255005292058084,-0.0427293877171365,0.3573601157259328,-0.3250501002004007,0.101002004008016,0.0283418054376402,0.3513320976241879,0.7142857142857142,train,5
dopamine,0.1,7.5,DVP,0,0.0071724713851234,0.0176011006434407,0.1023155270548404,-0.0048292775685802,0.1,1.4,7.704426416528662e-06,0.0102958975323949,-0.0084340166897925,0.1023155270548404,0.1715430861723447,0.0645290581162324,0.0050671227511881,0.0996840496910864,0.9166666666666652,train,0
dopamine,5.0,7.0,DVP,7,0.1791308433449271,0.6366016644600402,3.62904695737004,-0.2149811876689332,0.1,1.4,-0.0002630661952462,0.3210321461607965,-0.2420801878388605,3.62904695737004,0.1967935871743487,0.0645290581162325,0.1836309304382508,3.6230417702216537,0.7692307692307687,train,0
uric_acid,10.0,6.0,DVP,4,0.324411569197254,0.9317108453482988,4.58030869191317,-0.300019488884938,0.1,1.4,-3.2392486647005114e-05,0.3286503081308797,-0.3244973371468174,4.58030869191317,0.4044088176352706,0.0869739478957916,0.314818207064848,4.540489771808938,0.9374999999999966,train,1
dopamine,0.5,8.0,DVP,3,0.0281398958082377,0.0879986371683955,0.5064695192746195,-0.025031623814605,0.1,1.4,-4.122982424042728e-05,0.0390519615696975,-0.0426664121722576,0.5064695192746195,0.1462925851703407,0.0645290581162325,0.025386689222715,0.5015684981469473,0.9166666666666686,train,0
ascorbic_acid,1.0,6.0,DVP,0,0.0814363293864237,0.2041870893722668,0.941939314508886,-0.0877120764132668,0.1,1.4,4.836336789983719e-05,0.0766422651120693,-0.0648847456904362,0.941939314508886,0.0929859719438878,0.1066132264529058,0.0764992243153855,0.9305449009534048,0.8095238095238101,train,2
aluminum,1.0,8.0,DVP,6,0.0572050206872866,0.1498836636500349,0.7154157938076339,-0.049474849914328,0.1,1.4,-9.959809126218211e-05,0.0442662562340567,-0.0495052485635112,0.7154157938076339,-0.3110220440881763,0.1038076152304609,0.0555737260933596,0.7054949165496669,0.6818181818181812,train,5
dopamine,1.0,8.0,DVP,8,0.051606330395518,0.1674012499084347,0.95653412339552,-0.0537224104889927,0.1,1.4,-1.8496488753751928e-05,0.0761948062951712,-0.0645079979166342,0.95653412339552,0.1490981963927855,0.0645290581162325,0.0482944814994019,0.9487244393626848,0.9166666666666686,train,0
dopamine,10.0,7.0,DVP,8,0.2923773966931385,0.9850077885212378,5.707854202450552,-0.3263575384797633,0.1,1.4,-0.000127726264567,0.4461280847965714,-0.4899290205815692,5.707854202450552,0.1967935871743487,0.0645290581162325,0.284644885671222,5.670836484761595,0.7692307692307687,train,0
glucose,0.5,7.5,DVP,8,0.0345612642083151,0.0718178617074385,0.2967869387897874,-0.0232256508016797,0.1,1.4,-3.4271513017464718e-06,0.0224582059345343,-0.0194357088934616,0.2967869387897874,0.4745490981963928,0.1430861723446894,0.0317920892262367,0.2898106380778554,0.8214285714285726,train,3
uric_acid,2.0,6.0,DVP,5,0.1019833383222951,0.2876255669468876,1.4023590131365973,-0.0742843827748657,0.1,1.4,-8.315631488503808e-05,0.095813126242958,-0.095593403549489,1.4023590131365973,0.4016032064128255,0.0869739478957914,0.0966451509344887,1.3886860186070036,0.823529411764703,train,1
copper,2.0,8.0,DVP,0,0.0882441430150123,0.3180583953258187,1.9342139151371271,-0.1380045146347123,0.1,1.4,7.278951976890882e-05,0.2006225907735814,-0.1438868212027225,1.9342139151371271,-0.0416833667334669,0.0561122244488978,0.0849608405195969,1.9236069592822744,0.8181818181818156,train,4
glucose,5.0,7.0,DVP,4,0.2385102984527129,0.5194168539768445,2.087380835891023,-0.1787760120557529,0.1,1.4,1.1810408050817731e-05,0.1599633024601203,-0.1491135562561549,2.087380835891023,0.4997995991983969,0.1374749498997995,0.2245082601322427,2.0470623810228696,0.8148148148148133,train,3
glucose,5.0,6.5,DVP,6,0.2368686831222776,0.5248010151750222,2.17154370697064,-0.1535871368868553,0.1,1.4,-0.0003074257819917,0.1549761997528854,-0.1390655697826059,2.17154370697064,0.4829659318637275,0.1402805611222446,0.2290383537999949,2.135736309751215,0.4705882352941183,train,3
uric_acid,0.5,6.0,DVP,0,0.0296309552898425,0.0810362370540309,0.3983784072918186,-0.0317809699595596,0.1,1.4,2.092897077136549e-05,0.0293616328857387,-0.0234618168457936,0.3983784072918186,0.4044088176352706,0.0897795591182364,0.0278727957568838,0.3935336638769967,0.999999999999995,train,1
ascorbic_acid,5.0,8.0,DVP,6,0.3236336046353237,0.8218312954088269,3.672505465336796,-0.255137828992161,0.1,1.4,-0.0005308188756621,0.2593754089661184,-0.2191410108664235,3.672505465336796,0.0116232464929859,0.1122244488977955,0.3172694863113036,3.630639824053041,0.818181818181817,train,2
uric_acid,0.2,6.5,DVP,4,0.0135288486702123,0.0333163705203489,0.1696072328395392,-0.0083800933852526,0.1,1.4,2.7192316650582718e-06,0.0117639752003145,-0.0106617638261431,0.1696072328395392,0.3763527054108216,0.0841683366733467,0.0110177496765741,0.1662361433546103,0.8749999999999981,train,1
glucose,0.5,7.5,DVP,5,0.0344572093882266,0.0715702703630042,0.2870315211927468,-0.0187346826199277,0.1,1.4,-1.5903399120122446e-05,0.0202048714018937,-0.019261138604221,0.2870315211927468,0.4829659318637275,0.1486973947895791,0.0325244804058157,0.2800729626942458,0.9629629629629608,train,3
ascorbic_acid,2.0,6.5,DVP,8,0.1531984797105222,0.3846346884855223,1.7183220913576789,-0.1345848114393541,0.1,1.4,-5.093443221730221e-05,0.1301540668309754,-0.0875728808736792,1.7183220913576789,0.0761523046092184,0.1122244488977955,0.1496457931117936,1.7000088306060064,0.904761904761905,train,2
aluminum,10.0,7.0,DVP,6,0.3330768600032214,0.891129801165195,4.206897497204554,-0.2986850592587592,0.1,1.4,-0.0006116196952898,0.3005484430575845,-0.2696902922538651,4.206897497204554,-0.3110220440881763,0.0981963927855711,0.318784422618716,4.154997461682592,0.8421052631578952,train,5
dopamine,1.0,6.0,DVP,4,0.0490149591729806,0.1597374876830017,0.924587012365464,-0.047998020169696,0.1,1.4,-2.0507005881690997e-06,0.0711166984537921,-0.063320799946258,0.924587012365464,0.2529058116232465,0.0617234468937875,0.0447556398716128,0.9190776435811114,0.8333333333333366,train,0
glucose,0.1,7.0,DVP,0,0.009002294181611,0.0145385408875377,0.0592631930383487,-0.0045367993169486,0.1,1.4,8.22002760339928e-06,0.0038668867722548,-0.0048682001199262,0.0592631930383487,0.494188376753507,0.1374749498997995,0.0062469306032857,0.0557794789287061,0.884615384615387,train,3
dopamine,2.0,7.5,DVP,6,0.092871568472934,0.3083811288767795,1.7789206876811168,-0.0863606528252929,0.1,1.4,-0.0001848150023232,0.1384987211673665,-0.1434170001351597,1.7789206876811168,0.1743486973947895,0.0645290581162324,0.0890508597433114,1.76710269594567,0.9166666666666652,train,0
dopamine,0.5,6.0,DVP,8,0.0265009289929129,0.0818127081974233,0.4779880716597038,-0.0253208275065964,0.1,1.4,-7.117549565788584e-06,0.0380247322958417,-0.0334949695727463,0.4779880716597038,0.2557114228456913,0.0617234468937875,0.0229692012667857,0.4730876402654237,1.0,train,0
glucose,0.1,8.0,DVP,1,0.0090703682085499,0.0147430348061314,0.0612146210737921,-0.0029236814131112,0.1,1.4,3.8619872174419125e-06,0.0044591123547374,-0.0042799809748351,0.0612146210737921,0.4689378757515029,0.1374749498997995,0.0063765147815683,0.0578957178054372,0.884615384615387,train,3
dopamine,0.5,7.0,DVP,7,0.0258409758949817,0.0856208410732665,0.4900447314530222,-0.027302936889774,0.1,1.4,-3.2032895805027326e-05,0.043244540014521,-0.032604670790088,0.4900447314530222,0.1967935871743487,0.0645290581162325,0.0246981590064019,0.4874248912455065,0.7692307692307687,train,0
uric_acid,1.0,7.0,DVP,4,0.0567203192502888,0.1588995616348033,0.7863202403847626,-0.0489086751691221,0.1,1.4,-2.1603402179249943e-06,0.0535470119928317,-0.0506425134280416,0.7863202403847626,0.3482965931863727,0.0869739478957914,0.0536932783850276,0.7779765747260401,0.7222222222222218,train,1
ascorbic_acid,0.2,7.0,DVP,7,0.0187167985610201,0.0442078846606089,0.2027063945466621,-0.0113715051052111,0.1,1.4,-1.615474387772764e-05,0.0129599616829534,-0.0139546762111914,0.2027063945466621,0.0565130260521041,0.1094188376753507,0.0168698277662869,0.1997618809373135,0.9499999999999992,train,2
dopamine,1.0,6.0,DVP,1,0.048345004938165,0.1598227740029935,0.9237606236023972,-0.0446655896951257,0.1,1.4,-2.1359238079405803e-06,0.0827117176828313,-0.0702664629312384,0.9237606236023972,0.2585170340681363,0.0617234468937875,0.0449611793337912,0.9181952033252296,0.8333333333333306,train,0
glucose,1.0,7.0,DVP,4,0.0636880242198093,0.1345484620237955,0.5428074226621856,-0.0442383690801114,0.1,1.4,6.033134247102681e-06,0.0415447902798376,-0.0387721940604496,0.5428074226621856,0.4997995991983969,0.1374749498997995,0.0581391920257657,0.5303334184101103,0.8148148148148133,train,3
copper,5.0,7.5,DVP,1,0.1796382750585086,0.6562833313042193,3.993197234214224,-0.2000315257667148,0.1,1.4,-2.287841897642623e-05,0.3509703787712421,-0.3456709900190429,3.993197234214224,-0.0444889779559117,0.0561122244488977,0.175966860424738,3.9753052577487966,0.999999999999996,train,4
glucose,1.0,6.5,DVP,2,0.0623796577427063,0.1359412805544768,0.5528847249484623,-0.0401995750434663,0.1,1.4,-1.828791982316233e-05,0.0339784715740635,-0.0337893911329689,0.5528847249484623,0.4997995991983969,0.1402805611222444,0.0593689739831578,0.5420332581003277,0.8518518518518549,train,3
ascorbic_acid,0.2,8.0,DVP,5,0.019722004666258,0.0456310605866309,0.2104438129170618,-0.0124982591559402,0.1,1.4,-1.0255757132133975e-05,0.0144405848104178,-0.0111699241651283,0.2104438129170618,0.0172344689378757,0.1066132264529058,0.0170809655198375,0.2063171473608591,1.0,train,2
glucose,5.0,6.5,DVP,7,0.2289228819826749,0.5254600654469209,2.0521617847837805,-0.1950391767481943,0.1,1.4,-0.0001994374397088,0.1526479060406261,-0.1298150133097708,2.0521617847837805,0.5054108216432865,0.1515030060120241,0.2428832269449711,2.031969921643808,1.0,train,3
copper,5.0,6.5,DVP,1,0.177867006461084,0.6496192968731317,3.914903066077118,-0.1979585490786191,0.1,1.4,-2.2600767802591848e-05,0.3450518772370041,-0.3691593999034828,3.914903066077118,-0.0501002004008015,0.0561122244488978,0.1738096663964775,3.898132906100963,0.8181818181818156,train,4
copper,0.2,6.5,DVP,2,0.011147723801917,0.0360792417480799,0.2247287962688879,-0.0097207859199795,0.1,1.4,-4.2877271630687045e-06,0.0186905678998336,-0.0202794788725704,0.2247287962688879,-0.0529058116232464,0.0589178356713426,0.0099533883753587,0.2226000117237639,0.9090909090909112,train,4
uric_acid,2.0,8.0,DVP,1,0.104435153788013,0.2992763143931578,1.481997703519422,-0.0874181231710889,0.1,1.4,-7.862129580991084e-06,0.0895100411999369,-0.1025225373631742,1.481997703519422,0.2949899799599198,0.0869739478957916,0.1012673852761223,1.4713868770379472,0.6315789473684211,train,1
aluminum,0.2,8.0,DVP,6,0.013342895396854,0.0319848168307659,0.1536436889976908,-0.0098679628264266,0.1,1.4,-1.8222685720476813e-05,0.0094713961785079,-0.0105811297022749,0.1536436889976908,-0.3110220440881763,0.1038076152304609,0.0118545055634962,0.1504344098468691,0.6818181818181812,train,5
aluminum,0.2,6.5,DVP,5,0.0131975009511917,0.0316382929516748,0.1462268443199842,-0.0093391861973945,0.1,1.4,-6.512895368690756e-06,0.0095014847368467,-0.0104380357969533,0.1462268443199842,-0.3278557114228457,0.1038076152304609,0.0117332322172557,0.1432338664372808,0.7619047619047609,train,5
dopamine,2.0,6.5,DVP,9,0.0907157692191879,0.3005193771299742,1.7546053229547376,-0.0922007575595358,0.1,1.4,0.0003340407594059,0.1686456835806131,-0.1358048682354552,1.7546053229547376,0.2276553106212424,0.0645290581162324,0.0866965372250768,1.7424196362789954,0.9166666666666652,train,0
ascorbic_acid,5.0,6.5,DVP,8,0.3151960397669502,0.796720692583739,3.5570727701660863,-0.2812882474530201,0.1,1.4,-0.0001097541458281,0.2695223300565192,-0.1812991182721642,3.5570727701660863,0.0761523046092184,0.1122244488977955,0.3099851888045353,3.5213921387155795,0.904761904761905,train,2
aluminum,5.0,7.0,DVP,7,0.2056623448412494,0.5777185681309174,2.7347529901354504,-0.2221022450347765,0.1,1.4,-0.0002696062250907,0.1576450454792863,-0.1456571205364129,2.7347529901354504,-0.3110220440881763,0.0981963927855711,0.2080521806067611,2.719337558938373,0.9444444444444456,train,5
uric_acid,10.0,6.5,DVP,1,0.3233178746961767,0.9436185165285804,4.636561584352172,-0.2769459174151786,0.1,1.4,-3.324706254824777e-05,0.3173844718452372,-0.289545635275377,4.636561584352172,0.3791583166332665,0.0925851703406813,0.3313674353502493,4.6112819523850375,0.9411764705882344,train,1
glucose,0.5,6.0,DVP,9,0.0338558745951277,0.0703130462370082,0.2806864439961912,-0.0216049013671594,0.1,1.4,9.49347659825816e-05,0.0198210884165678,-0.02100715761442,0.2806864439961912,0.5026052104208417,0.1458917835671342,0.031478913762483,0.2734010456137802,0.6774193548387094,train,3
dopamine,0.2,7.5,DVP,6,0.0123751733243499,0.0351508694710247,0.2047089845527807,-0.0086059868270899,0.1,1.4,-1.769903235224915e-05,0.0158318190202412,-0.0164236476162149,0.2047089845527807,0.1743486973947895,0.0645290581162324,0.0101465184569854,0.2014657108599644,0.9166666666666652,train,0
ascorbic_acid,0.1,8.0,DVP,5,0.0109313661967252,0.0230456064594825,0.1072520810820947,-0.0056450270484294,0.1,1.4,-3.249202535604151e-06,0.0073156162056655,-0.0056650915673156,0.1072520810820947,0.0172344689378757,0.1066132264529058,0.0086204880549627,0.1041718123616019,1.0,train,2
copper,5.0,7.0,DVP,5,0.1814839692448642,0.6552420821687545,4.037230099577032,-0.1981679939791601,0.1,1.4,-0.0001995304113811,0.3550380418299876,-0.3225302340131104,4.037230099577032,-0.0529058116232464,0.0561122244488978,0.1749353888335541,4.018336702841759,0.6666666666666677,train,4
glucose,1.0,7.0,DVP,7,0.0615897549774468,0.1369428116849299,0.5470031339611078,-0.049179072954077,0.1,1.4,-5.151460034266035e-05,0.0392546206460953,-0.033891792519296,0.5470031339611078,0.4829659318637275,0.1430861723446892,0.0609545137009565,0.5403920954269521,0.7586206896551723,train,3
dopamine,0.5,6.0,DVP,0,0.0261414226657611,0.0827002061537878,0.4718173098705332,-0.0317982498115437,0.1,1.4,2.093431101945648e-05,0.0387892797280152,-0.0363547106380354,0.4718173098705332,0.2529058116232465,0.0645290581162324,0.0238773522214315,0.4675305168340624,0.769230769230771,train,0
glucose,0.2,7.5,DVP,2,0.0153962930356991,0.0291392174098703,0.1192256158546408,-0.0070301732517027,0.1,1.4,-1.7515576004358891e-06,0.0073015202915637,-0.0072631478095631,0.1192256158546408,0.4829659318637275,0.1430861723446894,0.0128678253303617,0.1149681439189067,0.8888888888888886,train,3
glucose,5.0,6.5,DVP,5,0.2367986298690908,0.528175185469387,2.1004056388821604,-0.15527461830354,0.1,1.4,-0.0001253742962057,0.1565107563833068,-0.126855215718729,2.1004056388821604,0.5054108216432865,0.1486973947895791,0.2407759038429871,2.067861548992744,0.9629629629629608,train,3
copper,1.0,7.0,DVP,4,0.0482083133072591,0.1695926142801463,1.0424194918366194,-0.0593507860214838,0.1,1.4,-2.8239984708135905e-06,0.1057417052733356,-0.0873222189551981,1.0424194918366194,-0.0501002004008015,0.0561122244488977,0.0453501866513053,1.037619403306593,0.999999999999996,train,4
uric_acid,1.0,6.0,DVP,0,0.0552159878911955,0.1562276032563064,0.7658738053969157,-0.0635474964643885,0.1,1.4,3.651524523774844e-05,0.0565114531619696,-0.0451595409631323,0.7658738053969157,0.4044088176352706,0.0897795591182364,0.0537273842139568,0.7584185339348403,0.999999999999995,train,1
uric_acid,0.2,8.0,DVP,3,0.0140363486827126,0.0339859959557215,0.1664687982885744,-0.0090800387689358,0.1,1.4,-1.4343546431458656e-05,0.0128054524199694,-0.0173126634919493,0.1664687982885744,0.2949899799599198,0.0869739478957916,0.0114417657681666,0.1625871188436854,0.7222222222222201,train,1
ascorbic_acid,0.1,7.5,DVP,0,0.0107701576395391,0.0226316756598016,0.1030502785985258,-0.0075300223443113,0.1,1.4,9.029302329596048e-06,0.0074413220244063,-0.007698993343377,0.1030502785985258,0.0312625250501001,0.1122244488977955,0.0087696669018014,0.0998886771574778,0.7391304347826093,train,2
ascorbic_acid,0.1,7.0,DVP,5,0.0107562358026319,0.0224631466451778,0.1009747395366573,-0.0054917845494058,0.1,1.4,-3.1010267939123592e-06,0.0074424654564488,-0.005336816862628,0.1009747395366573,0.0480961923847695,0.1122244488977955,0.0086618183044704,0.0978920098092717,0.6666666666666689,train,2
dopamine,0.2,7.0,DVP,7,0.0117592295413121,0.0350073224044809,0.2016849469199628,-0.0100621526974628,0.1,1.4,-1.0809364360293616e-05,0.0177259935181439,-0.0133615130559488,0.2016849469199628,0.1967935871743487,0.0645290581162325,0.0100995037691224,0.1993988479298436,0.7692307692307687,train,0
glucose,0.2,8.0,DVP,8,0.0157111092926369,0.0294712099996816,0.1232349645123732,-0.0079083601573487,0.1,1.4,5.989449385722378e-07,0.009468391918784,-0.0078103629232268,0.1232349645123732,0.4633266533066132,0.1318637274549099,0.012321804253061,0.118757225651058,0.8800000000000027,train,3
glucose,5.0,8.0,DVP,8,0.2421729921686504,0.5374880787076034,2.1987906953138525,-0.1918418327943736,0.1,1.4,-5.696830919184459e-05,0.1700247023824551,-0.1402017925095139,2.1987906953138525,0.4633266533066132,0.1318637274549099,0.2250006721699518,2.163605835909982,0.8800000000000027,train,3
dopamine,5.0,6.5,DVP,5,0.1855096619604072,0.6211947645499899,3.5663334458638154,-0.1671637466844449,0.1,1.4,-0.0001789522524252,0.3089188659366533,-0.2664624899766091,3.5663334458638154,0.2304609218436873,0.0617234468937875,0.1744213769848085,3.5438610002110966,1.0,train,0
copper,10.0,6.5,DVP,1,0.2758493918106398,1.0104577128052197,6.088766226278939,-0.3083778344129533,0.1,1.4,-3.739014983619954e-05,0.536737745303763,-0.5742155060605669,6.088766226278939,-0.0501002004008015,0.0561122244488978,0.2703413897698816,6.063219971217989,0.8181818181818156,train,4
aluminum,0.5,7.0,DVP,6,0.030194260609762,0.0772442329401848,0.3658522744325427,-0.0250912875620473,0.1,1.4,-4.9500181017935766e-05,0.0260781674033458,-0.0234028932275838,0.3658522744325427,-0.3110220440881763,0.0981963927855711,0.0276380248375119,0.3601958432379487,0.8421052631578952,train,5
uric_acid,0.1,7.5,DVP,5,0.0079112262915163,0.0169318219668794,0.0834440701420452,-0.0027089713184474,0.1,1.4,-1.209218638148126e-06,0.0086069368243951,-0.0058897013139316,0.0834440701420452,0.3314629258517034,0.0869739478957916,0.0057244829034696,0.0806387771647313,0.9374999999999966,train,1
aluminum,0.2,7.0,DVP,9,0.0132594388053849,0.03234444845607,0.1542540650824421,-0.0098144807552352,0.1,1.4,4.356927713446908e-05,0.0093856728020176,-0.0114445730396274,0.1542540650824421,-0.3222444889779559,0.101002004008016,0.0117788606138225,0.1511800352722651,0.7142857142857151,train,5
aluminum,2.0,7.0,DVP,2,0.1025467482215363,0.2796760914099195,1.2925824869937717,-0.0880019067882709,0.1,1.4,-6.378028714934268e-05,0.0890378182313071,-0.0756650151707167,1.2925824869937717,-0.3054108216432865,0.101002004008016,0.1020934574583702,1.2802021891248347,0.7142857142857135,train,5
copper,2.0,7.0,DVP,7,0.0837706600295028,0.3190453605014721,1.929576108134646,-0.098011723981871,0.1,1.4,-0.0001377191058682,0.1674365532852881,-0.1864191706775803,1.929576108134646,-0.0501002004008015,0.0561122244488977,0.0857513966113747,1.9264490162166048,0.999999999999996,train,4
copper,1.0,7.5,DVP,0,0.0478533004050311,0.1699169508080606,1.0279798588795153,-0.072871027609494,0.1,1.4,4.083767120134746e-05,0.1064941842567315,-0.0796663196006325,1.0279798588795153,-0.0416833667334669,0.0561122244488977,0.0452684686693983,1.0216833559524046,0.8181818181818185,train,4
copper,2.0,8.0,DVP,3,0.0911873730117735,0.3185335599037731,1.9756545429686088,-0.1089703313204933,0.1,1.4,-0.0001711709887353,0.1464870023801502,-0.1652008757156356,1.9756545429686088,-0.038877755511022,0.0561122244488978,0.085133316557696,1.961398024374164,1.0,train,4
copper,10.0,6.5,DVP,5,0.280075224637529,1.0146968749205487,6.278970510982681,-0.3070321194198148,0.1,1.4,-0.000310809422905,0.6133358435747389,-0.5833093641364728,6.278970510982681,-0.0529058116232464,0.0589178356713426,0.2789059315000139,6.250627153604963,0.9090909090909112,train,4
aluminum,0.2,7.0,DVP,2,0.0130345322423304,0.0320573595955861,0.1493584581455978,-0.0090781504873946,0.1,1.4,-3.7972144911943216e-06,0.0102182193307798,-0.0086742162406876,0.1493584581455978,-0.3054108216432865,0.101002004008016,0.0116973960256617,0.1467040677324177,0.7142857142857135,train,5
aluminum,1.0,6.0,DVP,6,0.056320819695497,0.1474588491211457,0.6867613336655276,-0.0486913082096828,0.1,1.4,-9.798824452284744e-05,0.0531491839123655,-0.0494689649937752,0.6867613336655276,-0.3390781563126252,0.0981963927855711,0.0527571325384952,0.6771180258270719,0.5909090909090912,train,5
uric_acid,1.0,6.0,DVP,7,0.053493509760699,0.1562146186491616,0.7550352512874264,-0.0532151483537093,0.1,1.4,-6.353320688922162e-05,0.0621747820890633,-0.0517538614295075,0.7550352512874264,0.4044088176352706,0.0981963927855711,0.0567496194029192,0.7514840259408401,0.9444444444444456,train,1
glucose,5.0,7.0,DVP,1,0.2360998397067867,0.5300210271297889,2.10518004623654,-0.1638253971415056,0.1,1.4,1.150377956072221e-05,0.1532479899994875,-0.1528403081424737,2.10518004623654,0.4857715430861723,0.1430861723446894,0.2353620346824187,2.0800409657976147,0.8888888888888886,train,3
aluminum,1.0,7.5,DVP,1,0.0562989051212894,0.1503150744981091,0.7015393538178454,-0.047729193550521,0.1,1.4,-2.4792994366435174e-06,0.0487127660710281,-0.0589384959272956,0.7015393538178454,-0.3082164328657314,0.0981963927855711,0.0542065490735756,0.6947197260651433,0.9444444444444456,train,5
copper,0.5,8.0,DVP,8,0.0260964424496614,0.0893419214932842,0.5524879257646279,-0.0270518576820771,0.1,1.4,-8.648260181187043e-06,0.0463363720574331,-0.0453499228567767,0.5524879257646279,-0.038877755511022,0.0561122244488978,0.0239057562109673,0.5481762704520506,1.0,train,4
copper,5.0,7.5,DVP,7,0.1727763535235873,0.6638199772378061,4.028422913520915,-0.2065257954211088,0.1,1.4,-0.0002908583018621,0.3853275763030261,-0.3945570888171437,4.028422913520915,-0.0416833667334669,0.0561122244488977,0.1778961281785911,4.023029099226327,0.8181818181818185,train,4
aluminum,1.0,6.0,DVP,5,0.0563003841154169,0.1475643880031524,0.6783120092080198,-0.0468747626260625,0.1,1.4,-4.488110749145976e-05,0.0455671733878037,-0.051600205749911,0.6783120092080198,-0.3278557114228457,0.0981963927855711,0.0529684907282911,0.6703557747124005,0.9444444444444436,train,5
dopamine,5.0,8.0,DVP,5,0.1924783474403187,0.6503082155688651,3.746311318511143,-0.1841628790215819,0.1,1.4,-0.0001857336668336,0.2726274080312045,-0.282423324768825,3.746311318511143,0.1462925851703407,0.0645290581162325,0.1881685522616323,3.72599513339966,0.9166666666666686,train,0
glucose,1.0,7.0,DVP,5,0.0636500368896968,0.1374254743749887,0.5562399190292308,-0.0386420873356319,0.1,1.4,-3.2139811163991586e-05,0.0407776260602743,-0.0354308927159163,0.5562399190292308,0.4829659318637275,0.1515030060120241,0.0631665598239072,0.5456058069867189,0.7419354838709685,train,3
copper,5.0,8.0,DVP,8,0.1842132936954215,0.6630057343657765,4.091701147608907,-0.2131699251199101,0.1,1.4,-8.988512356206468e-05,0.344030465738122,-0.3366511507012688,4.091701147608907,-0.038877755511022,0.0561122244488978,0.1775084451313805,4.0704517200302535,1.0,train,4
copper,2.0,6.0,DVP,6,0.0875604515948976,0.315857441501266,1.9316650301392668,-0.0976742403607517,0.1,1.4,-0.0001986274579238,0.1827005067066427,-0.1478831197940754,1.9316650301392668,-0.0613226452905811,0.0561122244488978,0.0843226909952469,1.920851959624733,0.8181818181818156,train,4
dopamine,2.0,6.5,DVP,6,0.0906278164775497,0.3006373349159064,1.7169788329708755,-0.0842302690605644,0.1,1.4,-0.0001803061147394,0.1353679541174625,-0.1341269144529836,1.7169788329708755,0.2276553106212424,0.0645290581162324,0.0868261136932839,1.7050576025465296,0.9166666666666652,train,0
dopamine,1.0,6.5,DVP,8,0.0497916338253369,0.161156492363451,0.9398393675860678,-0.0517061751395581,0.1,1.4,-1.768869506689806e-05,0.0815075963211019,-0.0715111346609036,0.9398393675860678,0.2276553106212424,0.0617234468937876,0.0453233589024015,0.9323148090954844,0.9999999999999964,train,0
uric_acid,0.5,6.5,DVP,9,0.0301702777421461,0.0813118973832098,0.4047854105619952,-0.0242505525207158,0.1,1.4,9.589872964389536e-05,0.0291589977480951,-0.0221343783059624,0.4047854105619952,0.3763527054108216,0.0897795591182365,0.0278883492914903,0.3994511410059547,0.882352941176471,train,1
dopamine,0.2,7.0,DVP,3,0.012443053963704,0.0348504774761222,0.2038380110341566,-0.008967238027972,0.1,1.4,-1.414913073042034e-05,0.0176757587520098,-0.0173349179015933,0.2038380110341566,0.2024048096192384,0.0617234468937876,0.0098162329461518,0.2006274725840012,0.9999999999999964,train,0
dopamine,0.1,6.5,DVP,1,0.007028198680202,0.0172590332305142,0.1003076290275046,-0.0036802446965292,0.1,1.4,3.3535875860893264e-06,0.0076420488022497,-0.0066155919143186,0.1003076290275046,0.2276553106212424,0.0645290581162324,0.0049817575636148,0.0977985539463423,0.9166666666666652,train,0
ascorbic_acid,1.0,7.0,DVP,4,0.0837807948728715,0.2109218890605817,0.9270028547054576,-0.072984620020613,0.1,1.4,-4.43810477894635e-06,0.0583168893534961,-0.0576988772838028,0.9270028547054576,0.0537074148296593,0.1150300601202404,0.0832574510110127,0.9176341220745224,0.8636363636363648,train,2
ascorbic_acid,0.2,6.0,DVP,3,0.0192937786894578,0.0436643133819593,0.2006783924941849,-0.0124703225616443,0.1,1.4,-2.0186809512103556e-05,0.0119323801126717,-0.0228228581215173,0.2006783924941849,0.0929859719438878,0.1094188376753506,0.016591759781614,0.1959557460550712,0.772727272727274,train,2
aluminum,0.5,6.5,DVP,3,0.0305661022984823,0.0776476463535346,0.3632608369320668,-0.027370000709756,0.1,1.4,-4.111689967117348e-05,0.0256843191089079,-0.0425599243031463,0.3632608369320668,-0.3278557114228457,0.0981963927855711,0.027743928373562,0.3572081519170078,0.8421052631578941,train,5
glucose,5.0,7.5,DVP,6,0.2399667930468645,0.5310943854830055,2.208606093908944,-0.1554446562709013,0.1,1.4,-0.000327217845377,0.1454479719987198,-0.1627389614836294,2.208606093908944,0.4829659318637275,0.1430861723446894,0.2360922717842296,2.1728572832274224,0.9615384615384596,train,3
uric_acid,10.0,6.0,DVP,2,0.3186018868326384,0.9390933044524664,4.616289126003253,-0.2714512752494619,0.1,1.4,-0.0002035830396129,0.338566923011472,-0.3355191215789255,4.616289126003253,0.3987975951903807,0.0841683366733466,0.3098560721893334,4.584773437218331,0.7647058823529397,train,1
uric_acid,0.2,7.0,DVP,7,0.0131447017426527,0.0337737915253003,0.1702073473450134,-0.0100432981461621,0.1,1.4,-1.0700039334974425e-05,0.0138492318616087,-0.0103687523688459,0.1702073473450134,0.3511022044088177,0.0869739478957914,0.0114185979937884,0.1677629333990596,0.8235294117647073,train,1
uric_acid,0.2,6.5,DVP,6,0.0135243094579646,0.0331939662642079,0.1645722209533948,-0.0083352363487585,0.1,1.4,-1.708860185231695e-05,0.0148712821224764,-0.0118681505847856,0.1645722209533948,0.3791583166332665,0.0897795591182364,0.0114111806576894,0.1610409079024704,0.8823529411764687,train,1
uric_acid,10.0,6.5,DVP,3,0.3326329444006087,0.9440712649479648,4.666706186229665,-0.2887692199391989,0.1,1.4,-0.0004963967233704,0.3505275360338609,-0.4718887161950358,4.666706186229665,0.3707414829659319,0.0841683366733467,0.3112224920616219,4.62204753946262,0.666666666666666,train,1
uric_acid,0.2,6.5,DVP,0,0.0134166214728941,0.0333503925445681,0.1692766821925471,-0.0121260783309001,0.1,1.4,1.1051929694714296e-05,0.0111317376905904,-0.0109025404757322,0.1692766821925471,0.3763527054108216,0.0841683366733467,0.0110162068148001,0.1659308293015411,0.8749999999999981,train,1
aluminum,1.0,6.5,DVP,6,0.0565418637997687,0.1480413136654776,0.6845456903120308,-0.0488928933367908,0.1,1.4,-9.840241663835512e-05,0.0521732120609511,-0.0457920156974315,0.6845456903120308,-0.3222444889779559,0.101002004008016,0.0538962800000417,0.674824184751265,0.9999999999999988,train,5
glucose,0.5,6.0,DVP,5,0.033823956699733,0.0706776344949602,0.2856784752441589,-0.0192855336210089,0.1,1.4,-1.200317760768102e-05,0.0202366104236139,-0.0154858810043875,0.2856784752441589,0.5054108216432865,0.1402805611222444,0.0309819109649807,0.2792415385760655,0.7857142857142849,train,3
dopamine,2.0,6.0,DVP,9,0.0895927147875114,0.2971393670357474,1.699824671728006,-0.0910051932983787,0.1,1.4,0.0003297786750846,0.1521981523551672,-0.1288802911132469,1.699824671728006,0.2585170340681363,0.0645290581162324,0.085563004578582,1.6878852404091176,0.9166666666666652,train,0
uric_acid,0.1,7.0,DVP,2,0.0077554933520604,0.0169153140172977,0.086975138567488,-0.0035457215216027,0.1,1.4,1.913130083028049e-07,0.0063387417148389,-0.0050040716347572,0.086975138567488,0.3539078156312625,0.0869739478957914,0.0057116733019113,0.0842842646583341,0.9374999999999988,train,1
glucose,2.0,6.5,DVP,1,0.1145220375631626,0.2542408360126387,1.0011306616566311,-0.0777096862257837,0.1,1.4,1.184686389848144e-05,0.0756061798956253,-0.0722000100575837,1.0011306616566311,0.4969939879759518,0.1486973947895793,0.1156883627309094,0.987617931238658,0.8275862068965505,train,3
aluminum,0.5,6.0,DVP,1,0.0296123340888091,0.0771781247605906,0.3582006371846245,-0.0241164020902503,0.1,1.4,6.833077273035865e-07,0.0268409892956204,-0.0273581811394609,0.3582006371846245,-0.3362725450901803,0.1038076152304609,0.028731442330834,0.3537019907255335,0.6818181818181827,train,5
uric_acid,0.1,6.0,DVP,7,0.0075134123743027,0.0165872585653456,0.0822024290042149,-0.0040147379702361,0.1,1.4,-3.3223161895502408e-06,0.0067026239887581,-0.0055855969355046,0.0822024290042149,0.4044088176352706,0.0981963927855711,0.006020396524364,0.0799036766791893,0.9444444444444456,train,1
glucose,0.1,7.0,DVP,6,0.0090538887332556,0.0145276250891744,0.0641071657568409,-0.0029553273903243,0.1,1.4,-5.262424568563911e-06,0.0040849640731214,-0.004252065383917,0.0641071657568409,0.4829659318637275,0.1346693386773545,0.0061743017461969,0.0605018744640049,0.8461538461538464,train,3
dopamine,1.0,7.0,DVP,3,0.0511145008745521,0.1642344580100802,0.9523104544150572,-0.047703454527868,0.1,1.4,-8.091224483630877e-05,0.0830367426660887,-0.0813224746539514,0.9523104544150572,0.2024048096192384,0.0617234468937876,0.0462422997869128,0.944678314673494,0.9999999999999964,train,0
dopamine,1.0,6.0,DVP,6,0.048993941881965,0.1594521343512613,0.9308554647397363,-0.0433404698102659,0.1,1.4,-9.376419154431416e-05,0.0755753857554294,-0.070562836093714,0.9308554647397363,0.2529058116232465,0.0617234468937875,0.0447245775600611,0.9233281577578946,0.8333333333333366,train,0
dopamine,0.1,7.5,DVP,3,0.0073296244730393,0.0178649459730488,0.1047049517793274,-0.0038882245973307,0.1,1.4,-5.321788756307197e-06,0.007615268637276,-0.008805149792111,0.1047049517793274,0.1771543086172344,0.0645290581162324,0.0051572707846407,0.1019919585837536,0.769230769230771,train,0
uric_acid,10.0,7.5,DVP,6,0.3331468370266441,0.9545502611103228,4.715225288662013,-0.2814817834212438,0.1,1.4,-0.0005977825044953,0.3976498904471224,-0.2813898597378841,4.715225288662013,0.3314629258517034,0.0869739478957916,0.3219731692381977,4.673669588113107,0.9374999999999966,train,1
uric_acid,1.0,6.0,DVP,8,0.0559069147326109,0.1561164384921079,0.7742221731279161,-0.0509785215094168,0.1,1.4,-1.7396972618165502e-05,0.0559203231460301,-0.0472304896178134,0.7742221731279161,0.4072144288577154,0.0897795591182364,0.0536206959137061,0.7667954295322048,0.8823529411764687,train,1
glucose,1.0,7.0,DVP,1,0.0630612869579573,0.1373052254845429,0.5473683754230776,-0.0411944197669581,0.1,1.4,5.953408551480348e-06,0.0398487922007672,-0.03969751079009,0.5473683754230776,0.4857715430861723,0.1430861723446894,0.0609432620133782,0.5387675866737152,0.8888888888888886,train,3
dopamine,0.1,6.0,DVP,9,0.0070402022802014,0.0169864534525519,0.0993138485506134,-0.0034618699548461,0.1,1.4,2.3064064279514797e-05,0.0087933285080474,-0.0074561927020347,0.0993138485506134,0.2585170340681363,0.0645290581162324,0.0048850931159445,0.0965504268230688,0.9166666666666652,train,0
dopamine,0.2,6.0,DVP,2,0.0117877733713425,0.0340342067495612,0.1987572099487031,-0.0078252035200064,0.1,1.4,-3.3863697220714446e-06,0.0172300911683246,-0.0146710951914107,0.1987572099487031,0.2557114228456913,0.0617234468937875,0.0095339095441744,0.1959459244064661,1.0,train,0
uric_acid,0.1,6.0,DVP,2,0.0076518883275029,0.0166054762632993,0.0838925162161056,-0.0034633846236766,0.1,1.4,2.601677374776644e-07,0.0060802787806913,-0.0060380454895674,0.0838925162161056,0.3987975951903807,0.0841683366733466,0.005481248804937,0.0812750207664045,0.7647058823529397,train,1
copper,0.5,6.0,DVP,9,0.0255247243742813,0.0873002081089943,0.5316890649013167,-0.0237515477637333,0.1,1.4,0.0001054689155701,0.056500317750531,-0.0407395620368898,0.5316890649013167,-0.0613226452905811,0.0561122244488978,0.0233748873411221,0.5275746414055347,0.8181818181818156,train,4
ascorbic_acid,10.0,7.5,DVP,4,0.4975906786851931,1.2765236387442602,5.583263920105162,-0.4491916892488174,0.1,1.4,-4.720429646871249e-05,0.3940746201693348,-0.348617680979083,5.583263920105162,0.0200400801603206,0.1122244488977955,0.4939591596594556,5.529051516560569,0.4814814814814826,train,2
copper,1.0,7.5,DVP,3,0.0494287777735978,0.1703439676998741,1.0404746663386366,-0.0578850552439085,0.1,1.4,-8.97515999039916e-05,0.0862484960470128,-0.0884224262438478,1.0404746663386366,-0.0472945891783567,0.0561122244488977,0.0454943935570036,1.032036174836302,0.8181818181818185,train,4
ascorbic_acid,0.5,6.0,DVP,6,0.0435990071463925,0.1062550992963394,0.479549341643863,-0.0299304169510098,0.1,1.4,-6.538225311795809e-05,0.0340235119074433,-0.0289653133179132,0.479549341643863,0.0901803607214428,0.1094188376753507,0.040486453449458,0.4719451271265472,0.7727272727272726,train,2
uric_acid,0.1,7.0,DVP,8,0.0078820159553135,0.0168688144977154,0.0847614216917389,-0.0034181159433013,0.1,1.4,1.65765243641333e-06,0.0063523699327891,-0.0049128922455648,0.0847614216917389,0.3454909819639279,0.0869739478957914,0.0056845967905771,0.0818764412514058,0.6315789473684225,train,1
dopamine,10.0,7.5,DVP,9,0.2950983349838386,0.9990666266163218,5.7710225197089,-0.298297702966998,0.1,1.4,0.0010926331593209,0.4256359201348976,-0.5223163685414027,5.7710225197089,0.1687374749498997,0.0645290581162324,0.2878088710370546,5.740279911530069,0.7692307692307657,train,0
aluminum,2.0,6.0,DVP,1,0.1023210619690791,0.2764424336474106,1.27978892972096,-0.0884630150936382,0.1,1.4,-7.935337125711913e-06,0.0960752887356299,-0.0978775016403238,1.27978892972096,-0.3362725450901803,0.1038076152304609,0.1029956728286766,1.2679744608210617,0.6818181818181827,train,5
uric_acid,0.2,6.0,DVP,2,0.0132164910208661,0.0331114009172058,0.1650019759474432,-0.0080393863536248,0.1,1.4,-3.387706409810766e-06,0.012030290309517,-0.0119342709027628,0.1650019759474432,0.3987975951903807,0.0841683366733466,0.0109223242223029,0.1617976954132018,0.7647058823529397,train,1
aluminum,1.0,8.0,DVP,3,0.0581507738147874,0.1514673398666156,0.7055609123290961,-0.0540989949494665,0.1,1.4,-8.371740104131716e-05,0.0512685673168316,-0.0827321792401537,0.7055609123290961,-0.294188376753507,0.101002004008016,0.0549986795074489,0.6951236945796622,0.8000000000000006,train,5
glucose,1.0,8.0,DVP,2,0.0635570878816828,0.1385318842052856,0.5558041797105427,-0.0409608105972475,0.1,1.4,-2.436639184586756e-05,0.0362954044541057,-0.0343662228837146,0.5558041797105427,0.4549098196392785,0.1486973947895792,0.0627821784003403,0.5448024716752177,0.7666666666666656,train,3
uric_acid,2.0,7.5,DVP,3,0.1064754575960307,0.2970163854433555,1.533792771446942,-0.0902412848334883,0.1,1.4,-0.000154227562309,0.1020386764157809,-0.149223231909784,1.533792771446942,0.3230460921843687,0.0869739478957916,0.0998588789479567,1.5161447242526558,0.722222222222224,train,1
glucose,1.0,6.5,DVP,0,0.062798728550808,0.1361134281951792,0.5391263021359928,-0.0574867077614747,0.1,1.4,4.417350330828351e-05,0.0347707910339553,-0.0441311740082356,0.5391263021359928,0.494188376753507,0.1458917835671342,0.0610125775966242,0.5293210343317566,0.7333333333333317,train,3
dopamine,5.0,6.5,DVP,1,0.1830536224259055,0.6248808299609425,3.553381840488838,-0.1783538077778977,0.1,1.4,-2.004190938493272e-05,0.2747744832787413,-0.2373713520819049,3.553381840488838,0.2276553106212424,0.0645290581162324,0.1804538301902545,3.5376301202102227,0.9166666666666652,train,0
glucose,10.0,7.5,DVP,0,0.3690868168761423,0.8268884676105547,3.278910244492377,-0.3579461130343297,0.1,1.4,0.0002221707171491,0.2132858222644952,-0.2639691182020814,3.278910244492377,0.4633266533066132,0.1458917835671342,0.3705100715285557,3.227080065098866,0.5757575757575777,train,3
ascorbic_acid,0.1,7.0,DVP,4,0.0107624141669291,0.0226471730835435,0.1012890640834895,-0.006653089096301,0.1,1.4,3.107526488150214e-06,0.0063022028544807,-0.0063067371431692,0.1012890640834895,0.0537074148296593,0.1150300601202404,0.008923846455697,0.0984028275967504,0.8636363636363648,train,2
ascorbic_acid,0.1,8.0,DVP,7,0.010589316537019,0.0228368379748976,0.1004804420124041,-0.0052148288623915,0.1,1.4,-6.465820613954537e-06,0.006261965099489,-0.0067558267249647,0.1004804420124041,0.0088176352705411,0.1178356713426853,0.0091548396673655,0.0980518591037826,0.6800000000000007,train,2
ascorbic_acid,2.0,6.5,DVP,3,0.1549926912568458,0.3847348541999498,1.719220332553942,-0.1218568573798482,0.1,1.4,-0.0002082668813914,0.1210727156791809,-0.2001822869100648,1.719220332553942,0.0789579158316633,0.1094188376753507,0.1463263306243447,1.6933675633132683,0.9499999999999992,train,2
ascorbic_acid,2.0,8.0,DVP,9,0.1573947506834162,0.3967384331931177,1.7411864007639062,-0.1141050137879199,0.1,1.4,0.0004665916955192,0.1184442122842267,-0.1021831932722113,1.7411864007639062,0.0116232464929859,0.1122244488977955,0.1531446401970681,1.7185053410164564,0.818181818181817,train,2
aluminum,0.1,7.0,DVP,1,0.0073463587440955,0.0161716760927863,0.0761802237219389,-0.0044133876326627,0.1,1.4,3.3223581954283456e-06,0.0055071196581646,-0.0062131088919035,0.0761802237219389,-0.3166332665330661,0.1066132264529057,0.0061212099355859,0.0741314624480178,0.8999999999999994,train,5
uric_acid,2.0,7.5,DVP,9,0.1048589397802173,0.2990945530968998,1.4957419172257642,-0.0935312243019171,0.1,1.4,0.000338628613904,0.1039465620917763,-0.0830731208432815,1.4957419172257642,0.3258517034068136,0.0897795591182365,0.1029931515657573,1.481300599210357,0.7777777777777766,train,1
glucose,0.2,7.5,DVP,7,0.0151381320420715,0.0291641060728217,0.1181532244081945,-0.0087095783696359,0.1,1.4,-8.430389476172056e-06,0.0082013460481967,-0.0073252843535275,0.1181532244081945,0.4773547094188376,0.1402805611222444,0.0127988004616091,0.1145943120621516,1.0,train,3
glucose,0.5,7.0,DVP,3,0.0346956542281991,0.0713736077170628,0.2872101903849773,-0.0213399560861676,0.1,1.4,-3.234207358938576e-05,0.0257024941571048,-0.0380512305777958,0.2872101903849773,0.4829659318637275,0.1430861723446892,0.0316385776327846,0.2797032354891143,0.7000000000000011,train,3
copper,10.0,6.0,DVP,7,0.2639797562916027,1.0169689646354465,6.154905374934699,-0.3171877273093495,0.1,1.4,-0.0004470286404341,0.5397131308675824,-0.5128190130073492,6.154905374934699,-0.0613226452905811,0.0561122244488978,0.2727422491826278,6.14677723512223,0.8181818181818156,train,4
dopamine,0.1,7.0,DVP,5,0.007162060959155,0.0174015253908943,0.1017727372922456,-0.0035995574661878,0.1,1.4,-1.1991508169936431e-06,0.0079464580191484,-0.0078360550115891,0.1017727372922456,0.2024048096192384,0.0645290581162325,0.0050201240076113,0.0992021936399838,0.9166666666666686,train,0
aluminum,2.0,8.0,DVP,2,0.1033557617803168,0.2820902516820947,1.357465358481693,-0.0886856315510258,0.1,1.4,-6.429992729849862e-05,0.0867881450989568,-0.0717178115273287,1.357465358481693,-0.3054108216432865,0.0981963927855711,0.1012340514506967,1.3454135984108142,0.8421052631578961,train,5
glucose,2.0,8.0,DVP,4,0.1179026265893656,0.253824259912208,1.022170471950158,-0.0858802680518976,0.1,1.4,1.5665628184340086e-06,0.0730870113700686,-0.0729248947867046,1.022170471950158,0.4577154308617234,0.1430861723446894,0.112299711501178,1.0016882763086257,0.7586206896551702,train,3
dopamine,10.0,8.0,DVP,9,0.2987166375336146,1.017163497524782,5.857994878840719,-0.3020051648450729,0.1,1.4,0.0011060512969748,0.5096691699842881,-0.4368176728206305,5.857994878840719,0.1462925851703407,0.0617234468937876,0.2866392040678205,5.826774015975535,0.9999999999999964,train,0
dopamine,5.0,6.5,DVP,6,0.185586110225872,0.6228641162167124,3.5548321840421555,-0.1774595457206853,0.1,1.4,-0.0003776228305999,0.2803918699276477,-0.2777959350173091,3.5548321840421555,0.2276553106212424,0.0645290581162324,0.1799085681428833,3.532737425370947,0.9166666666666652,train,0
copper,0.2,6.5,DVP,9,0.0113867189604958,0.0360230895809433,0.2186525038101621,-0.0091622580507186,0.1,1.4,4.604589593646657e-05,0.0206818251823339,-0.0158592697650717,0.2186525038101621,-0.0557114228456914,0.0589178356713426,0.0099141716567208,0.2160470777289012,0.9090909090909042,train,4
uric_acid,0.5,7.5,DVP,1,0.0303102757479823,0.0826321114053705,0.4137674052184057,-0.0232164060826132,0.1,1.4,7.369455124427507e-07,0.0276330478796046,-0.0249535239956059,0.4137674052184057,0.3258517034068136,0.0869739478957916,0.0279003118140948,0.409492435792195,0.8235294117647053,train,1
copper,0.1,7.5,DVP,3,0.006636973215849,0.0183505953777705,0.1132117693040369,-0.0054431467442851,0.1,1.4,-6.170018925816288e-06,0.0092560840787461,-0.0096050304857014,0.1132117693040369,-0.0472945891783567,0.0561122244488977,0.0048929033619392,0.1109441028096509,0.8181818181818185,train,4
uric_acid,0.5,7.0,DVP,0,0.0301373797206798,0.0822803329368569,0.4096813283199795,-0.0324239049680497,0.1,1.4,2.124129554694955e-05,0.02775025945687,-0.0295987057973348,0.4096813283199795,0.3482965931863727,0.0869739478957914,0.0277156427056355,0.4046312878973251,0.7222222222222218,train,1
dopamine,5.0,7.5,DVP,1,0.1876395247493448,0.6378327101438761,3.708006978182708,-0.182744599190759,0.1,1.4,-2.063000494666499e-05,0.2913647117304876,-0.2633274971934727,3.708006978182708,0.1659318637274549,0.0617234468937876,0.1795989005350382,3.6898760581061,0.5714285714285726,train,0
copper,1.0,8.0,DVP,8,0.048870474522096,0.1719680178317433,1.062251147017919,-0.053858986736909,0.1,1.4,-2.034904297267165e-05,0.0892141221760508,-0.0873068898302632,1.062251147017919,-0.038877755511022,0.0561122244488978,0.0460344782390316,1.0555868268230986,1.0,train,4
glucose,0.1,7.5,DVP,0,0.0090445836297393,0.0146132183369304,0.0606062868093387,-0.0045644335486141,0.1,1.4,8.043010242320039e-06,0.0038956720953955,-0.0048258837211605,0.0606062868093387,0.4633266533066132,0.1458917835671342,0.0065373917093193,0.0571028934251679,0.5757575757575777,train,3
dopamine,2.0,6.0,DVP,4,0.0895450020335005,0.2975453930873271,1.7202458116519963,-0.0914837095007525,0.1,1.4,-7.286300487377315e-06,0.132410251917264,-0.1178903880271283,1.7202458116519963,0.2529058116232465,0.0617234468937875,0.0833574272683419,1.7116592767488532,0.8333333333333366,train,0
dopamine,2.0,7.0,DVP,5,0.0917123732831269,0.3037468349470867,1.740573926506309,-0.0853491734513698,0.1,1.4,-8.545195916665821e-05,0.1376917916642958,-0.1354880647362111,1.740573926506309,0.2024048096192384,0.0645290581162325,0.0875696706739757,1.7287816007235677,0.9166666666666686,train,0
ascorbic_acid,0.5,7.5,DVP,3,0.0455257184170474,0.1088520941926121,0.488579232688162,-0.0358096765645992,0.1,1.4,-5.657794184844878e-05,0.02939087656507,-0.0571396806304107,0.488579232688162,0.0284569138276553,0.1150300601202404,0.0426903109106975,0.4798262259647222,0.7083333333333346,train,2
glucose,2.0,6.5,DVP,2,0.1140029296499384,0.2532485529136808,1.0276092226328692,-0.0766276990463855,0.1,1.4,-3.742032284283997e-05,0.0632090010435982,-0.0628307699265219,1.0276092226328692,0.4997995991983969,0.1402805611222444,0.1106331267838128,1.0098307057376807,0.8518518518518549,train,3
copper,10.0,6.0,DVP,8,0.2800911919305388,1.0143537500498356,6.261371991196653,-0.2900483669590705,0.1,1.4,-0.0001390318567479,0.512921013160953,-0.526999569971766,6.261371991196653,-0.0613226452905811,0.0561122244488978,0.2718259353787984,6.231156702802997,0.8181818181818156,train,4
aluminum,0.5,7.0,DVP,9,0.0302198026789588,0.0787821475366245,0.3739189152246898,-0.0258838161406298,0.1,1.4,9.986961923905344e-05,0.0227274624985606,-0.027838508477479,0.3739189152246898,-0.3222444889779559,0.101002004008016,0.0286761678571788,0.3682106151424224,0.7142857142857151,train,5
aluminum,1.0,6.0,DVP,1,0.0556438539471773,0.1485194020466632,0.6881520011791151,-0.0471540783507225,0.1,1.4,-2.402379936121697e-06,0.0516285779840188,-0.05260583909656,0.6881520011791151,-0.3362725450901803,0.1038076152304609,0.0553166316135709,0.6810029084676008,0.6818181818181827,train,5
aluminum,2.0,6.0,DVP,4,0.1036208207589219,0.2777911855068267,1.290228674547473,-0.1028697013120906,0.1,1.4,-7.769998027546133e-06,0.0962606988372635,-0.0825681288995174,1.290228674547473,-0.3278557114228457,0.101002004008016,0.1015441679055886,1.2771172313622017,0.8947368421052625,train,5
dopamine,0.5,7.0,DVP,6,0.0270264318903611,0.084771894323255,0.497369097069913,-0.0221096340513938,0.1,1.4,-4.814397454224149e-05,0.0414805404199371,-0.0377045786740158,0.497369097069913,0.1995991983967936,0.0645290581162325,0.0244302780062805,0.4923763298502558,0.9166666666666686,train,0
aluminum,1.0,7.5,DVP,5,0.056963282302326,0.1497979483035929,0.7081422082562505,-0.0474467113519738,0.1,1.4,-4.546574336946748e-05,0.0454312133275517,-0.0404842861786121,0.7081422082562505,-0.3054108216432865,0.0981963927855711,0.0537645121126133,0.6989161682242596,0.8421052631578941,train,5
glucose,2.0,6.0,DVP,0,0.1140109805308876,0.2522253630037025,1.0183994312088118,-0.1080052028655075,0.1,1.4,8.336886187553361e-05,0.0642523737027638,-0.0798637634371072,1.0183994312088118,0.5110220440881764,0.1430861723446894,0.1115106228664092,1.001500375008984,0.7586206896551749,train,3
aluminum,1.0,7.5,DVP,9,0.0570332208281482,0.1521553097198804,0.7071023068387764,-0.051282547382109,0.1,1.4,0.0001888567906409,0.0438152229258892,-0.0515576244604341,0.7071023068387764,-0.3054108216432865,0.0981963927855711,0.0543635330333356,0.6973949757704122,0.8421052631578941,train,5
dopamine,10.0,6.0,DVP,4,0.284089207763996,0.959024420089129,5.539408048227352,-0.3002150182898234,0.1,1.4,-3.241718000357752e-05,0.4266193085419296,-0.3798244108153059,5.539408048227352,0.2529058116232465,0.0617234468937875,0.2686297541816613,5.515787802872869,0.8333333333333366,train,0
dopamine,1.0,8.0,DVP,7,0.04906912377177,0.1685435122671942,0.9624603746899328,-0.0473999056250548,0.1,1.4,-6.699939669902596e-05,0.0864969973622822,-0.0872163710694878,0.9624603746899328,0.1490981963927855,0.0617234468937876,0.0475280139336044,0.959274064741912,0.8333333333333339,train,0
copper,2.0,7.5,DVP,7,0.0841827745515132,0.320518793840389,1.945762118780329,-0.0984952260675848,0.1,1.4,-0.0001384014424508,0.1860390669752651,-0.1905085202022481,1.945762118780329,-0.0416833667334669,0.0561122244488977,0.0858957133243639,1.9424361361315088,0.8181818181818185,train,4
copper,0.1,8.0,DVP,8,0.0065758435304318,0.0185231849727157,0.1155480218332355,-0.0042935015991176,0.1,1.4,1.3809822115138925e-06,0.0095840148129036,-0.0093868083080739,0.1155480218332355,-0.038877755511022,0.0561122244488978,0.0049552530650221,0.1135554173546106,1.0,train,4
glucose,0.2,6.5,DVP,7,0.0149724251003054,0.0288365077743889,0.1151518002655779,-0.0085839994632573,0.1,1.4,-7.416635436006947e-06,0.0085040952728306,-0.0072645333996958,0.1151518002655779,0.5054108216432865,0.1515030060120241,0.0133127756204359,0.1115377043574846,1.0,train,3
dopamine,0.2,6.5,DVP,2,0.0119131736757643,0.0344188030738519,0.1974427605935254,-0.0079429669671091,0.1,1.4,-3.484820943671429e-06,0.016697857476818,-0.0155514759571501,0.1974427605935254,0.2276553106212424,0.0645290581162324,0.0099287167554581,0.1946269539206824,0.9166666666666652,train,0
copper,1.0,7.5,DVP,2,0.0473428902386601,0.1708602617841736,1.0539595123655054,-0.0504056269884695,0.1,1.4,-3.523764770887443e-05,0.106654301389486,-0.0996150797124222,1.0539595123655054,-0.0444889779559117,0.0533066132264528,0.0441533116728195,1.0487663677141117,0.900000000000002,train,4
copper,0.2,6.5,DVP,0,0.0112558723510728,0.0358329992619408,0.2234431514352556,-0.0142878936867703,0.1,1.4,1.1831535165125191e-05,0.0183069979843504,-0.0172180712070843,0.2234431514352556,-0.0529058116232464,0.0561122244488978,0.0095846503839893,0.2210348136727197,1.0,train,4
ascorbic_acid,10.0,8.0,DVP,2,0.4942447336647362,1.2826503434239538,5.805384245471327,-0.3709232571113531,0.1,1.4,-0.0002908955849408,0.4317468075410482,-0.3480782748993458,5.805384245471327,0.0172344689378757,0.1066132264529058,0.4816245664489755,5.754015751369342,1.0,train,2
uric_acid,10.0,8.0,DVP,4,0.3362310455311586,0.9669659020356932,4.85395647623462,-0.3112002139985884,0.1,1.4,-3.37397780519465e-05,0.2939507631775824,-0.2723322040119356,4.85395647623462,0.3006012024048096,0.0897795591182365,0.3319251265861642,4.819279437254233,0.7777777777777766,train,1
uric_acid,2.0,7.5,DVP,7,0.1005233833454655,0.2995624072661988,1.5046171106693782,-0.1035705346184756,0.1,1.4,-0.0001251579111477,0.1059689957000883,-0.0997671058807603,1.5046171106693782,0.3230460921843687,0.0897795591182365,0.1033838922965464,1.4996181906645278,0.6842105263157905,train,1
uric_acid,10.0,7.5,DVP,1,0.329153474388017,0.9567043355563348,4.765356160829763,-0.2820418783086592,0.1,1.4,-3.392972262426952e-05,0.3190804196233543,-0.2879046653583192,4.765356160829763,0.3258517034068136,0.0869739478957916,0.322899421758908,4.737166295936647,0.8235294117647053,train,1
copper,2.0,6.0,DVP,5,0.0875198573045436,0.3136380568504296,1.8954296742429788,-0.0940792402812638,0.1,1.4,-9.313270161795144e-05,0.2002762497817348,-0.1928959748812336,1.8954296742429788,-0.0585170340681362,0.0561122244488978,0.083598310106477,1.885239350642727,1.0,train,4
glucose,10.0,7.0,DVP,4,0.3696270041273906,0.8080684601053677,3.2458108958126517,-0.2796792442874838,0.1,1.4,1.6143363403602618e-05,0.2487771865953324,-0.2318695779029339,3.2458108958126517,0.4997995991983969,0.1374749498997995,0.3492986741041892,3.1847081238738726,0.8148148148148133,train,3
ascorbic_acid,5.0,6.0,DVP,9,0.3112654451913238,0.7883744350366041,3.4672191324115524,-0.2514038668186057,0.1,1.4,0.0009236424622096,0.2230149732320189,-0.2031639671033303,3.4672191324115524,0.0957915831663326,0.1150300601202405,0.3106426595033304,3.4269666718530702,0.8636363636363632,train,2
glucose,5.0,6.0,DVP,3,0.2384340989253227,0.5255991523762285,2.087697206963332,-0.1687178680782885,0.1,1.4,-0.000241663161229,0.1729569057922918,-0.2775830895102218,2.087697206963332,0.5138276553106212,0.1430861723446892,0.2334115432291008,2.050398643903988,0.9615384615384625,train,3
aluminum,1.0,7.0,DVP,9,0.0568119781350561,0.1515939061726288,0.718331704953893,-0.0510789469300755,0.1,1.4,0.0001881429951314,0.0437232800104619,-0.0535425800899133,0.718331704953893,-0.3222444889779559,0.101002004008016,0.0551733528904265,0.7085315061767459,0.7142857142857151,train,5
aluminum,0.5,7.0,DVP,5,0.030183537514374,0.0774570559777816,0.3567089567740671,-0.0241316029497938,0.1,1.4,-2.163344594423739e-05,0.0228646706447294,-0.0234325419181755,0.3567089567740671,-0.3054108216432865,0.1038076152304609,0.0287831329643236,0.3514188073046985,0.7619047619047609,train,5
aluminum,5.0,6.0,DVP,4,0.2130357966357615,0.575282050938622,2.670599372077182,-0.2139806638730457,0.1,1.4,-2.039794954818358e-05,0.1993218594914291,-0.1709068604503215,2.670599372077182,-0.3278557114228457,0.101002004008016,0.2103440771764042,2.6454303792189084,0.8947368421052625,train,5
dopamine,1.0,6.5,DVP,5,0.0495766087915606,0.160973041863398,0.9258321431299384,-0.0423054139243007,0.1,1.4,-4.347035137332179e-05,0.0801077989504309,-0.069123513369232,0.9258321431299384,0.2304609218436873,0.0617234468937875,0.0452003335130587,0.918474128902936,1.0,train,0
uric_acid,0.5,8.0,DVP,6,0.0309126240909766,0.0832075611945558,0.4169160891154056,-0.0223518861184365,0.1,1.4,-4.869014921699494e-05,0.0289674113349542,-0.0342624726206866,0.4169160891154056,0.292184368737475,0.0869739478957916,0.0280236963427736,0.411353300072438,0.5500000000000019,train,1
ascorbic_acid,0.5,6.0,DVP,8,0.0437357508263217,0.106167138287743,0.4786673759336927,-0.0354707983760781,0.1,1.4,-1.1185313928789187e-05,0.0355277355867495,-0.0242346721612675,0.4786673759336927,0.0845691382765531,0.1094188376753507,0.0404972798993705,0.4717190921963823,0.6250000000000004,train,2
copper,1.0,6.5,DVP,4,0.0479747582649372,0.1687535811736706,1.016355221556533,-0.0590170387574563,0.1,1.4,-2.786067522620353e-06,0.113510899844965,-0.0929054316416104,1.016355221556533,-0.0501002004008015,0.0589178356713426,0.046552725240325,1.0115234038838727,0.7499999999999992,train,4
dopamine,5.0,7.5,DVP,0,0.1882404972435576,0.6359435666579251,3.620853109095629,-0.262188857366942,0.1,1.4,0.0001339546042696,0.3684935763913624,-0.3017709747532526,3.620853109095629,0.1715430861723447,0.0645290581162324,0.1831222279776044,3.599121034959667,0.9166666666666652,train,0
uric_acid,0.2,7.5,DVP,8,0.0137759979306603,0.0337677158367179,0.1704604414811228,-0.0092584467007988,0.1,1.4,-6.822443506942603e-07,0.0137388886203251,-0.0099489059822377,0.1704604414811228,0.3230460921843687,0.0897795591182365,0.0116060049152968,0.1668322311492659,0.6842105263157905,train,1
ascorbic_acid,1.0,8.0,DVP,8,0.0856602577630348,0.2127667616310003,0.9373815079671552,-0.0619369304510883,0.1,1.4,-2.642299347643784e-05,0.0737432827711002,-0.0596186034677875,0.9373815079671552,0.0060120240480961,0.1206412825651302,0.0861764436103886,0.92553781631487,0.6538461538461542,train,2
uric_acid,2.0,7.0,DVP,5,0.1038159961184748,0.2939335109256296,1.4741239214153885,-0.0749810512335303,0.1,1.4,-8.477304441659017e-05,0.1245018952387879,-0.07254002196321,1.4741239214153885,0.3454909819639279,0.0897795591182364,0.1008249863606728,1.460341147491187,0.6842105263157919,train,1
aluminum,2.0,6.0,DVP,8,0.1039538084584011,0.2761013475478865,1.2774610971056677,-0.086556301893091,0.1,1.4,-3.7563699347553656e-05,0.1026618638785871,-0.0979370526411587,1.2774610971056677,-0.3306613226452906,0.101002004008016,0.1007266641409766,1.2628926957967677,0.8947368421052635,train,5
ascorbic_acid,1.0,6.0,DVP,7,0.0790855477608645,0.2041029937511261,0.9065165647665198,-0.0624080598123697,0.1,1.4,-8.817947625105748e-05,0.0549103834424966,-0.0585966083735415,0.9065165647665198,0.087374749498998,0.1094188376753507,0.0781650043084874,0.8995900736223311,0.6956521739130451,train,2
aluminum,2.0,7.5,DVP,6,0.104814859997725,0.2777899929490971,1.330221282747055,-0.0924846266095688,0.1,1.4,-0.0001879649960824,0.0882180108411581,-0.088201433735887,1.330221282747055,-0.3110220440881763,0.0981963927855711,0.0993443065539077,1.312664479940402,0.9444444444444436,train,5
uric_acid,0.2,7.0,DVP,5,0.0136246988789887,0.0334064074437059,0.1696515873483126,-0.0070166624040154,0.1,1.4,-6.186170010790359e-06,0.0142782985165711,-0.008294819053574,0.1696515873483126,0.3454909819639279,0.0869739478957914,0.0112278961473967,0.166167782245064,0.6315789473684225,train,1
aluminum,2.0,7.0,DVP,6,0.1044032459420978,0.276652996702242,1.3069432092314928,-0.0921242443298442,0.1,1.4,-0.0001872245629175,0.0933258755944933,-0.0837455409018995,1.3069432092314928,-0.3110220440881763,0.0981963927855711,0.0989695342163074,1.2899363073911003,0.8421052631578952,train,5
aluminum,10.0,6.0,DVP,3,0.3359981502528484,0.8917516504446003,4.16129673994637,-0.3235251796892553,0.1,1.4,-0.0005131271454845,0.3050858236566801,-0.4876653867578277,4.16129673994637,-0.3278557114228457,0.1038076152304609,0.330802183614317,4.106877872681872,0.9473684210526316,train,5
aluminum,2.0,6.5,DVP,5,0.1039534851460793,0.2760195260655416,1.2664608294144994,-0.0883767010398933,0.1,1.4,-8.73036655431616e-05,0.0828287374585644,-0.0908264092546131,1.2664608294144994,-0.3278557114228457,0.1038076152304609,0.1025129194051798,1.2520036486746005,0.7619047619047609,train,5
ascorbic_acid,0.5,7.0,DVP,6,0.0444479765551562,0.1082442690993367,0.475403979946174,-0.0310648237334768,0.1,1.4,-6.682882554033908e-05,0.0296576530148621,-0.033067654636386,0.475403979946174,0.0565130260521041,0.1122244488977955,0.0418407400982015,0.4679943617284566,0.904761904761905,train,2
dopamine,1.0,6.5,DVP,4,0.0496177476994788,0.162728946253238,0.935424185132073,-0.0508768901111746,0.1,1.4,-2.130428783749132e-06,0.074334642649978,-0.0660074506142545,0.935424185132073,0.2248496993987976,0.0645290581162324,0.0470188804587541,0.929985962720933,0.769230769230771,train,0
uric_acid,2.0,8.0,DVP,7,0.1014020842231845,0.3018789996208909,1.5023339281208186,-0.1045144989269445,0.1,1.4,-0.0001263131527572,0.1065094403577742,-0.0882603251135051,1.5023339281208186,0.3034068136272545,0.0897795591182365,0.1037963856389451,1.497110619805192,0.882352941176471,train,1
aluminum,0.1,6.0,DVP,7,0.0071198379768579,0.0160614009015394,0.0749607341000403,-0.0048169502659497,0.1,1.4,-3.692205093380277e-06,0.0047873100975827,-0.0047095973567527,0.0749607341000403,-0.3334669338677354,0.1038076152304608,0.0059695648054283,0.073155072260451,0.8499999999999994,train,5
uric_acid,1.0,7.5,DVP,5,0.0571710843231014,0.1594098765462283,0.7665831299925542,-0.0396735532286597,0.1,1.4,-4.413328817044626e-05,0.0797259680259138,-0.0545898209283255,0.7665831299925542,0.3314629258517034,0.0869739478957916,0.053902183301894,0.7581459419639008,0.9374999999999966,train,1
aluminum,10.0,8.0,DVP,8,0.3369515930203854,0.9025448373248968,4.27637147394318,-0.2862255814357441,0.1,1.4,-0.0001319744767934,0.2737378835375508,-0.2531165847153003,4.27637147394318,-0.2997995991983967,0.101002004008016,0.3291823918315849,4.234499760166733,0.8947368421052625,train,5
uric_acid,2.0,8.0,DVP,8,0.1060579133527632,0.2976422738735907,1.5583323587435856,-0.1006786898230484,0.1,1.4,-3.730926573949059e-05,0.0967464478146306,-0.0936055595818254,1.5583323587435856,0.3034068136272545,0.0841683366733466,0.0983707966849233,1.5439970996054482,0.8750000000000003,train,1
dopamine,0.1,8.0,DVP,0,0.0072363014032297,0.0179194887218753,0.1050508488798624,-0.0049252016846281,0.1,1.4,7.751482899605554e-06,0.008926821229871,-0.0083513273723006,0.1050508488798624,0.1434869739478957,0.0617234468937876,0.0050263440269987,0.1024355522915275,0.8333333333333339,train,0
ascorbic_acid,1.0,7.0,DVP,8,0.0840197843578,0.2085827363701326,0.9340727156912474,-0.0715958420296538,0.1,1.4,-2.5821421170861613e-05,0.0718242200552677,-0.0503437955341923,0.9340727156912474,0.0452905811623246,0.1122244488977955,0.0809362185518547,0.9232216327883483,0.600000000000001,train,2
aluminum,0.5,7.0,DVP,1,0.0298390385771519,0.0778084873797497,0.3618642815402625,-0.0243185815741591,0.1,1.4,6.562784359863648e-07,0.0264134569278524,-0.0297542130402389,0.3618642815402625,-0.3166332665330661,0.1066132264529057,0.029489449800934,0.3574527361857972,0.8999999999999994,train,5
copper,2.0,7.0,DVP,6,0.0884299147228756,0.3181274314961273,1.9199972450111031,-0.0988490783505305,0.1,1.4,-0.0002010412532227,0.1960126012494919,-0.162253955431737,1.9199972450111031,-0.0529058116232464,0.0561122244488977,0.0846731396652452,1.909113486605603,0.8181818181818185,train,4
ascorbic_acid,5.0,8.0,DVP,9,0.3238887954867548,0.8217223522937184,3.604277434083736,-0.2386258669205904,0.1,1.4,0.0009615350214334,0.2452041808064438,-0.2115359469408441,3.604277434083736,0.0116232464929859,0.1122244488977955,0.3171900007817194,3.5593511082951648,0.818181818181817,train,2
aluminum,0.5,6.0,DVP,7,0.0287581793011339,0.0773261873467961,0.3561970710757304,-0.0284989683581944,0.1,1.4,-3.267415618460018e-05,0.0229839035075907,-0.0225878026134598,0.3561970710757304,-0.3334669338677354,0.1038076152304608,0.0287876825801536,0.3530541357202026,0.8499999999999994,train,5
aluminum,2.0,8.0,DVP,4,0.105267902933468,0.2835230339117598,1.301940543413277,-0.1045060265793188,0.1,1.4,-7.955968917798803e-06,0.0823989982219502,-0.0844033479384068,1.301940543413277,-0.3054108216432865,0.101002004008016,0.1035426110012631,1.2891026282884157,0.8000000000000006,train,5
uric_acid,10.0,6.0,DVP,7,0.3109820551245181,0.9381527243031484,4.522899056073412,-0.3287374465011599,0.1,1.4,-0.0004007141948073,0.3728188674507722,-0.310296142595924,4.522899056073412,0.4044088176352706,0.0981963927855711,0.3407176682891195,4.511156756956681,0.9444444444444456,train,1
uric_acid,0.2,8.0,DVP,4,0.0138429529115356,0.0341064535713644,0.1734917396262493,-0.0086801266659694,0.1,1.4,2.6831040839479686e-06,0.0104272087182394,-0.0096794148512244,0.1734917396262493,0.3006012024048096,0.0897795591182365,0.0117030042170795,0.1701723313717781,0.7777777777777766,train,1
aluminum,0.1,7.5,DVP,5,0.0074425517357199,0.0161880906265417,0.0776431894355389,-0.0043285400717251,0.1,1.4,-1.3911002202595667e-06,0.0049150288852194,-0.0044075164673322,0.0776431894355389,-0.3054108216432865,0.0981963927855711,0.0058001329820875,0.0753915171177448,0.8421052631578941,train,5
ascorbic_acid,0.2,7.5,DVP,7,0.0188838109664738,0.044677607081044,0.1973402129103788,-0.0115180366875467,0.1,1.4,-1.6361534834964414e-05,0.0127860304645611,-0.0143136117250519,0.1973402129103788,0.0312625250501001,0.1122244488977955,0.0173708608574236,0.1944782229591161,0.818181818181817,train,2
uric_acid,0.2,7.0,DVP,1,0.0134875340184069,0.0334936370181519,0.1686920721565344,-0.0086447314015372,0.1,1.4,2.68865254069222e-06,0.0111453399507738,-0.0111659997142214,0.1686920721565344,0.3454909819639279,0.0869739478957914,0.0113265207950606,0.1656520328481663,0.6315789473684225,train,1
ascorbic_acid,0.2,7.5,DVP,4,0.0195605060681645,0.0453018158648564,0.200113113642096,-0.0146603936227104,0.1,1.4,2.1976992824087327e-06,0.0140232999748933,-0.0124908463433127,0.200113113642096,0.0200400801603206,0.1122244488977955,0.0175252378307149,0.1962848464401942,0.4814814814814826,train,2
ascorbic_acid,0.5,8.0,DVP,7,0.0436544313809537,0.1103378050671138,0.4782132016271938,-0.0324763586123597,0.1,1.4,-4.593871801846988e-05,0.0301488366332312,-0.0323240409685672,0.4782132016271938,0.0088176352705411,0.1178356713426853,0.0442292505684091,0.4738277768567595,0.6800000000000007,train,2
dopamine,10.0,6.5,DVP,0,0.2845519823065252,0.966286814319878,5.557449643867502,-0.3994337655281137,0.1,1.4,0.0002012813930309,0.4664723268402331,-0.5345869620632693,5.557449643867502,0.2276553106212424,0.0645290581162324,0.2783238810796603,5.528384291594906,0.9166666666666652,train,0
copper,2.0,7.5,DVP,4,0.0889087409255034,0.3172767381575926,1.946636332831556,-0.1118069556735711,0.1,1.4,-8.785731997819956e-06,0.1754460869145299,-0.162216779767753,1.946636332831556,-0.0472945891783567,0.0561122244488977,0.0848340042664828,1.938875462678304,0.8181818181818185,train,4
uric_acid,0.5,6.5,DVP,7,0.0289799202740362,0.0819401413197522,0.4087647198419447,-0.0269882451714157,0.1,1.4,-3.143711801776727e-05,0.0313960184579859,-0.0259278215180926,0.4087647198419447,0.3735470941883767,0.0841683366733467,0.0272167649759221,0.4059387168127857,0.7647058823529379,train,1
uric_acid,1.0,7.0,DVP,0,0.0561913245353109,0.1586292621521972,0.7876306784452933,-0.0647856396855183,0.1,1.4,3.711670959290053e-05,0.0534170160322731,-0.0569561628857352,0.7876306784452933,0.3482965931863727,0.0869739478957914,0.0534090606116995,0.7796095453245301,0.7222222222222218,train,1
uric_acid,10.0,6.5,DVP,0,0.3242262920146633,0.9459650020321076,4.736421042528206,-0.3976658512758501,0.1,1.4,0.0002004197650285,0.3130823637517632,-0.3066953147156082,4.736421042528206,0.3763527054108216,0.0841683366733467,0.3123905600745117,4.699368041610593,0.8749999999999981,train,1
dopamine,1.0,6.0,DVP,3,0.0498864540538639,0.1586436200921234,0.8979417852238673,-0.0464648679957771,0.1,1.4,-7.877750114051638e-05,0.0758659173467845,-0.0780738557190133,0.8979417852238673,0.2613226452905811,0.0673346693386773,0.0469372015062858,0.8898032686569237,0.7142857142857151,train,0
glucose,0.2,6.5,DVP,3,0.015597125206449,0.0290067438414008,0.1162585773372775,-0.0075551187088754,0.1,1.4,-1.046764142174731e-05,0.0102417815436297,-0.015646871081642,0.1162585773372775,0.4969939879759518,0.1458917835671342,0.0130117095068501,0.1116379501293269,0.7333333333333317,train,3
uric_acid,10.0,6.5,DVP,4,0.3273664484262656,0.9449127457645896,4.745669965768879,-0.3028312480385265,0.1,1.4,-3.273205350609176e-05,0.3309242871317241,-0.2997512757729877,4.745669965768879,0.3763527054108216,0.0841683366733467,0.3122422110353667,4.705635409706118,0.8749999999999981,train,1
uric_acid,0.2,8.0,DVP,6,0.0138382889080019,0.0339715319241188,0.1716488849954472,-0.0085927917827368,0.1,1.4,-1.7669283176000318e-05,0.0118844502610898,-0.0140693406379864,0.1716488849954472,0.292184368737475,0.0869739478957916,0.0114336967599134,0.1680216073911111,0.5500000000000019,train,1
aluminum,0.5,6.5,DVP,6,0.0300794862898127,0.0769320844222833,0.3563342640729542,-0.0249879917310905,0.1,1.4,-4.928795178349188e-05,0.027126069946893,-0.023814255953846,0.3563342640729542,-0.3222444889779559,0.101002004008016,0.0280062651340115,0.3506240186570492,0.9999999999999988,train,5
ascorbic_acid,1.0,7.5,DVP,0,0.0838677773206606,0.2106682170032535,0.9427677138989248,-0.090519646592312,0.1,1.4,4.974064802531076e-05,0.0686407634215032,-0.0708754894423738,0.9427677138989248,0.0312625250501001,0.1122244488977955,0.0817760097433279,0.9307521786366016,0.7391304347826093,train,2
aluminum,5.0,6.5,DVP,7,0.2048452074455846,0.5756681886582449,2.6436622791712834,-0.2212211773400939,0.1,1.4,-0.0002685272391175,0.1612674698053087,-0.153122640455068,2.6436622791712834,-0.3110220440881763,0.101002004008016,0.2106645644018642,2.628041691887216,0.6363636363636365,train,5
aluminum,0.5,7.5,DVP,7,0.0290880404551865,0.0781708244789413,0.3763644794179925,-0.028858295518365,0.1,1.4,-3.311421522987957e-05,0.0213933755960097,-0.0197590670949051,0.3763644794179925,-0.3110220440881763,0.0981963927855711,0.0281927690530269,0.3731353041102623,0.9444444444444436,train,5
ascorbic_acid,10.0,6.0,DVP,3,0.4899890882583675,1.232258652518959,5.605231415382971,-0.3909091460664375,0.1,1.4,-0.0006724382847127,0.3351829741994492,-0.6378957252900358,5.605231415382971,0.0929859719438878,0.1094188376753506,0.4682802782789359,5.526795829172145,0.772727272727274,train,2
dopamine,1.0,7.5,DVP,5,0.0507811033439497,0.1658625139065136,0.9430574908421936,-0.046098888450082,0.1,1.4,-4.46348193501839e-05,0.0799211983541554,-0.0776814491711953,0.9430574908421936,0.1687374749498997,0.0645290581162324,0.0477911954737715,0.9358286294046416,0.7692307692307657,train,0
ascorbic_acid,5.0,6.0,DVP,1,0.3076117799933336,0.7822922923649801,3.522358074250307,-0.2405354677609227,0.1,1.4,-2.837042122221689e-05,0.236019890714217,-0.2530512814739416,3.522358074250307,0.0845691382765531,0.1122244488977955,0.3036866957988073,3.485089572170458,0.600000000000001,train,2
copper,0.1,7.5,DVP,0,0.0064655708310481,0.0183022226470168,0.1118481429328616,-0.0068055851522543,0.1,1.4,8.037301943053926e-06,0.0114534865548248,-0.0085546612606692,0.1118481429328616,-0.0416833667334669,0.0561122244488977,0.0048751584698738,0.1099353099696659,0.8181818181818185,train,4
copper,5.0,7.0,DVP,4,0.1816602589038105,0.6538253763985078,4.0151922698746505,-0.2314147127280271,0.1,1.4,-2.237935844921696e-05,0.407671049396969,-0.3366767113789444,4.0151922698746505,-0.0501002004008015,0.0561122244488977,0.1748415994844381,4.000686030759372,0.999999999999996,train,4
uric_acid,2.0,7.5,DVP,8,0.1051379485150948,0.2970810780286603,1.4812088044549323,-0.0997641323573009,0.1,1.4,-3.6942853085391776e-05,0.1199572156196252,-0.0869038117648909,1.4812088044549323,0.3230460921843687,0.0897795591182365,0.1022523613180469,1.4675467900906578,0.6842105263157905,train,1
ascorbic_acid,10.0,6.5,DVP,7,0.4692644065129344,1.2353665423052915,5.426544385437416,-0.3924214559633839,0.1,1.4,-0.0005539069665523,0.3278806249839303,-0.3275098172880679,5.426544385437416,0.0761523046092184,0.1150300601202405,0.4880681106451945,5.395741207620372,0.8636363636363632,train,2
copper,5.0,7.5,DVP,5,0.1823836831697786,0.6583015944671838,4.0236190830224725,-0.1991277420719594,0.1,1.4,-0.0002005114491531,0.3363098089650694,-0.3254402767897958,4.0236190830224725,-0.0416833667334669,0.0561122244488977,0.1760321987851182,4.004572881316378,0.8181818181818185,train,4
copper,10.0,7.0,DVP,7,0.2666045586802784,1.027796345555657,6.213213748198012,-0.3209992844836026,0.1,1.4,-0.000452407655279,0.539436184100226,-0.6005488989593375,6.213213748198012,-0.0501002004008015,0.0561122244488977,0.2762184017221166,6.205780970088859,0.999999999999996,train,4
copper,0.2,8.0,DVP,7,0.0109835563318782,0.036836759388219,0.2263693311257159,-0.0094812879143604,0.1,1.4,-1.2420722259167489e-05,0.0215369985557044,-0.0209841338843002,0.2263693311257159,-0.0416833667334669,0.0561122244488978,0.0098851537302707,0.224693168347311,0.8181818181818156,train,4
copper,5.0,6.5,DVP,6,0.1806686634694511,0.656500974987163,3.9753495568218575,-0.2045381986341998,0.1,1.4,-0.0004181877056719,0.408412245095805,-0.3283815570361379,3.9753495568218575,-0.0529058116232464,0.0561122244488977,0.1750285897606603,3.954873735065469,0.8181818181818185,train,4
copper,5.0,6.5,DVP,7,0.1710758803947902,0.6574110755457756,3.9568406334158377,-0.2043699299136337,0.1,1.4,-0.0002878158622401,0.3406984173299723,-0.3658998186216096,3.9568406334158377,-0.0529058116232464,0.0561122244488978,0.1768564050205985,3.951118482373371,1.0,train,4
aluminum,5.0,7.5,DVP,4,0.215594629194328,0.5841888103528606,2.704254050237551,-0.2165437509843036,0.1,1.4,-2.0689248246256066e-05,0.1822121392951332,-0.1738007459137279,2.704254050237551,-0.3138276553106212,0.101002004008016,0.2124129610599747,2.679016425925302,0.7999999999999996,train,5
glucose,0.2,7.0,DVP,9,0.0155138309172089,0.0290612667240789,0.1204582232453524,-0.0076115613621505,0.1,1.4,4.098976152098836e-05,0.0083353176430316,-0.0082328302088589,0.1204582232453524,0.4857715430861723,0.1430861723446892,0.0128680997386826,0.1158738480390003,0.8214285714285698,train,3
glucose,10.0,7.0,DVP,2,0.3641982981324193,0.8214795062301733,3.338373266834138,-0.2530351914642666,0.1,1.4,-0.0001438211790349,0.201405077750072,-0.1974790139258367,3.338373266834138,0.4829659318637275,0.1430861723446892,0.3629292896739636,3.286303347241695,0.7586206896551723,train,3
uric_acid,0.5,7.0,DVP,2,0.0298987351590183,0.0826306820994517,0.4156611486880892,-0.0224287186712766,0.1,1.4,-1.4328060885880788e-05,0.0304853865293696,-0.0241246448265915,0.4156611486880892,0.3539078156312625,0.0869739478957914,0.0278959159045989,0.4107459360493479,0.9374999999999988,train,1
glucose,0.2,7.0,DVP,3,0.0156844777655742,0.0291420905333147,0.1188623332654203,-0.0076110801245878,0.1,1.4,-1.1038340084449153e-05,0.0105998931579919,-0.015737824615675,0.1188623332654203,0.4829659318637275,0.1430861723446892,0.0128958342807053,0.1141286862727194,0.7000000000000011,train,3
copper,0.2,8.0,DVP,4,0.0115294956876459,0.0365010865923037,0.2208323825195895,-0.0120451575033597,0.1,1.4,2.5523672345573247e-06,0.0188611341018685,-0.0192913087450296,0.2208323825195895,-0.0360721442885771,0.0561122244488978,0.0097403115328633,0.2186526533722265,0.8181818181818221,train,4
ascorbic_acid,10.0,8.0,DVP,6,0.5023188594770811,1.2783563106737068,5.711483500567655,-0.3976022654833846,0.1,1.4,-0.0008277691842605,0.4034316353952052,-0.3408116220291359,5.711483500567655,0.0116232464929859,0.1122244488977955,0.4935234313727377,5.647539447105592,0.818181818181817,train,2
dopamine,5.0,6.0,DVP,1,0.1807623280731131,0.6168094937323247,3.5584591374954084,-0.1760345245187978,0.1,1.4,-1.973126830390212e-05,0.3189405813369388,-0.2709188775273488,3.5584591374954084,0.2585170340681363,0.0617234468937875,0.1735182180726049,3.5430772413993443,0.8333333333333306,train,0
dopamine,0.1,6.5,DVP,9,0.007104828102249,0.0171955487936315,0.1025476450199787,-0.0035338412788249,0.1,1.4,2.332044089241026e-05,0.0097451606346883,-0.0078494548619637,0.1025476450199787,0.2276553106212424,0.0645290581162324,0.0049539636252445,0.0997692265202438,0.9166666666666652,train,0
dopamine,0.2,8.0,DVP,1,0.0123572398282868,0.035460665076261,0.2039821206505674,-0.0089700366654277,0.1,1.4,2.645081331321672e-06,0.0163172977811997,-0.0193716846125108,0.2039821206505674,0.1462925851703407,0.0645290581162325,0.0102274110961099,0.2009209950869007,0.9166666666666686,train,0
uric_acid,0.5,6.5,DVP,6,0.0301457939866124,0.0813212571451706,0.3998192493107699,-0.0217273428030833,0.1,1.4,-4.728206144390477e-05,0.0362381375832126,-0.0289175037017679,0.3998192493107699,0.3791583166332665,0.0897795591182364,0.0279634970890693,0.3943404124409466,0.8823529411764687,train,1
glucose,10.0,7.0,DVP,1,0.3658787542684087,0.8245581830484093,3.273538799346637,-0.2557986301724163,0.1,1.4,1.5666557817653138e-05,0.2382973883485277,-0.2376974061567618,3.273538799346637,0.4857715430861723,0.1430861723446894,0.3661741902008155,3.2359825538140914,0.8888888888888886,train,3
uric_acid,0.1,7.5,DVP,6,0.0079134164858407,0.0168771476928,0.0856799713834171,-0.0038165950489241,0.1,1.4,-6.901004711827613e-06,0.0071469048677674,-0.0050655312467424,0.0856799713834171,0.3314629258517034,0.0841683366733467,0.0055706875148474,0.0827285956531228,0.8749999999999981,train,1
glucose,5.0,8.0,DVP,7,0.2333814095166802,0.5351671359735579,2.1936384196070087,-0.1986271011908156,0.1,1.4,-0.0002250339763986,0.1417975475012506,-0.1316155660810453,2.1936384196070087,0.4521042084168337,0.1402805611222444,0.2352974583624142,2.1741246226373843,0.6666666666666684,train,3
ascorbic_acid,0.2,7.5,DVP,0,0.0194037347672306,0.0448390180799653,0.2022295032403052,-0.0173319464680909,0.1,1.4,1.3837728986570209e-05,0.0146696025043784,-0.0151607842212113,0.2022295032403052,0.0312625250501001,0.1122244488977955,0.0173807349043473,0.1979176531978295,0.7391304347826093,train,2
uric_acid,0.2,6.5,DVP,8,0.0135659179644107,0.0333819171086761,0.1696148990430608,-0.0090469415913074,0.1,1.4,-5.975018996321746e-07,0.0128258868241219,-0.0091861070132453,0.1696148990430608,0.3735470941883767,0.0841683366733467,0.0110251692298682,0.1661333847895151,0.7647058823529379,train,1
dopamine,0.1,7.0,DVP,6,0.0071642469473067,0.0174266404058066,0.1040280715387891,-0.003807281236015,0.1,1.4,-6.880006063993954e-06,0.0085790726301608,-0.0078178978423648,0.1040280715387891,0.1995991983967936,0.0645290581162325,0.0050156805336261,0.1012505245011878,0.9166666666666686,train,0
aluminum,0.2,6.0,DVP,6,0.0131549124587944,0.0314518384050332,0.1474704499434036,-0.009697738250813,0.1,1.4,-1.787294622744423e-05,0.0113581506371324,-0.0105780481358553,0.1474704499434036,-0.3390781563126252,0.0981963927855711,0.0112459571447017,0.1442979348879757,0.5909090909090912,train,5
ascorbic_acid,5.0,8.0,DVP,3,0.3285147368029839,0.8159388826160573,3.5205333818485918,-0.2800132071509933,0.1,1.4,-0.000448856949629,0.2229063421612542,-0.4270586202103404,3.5205333818485918,0.0256513026052104,0.1178356713426853,0.3241365832365993,3.4680365185316973,0.7499999999999992,train,2
ascorbic_acid,2.0,8.0,DVP,4,0.1573269985844009,0.3995819880713461,1.7870389884598803,-0.1399283801522593,0.1,1.4,-1.2040487280189804e-05,0.1246584379703737,-0.1087790025436701,1.7870389884598803,0.0200400801603206,0.1094188376753506,0.1519513456926099,1.7707421937519832,0.8571428571428567,train,2
copper,10.0,7.0,DVP,8,0.2829081268473927,1.02358713597454,6.143919299503246,-0.2935214337255396,0.1,1.4,-0.0001407379400151,0.5737006022000068,-0.5445190633387349,6.143919299503246,-0.0472945891783567,0.0561122244488977,0.2736448868225696,6.112296308799316,0.8181818181818185,train,4
aluminum,0.1,6.0,DVP,2,0.0072652771035041,0.0160800274469489,0.0739201312863474,-0.0041903266360126,0.1,1.4,7.042171315098464e-08,0.0056321409919122,-0.0050494253617683,0.0739201312863474,-0.3334669338677354,0.1038076152304609,0.0059523333171472,0.0718590218361086,0.7619047619047625,train,5
dopamine,0.1,8.0,DVP,6,0.0072933508583869,0.0179647403892794,0.1041460212992409,-0.0039298826259866,0.1,1.4,-7.156419700109888e-06,0.007965484990514,-0.0079781577202535,0.1041460212992409,0.1490981963927855,0.0617234468937876,0.0050333437591215,0.1013736351155676,0.8333333333333339,train,0
dopamine,10.0,8.0,DVP,6,0.2984229305869484,1.008212273798459,5.728896216534823,-0.2879840795107978,0.1,1.4,-0.0006115443926964,0.4455023685135353,-0.44450375548917,5.728896216534823,0.1490981963927855,0.0617234468937876,0.2829361642770988,5.693288762270287,0.8333333333333339,train,0
ascorbic_acid,0.1,7.0,DVP,7,0.0104211458615618,0.0223008468735411,0.1032716848926733,-0.0050797118908451,0.1,1.4,-6.25219602251309e-06,0.0065578989070696,-0.0070838921154458,0.1032716848926733,0.0565130260521041,0.1094188376753507,0.0085069282873061,0.1007901706591949,0.9499999999999992,train,2
copper,0.2,6.5,DVP,5,0.0113708210651481,0.036067632682349,0.2243957462215421,-0.0100295034661723,0.1,1.4,-7.218525632337974e-06,0.0217838813858401,-0.0207361816992992,0.2243957462215421,-0.0529058116232464,0.0589178356713426,0.0099077234667561,0.2219699216335444,0.9090909090909112,train,4
copper,0.1,7.5,DVP,2,0.0064100412998164,0.0184037214346777,0.1146644042671476,-0.0045607215480532,0.1,1.4,-2.392314720633688e-07,0.0114686345869379,-0.0107274443750951,0.1146644042671476,-0.0444889779559117,0.0533066132264528,0.0047575697313929,0.1129245575883748,0.900000000000002,train,4
dopamine,2.0,6.0,DVP,1,0.0882985076081924,0.2977065600602027,1.718712761414944,-0.0843027683057164,0.1,1.4,-7.444863957584313e-06,0.153987667923295,-0.1308081397490302,1.718712761414944,0.2585170340681363,0.0617234468937875,0.083756262218548,1.7102878850235557,0.8333333333333306,train,0
glucose,5.0,7.5,DVP,8,0.2406639869232494,0.5344889913772609,2.190658324353433,-0.1906574315262362,0.1,1.4,-5.0892283998018536e-05,0.1661666137695471,-0.1438109408695983,2.190658324353433,0.4745490981963928,0.1430861723446894,0.2367543887945657,2.1562944516118825,0.8214285714285726,train,3
glucose,1.0,8.0,DVP,6,0.0644556929768468,0.1383757122949954,0.5529724022453868,-0.0395277971368645,0.1,1.4,-8.41174240963267e-05,0.0372239111391888,-0.045739018241339,0.5529724022453868,0.4829659318637275,0.1402805611222446,0.0606839602605463,0.5419514125819254,0.6666666666666666,train,3
dopamine,0.1,6.0,DVP,3,0.0071321453619816,0.0168914690533321,0.0976308597932575,-0.0037028576739977,0.1,1.4,-4.968237791119674e-06,0.0081667590853662,-0.0084717513804307,0.0976308597932575,0.2613226452905811,0.0673346693386773,0.004997032219238,0.0948761524977343,0.7142857142857151,train,0
aluminum,5.0,6.0,DVP,9,0.2131387762226278,0.5796427223835381,2.7422560994427125,-0.1992003295045202,0.1,1.4,0.0007070975105474,0.1805905698002062,-0.2097660092299651,2.7422560994427125,-0.3278557114228457,0.101002004008016,0.2112708664355238,2.709246377112312,1.0,train,5
glucose,0.2,8.0,DVP,0,0.0155700613595144,0.0293146198750071,0.119219691046222,-0.0109310881659384,0.1,1.4,1.1604751114875705e-05,0.0076404563522657,-0.0092720418602346,0.119219691046222,0.4633266533066132,0.1430861723446894,0.0129721057547113,0.114857219338605,0.8888888888888886,train,3
copper,0.2,7.0,DVP,0,0.0113048415800864,0.0360172368719214,0.2234398031245374,-0.0143721987509701,0.1,1.4,1.187428645309728e-05,0.0205484724177799,-0.0176360302767501,0.2234398031245374,-0.0529058116232464,0.0561122244488977,0.0096234392065508,0.2210061292975641,0.8181818181818185,train,4
copper,2.0,7.5,DVP,1,0.0874971302679959,0.3168804298912728,1.9287419730620103,-0.0961545208723612,0.1,1.4,-8.965299495187539e-06,0.1694443021616073,-0.166899125744552,1.9287419730620103,-0.0444889779559117,0.0561122244488977,0.084958744567639,1.9192880626761275,0.999999999999996,train,4
ascorbic_acid,5.0,6.5,DVP,3,0.3189101996171152,0.7969287426896456,3.55892794832418,-0.2538009119772687,0.1,1.4,-0.0004354447629953,0.2507294080801499,-0.4144109338478582,3.55892794832418,0.0789579158316633,0.1094188376753507,0.3031047544859025,3.5075937985973304,0.9499999999999992,train,2
glucose,10.0,8.0,DVP,6,0.3742334156919014,0.8311120209293056,3.306598668423172,-0.2440623266998978,0.1,1.4,-0.0005231335280117,0.2229474187379658,-0.2737525030145471,3.306598668423172,0.4829659318637275,0.1402805611222446,0.3646542007255267,3.2546456310173624,0.6666666666666666,train,3
glucose,0.1,6.5,DVP,3,0.0091022397777414,0.0145595945821483,0.0596514437572825,-0.0029515508048792,0.1,1.4,-3.4258374452967416e-06,0.0052261516665904,-0.0080197542846061,0.0596514437572825,0.4969939879759518,0.1458917835671342,0.0065338399286828,0.0560932964846924,0.7333333333333317,train,3
aluminum,0.5,6.0,DVP,9,0.0299900504998818,0.0781443321425183,0.3708225348875251,-0.0256649450342605,0.1,1.4,9.910253065522026e-05,0.0243650898784816,-0.0283040440601601,0.3708225348875251,-0.3278557114228457,0.101002004008016,0.0284769732342717,0.3651517659665315,1.0,train,5
ascorbic_acid,10.0,7.0,DVP,5,0.492345152372419,1.2551092857019135,5.532691489436592,-0.3804572227442869,0.1,1.4,-0.000386922450417,0.4129066998961177,-0.2938715908947338,5.532691489436592,0.0480961923847695,0.1122244488977955,0.4846330496474827,5.472678791553025,0.6666666666666689,train,2
copper,2.0,7.0,DVP,3,0.09030145182883,0.315680391928872,1.924904132103601,-0.1079941683353624,0.1,1.4,-0.0001696151863641,0.1678946660437382,-0.1637337547331069,1.924904132103601,-0.0472945891783567,0.0561122244488977,0.0842546671183207,1.9107150744801,0.8181818181818185,train,4
ascorbic_acid,5.0,7.0,DVP,5,0.3172219099834054,0.8068727506228776,3.5575217622002517,-0.2441061543097847,0.1,1.4,-0.0002473510236449,0.2654651600998743,-0.1889498548830588,3.5575217622002517,0.0480961923847695,0.1122244488977955,0.3115847634970495,3.518497453842511,0.6666666666666689,train,2
ascorbic_acid,1.0,7.5,DVP,6,0.0845690644722318,0.2106289506365526,0.9126318754694372,-0.0635102621416256,0.1,1.4,-0.0001335165017801,0.0683838924834718,-0.0620311328725324,0.9126318754694372,0.0396793587174348,0.1206412825651302,0.0856530099838932,0.9008235507799126,0.9545454545454538,train,2
glucose,0.2,6.5,DVP,2,0.0152276928510613,0.028796691126539,0.1192780971422326,-0.0069266428833198,0.1,1.4,-8.126540729057261e-07,0.0072797202475593,-0.0072634073530307,0.1192780971422326,0.4997995991983969,0.1402805611222444,0.0125832587234262,0.1150262629082964,0.8518518518518549,train,3
dopamine,0.2,6.0,DVP,8,0.0120321177301749,0.0334255902140975,0.1966576010178776,-0.0089396737529582,0.1,1.4,-5.545297331667476e-07,0.0155808938102793,-0.0137273915963296,0.1966576010178776,0.2557114228456913,0.0617234468937875,0.009385919547754,0.193421808083467,1.0,train,0
glucose,10.0,6.5,DVP,8,0.3681447186976918,0.8219560997296105,3.293929716722623,-0.2945769295005127,0.1,1.4,-5.5661273090951255e-05,0.2259012269624624,-0.2243656693433823,3.293929716722623,0.4857715430861723,0.1486973947895791,0.3728169105558837,3.24359600651415,0.5588235294117634,train,3
copper,10.0,7.5,DVP,7,0.2679324198269263,1.0325509898494103,6.265354878242284,-0.3225586291711902,0.1,1.4,-0.0004546082619705,0.5993781974328432,-0.6137203662183275,6.265354878242284,-0.0416833667334669,0.0561122244488977,0.2767089121232166,6.257695925632949,0.8181818181818185,train,4
uric_acid,2.0,8.0,DVP,9,0.1057764096904465,0.302079799715207,1.5397697815044458,-0.094385115447487,0.1,1.4,0.0003416206034833,0.1069281522233726,-0.1009250411524713,1.5397697815044458,0.3006012024048096,0.0869739478957916,0.1015303092622652,1.5252215133362008,0.8235294117647053,train,1
copper,2.0,7.0,DVP,0,0.0873843575328226,0.3146185150843153,1.941708759480428,-0.1367599114141814,0.1,1.4,7.217896787854738e-05,0.1795965695743815,-0.1542488473068477,1.941708759480428,-0.0529058116232464,0.0561122244488977,0.0840578742683824,1.9310464084603849,0.8181818181818185,train,4
ascorbic_acid,0.5,7.5,DVP,5,0.0448581293119998,0.1099982376731807,0.4882365706433585,-0.0320788025520633,0.1,1.4,-3.0286044451158345e-05,0.034545748887323,-0.0262342413557924,0.4882365706433585,0.0312625250501001,0.1122244488977955,0.0426989774543404,0.4814370577518633,0.7391304347826093,train,2
aluminum,0.2,8.0,DVP,0,0.013229425388542,0.0322771432616488,0.1506577806997271,-0.0134936486629166,0.1,1.4,1.1428777685181456e-05,0.0093548931732349,-0.0098382166242406,0.1506577806997271,-0.3082164328657314,0.0981963927855711,0.0116266470871775,0.1481678648946595,0.8421052631578941,train,5
copper,2.0,6.5,DVP,6,0.087995262667819,0.3169899438068007,1.920144146041948,-0.0982959573091538,0.1,1.4,-0.0001999048233651,0.1971897986028981,-0.1585478442117349,1.920144146041948,-0.0529058116232464,0.0561122244488977,0.0845029433693303,1.909374370805456,0.8181818181818185,train,4
uric_acid,0.1,6.0,DVP,1,0.0076845705988297,0.0165753861469147,0.0836064173550421,-0.0036179081733733,0.1,1.4,3.36195741081741e-06,0.0054542590903987,-0.0057201401778632,0.0836064173550421,0.3987975951903807,0.0869739478957914,0.00560563830881,0.0810673079236913,0.7222222222222218,train,1
glucose,5.0,6.5,DVP,0,0.2350856104939322,0.5253912869205025,2.0733946141756645,-0.2270341270380955,0.1,1.4,0.0001585185990434,0.1337470847175166,-0.1698850561974927,2.0733946141756645,0.494188376753507,0.1458917835671342,0.2352830491984252,2.041289076148914,0.7333333333333317,train,3
copper,0.2,7.5,DVP,5,0.0114700107116299,0.0363900197327159,0.2236102525658822,-0.0101421800694684,0.1,1.4,-7.333701692274232e-06,0.0185486215452814,-0.0179670622133377,0.2236102525658822,-0.0416833667334669,0.0561122244488977,0.0097226367022392,0.2211254326347147,0.8181818181818185,train,4
glucose,0.1,7.5,DVP,6,0.0090964455431244,0.0146023543208733,0.0635367139285897,-0.0029785868143483,0.1,1.4,-5.509307676415655e-06,0.0041198164772495,-0.0046544283785687,0.0635367139285897,0.4829659318637275,0.1430861723446894,0.0064771535293115,0.0599582709156805,0.9615384615384596,train,3
glucose,1.0,7.5,DVP,9,0.0641094790314601,0.1380005466428464,0.5494090736489441,-0.0445474984031619,0.1,1.4,0.0001746389199656,0.0388571358741482,-0.0379668666704364,0.5494090736489441,0.4857715430861723,0.1486973947895791,0.062823191326068,0.5384148296831629,0.8928571428571425,train,3
glucose,10.0,6.5,DVP,1,0.3634648610247042,0.8195135420777216,3.221115590719352,-0.2542299060892903,0.1,1.4,2.926098470518645e-05,0.2434026570231438,-0.2324248883752824,3.221115590719352,0.4969939879759518,0.1486973947895793,0.3730877834031469,3.18440959243938,0.8275862068965505,train,3
dopamine,0.1,8.0,DVP,7,0.0070391247440967,0.0180217754734984,0.1048079973138995,-0.0034662960103851,0.1,1.4,-3.7013298778402273e-06,0.0093312533436889,-0.0094043569157,0.1048079973138995,0.1490981963927855,0.0617234468937876,0.0050797799964327,0.1025997850138724,0.8333333333333339,train,0
aluminum,1.0,8.0,DVP,5,0.0571842626440644,0.1505590704257706,0.719928510739844,-0.047629855783303,0.1,1.4,-4.56529504056645e-05,0.0460412821773841,-0.0389274927709031,0.719928510739844,-0.3054108216432865,0.0953907815631262,0.0530286265733815,0.710674450711092,0.8888888888888903,train,5
aluminum,0.1,7.5,DVP,8,0.007467104848346,0.016203000744685,0.0759351283596029,-0.0039786000946698,0.1,1.4,1.5528356548394005e-06,0.0051599303531104,-0.0047925571204379,0.0759351283596029,-0.2997995991983967,0.101002004008016,0.0058874859659467,0.0737106845718373,0.7142857142857142,train,5
uric_acid,1.0,6.0,DVP,1,0.0550657378137878,0.15608663880943,0.7679912236192626,-0.0446429221935239,0.1,1.4,-2.132695765307148e-06,0.0507065410206606,-0.0530543803597021,0.7679912236192626,0.3987975951903807,0.0869739478957914,0.0527849407912781,0.7618668511730906,0.7222222222222218,train,1
copper,5.0,7.5,DVP,6,0.1824691385075903,0.6613173672092792,3.947440457859467,-0.2066805018719996,0.1,1.4,-0.0004225892329711,0.3780071841286032,-0.3176422556389202,3.947440457859467,-0.0444889779559117,0.0589178356713426,0.181606953446126,3.925512352750732,0.9090909090909112,train,4
uric_acid,1.0,8.0,DVP,3,0.0586085294780083,0.1604697373453209,0.7773861950538993,-0.0482156424301323,0.1,1.4,-8.179501714086724e-05,0.0600934202513584,-0.080919372046147,0.7773861950538993,0.2949899799599198,0.0869739478957916,0.0539868309846266,0.7666334426332898,0.7222222222222201,train,1
uric_acid,0.5,8.0,DVP,3,0.0313937844731883,0.0832409615056167,0.4043741306827634,-0.024320345963921,0.1,1.4,-4.061070569810339e-05,0.0312204783543084,-0.0420825836500743,0.4043741306827634,0.2949899799599198,0.0869739478957916,0.0280203984007067,0.3979386003509615,0.7222222222222201,train,1
copper,0.2,6.0,DVP,9,0.0113370060749189,0.035814502261873,0.2188550366709751,-0.0090990741679552,0.1,1.4,4.5785764106408906e-05,0.0231815294950514,-0.0166939594278264,0.2188550366709751,-0.0613226452905811,0.0561122244488978,0.0095832512781781,0.2162536226354268,0.8181818181818156,train,4
ascorbic_acid,5.0,7.0,DVP,9,0.3175770982210043,0.8031856570151641,3.509533056810107,-0.2478104811007913,0.1,1.4,0.0009426741721451,0.2268765264706258,-0.2167794533090741,3.509533056810107,0.0565130260521041,0.1094188376753506,0.3046226486561952,3.4638741565926874,0.9500000000000012,train,2
uric_acid,1.0,7.5,DVP,1,0.0565245914181608,0.1593047042887955,0.7954857171141387,-0.0459203948743716,0.1,1.4,-2.303990289023415e-06,0.0531986068044949,-0.0480194135888264,0.7954857171141387,0.3258517034068136,0.0869739478957916,0.0537809701783187,0.7891536914283237,0.8235294117647053,train,1
copper,0.1,7.5,DVP,7,0.0062532374927443,0.018545526648214,0.1137919752585176,-0.0043423420741705,0.1,1.4,-4.29587167240481e-06,0.0107389893258455,-0.0110213533650717,0.1137919752585176,-0.0416833667334669,0.0561122244488977,0.0049682060528353,0.1122632401180214,0.8181818181818185,train,4
copper,5.0,6.0,DVP,0,0.1776288140980823,0.6449045225671903,3.966201615973519,-0.2820589178316964,0.1,1.4,0.0001434567707738,0.3237947469113339,-0.3136764396839153,3.966201615973519,-0.0613226452905811,0.0533066132264529,0.1669703556073969,3.946156779724379,0.8999999999999985,train,4
ascorbic_acid,5.0,6.5,DVP,1,0.3107296997755591,0.7896931935217573,3.4965192620036425,-0.2430443066326744,0.1,1.4,-2.8706451078089224e-05,0.2260408632164306,-0.2283624578985281,3.4965192620036425,0.0845691382765531,0.1122244488977955,0.3067663461081266,3.460781239359914,0.818181818181817,train,2
copper,0.1,8.0,DVP,5,0.0065495892404749,0.0184856144891761,0.1149115340480461,-0.0046962100385395,0.1,1.4,-1.7669260499073685e-06,0.0094284420033957,-0.0090642233721558,0.1149115340480461,-0.0416833667334669,0.0561122244488978,0.0049303699392159,0.1128824460822752,0.8181818181818156,train,4
glucose,0.1,6.0,DVP,7,0.00873826189958,0.0143965561791599,0.0595219100742475,-0.0031595876142101,0.1,1.4,-1.5353988486954e-06,0.004346999656652,-0.0037057412390687,0.0595219100742475,0.5138276553106212,0.1430861723446894,0.0064176037536772,0.056442801867438,0.8888888888888886,train,3
copper,0.5,8.0,DVP,7,0.0246683054065887,0.0898163723097032,0.5500582281253965,-0.0258979981029268,0.1,1.4,-3.594946572158037e-05,0.0525477820191552,-0.0511590982701195,0.5500582281253965,-0.0416833667334669,0.0561122244488978,0.0241016866443198,0.5479692181968392,0.8181818181818156,train,4
glucose,2.0,6.0,DVP,5,0.11483397493675,0.2537442967504966,1.018784516396083,-0.0739443520800919,0.1,1.4,-5.302321170075913e-05,0.0723156340024782,-0.0552978019128639,1.018784516396083,0.5054108216432865,0.1402805611222444,0.1111981430766993,1.0019387134484172,0.7857142857142849,train,3
dopamine,2.0,6.0,DVP,7,0.0853718323935279,0.2993724167908729,1.736461980696677,-0.1007783351509812,0.1,1.4,-0.0001217408490222,0.132059194696894,-0.1229842555279283,1.736461980696677,0.2557114228456913,0.0617234468937875,0.0840783992563873,1.7329375720235964,1.0,train,0
dopamine,10.0,7.5,DVP,5,0.2946864012281331,0.995491994306879,5.649248364222124,-0.2835313026516913,0.1,1.4,-0.0002875126236585,0.4794013382585518,-0.4658478816214864,5.649248364222124,0.1687374749498997,0.0645290581162324,0.2867932419499272,5.615504351999318,0.7692307692307657,train,0
glucose,5.0,8.0,DVP,3,0.2447211892794419,0.5364056469720576,2.169392821487211,-0.1728581916344737,0.1,1.4,-0.0002804169283029,0.1817941531307818,-0.2843123163298266,2.169392821487211,0.4577154308617234,0.1430861723446894,0.2366901773729259,2.1282033966828244,0.6999999999999992,train,3
dopamine,1.0,7.5,DVP,4,0.0508232507015739,0.1669190581891964,0.9670022023268104,-0.0540574155146569,0.1,1.4,-2.281519525095976e-06,0.0894100752158184,-0.0685944328989735,0.9670022023268104,0.1743486973947895,0.0617234468937876,0.0469049984516844,0.9611213434154268,0.9999999999999964,train,0
copper,5.0,6.5,DVP,3,0.1845219083884583,0.6509231818042361,3.8596781156802407,-0.2233606994812843,0.1,1.4,-0.0003534856316057,0.3329017360385078,-0.3400856128188325,3.8596781156802407,-0.0557114228456914,0.0561122244488977,0.1737437385830516,3.832215667163623,0.999999999999996,train,4
copper,0.2,6.0,DVP,8,0.0113718222438952,0.0360569416883592,0.2237895147403369,-0.0092203487374321,0.1,1.4,-1.0800075443973195e-06,0.0181847766190639,-0.0187185994767182,0.2237895147403369,-0.0613226452905811,0.0561122244488978,0.0096578865680139,0.2213172971909551,0.8181818181818156,train,4
uric_acid,10.0,6.5,DVP,5,0.3271210593036928,0.9364357847613544,4.527783026664289,-0.2440021694221892,0.1,1.4,-0.0002793202067855,0.3971926220912949,-0.2943975099717527,4.527783026664289,0.3819639278557114,0.0897795591182365,0.3228697185400656,4.49091354367552,0.882352941176471,train,1
copper,0.2,6.5,DVP,1,0.0112197998823119,0.0359122452120753,0.2176239904582693,-0.01015881969109,0.1,1.4,2.5528268372453767e-06,0.0190349677691306,-0.0204025579355287,0.2176239904582693,-0.0501002004008015,0.0561122244488978,0.0095966724627501,0.2151910156873256,0.8181818181818156,train,4
glucose,0.2,8.0,DVP,1,0.0155393888460158,0.0294125908899577,0.1193763364177935,-0.0075042694631941,0.1,1.4,3.7150414218031937e-06,0.0086948692690716,-0.0083989364123638,0.1193763364177935,0.4689378757515029,0.1374749498997995,0.012734305065359,0.1153958890221332,0.884615384615387,train,3
glucose,10.0,7.0,DVP,6,0.3695094169042763,0.8213413118955585,3.4661681642243445,-0.2411538471985911,0.1,1.4,-0.0004969738939829,0.2241981044245248,-0.2323880007290502,3.4661681642243445,0.4829659318637275,0.1374749498997995,0.3548136210704098,3.411357032513761,0.8148148148148133,train,3
dopamine,0.2,7.0,DVP,0,0.0121376116248079,0.0344654564475926,0.1993725416921851,-0.0118909317051543,0.1,1.4,1.1168587693829102e-05,0.0170070521709475,-0.0154072881963426,0.1993725416921851,0.1995991983967936,0.0645290581162325,0.0099466375122255,0.1963331674654128,0.9166666666666686,train,0
uric_acid,0.5,6.0,DVP,3,0.0303542029781923,0.0807890630131988,0.4040436298399863,-0.0233975224115817,0.1,1.4,-3.902008996071986e-05,0.0311826785927641,-0.0405827276813572,0.4040436298399863,0.3931863727454909,0.0897795591182364,0.027745247343819,0.3986645226533904,0.6000000000000008,train,1
copper,0.1,6.5,DVP,4,0.0064795572633993,0.0181871373089726,0.1106356106689895,-0.0055456551255605,0.1,1.4,3.2910468120327195e-06,0.0122215800869437,-0.0099973652734199,0.1106356106689895,-0.0501002004008015,0.0589178356713426,0.0050059826100315,0.1087149824364203,0.7499999999999992,train,4
aluminum,5.0,6.5,DVP,0,0.2117936022271144,0.5764248566299863,2.633916489814853,-0.2649492358887659,0.1,1.4,0.0001350634540535,0.1774582368864069,-0.1741246365293492,2.633916489814853,-0.3166332665330661,0.1038076152304609,0.2140279718429048,2.610117843131142,0.9473684210526316,train,5
ascorbic_acid,0.5,7.0,DVP,8,0.0445875698835684,0.1083240328884249,0.4860873257634515,-0.0360528687475057,0.1,1.4,-1.1502457732464722e-05,0.0373315187056685,-0.0261735342560811,0.4860873257634515,0.0452905811623246,0.1122244488977955,0.0420143888466901,0.4793438775386319,0.600000000000001,train,2
uric_acid,10.0,7.5,DVP,8,0.334332372697281,0.9576454552962156,4.769407166878118,-0.3268104943992915,0.1,1.4,-0.0001279077382074,0.3864209692771287,-0.279956118617177,4.769407166878118,0.3230460921843687,0.0897795591182365,0.3296258941872994,4.730287432018748,0.6842105263157905,train,1
dopamine,1.0,7.5,DVP,3,0.0517278094975361,0.1672197343326217,0.961958690665916,-0.0482877413797779,0.1,1.4,-8.191928200434841e-05,0.070906310588785,-0.0810365537540587,0.961958690665916,0.1771543086172344,0.0645290581162324,0.0483276902965018,0.9546228750299632,0.769230769230771,train,0
aluminum,0.2,7.5,DVP,0,0.0131828601564405,0.0321489640031298,0.1499856421485201,-0.0134380954051894,0.1,1.4,1.1400606957330136e-05,0.0096112549190793,-0.0097994847108382,0.1499856421485201,-0.3166332665330661,0.1038076152304608,0.0120123752654437,0.1475289183728777,0.7619047619047616,train,5
ascorbic_acid,0.1,7.5,DVP,6,0.0108468126153953,0.0226285390432305,0.0997577629265734,-0.0056420146027118,0.1,1.4,-1.1001825236841138e-05,0.0073913479895317,-0.0067337487146781,0.0997577629265734,0.0396793587174348,0.1206412825651302,0.0091841552040434,0.0965986960729071,0.9545454545454538,train,2
dopamine,5.0,7.0,DVP,8,0.1886713416090684,0.6331885588824808,3.669968788281508,-0.2089404909252871,0.1,1.4,-8.068376540138484e-05,0.2868051794951582,-0.3149741615981374,3.669968788281508,0.1967935871743487,0.0645290581162325,0.1829728270560941,3.6453553557297034,0.7692307692307687,train,0
copper,0.2,7.5,DVP,0,0.0113538853476602,0.0362074685277926,0.2200526763123877,-0.0144453081898387,0.1,1.4,1.1911361304269684e-05,0.0226787658109555,-0.0169536760252318,0.2200526763123877,-0.0416833667334669,0.0561122244488977,0.0096454646185537,0.2176121558722534,0.8181818181818185,train,4
aluminum,1.0,7.5,DVP,4,0.0570061492547189,0.1515683671846089,0.7025257666375823,-0.0555262433276238,0.1,1.4,-2.3893326611784397e-06,0.0472934165268384,-0.0451496207517208,0.7025257666375823,-0.3138276553106212,0.101002004008016,0.0550968451188964,0.6948585244014034,0.7999999999999996,train,5
ascorbic_acid,0.5,8.0,DVP,4,0.045312494303386,0.1114889685622105,0.5000165553583983,-0.0380828213650512,0.1,1.4,-4.6420832883975473e-07,0.0348092182082664,-0.0304384925329582,0.5000165553583983,0.0200400801603206,0.1094188376753506,0.0423864763895422,0.4939921398280816,0.8571428571428567,train,2
ascorbic_acid,0.5,6.0,DVP,2,0.0429252063721844,0.1055772618525194,0.4646142770831696,-0.0293560872547774,0.1,1.4,-2.0579155509496184e-05,0.0392555131086377,-0.0277436625420539,0.4646142770831696,0.0985971943887775,0.1094188376753507,0.0402613749467236,0.4583668418153125,0.9499999999999992,train,2
uric_acid,10.0,6.0,DVP,3,0.3296295719485669,0.9353571207105296,4.65282497359956,-0.2860957009274555,0.1,1.4,-0.0004917877913857,0.3599025998995107,-0.4675434722563897,4.65282497359956,0.3931863727454909,0.0897795591182364,0.3212112538560818,4.612790839566283,0.6000000000000008,train,1
dopamine,0.2,6.0,DVP,9,0.0120008795755018,0.0338187748968318,0.1954904210167228,-0.0087224509265876,0.1,1.4,4.149490496196145e-05,0.0174106925601951,-0.0147527091834379,0.1954904210167228,0.2585170340681363,0.0645290581162324,0.009728486922628,0.192103750554284,0.9166666666666652,train,0
uric_acid,5.0,8.0,DVP,2,0.2129893560685269,0.6231940970532477,3.124229240080856,-0.1645289981241469,0.1,1.4,-0.0001343920458016,0.204995611413477,-0.2001966799906051,3.124229240080856,0.2949899799599198,0.0869739478957916,0.2095522602716546,3.1037619810873283,0.6315789473684211,train,1
aluminum,1.0,6.0,DVP,9,0.0563694965916354,0.1503761918396312,0.712387040070371,-0.0506597534970551,0.1,1.4,0.0001866738240553,0.0468667022128864,-0.0544405411010785,0.712387040070371,-0.3278557114228457,0.101002004008016,0.0548063902519159,0.7027892397245971,1.0,train,5
copper,2.0,7.0,DVP,1,0.0870691382449902,0.3152752420337964,1.9394958366335835,-0.0956896084977928,0.1,1.4,-8.903029877168872e-06,0.1638155095434287,-0.1602861863688744,1.9394958366335835,-0.0501002004008015,0.0561122244488977,0.0843308632735125,1.9307328572114557,0.999999999999996,train,4
dopamine,1.0,8.0,DVP,2,0.0504063896554145,0.1667384211689561,0.9435137103759984,-0.0442974824235243,0.1,1.4,-3.240325618795203e-05,0.0862203629890069,-0.0744181713205775,0.9435137103759984,0.1462925851703407,0.0645290581162325,0.0482097561052912,0.9369656348823042,0.9166666666666686,train,0
dopamine,1.0,8.0,DVP,1,0.0507220032001152,0.166961986676778,0.9525794590584366,-0.0470044917121787,0.1,1.4,-2.449192593956151e-06,0.0766984125698798,-0.0908417484728535,0.9525794590584366,0.1462925851703407,0.0645290581162325,0.0481858300918955,0.9462469856033432,0.9166666666666686,train,0
aluminum,0.2,7.0,DVP,1,0.0131023594887753,0.0319432441824991,0.1492883487541871,-0.0095072364759591,0.1,1.4,2.640093690059281e-06,0.010857166597258,-0.0122374071975799,0.1492883487541871,-0.3166332665330661,0.1066132264529057,0.0120972607450402,0.1465973200384342,0.8999999999999994,train,5
dopamine,2.0,8.0,DVP,6,0.093993382438993,0.3128624636562009,1.7792283678427532,-0.0874622838639659,0.1,1.4,-0.000187146568398,0.1382664377638276,-0.1379779438896801,1.7792283678427532,0.1490981963927855,0.0617234468937876,0.0877860579893143,1.7665428183664236,0.8333333333333339,train,0
uric_acid,10.0,6.5,DVP,9,0.3275214179139395,0.9414661936029318,4.661894208860629,-0.3000105533004423,0.1,1.4,0.0010620441265772,0.3364381679844146,-0.2554511062560534,4.661894208860629,0.3763527054108216,0.0897795591182365,0.3229655092108618,4.623375520128787,0.882352941176471,train,1
aluminum,10.0,7.0,DVP,4,0.3332091677879766,0.9040383078765092,4.16383465429598,-0.336003788116222,0.1,1.4,-3.426608622865923e-05,0.2981447478961045,-0.2688422891716228,4.16383465429598,-0.3138276553106212,0.0981963927855711,0.3230947935597517,4.124387138624384,0.9444444444444446,train,5
glucose,10.0,7.0,DVP,0,0.3667197850394698,0.8219966986383428,3.2014896053752366,-0.3562334432240858,0.1,1.4,0.0002319999413507,0.2092532027932894,-0.2662497883937992,3.2014896053752366,0.494188376753507,0.1374749498997995,0.3543578964662608,3.153941476546983,0.884615384615387,train,3
copper,0.5,6.0,DVP,1,0.0251217139175558,0.0871043777014518,0.534390429742921,-0.0257917290693358,0.1,1.4,4.589800206171863e-07,0.0497755049697054,-0.0509900703865043,0.534390429742921,-0.0613226452905811,0.0589178356713426,0.0240407377267709,0.5307052246574175,0.9090909090909042,train,4
dopamine,5.0,8.0,DVP,4,0.1926426888763357,0.6533430593751127,3.859808606713068,-0.2151595113799726,0.1,1.4,-2.0589218743130243e-05,0.2896822532983225,-0.2698119226944202,3.859808606713068,0.1462925851703407,0.0617234468937876,0.1834131056895158,3.8441979061683376,0.9999999999999964,train,0
ascorbic_acid,0.5,8.0,DVP,2,0.0445952070755902,0.1110776827549515,0.5045642209453692,-0.0306468193331167,0.1,1.4,-2.160009656770417e-05,0.0374449503787917,-0.030199751921737,0.5045642209453692,0.0172344689378757,0.1066132264529058,0.0417056415633851,0.4983175910358113,1.0,train,2
uric_acid,0.5,7.0,DVP,4,0.0304125316649358,0.0824229358628062,0.4089997154985789,-0.0242237199902355,0.1,1.4,8.116838436643542e-07,0.0278234448113686,-0.026314716610963,0.4089997154985789,0.3482965931863727,0.0869739478957914,0.0278605531015585,0.4037483051161203,0.7222222222222218,train,1
copper,0.1,6.0,DVP,5,0.0064495997590177,0.0181632857539027,0.1108952717011725,-0.0045834399504452,0.1,1.4,-1.6516544314397926e-06,0.0115743189363096,-0.0111655355916147,0.1108952717011725,-0.0585170340681362,0.0561122244488978,0.004833791481478,0.1089159049951536,1.0,train,4
ascorbic_acid,5.0,7.5,DVP,0,0.3177801603002497,0.8123972415662982,3.6298635068602016,-0.3560864441859145,0.1,1.4,0.0001800169542515,0.2644789758922132,-0.2730402769591636,3.6298635068602016,0.0312625250501001,0.1122244488977955,0.3153763502629945,3.5893375560477274,0.7391304347826093,train,2
dopamine,0.1,7.0,DVP,9,0.0071694539009535,0.0174220626236385,0.1024639483985014,-0.0034764115258368,0.1,1.4,2.357021393089169e-05,0.0080298312051099,-0.0073818719765156,0.1024639483985014,0.1995991983967936,0.0617234468937876,0.0048677762685282,0.0997080371971487,0.8333333333333339,train,0
uric_acid,5.0,7.5,DVP,6,0.2148801386481701,0.6135764846946066,3.031754264197069,-0.1799607269378288,0.1,1.4,-0.000382916504574,0.2556488047819024,-0.1809082857411055,3.031754264197069,0.3314629258517034,0.0869739478957916,0.2069568589522958,3.0042171302088234,0.9374999999999966,train,1
uric_acid,1.0,6.5,DVP,4,0.0562278418343012,0.1573414001210616,0.7922008019455714,-0.048441474970732,0.1,1.4,-2.104072439860077e-06,0.0551871468916627,-0.0499936702134689,0.7922008019455714,0.3763527054108216,0.0841683366733467,0.0520200960262112,0.7840722902868167,0.8749999999999981,train,1
aluminum,10.0,6.5,DVP,3,0.3373469735377172,0.8958126918195962,4.177763956935724,-0.3248387607661138,0.1,1.4,-0.000515220722176,0.2960545564271899,-0.4896396292977268,4.177763956935724,-0.3278557114228457,0.0981963927855711,0.3202002453505384,4.123162076113389,0.8421052631578941,train,5
uric_acid,5.0,8.0,DVP,9,0.2169652314285218,0.6259114243106269,3.187819930358977,-0.1975161274773732,0.1,1.4,0.0007029479783675,0.2214534604388751,-0.2090103211537363,3.187819930358977,0.3006012024048096,0.0869739478957916,0.2103909836574416,3.160196988070977,0.8235294117647053,train,1
glucose,0.1,7.5,DVP,5,0.0090944079953031,0.0146515967520253,0.0609426620857303,-0.0023929490383776,0.1,1.4,-2.142129969439754e-07,0.0042450574782764,-0.0040442817289954,0.0609426620857303,0.4829659318637275,0.1486973947895791,0.0066443891009774,0.0574054275169894,0.9629629629629608,train,3
glucose,0.5,8.0,DVP,3,0.03510957065537,0.0720639768272034,0.2938652424766849,-0.0216151513587414,0.1,1.4,-3.4512730751290714e-05,0.0245812513377051,-0.0384985027254196,0.2938652424766849,0.4577154308617234,0.1430861723446894,0.0318043203680917,0.2861374410268806,0.6999999999999992,train,3
dopamine,0.2,6.5,DVP,7,0.0116372524596864,0.0346283025892212,0.197729243085322,-0.0099799988711798,0.1,1.4,-1.062312401276829e-05,0.0155127210334976,-0.0143346993764759,0.197729243085322,0.2248496993987976,0.0645290581162324,0.0100224046588287,0.1954322429944223,0.769230769230771,train,0
dopamine,5.0,6.0,DVP,4,0.1833431012249894,0.6164727232242799,3.561627604286543,-0.1921220190954831,0.1,1.4,-1.940297453983031e-05,0.2742610470755853,-0.2441800061571424,3.561627604286543,0.2529058116232465,0.0617234468937875,0.1726838518790751,3.545771539703345,0.8333333333333366,train,0
copper,2.0,6.0,DVP,3,0.0894099600793897,0.3129628266603641,1.884620716242037,-0.1067117564544085,0.1,1.4,-0.0001675712864463,0.1633159762945632,-0.1618063579689936,1.884620716242037,-0.064128256513026,0.0561122244488978,0.0837234129618132,1.8706284077739077,0.6666666666666677,train,4
aluminum,0.5,7.0,DVP,7,0.028977991847386,0.0778895532502556,0.369857375423115,-0.0287408531898892,0.1,1.4,-3.2970337757088504e-05,0.0213105025620674,-0.0196824729849169,0.369857375423115,-0.3110220440881763,0.0981963927855711,0.028060865163514,0.366719985577256,0.9444444444444456,train,5
dopamine,0.5,7.0,DVP,8,0.0271292173434976,0.0851633481367865,0.4955703546720372,-0.0260408591577377,0.1,1.4,-7.406026316426825e-06,0.0386291154679558,-0.042448323566253,0.4955703546720372,0.1967935871743487,0.0645290581162325,0.0246143840741878,0.4905167137859473,0.7692307692307687,train,0
dopamine,1.0,6.0,DVP,2,0.0480446437703975,0.1605301176052716,0.928899062741514,-0.0420717490650642,0.1,1.4,-3.064242383474976e-05,0.0809220383098439,-0.0688990126233933,0.928899062741514,0.2557114228456913,0.0617234468937875,0.0449410157102009,0.923096095995056,1.0,train,0
dopamine,2.0,7.0,DVP,7,0.0875093133748448,0.3072793785389995,1.7528617188909033,-0.1028056814561024,0.1,1.4,-0.0001249773266147,0.1549981746710687,-0.1168764305223528,1.7528617188909033,0.1967935871743487,0.0645290581162325,0.0886309888094209,1.7487925323490048,0.7692307692307687,train,0
aluminum,1.0,7.5,DVP,0,0.0564575962708245,0.150670806658096,0.6984178021314835,-0.0677793259733614,0.1,1.4,3.833988875117561e-05,0.0450024724886243,-0.0456037091899403,0.6984178021314835,-0.3166332665330661,0.1038076152304608,0.0562565890495909,0.6914425058845312,0.7619047619047616,train,5
aluminum,0.2,6.0,DVP,8,0.0131980660617204,0.0316413099562712,0.1474920947232582,-0.0085881750365402,0.1,1.4,-7.694633111902938e-07,0.0117949270634091,-0.0112474688523432,0.1474920947232582,-0.3306613226452906,0.101002004008016,0.0115174844813294,0.1443903791486481,0.8947368421052635,train,5
ascorbic_acid,0.2,6.5,DVP,9,0.0192203389655779,0.0438488235562696,0.1930101076382876,-0.0117295696937342,0.1,1.4,5.578011383666698e-05,0.0126609772103454,-0.0114185029689638,0.1930101076382876,0.0789579158316633,0.1206412825651302,0.017702524695195,0.18868555558339,0.9545454545454538,train,2
copper,5.0,6.0,DVP,2,0.1756952662583698,0.6495048493833363,3.8886394136942,-0.1944900538712121,0.1,1.4,-0.0001447335479654,0.3494206890939553,-0.3306571073312004,3.8886394136942,-0.064128256513026,0.0561122244488978,0.1739905731606715,3.874224411430559,0.6666666666666677,train,4
uric_acid,5.0,6.0,DVP,6,0.2091837122675787,0.6008372969001012,2.985993256328201,-0.1750179955299277,0.1,1.4,-0.0003724607142153,0.2031426712449167,-0.1951421784402915,2.985993256328201,0.4044088176352706,0.0897795591182364,0.2064357827135124,2.958782259835645,0.999999999999995,train,1
uric_acid,0.5,8.0,DVP,5,0.0309020632503932,0.083366134832703,0.4242061653557641,-0.0197884565917122,0.1,1.4,-2.1245075192678453e-05,0.0310731431788943,-0.0250231794868604,0.4242061653557641,0.2977955911823647,0.0869739478957916,0.0281023549920685,0.4185384017978396,0.722222222222224,train,1
copper,0.2,7.0,DVP,1,0.0112685713583224,0.0360933229658676,0.2231651006792692,-0.0102194113553638,0.1,1.4,2.544711286884008e-06,0.0187161990110176,-0.0183518559619651,0.2231651006792692,-0.0501002004008015,0.0561122244488977,0.0096421987061789,0.2207245062515345,0.999999999999996,train,4
dopamine,2.0,8.0,DVP,3,0.0957381147771681,0.3156834374200272,1.811385458470716,-0.0932652461065146,0.1,1.4,-0.0001578497540654,0.1400187480942598,-0.1526389570168928,1.811385458470716,0.1462925851703407,0.0645290581162325,0.0911025028942308,1.7995867783340451,0.9166666666666686,train,0
aluminum,0.5,7.0,DVP,2,0.0296746236743622,0.078087852324862,0.3618808737648095,-0.0237498744151216,0.1,1.4,-1.494791389559371e-05,0.0248705806648522,-0.0211276339905007,0.3618808737648095,-0.3054108216432865,0.101002004008016,0.0284819249382229,0.3572217618085073,0.7142857142857135,train,5
dopamine,0.5,6.5,DVP,2,0.0262133898799734,0.0842111679405143,0.4798381662907993,-0.0213436769532457,0.1,1.4,-1.4237578538472675e-05,0.0407429431216711,-0.0379275636385497,0.4798381662907993,0.2276553106212424,0.0645290581162324,0.0242884446656994,0.475938120711565,0.9166666666666652,train,0
aluminum,2.0,6.0,DVP,2,0.1017383399745825,0.2772782566308272,1.2549740626571342,-0.0872909771029859,0.1,1.4,-6.323997146046483e-05,0.0965163262731849,-0.0867294401072856,1.2549740626571342,-0.3334669338677354,0.1038076152304609,0.1026049132171755,1.2408683805913183,0.7619047619047625,train,5
aluminum,0.1,6.0,DVP,9,0.0073790967069503,0.0162353144501391,0.0780529590165144,-0.0042408234947223,0.1,1.4,2.4041422026556116e-05,0.005077993591849,-0.0059013323108015,0.0780529590165144,-0.3278557114228457,0.101002004008016,0.0059117549124864,0.075776468031135,1.0,train,5
glucose,0.1,6.5,DVP,4,0.0090125535163537,0.0142183120781651,0.0613106995612571,-0.0021667881984044,0.1,1.4,4.4701812700488205e-06,0.0045766697769706,-0.0042670887119424,0.0613106995612571,0.4997995991983969,0.1402805611222446,0.0062051550442416,0.0576232564981983,0.7857142857142877,train,3
ascorbic_acid,0.2,6.0,DVP,8,0.0190890881494997,0.0434706647427915,0.1972626831219718,-0.013139618283861,0.1,1.4,-2.2377198184276304e-06,0.0145859014063026,-0.009977133689027,0.1972626831219718,0.0845691382765531,0.1094188376753507,0.0165660607456454,0.193091038469052,0.6250000000000004,train,2
glucose,0.5,8.0,DVP,0,0.0344234519293897,0.0718387000349442,0.2881553367419531,-0.0293840074014928,0.1,1.4,2.2358758554204203e-05,0.0184434615750112,-0.0224822322980636,0.2881553367419531,0.4633266533066132,0.1430861723446894,0.0317985891920115,0.2812638870518242,0.8888888888888886,train,3
copper,2.0,7.5,DVP,2,0.0868642616278885,0.3180638282543783,1.9608651339777132,-0.09483228699794,0.1,1.4,-6.902922200648479e-05,0.1985577038195325,-0.1854376241760486,1.9608651339777132,-0.0444889779559117,0.0533066132264528,0.0821960241425957,1.9524399040456744,0.900000000000002,train,4
aluminum,0.1,6.0,DVP,5,0.0073715254567423,0.015933074219047,0.0743200500162892,-0.0042642152109042,0.1,1.4,-1.325348483769919e-06,0.0049383752648708,-0.0055965473592801,0.0743200500162892,-0.3278557114228457,0.0981963927855711,0.0057003496532277,0.0721049892116348,0.9444444444444436,train,5
glucose,10.0,7.5,DVP,4,0.372010978428929,0.8129205276221391,3.2066974480561607,-0.2813268152805128,0.1,1.4,5.056187056947658e-06,0.2483378560308153,-0.2332208371019511,3.2066974480561607,0.4745490981963928,0.1486973947895791,0.368933186070632,3.14505942479862,0.8275862068965527,train,3
dopamine,2.0,6.0,DVP,2,0.0877396656728113,0.2990233901008498,1.7282785050232987,-0.079777171696186,0.1,1.4,-6.0483103768458016e-05,0.1506537390596106,-0.128269232570478,1.7282785050232987,0.2557114228456913,0.0617234468937875,0.0837144018432661,1.7193412692632708,1.0,train,0
glucose,0.5,7.0,DVP,5,0.0342510194742206,0.0712887799017369,0.2898557632836721,-0.0191728923108723,0.1,1.4,-1.483086610789476e-05,0.0212194898861142,-0.0184396675492575,0.2898557632836721,0.4829659318637275,0.1515030060120241,0.0327493882459019,0.2829988139598117,0.7419354838709685,train,3
ascorbic_acid,10.0,6.0,DVP,7,0.4645474786575059,1.2246544398749035,5.428598785637203,-0.3883652245057326,0.1,1.4,-0.0005481826580276,0.3292815050372157,-0.3510892174779368,5.428598785637203,0.087374749498998,0.1094188376753507,0.4689134881426515,5.3963383433693615,0.6956521739130451,train,2
aluminum,5.0,8.0,DVP,2,0.2124897639570138,0.5841689301618102,2.809737311827245,-0.1848760704309373,0.1,1.4,-0.0001374059019509,0.1797110966177622,-0.1485205347795881,2.809737311827245,-0.3054108216432865,0.0981963927855711,0.20961869030808,2.785983340431155,0.8421052631578961,train,5
uric_acid,10.0,7.0,DVP,6,0.3301931363952587,0.9476970583248666,4.6166709426463965,-0.2789306518284243,0.1,1.4,-0.0005923832136951,0.3925222309144036,-0.306787456759938,4.6166709426463965,0.3454909819639279,0.0869739478957914,0.3187102804555192,4.575992759656308,0.6315789473684225,train,1
copper,1.0,7.0,DVP,5,0.0481625451934695,0.1699612026434584,1.048157723717313,-0.0507240153290115,0.1,1.4,-4.8815746353258025e-05,0.0920861999522415,-0.0836706873075386,1.048157723717313,-0.0529058116232464,0.0561122244488978,0.0453596790951553,1.041957976487376,0.6666666666666677,train,4
copper,10.0,6.0,DVP,2,0.2724714861392319,1.0102783309346932,6.047900974503357,-0.3031666632150385,0.1,1.4,-0.00022734078136,0.5435315339791305,-0.5143211920052749,6.047900974503357,-0.064128256513026,0.0561122244488978,0.2706130612611382,6.0258551768704605,0.6666666666666677,train,4
aluminum,10.0,8.0,DVP,2,0.3297077662949474,0.9086239273388268,4.369584965420615,-0.288191727005657,0.1,1.4,-0.0002159271339851,0.2795172297305527,-0.2310123486431254,4.369584965420615,-0.3054108216432865,0.0981963927855711,0.3260339637881382,4.333283774371088,0.8421052631578961,train,5
glucose,1.0,8.0,DVP,1,0.0638414096057612,0.13896480591934,0.5536504776530038,-0.04170599357048,0.1,1.4,2.617846147700706e-06,0.0403218542294342,-0.0391538036792447,0.5536504776530038,0.4689378757515029,0.1374749498997995,0.0601842619314412,0.5445737891720378,0.884615384615387,train,3
copper,0.5,6.0,DVP,7,0.0242103600525819,0.0881109512127897,0.5344326798467051,-0.0253189493014697,0.1,1.4,-3.5132289969899094e-05,0.0467236008757027,-0.0444345419354475,0.5344326798467051,-0.0613226452905811,0.0561122244488978,0.0236256158770829,0.5323689340473549,0.8181818181818156,train,4
copper,1.0,6.5,DVP,6,0.0479512005930397,0.1702878348868376,1.032092425334579,-0.0523888159958623,0.1,1.4,-0.0001055850594054,0.1059208402417655,-0.085162906571561,1.032092425334579,-0.0529058116232464,0.0561122244488977,0.0453973571176747,1.0257025659307204,0.8181818181818185,train,4
copper,0.5,7.0,DVP,3,0.0262633631782622,0.0881057288772982,0.5381514774738412,-0.0295013531336372,0.1,1.4,-4.451383559937829e-05,0.0468291367475498,-0.0457632335044633,0.5381514774738412,-0.0472945891783567,0.0561122244488977,0.0235133784568153,0.5331620701185327,0.8181818181818185,train,4
aluminum,0.2,6.0,DVP,4,0.0131596202308262,0.0318366122755716,0.1489773104481067,-0.0110063070687811,0.1,1.4,2.670434332035997e-06,0.0110526526271268,-0.0095321697433408,0.1489773104481067,-0.3278557114228457,0.101002004008016,0.0116257012290421,0.1461734554426157,0.8947368421052625,train,5
glucose,10.0,8.0,DVP,5,0.3741225033118573,0.8319488490476435,3.2886253848751714,-0.2279722781370814,0.1,1.4,-0.000234899039811,0.2273163040732838,-0.2258066180404619,3.2886253848751714,0.4549098196392785,0.1458917835671342,0.3728078051029846,3.2295411819370243,0.6774193548387094,train,3
ascorbic_acid,0.5,6.0,DVP,9,0.0436321269360518,0.1061250270622121,0.4685230764585008,-0.031823712013493,0.1,1.4,0.0001283019910149,0.0300593146051469,-0.0274414829221581,0.4685230764585008,0.0957915831663326,0.1150300601202405,0.0417741279454616,0.4609981678944165,0.8636363636363632,train,2
aluminum,2.0,6.5,DVP,9,0.1040825377152263,0.2810553125185006,1.3322602332116216,-0.0958708884601306,0.1,1.4,0.0003450749793819,0.0828372653455803,-0.1013798732262749,1.3322602332116216,-0.3222444889779559,0.0925851703406813,0.0968414148114905,1.315739001433578,0.9411764705882344,train,5
uric_acid,2.0,7.5,DVP,1,0.1035295712405498,0.2967872302543226,1.479946138444419,-0.0866309954664901,0.1,1.4,-7.756702760617406e-06,0.0990402986698156,-0.0893789397559803,1.479946138444419,0.3258517034068136,0.0869739478957916,0.1001734631946995,1.4697622763042038,0.8235294117647053,train,1
dopamine,1.0,6.5,DVP,1,0.0489390138577504,0.1619272863617064,0.9224681555659172,-0.0452691882873313,0.1,1.4,-2.216768835582743e-06,0.0712450093918905,-0.0615574395732678,0.9224681555659172,0.2276553106212424,0.0645290581162324,0.0467599679023382,0.916792826505498,0.9166666666666652,train,0
aluminum,1.0,7.0,DVP,3,0.057701460635068,0.150100166625692,0.6865144714187668,-0.0536797153909969,0.1,1.4,-8.304915597007339e-05,0.0490542200351302,-0.082102024384675,0.6865144714187668,-0.3250501002004007,0.101002004008016,0.0545363923470172,0.676147271103138,0.7142857142857142,train,5
dopamine,0.5,6.5,DVP,9,0.0267381665021779,0.0837218942113102,0.4904802171666022,-0.0243544127131619,0.1,1.4,9.628310677818448e-05,0.0470578340389946,-0.0378956652897471,0.4904802171666022,0.2276553106212424,0.0645290581162324,0.024147845733115,0.4854814868844226,0.9166666666666652,train,0
uric_acid,0.2,7.0,DVP,6,0.0136289683606184,0.0334093083399349,0.16500897195679,-0.0084208029234596,0.1,1.4,-1.728152160193313e-05,0.0139629903729233,-0.0109162304899024,0.16500897195679,0.3454909819639279,0.0869739478957914,0.0112352780345778,0.1615041633770008,0.6315789473684225,train,1
aluminum,5.0,7.0,DVP,5,0.2145772987887376,0.5744676256889915,2.6370930847196377,-0.1847066293184128,0.1,1.4,-0.0001857704391999,0.1695254739344219,-0.1735714564585884,2.6370930847196377,-0.3054108216432865,0.1038076152304609,0.2136379893453071,2.6080102173817985,0.7619047619047609,train,5
glucose,5.0,6.5,DVP,3,0.2400603656225824,0.5284081182276468,2.072601113861904,-0.1697373402903514,0.1,1.4,-0.0002538323868478,0.183581950094108,-0.2792400275872005,2.072601113861904,0.4969939879759518,0.1458917835671342,0.2374127779989513,2.034865878431969,0.7333333333333317,train,3
glucose,2.0,7.0,DVP,7,0.1125360291789834,0.2551257376755098,1.0167256700383835,-0.0935532415492923,0.1,1.4,-9.918884854519784e-05,0.0730177956448888,-0.0630104194677773,1.0167256700383835,0.4829659318637275,0.1430861723446892,0.1135010341044754,1.0062122895404555,0.7586206896551723,train,3
uric_acid,0.2,7.0,DVP,2,0.0134220709798252,0.0337307786431197,0.1710877002125237,-0.0082167433372996,0.1,1.4,-3.524274799263892e-06,0.0125180012146204,-0.0098971317035337,0.1710877002125237,0.3539078156312625,0.0869739478957914,0.0113917605758547,0.1678622979504626,0.9374999999999988,train,1
glucose,2.0,7.5,DVP,0,0.1162671927337433,0.2565094676589466,1.0190353453624812,-0.10980342759814,0.1,1.4,7.181141709627536e-05,0.0662422531326208,-0.0820001666355249,1.0190353453624812,0.4633266533066132,0.1458917835671342,0.1149230038208361,1.001088515010167,0.5757575757575777,train,3
glucose,2.0,6.5,DVP,6,0.1156435816869052,0.2532831095916515,1.0494972210700886,-0.073434999425295,0.1,1.4,-0.0001465123514771,0.0748871695214247,-0.0671896642836719,1.0494972210700886,0.4829659318637275,0.1402805611222446,0.1105327639426338,1.0308418297946984,0.4705882352941183,train,3
uric_acid,2.0,6.0,DVP,4,0.1020588462807621,0.2890336656836667,1.4224964623417198,-0.0914294168162903,0.1,1.4,-7.279406238703046e-06,0.1020224216033923,-0.1007354793328987,1.4224964623417198,0.4044088176352706,0.0869739478957916,0.0976768677359479,1.4088392211754783,0.9374999999999966,train,1
aluminum,2.0,6.0,DVP,0,0.1026127013149982,0.2773293702866802,1.2874077961497985,-0.1263684366574432,0.1,1.4,6.708133128281992e-05,0.0839013317757363,-0.0837829627902139,1.2874077961497985,-0.3334669338677354,0.1038076152304608,0.1026689335723869,1.2749205239275412,0.8499999999999994,train,5
aluminum,0.5,7.5,DVP,8,0.0304149054507732,0.0779324586939467,0.360285526596645,-0.0232258523951647,0.1,1.4,-7.74899265227056e-06,0.0246785071648899,-0.0229320830201004,0.360285526596645,-0.2997995991983967,0.101002004008016,0.0283554095486505,0.3549350324177924,0.7142857142857142,train,5
uric_acid,0.5,8.0,DVP,8,0.0310164854707786,0.0828753576024663,0.4356950871315971,-0.0263397333260675,0.1,1.4,-7.525768617131008e-06,0.0269981929428949,-0.0261344927737197,0.4356950871315971,0.3034068136272545,0.0841683366733466,0.0273700832645587,0.4299069210951221,0.8750000000000003,train,1
glucose,0.1,8.0,DVP,9,0.0091431229596832,0.0147202444424571,0.0605392205517249,-0.0027566940301891,0.1,1.4,2.281924155147936e-05,0.0043393715142185,-0.004156479637307,0.0605392205517249,0.4605210420841684,0.1374749498997995,0.0063439056627025,0.0569412944112061,0.8148148148148187,train,3
dopamine,0.1,7.5,DVP,8,0.0072505626746873,0.0177172268291972,0.1044434405699181,-0.0035344243979396,0.1,1.4,1.611053915626933e-06,0.0082610165783524,-0.0073635445889933,0.1044434405699181,0.1715430861723447,0.0645290581162324,0.0051090593272215,0.1016996096880338,0.769230769230771,train,0
aluminum,10.0,7.0,DVP,0,0.3299379984624858,0.8999018201345359,4.175073294146008,-0.4148796565282248,0.1,1.4,0.0002086132411051,0.2767569433833933,-0.271881180990455,4.175073294146008,-0.3166332665330661,0.101002004008016,0.3299755381432341,4.139852981850993,0.8947368421052635,train,5
copper,2.0,6.0,DVP,8,0.087959679191883,0.3148802714724966,1.9445642529280975,-0.0892592983361397,0.1,1.4,-4.039774077976532e-05,0.1591898264427551,-0.1635840414545467,1.9445642529280975,-0.0613226452905811,0.0561122244488978,0.084368262315353,1.9340016633257828,0.8181818181818156,train,4
uric_acid,0.2,6.0,DVP,1,0.0132807714509901,0.0330510773417633,0.1644392684886114,-0.0084633822702415,0.1,1.4,2.712982626235755e-06,0.0107990167986974,-0.0113107984670567,0.1644392684886114,0.3987975951903807,0.0869739478957914,0.0111786477049778,0.1614841859013798,0.7222222222222218,train,1
uric_acid,1.0,6.5,DVP,5,0.0561868787118984,0.1559260844825265,0.7558437858846598,-0.0389212502597566,0.1,1.4,-4.326735058336786e-05,0.0662405229484242,-0.0490999591902077,0.7558437858846598,0.3819639278557114,0.0897795591182365,0.0537521814117064,0.7478278066455042,0.882352941176471,train,1
dopamine,10.0,7.5,DVP,1,0.2907732591626982,0.9922227208970738,5.766951724889575,-0.284993259875714,0.1,1.4,-3.432502661535081e-05,0.4532264595580864,-0.409601739784857,5.766951724889575,0.1659318637274549,0.0617234468937876,0.2793933048305586,5.740014281783193,0.5714285714285726,train,0
glucose,5.0,7.0,DVP,2,0.2350191566300077,0.5280405348668809,2.1468715643178458,-0.1619301089948745,0.1,1.4,-9.106105059409264e-05,0.1294997835469996,-0.1269762972180643,2.1468715643178458,0.4829659318637275,0.1430861723446892,0.2332913593896942,2.11250944743441,0.7586206896551723,train,3
ascorbic_acid,2.0,6.0,DVP,4,0.1512356352767236,0.385762632832922,1.693961381465841,-0.1335926317302847,0.1,1.4,-1.1403697213191676e-05,0.1202591043739304,-0.1051579995836033,1.693961381465841,0.0901803607214428,0.1122244488977955,0.149680292528467,1.6782285122250324,0.7391304347826093,train,2
glucose,5.0,8.0,DVP,4,0.2415480589071951,0.5259713995015416,2.11514214211896,-0.1809526403549902,0.1,1.4,-1.0531058198932074e-06,0.1512915035583328,-0.1508987230408521,2.11514214211896,0.4577154308617234,0.1430861723446894,0.2327440876780169,2.075741636364569,0.7586206896551702,train,3
copper,10.0,8.0,DVP,1,0.2799869058584451,1.025897159267293,6.38439476331246,-0.3128947702756395,0.1,1.4,-3.799514098328394e-05,0.5531805918082475,-0.5584802715261412,6.38439476331246,-0.038877755511022,0.0561122244488978,0.2753228362402229,6.35848950340464,1.0,train,4
copper,10.0,6.5,DVP,8,0.2815003611907714,1.0192212886588967,6.179170607535795,-0.2918859239885846,0.1,1.4,-0.0001399345244798,0.5206850436588382,-0.5542563128754878,6.179170607535795,-0.0585170340681362,0.0533066132264529,0.2648436350165099,6.148771948996201,0.7272727272727295,train,4
dopamine,2.0,6.5,DVP,8,0.0909909522847271,0.3001760132649543,1.7485979546406027,-0.0983617691462644,0.1,1.4,-3.638100412972967e-05,0.151749983826751,-0.1331222847979771,1.7485979546406027,0.2276553106212424,0.0617234468937876,0.0844213488019489,1.736424836825203,0.9999999999999964,train,0
ascorbic_acid,5.0,7.5,DVP,1,0.3169661189496123,0.8057788194610352,3.5347137949701004,-0.2480290520846298,0.1,1.4,-2.937409989148465e-05,0.2392560309330409,-0.2590609173928119,3.5347137949701004,0.0368737474949899,0.1122244488977955,0.3126471707373364,3.4989419549642835,0.904761904761905,train,2
glucose,5.0,7.5,DVP,7,0.2319258433260382,0.5318607874545956,2.1073910007016456,-0.1974045947694193,0.1,1.4,-0.0002179363751418,0.1472840521532761,-0.1309739268205863,2.1073910007016456,0.4773547094188376,0.1402805611222444,0.2336379144912675,2.0882698591004702,1.0,train,3
dopamine,2.0,6.0,DVP,5,0.0894694504457784,0.2963413620710334,1.7013436716375463,-0.0736205265465794,0.1,1.4,-8.320705157199943e-05,0.1394263675819231,-0.1300969943422454,1.7013436716375463,0.2585170340681363,0.0617234468937875,0.0830875254647879,1.6882714659598423,0.8333333333333306,train,0
dopamine,5.0,7.5,DVP,4,0.1903178988875981,0.6440082401463465,3.724633814373824,-0.2124467274243606,0.1,1.4,-2.0289295602723883e-05,0.3447451517569996,-0.2644933898796859,3.724633814373824,0.1743486973947895,0.0617234468937876,0.1809475694703756,3.707513906233803,0.9999999999999964,train,0
ascorbic_acid,1.0,8.0,DVP,5,0.0853587719054365,0.2142832936793523,0.9809420772848154,-0.063669058892021,0.1,1.4,-6.257136478622371e-05,0.0676403503925679,-0.0522726742287965,0.9809420772848154,0.0172344689378757,0.1066132264529058,0.0803273879914273,0.9697044552587344,1.0,train,2
ascorbic_acid,1.0,8.0,DVP,1,0.0844648022496985,0.2113070666332687,0.925731875232351,-0.0640322192324515,0.1,1.4,-4.729859116103907e-06,0.0734447428719357,-0.0630939593510196,0.925731875232351,0.0200400801603206,0.1178356713426853,0.0846394468918386,0.9154585124399464,0.9090909090909076,train,2
aluminum,0.5,6.5,DVP,8,0.0301845252995954,0.0773519876925522,0.359024323662554,-0.0230611127396367,0.1,1.4,-7.6568297555554e-06,0.027680816838171,-0.0264124851103977,0.359024323662554,-0.319438877755511,0.1066132264529058,0.0291270863771532,0.3536670494063426,1.0,train,5
copper,0.2,8.0,DVP,3,0.0117416190038743,0.0364613353833561,0.2272880212002454,-0.0116880240549656,0.1,1.4,-1.612306475451981e-05,0.0167204772351622,-0.0189907485218885,0.2272880212002454,-0.038877755511022,0.0561122244488978,0.0097410313612218,0.2243672090364238,1.0,train,4
copper,5.0,8.0,DVP,9,0.1835737974267071,0.6622006733837322,4.039599351221511,-0.1911737506353324,0.1,1.4,0.0007709357818508,0.4059873815175613,-0.312306997299641,4.039599351221511,-0.0416833667334669,0.0561122244488978,0.1774355656177866,4.019986268291245,0.8181818181818156,train,4
copper,5.0,7.5,DVP,0,0.180294035041777,0.6550983838028894,3.9596013499088087,-0.2868332259833425,0.1,1.4,0.0001457988528278,0.4106244169028332,-0.3072236262885153,3.9596013499088087,-0.0416833667334669,0.0561122244488977,0.1745252048228947,3.9392440178826655,0.8181818181818185,train,4
uric_acid,0.1,7.5,DVP,4,0.0079157663167573,0.0169956140545691,0.0868872995628936,-0.0031162061023079,0.1,1.4,3.3529902661634786e-06,0.0067792763159116,-0.0052640025159338,0.0868872995628936,0.3286573146292585,0.0869739478957916,0.0057366812180367,0.0840890342909397,0.9375000000000014,train,1
ascorbic_acid,10.0,7.5,DVP,9,0.4978066495511,1.2634911602007357,5.588298794934183,-0.3686905460167613,0.1,1.4,0.0014785138506057,0.3494320740459522,-0.3257572235998131,5.588298794934183,0.0284569138276553,0.1178356713426853,0.5042991365892753,5.51971756327589,0.6800000000000007,train,2
dopamine,5.0,8.0,DVP,8,0.1933373280165813,0.6458170296962749,3.6841226609527418,-0.2140759961055027,0.1,1.4,-8.274127751897998e-05,0.2938302538413102,-0.2487288587482603,3.6841226609527418,0.1490981963927855,0.0645290581162325,0.1862803079990428,3.6593185514761832,0.9166666666666686,train,0
dopamine,0.1,6.0,DVP,0,0.0069809315259906,0.0169709093767243,0.0986230331336575,-0.0045464455855067,0.1,1.4,7.565680510145244e-06,0.0080281571753775,-0.0075269212668733,0.0986230331336575,0.2529058116232465,0.0645290581162324,0.0049006139231477,0.0960777546876076,0.769230769230771,train,0
glucose,5.0,6.0,DVP,7,0.2273626983035142,0.522295686164463,2.065944393883683,-0.1938671258154063,0.1,1.4,-0.0001875909604474,0.1530892677930697,-0.1292787813500092,2.065944393883683,0.5138276553106212,0.1430861723446894,0.2329474481733443,2.044032908879675,0.8888888888888886,train,3
copper,2.0,6.5,DVP,1,0.0866420269977044,0.313666395591514,1.890961503130593,-0.0951543868707907,0.1,1.4,-8.831343150612347e-06,0.166585724209332,-0.1782450941710252,1.890961503130593,-0.0501002004008015,0.0561122244488978,0.0839292411565884,1.8822541550356509,0.8181818181818156,train,4
dopamine,5.0,7.0,DVP,3,0.1914366082367726,0.6337209470204487,3.66819617754004,-0.1882605829703474,0.1,1.4,-0.0003231669731633,0.3202037414400319,-0.3135058948696504,3.66819617754004,0.2024048096192384,0.0617234468937876,0.1784081661848593,3.644378682630687,0.9999999999999964,train,0
copper,10.0,8.0,DVP,9,0.284725804865527,1.0300328652373838,6.282749625401786,-0.2983128428920747,0.1,1.4,0.0011967903863021,0.6315116351714358,-0.4857937497352989,6.282749625401786,-0.0416833667334669,0.0561122244488978,0.2759935609420574,6.252981424061303,0.8181818181818156,train,4
copper,0.1,8.0,DVP,0,0.0064903346009901,0.0184001084175798,0.1130962295259836,-0.0068368239293788,0.1,1.4,8.053144525020467e-06,0.0115892384948995,-0.0082962125563039,0.1130962295259836,-0.0416833667334669,0.0561122244488978,0.004913824045953,0.1111657419225271,0.8181818181818156,train,4
uric_acid,5.0,8.0,DVP,8,0.2175480347774259,0.6167255137813353,3.226250590852826,-0.2111251394757059,0.1,1.4,-8.155903289271032e-05,0.2003724264812093,-0.1938482874110112,3.226250590852826,0.3034068136272545,0.0841683366733466,0.2038464914309634,3.199085158635734,0.8750000000000003,train,1
dopamine,0.5,8.0,DVP,8,0.027757364449666,0.0868990710767689,0.4975648983257952,-0.0267398359862146,0.1,1.4,-7.686067567295452e-06,0.0395734569484651,-0.033509295372851,0.4975648983257952,0.1490981963927855,0.0645290581162325,0.0250680962711504,0.492496823478433,0.9166666666666686,train,0
dopamine,0.1,6.0,DVP,2,0.0069319425143261,0.0170951759470422,0.1009750639153597,-0.0034587823951889,0.1,1.4,2.6399466801934905e-07,0.0086999196761568,-0.0074084276781987,0.1009750639153597,0.2529058116232465,0.0617234468937875,0.0047928210763445,0.0985795929832176,0.8333333333333366,train,0
glucose,1.0,7.5,DVP,2,0.0631723940436547,0.1376500957253573,0.5527759290894445,-0.0407020867503308,0.1,1.4,-2.2716051025864297e-05,0.0340649278273456,-0.0338855943766577,0.5527759290894445,0.4829659318637275,0.1430861723446894,0.0607260409528145,0.5417730668973655,0.8888888888888886,train,3
glucose,0.2,6.0,DVP,2,0.0151401580570463,0.0286285539229397,0.1178856233088178,-0.0068759196375605,0.1,1.4,-2.001926770821838e-07,0.0070241089800806,-0.0075104271336261,0.1178856233088178,0.4997995991983969,0.1402805611222444,0.0125148464653958,0.1136527233526741,0.6129032258064544,train,3
uric_acid,1.0,7.5,DVP,7,0.054908735630318,0.1607960324808432,0.8087496755393629,-0.0547471935451445,0.1,1.4,-6.540830335681426e-05,0.0569251267640805,-0.0535985491131459,0.8087496755393629,0.3230460921843687,0.0897795591182365,0.0555014102656524,0.8051628653578858,0.6842105263157905,train,1
copper,0.5,8.0,DVP,2,0.0254210225589856,0.0891667002773307,0.5409607553949761,-0.0257241260206738,0.1,1.4,-1.647606952721492e-05,0.053821903481088,-0.0476107810750991,0.5409607553949761,-0.038877755511022,0.0561122244488978,0.0238575475472019,0.537661884225591,1.0,train,4
dopamine,0.2,6.0,DVP,0,0.0118842068176641,0.0337898097604668,0.1941255055269524,-0.0115203324937445,0.1,1.4,1.0986786742843044e-05,0.0159000979860919,-0.0149041114602809,0.1941255055269524,0.2529058116232465,0.0645290581162324,0.0097645438951437,0.1912535497551354,0.769230769230771,train,0
uric_acid,5.0,6.5,DVP,7,0.2024491595045108,0.6098286667819683,3.0269124638349028,-0.2126322376241642,0.1,1.4,-0.0002586266618098,0.2329754333833787,-0.1923822959304351,3.0269124638349028,0.3735470941883767,0.0841683366733467,0.2024416390180238,3.0183908168001583,0.7647058823529379,train,1
ascorbic_acid,0.2,8.0,DVP,0,0.0195760272980895,0.0453421368640237,0.2128005470469987,-0.0175334477452337,0.1,1.4,1.3936577345340456e-05,0.0142085330676502,-0.0142674459259232,0.2128005470469987,0.0144288577154308,0.101002004008016,0.0163612412727552,0.2086756821612746,0.8947368421052635,train,2
dopamine,2.0,7.0,DVP,8,0.0921174282549341,0.3056328371758256,1.7726271957792958,-0.099621170788361,0.1,1.4,-3.6885576523018856e-05,0.1384700607662558,-0.1520851549583902,1.7726271957792958,0.1967935871743487,0.0645290581162325,0.0883168957328648,1.7596286154885823,0.7692307692307687,train,0
uric_acid,0.1,8.0,DVP,5,0.0079639528811834,0.0170771634765493,0.0887846800096028,-0.0024230049986714,0.1,1.4,-1.2570327091801122e-06,0.0064383641762631,-0.0052004751342834,0.0887846800096028,0.2977955911823647,0.0869739478957916,0.0057559601138588,0.085931665954257,0.722222222222224,train,1
glucose,0.1,6.0,DVP,5,0.0089637394629765,0.014503494939,0.0607041345731982,-0.0025119279563167,0.1,1.4,5.849810028932179e-07,0.0042546878438567,-0.0032684661224212,0.0607041345731982,0.5054108216432865,0.1374749498997995,0.006264938349366,0.0573039201448665,0.75,train,3
glucose,0.5,8.0,DVP,5,0.0346597117333134,0.071843725809904,0.2864748193628346,-0.0177037287800462,0.1,1.4,-1.6795778014138256e-05,0.0197954160223009,-0.019620383231153,0.2864748193628346,0.4549098196392785,0.1458917835671342,0.0322248864163803,0.2792321912057826,0.6774193548387094,train,3
aluminum,2.0,8.0,DVP,8,0.1056061371874185,0.2802050805090289,1.3285324014486526,-0.0877167763672046,0.1,1.4,-3.821909982071153e-05,0.0849897587429784,-0.0785842969997813,1.3285324014486526,-0.2997995991983967,0.101002004008016,0.1021704483452138,1.314343948766455,0.8947368421052625,train,5
glucose,0.1,7.0,DVP,3,0.0091462424741953,0.0146205125070461,0.0609649220867366,-0.0029760965524474,0.1,1.4,-3.711659249418055e-06,0.0054058769413657,-0.0080639019302895,0.0609649220867366,0.4829659318637275,0.1430861723446892,0.0064744241736206,0.0573563320793489,0.7000000000000011,train,3
glucose,0.1,6.0,DVP,9,0.0089705222677849,0.0144226167623981,0.0596420001600075,-0.002646128788684,0.1,1.4,2.331013844233069e-05,0.0042263422800138,-0.0044220388821497,0.0596420001600075,0.5026052104208417,0.1402805611222446,0.0062978693413953,0.0561037627314445,0.6129032258064528,train,3
copper,5.0,6.0,DVP,7,0.1702353306943916,0.6538061079702115,3.9574273287348825,-0.2030736186145394,0.1,1.4,-0.0002859864582977,0.3469653447053444,-0.3296912498814929,3.9574273287348825,-0.0613226452905811,0.0561122244488978,0.1753390626156018,3.9515953424674106,0.8181818181818156,train,4
copper,0.5,6.0,DVP,2,0.0249476929824116,0.0875316126834439,0.5251742901260879,-0.0252053354702518,0.1,1.4,-1.6056895947051067e-05,0.0470557191766637,-0.0445649754350458,0.5251742901260879,-0.064128256513026,0.0561122244488978,0.0234478219347713,0.5220282999644894,0.6666666666666677,train,4
glucose,0.5,7.5,DVP,9,0.034489689671036,0.0715789497976667,0.2863163251298465,-0.0220290953724442,0.1,1.4,9.291877126158388e-05,0.0202553278624766,-0.0197572202887313,0.2863163251298465,0.4857715430861723,0.1486973947895791,0.0325785004913249,0.279329167520481,0.8928571428571425,train,3
glucose,0.5,7.0,DVP,6,0.0342605690249353,0.0709436385440811,0.302013529286037,-0.0196125665377555,0.1,1.4,-3.964784201012812e-05,0.0194774913704223,-0.0202056272961641,0.302013529286037,0.4829659318637275,0.1374749498997995,0.0306425058674443,0.2949060597197046,0.8148148148148133,train,3
ascorbic_acid,2.0,6.5,DVP,6,0.1527045762396205,0.3845023883890214,1.7122887743212571,-0.1155947201448446,0.1,1.4,-0.0002466879499786,0.1257951751940171,-0.1057431594600956,1.7122887743212571,0.0789579158316633,0.1150300601202405,0.1509583919703104,1.690610961129384,0.9523809523809534,train,2
ascorbic_acid,2.0,6.0,DVP,3,0.1534469105511105,0.3824248282175012,1.7410330541901446,-0.1203293820404911,0.1,1.4,-0.0002060853650759,0.104062211643386,-0.1981251179408347,1.7410330541901446,0.0929859719438878,0.1094188376753506,0.1453284125557288,1.7153074462799578,0.772727272727274,train,2
aluminum,5.0,8.0,DVP,5,0.2162819714093069,0.5802853299961146,2.7711984067849285,-0.186128271148174,0.1,1.4,-0.0001872236165897,0.1774351342783421,-0.1500470282407041,2.7711984067849285,-0.3054108216432865,0.0953907815631262,0.2044402366857996,2.739857497385405,0.8888888888888903,train,5
dopamine,5.0,6.5,DVP,8,0.1863379464336014,0.6219073703077723,3.620296398966812,-0.2063361438474991,0.1,1.4,-7.964034796085395e-05,0.3143109377683956,-0.2757080894009187,3.620296398966812,0.2276553106212424,0.0617234468937876,0.1749193600538546,3.5975934916905343,0.9999999999999964,train,0
ascorbic_acid,0.5,7.0,DVP,5,0.0444337824159037,0.1086588893056402,0.4808150716974917,-0.0317131438637332,0.1,1.4,-2.994168578853396e-05,0.0357966077249571,-0.0255140737879501,0.4808150716974917,0.0480961923847695,0.1122244488977955,0.0419565329988105,0.4738404500963469,0.6666666666666689,train,2
copper,10.0,6.5,DVP,7,0.2652872705876518,1.0225782255665266,6.154005796145571,-0.3192043754620898,0.1,1.4,-0.0004498746112157,0.5299646157713995,-0.5691435411720582,6.154005796145571,-0.0529058116232464,0.0561122244488978,0.2751107647135836,6.146191841093295,1.0,train,4
uric_acid,2.0,8.0,DVP,3,0.1074073825900992,0.2989495663208141,1.4462354139262814,-0.0910623809212697,0.1,1.4,-0.0001556427480037,0.1118655919288275,-0.1505577512391049,1.4462354139262814,0.2949899799599198,0.0869739478957916,0.1005764266813844,1.4280759713977815,0.7222222222222201,train,1
uric_acid,0.2,7.5,DVP,6,0.0137336280202144,0.0336548652553041,0.1685279548708652,-0.0085066715391956,0.1,1.4,-1.7475118881182087e-05,0.0141351472725519,-0.0100104905969776,0.1685279548708652,0.3314629258517034,0.0869739478957916,0.0113440098630755,0.1648959975745764,0.9374999999999966,train,1
glucose,1.0,6.0,DVP,2,0.0619681240547263,0.1350948647376602,0.5463283201802763,-0.039950729501439,0.1,1.4,-1.539928635344459e-05,0.032709591308951,-0.0349442755617577,0.5463283201802763,0.4997995991983969,0.1430861723446894,0.0598303456652125,0.5361620790204076,0.5937500000000017,train,3
copper,2.0,8.0,DVP,5,0.0892576220465658,0.3194420413661568,1.9652625061840467,-0.0960732320310113,0.1,1.4,-9.517092522927056e-05,0.163625474616041,-0.1570227184867243,1.9652625061840467,-0.0416833667334669,0.0561122244488978,0.085366694290495,1.9551585841792103,0.8181818181818156,train,4
dopamine,0.2,7.0,DVP,2,0.0120386569345514,0.0347170651300764,0.1971736791665419,-0.0080572394343871,0.1,1.4,-3.5803536770920645e-06,0.0152755840205377,-0.015790027271,0.1971736791665419,0.1995991983967936,0.0645290581162325,0.0100137420319275,0.1943169702506728,0.9166666666666686,train,0
uric_acid,10.0,8.0,DVP,0,0.3330048285416867,0.96764129510627,4.709443148068058,-0.4086487681000684,0.1,1.4,0.0002058019069747,0.4013620875108957,-0.2899301929493446,4.709443148068058,0.2977955911823647,0.0897795591182365,0.3324682235087415,4.672985096912655,0.6842105263157905,train,1
glucose,2.0,7.5,DVP,3,0.118700137382809,0.2575955891560745,1.019647690803425,-0.0819475402851628,0.1,1.4,-0.0001298522022613,0.0917887398259738,-0.1365561361796949,1.019647690803425,0.4577154308617234,0.1486973947895791,0.1167057250483813,0.999215102573933,0.514285714285714,train,3
copper,5.0,7.0,DVP,1,0.1787517286698172,0.6529550590568833,4.015438726787849,-0.1990678469462546,0.1,1.4,-2.274934538035728e-05,0.3393165803778692,-0.3319591383848508,4.015438726787849,-0.0501002004008015,0.0561122244488977,0.1746434278264391,3.9985804001156846,0.999999999999996,train,4
dopamine,5.0,6.5,DVP,4,0.1856681305725236,0.6279589619700665,3.6032416016005504,-0.200203687017254,0.1,1.4,-1.970932427569083e-05,0.2866643177355404,-0.2545286374896169,3.6032416016005504,0.2248496993987976,0.0645290581162324,0.1814584321806853,3.5885157500991047,0.769230769230771,train,0
uric_acid,2.0,8.0,DVP,5,0.1056486642810941,0.2993892909907085,1.5172175572596347,-0.0763758764380005,0.1,1.4,-8.637852397511267e-05,0.1113485437219512,-0.0896178540150853,1.5172175572596347,0.2977955911823647,0.0869739478957916,0.1009227177724442,1.50239987631769,0.722222222222224,train,1
uric_acid,10.0,8.0,DVP,5,0.3359789311608835,0.965062781969187,4.885311920459711,-0.2507489627791556,0.1,1.4,-0.0002870860402232,0.3587157039138895,-0.288665147376134,4.885311920459711,0.2977955911823647,0.0869739478957916,0.325246961374855,4.841490009180993,0.722222222222224,train,1
dopamine,5.0,6.5,DVP,0,0.1836402646950238,0.6211450457501771,3.573238191391927,-0.2558736521439863,0.1,1.4,0.0001308566205722,0.29988268900051,-0.343689381363911,3.573238191391927,0.2276553106212424,0.0645290581162324,0.1789113413985002,3.553798470487244,0.9166666666666652,train,0
glucose,0.5,6.5,DVP,1,0.0337353039879027,0.070799831476961,0.2807028601579117,-0.0204254802604631,0.1,1.4,6.195646809767426e-06,0.0211529962124164,-0.0202039557958305,0.2807028601579117,0.4969939879759518,0.1486973947895793,0.0322220424413952,0.2751521835310315,0.8275862068965505,train,3
glucose,1.0,6.0,DVP,7,0.060791699138612,0.1353206712087471,0.537241549076494,-0.0485661443287806,0.1,1.4,-4.583434208648925e-05,0.0397618254034182,-0.033604084122626,0.537241549076494,0.5138276553106212,0.1430861723446894,0.0603802594282358,0.529867088375374,0.8888888888888886,train,3
uric_acid,1.0,8.0,DVP,8,0.0578831695272916,0.1597669848477606,0.8376269498074942,-0.0529549152817768,0.1,1.4,-1.8188995981926388e-05,0.0519697903661089,-0.0502908006432885,0.8376269498074942,0.3034068136272545,0.0841683366733466,0.0527948792020665,0.8288355926170531,0.8750000000000003,train,1
glucose,0.1,8.0,DVP,5,0.0091361935695131,0.0146977160491662,0.0607492129333356,-0.0021789653825205,0.1,1.4,-3.970365256476053e-07,0.0041923417327534,-0.0041176588094005,0.0607492129333356,0.4549098196392785,0.1458917835671342,0.0065826074993947,0.0571676921260323,0.6774193548387094,train,3
aluminum,0.1,7.0,DVP,7,0.0071651087617238,0.0161865449646519,0.0778949538536908,-0.0048690764189154,0.1,1.4,-3.756030678855897e-06,0.0044790775105589,-0.0041300473612754,0.0778949538536908,-0.3110220440881763,0.0981963927855711,0.0058238194557348,0.0761114954417383,0.9444444444444456,train,5
copper,0.1,7.5,DVP,4,0.0065295951623617,0.0183623847731315,0.1138476041817207,-0.0056112388595664,0.1,1.4,3.283593108332233e-06,0.0101573081304599,-0.009372290080325,0.1138476041817207,-0.0472945891783567,0.0561122244488977,0.0048981125836747,0.1119168095817391,0.8181818181818185,train,4
ascorbic_acid,0.2,7.0,DVP,9,0.0193942907157185,0.0443112206113422,0.1954852081902083,-0.0114626084963513,0.1,1.4,5.631847539784804e-05,0.0125535456627496,-0.012022578995024,0.1954852081902083,0.0565130260521041,0.1094188376753506,0.016811155162227,0.1911521788395778,0.9500000000000012,train,2
dopamine,0.1,7.0,DVP,0,0.0071086067669875,0.0173274277200361,0.1013274965290915,-0.0047379631884291,0.1,1.4,7.659631283028462e-06,0.0085843848575978,-0.0078027896228525,0.1013274965290915,0.1995991983967936,0.0645290581162325,0.0049967885649106,0.0987063578000371,0.9166666666666686,train,0
copper,0.5,7.5,DVP,4,0.0258736860703059,0.0885498406395946,0.5442190465367429,-0.0305478849130574,0.1,1.4,4.495005732843282e-07,0.0489700578044521,-0.0452628989947818,0.5442190465367429,-0.0472945891783567,0.0561122244488977,0.0236775319615964,0.541080495546455,0.8181818181818185,train,4
dopamine,0.5,7.5,DVP,2,0.0268267415979823,0.0858072148941687,0.4952766193646779,-0.0219120853929138,0.1,1.4,-1.4687407789637063e-05,0.0346187588528823,-0.0422817293822674,0.4952766193646779,0.1743486973947895,0.0617234468937876,0.0240097075916382,0.4909552406318027,0.9999999999999964,train,0
uric_acid,5.0,7.5,DVP,5,0.2148026300241738,0.615353850018154,2.9526281215141834,-0.1590082370779859,0.1,1.4,-0.0001814903106738,0.3073068678707737,-0.2104302036943861,2.9526281215141834,0.3314629258517034,0.0869739478957916,0.2081402543613185,2.9269671518661435,0.9374999999999966,train,1
uric_acid,0.1,6.5,DVP,8,0.0078290786360999,0.0167411561674385,0.0862292340128005,-0.0033646785432479,0.1,1.4,1.6790637357439395e-06,0.0064836315472851,-0.0046435142404264,0.0862292340128005,0.3735470941883767,0.0841683366733467,0.005527352173795,0.0834060884299437,0.7647058823529379,train,1
dopamine,2.0,7.5,DVP,4,0.092912153171495,0.3108682386497619,1.7990462232030646,-0.101847294108102,0.1,1.4,-7.714900238173298e-06,0.1664508310687611,-0.127701876815568,1.7990462232030646,0.1743486973947895,0.0617234468937876,0.0873548803498745,1.789871523574295,0.9999999999999964,train,0
uric_acid,1.0,6.0,DVP,4,0.0557353623398263,0.1551428005181114,0.7646189145143342,-0.0479731518019887,0.1,1.4,-2.047514486973295e-06,0.0548082785768323,-0.0541184256216656,0.7646189145143342,0.4044088176352706,0.0869739478957916,0.05244916324895,0.7565278571219634,0.9374999999999966,train,1
glucose,0.5,7.5,DVP,1,0.0341486647273479,0.0716498040023629,0.2902812699990033,-0.0206873271463877,0.1,1.4,4.060016457969113e-06,0.0208854935127522,-0.0206850196294126,0.2902812699990033,0.4689378757515029,0.1402805611222444,0.0315233579723316,0.284644406273063,0.7857142857142849,train,3
glucose,0.1,8.0,DVP,3,0.0092315930474599,0.0147424491034491,0.0623186277840273,-0.0030245881921121,0.1,1.4,-4.154187843675319e-06,0.0051722511163376,-0.0081511183298138,0.0623186277840273,0.4577154308617234,0.1430861723446894,0.0065039882541729,0.0586814826638576,0.6999999999999992,train,3
ascorbic_acid,0.1,7.5,DVP,5,0.010843800999185,0.0227578318539844,0.1025512971697159,-0.0055704439522104,0.1,1.4,-3.175362071139734e-06,0.0071796643724529,-0.0054645587662173,0.1025512971697159,0.0312625250501001,0.1122244488977955,0.0088183113690917,0.099479255707906,0.7391304347826093,train,2
dopamine,2.0,7.0,DVP,6,0.0917497586875558,0.3042379510156965,1.779118300955817,-0.0853176854447029,0.1,1.4,-0.0001826075959627,0.1486939440797256,-0.1350939351771543,1.779118300955817,0.1995991983967936,0.0645290581162325,0.0876801832160204,1.766676008866183,0.9166666666666686,train,0
glucose,2.0,8.0,DVP,0,0.1169883002871194,0.2580715616947799,1.0279769575473965,-0.1101950675020242,0.1,1.4,6.945389458160922e-05,0.0658047485103144,-0.0803337559395906,1.0279769575473965,0.4633266533066132,0.1430861723446894,0.1143035872950475,1.0104155697365236,0.8888888888888886,train,3
glucose,1.0,8.0,DVP,9,0.064499862726835,0.1387511005873024,0.547849206260681,-0.0448329797455823,0.1,1.4,0.0001741868926884,0.0391343001491113,-0.0377692254543859,0.547849206260681,0.4605210420841684,0.1402805611222444,0.0606345828990983,0.5364109810684156,0.8518518518518549,train,3
uric_acid,5.0,7.5,DVP,8,0.215642403031506,0.6155674210941477,3.0665901577661105,-0.2092329140561178,0.1,1.4,-8.080092269783572e-05,0.2484308111330644,-0.1799826025686717,3.0665901577661105,0.3230460921843687,0.0897795591182365,0.2119035538193716,3.0409286441187966,0.6842105263157905,train,1
dopamine,0.5,7.5,DVP,0,0.027070056644292,0.0855470345787266,0.4889680085977842,-0.0331105500738947,0.1,1.4,2.1578072334455363e-05,0.0496582798245891,-0.0406688472462166,0.4889680085977842,0.1715430861723447,0.0645290581162324,0.0246270339512273,0.4841355348659024,0.9166666666666652,train,0
uric_acid,10.0,6.0,DVP,9,0.3245651117456564,0.933048902345036,4.534979731286869,-0.2972299551519196,0.1,1.4,0.001052303134042,0.2857621219135691,-0.2837142733853683,4.534979731286869,0.4100200400801602,0.0897795591182364,0.3202410926456341,4.496083065637565,0.7777777777777782,train,1
aluminum,0.1,7.5,DVP,7,0.0071877759386428,0.0162487356205447,0.0792384114319565,-0.0048943560962684,0.1,1.4,-3.786999211968177e-06,0.0044969154809108,-0.0041465336615879,0.0792384114319565,-0.3110220440881763,0.0981963927855711,0.005855814407427,0.0774784685544656,0.9444444444444436,train,5
dopamine,1.0,6.5,DVP,2,0.0486347165211406,0.1622826619925181,0.9226062715198582,-0.0426466960706747,0.1,1.4,-3.109684044637074e-05,0.0784432625895271,-0.0730110591390157,0.9226062715198582,0.2276553106212424,0.0645290581162324,0.0467867682014147,0.9167534675442424,0.9166666666666652,train,0
ascorbic_acid,0.2,6.0,DVP,6,0.0190327417457809,0.0435058552147801,0.1976024107390524,-0.0116535722467959,0.1,1.4,-2.457003248879064e-05,0.0139698364735072,-0.0119045377789221,0.1976024107390524,0.0901803607214428,0.1094188376753507,0.0165731862972377,0.1932663771388986,0.7727272727272726,train,2
ascorbic_acid,0.2,7.0,DVP,3,0.019646894540539,0.044246568329153,0.1929716890090436,-0.013444706758774,0.1,1.4,-2.069728896923329e-05,0.0127284159776269,-0.0233042400351886,0.1929716890090436,0.0565130260521041,0.1178356713426853,0.017633264872319,0.188421240342729,0.9090909090909076,train,2
dopamine,10.0,7.0,DVP,6,0.2911934916329853,0.9805208354393856,5.728804736633861,-0.2810906881678289,0.1,1.4,-0.0005969547553029,0.4790700620239623,-0.4351974337349737,5.728804736633861,0.1995991983967936,0.0645290581162325,0.2825931825076809,5.693555450913158,0.9166666666666686,train,0
copper,1.0,8.0,DVP,5,0.0486291147032229,0.1716016601524589,1.056318168994432,-0.0511862738592707,0.1,1.4,-4.928825896572389e-05,0.0878795638589521,-0.0843413524655327,1.056318168994432,-0.0416833667334669,0.0561122244488978,0.0458483788552297,1.0500786253087997,0.8181818181818156,train,4
aluminum,10.0,6.5,DVP,5,0.3316277566078218,0.8890908348576034,4.076726826589876,-0.2866535283978655,0.1,1.4,-0.0002899787828203,0.2667805615703305,-0.2924920572372858,4.076726826589876,-0.3278557114228457,0.1038076152304609,0.3302404851153396,4.033450647021697,0.7619047619047609,train,5
uric_acid,2.0,8.0,DVP,4,0.1057269624195914,0.2999796805261515,1.507473596295067,-0.0949015449416279,0.1,1.4,-7.697801802777599e-06,0.091234414598629,-0.0845382323108219,1.507473596295067,0.3006012024048096,0.0897795591182365,0.1029959190228514,1.4955090887878486,0.7777777777777766,train,1
glucose,0.5,8.0,DVP,2,0.0342011688423299,0.0718474980713831,0.2895920773080029,-0.0202763931975656,0.1,1.4,-1.0771962286750869e-05,0.0188816047176796,-0.0178797239523558,0.2895920773080029,0.4549098196392785,0.1486973947895792,0.0325653704386162,0.2826756068531683,0.7666666666666656,train,3
copper,0.1,7.0,DVP,3,0.0066114629574531,0.0182718612173665,0.1125871707620631,-0.0054136109024199,0.1,1.4,-6.122944888481617e-06,0.0096767520958094,-0.0095606396882659,0.1125871707620631,-0.0472945891783567,0.0561122244488977,0.004868549373597,0.1103381513148099,0.8181818181818185,train,4
aluminum,5.0,7.0,DVP,3,0.2182694210418393,0.5785504191516474,2.642631785250466,-0.2093645096988878,0.1,1.4,-0.0003311785932917,0.189030439820814,-0.3160879794374751,2.642631785250466,-0.3250501002004007,0.101002004008016,0.2102440127118376,2.6068431054501096,0.7142857142857142,train,5
aluminum,0.1,8.0,DVP,4,0.0074709443938916,0.0164661829439109,0.0767317811558008,-0.0052322663212148,0.1,1.4,3.3266639854671865e-06,0.0048094000421308,-0.0049721594743686,0.0767317811558008,-0.3054108216432865,0.101002004008016,0.0060062703864316,0.0746756975662015,0.8000000000000006,train,5
glucose,1.0,6.0,DVP,0,0.0623847359045334,0.1353997023943783,0.5479486259428213,-0.0571458503955115,0.1,1.4,4.669563538605245e-05,0.0345667186921909,-0.0429450826581463,0.5479486259428213,0.5110220440881764,0.1430861723446894,0.0598618001180006,0.537706432013266,0.7586206896551749,train,3
ascorbic_acid,5.0,6.0,DVP,5,0.3109174586844186,0.7895755646013397,3.4573787572284465,-0.2375107879038557,0.1,1.4,-0.000242254003877,0.2919681749465556,-0.2314919648857027,3.4573787572284465,0.0929859719438878,0.1094188376753507,0.3008548094432166,3.4191209254969253,0.8571428571428585,train,2
dopamine,2.0,7.5,DVP,3,0.0945950226246364,0.3114288267307249,1.7896519557977957,-0.0911974142986558,0.1,1.4,-0.0001558754823817,0.1320149028178282,-0.1507772196483529,1.7896519557977957,0.1771543086172344,0.0645290581162324,0.0900053831096986,1.777789319180691,0.769230769230771,train,0
dopamine,0.5,8.0,DVP,9,0.0276775671668457,0.087986802767643,0.5086868958017376,-0.0239558729650407,0.1,1.4,9.972842819653006e-05,0.0441377644340206,-0.0378361941043935,0.5086868958017376,0.1462925851703407,0.0617234468937876,0.0247851596209179,0.5039424604465951,0.9999999999999964,train,0
glucose,0.2,7.5,DVP,6,0.0155888624566954,0.0291240197010765,0.1238591762124161,-0.0072660990174888,0.1,1.4,-1.4556094038439054e-05,0.0080941433825853,-0.0090999446996032,0.1238591762124161,0.4829659318637275,0.1430861723446894,0.0129327812479383,0.1193656410133707,0.9615384615384596,train,3
glucose,2.0,6.0,DVP,8,0.1151986237465693,0.2534945403273534,1.0003056334304343,-0.0889329809910145,0.1,1.4,-9.301556960376071e-06,0.0749891179118555,-0.0675562234780817,1.0003056334304343,0.5110220440881764,0.1430861723446892,0.1126988639161031,0.9845070092891972,0.8888888888888912,train,3
copper,1.0,6.5,DVP,2,0.0468871598739695,0.1692891115090585,1.0497030858894232,-0.0499019336465667,0.1,1.4,-3.4833700812982634e-05,0.0877408619699803,-0.095160529115134,1.0497030858894232,-0.0529058116232464,0.0589178356713426,0.0466953513350787,1.0447300379255875,0.9090909090909112,train,4
copper,2.0,6.5,DVP,0,0.0869554994828151,0.3129821144533841,1.9417353451180497,-0.1359901106888766,0.1,1.4,7.180133484636217e-05,0.160259611654275,-0.1505870967754193,1.9417353451180497,-0.0529058116232464,0.0561122244488978,0.0837152668106897,1.931290620064012,1.0,train,4
aluminum,0.2,6.0,DVP,0,0.0130432255720358,0.0317797328945632,0.1486357555722794,-0.0132644650554578,0.1,1.4,1.131256001227747e-05,0.0096369862012531,-0.0096801622267708,0.1486357555722794,-0.3334669338677354,0.1038076152304608,0.0117729308108818,0.1460937154104651,0.8499999999999994,train,5
aluminum,0.5,7.0,DVP,4,0.0302057652789072,0.0783674631482359,0.3620860850498279,-0.0283180172610535,0.1,1.4,7.029288319024048e-07,0.0258661689716681,-0.0233754881202396,0.3620860850498279,-0.3138276553106212,0.0981963927855711,0.0279872657604644,0.3572521295109132,0.9444444444444446,train,5
aluminum,0.2,7.0,DVP,0,0.0131363055110218,0.0320234841112012,0.1497765997839586,-0.0133813441421421,0.1,1.4,1.137182872610818e-05,0.0098596403248024,-0.0097602467010838,0.1497765997839586,-0.3166332665330661,0.101002004008016,0.0117463606752021,0.1472684316652012,0.8947368421052635,train,5
ascorbic_acid,0.2,6.0,DVP,5,0.0190270123265467,0.0435227801143051,0.1925070088817072,-0.0118305210872735,0.1,1.4,-9.68065566735682e-06,0.0161719355622118,-0.0128408352181692,0.1925070088817072,0.0929859719438878,0.1094188376753507,0.0165753647167291,0.1884368277876345,0.8571428571428585,train,2
glucose,5.0,7.0,DVP,8,0.2391278385061196,0.5314536777546087,2.163301578306984,-0.18953664428075,0.1,1.4,-4.344329631459898e-05,0.1570462717852104,-0.1454277093972861,2.163301578306984,0.4745490981963928,0.1374749498997995,0.2294164458788473,2.1298482482757684,0.6333333333333315,train,3
uric_acid,10.0,7.0,DVP,7,0.316642662458432,0.9579198216489886,4.762645490088981,-0.334872943524804,0.1,1.4,-0.0004082239084373,0.3895940934763244,-0.291547757857246,4.762645490088981,0.3511022044088177,0.0869739478957914,0.3236764944737097,4.749760621747791,0.8235294117647073,train,1
glucose,0.1,7.5,DVP,3,0.0091892778589551,0.0146808228578232,0.0606659070031894,-0.0029993775952688,0.1,1.4,-3.95050632823674e-06,0.0054013112089714,-0.0081057748953222,0.0606659070031894,0.4577154308617234,0.1486973947895791,0.0066430222974945,0.0570420491084738,0.514285714285714,train,3
copper,5.0,7.5,DVP,3,0.1863625523583938,0.6567370921841632,4.0077159368493565,-0.2256991624427036,0.1,1.4,-0.0003572126590341,0.3326242143454667,-0.3406380926699167,4.0077159368493565,-0.0472945891783567,0.0561122244488977,0.1754092353560155,3.979353895115448,0.8181818181818185,train,4
copper,0.5,6.5,DVP,6,0.025618935205182,0.0884735638505768,0.536832811863162,-0.0267867564172959,0.1,1.4,-5.298365258176497e-05,0.0550208442326723,-0.0442366913491562,0.536832811863162,-0.0529058116232464,0.0561122244488977,0.0235842299514285,0.5328099899552169,0.8181818181818185,train,4
uric_acid,0.2,6.0,DVP,9,0.013429636789987,0.0328964276778616,0.1621380341087457,-0.0087244425492679,0.1,1.4,4.150190086084824e-05,0.0101427520048677,-0.010082590918615,0.1621380341087457,0.4100200400801602,0.0897795591182364,0.011286565623917,0.1586774363533378,0.7777777777777782,train,1
dopamine,0.5,7.5,DVP,8,0.027443256523587,0.086089483031534,0.4991373510611051,-0.0263809458625206,0.1,1.4,-7.54228019828837e-06,0.0399716187924334,-0.0354949618047472,0.4991373510611051,0.1715430861723447,0.0645290581162324,0.0248516262072749,0.494112198444518,0.769230769230771,train,0
dopamine,0.2,7.5,DVP,2,0.0121642232603483,0.0350940691232304,0.2038551972497837,-0.0081672340700696,0.1,1.4,-3.672310107706165e-06,0.0141785952916853,-0.01735069515458,0.2038551972497837,0.1743486973947895,0.0617234468937876,0.0098254862023732,0.2009565762954705,0.9999999999999964,train,0
glucose,0.2,7.5,DVP,4,0.0155931259093584,0.0286442272671656,0.1156076569167038,-0.007217089937639,0.1,1.4,4.048402942821719e-06,0.0088929725895094,-0.0084091054819804,0.1156076569167038,0.4745490981963928,0.1486973947895791,0.0129925743419657,0.1109069836448566,0.8275862068965527,train,3
uric_acid,2.0,6.5,DVP,7,0.098766395826526,0.2943087085455587,1.4620425478850887,-0.1016726099512571,0.1,1.4,-0.0001228352103479,0.1124911853819945,-0.0928922652471959,1.4620425478850887,0.3735470941883767,0.0841683366733467,0.0977088435705425,1.4569170336886446,0.7647058823529379,train,1
uric_acid,0.5,8.0,DVP,1,0.0305627770437976,0.0833313491625024,0.4143729330370984,-0.0234371767776204,0.1,1.4,7.073757844092317e-07,0.0249673017208533,-0.0286229530160721,0.4143729330370984,0.2949899799599198,0.0869739478957916,0.0282041525824516,0.4099438195988948,0.6315789473684211,train,1
uric_acid,0.2,7.5,DVP,5,0.0137293197598138,0.0337579328573248,0.1641297858724204,-0.0069814013113003,0.1,1.4,-6.2789906301518455e-06,0.0170068223993776,-0.0116416839455529,0.1641297858724204,0.3314629258517034,0.0869739478957916,0.0114157480242406,0.1606706399501501,0.9374999999999966,train,1
dopamine,5.0,7.5,DVP,8,0.1910040766996746,0.6399394402254197,3.6961580260397193,-0.2114377697256266,0.1,1.4,-8.168428652100202e-05,0.29682749672649,-0.2633594412523539,3.6961580260397193,0.1715430861723447,0.0645290581162324,0.1847004079115299,3.6716312169973553,0.769230769230771,train,0
glucose,2.0,6.5,DVP,8,0.1159765418223132,0.2550020090075093,1.0237612113479,-0.0894794796351835,0.1,1.4,-1.454705538118578e-05,0.070180506834858,-0.0696934620746267,1.0237612113479,0.4857715430861723,0.1486973947895791,0.1156633128570061,1.0064059929837412,0.5588235294117634,train,3
aluminum,10.0,7.5,DVP,4,0.3345359891490347,0.90865441902009,4.205550262937527,-0.3373068817268134,0.1,1.4,-3.441418493506498e-05,0.2834011813713538,-0.2702890897852332,4.205550262937527,-0.3138276553106212,0.101002004008016,0.330390094813751,4.167036307468738,0.7999999999999996,train,5
uric_acid,0.2,6.0,DVP,0,0.0133129423708693,0.0330807333655592,0.1639915785791189,-0.0121192996173756,0.1,1.4,1.0988118552649204e-05,0.0120456057804261,-0.0096231109126878,0.1639915785791189,0.4044088176352706,0.0897795591182364,0.0113814482546297,0.1607960776003127,0.999999999999995,train,1
dopamine,10.0,7.5,DVP,8,0.296006084713953,0.9954980165117344,5.748566360593891,-0.3302396813414477,0.1,1.4,-0.0001292816239133,0.4617226282397115,-0.4096428107742738,5.748566360593891,0.1715430861723447,0.0645290581162324,0.2873228909160911,5.711574395267512,0.769230769230771,train,0
uric_acid,0.1,6.0,DVP,9,0.0077602586020193,0.0164967561811025,0.0824579740289694,-0.0034674179027181,0.1,1.4,2.3083511043406742e-05,0.0051205331654235,-0.0050965908736669,0.0824579740289694,0.4100200400801602,0.0897795591182364,0.0056507792006058,0.0795745923622095,0.7777777777777782,train,1
aluminum,0.1,8.0,DVP,8,0.0074908769011156,0.0162714552386125,0.0783327948103482,-0.0039962100788742,0.1,1.4,1.5432252346705873e-06,0.0049403308167089,-0.0045639071204316,0.0783327948103482,-0.2997995991983967,0.101002004008016,0.0059150445915642,0.0761026599713655,0.8947368421052625,train,5
dopamine,5.0,8.0,DVP,9,0.1927464746834494,0.6538760202790503,3.766536118554802,-0.193294163508519,0.1,1.4,0.0007126017542946,0.3276568911225292,-0.2808249142248087,3.766536118554802,0.1462925851703407,0.0617234468937876,0.1842576508812436,3.745625980051195,0.9999999999999964,train,0
uric_acid,2.0,7.5,DVP,2,0.1029555465407845,0.298493182004082,1.461393888753714,-0.0849285433107088,0.1,1.4,-6.223589939204122e-05,0.1380867844963503,-0.1043951140023227,1.461393888753714,0.3230460921843687,0.0897795591182365,0.1024419106763857,1.450047568589658,0.6842105263157905,train,1
copper,0.2,8.0,DVP,6,0.0115243800437492,0.0366951595013573,0.2205356863514268,-0.0106214826535351,0.1,1.4,-1.9770850343944004e-05,0.0198602735748168,-0.0178901721308896,0.2205356863514268,-0.0416833667334669,0.0589178356713426,0.010096528671169,0.2178583241886811,0.7499999999999992,train,4
glucose,1.0,6.0,DVP,9,0.0628887856436944,0.1355240025604791,0.538571628471739,-0.0437234693753807,0.1,1.4,0.0001784968314462,0.038014958909214,-0.0403564628020687,0.538571628471739,0.5026052104208417,0.1458917835671342,0.0607074139375473,0.5270991801883868,0.6774193548387094,train,3
glucose,2.0,6.0,DVP,1,0.1137527137008952,0.2527089655173476,0.98108790288213,-0.0772393339084478,0.1,1.4,1.6936408855873303e-05,0.074263788553142,-0.0689049282024433,0.98108790288213,0.5194388777555111,0.1486973947895791,0.1150913325373637,0.9682332342509884,0.9629629629629608,train,3
aluminum,10.0,7.0,DVP,8,0.3342896539891579,0.8956071437811689,4.174850607953013,-0.2845136607583331,0.1,1.4,-0.0001309413784653,0.3028929435676821,-0.2871957720351938,4.174850607953013,-0.319438877755511,0.1038076152304608,0.332221391227875,4.132418338866549,0.8499999999999994,train,5
aluminum,0.2,7.5,DVP,2,0.0130806877868076,0.0321999385736368,0.1542535519792742,-0.0091185533744497,0.1,1.4,-3.827921225994116e-06,0.0102264612112579,-0.0085480917583414,0.1542535519792742,-0.3054108216432865,0.101002004008016,0.0117533695858932,0.1516152164496849,0.8947368421052625,train,5
dopamine,1.0,6.0,DVP,9,0.0490406033804117,0.1595181444278731,0.9136088287636728,-0.0480014555155908,0.1,1.4,0.0001791118487242,0.0817536774828978,-0.0692333655779146,0.9136088287636728,0.2585170340681363,0.0645290581162324,0.0459280472896933,0.9061195331294656,0.9166666666666652,train,0
ascorbic_acid,0.1,7.0,DVP,1,0.0106604798875027,0.0221913833054549,0.099285529639998,-0.0056141778466059,0.1,1.4,3.094559680797804e-06,0.0064847060815859,-0.00698830804396,0.099285529639998,0.0480961923847695,0.1122244488977955,0.0086117113751828,0.0962295332421755,0.6666666666666689,train,2
glucose,2.0,8.0,DVP,3,0.1194360838949391,0.2588676424756406,1.0483878317337931,-0.0824600526190934,0.1,1.4,-0.0001334397067778,0.087827821024575,-0.1373891173938591,1.0483878317337931,0.4577154308617234,0.1430861723446894,0.1142156930794324,1.0271008097947427,0.6999999999999992,train,3
copper,5.0,8.0,DVP,7,0.1736365739055799,0.6665527805261557,4.073643078321919,-0.207389110166781,0.1,1.4,-0.0002920766445552,0.3901223105784336,-0.3796351391557526,4.073643078321919,-0.0416833667334669,0.0561122244488978,0.1789036374166675,4.067858962021036,0.8181818181818156,train,4
ascorbic_acid,1.0,6.5,DVP,8,0.0831995340071274,0.2065730035093437,0.923800193107132,-0.0711944378532021,0.1,1.4,-2.5518506582976385e-05,0.069933212350802,-0.0470738894051979,0.923800193107132,0.0761523046092184,0.1122244488977955,0.0803512573795292,0.9128837032066628,0.904761904761905,train,2
copper,0.5,8.0,DVP,6,0.0259824950888757,0.0894675650607029,0.5358826000894582,-0.0271890105470801,0.1,1.4,-5.38101147287857e-05,0.0484733773258176,-0.0436165572216569,0.5358826000894582,-0.0416833667334669,0.0589178356713426,0.024628796550459,0.5315612318400109,0.7499999999999992,train,4
copper,10.0,7.5,DVP,2,0.2765668442961848,1.0246419661263038,6.314012117716311,-0.3080802550433985,0.1,1.4,-0.000231228778635,0.6396940354837561,-0.5973858376014538,6.314012117716311,-0.0444889779559117,0.0533066132264528,0.2647925268177812,6.289913101268365,0.900000000000002,train,4
ascorbic_acid,0.2,6.0,DVP,4,0.0190388887649296,0.0440504683415951,0.1952600355445894,-0.0140865215439694,0.1,1.4,2.253813870863819e-06,0.0137813953194624,-0.0121232443944736,0.1952600355445894,0.0901803607214428,0.1122244488977955,0.0170818238449953,0.1916058441413274,0.7391304347826093,train,2
glucose,5.0,7.5,DVP,5,0.2398959009270193,0.5326506744260834,2.118351606526782,-0.1511032365200509,0.1,1.4,-0.0001429863477486,0.1494796611290699,-0.1425179882635161,2.118351606526782,0.4829659318637275,0.1486973947895791,0.2420483350095515,2.08297494491665,0.9629629629629608,train,3
copper,5.0,6.5,DVP,8,0.1815004096996035,0.6552544506762498,3.9730311912337535,-0.1872495042139285,0.1,1.4,-8.853371449878844e-05,0.3347364688177161,-0.3563243925989733,3.9730311912337535,-0.0585170340681362,0.0533066132264529,0.1702702692337331,3.953055636246439,0.7272727272727295,train,4
ascorbic_acid,10.0,7.0,DVP,9,0.4928975452264271,1.24937693324464,5.458070449285695,-0.3867742765672908,0.1,1.4,0.0014638184938438,0.3528905012974788,-0.3371689118177978,5.458070449285695,0.0565130260521041,0.1094188376753506,0.4738701299819089,5.388341790576634,0.9500000000000012,train,2
ascorbic_acid,10.0,6.5,DVP,5,0.4874416516425768,1.2409345995557148,5.508145608686316,-0.3758058311618578,0.1,1.4,-0.0003829690525989,0.4247103432798367,-0.3333888876861232,5.508145608686316,0.0761523046092184,0.1150300601202404,0.4880633614399161,5.448975788847558,0.9523809523809516,train,2
copper,10.0,7.0,DVP,6,0.2816073073125702,1.0248335603372367,6.182319551565112,-0.3204338530951275,0.1,1.4,-0.0006563042701104,0.6314883199757368,-0.5227378541869614,6.182319551565112,-0.0529058116232464,0.0561122244488977,0.2727768281505884,6.150452198025978,0.8181818181818185,train,4
glucose,0.5,7.0,DVP,4,0.0342708146133111,0.0697874951433689,0.282903242551564,-0.0215998233870949,0.1,1.4,5.060996828208396e-06,0.0216185983264247,-0.0202051379217491,0.282903242551564,0.4997995991983969,0.1374749498997995,0.0301502935806208,0.2751574952650604,0.8148148148148133,train,3
aluminum,5.0,7.5,DVP,8,0.2162920903304341,0.5779759593969799,2.663523752316686,-0.1829056654479367,0.1,1.4,-8.309380193986382e-05,0.1827789793403038,-0.1698622428073661,2.663523752316686,-0.2997995991983967,0.101002004008016,0.2106316762208214,2.635684724979606,0.7142857142857142,train,5
dopamine,0.5,7.5,DVP,1,0.0269888999900828,0.0858030134864618,0.5008045842739316,-0.0234726469699636,0.1,1.4,7.026249603272975e-07,0.0392339122298051,-0.0354772346953546,0.5008045842739316,0.1659318637274549,0.0617234468937876,0.0241611784904526,0.4965738448057247,0.5714285714285726,train,0
copper,0.5,6.0,DVP,8,0.0256093084714057,0.0878883784963212,0.5436771263265232,-0.0240993842397559,0.1,1.4,-8.38907333815156e-06,0.0443972538298783,-0.0456487136905453,0.5436771263265232,-0.0613226452905811,0.0561122244488978,0.0235349989011943,0.5394985678699451,0.8181818181818156,train,4
ascorbic_acid,5.0,7.0,DVP,7,0.3054145558542958,0.8013889130358385,3.6391699601885135,-0.253876327610677,0.1,1.4,-0.0003583867977539,0.2342152512174979,-0.2514089745601606,3.6391699601885135,0.0565130260521041,0.1094188376753507,0.3056691368543118,3.6181907457339,0.9499999999999992,train,2
uric_acid,10.0,8.0,DVP,7,0.3223052490316582,0.973091357086286,4.83740740564573,-0.3409594925477948,0.1,1.4,-0.0004156726705162,0.3431339221780938,-0.2843051322342009,4.83740740564573,0.3034068136272545,0.0897795591182365,0.3345173727138095,4.82460140486642,0.882352941176471,train,1
uric_acid,0.1,7.0,DVP,7,0.0076144910882106,0.0169368068610204,0.0865258943066758,-0.0041243906137524,0.1,1.4,-3.4565286006021797e-06,0.0070025689313114,-0.0052452282163605,0.0865258943066758,0.3511022044088177,0.0869739478957914,0.0057261760314821,0.0842419257463144,0.8235294117647073,train,1
copper,0.1,6.5,DVP,3,0.0065858676028183,0.0181951722193795,0.1090559298370067,-0.0053794899908945,0.1,1.4,-6.068563196218563e-06,0.0092640558097547,-0.0095093577753021,0.1090559298370067,-0.0557114228456914,0.0561122244488977,0.0048484925196242,0.1068206129944985,0.999999999999996,train,4
uric_acid,5.0,7.0,DVP,2,0.209258993795377,0.6149561703335197,3.0780178306649586,-0.1771362215925697,0.1,1.4,-0.0001319349894287,0.2260732095270686,-0.1790012876804492,3.0780178306649586,0.3539078156312625,0.0869739478957914,0.2076423449249923,3.0557070850394377,0.9374999999999988,train,1
ascorbic_acid,1.0,7.5,DVP,5,0.084541512343617,0.2117823661728645,0.9382027230292752,-0.0630052209185582,0.1,1.4,-6.191517389451339e-05,0.066472847488005,-0.0504655377102967,0.9382027230292752,0.0312625250501001,0.1122244488977955,0.0822381388492423,0.9271589059119636,0.7391304347826093,train,2
ascorbic_acid,5.0,7.5,DVP,2,0.3153395901355691,0.8152148071274521,3.6002206701296102,-0.2355282231408657,0.1,1.4,-0.0001837437343744,0.2911590731826239,-0.2004611470256757,3.6002206701296102,0.0480961923847695,0.1094188376753507,0.3116495867218838,3.56805883954334,0.6956521739130422,train,2
glucose,2.0,8.0,DVP,8,0.118204633870143,0.2593912616121765,1.062602859918215,-0.0911541128594505,0.1,1.4,-2.5455200249762667e-05,0.082133963464842,-0.0677288978652964,1.062602859918215,0.4633266533066132,0.1318637274549099,0.1085753471975145,1.0442124926151408,0.8800000000000027,train,3
dopamine,0.2,8.0,DVP,5,0.01249884960221,0.0358084909207414,0.2082849629610881,-0.0088431012994117,0.1,1.4,-6.5173354115129615e-06,0.0150298110824943,-0.0156048168521732,0.2082849629610881,0.1462925851703407,0.0645290581162325,0.0103645236550427,0.2052944084117921,0.9166666666666686,train,0
copper,5.0,7.0,DVP,8,0.1824054008478786,0.6580599553755191,3.9503493794230864,-0.1883007060667715,0.1,1.4,-8.905009901200089e-05,0.3688178265338993,-0.3500646459495311,3.9503493794230864,-0.0472945891783567,0.0561122244488977,0.1759261887225832,3.9295424453854855,0.8181818181818185,train,4
dopamine,0.2,6.0,DVP,4,0.0119953924657341,0.033867621810567,0.1978435421509934,-0.0082788078673138,0.1,1.4,2.7314221544149224e-06,0.0151320354477861,-0.0134777116204237,0.1978435421509934,0.2529058116232465,0.0617234468937875,0.0094840148606161,0.1949293438747679,0.8333333333333366,train,0
glucose,2.0,7.0,DVP,3,0.1179514959783148,0.2563257625913277,1.0244577025982102,-0.0814629646075688,0.1,1.4,-0.000125637734111,0.0918414709463235,-0.135768560136049,1.0244577025982102,0.4829659318637275,0.1430861723446892,0.1136939739442693,1.0046315958467866,0.7000000000000011,train,3
uric_acid,10.0,8.0,DVP,6,0.3361005559170349,0.9632817122424896,4.800840263496589,-0.2840222953488499,0.1,1.4,-0.0006031594066756,0.3343095229737312,-0.3951960094670252,4.800840263496589,0.292184368737475,0.0869739478957916,0.324383286577438,4.758712545528754,0.5500000000000019,train,1
aluminum,0.2,8.0,DVP,9,0.0133535142171057,0.0325855581103526,0.15439373531261,-0.0099019786814244,0.1,1.4,4.387608348008386e-05,0.0096087342092106,-0.0103801600207787,0.15439373531261,-0.3054108216432865,0.0981963927855711,0.0116544966657714,0.1513164923370467,0.9444444444444456,train,5
uric_acid,0.5,8.0,DVP,7,0.0297147591050501,0.0840583491053132,0.4200384486355714,-0.0277835514778706,0.1,1.4,-3.241042463840634e-05,0.0297202455362763,-0.0246400151103945,0.4200384486355714,0.3034068136272545,0.0897795591182365,0.0289165386588263,0.4172040301936156,0.882352941176471,train,1
aluminum,0.2,8.0,DVP,3,0.0135460055977969,0.0323245914858687,0.1516100453844131,-0.0108655082806836,0.1,1.4,-1.4812144334909186e-05,0.0109635630077314,-0.0177545511145381,0.1516100453844131,-0.294188376753507,0.101002004008016,0.0117384465087234,0.148350440966313,0.8000000000000006,train,5
ascorbic_acid,2.0,7.0,DVP,6,0.1542268675267841,0.3880769299854034,1.699283006935572,-0.1168067011743511,0.1,1.4,-0.000249253068201,0.1061769296109397,-0.1183398211872227,1.699283006935572,0.0565130260521041,0.1122244488977955,0.1501053346524934,1.678675862284957,0.904761904761905,train,2
aluminum,0.2,7.0,DVP,4,0.01325364785714,0.0321753075861268,0.1493898327297986,-0.0111039355928198,0.1,1.4,2.65933870889194e-06,0.010633011841623,-0.0096423682934941,0.1493898327297986,-0.3138276553106212,0.0981963927855711,0.0114884350826189,0.1466098854630982,0.9444444444444446,train,5
aluminum,0.1,7.5,DVP,4,0.0074472492735911,0.0163792692347926,0.0769856780125922,-0.0052082721849114,0.1,1.4,3.329390959158332e-06,0.0051313156617464,-0.0049461441385935,0.0769856780125922,-0.3138276553106212,0.101002004008016,0.0059426043761988,0.0748789361068475,0.7999999999999996,train,5
copper,10.0,6.0,DVP,5,0.2786749908855731,1.0103477914944226,6.103173949709975,-0.3051009168507728,0.1,1.4,-0.0003088353812998,0.6452155393541055,-0.6213972212062298,6.103173949709975,-0.0585170340681362,0.0561122244488978,0.2693577200186129,6.07435312664216,1.0,train,4
copper,0.1,8.0,DVP,3,0.006662415154163,0.0184300214256838,0.1155097382829557,-0.0054684761918697,0.1,1.4,-6.210388838639891e-06,0.0084241165005841,-0.0096430992965387,0.1155097382829557,-0.038877755511022,0.0561122244488978,0.0049171341314812,0.1132451509851325,1.0,train,4
uric_acid,0.1,8.0,DVP,0,0.0079099073619364,0.0171192600098432,0.0855887852002254,-0.0048197404543196,0.1,1.4,7.699748023596434e-06,0.0072237749860425,-0.0052157068504956,0.0855887852002254,0.2977955911823647,0.0897795591182365,0.0058846654173855,0.0828835064532358,0.6842105263157905,train,1
aluminum,2.0,6.0,DVP,9,0.1036705723423659,0.279896119335152,1.3248475321223707,-0.0954780307406868,0.1,1.4,0.000343698212221,0.0872144208814743,-0.1013059840710013,1.3248475321223707,-0.3278557114228457,0.101002004008016,0.1020112363659375,1.308143581929928,1.0,train,5
copper,0.1,6.5,DVP,9,0.0064826855025387,0.0182135812749121,0.1111521179209042,-0.0041452013496775,0.1,1.4,2.5390375826902926e-05,0.0104627936657598,-0.008008093129961,0.1111521179209042,-0.0557114228456914,0.0589178356713426,0.0050049616705189,0.1090314015234389,0.9090909090909042,train,4
aluminum,5.0,8.0,DVP,8,0.2171476962497419,0.5802616897362389,2.749811954258514,-0.1834263788109648,0.1,1.4,-8.34225851468301e-05,0.1759933189117902,-0.1627337928626209,2.749811954258514,-0.2997995991983967,0.101002004008016,0.2116271953807732,2.722321362571476,0.8947368421052625,train,5
uric_acid,0.1,6.5,DVP,4,0.0078102335143075,0.0167081588653993,0.0862241655485527,-0.0030147297800544,0.1,1.4,3.365209893395573e-06,0.0059483718487946,-0.0053940977921263,0.0862241655485527,0.3763527054108216,0.0841683366733467,0.0055211180810242,0.083427904249093,0.8749999999999981,train,1
dopamine,0.2,6.0,DVP,6,0.0119908953806465,0.033804310586576,0.1991848074774215,-0.0082482905423928,0.1,1.4,-1.6892580396841353e-05,0.0161008891703931,-0.0150411846259618,0.1991848074774215,0.2529058116232465,0.0617234468937875,0.0094852267015684,0.1959661436146806,0.8333333333333366,train,0
aluminum,2.0,6.0,DVP,7,0.09926932603024,0.276978727352318,1.2726396174275485,-0.105669682486371,0.1,1.4,-0.000127115341637,0.0822796992746857,-0.0808460921568675,1.2726396174275485,-0.3334669338677354,0.1038076152304608,0.1030787312358102,1.2645172684001251,0.8499999999999994,train,5
aluminum,10.0,7.5,DVP,9,0.3346980484900017,0.9121832731319066,4.232711521798248,-0.3143239509335765,0.1,1.4,0.0011104479999618,0.2622255150908635,-0.3089516863881021,4.232711521798248,-0.3054108216432865,0.0981963927855711,0.32590804519745,4.181110709094953,0.8421052631578941,train,5
aluminum,10.0,7.0,DVP,9,0.3333706028784685,0.9088414332264712,4.300224718137606,-0.3131083071403113,0.1,1.4,0.0011061861044121,0.2620995226500695,-0.3208649248592283,4.300224718137606,-0.3222444889779559,0.101002004008016,0.3309042981182695,4.249455086825605,0.7142857142857151,train,5
glucose,2.0,6.0,DVP,7,0.1110501902659532,0.2520802104152249,0.9984880970786632,-0.092406957708366,0.1,1.4,-8.860573555746229e-05,0.0739554502623648,-0.0624714496653709,0.9984880970786632,0.5138276553106212,0.1430861723446894,0.112450763760328,0.9867471601861716,0.8888888888888886,train,3
uric_acid,2.0,7.0,DVP,8,0.1042179779932222,0.2959391547778859,1.4486301261749006,-0.0988463063971299,0.1,1.4,-3.657512832217214e-05,0.1096156115718309,-0.0848266820310704,1.4486301261749006,0.3454909819639279,0.0869739478957914,0.0999321057057299,1.435551678564675,0.6315789473684225,train,1
ascorbic_acid,1.0,6.5,DVP,0,0.0822467705774308,0.2062080704439481,0.9220169881124308,-0.0886521211205365,0.1,1.4,4.882451572851032e-05,0.0735346199537431,-0.0632306469726433,0.9220169881124308,0.0733466933867735,0.1122244488977955,0.0799894311530272,0.910530207571866,0.8181818181818203,train,2
ascorbic_acid,10.0,7.0,DVP,6,0.4925084871134301,1.2503779712708487,5.470643564176975,-0.3824082176134966,0.1,1.4,-0.0008113899937333,0.3419696634181123,-0.3811044232994305,5.470643564176975,0.0565130260521041,0.1122244488977955,0.4836369839033608,5.408622713183208,0.904761904761905,train,2
copper,0.2,6.0,DVP,1,0.0111711205167874,0.0357335608252775,0.2199669617016738,-0.0100903846409906,0.1,1.4,2.561992918128312e-06,0.0204068891403723,-0.0209124068857271,0.2199669617016738,-0.0613226452905811,0.0589178356713426,0.0098590710888613,0.2175837411333356,0.9090909090909042,train,4
ascorbic_acid,2.0,7.5,DVP,4,0.155804151324953,0.3962116834144333,1.7343679177360738,-0.1385063997652673,0.1,1.4,-1.188239099148558e-05,0.1223419380317186,-0.1082905423513964,1.7343679177360738,0.0200400801603206,0.1122244488977955,0.1533085588780724,1.7161317368504938,0.4814814814814826,train,2
dopamine,2.0,6.5,DVP,4,0.0906674321870354,0.3030999313662628,1.740369095273424,-0.0959323891776641,0.1,1.4,-7.434405871835206e-06,0.1383996308223459,-0.1228888432059587,1.740369095273424,0.2248496993987976,0.0645290581162324,0.0875797610166036,1.732085531622794,0.769230769230771,train,0
uric_acid,2.0,6.5,DVP,6,0.1029364331293114,0.2920914159031961,1.4300389941861715,-0.0838533006518138,0.1,1.4,-0.0001795085913794,0.1298102287388506,-0.1035819121795872,1.4300389941861715,0.3791583166332665,0.0897795591182364,0.1004242703460325,1.4157310848684292,0.8823529411764687,train,1
aluminum,1.0,7.5,DVP,3,0.0579261518605509,0.1507845112755822,0.6974092991299026,-0.0538915490512996,0.1,1.4,-8.338677509453976e-05,0.0490961525248776,-0.082420399100094,0.6974092991299026,-0.3110220440881763,0.0981963927855711,0.0537344720095872,0.6869030483219623,0.9444444444444436,train,5
aluminum,1.0,7.0,DVP,7,0.0544263554473251,0.1498809760991275,0.710480200587443,-0.0565912594226919,0.1,1.4,-6.705369601502653e-05,0.0409471651221607,-0.0378269695458319,0.710480200587443,-0.3110220440881763,0.0981963927855711,0.0539846365415221,0.7055651657302029,0.9444444444444456,train,5
copper,2.0,8.0,DVP,7,0.0845980685958381,0.3218363762580463,1.967592363261929,-0.0989116638757417,0.1,1.4,-0.0001389891353673,0.1883536268418534,-0.1833046319597421,1.967592363261929,-0.0416833667334669,0.0561122244488978,0.0863840712643186,1.9641190713235503,0.8181818181818156,train,4
dopamine,10.0,6.5,DVP,5,0.2874594518370421,0.9663613308911416,5.546709422914223,-0.2608074962545531,0.1,1.4,-0.0002805636782141,0.4805271661763204,-0.4144667224321423,5.546709422914223,0.2304609218436873,0.0617234468937875,0.271329138823208,5.512771206875949,1.0,train,0
ascorbic_acid,0.2,7.5,DVP,2,0.0192677640093512,0.0449951543141746,0.2006308424489099,-0.011476111739943,0.1,1.4,-6.428361796226051e-06,0.0161309984412268,-0.0111139644317181,0.2006308424489099,0.0480961923847695,0.1094188376753507,0.017196797165045,0.1969701609145653,0.6956521739130422,train,2
copper,0.5,6.5,DVP,2,0.0250654849645913,0.087953505531245,0.5459928225153465,-0.0253682521019678,0.1,1.4,-1.6183034209429456e-05,0.0455803458790735,-0.049439887861261,0.5459928225153465,-0.0529058116232464,0.0589178356713426,0.0242594970503841,0.542721459121451,0.9090909090909112,train,4
uric_acid,0.5,7.5,DVP,6,0.0306570123278549,0.0824450646025182,0.4094243991651371,-0.0221439708724467,0.1,1.4,-4.822138931207424e-05,0.0344548059572328,-0.0243889108615076,0.4094243991651371,0.3314629258517034,0.0869739478957916,0.0278112951336889,0.4038901118482825,0.9374999999999966,train,1
glucose,1.0,7.0,DVP,0,0.0632019140085593,0.1368760917059249,0.5353581039984832,-0.0578241696059088,0.1,1.4,4.212607514087602e-05,0.0349817474057295,-0.044471471070513,0.5353581039984832,0.494188376753507,0.1374749498997995,0.0589471163394613,0.5248786325078874,0.884615384615387,train,3
uric_acid,5.0,6.5,DVP,3,0.2145503902830264,0.6068403681646489,3.0005599185201395,-0.1851052058257012,0.1,1.4,-0.0003177285047213,0.225352790818285,-0.3034046220091251,3.0005599185201395,0.3707414829659319,0.0841683366733467,0.2000704989403605,2.971317719601673,0.666666666666666,train,1
aluminum,1.0,8.0,DVP,1,0.0565173727610473,0.1509003379485474,0.7077412551749215,-0.0479131328942242,0.1,1.4,-2.5039299637607087e-06,0.0459158304958574,-0.0600063198611446,0.7077412551749215,-0.3082164328657314,0.0953907815631262,0.0532811304753118,0.7009875098953666,0.8888888888888882,train,5
aluminum,10.0,7.5,DVP,0,0.3312521705971628,0.9032979351368752,4.1809620180233,-0.4164922783989742,0.1,1.4,0.000209404328142,0.2697367040552356,-0.2729605346322387,4.1809620180233,-0.3166332665330661,0.1038076152304608,0.3373045456050661,4.146230124692489,0.7619047619047616,train,5
copper,1.0,7.0,DVP,0,0.0476226352036148,0.1690111352671534,1.0436834201503942,-0.0725123253094065,0.1,1.4,4.066170639281838e-05,0.096472666945211,-0.0828503791470848,1.0436834201503942,-0.0529058116232464,0.0561122244488977,0.0451530296485553,1.0372700234521672,0.8181818181818185,train,4
copper,2.0,7.5,DVP,5,0.0888231814362231,0.3178574209744075,1.943441835315632,-0.0956744387343888,0.1,1.4,-9.476328567242978e-05,0.1623629520585472,-0.1571251981207863,1.943441835315632,-0.0416833667334669,0.0561122244488977,0.0849844523785237,1.933326151693173,0.8181818181818185,train,4
glucose,0.1,7.5,DVP,4,0.0090986316015995,0.0143565002860709,0.0592831409532097,-0.0022224511814252,0.1,1.4,4.0300308630930925e-06,0.0045299473824624,-0.0043127408375078,0.0592831409532097,0.4745490981963928,0.1486973947895791,0.0064995137811089,0.0555711251484356,0.8275862068965527,train,3
aluminum,0.5,6.0,DVP,8,0.0300693258662315,0.0770845569098814,0.3575504349097317,-0.0229700627539007,0.1,1.4,-7.609417446155383e-06,0.028686857625205,-0.0273628401976999,0.3575504349097317,-0.3306613226452906,0.101002004008016,0.0280902803667857,0.3522085606282977,0.8947368421052635,train,5
dopamine,5.0,7.0,DVP,0,0.1859400195110826,0.6268475125434465,3.5878093025286986,-0.2590975236431784,0.1,1.4,0.000132438121251,0.3080944345203127,-0.2782187588961625,3.5878093025286986,0.1995991983967936,0.0645290581162325,0.180754492884523,3.5663031877863487,0.9166666666666686,train,0
glucose,0.2,7.0,DVP,5,0.0155004650596255,0.0291086085405047,0.1199572072569772,-0.0067555317045296,0.1,1.4,-3.791302725659928e-06,0.0087454030348782,-0.0076027444114673,0.1199572072569772,0.4829659318637275,0.1486973947895791,0.0132188895282208,0.115651716611016,0.7096774193548377,train,3
uric_acid,5.0,7.0,DVP,8,0.2137367558889501,0.6132033311361417,2.9991334954820736,-0.207333091334114,0.1,1.4,-8.003976328982765e-05,0.2270096125930574,-0.1756760430503821,2.9991334954820736,0.3454909819639279,0.0869739478957914,0.2070429971095619,2.974079844676246,0.6315789473684225,train,1
glucose,0.2,7.0,DVP,0,0.0154038240824317,0.0289854346711645,0.115494875435215,-0.0108305832093455,0.1,1.4,1.2224678887353194e-05,0.0075374237226492,-0.0095457518070034,0.115494875435215,0.494188376753507,0.1374749498997995,0.0124768558369311,0.1112248533036644,0.884615384615387,train,3
uric_acid,0.5,7.0,DVP,8,0.0305034159480208,0.0823966046210834,0.4050220891412262,-0.0258263549972368,0.1,1.4,-7.320085555481214e-06,0.0306004185767747,-0.0236780736526875,0.4050220891412262,0.3454909819639279,0.0869739478957914,0.0278180350660485,0.3997716046041999,0.6315789473684225,train,1
uric_acid,1.0,7.5,DVP,2,0.0562160474528959,0.1602214669027805,0.7855167653756819,-0.0448524638658351,0.1,1.4,-3.158709842004115e-05,0.0741861564031497,-0.0560871978871302,0.7855167653756819,0.3230460921843687,0.0897795591182365,0.0549798947108873,0.778348960282534,0.6842105263157905,train,1
aluminum,2.0,7.0,DVP,8,0.1047800106176627,0.2780447303503729,1.2969525352838422,-0.0871840214913382,0.1,1.4,-3.7897791685611416e-05,0.0940595252592649,-0.0891818569879759,1.2969525352838422,-0.319438877755511,0.1038076152304608,0.1030799254200326,1.282284799797655,0.8499999999999994,train,5
uric_acid,2.0,6.0,DVP,8,0.102378003668104,0.2908449456699901,1.4403497095122009,-0.0970014841765161,0.1,1.4,-3.583565587618046e-05,0.1040963903043147,-0.0879049903973731,1.4403497095122009,0.4072144288577154,0.0897795591182364,0.0998924623965041,1.428306776477365,0.8823529411764687,train,1
dopamine,2.0,7.5,DVP,5,0.0928337409101882,0.308901888777849,1.7544697103904576,-0.0870355115882905,0.1,1.4,-8.651030285162598e-05,0.1487970845445685,-0.1446066961453834,1.7544697103904576,0.1687374749498997,0.0645290581162324,0.0889913364330915,1.7425591125938191,0.7692307692307657,train,0
aluminum,0.1,6.0,DVP,1,0.0072996027816362,0.0160325215859918,0.0753851823322042,-0.004369822438417,0.1,1.4,3.3281828673824637e-06,0.0055944847055646,-0.0057173314619475,0.0753851823322042,-0.3362725450901803,0.1038076152304609,0.0059593473973922,0.073304869588654,0.6818181818181827,train,5
ascorbic_acid,10.0,7.0,DVP,8,0.4941148148898083,1.251277509815003,5.593120770940325,-0.4412427641639951,0.1,1.4,-0.0001747386409301,0.4305483140911006,-0.3017145128265492,5.593120770940325,0.0452905811623246,0.1122244488977955,0.4856545697573751,5.5389383197717,0.600000000000001,train,2
aluminum,0.1,6.5,DVP,0,0.0073402285828899,0.0161474459997382,0.0750194842808904,-0.0062638464042345,0.1,1.4,7.762588062162765e-06,0.0049827299260712,-0.0049634220307413,0.0750194842808904,-0.3166332665330661,0.1038076152304609,0.0059903219783716,0.0729960560908542,0.9473684210526316,train,5
ascorbic_acid,1.0,6.0,DVP,5,0.0820897630828771,0.2047056469996031,0.8978805347590891,-0.0605886034241894,0.1,1.4,-5.992798398427479e-05,0.075757542836607,-0.0600802768130067,0.8978805347590891,0.0929859719438878,0.1094188376753507,0.077995118200821,0.886436515835544,0.8571428571428585,train,2
ascorbic_acid,5.0,6.5,DVP,0,0.3115274724134182,0.7953240773612752,3.5502015204637623,-0.3489169643461842,0.1,1.4,0.0001764998980552,0.2833710152141001,-0.2435693981498903,3.5502015204637623,0.0733466933867735,0.1122244488977955,0.3085139592815696,3.511629657676244,0.8181818181818203,train,2
copper,10.0,7.0,DVP,9,0.2819223702785539,1.0192636059590008,6.216990483367686,-0.2956437283755047,0.1,1.4,0.0011861812362454,0.5638915228698691,-0.4931614236076229,6.216990483367686,-0.0501002004008015,0.0561122244488977,0.2726058471064588,6.18701702338737,0.999999999999996,train,4
copper,0.2,6.0,DVP,2,0.0110994907129667,0.0359082189467686,0.2161945543652378,-0.0096542458533656,0.1,1.4,-4.2362061290837655e-06,0.019279409604209,-0.0182835459957665,0.2161945543652378,-0.064128256513026,0.0561122244488978,0.0096193762389738,0.2141005434669535,0.6666666666666677,train,4
ascorbic_acid,5.0,6.5,DVP,7,0.3023817471963053,0.794169403904855,3.489247649382852,-0.2512784525985581,0.1,1.4,-0.0003547205774622,0.2107930819262512,-0.2105779507838374,3.489247649382852,0.0761523046092184,0.1150300601202405,0.3137674542077881,3.4687960712525965,0.8636363636363632,train,2
ascorbic_acid,0.5,7.5,DVP,0,0.0445075205692875,0.1094161114982476,0.4906121718140945,-0.0458329258433885,0.1,1.4,2.78191541891567e-05,0.0356872180538356,-0.0368573761582986,0.4906121718140945,0.0312625250501001,0.1122244488977955,0.0424631116921807,0.4833481859275955,0.7391304347826093,train,2
dopamine,2.0,6.0,DVP,3,0.0911664762391295,0.2955122093492102,1.6706557821913528,-0.0878125833635633,0.1,1.4,-0.0001500416174778,0.1412306218750506,-0.1452758874941966,1.6706557821913528,0.2613226452905811,0.0673346693386773,0.0874352393822737,1.6573797174534692,0.7142857142857151,train,0
dopamine,1.0,7.0,DVP,4,0.050220540077893,0.1650300870502265,0.9485004565923992,-0.0531827144980845,0.1,1.4,-2.2075349734525275e-06,0.0840816559713044,-0.0703409585887135,0.9485004565923992,0.1995991983967936,0.0645290581162325,0.047752898676511,0.9429695389172698,0.9166666666666686,train,0
ascorbic_acid,0.1,6.0,DVP,5,0.0105811082073954,0.021937862844696,0.098037340237415,-0.0053004207742937,0.1,1.4,-2.951102767769637e-06,0.0081917203022481,-0.0065141242902892,0.098037340237415,0.0929859719438878,0.1094188376753507,0.0083538445058871,0.0949943874379573,0.8571428571428585,train,2
aluminum,0.2,6.5,DVP,1,0.0130559507719555,0.0318115718466617,0.1465912615844192,-0.0094655885585181,0.1,1.4,2.6456654866415926e-06,0.0110831104485711,-0.0117742614466638,0.1465912615844192,-0.3222444889779559,0.101002004008016,0.0116296733759652,0.1438313157866714,0.8947368421052635,train,5
uric_acid,2.0,7.0,DVP,7,0.099644824254891,0.2971636562379456,1.4791006955584596,-0.1026231759634387,0.1,1.4,-0.0001239985382698,0.1209404837644659,-0.0905077370435833,1.4791006955584596,0.3511022044088177,0.0869739478957914,0.100438166982964,1.4739424710497635,0.8235294117647073,train,1
glucose,5.0,6.5,DVP,9,0.2370355477239261,0.5264763110016565,2.120861726938469,-0.1762312625421705,0.1,1.4,0.0006683969685536,0.1472462120700404,-0.1504553032448532,2.120861726938469,0.4885771543086171,0.1430861723446894,0.2335998265598583,2.0846422017321737,0.5937499999999977,train,3
copper,1.0,6.5,DVP,7,0.0454606934709746,0.1705218788014405,1.0272870831095249,-0.0512573358490255,0.1,1.4,-7.173753027271884e-05,0.0883434860747358,-0.0949081885543443,1.0272870831095249,-0.0529058116232464,0.0561122244488978,0.0458751116561114,1.0247909776582464,1.0,train,4
glucose,2.0,6.5,DVP,5,0.115609725609532,0.2549163054526846,1.015131602114744,-0.0740022798498553,0.1,1.4,-5.852858329660418e-05,0.0756075163540107,-0.0612871624217835,1.015131602114744,0.5054108216432865,0.1486973947895791,0.1161884688373306,0.9979863416310688,0.9629629629629608,train,3
aluminum,2.0,8.0,DVP,5,0.10518788166806,0.2802177118133501,1.3388461517879302,-0.089418170764083,0.1,1.4,-8.836823761637225e-05,0.0856859789319834,-0.0724549388178258,1.3388461517879302,-0.3054108216432865,0.0953907815631262,0.0987201302629894,1.323000983729653,0.8888888888888903,train,5
copper,1.0,8.0,DVP,3,0.0496663410817192,0.1711121472012935,1.0618992003160077,-0.0581273147660817,0.1,1.4,-9.013771159308951e-05,0.078666637386679,-0.0887865294045002,1.0618992003160077,-0.038877755511022,0.0561122244488978,0.0457266298342046,1.053493423901612,1.0,train,4
uric_acid,2.0,7.0,DVP,4,0.1038929038860942,0.2960307099600419,1.462894974663437,-0.0931713534209187,0.1,1.4,-7.489486811119495e-06,0.0996720290078692,-0.0942647697896996,1.462894974663437,0.3482965931863727,0.0869739478957914,0.1000159691400463,1.4490289035962811,0.7222222222222218,train,1
ascorbic_acid,5.0,7.5,DVP,4,0.3205940841593545,0.8206477581021792,3.590085633164028,-0.2883010929091218,0.1,1.4,-2.891259541800695e-05,0.2533559097766409,-0.2241625556183167,3.590085633164028,0.0200400801603206,0.1122244488977955,0.3175350038662066,3.554362904370418,0.4814814814814826,train,2
uric_acid,0.5,6.5,DVP,0,0.0298841668116456,0.0817018477679775,0.4112564658053076,-0.0321047485627186,0.1,1.4,2.1085154879197302e-05,0.0271299066538001,-0.0265744496289438,0.4112564658053076,0.3763527054108216,0.0841683366733467,0.0269974080661067,0.406285878825239,0.8749999999999981,train,1
glucose,0.1,7.5,DVP,1,0.0090289480666554,0.0146646880334154,0.0615844146122839,-0.0028969368971451,0.1,1.4,4.021166593111096e-06,0.0044343811920165,-0.0043446579573576,0.0615844146122839,0.4689378757515029,0.1402805611222444,0.0064413634339136,0.0583267037463216,0.7857142857142849,train,3
ascorbic_acid,0.2,7.5,DVP,6,0.0195541651969114,0.0448316041869066,0.1957665163765179,-0.0124768469891977,0.1,1.4,-2.5472062623849766e-05,0.0145951918273986,-0.0132649358199365,0.1957665163765179,0.0396793587174348,0.1206412825651302,0.0182108329510738,0.1915438022329253,0.9545454545454538,train,2
uric_acid,0.2,6.0,DVP,6,0.0134196507414819,0.0329564937661709,0.1660010104669126,-0.0082500137286249,0.1,1.4,-1.689642462633899e-05,0.0112508402391413,-0.0107897889668176,0.1660010104669126,0.4044088176352706,0.0897795591182364,0.0113178087098781,0.1624439766005295,0.999999999999995,train,1
uric_acid,2.0,6.5,DVP,1,0.1017185369105007,0.2927251783266925,1.4399520437971662,-0.0850484396664039,0.1,1.4,-7.544702008592751e-06,0.0985157052966408,-0.089884206931885,1.4399520437971662,0.3791583166332665,0.0925851703406813,0.1027912933667213,1.4305959526797467,0.9411764705882344,train,1
uric_acid,5.0,8.0,DVP,7,0.2079089672558416,0.6254991912993794,3.1103157833560435,-0.2185147637084259,0.1,1.4,-0.000265825777391,0.2205962440925711,-0.1827819285466982,3.1103157833560435,0.3034068136272545,0.0897795591182365,0.215040814056609,3.101480558602072,0.882352941176471,train,1
dopamine,0.1,6.5,DVP,2,0.00699510990183,0.0172965814672538,0.1003226475230344,-0.0035195201704072,0.1,1.4,2.1321738258295397e-07,0.0084283835777944,-0.0078559960667216,0.1003226475230344,0.2276553106212424,0.0645290581162324,0.0049928641003049,0.0979212295977031,0.9166666666666652,train,0
aluminum,1.0,6.5,DVP,9,0.0565907383074728,0.1510014654832709,0.7163768677238518,-0.0508713273665337,0.1,1.4,0.0001874152826705,0.0445162291258479,-0.0544805720965457,0.7163768677238518,-0.3222444889779559,0.0925851703406813,0.0520249325842858,0.706835960359726,0.9411764705882344,train,5
uric_acid,10.0,6.5,DVP,8,0.328403660302107,0.946763853158739,4.7458201959037485,-0.3208895376688134,0.1,1.4,-0.000125535423969,0.3608888564169261,-0.2584835983855444,4.7458201959037485,0.3735470941883767,0.0841683366733467,0.3130927303857262,4.710334389911439,0.7647058823529379,train,1
copper,0.5,7.5,DVP,0,0.0255675998651941,0.0882762883933528,0.5346781656774712,-0.036867773075433,0.1,1.4,2.317593390842016e-05,0.0553184239557048,-0.0413754266483445,0.5346781656774712,-0.0416833667334669,0.0561122244488977,0.0235179756692873,0.5307376620584545,0.8181818181818185,train,4
dopamine,5.0,6.0,DVP,2,0.179605287789826,0.6195368457433896,3.5782709285897134,-0.1670382926424962,0.1,1.4,-0.0001295429630436,0.3120328179376428,-0.2656688844480167,3.5782709285897134,0.2557114228456913,0.0617234468937875,0.1734353589716872,3.561889952384841,1.0,train,0
aluminum,10.0,6.5,DVP,2,0.3257981372835963,0.8970095959924185,3.985924941465687,-0.2848611687051911,0.1,1.4,-0.0002133958649287,0.2935975213035418,-0.2624726463739892,3.985924941465687,-0.3250501002004007,0.1066132264529058,0.338424600798793,3.94921566396508,0.8095238095238101,train,5
uric_acid,1.0,6.5,DVP,8,0.0564009849491313,0.1576498892474338,0.7922278646023379,-0.0514745056834851,0.1,1.4,-1.7595858643774e-05,0.0601813928911701,-0.0431041330502928,0.7922278646023379,0.3735470941883767,0.0841683366733467,0.0521354237713261,0.7845420477870072,0.7647058823529379,train,1
ascorbic_acid,0.5,7.5,DVP,6,0.0448724673185506,0.1093962898245343,0.4749304302540489,-0.0323504365437489,0.1,1.4,-6.754706056453674e-05,0.035541753140581,-0.0322556183259954,0.4749304302540489,0.0396793587174348,0.1206412825651302,0.0444881914124807,0.4678682452595066,0.9545454545454538,train,2
aluminum,5.0,7.0,DVP,4,0.214741672070145,0.5812192718037836,2.677436717447861,-0.2157055919923968,0.1,1.4,-2.0593990114755725e-05,0.191689965158731,-0.1728703068056684,2.677436717447861,-0.3138276553106212,0.0981963927855711,0.2077114240551739,2.6514919482307167,0.9444444444444446,train,5
ascorbic_acid,0.1,8.0,DVP,1,0.0108336214596549,0.0227171468416644,0.1012227575877402,-0.0057597316958483,0.1,1.4,3.075064431608377e-06,0.0079452417446373,-0.0068564877896888,0.1012227575877402,0.0200400801603206,0.1178356713426853,0.0090839175519046,0.0982638936666938,0.9090909090909076,train,2
uric_acid,1.0,7.0,DVP,9,0.056746425605902,0.1585257909415209,0.7618744111308452,-0.0489020487724177,0.1,1.4,0.000182267037733,0.0651124995055698,-0.0500093362621836,0.7618744111308452,0.3567134268537074,0.0869739478957914,0.0532334517765034,0.7536501964689307,0.9374999999999988,train,1
glucose,5.0,7.0,DVP,6,0.2384346793875416,0.5279523536986077,2.229055073872525,-0.1545362036319486,0.1,1.4,-0.0003181697232867,0.14415696247856,-0.1494294787853652,2.229055073872525,0.4829659318637275,0.1374749498997995,0.2280698173132976,2.192893471627653,0.8148148148148133,train,3
uric_acid,10.0,6.5,DVP,2,0.3215027740965114,0.949698121825664,4.729698133936957,-0.2739886818758017,0.1,1.4,-0.0002055135565082,0.343766089006943,-0.3077373999714374,4.729698133936957,0.3763527054108216,0.0869739478957916,0.3204830664199208,4.698802347921532,0.8235294117647053,train,1
copper,0.2,6.5,DVP,8,0.0114217520453337,0.0362266039788628,0.2208570658696514,-0.0092851997153008,0.1,1.4,-1.1118644523237727e-06,0.0184774753871455,-0.0196842762231688,0.2208570658696514,-0.0585170340681362,0.0533066132264529,0.0094089692696131,0.2183818005853204,0.7272727272727295,train,4
dopamine,0.5,6.0,DVP,4,0.0264116660392292,0.0828834692189511,0.480854220455667,-0.0237463857350684,0.1,1.4,8.691532017739978e-07,0.0369337551760865,-0.0328877604396188,0.480854220455667,0.2529058116232465,0.0617234468937875,0.0232155669285571,0.4768640683727143,0.8333333333333366,train,0
aluminum,1.0,7.0,DVP,8,0.0569655015819345,0.1493861300668504,0.6973904368110984,-0.0460736799773809,0.1,1.4,-1.8513711106492914e-05,0.050552563111678,-0.0479289580198055,0.6973904368110984,-0.319438877755511,0.1038076152304608,0.0553692083383669,0.6887679262468942,0.8499999999999994,train,5
ascorbic_acid,0.1,6.0,DVP,1,0.0104873645797654,0.0217267503042843,0.0999274565961646,-0.0054669066478941,0.1,1.4,3.114284949021912e-06,0.0066070265022465,-0.0071361783136794,0.0999274565961646,0.0845691382765531,0.1122244488977955,0.0084269516721197,0.0968786273776507,0.600000000000001,train,2
copper,0.5,6.5,DVP,9,0.0256461393228633,0.0878135362062117,0.531230548934312,-0.0239117772296576,0.1,1.4,0.0001061057928704,0.0503956245151417,-0.0386880756733166,0.531230548934312,-0.0557114228456914,0.0589178356713426,0.0241866122217253,0.5271812551859916,0.9090909090909042,train,4
aluminum,0.5,7.5,DVP,0,0.0300350410471381,0.0783033155279882,0.3635577813726547,-0.0342492343939756,0.1,1.4,2.1891384963587376e-05,0.0233934117610655,-0.0237424759743347,0.3635577813726547,-0.3166332665330661,0.1038076152304608,0.0292430541587635,0.3593506789567983,0.7619047619047616,train,5
dopamine,0.1,7.0,DVP,1,0.0070918321149818,0.0174537981046955,0.1019393151841783,-0.0037459545729337,0.1,1.4,3.344786510601617e-06,0.0086147899730755,-0.0072627279985527,0.1019393151841783,0.1995991983967936,0.0617234468937876,0.004905368023972,0.0994060347543615,0.8333333333333339,train,0
glucose,5.0,6.5,DVP,4,0.2369438423436871,0.5165918831347469,2.129903181767914,-0.1776704185734055,0.1,1.4,2.0547721723966077e-05,0.1611824245317336,-0.1482068011787006,2.129903181767914,0.4997995991983969,0.1402805611222446,0.2259995847437332,2.0897295072518665,0.7857142857142877,train,3
uric_acid,5.0,6.0,DVP,3,0.2126196532533828,0.6012399587116408,2.991647305362734,-0.1833866386505725,0.1,1.4,-0.0003147658329338,0.2313805254036398,-0.3006114518210386,2.991647305362734,0.3931863727454909,0.0897795591182364,0.2064859167336433,2.9653101098896992,0.6000000000000008,train,1
ascorbic_acid,0.2,8.0,DVP,8,0.0197866836885989,0.0453045204986685,0.2011248749184556,-0.0116124333240742,0.1,1.4,-2.5006958030286684e-06,0.0157519125484746,-0.0127474417996527,0.2011248749184556,0.0060120240480961,0.1206412825651302,0.0183264219878449,0.1968928730639421,0.6538461538461542,train,2
ascorbic_acid,0.1,7.5,DVP,9,0.0108539861885899,0.0226296350415474,0.1020238632439697,-0.0045034165242951,0.1,1.4,3.094916890322544e-05,0.0063950190378277,-0.0059323552341417,0.1020238632439697,0.0284569138276553,0.1178356713426853,0.0090245116011745,0.0988235936792249,0.6800000000000007,train,2
aluminum,1.0,6.0,DVP,3,0.0572518811431562,0.1487341407123034,0.6951213959464143,-0.053243708348249,0.1,1.4,-8.235425083367153e-05,0.0509057681579016,-0.0814467289856418,0.6951213959464143,-0.3278557114228457,0.1038076152304609,0.0551465211454456,0.6846518303649163,0.9473684210526316,train,5
dopamine,2.0,7.5,DVP,8,0.0932435864794843,0.3089022585031443,1.785295093868594,-0.1008290933936552,0.1,1.4,-3.736952412121891e-05,0.1433044432486632,-0.1271645799733245,1.785295093868594,0.1715430861723447,0.0645290581162324,0.0891586583609198,1.7724252377571554,0.769230769230771,train,0
aluminum,5.0,8.0,DVP,0,0.2143280730788911,0.5829813318735203,2.7003446590550606,-0.2680597195639512,0.1,1.4,0.000136589331523,0.1688257142763863,-0.1762076467365805,2.7003446590550606,-0.3082164328657314,0.0981963927855711,0.2098344458921127,2.6762858098260174,0.8421052631578941,train,5
dopamine,2.0,8.0,DVP,8,0.0943699934708388,0.3117506963106761,1.779513423520544,-0.1021049578732846,0.1,1.4,-3.78806922605015e-05,0.1418606740892647,-0.1200918783399698,1.779513423520544,0.1490981963927855,0.0645290581162325,0.0899238806690657,1.7665101659830826,0.9166666666666686,train,0
glucose,5.0,6.0,DVP,9,0.2354272284466049,0.5230667414930879,2.07114643906928,-0.1751709592528101,0.1,1.4,0.0006750942490586,0.1461385321226546,-0.1553466193458097,2.07114643906928,0.5026052104208417,0.1458917835671342,0.2343686402848966,2.0345196907726493,0.6774193548387094,train,3
ascorbic_acid,0.1,7.5,DVP,4,0.010850043739137,0.0228691434155327,0.1020236310170401,-0.0067425493146545,0.1,1.4,3.097881420730919e-06,0.0070981665894261,-0.0063660862369758,0.1020236310170401,0.0200400801603206,0.1122244488977955,0.0088423773789589,0.0991002157040459,0.4814814814814826,train,2
aluminum,1.0,7.0,DVP,0,0.0562385766608808,0.1501003199229548,0.6974360139828769,-0.0675092390515613,0.1,1.4,3.8207395036176495e-05,0.0461721985640664,-0.0454229588492976,0.6974360139828769,-0.3166332665330661,0.101002004008016,0.05502497801771,0.6903002928817683,0.8947368421052635,train,5
aluminum,5.0,6.5,DVP,5,0.2137250088865623,0.5716074163755686,2.621410506624056,-0.1839744570874871,0.1,1.4,-0.0001850220256589,0.1715197955124515,-0.1880580609605446,2.621410506624056,-0.3278557114228457,0.1038076152304609,0.2122895898439013,2.5928605012031785,0.7619047619047609,train,5
aluminum,0.5,7.5,DVP,2,0.029787380932305,0.0784282028140257,0.3738347630685145,-0.0238469812860229,0.1,1.4,-1.5021716417648552e-05,0.0248901153138506,-0.0208190536904817,0.3738347630685145,-0.3054108216432865,0.101002004008016,0.0286256821967521,0.3693069076470375,0.8947368421052625,train,5
ascorbic_acid,10.0,7.5,DVP,3,0.5049302505773571,1.2571758746290531,5.621664853661948,-0.4273291236027311,0.1,1.4,-0.000693383500802,0.3391676269955967,-0.657647055265239,5.621664853661948,0.0284569138276553,0.1150300601202404,0.4930742817905271,5.541394567568832,0.7083333333333346,train,2
aluminum,10.0,7.0,DVP,1,0.3289916803568021,0.8976360751675964,4.161462250523967,-0.2890576609960609,0.1,1.4,-3.480258236459399e-05,0.3044677426147005,-0.3428508982131,4.161462250523967,-0.3166332665330661,0.1066132264529057,0.3405206960590798,4.127817300365537,0.8999999999999994,train,5
glucose,10.0,8.0,DVP,3,0.3792866728405745,0.8345021520811005,3.37343521788903,-0.2699524890954375,0.1,1.4,-0.0004382813514225,0.2827209542818927,-0.4421187151869767,3.37343521788903,0.4577154308617234,0.1430861723446894,0.3682421199372689,3.3109059988037446,0.6999999999999992,train,3
ascorbic_acid,1.0,7.0,DVP,9,0.0838165022137741,0.2082642529281259,0.9114832001759888,-0.0625254204787921,0.1,1.4,0.0002478150765469,0.058857893368155,-0.0562601752974422,0.9114832001759888,0.0565130260521041,0.1094188376753506,0.078994221209675,0.8982360953997053,0.9500000000000012,train,2
aluminum,0.2,7.0,DVP,6,0.0132489017543467,0.0317114472143027,0.1509574940453808,-0.0097845494024716,0.1,1.4,-1.805130641092601e-05,0.0107223915171783,-0.0096238634436849,0.1509574940453808,-0.3110220440881763,0.0981963927855711,0.0113322912549979,0.1477153383904893,0.8421052631578952,train,5
glucose,0.2,6.5,DVP,5,0.0154141748437551,0.0289963734674891,0.1178577921889279,-0.006808614199171,0.1,1.4,-3.262442702391307e-06,0.0087190108179786,-0.0070773545778522,0.1178577921889279,0.5054108216432865,0.1486973947895791,0.0132130966032683,0.1136455147508911,0.9629629629629608,train,3
glucose,0.5,6.5,DVP,6,0.0340497634130969,0.0705314918196191,0.2942736247908713,-0.0194864453646294,0.1,1.4,-3.820523478468076e-05,0.0209810914810184,-0.0188116509670816,0.2942736247908713,0.4829659318637275,0.1402805611222446,0.0307837278916703,0.287265089002101,0.4705882352941183,train,3
uric_acid,10.0,6.0,DVP,5,0.3241684395864149,0.9271758947115162,4.51548430182686,-0.2425377064562015,0.1,1.4,-0.0002767100876708,0.3086194110873915,-0.3079329411653939,4.51548430182686,0.4016032064128255,0.0869739478957914,0.3116076694444295,4.476898172623129,0.823529411764703,train,1
uric_acid,0.5,7.5,DVP,5,0.0306465453830171,0.0826889702687208,0.3987390208422802,-0.0195931977732442,0.1,1.4,-2.1020327653054972e-05,0.0414311050712499,-0.028366679597498,0.3987390208422802,0.3314629258517034,0.0869739478957916,0.0279655961583495,0.3933947722112161,0.9374999999999966,train,1
glucose,0.5,7.0,DVP,9,0.03428331574837,0.0711799125036126,0.2910551777619323,-0.0218903027526949,0.1,1.4,9.33748003516536e-05,0.02011599783878,-0.0199741857857303,0.2910551777619323,0.4857715430861723,0.1430861723446892,0.0315553078582237,0.2837846119147517,0.8214285714285698,train,3
copper,0.2,7.5,DVP,4,0.0114798546466782,0.0363222312262417,0.2239820284064311,-0.0119926640307354,0.1,1.4,2.558333207631016e-06,0.0200897047005761,-0.0185568947237884,0.2239820284064311,-0.0472945891783567,0.0561122244488977,0.0097049239903389,0.2217609546157592,0.8181818181818185,train,4
glucose,5.0,6.0,DVP,8,0.2359462101243822,0.5252160046708372,2.069719184003162,-0.1872302363256211,0.1,1.4,-2.350291188332182e-05,0.1552175671621408,-0.1398386433115668,2.069719184003162,0.5110220440881764,0.1430861723446892,0.233509335850589,2.0397439944560745,0.8888888888888912,train,3
aluminum,0.5,6.5,DVP,7,0.0288680393379723,0.0776087443833751,0.3575943464762256,-0.0286210632928782,0.1,1.4,-3.282363990423936e-05,0.0217580710120199,-0.0206662221460695,0.3575943464762256,-0.3110220440881763,0.101002004008016,0.0284069043802224,0.3543837613228797,0.6363636363636365,train,5
uric_acid,5.0,6.5,DVP,0,0.2091451603563406,0.6080572859916347,3.045379253132786,-0.2547397058541745,0.1,1.4,0.0001303039776017,0.2012814030818832,-0.1971743749824761,3.045379253132786,0.3763527054108216,0.0841683366733467,0.200806975316324,3.0208543099858582,0.8749999999999981,train,1
ascorbic_acid,0.5,8.0,DVP,8,0.045439373592586,0.1105175659749744,0.4878401983653049,-0.0310421024743471,0.1,1.4,-1.181659057007728e-05,0.0383350903755547,-0.0310001537954167,0.4878401983653049,0.0060120240480961,0.1206412825651302,0.0447305227260552,0.4804926424335837,0.6538461538461542,train,2
aluminum,0.1,6.5,DVP,8,0.0074195570384979,0.0160746531307207,0.0755907384915846,-0.0039422358960852,0.1,1.4,1.572680933712333e-06,0.0057784619448542,-0.0055096264929866,0.0755907384915846,-0.319438877755511,0.1066132264529058,0.0060432551256216,0.0733345848700014,1.0,train,5
aluminum,0.1,6.5,DVP,4,0.007399860327414,0.0162028941927469,0.0763076705697751,-0.00515872487911,0.1,1.4,3.3350220890706657e-06,0.0055628413297707,-0.0048915500113607,0.0763076705697751,-0.3278557114228457,0.101002004008016,0.005905695634976,0.0742073995623223,0.7999999999999996,train,5
uric_acid,0.2,7.0,DVP,8,0.0136709568983291,0.0336362477757788,0.16671789170834,-0.0091525078271824,0.1,1.4,-6.398001993076913e-07,0.0125575792314468,-0.0097150055977812,0.16671789170834,0.3454909819639279,0.0869739478957914,0.0113429017684024,0.1631612944819987,0.6315789473684225,train,1
ascorbic_acid,5.0,7.0,DVP,3,0.32211191784964,0.8020115464390755,3.464409606570216,-0.2659747953013897,0.1,1.4,-0.000439935929718,0.2298720516376262,-0.418646102181011,3.464409606570216,0.0565130260521041,0.1178356713426853,0.3193631240505595,3.413417149132342,0.9090909090909076,train,2
aluminum,0.1,7.0,DVP,9,0.0074265094308753,0.0163759716675878,0.0787079525996585,-0.0042879897496763,0.1,1.4,2.4206725617019427e-05,0.0047972266100848,-0.0058064470953927,0.0787079525996585,-0.3222444889779559,0.101002004008016,0.0059596320982295,0.0764608281094125,0.7142857142857151,train,5
uric_acid,5.0,7.5,DVP,0,0.2129073037030181,0.616985532152449,3.007262092188125,-0.2594594051920414,0.1,1.4,0.0001326156968576,0.1944233277073159,-0.2126004642089535,3.007262092188125,0.3258517034068136,0.0869739478957916,0.2073050922733962,2.9820734150320813,0.8235294117647053,train,1
aluminum,0.1,6.5,DVP,1,0.0073229776875978,0.0161025554948787,0.0748003254057111,-0.004391832213124,0.1,1.4,3.325242038778861e-06,0.0056207256115263,-0.0059792814890596,0.0748003254057111,-0.3222444889779559,0.101002004008016,0.0058847120028825,0.0727298946216838,0.8947368421052635,train,5
glucose,0.2,6.5,DVP,0,0.0153180917948289,0.0288344972962919,0.1162964523612804,-0.0107610410316973,0.1,1.4,1.2661075349762325e-05,0.0074938597038401,-0.0094745923025349,0.1162964523612804,0.494188376753507,0.1458917835671342,0.0129005229896513,0.1120559546579265,0.7333333333333317,train,3
uric_acid,1.0,6.0,DVP,9,0.0557609939268128,0.1553644545550992,0.7570824827044086,-0.0479768932435062,0.1,1.4,0.0001790258781644,0.0476419860060516,-0.0473113912542277,0.7570824827044086,0.4100200400801602,0.0897795591182364,0.0533239051371417,0.7488308361157744,0.7777777777777782,train,1
uric_acid,10.0,7.0,DVP,1,0.3262356008212408,0.9500549862550508,4.719729364209727,-0.279498991605563,0.1,1.4,-3.3589123426657654e-05,0.3138826540988026,-0.3139904821983963,4.719729364209727,0.3454909819639279,0.0897795591182363,0.3273804659638227,4.692478975531659,0.600000000000002,train,1
uric_acid,1.0,7.5,DVP,0,0.0566790107829127,0.1598300175142121,0.7807595385875893,-0.0653967608516317,0.1,1.4,3.74163919006365e-05,0.0504186120222251,-0.0551581309256261,0.7807595385875893,0.3258517034068136,0.0869739478957916,0.0537204394105812,0.7728483639571485,0.8235294117647053,train,1
copper,0.2,7.5,DVP,9,0.0114860713426552,0.0364142971198816,0.2224476266921942,-0.009266714746297,0.1,1.4,4.647595064766069e-05,0.0221509985001424,-0.0180808008834484,0.2224476266921942,-0.0472945891783567,0.0589178356713426,0.0100049121109485,0.2198355678233969,0.7499999999999992,train,4
dopamine,0.5,8.0,DVP,4,0.0276635504474019,0.0879167187427632,0.5212837463220872,-0.0277742956093462,0.1,1.4,7.078351728446174e-07,0.0390054634659816,-0.0363495979501575,0.5212837463220872,0.1462925851703407,0.0617234468937876,0.0246708197819386,0.5172504803265185,0.9999999999999964,train,0
aluminum,2.0,7.0,DVP,5,0.1043649357281985,0.2774033937396775,1.2741048703153883,-0.0887307514888934,0.1,1.4,-8.766556966779817e-05,0.0818661432325366,-0.0838332546643185,1.2741048703153883,-0.3054108216432865,0.1038076152304609,0.1031668086514841,1.2594045775932985,0.7619047619047609,train,5
dopamine,10.0,7.0,DVP,9,0.2914802375110335,0.98024915908804,5.642668793496459,-0.2978403945705763,0.1,1.4,0.0010799326651583,0.448208975385842,-0.411659067639829,5.642668793496459,0.1995991983967936,0.0617234468937876,0.2744520779533951,5.611652891231104,0.8333333333333339,train,0
uric_acid,1.0,7.5,DVP,6,0.0571912074768715,0.158945110306889,0.7871262315771436,-0.0445993182932754,0.1,1.4,-9.64285046790286e-05,0.0663140238949424,-0.0469328537454003,0.7871262315771436,0.3314629258517034,0.0869739478957916,0.0536190665110659,0.778479291145499,0.9374999999999966,train,1
aluminum,0.5,8.0,DVP,6,0.0304238191878398,0.0778965556967611,0.3724107105823321,-0.0252917986635421,0.1,1.4,-4.991214653239096e-05,0.0230213176424476,-0.0257390798357371,0.3724107105823321,-0.3110220440881763,0.1038076152304609,0.0288891280591779,0.3666778421956636,0.6818181818181812,train,5
aluminum,0.2,8.0,DVP,4,0.0133476783301695,0.0325115616812079,0.1503560126217494,-0.0111977430047726,0.1,1.4,2.6486773418809986e-06,0.0094718499949173,-0.0097452727471765,0.1503560126217494,-0.3054108216432865,0.101002004008016,0.0118610140821109,0.1475893700087181,0.8000000000000006,train,5
copper,0.1,6.0,DVP,4,0.0064545229414106,0.018101056807979,0.1093759840671143,-0.0055057348175067,0.1,1.4,3.295583823417873e-06,0.0123789845031989,-0.009860412040508,0.1093759840671143,-0.0613226452905811,0.0561122244488978,0.0048384743987012,0.1074484181623351,0.8181818181818156,train,4
glucose,0.1,7.5,DVP,9,0.0091012989166663,0.0146504774405801,0.0608082995406818,-0.0027276782452032,0.1,1.4,2.2873178916390837e-05,0.0043109800972391,-0.0041677535248973,0.0608082995406818,0.4857715430861723,0.1486973947895791,0.0066507372363443,0.0572306148403671,0.8928571428571425,train,3
glucose,5.0,6.0,DVP,4,0.2353360671900206,0.5140169720602435,2.10458745258952,-0.1765982323231841,0.1,1.4,3.108894354350722e-05,0.1569138400776821,-0.1473274451207209,2.10458745258952,0.4997995991983969,0.1318637274549097,0.2160257415478738,2.0646349046314016,0.5666666666666679,train,3
dopamine,0.2,8.0,DVP,4,0.0125079865497308,0.0359762183730202,0.2145951108530996,-0.0105604306435406,0.1,1.4,2.664257448590356e-06,0.0159774119065803,-0.0149029276980599,0.2145951108530996,0.1462925851703407,0.0617234468937876,0.0100929352090031,0.2117021847608871,0.9999999999999964,train,0
ascorbic_acid,0.2,6.5,DVP,8,0.019263489112688,0.0439355968167352,0.1980951521853731,-0.0132945690658507,0.1,1.4,-2.3039603343005254e-06,0.0149283373925334,-0.0100826845993411,0.1980951521853731,0.0761523046092184,0.1122244488977955,0.0170570698944337,0.193921039433786,0.904761904761905,train,2
dopamine,10.0,6.5,DVP,1,0.2836395788520218,0.9720962563119558,5.526567104181029,-0.2781672723958227,0.1,1.4,-3.3410764796946795e-05,0.4274215886938795,-0.3692317864633827,5.526567104181029,0.2276553106212424,0.0645290581162324,0.2806999734083832,5.502882236594156,0.9166666666666652,train,0
ascorbic_acid,2.0,6.0,DVP,0,0.1499171589568876,0.3802148424307494,1.752096078891713,-0.1654351477544243,0.1,1.4,8.649115621792802e-05,0.1426193492975882,-0.1207316203888496,1.752096078891713,0.0929859719438878,0.1066132264529058,0.1424933286614429,1.7330369095956308,0.8095238095238101,train,2
aluminum,1.0,8.0,DVP,4,0.0572272917210445,0.1523349640770461,0.700083607567499,-0.0557399689086712,0.1,1.4,-2.4136229302295748e-06,0.0442848096423898,-0.0453845185174757,0.700083607567499,-0.3054108216432865,0.101002004008016,0.0556219640351307,0.6924622442650006,0.8000000000000006,train,5
dopamine,5.0,6.5,DVP,2,0.1818814577029347,0.6262531446382364,3.5539138683096945,-0.1692474953971098,0.1,1.4,-0.000131289025499,0.3024908754270718,-0.281507260970357,3.5539138683096945,0.2276553106212424,0.0645290581162324,0.1805881107861204,3.537959606647581,0.9166666666666652,train,0
dopamine,10.0,6.0,DVP,9,0.2842428495415896,0.957722306916444,5.473660717956805,-0.2974231346557609,0.1,1.4,0.0010529794416146,0.4903316317420604,-0.4151855336828418,5.473660717956805,0.2585170340681363,0.0645290581162324,0.2758346745990596,5.440730624229459,0.9166666666666652,train,0
dopamine,0.2,6.5,DVP,0,0.0120108867101082,0.0341347673798109,0.1985163509610296,-0.0117084199316123,0.1,1.4,1.1079054815791227e-05,0.0165491317298005,-0.0190131811193339,0.1985163509610296,0.2276553106212424,0.0645290581162324,0.0098390222083154,0.1955605358236196,0.9166666666666652,train,0
glucose,10.0,6.0,DVP,6,0.3645731304175971,0.811483182170545,3.25324533615108,-0.2431970039579383,0.1,1.4,-0.0004608308692239,0.2705588330699775,-0.1959893842700373,3.25324533615108,0.5194388777555111,0.1430861723446892,0.359231563984011,3.1993402647989524,0.8888888888888856,train,3
aluminum,0.5,8.0,DVP,8,0.030530087818547,0.0782446176287501,0.3719019332112455,-0.0232968516454429,0.1,1.4,-7.79367700505476e-06,0.0237373624755091,-0.0219452132459469,0.3719019332112455,-0.2997995991983967,0.101002004008016,0.0284856079452076,0.3665477378097349,0.8947368421052625,train,5
copper,0.2,8.0,DVP,1,0.0113664277028215,0.0364505326398745,0.2280995601004703,-0.0103171243886654,0.1,1.4,2.5316237598746944e-06,0.0196199863523707,-0.0198322091120156,0.2280995601004703,-0.038877755511022,0.0561122244488978,0.0097733193454619,0.2256807975225962,1.0,train,4
aluminum,1.0,6.5,DVP,5,0.0565213452582162,0.1482965782360919,0.6809887466696293,-0.0470690286736491,0.1,1.4,-4.507968277708015e-05,0.0445054407686132,-0.0488127325915563,0.6809887466696293,-0.3278557114228457,0.1038076152304609,0.0550524158934823,0.672369248593248,0.7619047619047609,train,5
dopamine,0.2,7.5,DVP,1,0.0122309685817516,0.0350931733489292,0.2061796924450415,-0.0088413652698906,0.1,1.4,2.6623153717307403e-06,0.0160722902284301,-0.0145461082191495,0.2061796924450415,0.1659318637274549,0.0617234468937876,0.0098765275790015,0.2031352248835023,0.5714285714285726,train,0
glucose,2.0,8.0,DVP,7,0.1139559850395966,0.2582666723391113,1.0601043930417744,-0.0946995548657598,0.1,1.4,-0.0001066751612852,0.068521109960867,-0.0635960853973484,1.0601043930417744,0.4521042084168337,0.1402805611222444,0.1135694563181961,1.049470671404588,0.6666666666666684,train,3
ascorbic_acid,0.5,7.5,DVP,1,0.0443974947806517,0.1085225040725625,0.4777474817252773,-0.0323181707982056,0.1,1.4,-4.82130318491425e-07,0.0322794467421458,-0.034964958874023,0.4777474817252773,0.0368737474949899,0.1122244488977955,0.0421029352498221,0.4712035784387866,0.904761904761905,train,2
copper,2.0,8.0,DVP,4,0.089343534558857,0.3188674789122723,1.9194114282661277,-0.1122723388054514,0.1,1.4,-8.838623587858585e-06,0.1650942234792294,-0.1686509272544342,1.9194114282661277,-0.0360721442885771,0.0561122244488978,0.0851286145969891,1.9116243342291483,0.8181818181818221,train,4
uric_acid,5.0,6.0,DVP,0,0.2072641816363795,0.6030817388827796,2.949846456992922,-0.2523314254073721,0.1,1.4,0.0001291422477808,0.2178589565178561,-0.1741060157176026,2.949846456992922,0.4044088176352706,0.0897795591182364,0.2073329232983505,2.9263805671742733,0.999999999999995,train,1
ascorbic_acid,1.0,7.5,DVP,9,0.0846346927586672,0.2106356931731777,0.93327764077279,-0.0596832846292142,0.1,1.4,0.0002502771509793,0.058370330402695,-0.0543906686228797,0.93327764077279,0.0284569138276553,0.1178356713426853,0.0840643667143451,0.9201562734693134,0.6800000000000007,train,2
uric_acid,0.1,8.0,DVP,4,0.0079685343142393,0.0171107809559004,0.0882063034635603,-0.0031677344040777,0.1,1.4,3.346786338610774e-06,0.0052609631923767,-0.0048934675268674,0.0882063034635603,0.3006012024048096,0.0897795591182365,0.0058709950376544,0.0854910500937058,0.7777777777777766,train,1
dopamine,5.0,8.0,DVP,3,0.1961697543881504,0.6539590459608561,3.7501177109906303,-0.1946409135116374,0.1,1.4,-0.0003311136498055,0.2900265452164661,-0.3160267379289223,3.7501177109906303,0.1462925851703407,0.0645290581162325,0.1887200010856796,3.7278010472874064,0.9166666666666686,train,0
ascorbic_acid,10.0,6.0,DVP,5,0.4825382303855748,1.2282282351275573,5.377002424080463,-0.3702024262636056,0.1,1.4,-0.0003789985187967,0.4541261490290171,-0.3600507309402248,5.377002424080463,0.0929859719438878,0.1094188376753507,0.4679500192122733,5.3181813065029,0.8571428571428585,train,2
glucose,10.0,7.0,DVP,9,0.3697704779527536,0.824043674783842,3.340317779602728,-0.2771095840518331,0.1,1.4,0.0010297088647842,0.2306847483005659,-0.229840045096773,3.340317779602728,0.4857715430861723,0.1430861723446892,0.3654929965979609,3.284482952790015,0.8214285714285698,train,3
aluminum,2.0,6.0,DVP,3,0.1053115827137928,0.2768404092755572,1.2927378345670966,-0.0998439620277329,0.1,1.4,-0.0001566254395665,0.0947299156576911,-0.151484428601536,1.2927378345670966,-0.3278557114228457,0.1038076152304609,0.1026683992659079,1.2746430202074597,0.9473684210526316,train,5
ascorbic_acid,10.0,8.0,DVP,3,0.5099100002126945,1.2691914667112545,5.475114278582977,-0.4362856850768133,0.1,1.4,-0.0007003019299213,0.3467098306723498,-0.6641711310190153,5.475114278582977,0.0256513026052104,0.1178356713426853,0.5041945751561114,5.394538026120858,0.7499999999999992,train,2
aluminum,0.2,8.0,DVP,7,0.0128372457070861,0.0322121447363125,0.1553087634746639,-0.0110746661303111,0.1,1.4,-1.1350594308352403e-05,0.0088545614756358,-0.0081730625103323,0.1553087634746639,-0.3110220440881763,0.101002004008016,0.0118106545488732,0.1532942853398325,0.7999999999999996,train,5
ascorbic_acid,0.2,6.5,DVP,7,0.0185498226892825,0.0437889372686037,0.1943177675892619,-0.0112242106552321,0.1,1.4,-1.594687633257935e-05,0.0116520638124032,-0.0117017053908146,0.1943177675892619,0.0761523046092184,0.1150300601202405,0.0173119880059115,0.1914102877051274,0.8636363636363632,train,2
uric_acid,1.0,6.5,DVP,9,0.056253711090549,0.1567636131762902,0.7782160069039804,-0.0484400262733233,0.1,1.4,0.0001806483258661,0.0561133109267196,-0.0426007579507073,0.7782160069039804,0.3763527054108216,0.0897795591182365,0.0537694686336189,0.7699391674677518,0.882352941176471,train,1
copper,0.1,6.0,DVP,2,0.0063368814668613,0.0181561509538176,0.1099316822781729,-0.0044789736211648,0.1,1.4,-1.708895250209586e-07,0.0097267105448992,-0.0092449591515699,0.1099316822781729,-0.064128256513026,0.0561122244488978,0.0048632586817934,0.1081940650811702,0.6666666666666677,train,4
aluminum,0.5,7.5,DVP,9,0.0303346797068162,0.0790761953507383,0.3681014207849808,-0.0259901047329294,0.1,1.4,0.0001002422512831,0.0228157670815878,-0.0268081954289276,0.3681014207849808,-0.3054108216432865,0.0981963927855711,0.0282488273057323,0.362374889022022,0.8421052631578941,train,5
glucose,0.2,7.0,DVP,6,0.0155044171543547,0.0289629571934085,0.1249887154788793,-0.0072180066997063,0.1,1.4,-1.4061842417783078e-05,0.0080239966492023,-0.0083346698102795,0.1249887154788793,0.4829659318637275,0.1346693386773545,0.0123342028787888,0.1205051263627998,0.8461538461538464,train,3
glucose,2.0,6.0,DVP,9,0.1149477985583657,0.2524548335474074,1.0009864420141006,-0.0833843499418465,0.1,1.4,0.000328332259174,0.0706384508270625,-0.0750517686557837,1.0009864420141006,0.5026052104208417,0.1458917835671342,0.1131073343486128,0.9819389793412814,0.6774193548387094,train,3
ascorbic_acid,2.0,6.5,DVP,4,0.1527584578344137,0.3892270740147266,1.6954134827853913,-0.1354327225604887,0.1,1.4,-1.156396786816849e-05,0.1039279366382719,-0.1062479199484139,1.6954134827853913,0.0733466933867735,0.1206412825651302,0.1577335212247271,1.6796769710785453,0.8695652173913055,train,2
dopamine,0.2,6.5,DVP,8,0.0121607602718782,0.0341799635321066,0.2011307368905872,-0.0090916168342201,0.1,1.4,-6.154048992722399e-07,0.0173491951348399,-0.0152363833546003,0.2011307368905872,0.2276553106212424,0.0617234468937876,0.0096025708840431,0.1977024359451729,0.9999999999999964,train,0
dopamine,10.0,8.0,DVP,7,0.2844371183267404,1.0114919405181229,5.76531368799572,-0.2985759225968385,0.1,1.4,-0.0004214685708976,0.5186251638664047,-0.5229636503307,5.76531368799572,0.1490981963927855,0.0617234468937876,0.2851643230440654,5.755454360182817,0.8333333333333339,train,0
aluminum,0.1,6.5,DVP,2,0.0072885088264783,0.0161544415828262,0.0729489316687256,-0.0042100991395745,0.1,1.4,5.3891758284372286e-08,0.005325393396449,-0.0047491632641861,0.0729489316687256,-0.3250501002004007,0.1066132264529058,0.0060900221490494,0.0709206621759391,0.8095238095238101,train,5
copper,10.0,6.5,DVP,9,0.2805200751331806,1.0135463222402792,6.118273681412637,-0.2939932238617085,0.1,1.4,0.0011796208395493,0.5815022748119204,-0.4467318434999467,6.118273681412637,-0.0557114228456914,0.0589178356713426,0.2793222378053842,6.088908218865763,0.9090909090909042,train,4
dopamine,0.1,7.0,DVP,4,0.0071665922654757,0.0176129834703699,0.1031831878133791,-0.0044629976124407,0.1,1.4,3.3542965642808037e-06,0.0090377202972612,-0.0075705250625066,0.1031831878133791,0.1995991983967936,0.0645290581162325,0.0050860370257448,0.1005852360228972,0.9166666666666686,train,0
glucose,5.0,7.5,DVP,4,0.2400428522773679,0.5225314662476631,2.0621831522115226,-0.1798342930690114,0.1,1.4,4.683042501571533e-06,0.1596804210540053,-0.1499815079015538,2.0621831522115226,0.4745490981963928,0.1486973947895791,0.2371322943271396,2.021563202508045,0.8275862068965527,train,3
ascorbic_acid,0.5,6.5,DVP,4,0.044038562367468,0.1085549347907958,0.4742939481249862,-0.0368190651224891,0.1,1.4,-3.301780887522421e-07,0.029011628633462,-0.0297248445175738,0.4742939481249862,0.0733466933867735,0.1206412825651302,0.0440000711690308,0.4685428983289065,0.8695652173913055,train,2
uric_acid,5.0,6.5,DVP,5,0.211006410478638,0.6019314824368927,2.9112376377587337,-0.1561103469240038,0.1,1.4,-0.0001781546969845,0.2553560081729217,-0.1892699882082335,2.9112376377587337,0.3819639278557114,0.0897795591182365,0.2075258868811446,2.8866476828327534,0.882352941176471,train,1
glucose,0.5,6.5,DVP,3,0.0344822536068448,0.0710220301391268,0.2808547042083398,-0.0212002575438553,0.1,1.4,-3.094304067634972e-05,0.0248256899553286,-0.0378241799222539,0.2808547042083398,0.4969939879759518,0.1458917835671342,0.0319106319261555,0.2735783958839526,0.7333333333333317,train,3
ascorbic_acid,0.2,7.0,DVP,0,0.0192314506311384,0.0443348049563295,0.2011926769466868,-0.0171292955127005,0.1,1.4,1.3738316642254722e-05,0.0169821095302693,-0.0152619621512374,0.2011926769466868,0.0537074148296593,0.1150300601202404,0.0174294440048716,0.1969755307359286,0.8636363636363648,train,2
copper,10.0,8.0,DVP,6,0.2844079143769517,1.032751691358808,6.172416695273678,-0.3233182313405912,0.1,1.4,-0.0006622304477704,0.5599061132603715,-0.503451869992187,6.172416695273678,-0.0416833667334669,0.0589178356713426,0.2843534928949676,6.138266636339715,0.7499999999999992,train,4
glucose,5.0,7.5,DVP,3,0.2431966949861265,0.5337577019109788,2.10985860862466,-0.1717948278940266,0.1,1.4,-0.0002729826854292,0.1899976622847116,-0.2825840417870021,2.10985860862466,0.4577154308617234,0.1486973947895791,0.2418142690468632,2.07021377484122,0.514285714285714,train,3
dopamine,5.0,7.5,DVP,5,0.1901555592777688,0.6399363447025751,3.6323094184878686,-0.1817745537081445,0.1,1.4,-0.0001834221360978,0.3081955640138107,-0.2994908391427904,3.6323094184878686,0.1687374749498997,0.0645290581162324,0.1843565785517749,3.609817233642677,0.7692307692307657,train,0
dopamine,0.5,6.0,DVP,7,0.0252451746852577,0.0833908805337132,0.4853787556539752,-0.0267318641553468,0.1,1.4,-3.112337353613225e-05,0.0368489117802557,-0.0343116067987614,0.4853787556539752,0.2557114228456913,0.0617234468937875,0.0234247200216807,0.4829271253849444,1.0,train,0
ascorbic_acid,10.0,7.5,DVP,1,0.4919484455765994,1.2534006207688495,5.497210687423568,-0.3865101116759145,0.1,1.4,-4.7922030975382943e-05,0.3721298874506527,-0.4029249895283311,5.497210687423568,0.0368737474949899,0.1122244488977955,0.4863273280661483,5.442652406702706,0.904761904761905,train,2
aluminum,0.2,6.5,DVP,8,0.0132452378927158,0.0317541920930864,0.1481229551691949,-0.0086283564767032,0.1,1.4,-7.892017229900738e-07,0.0113833952836951,-0.0108587832257887,0.1481229551691949,-0.319438877755511,0.1066132264529058,0.0119441689293564,0.1450134979517761,1.0,train,5
uric_acid,5.0,6.0,DVP,9,0.209363346966152,0.5997554227849693,2.9158809104658143,-0.1904072143340281,0.1,1.4,0.0006780414529516,0.1837106350960616,-0.1823987524720219,2.9158809104658143,0.4100200400801602,0.0897795591182364,0.205843236279991,2.890064627395516,0.7777777777777782,train,1
dopamine,0.5,7.0,DVP,4,0.027037645101976,0.0856495385133893,0.4933296195575423,-0.0269490207904301,0.1,1.4,7.872973930193854e-07,0.0436733829160504,-0.0365414943822944,0.4933296195575423,0.1995991983967936,0.0645290581162325,0.0247748737424206,0.4893228072552779,0.9166666666666686,train,0
copper,0.2,7.0,DVP,5,0.0114204204548962,0.0362243266969801,0.2243976201339265,-0.0100898479844823,0.1,1.4,-7.280208747149689e-06,0.0196191569150674,-0.0178432531760817,0.2243976201339265,-0.0529058116232464,0.0561122244488978,0.0096648832741284,0.221964254099273,0.6666666666666677,train,4
copper,0.1,6.5,DVP,6,0.0064769934441612,0.0183506555637035,0.1123245717448045,-0.0048421339213818,0.1,1.4,-7.896732447173434e-06,0.0113922762248782,-0.0091570783013808,0.1123245717448045,-0.0529058116232464,0.0561122244488977,0.0048859015081929,0.1103063609737599,0.8181818181818185,train,4
ascorbic_acid,10.0,6.0,DVP,6,0.4826982546402872,1.2278633392294709,5.519089669594296,-0.3745994100177368,0.1,1.4,-0.0007948629077711,0.3924643920710571,-0.3339108790629919,5.519089669594296,0.0901803607214428,0.1094188376753507,0.4682782789125845,5.456399311352657,0.7727272727272726,train,2
ascorbic_acid,0.5,8.0,DVP,5,0.0452824765238227,0.1113075167201859,0.5104936177910427,-0.0324253494377793,0.1,1.4,-3.062866203589015e-05,0.0351578012150051,-0.0271762835649222,0.5104936177910427,0.0172344689378757,0.1066132264529058,0.0417159975391759,0.5036485781613137,1.0,train,2
ascorbic_acid,1.0,7.5,DVP,4,0.0845986247915697,0.2128135406889321,0.93251458390918,-0.0737802977895277,0.1,1.4,-4.523660683730113e-06,0.0657309625863819,-0.0582223884706284,0.93251458390918,0.0200400801603206,0.1122244488977955,0.0823718948748882,0.9220604738509374,0.4814814814814826,train,2
copper,0.5,8.0,DVP,3,0.0265103809668812,0.0888967298042298,0.5523048746059027,-0.0297725555338137,0.1,1.4,-4.49460762637706e-05,0.0408437415249356,-0.046170836269444,0.5523048746059027,-0.038877755511022,0.0561122244488978,0.0237558210398979,0.5472688918942374,1.0,train,4
ascorbic_acid,0.2,7.5,DVP,9,0.0195682428700951,0.0448333641575736,0.2002034432670587,-0.0110207237807816,0.1,1.4,5.685404867599861e-05,0.0125338353407648,-0.0116557780753312,0.2002034432670587,0.0284569138276553,0.1178356713426853,0.0178937682955606,0.1958846993284437,0.6800000000000007,train,2
ascorbic_acid,10.0,6.5,DVP,8,0.4891934190868173,1.2393316870709652,5.5320272029603,-0.4388586046528837,0.1,1.4,-0.000172930875262,0.4192141683358072,-0.2819680399223889,5.5320272029603,0.0761523046092184,0.1122244488977955,0.4822347373818371,5.477988213637712,0.904761904761905,train,2
aluminum,0.2,6.5,DVP,2,0.0129883948045942,0.0319150959805769,0.1429735560387499,-0.0090369430469216,0.1,1.4,-3.76589629982365e-06,0.010484164475674,-0.00936125136565,0.1429735560387499,-0.3250501002004007,0.1066132264529058,0.0120342230547293,0.1402956758690328,0.8095238095238101,train,5
dopamine,10.0,8.0,DVP,0,0.2952844529698756,1.0057922621442017,5.778624379072767,-0.4143286478198221,0.1,1.4,0.0002085882185235,0.4982770412931239,-0.4638353023200703,5.778624379072767,0.1434869739478957,0.0617234468937876,0.281936022653222,5.741694112668993,0.8333333333333339,train,0
uric_acid,0.5,6.5,DVP,5,0.0301355151934566,0.080877539491909,0.3931573204250801,-0.0193112926346202,0.1,1.4,-2.056996056393074e-05,0.0344182057231481,-0.0255136562304438,0.3931573204250801,0.3819639278557114,0.0897795591182365,0.0278877162112747,0.3880518395351554,0.882352941176471,train,1
copper,5.0,8.0,DVP,3,0.1872789040498993,0.6597092700586779,4.0903454788217735,-0.2266355982035602,0.1,1.4,-0.0003587051444073,0.303442704222183,-0.3420455057499773,4.0903454788217735,-0.038877755511022,0.0561122244488978,0.17632926777127,4.062506239823165,1.0,train,4
dopamine,2.0,8.0,DVP,9,0.0940845989263989,0.3156429639221391,1.8193158934610163,-0.0920804726089688,0.1,1.4,0.0003462866628336,0.1581971832167539,-0.135590276911457,1.8193158934610163,0.1462925851703407,0.0617234468937876,0.0889524383702447,1.808257226313402,0.9999999999999964,train,0
aluminum,5.0,6.0,DVP,8,0.2137250397381958,0.571784552703896,2.6441855095110576,-0.181027285757031,0.1,1.4,-8.206720388677446e-05,0.2125675874550406,-0.2027901682714405,2.6441855095110576,-0.3306613226452906,0.101002004008016,0.2086916505504253,2.6163850897411227,0.8947368421052635,train,5
aluminum,5.0,7.0,DVP,6,0.214656595578711,0.572918538068184,2.705135455218505,-0.1917160658134283,0.1,1.4,-0.000391843644597,0.1932367563356266,-0.1733974745894545,2.705135455218505,-0.3110220440881763,0.0981963927855711,0.2049592888126992,2.671382232363246,0.8421052631578952,train,5
copper,1.0,7.0,DVP,8,0.0484017661818598,0.1706907225468545,1.025589485982875,-0.0480064025217472,0.1,1.4,-2.013297767444197e-05,0.0956407923124221,-0.0907920894305926,1.025589485982875,-0.0472945891783567,0.0561122244488977,0.0456208757210771,1.0189595304089325,0.8181818181818185,train,4
copper,1.0,8.0,DVP,9,0.0487044541749471,0.1717580916399131,1.0487323189811435,-0.0483216276263426,0.1,1.4,0.0002031296425824,0.1052883766457285,-0.0809913273854309,1.0487323189811435,-0.0416833667334669,0.0561122244488978,0.0460071002006269,1.0423420836663635,0.8181818181818156,train,4
uric_acid,5.0,6.0,DVP,5,0.2091082978603529,0.5959801338931253,2.9033301344694022,-0.1554065209783669,0.1,1.4,-0.0001764768839067,0.1984161564358098,-0.1979713949000144,2.9033301344694022,0.4016032064128255,0.0869739478957914,0.2002868728162253,2.877634860960077,0.823529411764703,train,1
ascorbic_acid,5.0,7.0,DVP,6,0.3173269341132026,0.8038291700544653,3.5176175613198204,-0.2448645751717962,0.1,1.4,-0.0005202833715827,0.2198627119822551,-0.2450298972056082,3.5176175613198204,0.0565130260521041,0.1122244488977955,0.3109163067033013,3.477052626056958,0.904761904761905,train,2
uric_acid,10.0,7.5,DVP,4,0.3332761711098843,0.9608598005822716,4.782166400156206,-0.308421993394905,0.1,1.4,-3.34052845798174e-05,0.3772981738034484,-0.2925176990990578,4.782166400156206,0.3286573146292585,0.0869739478957916,0.3247291008167386,4.746721209509701,0.9375000000000014,train,1
glucose,0.2,7.0,DVP,7,0.0150561501949411,0.0289983315380926,0.1179652269928877,-0.0086483362844315,0.1,1.4,-7.969617732468557e-06,0.0084158151353862,-0.0072952513695021,0.1179652269928877,0.4829659318637275,0.1430861723446892,0.0129012684717908,0.1145131944149857,0.7586206896551723,train,3
copper,0.1,6.0,DVP,0,0.0063915227456627,0.0180276025090659,0.1120887056886981,-0.0066792801222422,0.1,1.4,7.973252156239173e-06,0.0090025317981462,-0.0087403437687831,0.1120887056886981,-0.0613226452905811,0.0533066132264529,0.0046676179539895,0.1102194432938841,0.8999999999999985,train,4
ascorbic_acid,2.0,7.0,DVP,2,0.1517682725213806,0.3886851630022664,1.7973107727447826,-0.111734848020136,0.1,1.4,-8.577348161817123e-05,0.1213537477997576,-0.1026894402452367,1.7973107727447826,0.0480961923847695,0.1066132264529058,0.145818665939296,1.7794383762688382,0.6521739130434792,train,2
aluminum,1.0,6.5,DVP,3,0.0574767050387661,0.1494160367971402,0.6978663737744928,-0.0534637515918926,0.1,1.4,-8.270495427686346e-05,0.0494010065929677,-0.081777442285127,0.6978663737744928,-0.3278557114228457,0.0981963927855711,0.0533875833073028,0.6874489961171322,0.8421052631578941,train,5
dopamine,10.0,7.0,DVP,1,0.2872056215486059,0.982029079342444,5.61377734911273,-0.2816520349509963,0.1,1.4,-3.3877508306189296e-05,0.4805298978908678,-0.4042746180576502,5.61377734911273,0.1995991983967936,0.0617234468937876,0.2762009058534153,5.589815513535713,0.8333333333333339,train,0
glucose,0.2,6.0,DVP,7,0.0148863056679696,0.0286764129621431,0.1159454894839616,-0.0085225667537263,0.1,1.4,-6.767557498828533e-06,0.0085298530913094,-0.0072370415796464,0.1159454894839616,0.5138276553106212,0.1430861723446894,0.0127877258199796,0.1123351549005563,0.8888888888888886,train,3
aluminum,0.1,7.0,DVP,0,0.0073636799105942,0.0162120774072473,0.0764293568108892,-0.0062938045563936,0.1,1.4,7.777779666724064e-06,0.0049963512749009,-0.0049839906098052,0.0764293568108892,-0.3166332665330661,0.1038076152304609,0.0060432432740584,0.0744567567945084,0.8500000000000004,train,5
aluminum,5.0,6.5,DVP,4,0.2138887340285762,0.5782425491878173,2.6811645977930607,-0.2148511628713712,0.1,1.4,-2.049688293339502e-05,0.197783270585929,-0.1719058980395207,2.6811645977930607,-0.3278557114228457,0.101002004008016,0.2111995452209445,2.656113051468031,0.7999999999999996,train,5
ascorbic_acid,0.2,6.0,DVP,7,0.0183828814779288,0.0433879704057013,0.1943776323459396,-0.0110794762053613,0.1,1.4,-1.573803030198656e-05,0.0117023327976589,-0.0125347801681249,0.1943776323459396,0.087374749498998,0.1094188376753507,0.0166263348614342,0.1914089798022935,0.6956521739130451,train,2
aluminum,0.1,7.5,DVP,1,0.007369746537438,0.0162399049466324,0.0768994515998437,-0.0044344990338729,0.1,1.4,3.3195320279465783e-06,0.0052834940407406,-0.0063980800662804,0.0768994515998437,-0.3082164328657314,0.0981963927855711,0.0058433645551901,0.0748584405488614,0.9444444444444456,train,5
copper,0.5,8.0,DVP,1,0.025598674386891,0.0888727171966489,0.5542768962204148,-0.0263485145749846,0.1,1.4,3.844050627293261e-07,0.0478894846791146,-0.0483712548050717,0.5542768962204148,-0.038877755511022,0.0561122244488978,0.0238366499811617,0.5505031170735094,1.0,train,4
dopamine,2.0,8.0,DVP,4,0.0940344682061684,0.3153866612855633,1.8643684602724813,-0.1031591525285637,0.1,1.4,-7.85994513817978e-06,0.1398524478812913,-0.1302712228472748,1.8643684602724813,0.1462925851703407,0.0617234468937876,0.0885328135851842,1.8556801111154213,0.9999999999999964,train,0
uric_acid,0.1,7.0,DVP,0,0.0078054270224246,0.0168419248700057,0.0857247424982821,-0.0046852752102194,0.1,1.4,7.633797793277351e-06,0.0057501823922387,-0.0061494568644202,0.0857247424982821,0.3482965931863727,0.0869739478957914,0.0056675731996627,0.0829323023553502,0.7222222222222218,train,1
ascorbic_acid,0.1,8.0,DVP,9,0.0109416557175165,0.0229138921649885,0.1023563251585005,-0.0045727818656634,0.1,1.4,3.122488105761984e-05,0.0069423881211655,-0.0059932710636917,0.1023563251585005,0.0116232464929859,0.1122244488977955,0.0088359419182698,0.0991578656447088,0.818181818181817,train,2
ascorbic_acid,0.5,6.0,DVP,3,0.0442325019201497,0.1066380355844923,0.4870263744761261,-0.0325210451570709,0.1,1.4,-5.474487432846309e-05,0.0290590795638942,-0.0554110987289545,0.4870263744761261,0.0929859719438878,0.1094188376753506,0.0405196469190566,0.4783634461312607,0.772727272727274,train,2
glucose,10.0,7.0,DVP,3,0.3745028305564492,0.8262550154248401,3.29627225875158,-0.2667309019772198,0.1,1.4,-0.0004131265843109,0.2956475031264345,-0.4368827015896291,3.29627225875158,0.4829659318637275,0.1430861723446892,0.3664944952437899,3.238123852315996,0.7000000000000011,train,3
uric_acid,2.0,6.0,DVP,2,0.1002545524591264,0.2913242469605869,1.433665801262435,-0.0831145552507494,0.1,1.4,-6.0445489623950245e-05,0.1050966775328047,-0.1041593690898464,1.433665801262435,0.3987975951903807,0.0841683366733466,0.0961317670022341,1.4225132888862602,0.7647058823529397,train,1
dopamine,10.0,6.5,DVP,3,0.2929955230907584,0.9674875223384892,5.656195814162485,-0.2900432823188357,0.1,1.4,-0.0004985927267505,0.4922198554950164,-0.4739594371468062,5.656195814162485,0.2248496993987976,0.0617234468937875,0.2709045241729061,5.617758255343665,0.6923076923076927,train,0
glucose,2.0,7.0,DVP,5,0.1163655163933093,0.2560162269325526,1.0338942672626463,-0.0735523680696835,0.1,1.4,-6.317654023009619e-05,0.0758473874760097,-0.0658979171526837,1.0338942672626463,0.4829659318637275,0.1515030060120241,0.1176483709355875,1.0160957410673703,0.7419354838709685,train,3
copper,0.2,7.5,DVP,3,0.011691123360465,0.0363005589183935,0.2227310091112731,-0.011637072945028,0.1,1.4,-1.6041859198829103e-05,0.018349676043502,-0.0189141717169785,0.2227310091112731,-0.0472945891783567,0.0561122244488977,0.0096884702365713,0.2197365594145993,0.8181818181818185,train,4
dopamine,0.2,7.5,DVP,0,0.0122643731246745,0.0349872212843401,0.2012620282370898,-0.0120666110837197,0.1,1.4,1.125476887584061e-05,0.02036894811898,-0.0166830875014758,0.2012620282370898,0.1715430861723447,0.0645290581162324,0.0100777691652583,0.1981472263301237,0.9166666666666652,train,0
dopamine,10.0,6.0,DVP,2,0.2782757708043972,0.9637921563614262,5.565299827975863,-0.2607632003255703,0.1,1.4,-0.0002037183674502,0.4853659026584915,-0.4132462883164838,5.565299827975863,0.2557114228456913,0.0617234468937875,0.2698168062976085,5.541158534613008,1.0,train,0
dopamine,0.2,6.5,DVP,6,0.0121189909375981,0.034231664264054,0.1974937789355652,-0.0083714478085902,0.1,1.4,-1.7170247295818646e-05,0.01546629143975,-0.0153454407580689,0.1974937789355652,0.2276553106212424,0.0645290581162324,0.0098862095692304,0.1942631524716435,0.9166666666666652,train,0
glucose,0.2,8.0,DVP,9,0.0156813205699767,0.0293672318113253,0.1180955180764048,-0.0077263340753143,0.1,1.4,4.06973105833995e-05,0.0084490087545601,-0.0081264889857809,0.1180955180764048,0.4605210420841684,0.1374749498997995,0.0126657043641802,0.1135382692319569,0.8148148148148187,train,3
ascorbic_acid,1.0,6.0,DVP,9,0.0821801357382515,0.204391063633117,0.9004340310196398,-0.0634504832817191,0.1,1.4,0.0002428572029154,0.0578512818970832,-0.0527513057466068,0.9004340310196398,0.0957915831663326,0.1150300601202405,0.0804954304168854,0.8881551339955757,0.8636363636363632,train,2
ascorbic_acid,2.0,7.5,DVP,6,0.1557491697133153,0.392150146829652,1.6974758462004782,-0.1193830528688527,0.1,1.4,-0.0002518065343047,0.1272732457879657,-0.1154217106801158,1.6974758462004782,0.0396793587174348,0.1206412825651302,0.1594724419632709,1.6772123560747014,0.9545454545454538,train,2
ascorbic_acid,0.2,6.5,DVP,5,0.0192007575748391,0.0439950975272426,0.197239942128801,-0.0120331493693616,0.1,1.4,-9.825516871180218e-06,0.0151322543348574,-0.0118983347119498,0.197239942128801,0.0761523046092184,0.1150300601202404,0.0172937899364982,0.1931518266558419,0.9523809523809516,train,2
dopamine,0.2,8.0,DVP,6,0.0125032574390698,0.0356830677300483,0.2048036840629414,-0.0087271657039063,0.1,1.4,-1.7972238830324434e-05,0.0157954220614343,-0.0157899973367338,0.2048036840629414,0.1490981963927855,0.0617234468937876,0.0100130284005334,0.201548640566243,0.8333333333333339,train,0
glucose,1.0,7.0,DVP,9,0.063712014187351,0.1372200803362936,0.5585343533620021,-0.0442779590070053,0.1,1.4,0.0001755093674071,0.0385869408617437,-0.0383834716902077,0.5585343533620021,0.4857715430861723,0.1430861723446892,0.0608525069823975,0.5470346509770396,0.8214285714285698,train,3
copper,10.0,7.0,DVP,2,0.2751975543344312,1.0199607043561587,6.288405702137478,-0.3067002753107036,0.1,1.4,-0.0002300999686042,0.6096990542251679,-0.602068991782891,6.288405702137478,-0.0529058116232464,0.0533066132264529,0.2644203217216639,6.265960265810456,0.7272727272727295,train,4
glucose,2.0,7.5,DVP,5,0.1171049588578558,0.2570619097967505,1.023769486557014,-0.0719863997061841,0.1,1.4,-6.702872328102822e-05,0.0722119707174244,-0.0688472275476155,1.023769486557014,0.4829659318637275,0.1486973947895791,0.1168545624279421,1.0056398025498567,0.9629629629629608,train,3
uric_acid,0.1,6.5,DVP,1,0.0077366749031827,0.0166813319025097,0.0842471047224982,-0.0036633486568789,0.1,1.4,3.3558526845651635e-06,0.0056918980550486,-0.0052063690183506,0.0842471047224982,0.3791583166332665,0.0925851703406813,0.0058557797422163,0.08170112305022,0.9411764705882344,train,1
uric_acid,0.1,7.0,DVP,4,0.007862999448919,0.0168751498401954,0.085582122738993,-0.0030651869797613,0.1,1.4,3.359133039312375e-06,0.005774672941543,-0.0054623193391813,0.085582122738993,0.3482965931863727,0.0869739478957914,0.0057025838362729,0.0828014698581905,0.7222222222222218,train,1
copper,0.2,8.0,DVP,9,0.0115357375307613,0.0365986765950976,0.224477625056633,-0.0093084155198316,0.1,1.4,4.664763569741037e-05,0.0224185721534912,-0.0172429144169478,0.224477625056633,-0.0416833667334669,0.0561122244488978,0.0097940321789873,0.2218629182678651,0.8181818181818156,train,4
dopamine,0.2,7.0,DVP,9,0.012257334781592,0.034649683749464,0.2016086306658235,-0.0087441993398085,0.1,1.4,4.247433796860604e-05,0.0159070528260965,-0.0146166106247496,0.2016086306658235,0.1995991983967936,0.0617234468937876,0.0096867032437827,0.1982592421288271,0.8333333333333339,train,0
aluminum,0.1,8.0,DVP,3,0.0075721527115928,0.0163703801676119,0.077420197132893,-0.0050753091732573,0.1,1.4,-5.583761740301028e-06,0.0055655713591912,-0.0090521902048575,0.077420197132893,-0.294188376753507,0.101002004008016,0.005943148144153,0.0751068591325301,0.8000000000000006,train,5
ascorbic_acid,5.0,6.5,DVP,5,0.3140696587953386,0.7977521311288964,3.54171697996094,-0.2411144883407295,0.1,1.4,-0.0002448080349971,0.2730589809007919,-0.2143530269639073,3.54171697996094,0.0761523046092184,0.1150300601202404,0.3137804553836559,3.5031623159769865,0.9523809523809516,train,2
uric_acid,0.1,6.0,DVP,0,0.0077009273458256,0.0165901244334453,0.083382351773164,-0.0053799906977974,0.1,1.4,7.569306943037774e-06,0.0060903583632551,-0.0048637676023604,0.083382351773164,0.4044088176352706,0.0897795591182364,0.0057057538313325,0.080708751003837,0.999999999999995,train,1
dopamine,0.2,8.0,DVP,2,0.0122896554188794,0.0354116370521699,0.2020408121078064,-0.0082831057737096,0.1,1.4,-3.769179816031532e-06,0.0183596237827165,-0.0158657698255336,0.2020408121078064,0.1462925851703407,0.0645290581162325,0.0102478972194048,0.1991715922161766,0.9166666666666686,train,0
glucose,2.0,7.0,DVP,1,0.1152711951149317,0.2557969045305058,1.017397758858174,-0.0781951456989337,0.1,1.4,7.628089459441559e-06,0.0740640673986569,-0.0738354237843437,1.017397758858174,0.4857715430861723,0.1430861723446894,0.1135714071308079,1.003819487299516,0.8888888888888886,train,3
ascorbic_acid,1.0,7.0,DVP,0,0.0830572547930834,0.208380438762129,0.9380920482562836,-0.0895880434740726,0.1,1.4,4.92836412977713e-05,0.0795281606476543,-0.0713618554505188,0.9380920482562836,0.0537074148296593,0.1178356713426853,0.0832420704435024,0.9264901005333298,0.8260869565217396,train,2
dopamine,0.1,7.0,DVP,8,0.0071857452119456,0.0175101773652567,0.1036693134856829,-0.0034606577049538,0.1,1.4,1.6406081385060798e-06,0.0079900952176839,-0.0088031583771314,0.1036693134856829,0.1967935871743487,0.0645290581162325,0.0050569368581767,0.1009216400760586,0.7692307692307687,train,0
glucose,1.0,8.0,DVP,0,0.063983706279688,0.1385143968423896,0.5530297441908152,-0.0583163622523003,0.1,1.4,3.921998009488004e-05,0.0353971759742435,-0.0431945061944128,0.5530297441908152,0.4633266533066132,0.1430861723446894,0.0613315299522234,0.5422770590967987,0.8888888888888886,train,3
aluminum,0.1,8.0,DVP,0,0.0074105987771314,0.0163450247843064,0.0768821187102789,-0.0063518888760115,0.1,1.4,7.807233882001058e-06,0.0047405754329817,-0.0050242863547863,0.0768821187102789,-0.3082164328657314,0.0981963927855711,0.0058804874615468,0.0749044845846341,0.8421052631578941,train,5
dopamine,5.0,6.0,DVP,7,0.1747028667029579,0.6202602873657065,3.5952142007601187,-0.2107902349159238,0.1,1.4,-0.0002563725268873,0.2735144721730422,-0.2547264764969763,3.5952142007601187,0.2557114228456913,0.0617234468937875,0.1741958762808959,3.5901516710842087,1.0,train,0
dopamine,1.0,6.0,DVP,0,0.0484953289954934,0.159388857556217,0.9072106327302216,-0.0635920214085868,0.1,1.4,3.653104661365327e-05,0.0746772560394261,-0.0699871315710577,0.9072106327302216,0.2529058116232465,0.0645290581162324,0.0460010914371559,0.9006473953215566,0.769230769230771,train,0
glucose,0.1,8.0,DVP,7,0.0089058431384582,0.0147020897599548,0.0630142770816149,-0.0032818057835349,0.1,1.4,-2.5632405836309047e-06,0.0040649843466407,-0.0037641347959484,0.0630142770816149,0.4521042084168337,0.1374749498997995,0.0063659373509596,0.0598688192914078,0.6333333333333357,train,3
copper,1.0,7.0,DVP,3,0.0491905801025396,0.1695828390740473,1.034643168637582,-0.0576037190700573,0.1,1.4,-8.93032080954246e-05,0.0901735855079135,-0.0879995929566938,1.034643168637582,-0.0472945891783567,0.0561122244488977,0.0452541814393585,1.0262517381398557,0.8181818181818185,train,4
uric_acid,5.0,7.0,DVP,9,0.2131642973082135,0.6119598457773388,2.9344954871407336,-0.1939754340010021,0.1,1.4,0.0006905422367766,0.2510094245695724,-0.1927926397217372,2.9344954871407336,0.3567134268537074,0.0869739478957914,0.205441997011945,2.908231078328078,0.9374999999999988,train,1
uric_acid,10.0,8.0,DVP,3,0.3416418775281358,0.9636537407355572,4.656711664513714,-0.2967267256787296,0.1,1.4,-0.0005101118561456,0.3603720159806789,-0.4848219713653027,4.656711664513714,0.2949899799599198,0.0869739478957916,0.3242262400718695,4.603227235480651,0.7222222222222201,train,1
glucose,1.0,6.0,DVP,1,0.0622457768703632,0.1356602475259336,0.5278965227482517,-0.0406833383165839,0.1,1.4,1.095202282286685e-05,0.0399283858255416,-0.0370510726024508,0.5278965227482517,0.5194388777555111,0.1486973947895791,0.0617659495826573,0.5197075425602,0.9629629629629608,train,3
dopamine,2.0,7.5,DVP,1,0.0916184616748434,0.3078835025954414,1.791058420903899,-0.0875475702771801,0.1,1.4,-7.879467530991495e-06,0.1406658430634131,-0.127141133401494,1.791058420903899,0.1659318637274549,0.0617234468937876,0.0866881644011213,1.7811476654390197,0.5714285714285726,train,0
dopamine,1.0,6.5,DVP,6,0.049596454981361,0.1614037402196383,0.9228446689277298,-0.0439460137135986,0.1,1.4,-9.504580541707332e-05,0.0727032991377526,-0.0720477080362997,0.9228446689277298,0.2276553106212424,0.0645290581162324,0.0466067395935351,0.9153417160736312,0.9166666666666652,train,0
dopamine,1.0,7.0,DVP,9,0.0502468453570262,0.1633008555636693,0.941888924928495,-0.048077015017464,0.1,1.4,0.0001836251307835,0.0747236409294631,-0.0686359925315631,0.941888924928495,0.1995991983967936,0.0617234468937876,0.0457189983946061,0.9349340796682348,0.8333333333333339,train,0
aluminum,2.0,6.5,DVP,6,0.1039916441624487,0.2755482587749594,1.2730627304648583,-0.0917568548366673,0.1,1.4,-0.0001864697329298,0.0970853289551242,-0.0852004124790329,1.2730627304648583,-0.3222444889779559,0.101002004008016,0.1003219266617563,1.2561701223522763,0.9999999999999988,train,5
uric_acid,0.1,7.0,DVP,9,0.0078658406989297,0.0168320051722284,0.0829303248777552,-0.003566615888485,0.1,1.4,2.3431038031929805e-05,0.0070197104230689,-0.0053895539310731,0.0829303248777552,0.3567134268537074,0.0869739478957914,0.0056378232364407,0.0799934722971731,0.9374999999999988,train,1
copper,0.5,6.5,DVP,3,0.0261392786781634,0.0877221757625099,0.5212122139956038,-0.0293334690557725,0.1,1.4,-4.424626302144494e-05,0.0448286360546726,-0.0458144727253631,0.5212122139956038,-0.0557114228456914,0.0561122244488977,0.0234184753852683,0.5163840703166673,0.999999999999996,train,4
glucose,10.0,6.5,DVP,7,0.3547178265385124,0.817458004479558,3.1910519145699454,-0.3046679152444304,0.1,1.4,-0.0003123385607395,0.2373991281124317,-0.2018701565902315,3.1910519145699454,0.5054108216432865,0.1515030060120241,0.3778308520938835,3.160906357433421,1.0,train,3
ascorbic_acid,1.0,7.0,DVP,6,0.0837515301128995,0.2084310651651542,0.9135828908436128,-0.0614730519161958,0.1,1.4,-0.0001321412087151,0.0570534434011121,-0.0635971957471793,0.9135828908436128,0.0565130260521041,0.1122244488977955,0.0806027668098509,0.9014538341197168,0.904761904761905,train,2
copper,0.1,7.0,DVP,0,0.0064408513626496,0.018207832296057,0.1135857472728601,-0.0067691564723688,0.1,1.4,8.018828425456096e-06,0.0103800535078561,-0.0089019656959017,0.1135857472728601,-0.0529058116232464,0.0561122244488977,0.0048644702451609,0.1116754187106097,0.8181818181818185,train,4
aluminum,0.5,7.0,DVP,8,0.0302997176966246,0.0776346258849779,0.3630192665089912,-0.0231467587484432,0.1,1.4,-7.703358475830673e-06,0.0262890649909084,-0.024922533595249,0.3630192665089912,-0.319438877755511,0.1038076152304608,0.0287487215362178,0.3576468792832276,0.8499999999999994,train,5
glucose,0.2,7.5,DVP,3,0.0157699125926647,0.0292751505305622,0.1182922075653961,-0.0076643497424014,0.1,1.4,-1.1515976020143704e-05,0.0105923866120566,-0.0158244031972755,0.1182922075653961,0.4577154308617234,0.1486973947895791,0.0132460726010966,0.1135860252371181,0.514285714285714,train,3
aluminum,0.1,6.0,DVP,8,0.0073957809437668,0.0160149495359225,0.0752498084157409,-0.0039235071806983,0.1,1.4,1.5829018675013777e-06,0.005985532954855,-0.0057051453737813,0.0752498084157409,-0.3306613226452906,0.101002004008016,0.0058246988704368,0.0729863697706093,0.8947368421052635,train,5
dopamine,0.1,8.0,DVP,5,0.0072911095027277,0.0180305159130996,0.1059115151731814,-0.0037701910643952,0.1,1.4,-1.3316776736035132e-06,0.0075761769115247,-0.0078843739147701,0.1059115151731814,0.1462925851703407,0.0617234468937876,0.005080320943997,0.1033670371452244,0.9999999999999964,train,0
copper,0.5,7.0,DVP,4,0.0257524570770702,0.0881115869495425,0.542193303224451,-0.0303977214314405,0.1,1.4,4.665669101676373e-07,0.0549362867909935,-0.0453635303262024,0.542193303224451,-0.0501002004008015,0.0561122244488977,0.0235626633006265,0.539060269826732,0.999999999999996,train,4
copper,10.0,6.0,DVP,4,0.2789459405669164,1.0069713745226048,6.019255927523858,-0.3562031155637576,0.1,1.4,-3.656177416697876e-05,0.6895343101477855,-0.5495145110076056,6.019255927523858,-0.0613226452905811,0.0561122244488978,0.2698059251693993,5.996680586513473,0.8181818181818156,train,4
ascorbic_acid,1.0,7.5,DVP,2,0.0832338992835341,0.2113993629209667,0.9351101262070858,-0.0598824321043399,0.1,1.4,-4.4737238587808095e-05,0.0755506442186892,-0.0520223063501658,0.9351101262070858,0.0480961923847695,0.1094188376753507,0.080780038303038,0.924989260806312,0.6956521739130422,train,2
ascorbic_acid,0.5,6.0,DVP,1,0.043138399240597,0.1053022030256815,0.4760187332614549,-0.0312986166603149,0.1,1.4,-3.455728719934381e-07,0.0318172313607048,-0.0341598160235983,0.4760187332614549,0.0845691382765531,0.1122244488977955,0.0408950012316996,0.4694048574292135,0.600000000000001,train,2
copper,10.0,7.5,DVP,8,0.2843145912586461,1.0275609925880145,6.204970924936484,-0.3001384727526268,0.1,1.4,-0.0001414359150835,0.5751935957437333,-0.4914218799107441,6.204970924936484,-0.0416833667334669,0.0561122244488977,0.2747962850716814,6.174330611532913,0.8181818181818185,train,4
copper,10.0,8.0,DVP,4,0.2845510987394755,1.0272292624917745,6.180538120805589,-0.3637064528867482,0.1,1.4,-3.741454130532729e-05,0.5319406896703371,-0.543340735663213,6.180538120805589,-0.0360721442885771,0.0561122244488978,0.2742062429161786,6.157888728543221,0.8181818181818221,train,4
aluminum,0.1,7.5,DVP,9,0.0074502158885315,0.0164408091851013,0.0775292327388705,-0.0043108681764897,0.1,1.4,2.428693183365494e-05,0.004816233500758,-0.0055943991162078,0.0775292327388705,-0.3054108216432865,0.0981963927855711,0.0058724396742634,0.0752926774992727,0.8421052631578941,train,5
aluminum,0.5,7.0,DVP,0,0.0299213245645726,0.0780045299492841,0.3630478139671911,-0.0341082373711129,0.1,1.4,2.182221752954829e-05,0.024000588485285,-0.0236481297972632,0.3630478139671911,-0.3166332665330661,0.101002004008016,0.0286040411499196,0.3587770557204098,0.8947368421052635,train,5
glucose,1.0,6.5,DVP,8,0.0634415049732759,0.136886839258156,0.5508094393948325,-0.0467508442465733,0.1,1.4,-5.981593358318008e-06,0.0377386901416071,-0.0374700855603027,0.5508094393948325,0.4857715430861723,0.1486973947895791,0.0620896466697399,0.5403247401649061,0.5588235294117634,train,3
copper,1.0,6.0,DVP,9,0.0477696654115531,0.1680266117623456,1.0221819239785188,-0.0472942909101995,0.1,1.4,0.000199046202433,0.1087408869906038,-0.0784406920535695,1.0221819239785188,-0.0613226452905811,0.0561122244488978,0.0450031883979271,1.015773270569797,0.8181818181818156,train,4
aluminum,5.0,6.5,DVP,8,0.2145807682144848,0.5737341506479219,2.6548363635474064,-0.1816961281499179,0.1,1.4,-8.241586633862435e-05,0.2050898914740369,-0.1957256399114267,2.6548363635474064,-0.319438877755511,0.1066132264529058,0.2163803570237566,2.626932277509529,1.0,train,5
aluminum,5.0,7.0,DVP,2,0.2108139046916234,0.5791796873956618,2.6753391695053725,-0.1834620691712355,0.1,1.4,-0.0001363312416977,0.1843719997586115,-0.1566919814956092,2.6753391695053725,-0.3054108216432865,0.101002004008016,0.2114574316556828,2.651470254563562,0.7142857142857135,train,5
glucose,0.5,8.0,DVP,4,0.0346797394523649,0.0706490657012562,0.2865164631826948,-0.0218892482325083,0.1,1.4,3.329801325000104e-06,0.0204493723971986,-0.0204425103848744,0.2865164631826948,0.4577154308617234,0.1430861723446894,0.0312736902893856,0.2790634338029961,0.7586206896551702,train,3
aluminum,0.1,7.0,DVP,6,0.0074211328358177,0.0160542429930336,0.0770518817429178,-0.0045203272840991,0.1,1.4,-7.235555884705762e-06,0.0054413045722001,-0.0048850436767356,0.0770518817429178,-0.3110220440881763,0.0981963927855711,0.0057336735520053,0.0747334602588341,0.8421052631578952,train,5
aluminum,1.0,6.0,DVP,8,0.0565217949424404,0.1483372141772372,0.6869011658193876,-0.0457355063963268,0.1,1.4,-1.8333789978754845e-05,0.0551717364072801,-0.0526301508256048,0.6869011658193876,-0.3306613226452906,0.101002004008016,0.0541035822872309,0.6783320352237309,0.8947368421052635,train,5
copper,1.0,6.5,DVP,0,0.0473923198707523,0.1681336822972716,1.043697861176836,-0.0720993019219085,0.1,1.4,4.045909386069489e-05,0.0860703855798699,-0.0808839434948491,1.043697861176836,-0.0529058116232464,0.0561122244488978,0.0449722075731018,1.0374550488279235,1.0,train,4
aluminum,0.2,6.0,DVP,9,0.0131653644098658,0.0320765233168164,0.1529743071724817,-0.0097233742823994,0.1,1.4,4.324997344727728e-05,0.0100136678384282,-0.011634309726976,0.1529743071724817,-0.3278557114228457,0.101002004008016,0.0116912110722879,0.1498776405564018,1.0,train,5
uric_acid,0.1,7.0,DVP,5,0.0078585004223197,0.0167525372129141,0.0862527829216257,-0.0027262606631847,0.1,1.4,-1.1618768940174564e-06,0.0072313754457063,-0.0041874317423318,0.0862527829216257,0.3454909819639279,0.0869739478957914,0.0056265432144828,0.0834095231324918,0.6315789473684225,train,1
aluminum,1.0,6.5,DVP,1,0.0558621498018269,0.1491242337980115,0.6826302517187735,-0.0473496359374602,0.1,1.4,-2.428506102650132e-06,0.0518689172318384,-0.0550434451301081,0.6826302517187735,-0.3222444889779559,0.101002004008016,0.0545997056787825,0.6754577612362223,0.8947368421052635,train,5
glucose,1.0,6.0,DVP,4,0.0628650802278081,0.1331709480415055,0.5472707518737294,-0.0436776649646096,0.1,1.4,1.1030802869911753e-05,0.0407582913211803,-0.0383123312701938,0.5472707518737294,0.4997995991983969,0.1318637274549097,0.0559439679515059,0.5348536955879268,0.5666666666666679,train,3
dopamine,10.0,6.5,DVP,7,0.2740921208296696,0.9801038290874848,5.534966452224348,-0.3332631700013301,0.1,1.4,-0.0004062693977127,0.4375014957142371,-0.403763923752199,5.534966452224348,0.2248496993987976,0.0645290581162324,0.2836401228186849,5.527172207699949,0.769230769230771,train,0
glucose,2.0,7.0,DVP,0,0.1155325814276818,0.2550001250179075,0.9950359490634408,-0.1092740443676634,0.1,1.4,7.486294862533577e-05,0.0650285500587571,-0.0827091119883209,0.9950359490634408,0.494188376753507,0.1374749498997995,0.1098744376812227,0.978124800310076,0.884615384615387,train,3
copper,10.0,6.5,DVP,4,0.2803478838735495,1.0119511494740083,6.088385042526777,-0.3584567870960729,0.1,1.4,-3.681790779667648e-05,0.680731090489884,-0.5571906033034772,6.088385042526777,-0.0501002004008015,0.0589178356713426,0.2791436464151117,6.066048253109549,0.7499999999999992,train,4
dopamine,10.0,6.0,DVP,6,0.2839632871653373,0.957328962331894,5.576964138355437,-0.2739770261985935,0.1,1.4,-0.0005818989223307,0.45323843907041,-0.4231253229139405,5.576964138355437,0.2529058116232465,0.0617234468937875,0.2685625731912766,5.543180542444359,0.8333333333333366,train,0
ascorbic_acid,1.0,6.5,DVP,2,0.0816255976058406,0.2060130925707207,0.9010794694712372,-0.0586468865457355,0.1,1.4,-4.375971363377662e-05,0.0706233044903407,-0.0575795316043484,0.9010794694712372,0.0761523046092184,0.1066132264529058,0.0772935893395843,0.8905877527552865,0.8999999999999985,train,2
aluminum,10.0,7.0,DVP,3,0.3386953913469175,0.8998883891839634,4.10971977062424,-0.3261281054298059,0.1,1.4,-0.000517275671283,0.294012604660077,-0.4915774457270751,4.10971977062424,-0.3250501002004007,0.101002004008016,0.327029007947503,4.05490735623143,0.7142857142857142,train,5
uric_acid,0.2,8.0,DVP,0,0.0137276403823327,0.0341269186152427,0.1683349262680105,-0.0120464589161262,0.1,1.4,1.1244883294733704e-05,0.0142770733490499,-0.0103108121851206,0.1683349262680105,0.2977955911823647,0.0897795591182365,0.011736041671795,0.1651036311337132,0.6842105263157905,train,1
copper,2.0,7.0,DVP,5,0.0883888369331145,0.3163820239279086,1.950033009537056,-0.0952114226803494,0.1,1.4,-9.428999873235958e-05,0.1714251177601821,-0.1557403781238748,1.950033009537056,-0.0529058116232464,0.0561122244488978,0.0844547378241644,1.939984380648744,0.6666666666666677,train,4
copper,0.5,6.0,DVP,3,0.0260147868090511,0.087352361251125,0.5269435871089119,-0.0291444624684688,0.1,1.4,-4.394502552200787e-05,0.0455513160806186,-0.0452268458404033,0.5269435871089119,-0.064128256513026,0.0561122244488978,0.0233733531226055,0.5221384096922087,0.6666666666666677,train,4
copper,1.0,8.0,DVP,4,0.0486752920212281,0.171292322086927,1.031676700653739,-0.0598902317051813,0.1,1.4,-2.885307396719605e-06,0.0886678763560819,-0.0905905505026056,1.031676700653739,-0.0360721442885771,0.0561122244488978,0.0457271811990126,1.0268030560717685,0.8181818181818221,train,4
glucose,0.5,6.0,DVP,0,0.0335931764013743,0.0702473933032583,0.2855818306983265,-0.0287819807487829,0.1,1.4,2.624325907461099e-05,0.0180112572439867,-0.0223558183775719,0.2855818306983265,0.5110220440881764,0.1430861723446894,0.0310636649379652,0.2790941620212722,0.7586206896551749,train,3
glucose,2.0,8.0,DVP,9,0.1179477493985678,0.2585098458888224,1.018355399358984,-0.0854583590569965,0.1,1.4,0.0003203349696481,0.0727294036586631,-0.070222911070876,1.018355399358984,0.4605210420841684,0.1402805611222444,0.1129899406151037,0.9994196150680128,0.8518518518518549,train,3
aluminum,10.0,6.0,DVP,0,0.3273104478701828,0.8933316886300168,4.144179137450439,-0.411560938436233,0.1,1.4,0.0002069852118034,0.2702039863527113,-0.2696803587715922,4.144179137450439,-0.3334669338677354,0.1038076152304608,0.3306310838231082,4.106132308615281,0.8499999999999994,train,5
aluminum,1.0,7.5,DVP,7,0.0546383490578207,0.150417786216666,0.7230115587350344,-0.0568162248441445,0.1,1.4,-6.73293005841094e-05,0.0411059123969585,-0.0379736894337752,0.7230115587350344,-0.3110220440881763,0.0981963927855711,0.0542467681919026,0.7180094042475124,0.9444444444444436,train,5
ascorbic_acid,1.0,6.0,DVP,2,0.0808215516848241,0.2033405137352056,0.8929193492784376,-0.0580241952553781,0.1,1.4,-4.326766296423279e-05,0.0755260906300503,-0.0533403635614558,0.8929193492784376,0.0985971943887775,0.1094188376753507,0.077554283344722,0.8828601655370951,0.9499999999999992,train,2
uric_acid,0.2,8.0,DVP,8,0.0138810413087507,0.0338354282270739,0.1793448440075997,-0.0093646960157333,0.1,1.4,-7.248125813165904e-07,0.0110714260824198,-0.010727713738798,0.1793448440075997,0.3034068136272545,0.0841683366733466,0.0111736956477372,0.1757029117287353,0.8750000000000003,train,1
ascorbic_acid,10.0,8.0,DVP,5,0.5021522438742203,1.2852354356190543,5.8736060560200505,-0.3886036372161339,0.1,1.4,-0.0003947754733896,0.4054588618392212,-0.3132751371330906,5.8736060560200505,0.0172344689378757,0.1066132264529058,0.4817239583112473,5.815167093962633,1.0,train,2
dopamine,5.0,6.5,DVP,3,0.1890691546237144,0.6219179166605562,3.636734318456989,-0.1859223819530402,0.1,1.4,-0.0003191370085611,0.3164410165324642,-0.3047327702656099,3.636734318456989,0.2248496993987976,0.0617234468937875,0.1741411125463471,3.611251456584724,0.6923076923076927,train,0
ascorbic_acid,0.1,7.5,DVP,8,0.0108764305811782,0.02262670368147,0.1025014345310403,-0.0054544443955652,0.1,1.4,7.369482938224537e-07,0.0083581308726371,-0.0059761325220683,0.1025014345310403,0.0256513026052104,0.1178356713426853,0.0090410633174572,0.0993496807475794,0.6153846153846151,train,2
ascorbic_acid,0.2,8.0,DVP,9,0.0197421939562465,0.0453755775031587,0.200835546444362,-0.0111547021427985,0.1,1.4,5.738658354287954e-05,0.0136426635060158,-0.0117734363020818,0.200835546444362,0.0116232464929859,0.1122244488977955,0.0175076955941837,0.1964670207008507,0.818181818181817,train,2
glucose,1.0,7.5,DVP,0,0.0635964377040769,0.1376807550603087,0.5482280747104195,-0.0581070347989338,0.1,1.4,4.048656291858574e-05,0.035608176230147,-0.0440899683924922,0.5482280747104195,0.4633266533066132,0.1458917835671342,0.0616907772532814,0.5374436342440491,0.5757575757575777,train,3
copper,1.0,6.5,DVP,8,0.0481671410447129,0.1699656748973193,1.0315119694976975,-0.0477342778477204,0.1,1.4,-1.9999301190757437e-05,0.0868050356962193,-0.0924151655636204,1.0315119694976975,-0.0585170340681362,0.0533066132264529,0.0441477486649305,1.0249705376794007,0.7272727272727295,train,4
glucose,0.2,7.0,DVP,1,0.0153734968303272,0.0290787753899821,0.1180501984272414,-0.0073984811204293,0.1,1.4,4.423778745783835e-06,0.008597044775923,-0.0085164249055748,0.1180501984272414,0.4857715430861723,0.1402805611222444,0.0127468158068748,0.1141883793729101,0.8518518518518494,train,3
ascorbic_acid,10.0,7.5,DVP,7,0.4787009063505821,1.2592328351250124,5.508702050639008,-0.400480796441124,0.1,1.4,-0.0005652806151919,0.3593525711098146,-0.4010849463218537,5.508702050639008,0.0312625250501001,0.1122244488977955,0.4891123359322842,5.476905105624426,0.818181818181817,train,2
glucose,0.2,7.0,DVP,4,0.0155086573052295,0.0284847417420166,0.1171375843707738,-0.0071610658978481,0.1,1.4,4.4409721752129634e-06,0.0089097672380275,-0.0083631572348615,0.1171375843707738,0.4997995991983969,0.1374749498997995,0.0123103675950105,0.1124894116834665,0.8148148148148133,train,3
copper,5.0,8.0,DVP,0,0.1811853146856902,0.6587279065838435,4.004537178779269,-0.2880271771795428,0.1,1.4,0.0001463845568882,0.4155236649430301,-0.2980319341902302,4.004537178779269,-0.0416833667334669,0.0561122244488978,0.1759636355143674,3.9841016683895503,0.8181818181818156,train,4
uric_acid,10.0,8.0,DVP,1,0.332071514718336,0.9647088112664742,4.771863662931619,-0.2845742246502216,0.1,1.4,-3.426890166992891e-05,0.2883972976688167,-0.3302427380179478,4.771863662931619,0.2949899799599198,0.0869739478957916,0.3264589792662893,4.742762738088002,0.6315789473684211,train,1
glucose,2.0,6.5,DVP,3,0.1171860917740956,0.2550274345674247,1.0016722253333368,-0.0809565552004916,0.1,1.4,-0.0001206111684465,0.0886931509306996,-0.1349454979483818,1.0016722253333368,0.4969939879759518,0.1458917835671342,0.1145954475755166,0.9822214150447264,0.7333333333333317,train,3
uric_acid,0.5,6.5,DVP,3,0.0306141040614076,0.0815392167457215,0.4052166938187635,-0.0236285684565991,0.1,1.4,-3.941839490252591e-05,0.0303690530786391,-0.040958244527226,0.4052166938187635,0.3707414829659319,0.0841683366733467,0.0268843490091224,0.3994474560419477,0.666666666666666,train,1
glucose,0.2,6.0,DVP,8,0.0153679420956217,0.0288457280233655,0.1161448239018024,-0.0076635966592531,0.1,1.4,2.439720731823625e-06,0.0086585102639819,-0.0077951677102399,0.1161448239018024,0.5110220440881764,0.1430861723446892,0.0127955924680999,0.1119230283607486,0.8888888888888912,train,3
dopamine,10.0,6.0,DVP,8,0.28511753326689,0.9467157658967466,5.506509743205828,-0.318118783117922,0.1,1.4,-0.0001244254522036,0.4391875638933384,-0.3868221225882544,5.506509743205828,0.2557114228456913,0.0617234468937875,0.2657217986444048,5.471272416892523,1.0,train,0
dopamine,5.0,6.0,DVP,5,0.1831866773331403,0.6139790390771583,3.5224977407495244,-0.1547519210430888,0.1,1.4,-0.0001765911914233,0.2887932984439837,-0.2694298283752818,3.5224977407495244,0.2585170340681363,0.0617234468937875,0.1721541583956972,3.497826179998232,0.8333333333333306,train,0
copper,0.2,8.0,DVP,0,0.0114030168305936,0.0364046741774061,0.2225293270865372,-0.0145081462174559,0.1,1.4,1.1943229237148031e-05,0.0229484743342732,-0.016444011252421,0.2225293270865372,-0.0416833667334669,0.0561122244488978,0.0097242963874218,0.2200837555947818,0.8181818181818156,train,4
uric_acid,10.0,7.5,DVP,2,0.3273051421626495,0.9621983871338812,4.705604080968266,-0.2772937246461028,0.1,1.4,-0.0002093501440576,0.4448097993437128,-0.3362731113552464,4.705604080968266,0.3230460921843687,0.0897795591182365,0.3302505383396333,4.674100097468288,0.6842105263157905,train,1
glucose,0.5,6.0,DVP,8,0.0339262098384261,0.070605943644276,0.2805080513141763,-0.0227713668234908,0.1,1.4,2.570473146838864e-07,0.0209892001472404,-0.0189045947440054,0.2805080513141763,0.5110220440881764,0.1430861723446892,0.0313676790345668,0.2741364213495474,0.8888888888888912,train,3
glucose,2.0,8.0,DVP,6,0.1178656451690976,0.2578128072067109,1.0277355515863844,-0.0747923711994565,0.1,1.4,-0.0001598098558058,0.069245205552771,-0.0850516880298232,1.0277355515863844,0.4829659318637275,0.1402805611222446,0.1130819226504499,1.0095810383142263,0.6666666666666666,train,3
aluminum,0.1,7.0,DVP,4,0.0074235545639396,0.0162913088243618,0.076240327963651,-0.0051837487757025,0.1,1.4,3.3321780845762003e-06,0.005394095368327,-0.0049193376652484,0.076240327963651,-0.3138276553106212,0.0981963927855711,0.0058058036649347,0.0740809333100272,0.9444444444444446,train,5
uric_acid,0.1,6.0,DVP,3,0.0078522955368108,0.0165398667819723,0.0845863859482892,-0.0037076751679752,0.1,1.4,-4.977405643050468e-06,0.0064668950358658,-0.0084804160591743,0.0845863859482892,0.3931863727454909,0.0897795591182364,0.005677883083256,0.0817878474785835,0.6000000000000008,train,1
aluminum,2.0,7.0,DVP,3,0.1061486900681456,0.2793738046089416,1.2767222816266073,-0.1006535757425157,0.1,1.4,-0.0001579157965412,0.0912884242808107,-0.1527012349609509,1.2767222816266073,-0.3250501002004007,0.101002004008016,0.1015131550786318,1.2586453547226728,0.7142857142857142,train,5
uric_acid,2.0,7.5,DVP,6,0.1047697642957978,0.2961182427209657,1.4643846896952246,-0.0854411226256838,0.1,1.4,-0.0001828688494749,0.1234408974384216,-0.0873564754682424,1.4643846896952246,0.3314629258517034,0.0869739478957916,0.0998844626558074,1.4500344760718704,0.9374999999999966,train,1
glucose,0.2,6.5,DVP,6,0.0154181041222273,0.0288024907174752,0.1218209925696327,-0.0071674842011703,0.1,1.4,-1.3473688453323112e-05,0.00867182956628,-0.0077647030443956,0.1218209925696327,0.4829659318637275,0.1402805611222446,0.0125632639770199,0.1174003035376893,0.4705882352941183,train,3
ascorbic_acid,0.5,7.0,DVP,4,0.0444632052619794,0.1095414917598156,0.482387736678244,-0.0372676418305988,0.1,1.4,-3.750725582020165e-07,0.0303089812386417,-0.0300261864388463,0.482387736678244,0.0537074148296593,0.1150300601202404,0.0432344187905741,0.4765335278324473,0.8636363636363648,train,2
ascorbic_acid,0.2,6.0,DVP,9,0.0190463890385859,0.0434524944930909,0.193052310163601,-0.0116523067164354,0.1,1.4,5.5239218070588406e-05,0.0123337291669828,-0.0112989974986909,0.193052310163601,0.0957915831663326,0.1150300601202405,0.017111148408049,0.1888488255499485,0.8636363636363632,train,2
glucose,0.2,7.0,DVP,8,0.0155432843267584,0.0291619236503147,0.1213032279945497,-0.0077854455170694,0.1,1.4,1.3427582212233828e-06,0.0087552499189691,-0.0081005260800485,0.1213032279945497,0.4745490981963928,0.1374749498997995,0.0125711596093707,0.1169403432563629,0.6333333333333315,train,3
dopamine,0.2,7.0,DVP,5,0.0122427883884861,0.0346058883008298,0.200250222760973,-0.0085119877678253,0.1,1.4,-6.2620008835917765e-06,0.0157430072850192,-0.0155068139879962,0.200250222760973,0.2024048096192384,0.0645290581162325,0.0099852239523453,0.1971968306062015,0.9166666666666686,train,0
glucose,2.0,6.5,DVP,9,0.1157242257770405,0.2540931919835542,1.0249918902345678,-0.0838946513746451,0.1,1.4,0.0003250935917462,0.071171890092153,-0.0726894185586456,1.0249918902345678,0.4885771543086171,0.1430861723446894,0.1127454604324343,1.006212604351609,0.5937499999999977,train,3
ascorbic_acid,0.1,6.5,DVP,2,0.0105286976912745,0.0220913755107545,0.0984206243011051,-0.0051949306596185,0.1,1.4,-1.1874397262425783e-06,0.0076435511513081,-0.006241041832529,0.0984206243011051,0.0761523046092184,0.1066132264529058,0.0082906255940074,0.095548406164856,0.8999999999999985,train,2
uric_acid,5.0,8.0,DVP,0,0.2147884935672321,0.6219951853885881,3.028041561570664,-0.2618018489561599,0.1,1.4,0.0001337647582652,0.2580390647745855,-0.1863976525497633,3.028041561570664,0.2977955911823647,0.0897795591182365,0.2137047206536315,3.003792137838629,0.6842105263157905,train,1
copper,5.0,8.0,DVP,1,0.1805268454334766,0.6595414089033763,4.104950183697524,-0.2008616477460601,0.1,1.4,-2.2989604183338345e-05,0.3556231664645264,-0.3590391522066254,4.104950183697524,-0.038877755511022,0.0561122244488978,0.1770115196017469,4.087949286220499,1.0,train,4
aluminum,2.0,8.0,DVP,7,0.1008478460502032,0.280966313250948,1.3448779914794482,-0.107356579353912,0.1,1.4,-0.0001291817178609,0.0767411997533478,-0.0709012244697942,1.3448779914794482,-0.3110220440881763,0.0981963927855711,0.1012093480819097,1.336696401553394,0.7499999999999998,train,5
copper,0.5,6.0,DVP,4,0.0255098668313061,0.0872490629575107,0.5226543017913622,-0.0300300271773844,0.1,1.4,5.083559919216371e-07,0.0597325037790442,-0.047598460919326,0.5226543017913622,-0.0613226452905811,0.0561122244488978,0.0233748338283525,0.5194105629211168,0.8181818181818156,train,4
uric_acid,2.0,7.0,DVP,6,0.1038530978849177,0.2939894352044883,1.433779625109,-0.0846486206045514,0.1,1.4,-0.0001811915745911,0.1218563699783417,-0.0952426531777028,1.433779625109,0.3454909819639279,0.0869739478957914,0.0988626960205298,1.4196086876881406,0.6315789473684225,train,1
glucose,10.0,7.0,DVP,8,0.37058727545417,0.8267843228610428,3.363920978722165,-0.296399617627914,0.1,1.4,-6.977583763890382e-05,0.2442359003824913,-0.2261710069958468,3.363920978722165,0.4745490981963928,0.1374749498997995,0.3569018781662484,3.313279421813977,0.6333333333333315,train,3
copper,0.1,6.0,DVP,3,0.0065601833715927,0.0181212673675816,0.110301928433138,-0.0053407426209318,0.1,1.4,-6.006807883857098e-06,0.0094118965440642,-0.0094511225416825,0.110301928433138,-0.064128256513026,0.0561122244488978,0.004839553465996,0.1080723657706619,0.6666666666666677,train,4
glucose,10.0,8.0,DVP,2,0.3688586458909539,0.8320549268036381,3.3244100446969598,-0.2560787515539397,0.1,1.4,-0.0001657484592606,0.2173989217129366,-0.205825811769845,3.3244100446969598,0.4549098196392785,0.1486973947895792,0.3770462772448339,3.2709843823371862,0.7666666666666656,train,3
copper,10.0,6.0,DVP,0,0.2754786948708935,1.0031227312611528,6.168551850421986,-0.4398769989689896,0.1,1.4,0.0002208759242696,0.5036760126902984,-0.487925637349706,6.168551850421986,-0.0613226452905811,0.0533066132264529,0.2597178281520477,6.138178207428292,0.8999999999999985,train,4
copper,5.0,7.5,DVP,4,0.182560822424654,0.6571005523466112,4.030227729612422,-0.2325347179463344,0.1,1.4,-2.250664896060384e-05,0.3633533301637885,-0.335976831201882,4.030227729612422,-0.0472945891783567,0.0561122244488977,0.1756810699616097,4.015350290374396,0.8181818181818185,train,4
uric_acid,0.5,6.0,DVP,9,0.0299144441365394,0.0805875675816325,0.3938231318791721,-0.0240102526753895,0.1,1.4,9.505691125310105e-05,0.0247458190918672,-0.0245803448954642,0.3938231318791721,0.4100200400801602,0.0897795591182364,0.0276663435162917,0.3886022451486517,0.7777777777777782,train,1
copper,1.0,6.0,DVP,3,0.0487118241527526,0.1681262398548731,1.0130255222306477,-0.056915468957262,0.1,1.4,-8.820627943318394e-05,0.0877139722065988,-0.0869651896889109,1.0130255222306477,-0.064128256513026,0.0561122244488978,0.0449724701463365,1.004793997651356,0.6666666666666677,train,4
glucose,1.0,8.0,DVP,4,0.0644755879335133,0.1362300349222258,0.5498987626179592,-0.0447996133530304,0.1,1.4,2.698518402896255e-06,0.0392949468442755,-0.0392324998620729,0.5498987626179592,0.4577154308617234,0.1430861723446894,0.0602790877868453,0.537753582744126,0.7586206896551702,train,3
aluminum,2.0,7.5,DVP,7,0.1004526955177167,0.2799647705533721,1.344585631993179,-0.1069476843248525,0.1,1.4,-0.0001286804881158,0.0764525301090046,-0.0706343915586458,1.344585631993179,-0.3110220440881763,0.0981963927855711,0.1009606295062423,1.3363671273819089,0.9444444444444436,train,5
glucose,10.0,7.5,DVP,2,0.3665506354441729,0.826708615088144,3.305820418130449,-0.2545187374666188,0.1,1.4,-0.0001558405842773,0.2040125656795606,-0.2029381300777082,3.305820418130449,0.4829659318637275,0.1430861723446894,0.3647252592461672,3.252680056050049,0.8888888888888886,train,3
aluminum,10.0,8.0,DVP,4,0.3358628367531007,0.9132268586478164,4.190853835473008,-0.338583103398427,0.1,1.4,-3.4559229658131324e-05,0.2653471034038401,-0.271693729158876,4.190853835473008,-0.3054108216432865,0.101002004008016,0.3335164964582103,4.1525287579051,0.8000000000000006,train,5
dopamine,10.0,6.5,DVP,9,0.2878615672212334,0.9685790878498948,5.649983426716696,-0.3012680127898436,0.1,1.4,0.0010666865630589,0.5433163903162681,-0.4375102639792667,5.649983426716696,0.2276553106212424,0.0645290581162324,0.2794772523668253,5.6162413983279205,0.9166666666666652,train,0
ascorbic_acid,2.0,8.0,DVP,8,0.1577804638617707,0.3961106999445188,1.7434555803566798,-0.1173345530300726,0.1,1.4,-5.2613784894738335e-05,0.1372338346527678,-0.1109344442596248,1.7434555803566798,0.0060120240480961,0.1206412825651302,0.1605033135486927,1.7236331262521445,0.6538461538461542,train,2
copper,1.0,7.5,DVP,4,0.0484417921295741,0.1704394787820662,1.0463190626176015,-0.0596406386421302,0.1,1.4,-2.8569407176048945e-06,0.0942515990907762,-0.087135276061648,1.0463190626176015,-0.0472945891783567,0.0561122244488977,0.0455692303543541,1.0414573738197903,0.8181818181818185,train,4
ascorbic_acid,2.0,8.0,DVP,3,0.1596294915594603,0.3939451864084392,1.7007511676476117,-0.1345181414959194,0.1,1.4,-0.0002147530024604,0.1076410252716135,-0.2062986963539878,1.7007511676476117,0.0256513026052104,0.1178356713426853,0.1564825534810114,1.674279813799068,0.7499999999999992,train,2
ascorbic_acid,0.1,6.0,DVP,8,0.010612722678635,0.0219102126966949,0.100483291414237,-0.0054595828024107,0.1,1.4,8.394950872523121e-07,0.0073836833019161,-0.0050737474419602,0.100483291414237,0.0845691382765531,0.1094188376753507,0.0083487934735888,0.0973858072422219,0.6250000000000004,train,2
aluminum,2.0,6.5,DVP,3,0.1057301996075508,0.2781049191953239,1.2978487156988432,-0.1002525462771032,0.1,1.4,-0.0001572766383974,0.0919274807023163,-0.1520985090114374,1.2978487156988432,-0.3278557114228457,0.0981963927855711,0.0993921183418177,1.2798372714765098,0.8421052631578941,train,5
ascorbic_acid,1.0,7.0,DVP,2,0.0824297145965113,0.2087571544829622,0.9662952198553446,-0.0592661900104549,0.1,1.4,-4.424960652648835e-05,0.0652109244933219,-0.0551862004411917,0.9662952198553446,0.0480961923847695,0.1066132264529058,0.0783247243076727,0.9558545804391884,0.6521739130434792,train,2
copper,0.2,7.0,DVP,8,0.0114716306439806,0.0363782962198311,0.2195532948773052,-0.0093426180802051,0.1,1.4,-1.1400702192089704e-06,0.0203557828813064,-0.0193390226734049,0.2195532948773052,-0.0472945891783567,0.0561122244488977,0.0097231576113119,0.2170655329747732,0.8181818181818185,train,4
uric_acid,1.0,7.0,DVP,1,0.0560382914065476,0.1581942174487316,0.7878808193746557,-0.0454956511571869,0.1,1.4,-2.247099291600357e-06,0.0523340901749954,-0.0523666095760138,0.7878808193746557,0.3454909819639279,0.0897795591182363,0.0545206448792485,0.7816481471505989,0.600000000000002,train,1
ascorbic_acid,5.0,6.0,DVP,4,0.3111307477243222,0.7990739792775954,3.5066763427229737,-0.2781381173842087,0.1,1.4,-2.7922782048191764e-05,0.2490464286588585,-0.2176857510980745,3.5066763427229737,0.0901803607214428,0.1122244488977955,0.3100229057279313,3.47599192687122,0.7391304347826093,train,2
dopamine,1.0,7.0,DVP,1,0.0495333153625006,0.1635974845495456,0.9370662900218376,-0.0458529364483977,0.1,1.4,-2.2949551283058813e-06,0.0801170790515291,-0.0674160446741735,0.9370662900218376,0.1995991983967936,0.0617234468937876,0.0460144220673317,0.9313457098624596,0.8333333333333339,train,0
aluminum,0.5,6.5,DVP,4,0.0300909453495197,0.0779615963289076,0.3625556845503559,-0.0282018499332047,0.1,1.4,7.161314272612802e-07,0.026685965423854,-0.0232447750694002,0.3625556845503559,-0.3278557114228457,0.101002004008016,0.0284600781472131,0.3578800174379261,0.7999999999999996,train,5
aluminum,0.2,7.5,DVP,1,0.0131487810158456,0.0320734049189286,0.1506758180035446,-0.0095480456303274,0.1,1.4,2.6346306738611627e-06,0.010412935619121,-0.0126036409947468,0.1506758180035446,-0.3082164328657314,0.0981963927855711,0.0115457545363004,0.147970632258207,0.9444444444444456,train,5
ascorbic_acid,0.2,7.0,DVP,6,0.0193803557821073,0.0443466539710951,0.1959355407123746,-0.0119479788804985,0.1,1.4,-2.517289611387352e-05,0.0121847473354427,-0.0135960575499745,0.1959355407123746,0.0565130260521041,0.1122244488977955,0.017132148517284,0.1916575530436872,0.904761904761905,train,2
copper,0.1,7.5,DVP,9,0.0065327548195641,0.0184078453981082,0.11306773921076,-0.0041973011291113,0.1,1.4,2.560487386013767e-05,0.0111852469962383,-0.0091275263628562,0.11306773921076,-0.0472945891783567,0.0589178356713426,0.0050497020568605,0.1109390699768182,0.7499999999999992,train,4
glucose,0.5,7.0,DVP,7,0.0331774097496669,0.0710335350508562,0.2850424888410887,-0.0244319404682838,0.1,1.4,-2.492703884509133e-05,0.0204251576659989,-0.0176525582595661,0.2850424888410887,0.4829659318637275,0.1430861723446892,0.0316230775217317,0.2804215332769244,0.7586206896551723,train,3
dopamine,5.0,8.0,DVP,2,0.1887156824565561,0.643274520357957,3.6340010840920094,-0.1755844755598846,0.1,1.4,-0.0001363040475946,0.3324579023946898,-0.2868797424597369,3.6340010840920094,0.1462925851703407,0.0645290581162325,0.1859121773590973,3.613408280934928,0.9166666666666686,train,0
glucose,0.1,6.0,DVP,8,0.0089854690623821,0.014486376536205,0.0596177880192399,-0.0024678026874253,0.1,1.4,3.1903756107340733e-06,0.0044177968120675,-0.00397446529122,0.0596177880192399,0.5110220440881764,0.1430861723446892,0.00640541247556,0.0561147054497992,0.8888888888888912,train,3
glucose,10.0,7.5,DVP,1,0.3682408848114881,0.8296145169965958,3.3319499354811595,-0.2573003901014621,0.1,1.4,4.576602780557659e-06,0.2396860943254842,-0.2380123870343262,3.3319499354811595,0.4689378757515029,0.1402805611222444,0.3652920620677205,3.2959404513560515,0.7857142857142849,train,3
uric_acid,5.0,8.0,DVP,6,0.216778958511358,0.6191922523238744,3.0868247968212392,-0.1815945506957363,0.1,1.4,-0.0003863744338346,0.2149276447390214,-0.2540791379180809,3.0868247968212392,0.292184368737475,0.0869739478957916,0.2085174913804627,3.0590405092905084,0.5500000000000019,train,1
copper,5.0,7.5,DVP,8,0.1833095554447164,0.6606134089581824,3.989598000986152,-0.1922679044540365,0.1,1.4,-8.949869702441638e-05,0.3697775328122006,-0.3159306531089816,3.989598000986152,-0.0416833667334669,0.0561122244488977,0.1766706689634336,3.9695045105819378,0.8181818181818185,train,4
glucose,0.1,6.5,DVP,2,0.0089126975530732,0.0144497781969979,0.061205780918184,-0.0027187049529309,0.1,1.4,1.5277833043607496e-06,0.0037039946234739,-0.0037108202396462,0.061205780918184,0.4997995991983969,0.1402805611222444,0.0063039157205367,0.0577423103600779,0.8518518518518549,train,3
uric_acid,0.5,6.0,DVP,5,0.0298800001716793,0.0800798959385021,0.3920899891625937,-0.0196829435994321,0.1,1.4,-2.0344393428109105e-05,0.0267533943823846,-0.0266851401404814,0.3920899891625937,0.4016032064128255,0.0869739478957914,0.0269055921466136,0.3867307322291345,0.823529411764703,train,1
dopamine,0.5,7.5,DVP,4,0.0273505935548871,0.0866401028655042,0.5029776522227456,-0.0274053678375432,0.1,1.4,7.48635103351103e-07,0.0464450382978312,-0.0356306660993344,0.5029776522227456,0.1743486973947895,0.0617234468937876,0.0243456806463618,0.4989219188514269,0.9999999999999964,train,0
copper,2.0,8.0,DVP,8,0.0897066699623235,0.320125817190464,1.9763093368514069,-0.1019269422835042,0.1,1.4,-4.1329756943609074e-05,0.1660983637680551,-0.1625400719896185,1.9763093368514069,-0.038877755511022,0.0561122244488978,0.0857124169000566,1.965405966300596,1.0,train,4
uric_acid,0.5,6.5,DVP,1,0.0298052902733221,0.0814984527166433,0.4025907746266712,-0.0227740178008159,0.1,1.4,7.962082626901054e-07,0.0274885815368799,-0.0250902337915692,0.4025907746266712,0.3791583166332665,0.0925851703406813,0.0286227081824683,0.398496887040724,0.9411764705882344,train,1
glucose,10.0,7.0,DVP,5,0.3693998180106493,0.8252531015671887,3.326635138783041,-0.2411217155931315,0.1,1.4,-0.0002121528397473,0.2441822422715398,-0.212139634449167,3.326635138783041,0.4829659318637275,0.1515030060120241,0.3792373217930346,3.274950764643513,0.7419354838709685,train,3
ascorbic_acid,2.0,7.5,DVP,9,0.1558712370332245,0.3921623473527664,1.7358674949385473,-0.1129603986615499,0.1,1.4,0.0004620420991908,0.1085533896515325,-0.1011780056878682,1.7358674949385473,0.0284569138276553,0.1178356713426853,0.1565020637504023,1.713043431675956,0.6800000000000007,train,2
uric_acid,0.2,7.5,DVP,0,0.0136239694269781,0.0338441304726403,0.1671564726346862,-0.011914929734196,0.1,1.4,1.1180362975478268e-05,0.010732273053893,-0.011768511516835,0.1671564726346862,0.3258517034068136,0.0869739478957916,0.0113769446708537,0.1638111742052507,0.8235294117647053,train,1
copper,2.0,6.0,DVP,2,0.0855932684382569,0.3136124034333122,1.878292443285673,-0.093308383102822,0.1,1.4,-6.782336514987317e-05,0.1686967990284478,-0.1596595112553379,1.878292443285673,-0.064128256513026,0.0561122244488978,0.0840125726906645,1.8706410108191656,0.6666666666666677,train,4
uric_acid,0.2,7.0,DVP,3,0.01382348937403,0.0335400261904622,0.169525257889473,-0.0088895347295312,0.1,1.4,-1.401520625428802e-05,0.0124310089779072,-0.0170030391657805,0.169525257889473,0.3539078156312625,0.0869739478957914,0.011347744482877,0.1659598960827221,0.9374999999999988,train,1
dopamine,10.0,6.5,DVP,2,0.2818165135892802,0.9742312733408072,5.527394565902073,-0.2641980948919362,0.1,1.4,-0.0002064331642885,0.4705265850552304,-0.4378794123438634,5.527394565902073,0.2276553106212424,0.0645290581162324,0.280945061547973,5.50395632177752,0.9166666666666652,train,0
glucose,5.0,6.0,DVP,0,0.2334888609518786,0.5225938701285802,2.107157009110105,-0.225708275724641,0.1,1.4,0.0001682411860369,0.1329534610129469,-0.1653041389541312,2.107157009110105,0.5110220440881764,0.1430861723446894,0.2310702288405832,2.0750580547178528,0.7586206896551749,train,3
glucose,1.0,6.5,DVP,6,0.0632623650172999,0.135960791172217,0.5646623197550353,-0.0388013597814109,0.1,1.4,-7.698185681038973e-05,0.0402807984337564,-0.0361321742532682,0.5646623197550353,0.4829659318637275,0.1402805611222446,0.0593324429641615,0.5534596212120659,0.4705882352941183,train,3
copper,10.0,6.0,DVP,3,0.2847610125272478,1.0081794755097298,6.068277647496704,-0.3457339364407115,0.1,1.4,-0.0005485233201094,0.5262055959167924,-0.5210439657133902,6.068277647496704,-0.064128256513026,0.0561122244488978,0.269730366938962,6.0266768550395575,0.6666666666666677,train,4
glucose,10.0,8.0,DVP,8,0.3753241918226028,0.8361847907034876,3.4191405925906477,-0.2999879023541058,0.1,1.4,-9.081572250000536e-05,0.2644258664050767,-0.2180430497199699,3.4191405925906477,0.4633266533066132,0.1318637274549099,0.3500802701220877,3.3661460380985457,0.8800000000000027,train,3
uric_acid,0.5,8.0,DVP,2,0.0304008499588402,0.0837473517174308,0.4219417946793223,-0.0213111153371462,0.1,1.4,-1.466070420405302e-05,0.0276225398215214,-0.0269936729949088,0.4219417946793223,0.2949899799599198,0.0869739478957916,0.0281723130638661,0.4174691826113912,0.6315789473684211,train,1
aluminum,0.1,8.0,DVP,7,0.0072104657027863,0.0163110713436926,0.0792560570986966,-0.0049190764400897,0.1,1.4,-3.817299372229021e-06,0.0045143663476516,-0.0041626641487264,0.0792560570986966,-0.3110220440881763,0.101002004008016,0.0059729656642387,0.0775151089938208,0.7999999999999996,train,5
uric_acid,0.5,6.0,DVP,2,0.0293966434677222,0.0811114173551811,0.4008433280893327,-0.0219956677511672,0.1,1.4,-1.399460200731109e-05,0.0293310930625641,-0.0290786801811309,0.4008433280893327,0.3987975951903807,0.0841683366733466,0.0267465889631773,0.39597196447157,0.7647058823529397,train,1
aluminum,2.0,6.5,DVP,1,0.102727557360393,0.2775635632371651,1.269500525400351,-0.0888261360850951,0.1,1.4,-7.98384913575409e-06,0.0965223436238638,-0.1024157410593963,1.269500525400351,-0.3222444889779559,0.101002004008016,0.1016590546527098,1.2576413358999214,0.8947368421052635,train,5
ascorbic_acid,1.0,6.5,DVP,4,0.0829629693864979,0.2090422818794653,0.9114848926330325,-0.0721251893904149,0.1,1.4,-4.35215220730889e-06,0.0558335166845667,-0.0571219949804672,0.9114848926330325,0.0733466933867735,0.1206412825651302,0.084723546407457,0.9021927187038477,0.8695652173913055,train,2
copper,5.0,6.5,DVP,0,0.1785160008707319,0.6482032137489961,4.020050665096287,-0.2838516966924313,0.1,1.4,0.0001443362354131,0.3319546777121838,-0.3119001086533106,4.020050665096287,-0.0529058116232464,0.0561122244488978,0.1733781669267633,3.999888492274836,1.0,train,4
aluminum,10.0,6.0,DVP,2,0.3244958776916515,0.8931686218992162,4.039774911362988,-0.2837077002608088,0.1,1.4,-0.0002125192143119,0.3108116684100802,-0.2793223169809264,4.039774911362988,-0.3334669338677354,0.1038076152304609,0.3305626718094386,3.997858457134524,0.7619047619047625,train,5
uric_acid,10.0,7.5,DVP,9,0.3334339778441606,0.9641291272001676,4.816217817058622,-0.3055393365835537,0.1,1.4,0.0010814145185681,0.3348566173682967,-0.2675879070279641,4.816217817058622,0.3258517034068136,0.0897795591182365,0.3320683471907679,4.775225249907915,0.7777777777777766,train,1
copper,1.0,8.0,DVP,6,0.0486513915176543,0.1722113629374934,1.0303154154564949,-0.0531652579851074,0.1,1.4,-0.0001071803193815,0.0933358980218311,-0.0839529881664403,1.0303154154564949,-0.0416833667334669,0.0589178356713426,0.0474168657340846,1.0234657722814544,0.7499999999999992,train,4
aluminum,0.1,6.5,DVP,3,0.0074998713782391,0.0161359045498184,0.0764560910671301,-0.0050039285250675,0.1,1.4,-5.469995723439298e-06,0.0053557298368566,-0.0089449088900199,0.0764560910671301,-0.3278557114228457,0.0981963927855711,0.0057602972250966,0.0741103999496435,0.8421052631578941,train,5
ascorbic_acid,10.0,7.0,DVP,2,0.4845933505607529,1.2523404846491486,5.786185426614084,-0.3635844064666051,0.1,1.4,-0.0002850880820582,0.3908392996706489,-0.3307049913046525,5.786185426614084,0.0480961923847695,0.1066132264529058,0.4698910254396758,5.733592069834343,0.6521739130434792,train,2
ascorbic_acid,2.0,6.0,DVP,7,0.1455445013637337,0.3800599841600998,1.6861859131925,-0.1186075709663978,0.1,1.4,-0.0001674903696608,0.1022157492346894,-0.1090263685639545,1.6861859131925,0.087374749498998,0.1094188376753507,0.1455417301440172,1.6749490543225032,0.6956521739130451,train,2
aluminum,1.0,8.0,DVP,9,0.0572544656802843,0.1526899752484527,0.7188846763721937,-0.0514818571828106,0.1,1.4,0.000189555801121,0.0449600039483694,-0.0485308068053113,0.7188846763721937,-0.3054108216432865,0.0981963927855711,0.0545942393133886,0.7091552230944711,0.9444444444444456,train,5
glucose,2.0,8.0,DVP,2,0.1161952875384537,0.2581046259441902,1.0331500185013045,-0.0780501107621944,0.1,1.4,-4.874261036566213e-05,0.0675201488090765,-0.06392822096753,1.0331500185013045,0.4549098196392785,0.1486973947895792,0.1169783909908369,1.0149195618488651,0.7666666666666656,train,3
ascorbic_acid,2.0,8.0,DVP,5,0.1572197153483303,0.398930067189194,1.8245048322391664,-0.1196922620513508,0.1,1.4,-0.000119847935235,0.125884921331646,-0.0972730988674679,1.8245048322391664,0.0172344689378757,0.1066132264529058,0.1495356071553979,1.8051470002866743,1.0,train,2
copper,2.0,7.5,DVP,9,0.0889627739245231,0.3180974646125759,1.9332999357121443,-0.0910406268522495,0.1,1.4,0.0003729283792966,0.1936704771956912,-0.1581223637296774,1.9332999357121443,-0.0472945891783567,0.0589178356713426,0.0874795211579543,1.9225887725793305,0.7499999999999992,train,4
aluminum,10.0,6.5,DVP,6,0.3317505899033123,0.8875827431204909,4.097944523198429,-0.2975038700360746,0.1,1.4,-0.0006091928511289,0.3126634900471545,-0.27436071703072,4.097944523198429,-0.3222444889779559,0.101002004008016,0.3231591721353079,4.046572619011011,0.9999999999999988,train,5
copper,0.5,7.5,DVP,7,0.0245524810126172,0.0894513427270388,0.5439711992433964,-0.0257823428488667,0.1,1.4,-3.578624861633021e-05,0.0519025703123488,-0.053168137480684,0.5439711992433964,-0.0416833667334669,0.0561122244488977,0.0239719717098659,0.5420301568617047,0.8181818181818185,train,4
glucose,0.2,8.0,DVP,2,0.0154781023684118,0.0293178686251138,0.1198032560906349,-0.0070839695017054,0.1,1.4,-2.101499339597794e-06,0.0077751655157071,-0.0073647128229066,0.1198032560906349,0.4549098196392785,0.1486973947895792,0.0132880499642837,0.1154574740806624,0.7666666666666656,train,3
aluminum,2.0,7.5,DVP,9,0.1049064669767437,0.2831944256959973,1.3149659645904097,-0.0966345135116724,0.1,1.4,0.0003477518267307,0.0814694196122228,-0.0959359109996872,1.3149659645904097,-0.3054108216432865,0.0981963927855711,0.1011751336137399,1.297970252909102,0.8421052631578941,train,5
dopamine,2.0,7.0,DVP,2,0.089938076865914,0.3047548915459517,1.713819922263382,-0.0818763744162191,0.1,1.4,-6.214326793358881e-05,0.1336993855403255,-0.1379771580085329,1.713819922263382,0.1995991983967936,0.0645290581162325,0.0878507684936107,1.7042519704815118,0.9166666666666686,train,0
aluminum,5.0,7.5,DVP,0,0.2134830673144464,0.5807432942355982,2.6884430683553795,-0.2670438702165688,0.1,1.4,0.0001360909969745,0.1734220333838307,-0.175521895156968,2.6884430683553795,-0.3166332665330661,0.1038076152304608,0.2168578677865844,2.6656304263495025,0.7619047619047616,train,5
copper,1.0,8.0,DVP,2,0.0475718659550469,0.1716343150704218,1.0400882193302468,-0.0505889790004299,0.1,1.4,-3.539932564617579e-05,0.1036143864989469,-0.0916387469436966,1.0400882193302468,-0.038877755511022,0.0561122244488978,0.0459241990153343,1.0350576694188651,1.0,train,4
aluminum,0.2,7.0,DVP,3,0.0134504479245406,0.0320254375557215,0.1474270227249915,-0.0107744571171687,0.1,1.4,-1.4667027574325476e-05,0.0104780964721464,-0.0176177060630372,0.1474270227249915,-0.3250501002004007,0.101002004008016,0.0116372999598719,0.1441890715082384,0.7142857142857142,train,5
ascorbic_acid,1.0,6.5,DVP,5,0.0829070016656878,0.206842479387005,0.9198121416604358,-0.0615260312458917,0.1,1.4,-6.059334486135781e-05,0.0708571643953989,-0.055638546000953,0.9198121416604358,0.0761523046092184,0.1150300601202404,0.0813898698944864,0.9086280572076788,0.9523809523809516,train,2
ascorbic_acid,1.0,7.5,DVP,1,0.0836563501136295,0.2089500435709478,0.9180512716988114,-0.0633876392962503,0.1,1.4,-4.643525112955627e-06,0.0620908889095587,-0.0672421545454535,0.9180512716988114,0.0368737474949899,0.1122244488977955,0.0810736276322536,0.9073280193130538,0.904761904761905,train,2
dopamine,0.5,7.5,DVP,5,0.0273286708550859,0.0860909539611918,0.4905391376325848,-0.0232688486230042,0.1,1.4,-2.1281184320533373e-05,0.041509646440271,-0.0403577537432826,0.4905391376325848,0.1687374749498997,0.0645290581162324,0.0248088402334942,0.4858382811279753,0.7692307692307657,train,0
copper,0.2,7.0,DVP,6,0.0114251470074954,0.0364209920526318,0.2209416011583727,-0.0105205018037178,0.1,1.4,-1.9563377396449045e-05,0.0224223787257426,-0.0185571257113968,0.2209416011583727,-0.0529058116232464,0.0561122244488977,0.0096863158604523,0.2183413429431044,0.8181818181818185,train,4
aluminum,0.5,7.5,DVP,3,0.0307994907617476,0.0783636564566251,0.3630373434311644,-0.0275933411180601,0.1,1.4,-4.147285816632709e-05,0.0255225132263959,-0.0428955930510562,0.3630373434311644,-0.3110220440881763,0.0981963927855711,0.0279309228150959,0.356992194588086,0.9444444444444436,train,5
glucose,0.2,8.0,DVP,4,0.0156760880588765,0.0288232346870913,0.1185324769287071,-0.0072771255965848,0.1,1.4,3.73243059027888e-06,0.0084297540490629,-0.0084583438679211,0.1185324769287071,0.4577154308617234,0.1430861723446894,0.0127473831807158,0.1138847679376216,0.7586206896551702,train,3
dopamine,5.0,6.0,DVP,9,0.1834418869010848,0.6156346556879221,3.519352765445463,-0.1905281293099737,0.1,1.4,0.0006784647589473,0.315226794202419,-0.2669203187807303,3.519352765445463,0.2585170340681363,0.0645290581162324,0.1773011626608971,3.497293323794058,0.9166666666666652,train,0
uric_acid,1.0,7.0,DVP,3,0.0576075198134793,0.1584044375406561,0.7918300810438703,-0.0473307506411656,0.1,1.4,-8.026987609134078e-05,0.0583465431090187,-0.0794811661963006,0.7918300810438703,0.3539078156312625,0.0869739478957914,0.0535571364461285,0.7825617186232405,0.9374999999999988,train,1
glucose,0.2,6.0,DVP,0,0.0152300557733753,0.0286950809790416,0.1182455282195544,-0.0106916386906333,0.1,1.4,1.3198830088573588e-05,0.0074522621471006,-0.0092240828915363,0.1182455282195544,0.5110220440881764,0.1430861723446894,0.0126762597763042,0.1140120689292559,0.7586206896551749,train,3
uric_acid,0.5,6.0,DVP,7,0.0287349957834087,0.0810287179235831,0.3927406546733895,-0.0267226196856853,0.1,1.4,-3.111195805093688e-05,0.0323051584965913,-0.0268940267019674,0.3927406546733895,0.4044088176352706,0.0981963927855711,0.0294438855230099,0.3899656900524187,0.9444444444444456,train,1
dopamine,10.0,7.0,DVP,7,0.2775391533127933,0.9903183123844688,5.644208880180965,-0.33546599063827,0.1,1.4,-0.0004113838689616,0.4993649303534671,-0.3765582975491834,5.644208880180965,0.1967935871743487,0.0645290581162325,0.2856656257217543,5.636088966643697,0.7692307692307687,train,0
glucose,0.1,6.0,DVP,1,0.0088993065815979,0.0144367181068718,0.0585830761269052,-0.002821771453582,0.1,1.4,4.75390871725275e-06,0.0043667187148125,-0.0040595793024586,0.0585830761269052,0.5306613226452906,0.1430861723446894,0.0064011488191464,0.0553946914323946,0.7586206896551702,train,3
aluminum,10.0,7.5,DVP,6,0.334403169745664,0.8947813000921514,4.281902989617999,-0.2998437683365453,0.1,1.4,-0.0006140003523802,0.2840885620633728,-0.2840467922344065,4.281902989617999,-0.3110220440881763,0.0981963927855711,0.3200038163260182,4.228385262360829,0.9444444444444436,train,5
glucose,0.2,8.0,DVP,5,0.0156678025484384,0.029319899793466,0.1185136397755302,-0.0061518379055093,0.1,1.4,-4.5935648593164905e-06,0.0081852544446455,-0.0080848914370143,0.1185136397755302,0.4549098196392785,0.1458917835671342,0.013127954194129,0.1138810695782117,0.6774193548387094,train,3
uric_acid,0.1,6.0,DVP,6,0.0077551813686203,0.0165272503560135,0.08440401261213,-0.0036866909617405,0.1,1.4,-6.60810606184346e-06,0.0056984145734649,-0.0054555184380712,0.08440401261213,0.4044088176352706,0.0897795591182364,0.0056720236121027,0.0815312948399664,0.999999999999995,train,1
copper,0.1,8.0,DVP,7,0.006277161147454,0.0186182372824711,0.1150477527924924,-0.004363185823827,0.1,1.4,-4.32882635939584e-06,0.0108719142957875,-0.0106065006299179,0.1150477527924924,-0.0416833667334669,0.0561122244488978,0.0049948698725076,0.1134957521401207,0.8181818181818156,train,4
aluminum,5.0,7.5,DVP,7,0.2064801830391901,0.5797739758599657,2.7830856301048845,-0.2229662048373482,0.1,1.4,-0.0002706646649749,0.1582547025283113,-0.1462205879047747,2.7830856301048845,-0.3110220440881763,0.0981963927855711,0.2090627187546152,2.767350935766139,0.9444444444444436,train,5
dopamine,0.2,6.0,DVP,5,0.0119867038066209,0.0337298565080464,0.1956651105607141,-0.0065433893644258,0.1,1.4,-5.999691852344113e-06,0.0159340231684085,-0.0149005567558767,0.1956651105607141,0.2585170340681363,0.0617234468937875,0.0094587265385135,0.1923282235168659,0.8333333333333306,train,0
ascorbic_acid,0.5,7.0,DVP,7,0.0428380041025216,0.1079118771225935,0.491831934925183,-0.0317745550756229,0.1,1.4,-4.494830610289002e-05,0.031575190369754,-0.0339328022742057,0.491831934925183,0.0565130260521041,0.1094188376753507,0.0411779426801957,0.4874623491014427,0.9499999999999992,train,2
copper,0.5,7.5,DVP,3,0.0263870368578869,0.0884994158784516,0.541179260243083,-0.029647104513342,0.1,1.4,-4.474613322343558e-05,0.0447910434487154,-0.0459822900663844,0.541179260243083,-0.0472945891783567,0.0561122244488977,0.023631114773328,0.5360468057825449,0.8181818181818185,train,4
ascorbic_acid,2.0,6.5,DVP,9,0.1528242013592365,0.3838923404015044,1.674184631259445,-0.1208026435061207,0.1,1.4,0.0004528787172759,0.1105066601933887,-0.0992798482090977,1.674184631259445,0.0789579158316633,0.1206412825651302,0.1549845868949663,1.651693799380038,0.9545454545454538,train,2
ascorbic_acid,1.0,7.5,DVP,3,0.0858243615890044,0.2095818833310972,0.9388499011946344,-0.0701534877082949,0.1,1.4,-0.0001124380785987,0.0565642757256425,-0.1098157661246939,0.9388499011946344,0.0284569138276553,0.1150300601202404,0.0821704567883346,0.9235868152100416,0.7083333333333346,train,2
glucose,10.0,6.5,DVP,2,0.3617946348046523,0.8163247023780157,3.306286811518021,-0.2514826942603971,0.1,1.4,-0.0001292558573372,0.2035155424973649,-0.2022293881355762,3.306286811518021,0.4997995991983969,0.1402805611222444,0.3567588505630389,3.2556704169356143,0.8518518518518549,train,3
uric_acid,2.0,6.0,DVP,7,0.0978880865475644,0.291031361698815,1.4046669417677689,-0.1007189928618905,0.1,1.4,-0.0001216678599785,0.1157341071514269,-0.0963301168030275,1.4046669417677689,0.4044088176352706,0.0981963927855711,0.105698965001605,1.3995948755442138,0.9444444444444456,train,1
ascorbic_acid,0.1,8.0,DVP,6,0.0109344086622484,0.0229165822124463,0.1042939036827901,-0.0058250651325196,0.1,1.4,-1.1155835614791804e-05,0.0072770127152158,-0.0062174413316769,0.1042939036827901,0.0116232464929859,0.1122244488977955,0.0088312354854159,0.1011203116178477,0.818181818181817,train,2
ascorbic_acid,10.0,6.5,DVP,2,0.4797682371274107,1.235996915881456,5.3959690024239775,-0.3598884527163023,0.1,1.4,-0.0002821644475159,0.4233099231889228,-0.3450750743265374,5.3959690024239775,0.0761523046092184,0.1066132264529058,0.4638384797557898,5.344011447553547,0.8999999999999985,train,2
dopamine,0.5,7.0,DVP,1,0.0266802089984521,0.0849026343038084,0.4873825343400211,-0.0231799462077633,0.1,1.4,7.418288311058976e-07,0.0416158464708232,-0.0350257972334546,0.4873825343400211,0.1995991983967936,0.0617234468937876,0.0238735961189328,0.4832942460584788,0.8333333333333339,train,0
dopamine,2.0,8.0,DVP,1,0.092724804477893,0.3109353867272547,1.7721644761084316,-0.0886456623237078,0.1,1.4,-8.026544219044696e-06,0.1428053227264519,-0.1690891459751253,1.7721644761084316,0.1462925851703407,0.0645290581162325,0.08972820640375,1.7620094960534942,0.9166666666666686,train,0
uric_acid,5.0,8.0,DVP,1,0.2141883992365616,0.620109786842068,3.068183076807445,-0.182475529241385,0.1,1.4,-2.059396612387193e-05,0.1854021112831466,-0.2123162055360116,3.068183076807445,0.2949899799599198,0.0869739478957916,0.2098457459711478,3.0487015575064818,0.6315789473684211,train,1
aluminum,0.2,6.5,DVP,0,0.0130897610250784,0.0319006461474893,0.1469794675636228,-0.0133234627955838,0.1,1.4,1.1342477431998605e-05,0.0098329972759119,-0.0097204865554491,0.1469794675636228,-0.3166332665330661,0.1038076152304609,0.0118544779916805,0.144476899721872,0.9473684210526316,train,5
aluminum,5.0,6.0,DVP,7,0.2040287440277691,0.573606453130042,2.6342114005788204,-0.2203233149053762,0.1,1.4,-0.0002674279600234,0.1703763101286552,-0.1674012651927878,2.6342114005788204,-0.3334669338677354,0.1038076152304608,0.2134496885625406,2.6186494986157944,0.8499999999999994,train,5
glucose,2.0,6.0,DVP,6,0.1148676309690875,0.2517578220379567,1.011186495087328,-0.0742429137334979,0.1,1.4,-0.0001404871111484,0.084062797758225,-0.0608983326152239,1.011186495087328,0.5194388777555111,0.1430861723446892,0.1114359975092309,0.9926264239745186,0.8888888888888856,train,3
ascorbic_acid,0.2,6.5,DVP,0,0.0190591755832611,0.0438549651886926,0.1977141642360796,-0.0169255895229171,0.1,1.4,1.363838674083928e-05,0.0157056921260857,-0.0135309911363941,0.1977141642360796,0.0733466933867735,0.1122244488977955,0.0169846531287771,0.1934638639033638,0.8181818181818203,train,2
ascorbic_acid,1.0,7.0,DVP,5,0.0837242534647208,0.2092243378549331,0.923962125885132,-0.0623047297304484,0.1,1.4,-6.125578794892617e-05,0.0688764403715501,-0.0490542068674925,0.923962125885132,0.0480961923847695,0.1122244488977955,0.0807903480411063,0.912357689387528,0.6666666666666689,train,2
ascorbic_acid,0.2,7.0,DVP,4,0.0193866323605443,0.0448826011494531,0.1988143149443519,-0.014487521882637,0.1,1.4,2.2163101967608846e-06,0.0124456697638132,-0.0123766749550551,0.1988143149443519,0.0537074148296593,0.1150300601202404,0.0176978150835981,0.1951138249224384,0.8636363636363648,train,2
dopamine,0.1,7.5,DVP,7,0.0069777900811225,0.0177990806458849,0.1038382407764707,-0.0034043847919332,0.1,1.4,-3.603446106497056e-06,0.0075048055938281,-0.0073678187588604,0.1038382407764707,0.1715430861723447,0.0673346693386772,0.0052706294890788,0.101675559785489,0.8461538461538464,train,0
copper,10.0,6.0,DVP,1,0.2744756537401785,1.005336765830234,6.154418788139433,-0.3064387224441283,0.1,1.4,-3.7130428288228936e-05,0.5747123197562307,-0.5886004557744713,6.154418788139433,-0.0613226452905811,0.0589178356713426,0.2776170945644272,6.129026653175955,0.9090909090909042,train,4
copper,0.2,6.0,DVP,7,0.0107959926707884,0.0361456336611778,0.2199843525210195,-0.0093074963761852,0.1,1.4,-1.208794379805033e-05,0.019142338319174,-0.0182298574784617,0.2199843525210195,-0.0613226452905811,0.0561122244488978,0.0096911709788655,0.2183110729142829,0.8181818181818156,train,4
glucose,0.5,7.5,DVP,4,0.0344771173105131,0.0701956564939532,0.2793820375304505,-0.021740171931865,0.1,1.4,4.101798098005031e-06,0.0215794165708973,-0.0203202451086272,0.2793820375304505,0.4745490981963928,0.1486973947895791,0.0318315170641564,0.2715317593579076,0.8275862068965527,train,3
glucose,1.0,8.0,DVP,7,0.0623524065618443,0.1386185330009868,0.5703057395876607,-0.049792590404316,0.1,1.4,-5.553246339673552e-05,0.036858451764405,-0.0342049517685905,0.5703057395876607,0.4521042084168337,0.1402805611222444,0.0609355787121975,0.5632570340545103,0.6666666666666684,train,3
ascorbic_acid,2.0,6.0,DVP,9,0.151300703245644,0.3805928245583134,1.6748950529913378,-0.1201605559006073,0.1,1.4,0.0004482665483921,0.1076851542826242,-0.0981344363283768,1.6748950529913378,0.0957915831663326,0.1150300601202405,0.1499364047102093,1.6541758566249924,0.8636363636363632,train,2
glucose,0.1,7.0,DVP,4,0.0090560635220269,0.0142826097651209,0.060128231028174,-0.0021953556502235,0.1,1.4,4.227736183441989e-06,0.0045390052234994,-0.0042905183742916,0.060128231028174,0.4997995991983969,0.1374749498997995,0.0061627512802113,0.0564566762790764,0.8148148148148133,train,3
ascorbic_acid,2.0,6.0,DVP,2,0.148773619141971,0.3786407262385994,1.6609146511458148,-0.1094290785668001,0.1,1.4,-8.395050391755321e-05,0.1405629882546522,-0.0992378964238316,1.6609146511458148,0.0985971943887775,0.1094188376753507,0.144401183750225,1.64380910665599,0.9499999999999992,train,2
glucose,5.0,7.5,DVP,0,0.2381623686595428,0.5315135652182239,2.108617886014395,-0.2294436509334457,0.1,1.4,0.0001443060796217,0.137138259678346,-0.1697351968551145,2.108617886014395,0.4633266533066132,0.1458917835671342,0.2381554967156475,2.074355098870265,0.5757575757575777,train,3
uric_acid,5.0,7.0,DVP,5,0.2129045175414721,0.6090498434377704,3.0519142683346128,-0.1575620765308321,0.1,1.4,-0.0001798257401264,0.2578199598456597,-0.150246124530103,3.0519142683346128,0.3454909819639279,0.0897795591182364,0.2089209594617977,3.0256929437977305,0.6842105263157919,train,1
copper,0.1,7.0,DVP,8,0.0065256303487289,0.0183922896798533,0.1116020192828092,-0.0042520154509637,0.1,1.4,1.4036227435454617e-06,0.0102729691182105,-0.0097694155184244,0.1116020192828092,-0.0472945891783567,0.0561122244488977,0.0049124601925963,0.1096161336737741,0.8181818181818185,train,4
glucose,2.0,7.0,DVP,4,0.116436124203875,0.2506723842695821,1.0088425042398523,-0.0848316234262101,0.1,1.4,7.776277205119947e-06,0.0772745137825092,-0.0720648464470848,1.0088425042398523,0.4997995991983969,0.1374749498997995,0.1083432045899045,0.988014066848864,0.8148148148148133,train,3
aluminum,0.1,6.5,DVP,7,0.0071424630283906,0.0161242536282992,0.0753637375015272,-0.0048432714351973,0.1,1.4,-3.724430124814501e-06,0.0045346884449472,-0.0043135779103908,0.0753637375015272,-0.3110220440881763,0.101002004008016,0.0058932910973586,0.0735598320713356,0.6363636363636365,train,5
ascorbic_acid,0.5,6.5,DVP,0,0.0436658832492599,0.1070783624216951,0.4797743985340816,-0.0448575561546824,0.1,1.4,2.734067735623036e-05,0.0382256111358946,-0.0328851840341642,0.4797743985340816,0.0733466933867735,0.1122244488977955,0.0415177932481062,0.4726848882151397,0.8181818181818203,train,2
glucose,0.1,7.5,DVP,2,0.0089977067865167,0.0146091729634218,0.0611608850663212,-0.0027643946451722,0.1,1.4,1.0561376590115316e-06,0.0037171649762264,-0.0036976747062361,0.0611608850663212,0.4829659318637275,0.1430861723446894,0.0064426417648553,0.057697783300221,0.8888888888888886,train,3
ascorbic_acid,2.0,6.5,DVP,7,0.1470082367980644,0.3833997467998801,1.6855575847803266,-0.1198694494657891,0.1,1.4,-0.0001692711807231,0.1017805418380672,-0.1017103509350707,1.6855575847803266,0.0761523046092184,0.1150300601202405,0.1514820363631462,1.6746959211916723,0.8636363636363632,train,2
aluminum,2.0,8.0,DVP,0,0.104243899558743,0.2815170025698043,1.304610893748477,-0.1283934438343218,0.1,1.4,6.807471799975626e-05,0.0815291872069888,-0.0851347259423254,1.304610893748477,-0.3082164328657314,0.0981963927855711,0.1013344367131593,1.2923762214840258,0.8421052631578941,train,5
ascorbic_acid,1.0,8.0,DVP,4,0.0854164526262185,0.2146331865223555,0.9608023647404104,-0.0745460461160269,0.1,1.4,-4.608802027471048e-06,0.0669774573823542,-0.0584863294503735,0.9608023647404104,0.0200400801603206,0.1094188376753506,0.0816246513466221,0.951202967234726,0.8571428571428567,train,2
aluminum,0.5,6.5,DVP,0,0.0298076322800574,0.0777125246033919,0.3562169574164907,-0.0339644764225265,0.1,1.4,2.1751694215059576e-05,0.0239360823392949,-0.0235525664811378,0.3562169574164907,-0.3166332665330661,0.1038076152304609,0.0288759643799875,0.3520353340996422,0.9473684210526316,val,5
copper,2.0,6.0,DVP,4,0.0876040046794139,0.3125888390077009,1.86937157851348,-0.1099453936604341,0.1,1.4,-8.574162286574649e-06,0.2140396614192987,-0.1705724477830607,1.86937157851348,-0.0613226452905811,0.0561122244488978,0.0837533930835641,1.8614039975627212,0.8181818181818156,val,4
ascorbic_acid,0.2,6.5,DVP,2,0.0189259693347272,0.0438126474082055,0.193222850108601,-0.0112094896129544,0.1,1.4,-6.215661053903976e-06,0.0150821046952883,-0.0123046429866809,0.193222850108601,0.0761523046092184,0.1066132264529058,0.0164335931835607,0.1893851387437859,0.8999999999999985,val,2
aluminum,0.2,6.5,DVP,6,0.013201906933069,0.0315803023860186,0.1470025670228344,-0.0097415584235178,0.1,1.4,-1.7962978135902022e-05,0.0111511210395017,-0.0097969446213231,0.1470025670228344,-0.3222444889779559,0.101002004008016,0.0114832039177608,0.143746408725415,0.9999999999999988,val,5
ascorbic_acid,10.0,8.0,DVP,0,0.4980779754723916,1.2772965584334788,5.939436600195817,-0.5607961136883564,0.1,1.4,0.0002804392202623,0.3992258185773356,-0.3983444640394298,5.939436600195817,0.0144288577154308,0.101002004008016,0.4611028246618404,5.87746827727358,0.8947368421052635,val,2
glucose,0.5,7.5,DVP,3,0.0349043774574992,0.0717180255830369,0.2858518807314399,-0.0214734043945814,0.1,1.4,-3.351437705215716e-05,0.0256865804787463,-0.0382681227901612,0.2858518807314399,0.4577154308617234,0.1486973947895791,0.0324970840271004,0.2783441073000237,0.514285714285714,val,3
copper,0.1,6.5,DVP,5,0.0064746037988875,0.0182379869919208,0.1140718620239995,-0.0046176482192036,0.1,1.4,-1.6866215275145364e-06,0.0110048733284622,-0.0104852126315665,0.1140718620239995,-0.0529058116232464,0.0589178356713426,0.0050044316904521,0.1120890867008884,0.9090909090909112,val,4
ascorbic_acid,0.2,8.0,DVP,2,0.0194386856957582,0.0455329680740428,0.2079994868753301,-0.0116093891217359,0.1,1.4,-6.5338342675060055e-06,0.0153849625143472,-0.0124154168193843,0.2079994868753301,0.0172344689378757,0.1066132264529058,0.0171010233442709,0.204347688423426,1.0,val,2
glucose,2.0,7.5,DVP,7,0.1132532599938667,0.2566763320273811,1.0184548041961787,-0.0941103401022965,0.1,1.4,-0.0001032499088507,0.0711482604492024,-0.0632869544356015,1.0184548041961787,0.4773547094188376,0.1402805611222444,0.1127497088819325,1.0078681210000628,1.0,val,3
copper,0.2,6.0,DVP,5,0.0113212066152553,0.0359164383798884,0.2181300368767058,-0.0099613475542449,0.1,1.4,-7.148857847123255e-06,0.0229136392730633,-0.0220859308245176,0.2181300368767058,-0.0585170340681362,0.0561122244488978,0.0095699560917088,0.2157127299501041,1.0,val,4
uric_acid,1.0,7.0,DVP,5,0.0566789806887845,0.1577723190027837,0.7923626604009083,-0.0392978921544492,0.1,1.4,-4.3700891949361496e-05,0.0668953241123618,-0.0389633109775154,0.7923626604009083,0.3454909819639279,0.0897795591182364,0.0541196404388229,0.7839856516763808,0.6842105263157919,val,1
ascorbic_acid,0.2,8.0,DVP,1,0.0195302176159593,0.0449898735093381,0.1986057242386785,-0.012642308963951,0.1,1.4,2.153223067705351e-06,0.0156814032951056,-0.0134987088402397,0.1986057242386785,0.0200400801603206,0.1178356713426853,0.0179922123892323,0.1946506692538399,0.9090909090909076,val,2
glucose,5.0,8.0,DVP,5,0.2414002088600958,0.534764506507581,2.114852231441777,-0.145650608208942,0.1,1.4,-0.0001496255840709,0.1461803177676363,-0.1451924510473488,2.114852231441777,0.4549098196392785,0.1458917835671342,0.2396391654944077,2.075979333001368,0.6774193548387094,val,3
copper,2.0,7.0,DVP,8,0.0888338973310896,0.3177416518060221,1.908060143486387,-0.0903365803155045,0.1,1.4,-4.09269366987054e-05,0.1780648974654538,-0.1690208780354446,1.908060143486387,-0.0472945891783567,0.0561122244488977,0.0849432443028704,1.8972615464477995,0.8181818181818185,val,4
dopamine,0.2,7.0,DVP,1,0.0121046057268935,0.0347127148291106,0.2005763594563428,-0.0087192201487759,0.1,1.4,2.6786752934078035e-06,0.0170599422264361,-0.0143674504405551,0.2005763594563428,0.1995991983967936,0.0617234468937876,0.0097553454236108,0.1975787717757092,0.8333333333333339,val,0
aluminum,5.0,6.0,DVP,3,0.2165354634915519,0.573315410224124,2.6757930210892464,-0.2076902634002527,0.1,1.4,-0.0003285101906341,0.1961515141572037,-0.3135716762840339,2.6757930210892464,-0.3278557114228457,0.1038076152304609,0.2126614738624623,2.6401848240790518,0.9473684210526316,val,5
aluminum,10.0,6.5,DVP,1,0.3276815136415101,0.8940734787523386,4.086477839071923,-0.2879133367937425,0.1,1.4,-3.464949569465386e-05,0.3108587903055861,-0.3298027615199801,4.086477839071923,-0.3222444889779559,0.101002004008016,0.3274131090001802,4.050827265258637,0.8947368421052635,val,5
copper,0.1,8.0,DVP,2,0.0064345853623616,0.0184837850008923,0.11313721487903,-0.0045809417282713,0.1,1.4,-2.561357109627611e-07,0.0111426323229231,-0.0098725246163014,0.11313721487903,-0.038877755511022,0.0561122244488978,0.0049473741498423,0.1113956949712127,1.0,val,4
copper,0.5,6.0,DVP,6,0.0254976899954524,0.0881600483383686,0.5400706832861514,-0.026613604466366,0.1,1.4,-5.262789853841423e-05,0.0509806734890853,-0.0412581379664104,0.5400706832861514,-0.0613226452905811,0.0561122244488978,0.0235377610255493,0.5360983835748544,0.8181818181818156,val,4
ascorbic_acid,0.1,6.0,DVP,9,0.0105909765341664,0.0219002653479253,0.0983136868346672,-0.004715050926442,0.1,1.4,3.011180938600799e-05,0.0062376283549158,-0.0057473490726307,0.0983136868346672,0.0957915831663326,0.1150300601202405,0.0086115320705601,0.0950991461999728,0.8636363636363632,val,2
copper,0.5,6.5,DVP,0,0.0253282389332557,0.0873531973902834,0.5428692643634674,-0.0364678893403301,0.1,1.4,2.2979767157149863e-05,0.0446956248845287,-0.0420110310883773,0.5428692643634674,-0.0529058116232464,0.0561122244488978,0.0233680487545135,0.5390152228380213,1.0,val,4
copper,1.0,7.0,DVP,7,0.0456802644772579,0.1713891152793807,1.0371515997881111,-0.0515559822106769,0.1,1.4,-7.215899140769605e-05,0.0899366301988426,-0.100142143952214,1.0371515997881111,-0.0501002004008015,0.0561122244488977,0.0460649493982527,1.0348177846464208,0.999999999999996,val,4
copper,5.0,7.0,DVP,0,0.1794043434947035,0.6515960352629974,4.019995973358506,-0.2854471821138034,0.1,1.4,0.0001451189158883,0.3719690299447469,-0.3194853021908703,4.019995973358506,-0.0529058116232464,0.0561122244488977,0.1740941366007809,3.999488498404452,0.8181818181818185,val,4
ascorbic_acid,1.0,8.0,DVP,9,0.085452879472097,0.2131035636109081,0.9361470653787944,-0.0602997068787412,0.1,1.4,0.0002527272954328,0.0636713863795651,-0.0549320034153946,0.9361470653787944,0.0116232464929859,0.1122244488977955,0.082253364114257,0.9230115206358408,0.818181818181817,val,2
aluminum,0.2,7.5,DVP,9,0.0133064763144705,0.0324679622026662,0.1518882572388593,-0.0098587043031377,0.1,1.4,4.372431673215434e-05,0.0094224133541199,-0.0110231265190691,0.1518882572388593,-0.3054108216432865,0.0981963927855711,0.0116046186620159,0.1488190690190334,0.8421052631578941,val,5
uric_acid,0.5,7.0,DVP,5,0.0303910297760727,0.0818366331232488,0.4121496494505254,-0.0194918305427385,0.1,1.4,-2.0795268458022417e-05,0.0347685825226242,-0.0202378375431858,0.4121496494505254,0.3454909819639279,0.0897795591182364,0.0280757495460864,0.406824387849015,0.6842105263157919,val,1
glucose,1.0,6.5,DVP,5,0.0632441496949078,0.1368417207166352,0.5461860306720335,-0.0388846027402384,0.1,1.4,-2.9644633274114262e-05,0.0406493262178952,-0.0329552875403872,0.5461860306720335,0.5054108216432865,0.1486973947895791,0.062353413226693,0.5356880031613275,0.9629629629629608,val,3
ascorbic_acid,10.0,6.0,DVP,9,0.483079427281128,1.2263621924511916,5.392307958455486,-0.3923689044712706,0.1,1.4,0.0014342314066803,0.3468877417332205,-0.3159734631208729,5.392307958455486,0.0957915831663326,0.1150300601202405,0.4832530813181642,5.33107532524619,0.8636363636363632,val,2
aluminum,0.1,7.5,DVP,3,0.0075480669627733,0.0162925522626315,0.076432809975103,-0.0050520200324263,0.1,1.4,-5.546643656430438e-06,0.0053165366848401,-0.0090171878661666,0.076432809975103,-0.3110220440881763,0.0981963927855711,0.0058050144202854,0.074124081665271,0.9444444444444436,val,5
dopamine,2.0,8.0,DVP,7,0.0896498124881442,0.3138792625828339,1.7905385321564484,-0.0907061154477762,0.1,1.4,-0.0001281147715608,0.1610018536560965,-0.1623452123214211,1.7905385321564484,0.1490981963927855,0.0617234468937876,0.0884996572509344,1.7861995290414885,0.8333333333333339,val,0
dopamine,1.0,7.5,DVP,7,0.0484951980617137,0.1666478863565356,0.9540530781569724,-0.046784816549726,0.1,1.4,-6.613135953839642e-05,0.06993684721142,-0.0684391034010243,0.9540530781569724,0.1715430861723447,0.0673346693386772,0.0493513461391897,0.9510643507110124,0.8461538461538464,val,0
aluminum,0.1,8.0,DVP,6,0.0074685036168853,0.0161972282040437,0.0784063535320734,-0.0045634690200113,0.1,1.4,-7.324193906855549e-06,0.0048113702782112,-0.0053680780690735,0.0784063535320734,-0.3110220440881763,0.1038076152304609,0.0059983219039179,0.0760869814808054,0.6818181818181812,val,5
aluminum,5.0,6.5,DVP,3,0.2174025727524525,0.575928248609695,2.6863792784380536,-0.2085351854057333,0.1,1.4,-0.0003298568216478,0.1903458922125231,-0.3148415491494699,2.6863792784380536,-0.3278557114228457,0.0981963927855711,0.2058531795781652,2.650726016569291,0.8421052631578941,val,5
uric_acid,0.1,8.0,DVP,3,0.0080668601833426,0.017048461526026,0.0846495040789327,-0.0038819741827683,0.1,1.4,-5.30986731859141e-06,0.0064722424425512,-0.0087939078820121,0.0846495040789327,0.2949899799599198,0.0869739478957916,0.0057454227192171,0.0817071065079542,0.7222222222222201,val,1
ascorbic_acid,5.0,7.0,DVP,1,0.3138478188475251,0.7974393901234794,3.498000132322128,-0.2455422984229925,0.1,1.4,-2.904102809325426e-05,0.228350803787023,-0.2479712828990565,3.498000132322128,0.0480961923847695,0.1122244488977955,0.3101162991760798,3.4625653799060334,0.6666666666666689,val,2
copper,0.1,6.5,DVP,0,0.0064161695582586,0.0181164397756731,0.1135876099520082,-0.0067270716729098,0.1,1.4,7.997487125539955e-06,0.0092315442885219,-0.00869139188283,0.1135876099520082,-0.0529058116232464,0.0561122244488978,0.0048451159923855,0.1116905116055549,1.0,val,4
ascorbic_acid,0.1,6.5,DVP,7,0.0103370933922043,0.0220787090118985,0.098978361287364,-0.0050115290213033,0.1,1.4,-6.144396554522702e-06,0.0058898815753127,-0.0059471844014332,0.098978361287364,0.0761523046092184,0.1150300601202405,0.0087244537026154,0.0964955840355391,0.8636363636363632,val,2
glucose,0.2,7.5,DVP,8,0.0156279432240035,0.0293169881256188,0.1228092524519199,-0.0078447785566417,0.1,1.4,9.331627254702616e-07,0.0092566461596643,-0.0080101626489346,0.1228092524519199,0.4745490981963928,0.1430861723446894,0.0129641681306467,0.1183533195502768,0.8214285714285726,val,3
glucose,1.0,8.0,DVP,5,0.0644371495910804,0.1385191148365233,0.5498213601972499,-0.0358883816380894,0.1,1.4,-3.592764308404428e-05,0.0379990026934398,-0.037706895056531,0.5498213601972499,0.4549098196392785,0.1458917835671342,0.0621095623470882,0.5380927869259048,0.6774193548387094,val,3
ascorbic_acid,0.2,8.0,DVP,3,0.0199999580904052,0.0450545858042774,0.1962068173239666,-0.0142269454818819,0.1,1.4,-2.1202494958813987e-05,0.012342928630572,-0.0237806490711766,0.1962068173239666,0.0256513026052104,0.1178356713426853,0.0179033710650519,0.1915277203256859,0.7499999999999992,val,2
ascorbic_acid,0.2,6.5,DVP,6,0.019206547514665,0.0439187697185315,0.1974030931608958,-0.0117875842153579,0.1,1.4,-2.4872172093585945e-05,0.0144227949829291,-0.0121557466580199,0.1974030931608958,0.0789579158316633,0.1150300601202405,0.0172278801640139,0.1930422724389301,0.9523809523809534,val,2
aluminum,10.0,7.0,DVP,7,0.3190893368866925,0.8985970397390837,4.252957582296455,-0.3462354842438399,0.1,1.4,-0.0004215206218975,0.2451684557471304,-0.2265297337793485,4.252957582296455,-0.3110220440881763,0.0981963927855711,0.3235950474510658,4.22958751076067,0.9444444444444456,val,5
dopamine,0.1,7.5,DVP,9,0.0072340701269732,0.0177809826245255,0.1048787301748355,-0.002979865304725,0.1,1.4,2.381154287911327e-05,0.0076082244301664,-0.0093908847993081,0.1048787301748355,0.1687374749498997,0.0617234468937875,0.0049749518962328,0.1021805296240293,0.8333333333333306,val,0
copper,0.5,7.5,DVP,2,0.0253021254254365,0.0887663320658161,0.5481852233894667,-0.0256292204447264,0.1,1.4,-1.6392346658283806e-05,0.0554004808034986,-0.0517525068384769,0.5481852233894667,-0.0444889779559117,0.0533066132264528,0.0229404453083006,0.544855776185357,0.900000000000002,val,4
dopamine,0.5,6.5,DVP,4,0.0267246544275722,0.0844455193118341,0.486512600630166,-0.0257497848625554,0.1,1.4,8.275584384523967e-07,0.0386060915538497,-0.0342851355150349,0.486512600630166,0.2248496993987976,0.0645290581162324,0.0243909190374426,0.4825454360557942,0.769230769230771,val,0
dopamine,0.1,6.0,DVP,5,0.0070330008689323,0.0169429106878733,0.0994025923260842,-0.0022549480542793,0.1,1.4,-1.063595221237396e-06,0.0080387895088143,-0.0075357051465189,0.0994025923260842,0.2585170340681363,0.0617234468937875,0.0047543850098639,0.0967361831966947,0.8333333333333306,val,0
ascorbic_acid,1.0,6.0,DVP,4,0.0821451545894897,0.207171479372818,0.910689484626339,-0.0711347058304409,0.1,1.4,-4.2658210499193496e-06,0.0646102605471097,-0.0565348970773503,0.910689484626339,0.0901803607214428,0.1122244488977955,0.0803938300169197,0.9013938381879696,0.7391304347826093,val,2
copper,0.1,6.5,DVP,8,0.0065004945900596,0.0183173869716432,0.1122872127051809,-0.0042262150732589,0.1,1.4,1.417702968002185e-06,0.0093264628457517,-0.0099435321150726,0.1122872127051809,-0.0585170340681362,0.0533066132264529,0.004754190321699,0.1103140548255146,0.7272727272727295,val,4
uric_acid,0.2,6.5,DVP,7,0.0130444258565385,0.0334478388006296,0.168252459895085,-0.0099343351035779,0.1,1.4,-1.0566687485686852e-05,0.0128782244359682,-0.0106367280681399,0.168252459895085,0.3735470941883767,0.0841683366733467,0.0111095102452659,0.1658251482604952,0.7647058823529379,val,1
dopamine,2.0,6.5,DVP,0,0.0896879758843157,0.2998062688787897,1.7258689080525995,-0.1222142362346264,0.1,1.4,6.528872897282816e-05,0.144781991701458,-0.1659571510576124,1.7258689080525995,0.2276553106212424,0.0645290581162324,0.0863506290365436,1.7153257414910947,0.9166666666666652,val,0
dopamine,1.0,7.5,DVP,8,0.0510013993473033,0.1658617041089463,0.9596135799674896,-0.0530352209045317,0.1,1.4,-1.8221169997856043e-05,0.076967321375528,-0.0683149485564601,0.9596135799674896,0.1715430861723447,0.0645290581162324,0.0478821580695783,0.9518887190936948,0.769230769230771,val,0
glucose,0.5,6.0,DVP,1,0.0335207544071819,0.0703835425982958,0.2751551761351273,-0.0202963407749675,0.1,1.4,7.614576765997607e-06,0.0207797958428413,-0.0192864223639935,0.2751551761351273,0.5194388777555111,0.1486973947895791,0.0320448681459197,0.2696897663412623,0.9629629629629608,val,3
ascorbic_acid,2.0,6.5,DVP,2,0.1502708802819734,0.3835963555570196,1.6760604234286067,-0.1105850876096263,0.1,1.4,-8.486397809622304e-05,0.1314313421969928,-0.1071477286254154,1.6760604234286067,0.0761523046092184,0.1066132264529058,0.1439417035956228,1.658442343516913,0.8999999999999985,val,2
ascorbic_acid,0.1,6.5,DVP,5,0.0106686713126719,0.0221872269240833,0.1004668796915285,-0.0054046384037549,0.1,1.4,-3.026254193924299e-06,0.0076690967374635,-0.0060402707000298,0.1004668796915285,0.0761523046092184,0.1150300601202404,0.0087191421068532,0.0974129960929395,0.9523809523809516,val,2
dopamine,0.2,7.5,DVP,5,0.0123708202125823,0.0352143392743142,0.2019250698374801,-0.0087079570797499,0.1,1.4,-6.386346230756436e-06,0.0170109401014944,-0.0165528771317793,0.2019250698374801,0.1687374749498997,0.0645290581162324,0.0101552640811072,0.1989057014283473,0.7692307692307657,val,0
glucose,10.0,7.5,DVP,5,0.3717824683346392,0.8286535580160225,3.294013883531348,-0.2360805797645744,0.1,1.4,-0.0002245704629175,0.2324708841638001,-0.2216458423657799,3.294013883531348,0.4829659318637275,0.1486973947895791,0.3765116002244794,3.240084982131943,0.9629629629629608,val,3
uric_acid,2.0,7.0,DVP,9,0.1039414731022891,0.295337662727011,1.4174066323407255,-0.0926741908672492,0.1,1.4,0.0003356259339961,0.121202088964536,-0.0930905054094627,1.4174066323407255,0.3567134268537074,0.0869739478957914,0.0991546801749763,1.4036959817907697,0.9374999999999988,val,1
glucose,1.0,6.0,DVP,5,0.062827543475949,0.1362197117907157,0.5481485393602799,-0.0388547402298164,0.1,1.4,-2.6689362653350897e-05,0.0388821867666641,-0.0297395317000148,0.5481485393602799,0.5054108216432865,0.1402805611222444,0.0596755021168613,0.5378010501933596,0.7857142857142849,val,3
ascorbic_acid,2.0,7.5,DVP,0,0.1544447894265711,0.3922242762145085,1.7535293755682757,-0.1706475596593473,0.1,1.4,8.904815421427714e-05,0.1277298792531829,-0.131873485675888,1.7535293755682757,0.0312625250501001,0.1122244488977955,0.1522575756488873,1.7329000162947343,0.7391304347826093,val,2
glucose,0.2,7.5,DVP,5,0.0155848886431932,0.0292155541138604,0.1188000172906701,-0.0065748417104676,0.1,1.4,-4.229112500702983e-06,0.0083292345503158,-0.0079383308927372,0.1188000172906701,0.4829659318637275,0.1486973947895791,0.0132595976991976,0.1143358061662817,0.9629629629629608,val,3
dopamine,0.1,6.5,DVP,3,0.0071980098063876,0.0171763518288051,0.1026767009723694,-0.0037664364091916,0.1,1.4,-5.089501729631627e-06,0.0088280483479975,-0.0085861032235166,0.1026767009723694,0.2248496993987976,0.0617234468937875,0.0048082854936781,0.0999154841984892,0.6923076923076927,val,0
ascorbic_acid,0.5,7.0,DVP,0,0.0440866916749727,0.1082173227413012,0.4881582975047508,-0.0453464040938118,0.1,1.4,2.758048633983568e-05,0.0413389852057894,-0.0371085552148998,0.4881582975047508,0.0537074148296593,0.1178356713426853,0.0432103316926274,0.4810185697770844,0.8260869565217396,val,2
ascorbic_acid,0.5,7.0,DVP,1,0.0439777698831096,0.1073803768171381,0.4727706508138584,-0.0319799053824725,0.1,1.4,-4.368235910763296e-07,0.0308655959393262,-0.0334699536324322,0.4727706508138584,0.0480961923847695,0.1122244488977955,0.041765752203259,0.4663496315481791,0.6666666666666689,val,2
copper,5.0,7.5,DVP,2,0.1783280068429599,0.6587353758386794,4.059703858280252,-0.1976482715912861,0.1,1.4,-0.0001472325796666,0.4112484351576403,-0.3840555127918685,4.059703858280252,-0.0444889779559117,0.0533066132264528,0.170233623646703,4.043721624135186,0.900000000000002,val,4
glucose,5.0,7.0,DVP,5,0.2383641975302412,0.5304696524846856,2.139322901745694,-0.1543447320542031,0.1,1.4,-0.0001350043989259,0.1570088353238545,-0.1364073165634882,2.139322901745694,0.4829659318637275,0.1515030060120241,0.2437690939087923,2.105169914816537,0.7419354838709685,val,3
dopamine,0.2,6.5,DVP,5,0.0121147437450281,0.0341423633524614,0.1981349337150907,-0.0078956371793791,0.1,1.4,-6.132819587368877e-06,0.0170496308833618,-0.0147387560364903,0.1981349337150907,0.2304609218436873,0.0617234468937875,0.0095861185488205,0.1949080260384427,1.0,val,0
copper,10.0,6.5,DVP,3,0.2861996459802525,1.0124848656702985,6.002890793304945,-0.3479213906186499,0.1,1.4,-0.0005520096706969,0.5178375533120807,-0.5290004188047635,6.002890793304945,-0.0557114228456914,0.0561122244488977,0.2702565856934059,5.961035615535094,0.999999999999996,val,4
dopamine,1.0,7.0,DVP,7,0.0479197633877722,0.1649798231208031,0.94216439362214,-0.0543347837098175,0.1,1.4,-6.530929695911594e-05,0.083255100570569,-0.0627760415584297,0.94216439362214,0.1967935871743487,0.0645290581162325,0.047592810495328,0.9391049931218431,0.7692307692307687,val,0
copper,2.0,6.0,DVP,1,0.0862156919140241,0.3120791116311159,1.9113483759925205,-0.0945527891520889,0.1,1.4,-8.750766116759261e-06,0.1783897880843714,-0.1827094933037011,1.9113483759925205,-0.0613226452905811,0.0589178356713426,0.0861894000200034,1.9026868425126056,0.9090909090909042,val,4
ascorbic_acid,0.1,7.5,DVP,1,0.0107470473523849,0.0224448800312353,0.1003442331765337,-0.0056871977998817,0.1,1.4,3.084779505334728e-06,0.0067267820272205,-0.0072987911556539,0.1003442331765337,0.0368737474949899,0.1122244488977955,0.0086990740426113,0.097378970434854,0.904761904761905,val,2
ascorbic_acid,5.0,6.0,DVP,0,0.3084013645342468,0.7875937463247805,3.627030305034828,-0.3453085414296744,0.1,1.4,0.0001747297520397,0.2953091726983607,-0.249977244690892,3.627030305034828,0.0929859719438878,0.1066132264529058,0.2951398758209317,3.589457321098457,0.8095238095238101,val,2
aluminum,0.2,8.0,DVP,8,0.013386737962663,0.0321291215567657,0.153458755424751,-0.0087442645308781,0.1,1.4,-8.461395117158217e-07,0.0097505948238822,-0.0090118791604257,0.153458755424751,-0.2997995991983967,0.101002004008016,0.0116836865366451,0.1503569832273885,0.8947368421052625,val,5
aluminum,0.5,8.0,DVP,9,0.0304495578157473,0.0793562171020006,0.3742195344752364,-0.026094142905522,0.1,1.4,0.0001006071273691,0.0233753344441714,-0.0252369022782169,0.3742195344752364,-0.3054108216432865,0.0981963927855711,0.0283819161813761,0.3686097410287485,0.9444444444444456,val,5
copper,0.2,8.0,DVP,2,0.0112933192906315,0.0365704429559839,0.2226196169795675,-0.0098654402619317,0.1,1.4,-4.406906175751747e-06,0.0220644930523748,-0.0195299524502457,0.2226196169795675,-0.038877755511022,0.0561122244488978,0.0097863612368287,0.2204754541988266,1.0,val,4
copper,5.0,7.5,DVP,9,0.1826726903806871,0.6588025890342065,4.002616538050561,-0.1903798915218729,0.1,1.4,0.0007677803644244,0.4011273704750686,-0.3275059683151167,4.002616538050561,-0.0472945891783567,0.0589178356713426,0.1811879587077424,3.982127192470148,0.7499999999999992,val,4
uric_acid,2.0,6.5,DVP,3,0.1046114605873462,0.2928668779343037,1.4493202899629951,-0.0885904340648586,0.1,1.4,-0.0001513822321859,0.1088107866520601,-0.1465401205256912,1.4493202899629951,0.3707414829659319,0.0841683366733467,0.0965524516322139,1.434054603841618,0.666666666666666,val,1
dopamine,1.0,7.5,DVP,6,0.0508014360290238,0.1655807630396412,0.9561845300790645,-0.0450935635434497,0.1,1.4,-9.7474557112079e-05,0.0743888587283339,-0.0770459887363696,0.9561845300790645,0.1743486973947895,0.0645290581162324,0.0478035358671727,0.9487045902635776,0.9166666666666652,val,0
glucose,0.1,8.0,DVP,6,0.0091382424920156,0.0146779741192979,0.0612534261422112,-0.0030037740006086,0.1,1.4,-5.721691254288792e-06,0.0040589990679787,-0.0050223245318377,0.0612534261422112,0.4829659318637275,0.1402805611222446,0.006419222633185,0.0576533816524517,0.6666666666666666,val,3
ascorbic_acid,0.1,7.0,DVP,9,0.0107663159615146,0.0223552120183007,0.099592619977827,-0.0046238390344173,0.1,1.4,3.067160917252068e-05,0.0063520705236328,-0.0060979009188072,0.099592619977827,0.0565130260521041,0.1094188376753506,0.0084760960044233,0.0963897402424876,0.9500000000000012,val,2
uric_acid,0.2,6.5,DVP,9,0.0135343871813537,0.0331903331849692,0.1666131404541148,-0.008822620442281,0.1,1.4,4.184583756515615e-05,0.0119676641459803,-0.0090810180601015,0.1666131404541148,0.3763527054108216,0.0897795591182365,0.0113769788580879,0.1631053405610921,0.882352941176471,val,1
dopamine,0.5,8.0,DVP,2,0.0271331913475301,0.0865525301051493,0.4907874696064774,-0.0222059210784637,0.1,1.4,-1.4919949941635204e-05,0.0447861616467046,-0.038667426176969,0.4907874696064774,0.1462925851703407,0.0645290581162325,0.0250349477074589,0.486544918785285,0.9166666666666686,val,0
aluminum,5.0,6.0,DVP,6,0.2129513973829611,0.5684065102799281,2.6436168260286643,-0.1901822620604393,0.1,1.4,-0.000388692326909,0.2047909332253542,-0.1905874347353704,2.6436168260286643,-0.3390781563126252,0.0981963927855711,0.2034341356743248,2.6110104849818176,0.5909090909090912,val,5
dopamine,0.5,8.0,DVP,7,0.0264375858337921,0.0874912706013456,0.5006475561028381,-0.0232483655316141,0.1,1.4,-3.2915822256849e-05,0.0449462121215012,-0.0453175942174482,0.5006475561028381,0.1490981963927855,0.0617234468937876,0.0246703781173763,0.4979734226172954,0.8333333333333339,val,0
dopamine,0.2,6.5,DVP,9,0.0121291076140418,0.0342183976677448,0.2018217284433272,-0.0088619402679269,0.1,1.4,4.199198924900602e-05,0.0192936794192548,-0.0155384457194674,0.2018217284433272,0.2276553106212424,0.0645290581162324,0.0098603663759507,0.198391165901871,0.9166666666666652,val,0
ascorbic_acid,0.1,8.0,DVP,4,0.0109376728838153,0.0230826578162404,0.1050572901738165,-0.0068286287213577,0.1,1.4,3.0883005557015145e-06,0.0072364417733341,-0.0063974894608879,0.1050572901738165,0.0200400801603206,0.1094188376753506,0.0087695155053623,0.1022411832468166,0.8571428571428567,val,2
dopamine,5.0,7.5,DVP,2,0.1864387269305127,0.6378728025530539,3.6676069572439554,-0.1734244689007894,0.1,1.4,-0.0001345946139843,0.2571245393333412,-0.3136738448322353,3.6676069572439554,0.1743486973947895,0.0617234468937876,0.1783809848004293,3.647245311503662,0.9999999999999964,val,0
glucose,0.2,8.0,DVP,6,0.0156717996358933,0.0292856259532267,0.1193304705638462,-0.0073176350009538,0.1,1.4,-1.4981029778938944e-05,0.0079761146669405,-0.0098313828439835,0.1193304705638462,0.4829659318637275,0.1402805611222446,0.0128279305965623,0.1148502794137853,0.6666666666666666,val,3
glucose,10.0,8.0,DVP,7,0.361653161732807,0.8325788704190832,3.4111379296215185,-0.3102529842806903,0.1,1.4,-0.0003521601111501,0.2205018693038847,-0.2046735268153863,3.4111379296215185,0.4521042084168337,0.1402805611222444,0.366033999649588,3.382026751834627,0.6666666666666684,val,3
dopamine,2.0,7.0,DVP,4,0.0917898690002271,0.3073683281325887,1.764668854034212,-0.1002224411462924,0.1,1.4,-7.577579216781073e-06,0.1565378697255529,-0.1309468944071201,1.764668854034212,0.1995991983967936,0.0645290581162325,0.0889367314912295,1.7561238987018626,0.9166666666666686,val,0
uric_acid,0.1,8.0,DVP,2,0.0078590590811011,0.0171528327542324,0.0883260606791331,-0.0036298952399857,0.1,1.4,1.209429067663449e-07,0.0057246297484405,-0.0056105857114895,0.0883260606791331,0.2949899799599198,0.0869739478957916,0.0057676489691187,0.0856892269826475,0.6315789473684211,val,1
uric_acid,0.1,7.0,DVP,6,0.0078606708381213,0.0167519958889998,0.083892682403408,-0.0037727990666341,0.1,1.4,-6.802263364083361e-06,0.0070650450277797,-0.0055249909441656,0.083892682403408,0.3454909819639279,0.0869739478957914,0.0056287813241949,0.0810213319358365,0.6315789473684225,val,1
glucose,0.2,8.0,DVP,3,0.0158539101518463,0.0294095868182226,0.1215726827250617,-0.0077214337481099,0.1,1.4,-1.1923106304285544e-05,0.0101391212517269,-0.0159171812656971,0.1215726827250617,0.4577154308617234,0.1430861723446894,0.0129649064308411,0.1167938343846621,0.6999999999999992,val,3
uric_acid,1.0,6.5,DVP,3,0.0571069847929164,0.1571995055661596,0.7790315615741057,-0.0468865203410377,0.1,1.4,-7.95042131891824e-05,0.0584531305308515,-0.0787591630945777,0.7790315615741057,0.3707414829659319,0.0841683366733467,0.0518150981030897,0.7697179853159942,0.666666666666666,val,1
aluminum,2.0,8.0,DVP,3,0.1069853045351133,0.2819102179985383,1.3120416028633617,-0.1014322088023582,0.1,1.4,-0.0001591567769181,0.0953955978966223,-0.1538714789983707,1.3120416028633617,-0.294188376753507,0.101002004008016,0.1023703795447752,1.2938372586294515,0.8000000000000006,val,5
ascorbic_acid,0.5,8.0,DVP,0,0.0449283675663512,0.1106132940526379,0.5162133677593576,-0.0463169877382955,0.1,1.4,2.805661533348902e-05,0.0346078005495212,-0.0346168954727534,0.5162133677593576,0.0144288577154308,0.101002004008016,0.0399221905063393,0.5089973169096403,0.8947368421052635,val,2
aluminum,0.2,6.5,DVP,4,0.0132066340535434,0.0320056312842207,0.1495601150923647,-0.0110555875898035,0.1,1.4,2.664833533883152e-06,0.0109683652121149,-0.0095882414632212,0.1495601150923647,-0.3278557114228457,0.101002004008016,0.0116760832115689,0.1467868929974327,0.7999999999999996,val,5
uric_acid,10.0,7.0,DVP,9,0.3304777010849472,0.9520356333383756,4.56396129414815,-0.3027804729224404,0.1,1.4,0.0010717486360592,0.3904321183675743,-0.2998801173164023,4.56396129414815,0.3567134268537074,0.0869739478957914,0.319607907661358,4.524275987641635,0.9374999999999988,val,1
aluminum,0.2,6.0,DVP,3,0.0133548308896614,0.0317257235613901,0.1492670110645315,-0.0106796971134449,0.1,1.4,-1.4515999707552776e-05,0.0108774129612435,-0.0174752868167936,0.1492670110645315,-0.3278557114228457,0.1038076152304609,0.0117681219447239,0.1460262928723853,0.9473684210526316,val,5
aluminum,5.0,6.5,DVP,6,0.2138039930017936,0.5706362521959901,2.6350593091042587,-0.1909563085935244,0.1,1.4,-0.0003902826649186,0.2010247994816388,-0.1764027021735965,2.6350593091042587,-0.3222444889779559,0.101002004008016,0.2077546914102747,2.601477196941507,0.9999999999999988,val,5
aluminum,0.5,6.5,DVP,1,0.0297256725095497,0.0774950160838552,0.3553372144732783,-0.0242185108551253,0.1,1.4,6.696659735039873e-07,0.0269660448209011,-0.0286242800926205,0.3553372144732783,-0.3222444889779559,0.101002004008016,0.0283600254085651,0.3508275348250647,0.8947368421052635,val,5
glucose,2.0,7.5,DVP,4,0.1171759762052248,0.2521693619787098,0.9966008767699622,-0.0853412551479584,0.1,1.4,4.335632053462907e-06,0.077137291937665,-0.0724828220942873,0.9966008767699622,0.4745490981963928,0.1486973947895791,0.1144076050907044,0.9754585946368104,0.8275862068965527,val,3
dopamine,0.5,6.0,DVP,3,0.0268649032197734,0.082313449758215,0.4670051330689235,-0.0234055651945117,0.1,1.4,-3.9034051644687366e-05,0.0394125244367901,-0.0405957995366996,0.4670051330689235,0.2613226452905811,0.0673346693386773,0.0243524835897298,0.4617425737721193,0.7142857142857151,val,0
uric_acid,1.0,6.5,DVP,2,0.0552490111233825,0.1581372261077757,0.7895346034789575,-0.0443003657867375,0.1,1.4,-3.094671135637764e-05,0.0573270613605562,-0.0513289763289059,0.7895346034789575,0.3763527054108216,0.0869739478957916,0.053354311128688,0.7824823212962849,0.8235294117647053,val,1
uric_acid,1.0,7.0,DVP,7,0.0544369412958199,0.1595063235643824,0.7950288633646007,-0.0542378077214875,0.1,1.4,-6.478491948495372e-05,0.0649709817411618,-0.0486243993740704,0.7950288633646007,0.3511022044088177,0.0869739478957914,0.0539188823623188,0.7913504354997354,0.8235294117647073,val,1
ascorbic_acid,0.5,7.5,DVP,9,0.044906619990164,0.109399989032017,0.4856794528726559,-0.0299710479573347,0.1,1.4,0.0001321774683229,0.0303836242831511,-0.0282977306443285,0.4856794528726559,0.0284569138276553,0.1178356713426853,0.0436487878634454,0.4778195687373904,0.6800000000000007,val,2
ascorbic_acid,0.2,7.5,DVP,8,0.0196122885381455,0.0448262419247115,0.2011198326835285,-0.0131151471552368,0.1,1.4,-2.4354792002849734e-06,0.0164942858457511,-0.0117834357101698,0.2011198326835285,0.0256513026052104,0.1178356713426853,0.0179331069277904,0.1969544886951006,0.6153846153846151,val,2
copper,5.0,8.0,DVP,5,0.1832835961840165,0.661587365633601,4.068819400822868,-0.1999544780856107,0.1,1.4,-0.0002013565242963,0.338923153796733,-0.3252281655643392,4.068819400822868,-0.0416833667334669,0.0561122244488978,0.1768233671549662,4.049772203279303,0.8181818181818156,val,4
aluminum,0.5,8.0,DVP,5,0.0304130135729899,0.0782498438672863,0.3747629032322577,-0.0243248339670988,0.1,1.4,-2.183096330738502e-05,0.0239317397565497,-0.0202294940139654,0.3747629032322577,-0.3054108216432865,0.0953907815631262,0.0275451054369,0.3691666118552705,0.8888888888888903,val,5
copper,0.5,8.0,DVP,5,0.0259709086848201,0.0891525882972867,0.5494069040233013,-0.0261531625711847,0.1,1.4,-2.369984893413024e-05,0.0456366520905756,-0.0438075137229451,0.5494069040233013,-0.0416833667334669,0.0561122244488978,0.0238189772945216,0.5454946310530967,0.8181818181818156,val,4
glucose,0.1,7.5,DVP,8,0.0091164839601862,0.0147027266228739,0.0629757136631431,-0.0025551368228842,0.1,1.4,2.432711080938222e-06,0.0047164677551375,-0.004080781001456,0.0629757136631431,0.4745490981963928,0.1430861723446894,0.0064934608252799,0.0594180456829882,0.8214285714285726,val,3
dopamine,1.0,8.0,DVP,3,0.0523417272909412,0.1695151658440093,0.9736616456534686,-0.049460945375906,0.1,1.4,-8.298263862223379e-05,0.0752005641525655,-0.0820392985981146,0.9736616456534686,0.1462925851703407,0.0645290581162325,0.0489128502121822,0.9662643924155928,0.9166666666666686,val,0
ascorbic_acid,5.0,6.0,DVP,6,0.3110203533644788,0.7893395234971533,3.54874307520766,-0.2398416082172119,0.1,1.4,-0.0005096524262526,0.2523220930597192,-0.2146840413280739,3.54874307520766,0.0901803607214428,0.1094188376753507,0.3010377215105606,3.5077400112014963,0.7727272727272726,val,2
uric_acid,0.2,7.5,DVP,4,0.0137382502965914,0.033884089438775,0.1709116213344275,-0.0085798028684603,0.1,1.4,2.695182913873162e-06,0.0134098936653664,-0.0104045482672424,0.1709116213344275,0.3286573146292585,0.0869739478957916,0.0114462304182632,0.1675408905026379,0.9375000000000014,val,1
dopamine,0.1,6.5,DVP,0,0.0070447588748965,0.0171521500598137,0.1008681495596727,-0.0046434537217635,0.1,1.4,7.613268769596152e-06,0.0083508227809952,-0.0096186151400348,0.1008681495596727,0.2276553106212424,0.0645290581162324,0.0049401484117715,0.0982849287722977,0.9166666666666652,val,0
glucose,0.5,6.5,DVP,7,0.0329730645014663,0.0706181342518297,0.2781213903091766,-0.0242713340905957,0.1,1.4,-2.35722319493446e-05,0.0206315793518518,-0.01757527089213,0.2781213903091766,0.5054108216432865,0.1515030060120241,0.0326374324162287,0.2731774476564282,1.0,val,3
ascorbic_acid,10.0,7.5,DVP,8,0.4990361732165153,1.2632547823626945,5.613297523292078,-0.4335345146060153,0.1,1.4,-0.0001765383000768,0.463006470770247,-0.330488234673175,5.613297523292078,0.0256513026052104,0.1178356713426853,0.5064827490240864,5.558210261981665,0.6153846153846151,val,2
ascorbic_acid,0.5,8.0,DVP,6,0.0452969576702786,0.1107064871689368,0.4964050643041093,-0.0332220721500626,0.1,1.4,-6.82616641914206e-05,0.0349801331823479,-0.0296156357860447,0.4964050643041093,0.0116232464929859,0.1122244488977955,0.0427113637879539,0.4888532004389775,0.818181818181817,val,2
glucose,0.1,7.0,DVP,2,0.0089556590007873,0.0145281963323772,0.0617435849143328,-0.0027421538953141,0.1,1.4,1.2691741773718029e-06,0.0036655186916232,-0.0036090771834147,0.0617435849143328,0.4829659318637275,0.1430861723446892,0.0064026638976562,0.058214150365657,0.7586206896551723,val,3
aluminum,10.0,6.0,DVP,1,0.3263716604742075,0.8904741336180636,4.119646186721815,-0.2867459114596334,0.1,1.4,-3.449353163574506e-05,0.3094195003433628,-0.3151814818503899,4.119646186721815,-0.3362725450901803,0.1038076152304609,0.3317199362543678,4.084136134723829,0.6818181818181827,val,5
dopamine,0.5,6.5,DVP,6,0.0267135803007942,0.0837546247404694,0.4799621543652063,-0.0218225783068961,0.1,1.4,-4.749678675649959e-05,0.037755703091376,-0.0374266121500723,0.4799621543652063,0.2276553106212424,0.0645290581162324,0.0241905318414697,0.4751375289370335,0.9166666666666652,val,0
aluminum,2.0,6.5,DVP,7,0.0996634517950577,0.2779770510077586,1.2772768481351566,-0.1061038677946316,0.1,1.4,-0.000127646926944,0.0778825417909292,-0.0739532869830229,1.2772768481351566,-0.3110220440881763,0.101002004008016,0.1017339977005745,1.269123694627468,0.6363636363636365,val,5
dopamine,2.0,7.0,DVP,1,0.0905112991876912,0.3047061933298414,1.7433957829685431,-0.0865079534316044,0.1,1.4,-7.740222917595795e-06,0.1491537719548634,-0.125495109050635,1.7433957829685431,0.1995991983967936,0.0617234468937876,0.0857150767354694,1.7347461200975958,0.8333333333333339,val,0
dopamine,0.5,7.0,DVP,5,0.0270159804522334,0.0846373017655632,0.4865924497392725,-0.0227958235679714,0.1,1.4,-2.0983211077238677e-05,0.038412973611936,-0.0378110208578566,0.4865924497392725,0.2024048096192384,0.0645290581162325,0.0244056616252248,0.4818786828188373,0.9166666666666686,val,0
aluminum,1.0,8.0,DVP,0,0.0566766640870742,0.1512548393804677,0.7015160568876075,-0.0680438185190498,0.1,1.4,3.846963808226244e-05,0.0438084656337923,-0.0457822293028325,0.7015160568876075,-0.3082164328657314,0.0981963927855711,0.0544518792110841,0.6943922518764493,0.8421052631578941,val,5
ascorbic_acid,5.0,7.5,DVP,3,0.3253134410109202,0.8082068953099178,3.614744159747385,-0.2742538510765441,0.1,1.4,-0.0004444068912863,0.2180519050227591,-0.4228622170621482,3.614744159747385,0.0284569138276553,0.1150300601202404,0.3169646047049358,3.562264226633362,0.7083333333333346,val,2
copper,1.0,6.5,DVP,9,0.048003502113242,0.1690177384289703,1.0213220517832875,-0.0476031321973813,0.1,1.4,0.0002002737794212,0.0969839271727538,-0.0744813886405649,1.0213220517832875,-0.0557114228456914,0.0589178356713426,0.0465606926295414,1.0149461715657562,0.9090909090909042,val,4
glucose,5.0,8.0,DVP,0,0.2396560749900321,0.5347614918332769,2.127140508458341,-0.2302572139370995,0.1,1.4,0.0001394238109651,0.13617655923665,-0.166284591064145,2.127140508458341,0.4633266533066132,0.1430861723446894,0.2369351215563371,2.094094810459851,0.8888888888888886,val,3
copper,2.0,6.5,DVP,7,0.0833618274566086,0.3174279714043598,1.9112041025984985,-0.0974551012995539,0.1,1.4,-0.0001369335787111,0.1644850601603675,-0.1766729045229158,1.9112041025984985,-0.0529058116232464,0.0561122244488978,0.0853970195885831,1.9077647414431136,1.0,val,4
aluminum,0.2,6.0,DVP,5,0.0131505245109164,0.0314777948679219,0.1456576829916904,-0.0092969570315922,0.1,1.4,-6.469729468930114e-06,0.0097370522085243,-0.0110300503188034,0.1456576829916904,-0.3278557114228457,0.0981963927855711,0.0112739932814952,0.1426707628016089,0.9444444444444436,val,5
aluminum,5.0,8.0,DVP,4,0.2164476031679338,0.5871301767116945,2.6948094520849333,-0.2173646171885317,0.1,1.4,-2.0782541060458347e-05,0.1706061203632187,-0.1747040674554188,2.6948094520849333,-0.3054108216432865,0.101002004008016,0.2144214754993979,2.6696692056540665,0.8000000000000006,val,5
uric_acid,10.0,6.0,DVP,1,0.3204002742175532,0.9373748752631024,4.6005461386989,-0.2743830007063672,0.1,1.4,-3.2902753551604326e-05,0.3041193198301269,-0.3181261253780001,4.6005461386989,0.3987975951903807,0.0869739478957914,0.3170045376125489,4.574522541222385,0.7222222222222218,val,1
ascorbic_acid,10.0,7.0,DVP,1,0.4870977268246808,1.2404407109160056,5.440122762426204,-0.3826440816094992,0.1,1.4,-4.74042211069996e-05,0.3551314310472728,-0.3856758399591113,5.440122762426204,0.0480961923847695,0.1122244488977955,0.4823937123426925,5.3860885344802485,0.6666666666666689,val,2
glucose,2.0,6.0,DVP,2,0.1132366730349449,0.2516596054373007,1.0153992038240285,-0.0761619437489611,0.1,1.4,-3.2039673395669266e-05,0.0608307659276282,-0.0649796096166949,1.0153992038240285,0.4997995991983969,0.1430861723446894,0.1114769634917965,0.9988067907027888,0.5937500000000017,val,3
aluminum,10.0,8.0,DVP,6,0.3357295162815339,0.898554832356204,4.282668659350772,-0.3009785829225019,0.1,1.4,-0.000616331916452,0.2652136175867917,-0.2966734033323623,4.282668659350772,-0.3110220440881763,0.1038076152304609,0.3331860078866355,4.230083197488744,0.6818181818181812,val,5
aluminum,0.5,6.5,DVP,5,0.0300688057053696,0.0770668900160995,0.354475469754221,-0.0240320575463206,0.1,1.4,-2.153169238830392e-05,0.0231328329992173,-0.0253820282986977,0.354475469754221,-0.3278557114228457,0.1038076152304609,0.0285930402718052,0.3491981288591696,0.7619047619047609,val,5
ascorbic_acid,5.0,7.5,DVP,9,0.3207329537829145,0.8122672639231803,3.5932897288650145,-0.2362588625649553,0.1,1.4,0.000952126693623,0.2246913267702706,-0.2094572714668416,3.5932897288650145,0.0284569138276553,0.1178356713426853,0.3241845131544856,3.548358135003708,0.6800000000000007,val,2
copper,1.0,7.0,DVP,2,0.047114665344645,0.1700826593313885,1.0497220478520384,-0.0501761281069126,0.1,1.4,-3.5049890992983626e-05,0.1016554064635131,-0.1003958881122684,1.0497220478520384,-0.0529058116232464,0.0533066132264529,0.0440932693681281,1.0448281655503804,0.7272727272727295,val,4
glucose,10.0,6.5,DVP,6,0.3670734217010108,0.8164314981200601,3.376704747382343,-0.2396764697159386,0.1,1.4,-0.0004802587258777,0.240997750742232,-0.2162656164296097,3.376704747382343,0.4829659318637275,0.1402805611222446,0.3563247261518204,3.322493292916295,0.4705882352941183,val,3
glucose,2.0,7.5,DVP,2,0.1154789873885717,0.256453086438637,1.0274387720275489,-0.0775670265290011,0.1,1.4,-4.566855675887649e-05,0.0633662446984171,-0.0630325832906318,1.0274387720275489,0.4829659318637275,0.1430861723446894,0.1131719605901157,1.0093962913525856,0.8888888888888886,val,3
uric_acid,0.2,6.5,DVP,3,0.0137170698940673,0.0332846304343731,0.1667993372188996,-0.0087947566247918,0.1,1.4,-1.3851849381114876e-05,0.0124571611602989,-0.0168489972519859,0.1667993372188996,0.3707414829659319,0.0841683366733467,0.010985488779277,0.1633126862055704,0.666666666666666,val,1
ascorbic_acid,0.2,7.0,DVP,5,0.0193745056052408,0.0445197851750992,0.1981779741447449,-0.0122019749251195,0.1,1.4,-9.96969937127612e-06,0.014698446745634,-0.0105002881230451,0.1981779741447449,0.0480961923847695,0.1122244488977955,0.0171737205613656,0.1940244489956097,0.6666666666666689,val,2
glucose,0.1,8.0,DVP,0,0.0090860910577055,0.0146922513762158,0.0611201303572139,-0.0045848461008006,0.1,1.4,7.906282947910805e-06,0.0039251370957659,-0.0047288546726215,0.0611201303572139,0.4633266533066132,0.1430861723446894,0.0064855671662708,0.0575447910055953,0.8888888888888886,val,3
copper,0.1,7.0,DVP,1,0.0064224151861147,0.0182467942506016,0.1134349610349238,-0.0047550468996088,0.1,1.4,3.2765995006351904e-06,0.0094395676057268,-0.0092775711696362,0.1134349610349238,-0.0501002004008015,0.0561122244488977,0.0048692358356804,0.1114361087414105,0.999999999999996,val,4
dopamine,0.5,7.0,DVP,2,0.0265199593576893,0.084915235619294,0.4791143269217237,-0.0216336444521882,0.1,1.4,-1.446704927605625e-05,0.0372902650722931,-0.0385043015747721,0.4791143269217237,0.1995991983967936,0.0645290581162325,0.0244809168447439,0.4749708262423548,0.9166666666666686,val,0
dopamine,0.5,7.0,DVP,3,0.0275026078087939,0.0852347985877156,0.4953104529276804,-0.02405201464572,0.1,1.4,-4.014822805050186e-05,0.0431288342185501,-0.0422531491368866,0.4953104529276804,0.2024048096192384,0.0617234468937876,0.0240020014793387,0.4903880452620541,0.9999999999999964,val,0
aluminum,0.5,7.5,DVP,4,0.0303205877264194,0.0787721353537834,0.3656964881472029,-0.0284319511738556,0.1,1.4,6.899800574644288e-07,0.0245907468302504,-0.0235015948831138,0.3656964881472029,-0.3138276553106212,0.101002004008016,0.0286318787968616,0.3610501111426785,0.7999999999999996,val,5
copper,0.2,6.5,DVP,7,0.0108423348699231,0.0363417194295461,0.219929805466053,-0.0093660857505438,0.1,1.4,-1.2188383667513466e-05,0.0187968514768359,-0.0202254558586413,0.219929805466053,-0.0529058116232464,0.0561122244488978,0.0097757956575327,0.2182851793489158,1.0,val,4
glucose,5.0,7.5,DVP,9,0.240135655801981,0.5327376877313323,2.112931693419581,-0.1783711506999986,0.1,1.4,0.0006602900894069,0.1494050234863676,-0.1461841937388555,2.112931693419581,0.4857715430861723,0.1486973947895791,0.2425164463794678,2.077810372209898,0.8928571428571425,val,3
ascorbic_acid,5.0,6.5,DVP,6,0.3141736205069476,0.7964487071905136,3.5445790743914083,-0.2423585327145388,0.1,1.4,-0.0005149794146586,0.2605027207826667,-0.2189393635159391,3.5445790743914083,0.0789579158316633,0.1150300601202405,0.3126829637695583,3.501732819688675,0.9523809523809534,val,2
uric_acid,1.0,6.0,DVP,5,0.0556947755589368,0.1543861308301848,0.7537912446594589,-0.0392316070079207,0.1,1.4,-4.283261222133082e-05,0.0514784835670343,-0.0513559998795088,0.7537912446594589,0.4016032064128255,0.0869739478957914,0.0518740184133496,0.7454548004691773,0.823529411764703,val,1
ascorbic_acid,10.0,7.5,DVP,2,0.4894188582745954,1.2680766052206276,5.599053578071504,-0.3672625664182601,0.1,1.4,-0.0002879986062143,0.4528653949055752,-0.3117902775323082,5.599053578071504,0.0480961923847695,0.1094188376753507,0.4847809807285296,5.550171227141226,0.6956521739130422,val,2
uric_acid,5.0,7.0,DVP,3,0.2164810016937667,0.6114906947743184,3.049907582204112,-0.1868174483776678,0.1,1.4,-0.0003206796780715,0.2249543383847664,-0.3061875128499023,3.049907582204112,0.3539078156312625,0.0869739478957914,0.2068290449927205,3.021234537160387,0.9374999999999988,val,1
aluminum,10.0,6.5,DVP,9,0.332043174872443,0.9053148961083276,4.288500387552916,-0.3118687817093956,0.1,1.4,0.0011018415235968,0.2667782392002955,-0.3264965186489752,4.288500387552916,-0.3222444889779559,0.0925851703406813,0.3119562747582678,4.23842764367121,0.9411764705882344,val,5
uric_acid,0.5,7.5,DVP,0,0.0303905961088565,0.0829052337705334,0.4061076665874994,-0.0327419889674282,0.1,1.4,2.1397278085756196e-05,0.0261870492867531,-0.0286654306135277,0.4061076665874994,0.3258517034068136,0.0869739478957916,0.027874308781952,0.4010743387288998,0.8235294117647053,val,1
uric_acid,2.0,7.5,DVP,5,0.104732326560494,0.2969790489564755,1.4261656705378734,-0.0756797078383702,0.1,1.4,-8.557721737404429e-05,0.1483926188411733,-0.1016106260732576,1.4261656705378734,0.3314629258517034,0.0869739478957916,0.1004365235230181,1.4124970575185254,0.9374999999999966,val,1
copper,0.1,6.0,DVP,1,0.006373297389539,0.0180683766360383,0.1118319065552131,-0.004690451371983,0.1,1.4,3.2852513220342294e-06,0.0103065715271095,-0.0105682368986873,0.1118319065552131,-0.0613226452905811,0.0589178356713426,0.0049790635845809,0.1098503816419014,0.9090909090909042,val,4
copper,10.0,7.5,DVP,5,0.2828745924391531,1.0239639697321228,6.2578835342631525,-0.3102442530641647,0.1,1.4,-0.0003140928099288,0.5231416182350372,-0.5062231390639171,6.2578835342631525,-0.0416833667334669,0.0561122244488977,0.2738242227033123,6.229245294615375,0.8181818181818185,val,4
glucose,5.0,7.0,DVP,9,0.2386025649104382,0.5296905301335579,2.148124882642417,-0.1773246018897641,0.1,1.4,0.0006636233659083,0.1483571165410707,-0.1477872279225309,2.148124882642417,0.4857715430861723,0.1430861723446892,0.2349508799508866,2.111417273033969,0.8214285714285698,val,3
glucose,5.0,7.0,DVP,0,0.2366406974547939,0.5283734080446932,2.058861819070914,-0.2283437545305814,0.1,1.4,0.0001506254272608,0.1345654361986209,-0.1712019381123909,2.058861819070914,0.494188376753507,0.1374749498997995,0.2277503910240089,2.0271792692100137,0.884615384615387,val,3
aluminum,5.0,6.5,DVP,2,0.2099764542082808,0.576696677518413,2.5630245742667923,-0.1827338315081059,0.1,1.4,-0.000135777771588,0.1887712929736899,-0.1687550161522428,2.5630245742667923,-0.3250501002004007,0.1066132264529058,0.2175694983045314,2.538868748403148,0.8095238095238101,val,5
copper,1.0,6.5,DVP,1,0.0472238259950096,0.1685017525259901,1.0164188524746869,-0.0507328352995068,0.1,1.4,-2.8815917577812017e-06,0.0894707198146588,-0.0957512583607039,1.0164188524746869,-0.0501002004008015,0.0561122244488978,0.0450726834707235,1.010850824200414,0.8181818181818156,val,4
aluminum,0.1,6.5,DVP,6,0.007397448424136,0.015985376480572,0.0750101844394599,-0.0044980760690616,0.1,1.4,-7.189839050752045e-06,0.0056570909919861,-0.00497617617363,0.0750101844394599,-0.3222444889779559,0.101002004008016,0.0058071437074493,0.0726621227925993,0.9999999999999988,val,5
dopamine,1.0,8.0,DVP,9,0.0514529242165623,0.1694930785791246,0.977924438173578,-0.048346161726447,0.1,1.4,0.0001880023640542,0.0849738526401843,-0.0728345694303793,0.977924438173578,0.1462925851703407,0.0617234468937876,0.0477670147589768,0.971055199309802,0.9999999999999964,val,0
aluminum,0.1,7.0,DVP,3,0.0075239730079521,0.0162143307163577,0.0752278108463608,-0.005028217169781,0.1,1.4,-5.508706807037821e-06,0.005311651352104,-0.008981413430675,0.0752278108463608,-0.3250501002004007,0.101002004008016,0.0058866077052331,0.0728924124409175,0.7142857142857142,val,5
aluminum,10.0,6.5,DVP,4,0.3318823761435259,0.8994111676993737,4.169654270492081,-0.3346754131526632,0.1,1.4,-3.4115114374802883e-05,0.3076235158751622,-0.2673426683413263,4.169654270492081,-0.3278557114228457,0.101002004008016,0.3285044482946564,4.131429610671754,0.7999999999999996,val,5
uric_acid,1.0,8.0,DVP,6,0.0576834953037887,0.1604066353846061,0.8014708412541057,-0.0450242244915849,0.1,1.4,-9.732780338003583e-05,0.0557518070927416,-0.0659233091861549,0.8014708412541057,0.292184368737475,0.0869739478957916,0.0540299250667117,0.79281297434825,0.5500000000000019,val,1
ascorbic_acid,1.0,6.5,DVP,3,0.0841641382616676,0.2066265519651904,0.9242849430235924,-0.0648439942821973,0.1,1.4,-0.0001101035992168,0.065048218962713,-0.1076143530480553,0.9242849430235924,0.0789579158316633,0.1094188376753507,0.0785809320521807,0.9094277026489472,0.9499999999999992,val,2
uric_acid,1.0,6.5,DVP,7,0.0539652016446807,0.1579731052386971,0.7858641891413418,-0.0537270918209885,0.1,1.4,-6.415989181497982e-05,0.0604300905665815,-0.0499027458161666,0.7858641891413418,0.3735470941883767,0.0841683366733467,0.0524588084376298,0.7822640769805719,0.7647058823529379,val,1
aluminum,5.0,8.0,DVP,6,0.2163618753125709,0.5776956020164732,2.7538460026894285,-0.1931912687761418,0.1,1.4,-0.0003948745627992,0.1705218912927625,-0.1907441941457118,2.7538460026894285,-0.3110220440881763,0.1038076152304609,0.2142087362012603,2.7195397804716066,0.6818181818181812,val,5
copper,2.0,6.5,DVP,8,0.0883970065871368,0.3163888799593,1.9190393208835768,-0.0898293892513177,0.1,1.4,-4.067778796473221e-05,0.1616119336208088,-0.1720429495829078,1.9190393208835768,-0.0585170340681362,0.0533066132264529,0.0822037459619837,1.908478041106416,0.7272727272727295,val,4
glucose,2.0,8.0,DVP,1,0.1167237944030688,0.2589078421533443,1.0291057874536225,-0.0791509846189741,0.1,1.4,1.4166064941574797e-06,0.0749479498325897,-0.0728250807731575,1.0291057874536225,0.4689378757515029,0.1374749498997995,0.1121442180795523,1.0145254940691215,0.884615384615387,val,3
copper,0.1,7.5,DVP,8,0.0065507427703395,0.018460037836194,0.1126953840730688,-0.0042743488483403,0.1,1.4,1.3914345790332176e-06,0.0102994226820186,-0.0088210062058962,0.1126953840730688,-0.0416833667334669,0.0561122244488977,0.0049313797259398,0.110712010239803,0.8181818181818185,val,4
glucose,10.0,7.0,DVP,7,0.3570781453463587,0.8224049784690649,3.2713938432093057,-0.306549250806326,0.1,1.4,-0.0003280252399173,0.235081035639098,-0.2027798288204874,3.2713938432093057,0.4829659318637275,0.1430861723446892,0.3658174607313572,3.2428000786564977,0.7586206896551723,val,3
glucose,1.0,7.0,DVP,3,0.0645033012745368,0.137590759163729,0.5511630033995916,-0.0428654776555582,0.1,1.4,-6.574422365268128e-05,0.0493818809088004,-0.0730364473332198,0.5511630033995916,0.4829659318637275,0.1430861723446892,0.0610261780632569,0.5393135762458253,0.7000000000000011,val,3
aluminum,0.2,6.0,DVP,7,0.0126572087881884,0.0317377402561616,0.1469306628536618,-0.0108773092265635,0.1,1.4,-1.1108846120660945e-05,0.0094439186473879,-0.0092847286232329,0.1469306628536618,-0.3334669338677354,0.1038076152304608,0.0118188897189889,0.1448795297544411,0.8499999999999994,val,5
dopamine,0.2,6.5,DVP,3,0.0123124964435452,0.0341800005029859,0.2020596485956714,-0.00883486637027,0.1,1.4,-1.3920983923992494e-05,0.017478581761509,-0.0169141872235754,0.2020596485956714,0.2248496993987976,0.0617234468937875,0.0095719429067898,0.198688091313708,0.6923076923076927,val,0
dopamine,0.1,6.0,DVP,1,0.0069645914584937,0.017019124106773,0.1004173380108314,-0.0036127975627281,0.1,1.4,3.3626213470472545e-06,0.0088901977909228,-0.0075625833699536,0.1004173380108314,0.2585170340681363,0.0617234468937875,0.0047863404069597,0.0979071834350193,0.8333333333333306,val,0
dopamine,10.0,7.5,DVP,0,0.2917079405912343,0.9892851255231796,5.631446013118936,-0.4092514743945771,0.1,1.4,0.0002060975630428,0.5731779643107717,-0.4693920936466582,5.631446013118936,0.1715430861723447,0.0645290581162324,0.2848786602047943,5.598964475244675,0.9166666666666652,val,0
glucose,5.0,8.0,DVP,2,0.2380151210298378,0.5348306028160862,2.137864673988496,-0.1638853482867859,0.1,1.4,-0.0001051561446543,0.1397831286020092,-0.1323431308186463,2.137864673988496,0.4549098196392785,0.1486973947895792,0.2423570390297719,2.1025896067723826,0.7666666666666656,val,3
dopamine,0.5,6.5,DVP,7,0.0255428282956157,0.0847207221920361,0.4805106493780097,-0.0271084243431461,0.1,1.4,-3.158554432261668e-05,0.0378708390012761,-0.0349677234309197,0.4805106493780097,0.2248496993987976,0.0645290581162324,0.024517549520687,0.4778934227241788,0.769230769230771,val,0
uric_acid,0.2,6.0,DVP,8,0.0134608807442866,0.0330591473229043,0.1657907225721917,-0.0089417997032474,0.1,1.4,-5.553406659629528e-07,0.0119169862140537,-0.0100789770947511,0.1657907225721917,0.4072144288577154,0.0897795591182364,0.0113367907593551,0.1623583587256433,0.8823529411764687,val,1
aluminum,0.2,8.0,DVP,1,0.0131952159396943,0.0322018490960614,0.1519947059905658,-0.0095879817045789,0.1,1.4,2.6292829786019044e-06,0.0098186968369056,-0.0128312700922153,0.1519947059905658,-0.3082164328657314,0.0953907815631262,0.0113526853131105,0.1493417712153071,0.8888888888888882,val,5
dopamine,10.0,8.0,DVP,1,0.2943382506112257,1.0020088014287027,5.706172557948406,-0.2885232812590476,0.1,1.4,-3.479783201946862e-05,0.4601184914779974,-0.5446766539860306,5.706172557948406,0.1462925851703407,0.0645290581162325,0.2890999546071509,5.677178944082017,0.9166666666666686,val,0
glucose,0.5,7.5,DVP,7,0.0333774827510591,0.0714567805421734,0.2855169796251915,-0.0245853609994254,0.1,1.4,-2.605709500092977e-05,0.0199030160329991,-0.0177284153303233,0.2855169796251915,0.4773547094188376,0.1402805611222444,0.031374251169947,0.280614790206228,1.0,val,3
aluminum,0.5,7.5,DVP,5,0.0302982735356919,0.0778520329058168,0.3686427365835596,-0.024229234508763,0.1,1.4,-2.17332432122018e-05,0.023614806320142,-0.0210583332571536,0.3686427365835596,-0.3054108216432865,0.0981963927855711,0.0279265781741391,0.3630605065515913,0.8421052631578941,val,5
uric_acid,1.0,7.5,DVP,9,0.0572391401835624,0.1605458886358703,0.8039761047605851,-0.0493628675765761,0.1,1.4,0.0001838815504323,0.0558403005758345,-0.0446325403881393,0.8039761047605851,0.3258517034068136,0.0869739478957916,0.0542114795263517,0.79525474078268,0.8235294117647053,val,1
glucose,0.1,6.0,DVP,0,0.008914696827238,0.0144071789650204,0.0606960062030454,-0.0044700924801585,0.1,1.4,8.712650807661232e-06,0.0038208617169546,-0.004707877565651,0.0606960062030454,0.5110220440881764,0.1430861723446894,0.0063520495724842,0.0572343136675928,0.7586206896551749,val,3
copper,10.0,6.5,DVP,6,0.2802067606267596,1.0211610846049597,6.182792405437318,-0.3186502356129529,0.1,1.4,-0.0006526396903718,0.6352807987363347,-0.51079554488457,6.182792405437318,-0.0529058116232464,0.0561122244488977,0.2722627357323358,6.151943184174699,0.8181818181818185,val,4
aluminum,0.5,7.5,DVP,6,0.030309038324716,0.0775652151302019,0.3723438057576859,-0.0251925974433624,0.1,1.4,-4.970832997613196e-05,0.0246542502281797,-0.0246458486462233,0.3723438057576859,-0.3110220440881763,0.0981963927855711,0.027749054818243,0.3665894291059667,0.9444444444444436,val,5
dopamine,0.1,6.5,DVP,7,0.0068549115637319,0.0174028719425213,0.1004763784873077,-0.0040892705342601,0.1,1.4,-3.4138260226087897e-06,0.0078234212033092,-0.0072386858127784,0.1004763784873077,0.2248496993987976,0.0645290581162324,0.0050344346661644,0.0982450755623399,0.769230769230771,val,0
ascorbic_acid,0.1,6.5,DVP,1,0.0105739189989808,0.0219542521660376,0.0992124735704184,-0.0055407283087675,0.1,1.4,3.104397394128377e-06,0.0064167858955207,-0.0064532959410115,0.0992124735704184,0.0845691382765531,0.1122244488977955,0.0085117760793971,0.0961439865493917,0.818181818181817,val,2
aluminum,2.0,7.5,DVP,4,0.1048561216502906,0.282100254594504,1.3064955073789526,-0.1041091120171393,0.1,1.4,-7.910858915297199e-06,0.0880016518448583,-0.083966770585085,1.3064955073789526,-0.3138276553106212,0.101002004008016,0.102568502018483,1.2935821767948243,0.7999999999999996,val,5
ascorbic_acid,0.1,7.0,DVP,3,0.0108950130790489,0.0223226729591159,0.0983120270425745,-0.0061377018819622,0.1,1.4,-8.566541262382098e-06,0.0064453246680205,-0.0118649500425433,0.0983120270425745,0.0565130260521041,0.1178356713426853,0.008893898114145,0.0950310676897409,0.9090909090909076,val,2
dopamine,1.0,7.5,DVP,9,0.0508498678325589,0.1664565301896898,0.963385364952724,-0.0477249922232512,0.1,1.4,0.0001857542120369,0.0709457540823985,-0.0871068671844739,0.963385364952724,0.1687374749498997,0.0645290581162324,0.0479554134212517,0.9565750567090368,0.7692307692307657,val,0
aluminum,10.0,6.0,DVP,8,0.3316274733350123,0.8893703463172705,4.112148767279809,-0.282496120277559,0.1,1.4,-0.0001298672643177,0.3306144757408605,-0.3154101813558168,4.112148767279809,-0.3306613226452906,0.101002004008016,0.3246445911089999,4.070042594740837,0.8947368421052635,val,5
glucose,5.0,7.5,DVP,1,0.237618362673328,0.5332670298353305,2.142726096345279,-0.1647900196227864,0.1,1.4,4.374629180748491e-06,0.1541399947596041,-0.1530422885000743,2.142726096345279,0.4689378757515029,0.1402805611222444,0.2348110856811497,2.1186989658477304,0.7857142857142849,val,3
dopamine,0.5,6.5,DVP,1,0.0263716518390705,0.0840269152091489,0.4797663335836952,-0.0228751417384379,0.1,1.4,7.826538530098862e-07,0.0369972613820839,-0.0319733677569105,0.4797663335836952,0.2276553106212424,0.0645290581162324,0.0242577433616024,0.4756988204915799,0.9166666666666652,val,0
dopamine,5.0,6.5,DVP,9,0.1857682075416027,0.6226195369578112,3.632734051554253,-0.1930010413312913,0.1,1.4,0.0006872807004529,0.3492904886138753,-0.2812699697547929,3.632734051554253,0.2276553106212424,0.0645290581162324,0.1796443820255626,3.6101551286954408,0.9166666666666652,val,0
uric_acid,2.0,6.5,DVP,2,0.1011548323256461,0.2946130730939129,1.4688731432130953,-0.0839017995951968,0.1,1.4,-6.10444432791063e-05,0.1067131006099333,-0.0955373252327906,1.4688731432130953,0.3763527054108216,0.0869739478957916,0.0994088310824895,1.4576850541562196,0.8235294117647053,val,1
glucose,0.5,6.5,DVP,8,0.034143119038236,0.0710153784853505,0.2870478742671605,-0.022921412972156,0.1,1.4,-1.2047010763340736e-06,0.0196461385242171,-0.0194993563503912,0.2870478742671605,0.4857715430861723,0.1486973947895791,0.0321962015577249,0.2802883960361985,0.5588235294117634,val,3
copper,0.1,6.0,DVP,6,0.0064519747956226,0.0182884675486607,0.1130205662624439,-0.004806636837401,0.1,1.4,-7.823800949228986e-06,0.0105587140889884,-0.0085372440722064,0.1130205662624439,-0.0613226452905811,0.0561122244488978,0.0048777025520938,0.1110320307758989,0.8181818181818156,val,4
ascorbic_acid,1.0,7.5,DVP,8,0.0848400279501686,0.2105973704544158,0.9374705388887732,-0.0703150610941182,0.1,1.4,-2.6122937822953496e-05,0.0772442429783356,-0.0551446328479935,0.9374705388887732,0.0256513026052104,0.1178356713426853,0.0844026525492325,0.926378795839532,0.6153846153846151,val,2
ascorbic_acid,5.0,6.5,DVP,2,0.309135677332452,0.7945751490325891,3.469587774015661,-0.230784924357488,0.1,1.4,-0.0001799909901378,0.2721585151752446,-0.2218626988741707,3.469587774015661,0.0761523046092184,0.1066132264529058,0.2981719983410524,3.4353601577618718,0.8999999999999985,val,2
aluminum,0.1,7.5,DVP,6,0.0074448179171259,0.0161247546699084,0.078391987422324,-0.0045421334664314,0.1,1.4,-7.28035836680032e-06,0.0051479109924509,-0.0051420183012471,0.078391987422324,-0.3110220440881763,0.0981963927855711,0.0057592615440563,0.0760684365328445,0.9444444444444436,val,5
glucose,5.0,7.0,DVP,7,0.2304402637596822,0.5286353076078953,2.1037978249600786,-0.196247746012505,0.1,1.4,-0.0002095206800996,0.1511554292135253,-0.1303992418342626,2.1037978249600786,0.4829659318637275,0.1430861723446892,0.2351423352359651,2.084488410671977,0.7586206896551723,val,3
copper,0.5,7.0,DVP,2,0.0251836183263963,0.0883640819730497,0.5460024657092082,-0.0255103447219328,0.1,1.4,-1.62950758380572e-05,0.0528050557172003,-0.0521580896824007,0.5460024657092082,-0.0529058116232464,0.0533066132264529,0.0229072326063555,0.5427822896054737,0.7272727272727295,val,4
aluminum,0.5,6.0,DVP,3,0.0304493552672242,0.0772906749322663,0.3618353051771877,-0.0272551053346907,0.1,1.4,-4.093378019416633e-05,0.026465378206096,-0.0423872426613931,0.3618353051771877,-0.3278557114228457,0.1038076152304609,0.0286672161727034,0.3558425518777728,0.9473684210526316,val,5
copper,5.0,6.5,DVP,9,0.1808701152674927,0.6516053536564175,3.933865840142917,-0.1883974702912826,0.1,1.4,0.0007599006709229,0.3738515543951347,-0.2871959342744974,3.933865840142917,-0.0557114228456914,0.0589178356713426,0.1795729190523104,3.9144485986125535,0.9090909090909042,val,4
ascorbic_acid,2.0,7.0,DVP,4,0.1542813003820574,0.3927080032227361,1.7242437559956338,-0.1370288567751212,0.1,1.4,-1.1723541864418596e-05,0.1085379659732352,-0.1073188746609664,1.7242437559956338,0.0537074148296593,0.1150300601202404,0.1549990185869272,1.7083656119392725,0.8636363636363648,val,2
ascorbic_acid,2.0,6.5,DVP,5,0.152654355109979,0.3851340658898792,1.710904118733864,-0.1157122036451962,0.1,1.4,-0.0001161753634368,0.1318663331685778,-0.103526535946672,1.710904118733864,0.0761523046092184,0.1150300601202404,0.1515097739156349,1.6914795342380995,0.9523809523809516,val,2
aluminum,0.1,8.0,DVP,2,0.0073582598656297,0.016377849442604,0.0800039180388455,-0.0042670814284385,0.1,1.4,6.254108783251312e-09,0.005050363670378,-0.0041598605183969,0.0800039180388455,-0.3054108216432865,0.0981963927855711,0.0058714826603669,0.0779990290005947,0.8421052631578961,val,5
glucose,10.0,7.5,DVP,8,0.3729768459501208,0.8315130712862051,3.4064769916288578,-0.2981445006333589,0.1,1.4,-8.13637272104406e-05,0.2584238632438764,-0.223656768804896,3.4064769916288578,0.4745490981963928,0.1430861723446894,0.3683375927329983,3.354548225114948,0.8214285714285726,val,3
dopamine,1.0,6.0,DVP,7,0.0467720027536507,0.1607173591881359,0.9332974411630904,-0.0532423290797097,0.1,1.4,-6.356666722869468e-05,0.0709365439355953,-0.0660586044919198,0.9332974411630904,0.2557114228456913,0.0617234468937875,0.0451417576563939,0.9304864018358332,1.0,val,0
ascorbic_acid,5.0,8.0,DVP,7,0.3114818616168246,0.8191219680639612,3.5378485545069904,-0.2590366113723147,0.1,1.4,-0.000365669186995,0.2236324960565432,-0.2394265763417477,3.5378485545069904,0.0088176352705411,0.1178356713426853,0.3282369290774872,3.5168060806405976,0.6800000000000007,val,2
ascorbic_acid,0.5,6.5,DVP,7,0.0424299124915561,0.1069207498014899,0.4715354259132418,-0.0314210819725792,0.1,1.4,-4.4449471379544245e-05,0.0284067167787125,-0.0284340818060929,0.4715354259132418,0.0761523046092184,0.1150300601202405,0.0422576595447872,0.4671823495960859,0.8636363636363632,val,2
uric_acid,0.5,8.0,DVP,9,0.0309377796744343,0.0841168496585032,0.4305052582369735,-0.0249700111966021,0.1,1.4,9.841948577284882e-05,0.0298438101552457,-0.0281753334593118,0.4305052582369735,0.3006012024048096,0.0869739478957916,0.0282833717167647,0.4250409021872219,0.8235294117647053,val,1
copper,0.1,7.0,DVP,6,0.0065020026870676,0.0184130384937614,0.1123159096422149,-0.0048733926329559,0.1,1.4,-7.960955881981514e-06,0.0113242383968433,-0.0093701590846554,0.1123159096422149,-0.0529058116232464,0.0561122244488977,0.0048948853281044,0.110293369175954,0.8181818181818185,val,4
ascorbic_acid,0.5,6.5,DVP,5,0.04400943916791,0.1074109641720499,0.4786262313694858,-0.0313068197155103,0.1,1.4,-2.9595680655816524e-05,0.0368328202718952,-0.0289317823773789,0.4786262313694858,0.0761523046092184,0.1150300601202404,0.0422610724858912,0.4718338087712591,0.9523809523809516,val,2
uric_acid,5.0,6.5,DVP,6,0.2110825255698927,0.6052366107549142,2.9606511865724823,-0.1766733047256396,0.1,1.4,-0.0003759594358551,0.2688316213129416,-0.2145118904894901,2.9606511865724823,0.3791583166332665,0.0897795591182364,0.2080628612827695,2.9330318225760164,0.8823529411764687,val,1
uric_acid,5.0,6.5,DVP,1,0.2085610747714516,0.606548699043455,2.981174500850473,-0.1775704378667059,0.1,1.4,-1.993691155449817e-05,0.2040417177397141,-0.1861495384546401,2.981174500850473,0.3791583166332665,0.0925851703406813,0.2130059703433387,2.9642308817625027,0.9411764705882344,val,1
glucose,5.0,7.5,DVP,2,0.2365313891296651,0.5313976535264925,2.1259442085414477,-0.162883030016781,0.1,1.4,-9.878721288384751e-05,0.131177863742897,-0.1304870433486865,2.1259442085414477,0.4829659318637275,0.1430861723446894,0.2344537119377164,2.0909594437255703,0.8888888888888886,val,3
copper,10.0,7.5,DVP,1,0.2786046898335038,1.0208273025260548,6.210575107303638,-0.3116031236162056,0.1,1.4,-3.782213990072048e-05,0.5459428314260348,-0.5376852146101625,6.210575107303638,-0.0444889779559117,0.0561122244488977,0.2737083935099546,6.183478793579549,0.999999999999996,val,4
uric_acid,1.0,6.0,DVP,3,0.0566064283264708,0.1557507485729176,0.7767437477136331,-0.0464412222813952,0.1,1.4,-7.873655499800091e-05,0.0600177594091455,-0.0780354245739039,0.7767437477136331,0.3931863727454909,0.0897795591182364,0.0535104030941691,0.7685756025984088,0.6000000000000008,val,1
dopamine,0.2,7.0,DVP,4,0.0122517042118242,0.0350222916064315,0.2030238101101138,-0.0102172948823986,0.1,1.4,2.6973873275406405e-06,0.0179011772666364,-0.0149843557939484,0.2030238101101138,0.1995991983967936,0.0645290581162325,0.010126057272416,0.200089163722387,0.9166666666666686,val,0
copper,10.0,7.5,DVP,9,0.2833240821299001,1.02474524389762,6.225215851673305,-0.2970776202410979,0.1,1.4,0.0011918806447469,0.6239514410344003,-0.5094365065735509,6.225215851673305,-0.0472945891783567,0.0589178356713426,0.2818423963422901,6.194302671515484,0.7499999999999992,val,4
uric_acid,1.0,7.5,DVP,8,0.057389110143806,0.1594637061634442,0.7961674789501015,-0.0524628069318862,0.1,1.4,-1.7991835351619716e-05,0.0644439336076453,-0.0466845811706647,0.7961674789501015,0.3230460921843687,0.0897795591182365,0.0548689233625698,0.7876537541551097,0.6842105263157905,val,1
aluminum,1.0,6.0,DVP,0,0.0558006707826681,0.1489957916288476,0.6922471000454984,-0.0669533321201953,0.1,1.4,3.793468950768045e-05,0.0450882787388665,-0.0450543386274268,0.6922471000454984,-0.3334669338677354,0.1038076152304608,0.055179104040186,0.6851067483192614,0.8499999999999994,val,5
dopamine,10.0,6.5,DVP,6,0.2875783516592554,0.9689596677335296,5.528822820377976,-0.2775946947260004,0.1,1.4,-0.000589555599487,0.4361582980200693,-0.432107105253066,5.528822820377976,0.2276553106212424,0.0645290581162324,0.2798712257557693,5.495571686046932,0.9166666666666652,val,0
dopamine,5.0,7.0,DVP,4,0.1879931730776286,0.6367801535063438,3.653515716685264,-0.2090858085321448,0.1,1.4,-2.000539589419843e-05,0.3242222501282423,-0.2712063458725751,3.653515716685264,0.1995991983967936,0.0645290581162325,0.1842625943212839,3.6382233281419394,0.9166666666666686,val,0
uric_acid,10.0,7.5,DVP,7,0.3194736923781734,0.965641973584796,4.84478079929345,-0.3379225717704643,0.1,1.4,-0.0004119560285439,0.3413795665929253,-0.3213761783653093,4.84478079929345,0.3230460921843687,0.0897795591182365,0.3331982329701461,4.832763462755358,0.6842105263157905,val,1
glucose,2.0,6.5,DVP,7,0.1118034508444812,0.2536000425163161,0.9918158018794192,-0.092971040906871,0.1,1.4,-9.432260288706504e-05,0.0737415958358414,-0.0627291902555487,0.9918158018794192,0.5054108216432865,0.1515030060120241,0.1172196151490154,0.9807412109150472,1.0,val,3
uric_acid,5.0,7.5,DVP,3,0.2184114938326611,0.6154341626072816,3.1754565433191164,-0.1885231225019729,0.1,1.4,-0.0003236194680493,0.2113320403318285,-0.3089597280903352,3.1754565433191164,0.3230460921843687,0.0869739478957916,0.2068814887589809,3.140834204573701,0.722222222222224,val,1
copper,2.0,8.0,DVP,1,0.0879260995205749,0.3184516784602232,1.9827086785387924,-0.0965549474599001,0.1,1.4,-9.018931990286416e-06,0.1716903911445102,-0.1733525928401793,1.9827086785387924,-0.038877755511022,0.0561122244488978,0.0854744929603773,1.9738946708901013,1.0,val,4
copper,0.1,7.5,DVP,5,0.0065245919483733,0.0183973835256979,0.1136562933512818,-0.0046738478356,0.1,1.4,-1.744067795835717e-06,0.0093541427426256,-0.0090702678100837,0.1136562933512818,-0.0416833667334669,0.0561122244488977,0.0049111196699507,0.1116628154750748,0.8181818181818185,val,4
glucose,5.0,8.0,DVP,6,0.2414715345283066,0.5342248661220834,2.12647312577555,-0.1564046711728836,0.1,1.4,-0.0003349837691908,0.1433516297670612,-0.1760324381117435,2.12647312577555,0.4829659318637275,0.1402805611222446,0.2343664761922092,2.0919571459352317,0.6666666666666666,val,3
ascorbic_acid,2.0,6.0,DVP,6,0.1511823073490709,0.3810588239499384,1.7142824528476897,-0.1143774479201716,0.1,1.4,-0.0002441116331146,0.1218447801870946,-0.1036797441265985,1.7142824528476897,0.0901803607214428,0.1094188376753507,0.1453308394866873,1.6934695803736328,0.7727272727272726,val,2
ascorbic_acid,1.0,8.0,DVP,7,0.0822303986988775,0.2124257483952499,0.9189014211777816,-0.0651084937835466,0.1,1.4,-9.199043165707088e-05,0.0580168534225971,-0.0621536242527701,0.9189014211777816,0.0088176352705411,0.1178356713426853,0.085139100395999,0.9121456364190728,0.6800000000000007,val,2
copper,10.0,6.0,DVP,9,0.27911705219918,1.0075861034321465,6.123307658381423,-0.2921388196334479,0.1,1.4,0.0011722499858069,0.6520428070873618,-0.4705324442270386,6.123307658381423,-0.0613226452905811,0.0561122244488978,0.2698907242050885,6.092205056855938,0.8181818181818156,val,4
dopamine,1.0,7.0,DVP,0,0.0496875145632006,0.162447622602169,0.9314422122432836,-0.0652997632967027,0.1,1.4,3.7368795561140686e-05,0.0798963014439586,-0.0721875442117358,0.9314422122432836,0.1995991983967936,0.0645290581162325,0.0468326054967745,0.924150224968574,0.9166666666666686,val,0
copper,5.0,8.0,DVP,2,0.1792111638516401,0.6617301833490151,4.0063314335741405,-0.198357248137266,0.1,1.4,-0.0001478575334388,0.3995239998622227,-0.3532906583913611,4.0063314335741405,-0.038877755511022,0.0561122244488978,0.1770549032043165,3.990862682118655,1.0,val,4
copper,0.2,6.5,DVP,3,0.0115896932717058,0.0359860074584349,0.2145289946807422,-0.0115094452634026,0.1,1.4,-1.583844700976071e-05,0.0183652279196746,-0.0187816908270129,0.2145289946807422,-0.0557114228456914,0.0561122244488977,0.009602946709362,0.211671027619313,0.999999999999996,val,4
ascorbic_acid,0.5,6.5,DVP,2,0.0433426514979973,0.1069765965768924,0.4688785528411662,-0.0296813513370271,0.1,1.4,-2.0836181529719667e-05,0.036711129615477,-0.0299357294195226,0.4688785528411662,0.0761523046092184,0.1066132264529058,0.0401426255223565,0.4625316472183679,0.8999999999999985,val,2
uric_acid,2.0,6.5,DVP,0,0.1020006584675574,0.2934536523548047,1.4709610354198106,-0.1216705359788216,0.1,1.4,6.502376172158825e-05,0.097190853492684,-0.0952066035068018,1.4709610354198106,0.3763527054108216,0.0841683366733467,0.0969347060051507,1.458289003403451,0.8749999999999981,val,1
glucose,0.5,6.0,DVP,7,0.0327629252406717,0.0702052311610779,0.2800078973060536,-0.0241164599440119,0.1,1.4,-2.1981064958446325e-05,0.0206923038474672,-0.0175049764160952,0.2800078973060536,0.5138276553106212,0.1430861723446894,0.0313199273133016,0.2749217354826661,0.8888888888888886,val,3
aluminum,1.0,7.0,DVP,4,0.0567850111130361,0.150794263976984,0.6955728016503675,-0.0553079971606297,0.1,1.4,-2.364528629550329e-06,0.0497502548422327,-0.0449076636510627,0.6955728016503675,-0.3138276553106212,0.0981963927855711,0.0538877793156621,0.68784400291731,0.9444444444444446,val,5
copper,2.0,7.5,DVP,6,0.0888644569573637,0.3193117048792536,1.9066411325747763,-0.0993295387874706,0.1,1.4,-0.0002020283962621,0.1825111558051758,-0.1533631666547067,1.9066411325747763,-0.0444889779559117,0.0589178356713426,0.0877041026816475,1.8956119050912024,0.9090909090909112,val,4
aluminum,0.5,8.0,DVP,3,0.030916131682298,0.0787207435921491,0.3673312964542176,-0.0277016256853539,0.1,1.4,-4.164544141769303e-05,0.0266592618011791,-0.0430583389903788,0.3673312964542176,-0.294188376753507,0.101002004008016,0.0285890099338116,0.3613164677513032,0.8000000000000006,val,5
uric_acid,0.5,6.5,DVP,4,0.0301568219696892,0.0816138473255135,0.4120595361933307,-0.0239809198680595,0.1,1.4,8.409257395851841e-07,0.0286739603301184,-0.025978515832746,0.4120595361933307,0.3763527054108216,0.0841683366733467,0.0269905154604935,0.4069012121506205,0.8749999999999981,val,1
aluminum,0.5,6.0,DVP,5,0.0299540756068998,0.0766837503695229,0.3530855696432418,-0.023930621710208,0.1,1.4,-2.1428006487318992e-05,0.023690128244686,-0.0268290050780328,0.3530855696432418,-0.3278557114228457,0.0981963927855711,0.0275083618024579,0.3481387276269274,0.9444444444444436,val,5
uric_acid,1.0,8.0,DVP,5,0.0576631920144713,0.1607075242658833,0.8155312315929525,-0.0400481501169266,0.1,1.4,-4.456445809009328e-05,0.0598137186819641,-0.0481496678982002,0.8155312315929525,0.2977955911823647,0.0869739478957916,0.0541742152984658,0.8065918533994039,0.722222222222224,val,1
uric_acid,10.0,7.0,DVP,3,0.3356361131039822,0.9513056351657456,4.743465708074294,-0.2914324716800443,0.1,1.4,-0.0005009870295566,0.3499101848415773,-0.4762172728401035,4.743465708074294,0.3539078156312625,0.0869739478957914,0.3217581743187258,4.699953984245611,0.9374999999999988,val,1
glucose,0.2,6.0,DVP,6,0.0153295135708135,0.0286417720238167,0.1174524098207734,-0.0071192422670431,0.1,1.4,-1.2791026482498537e-05,0.0097213663593473,-0.0070480610402244,0.1174524098207734,0.5194388777555111,0.1374749498997995,0.0123539020700508,0.1130658294972069,0.9599999999999946,val,3
copper,0.2,7.5,DVP,6,0.0114747596126882,0.0365532773834012,0.2193660998590883,-0.0105748055286081,0.1,1.4,-1.967494858923721e-05,0.0208805812070664,-0.0175418726126402,0.2193660998590883,-0.0444889779559117,0.0589178356713426,0.0100319181509375,0.2167372555693217,0.9090909090909112,val,4
dopamine,0.2,7.5,DVP,3,0.0125735045940428,0.0355031236833833,0.2059553933801056,-0.0090946543042673,0.1,1.4,-1.4368736777729374e-05,0.0150905885528086,-0.017336417976593,0.2059553933801056,0.1771543086172344,0.0645290581162324,0.0102587992226488,0.2027376191449908,0.769230769230771,val,0
aluminum,0.2,7.5,DVP,4,0.0133006626571889,0.032344339813837,0.150868365645465,-0.011151339642712,0.1,1.4,2.6539511614807828e-06,0.0101110913544738,-0.0096945862582542,0.150868365645465,-0.3138276553106212,0.101002004008016,0.0117458955445053,0.1480818244959046,0.7999999999999996,val,5
glucose,5.0,8.0,DVP,9,0.2416414299817208,0.5356662977886885,2.107241160529341,-0.1794770940348408,0.1,1.4,0.0006585633763265,0.1504780717807686,-0.1453300120690387,2.107241160529341,0.4605210420841684,0.1402805611222444,0.2341641529607523,2.071017725219541,0.8518518518518549,val,3
uric_acid,0.2,7.0,DVP,9,0.013639138128887,0.0335655220314538,0.1631205712856004,-0.0089211945755637,0.1,1.4,4.219119547694325e-05,0.0138810634643092,-0.0106596069623067,0.1631205712856004,0.3567134268537074,0.0869739478957914,0.0112650485649517,0.1596246995835714,0.9374999999999988,val,1
ascorbic_acid,10.0,6.0,DVP,4,0.4828699425754466,1.2430010824633286,5.45366648629545,-0.4333906760495348,0.1,1.4,-4.566550279689352e-05,0.38737355474267,-0.3385488916136178,5.45366648629545,0.0901803607214428,0.1122244488977955,0.4822381749893563,5.406882239394462,0.7391304347826093,val,2
copper,0.2,6.0,DVP,4,0.0113308904722894,0.0357948966473534,0.2151361834847368,-0.0117816364056644,0.1,1.4,2.58231685866489e-06,0.0244970110895372,-0.0195177867535913,0.2151361834847368,-0.0613226452905811,0.0561122244488978,0.0095829032016546,0.2128873465115161,0.8181818181818156,val,4
dopamine,0.2,7.0,DVP,8,0.0122893896550593,0.0348213748037892,0.2039589500097499,-0.0092390557145245,0.1,1.4,-6.744754818508239e-07,0.015830789376218,-0.01741314159482,0.2039589500097499,0.1967935871743487,0.0645290581162325,0.0100552328696334,0.2005194680082211,0.7692307692307687,val,0
uric_acid,0.1,8.0,DVP,7,0.0077154741481622,0.0172176235146201,0.0879054443490934,-0.0042364882395304,0.1,1.4,-3.5937144220291456e-06,0.0061553074429065,-0.005116322093567,0.0879054443490934,0.3034068136272545,0.0897795591182365,0.0059176750844371,0.0855828834494324,0.882352941176471,val,1
glucose,5.0,6.5,DVP,2,0.2334739303495326,0.5247316299112964,2.126257345845353,-0.1609327860245697,0.1,1.4,-8.169816983123668e-05,0.13085679781595,-0.1300408179916017,2.126257345845353,0.4997995991983969,0.1402805611222444,0.2292983550837995,2.09262823566151,0.8518518518518549,val,3
uric_acid,1.0,7.0,DVP,8,0.056895049272846,0.158849879838118,0.7786595344989614,-0.0519693005601615,0.1,1.4,-1.7794113212691517e-05,0.0588898086614244,-0.0455707852943308,0.7786595344989614,0.3454909819639279,0.0869739478957914,0.0536415007282618,0.7706621841857055,0.6315789473684225,val,1
dopamine,0.1,8.0,DVP,2,0.0071847356550578,0.0178256702243588,0.102736406089745,-0.0036959254194618,0.1,1.4,6.574112663639344e-08,0.0092711319247311,-0.0080239303395902,0.102736406089745,0.1462925851703407,0.0645290581162325,0.0051603357266976,0.1003074491507087,0.9166666666666686,val,0
uric_acid,0.1,7.5,DVP,2,0.00780728054044,0.0170156421780655,0.0855011733055779,-0.0035875994067082,0.1,1.4,1.563025866732036e-07,0.0080033630209064,-0.006053999053538,0.0855011733055779,0.3230460921843687,0.0869739478957916,0.0057290061661822,0.0828921079250369,0.722222222222224,val,1
dopamine,0.2,8.0,DVP,9,0.012513756765058,0.0360037671656316,0.2094094081472567,-0.0083998620227264,0.1,1.4,4.342772894867435e-05,0.0180927003025303,-0.015514395668135,0.2094094081472567,0.1462925851703407,0.0617234468937876,0.0101313641876156,0.2060837233350832,0.9999999999999964,val,0
dopamine,0.2,7.5,DVP,7,0.0118814209449718,0.0353775220314382,0.2042573160576323,-0.0080754951938389,0.1,1.4,-1.0988632732311934e-05,0.0148786687770082,-0.0145809626142341,0.2042573160576323,0.1715430861723447,0.0673346693386772,0.0104758748886413,0.2019801630866838,0.8461538461538464,val,0
dopamine,10.0,7.5,DVP,7,0.2809926827530247,1.0002278844431978,5.715256167487782,-0.2949047518669981,0.1,1.4,-0.000416287674757,0.4195562802699351,-0.4104382973971419,5.715256167487782,0.1715430861723447,0.0673346693386772,0.2962030509113235,5.707636998769687,0.8461538461538464,val,0
aluminum,2.0,8.0,DVP,9,0.1053184384029023,0.2841856855640637,1.3369049308081176,-0.0970046551972594,0.1,1.4,0.0003490499747452,0.0836635492662415,-0.0902991873366529,1.3369049308081176,-0.3054108216432865,0.0981963927855711,0.1015933889239663,1.3197655128120445,0.9444444444444456,val,5
aluminum,1.0,8.0,DVP,7,0.054850536405858,0.1509579911807033,0.7231689710818859,-0.0570364024839642,0.1,1.4,-6.759919649807378e-05,0.0412613517645847,-0.038117370276989,0.7231689710818859,-0.3110220440881763,0.0981963927855711,0.0543846217044322,0.7182246447790278,0.7499999999999998,val,5
uric_acid,5.0,7.5,DVP,1,0.2123125245437929,0.6149614963891132,3.063983113523068,-0.1808469568368216,0.1,1.4,-2.037583733773582e-05,0.2051310712724144,-0.1850967003142509,3.063983113523068,0.3258517034068136,0.0869739478957916,0.207560688783115,3.045134981337285,0.8235294117647053,val,1
dopamine,2.0,6.0,DVP,6,0.0895058979653051,0.2970169202429318,1.7319086843286506,-0.0831053933254948,0.1,1.4,-0.0001779253520247,0.1406897052924951,-0.1313494717523738,1.7319086843286506,0.2529058116232465,0.0617234468937875,0.0833287285700901,1.7200390146857516,0.8333333333333366,val,0
uric_acid,2.0,7.0,DVP,0,0.102908742823615,0.2955314234920709,1.4653329614286148,-0.1228135777996001,0.1,1.4,6.558296926150208e-05,0.0994401657536857,-0.1060109135270049,1.4653329614286148,0.3482965931863727,0.0869739478957914,0.0994924366601892,1.4521271508647058,0.7222222222222218,val,1
dopamine,2.0,7.0,DVP,0,0.0907981841595443,0.3025681387288293,1.7329322825880211,-0.1237732254702083,0.1,1.4,6.605350589862783e-05,0.148749186423893,-0.1343521348492784,1.7329322825880211,0.1995991983967936,0.0645290581162325,0.0872378824001111,1.7213176254133526,0.9166666666666686,val,0
copper,0.5,6.5,DVP,8,0.0257312544922073,0.0883069487032927,0.5365447927632657,-0.0242581580264834,0.1,1.4,-8.467068182194573e-06,0.0450858041613521,-0.0480073629374792,0.5365447927632657,-0.0585170340681362,0.0533066132264529,0.0229297320281629,0.5323487570628664,0.7272727272727295,val,4
ascorbic_acid,0.1,6.5,DVP,3,0.0108059940880902,0.0221610848663257,0.1009590038671591,-0.0057949575024875,0.1,1.4,-8.434485536093828e-06,0.0070228473635139,-0.0117404215481169,0.1009590038671591,0.0789579158316633,0.1094188376753507,0.0084365881893032,0.0976776469907666,0.9499999999999992,val,2
glucose,10.0,7.5,DVP,9,0.3721552883798716,0.8287908423768805,3.285573658247559,-0.2787388899226261,0.1,1.4,0.0010245284664879,0.2323159391955321,-0.22734718904017,3.285573658247559,0.4857715430861723,0.1486973947895791,0.3772556398111722,3.232150247685618,0.8928571428571425,val,3
uric_acid,0.1,6.0,DVP,4,0.0077574682581428,0.0164745174887196,0.083245739978828,-0.0029648773228907,0.1,1.4,3.3712305416039838e-06,0.0059079161564667,-0.0058364771350313,0.083245739978828,0.4044088176352706,0.0869739478957916,0.0055628566594732,0.0804214986339966,0.9374999999999966,val,1
uric_acid,1.0,8.0,DVP,4,0.0577052784380149,0.1610244267829297,0.810289662974327,-0.0498393222214278,0.1,1.4,-2.272390084201062e-06,0.0490018419780139,-0.0454144882064231,0.810289662974327,0.3006012024048096,0.0897795591182365,0.0552848793911395,0.8028625152988365,0.7777777777777766,val,1
glucose,0.1,7.0,DVP,5,0.0090518616895267,0.0146047409040181,0.061526486930336,-0.0024850108610784,0.1,1.4,5.3725116165989285e-09,0.0044553731654055,-0.00387576026355,0.061526486930336,0.4829659318637275,0.1486973947895791,0.0066283656723143,0.0580831434280877,0.7096774193548377,val,3
dopamine,0.1,8.0,DVP,4,0.0072957555796323,0.0181152599547015,0.1091201833108551,-0.0046403183537133,0.1,1.4,3.3371010883970627e-06,0.0080577116348285,-0.0075270887224708,0.1091201833108551,0.1462925851703407,0.0617234468937876,0.0050789909050655,0.1066131820040862,0.9999999999999964,val,0
ascorbic_acid,1.0,8.0,DVP,0,0.0846783331721442,0.2129535800674424,0.9919347039379942,-0.0914467356286517,0.1,1.4,5.019544032725276e-05,0.0665918372186277,-0.0665228225400056,0.9919347039379942,0.0144288577154308,0.101002004008016,0.0768936288151465,0.980170952251864,0.8947368421052635,val,2
dopamine,0.2,8.0,DVP,0,0.0123910643160187,0.0355953244959714,0.2065822291624842,-0.0122516770986438,0.1,1.4,1.1345554761165104e-05,0.0176839833641454,-0.0165024364443795,0.2065822291624842,0.1434869739478957,0.0617234468937876,0.0099901927727476,0.2034891714298556,0.8333333333333339,val,0
aluminum,0.1,7.0,DVP,5,0.0074188756286501,0.0161021307525487,0.0751800520894289,-0.0043075256203347,0.1,1.4,-1.3696196163721486e-06,0.0047583986336562,-0.0048968734563961,0.0751800520894289,-0.3054108216432865,0.1038076152304609,0.0059724032378355,0.0729318675330814,0.7619047619047609,val,5
copper,0.1,8.0,DVP,1,0.0064717396897817,0.0184237555687603,0.1159221693713888,-0.0048036833192963,0.1,1.4,3.2700852165649125e-06,0.0098976721130144,-0.0100171933974725,0.1159221693713888,-0.038877755511022,0.0561122244488978,0.0049345214757811,0.1139301629229731,1.0,val,4
copper,0.1,7.5,DVP,6,0.0065270055937385,0.0184780677278535,0.1114935779262069,-0.0049004508890424,0.1,1.4,-8.016549156889083e-06,0.0105470568169756,-0.0088584124556298,0.1114935779262069,-0.0444889779559117,0.0589178356713426,0.0050697865827309,0.1094643008376841,0.9090909090909112,val,4
uric_acid,0.1,7.5,DVP,3,0.0080132034989947,0.0169312831120334,0.0897366758186399,-0.0038376999963319,0.1,1.4,-5.225423000400556e-06,0.0059009951933317,-0.008714276936151,0.0897366758186399,0.3230460921843687,0.0869739478957916,0.0057013656883509,0.086821329932219,0.722222222222224,val,1
copper,1.0,6.0,DVP,7,0.0452427632314434,0.1695893031013807,1.0274566004684589,-0.0509214736881258,0.1,1.4,-7.126354878255079e-05,0.0899682964890256,-0.0855208990470178,1.0274566004684589,-0.0613226452905811,0.0561122244488978,0.0454764761361617,1.0248345859283865,0.8181818181818156,val,4
copper,0.1,7.5,DVP,1,0.0064470492022671,0.0183362985898074,0.1127859563077487,-0.0047812295301059,0.1,1.4,3.2730926410871363e-06,0.009768586625354,-0.0096460969845833,0.1127859563077487,-0.0444889779559117,0.0561122244488977,0.0049068787598293,0.1107823884691177,0.999999999999996,val,4
copper,0.2,6.5,DVP,6,0.011375521847572,0.0362940058751065,0.2209585702002896,-0.0104578837726984,0.1,1.4,-1.943472382019885e-05,0.0225570672504948,-0.0181341446325044,0.2209585702002896,-0.0529058116232464,0.0561122244488977,0.009666707506988,0.2183525306606542,0.8181818181818185,val,4
aluminum,0.5,8.0,DVP,7,0.0291981906426655,0.0784537402996002,0.3764466327832456,-0.0289732269218779,0.1,1.4,-3.325509804569568e-05,0.0214745134631592,-0.0198340669771553,0.3764466327832456,-0.3110220440881763,0.0981963927855711,0.0282694655549431,0.3732937881327011,0.7499999999999998,val,5
glucose,0.1,6.5,DVP,8,0.0090302168082017,0.0145587271506199,0.0609665327291557,-0.0024961861655127,0.1,1.4,2.889778022509455e-06,0.0041382371378829,-0.0040958741704671,0.0609665327291557,0.4857715430861723,0.1402805611222444,0.0063517461776974,0.0574593299964161,0.5624999999999999,val,3
copper,2.0,8.0,DVP,6,0.0892990678727056,0.320580209596633,1.916884601631872,-0.0997433568395011,0.1,1.4,-0.0002028786173796,0.1737790385802001,-0.1562803815846726,1.916884601631872,-0.0416833667334669,0.0589178356713426,0.0882819771451441,1.905565079670152,0.7499999999999992,val,4
copper,0.1,8.0,DVP,6,0.0065520124356369,0.018547921295785,0.1120830440605694,-0.0049236556001996,0.1,1.4,-8.064225026405844e-06,0.010019788157806,-0.0090424735546998,0.1120830440605694,-0.0416833667334669,0.0589178356713426,0.0051004367038967,0.1100012573884186,0.7499999999999992,val,4
uric_acid,0.1,8.0,DVP,9,0.0079714276060284,0.0172325195838085,0.0900960394564793,-0.0036680215323093,0.1,1.4,2.3786338538930883e-05,0.0061882977745508,-0.0058500263365434,0.0900960394564793,0.3006012024048096,0.0869739478957916,0.0057802274101476,0.0871290436736159,0.8235294117647053,val,1
uric_acid,2.0,6.0,DVP,9,0.1021065314817858,0.2894478052321306,1.4084440772875917,-0.0909515590897843,0.1,1.4,0.0003295909222812,0.0886971818521754,-0.088070508863045,1.4084440772875917,0.4100200400801602,0.0897795591182364,0.0993348872499097,1.3948060814460224,0.7777777777777782,val,1
aluminum,0.1,6.0,DVP,0,0.0073167820170404,0.0160836702407379,0.0758306647946162,-0.0062332962268756,0.1,1.4,7.74709624057169e-06,0.0048890452363942,-0.0049425493159686,0.0758306647946162,-0.3334669338677354,0.1038076152304608,0.0059455135143779,0.0737687330235711,0.8499999999999994,val,5
glucose,1.0,7.0,DVP,8,0.0638485892420525,0.1376798983316135,0.5624757110867423,-0.0470526798178646,0.1,1.4,-8.333241215528337e-06,0.0407934336555027,-0.0377699792658714,0.5624757110867423,0.4745490981963928,0.1374749498997995,0.0594004323083387,0.55168224493134,0.6333333333333315,val,3
glucose,2.0,6.5,DVP,0,0.114781839481923,0.2535677931059311,1.0020520859410662,-0.1086432566811448,0.1,1.4,7.86741787456297e-05,0.0646343279212368,-0.08207415570327,1.0020520859410662,0.494188376753507,0.1458917835671342,0.1135997430128,0.9855563823535668,0.7333333333333317,val,3
uric_acid,0.1,7.5,DVP,1,0.0078408623164007,0.0169162889458315,0.0865802807363487,-0.003755844261106,0.1,1.4,3.343461913699329e-06,0.00571971165827,-0.0051827614871312,0.0865802807363487,0.3258517034068136,0.0869739478957916,0.005710275782416,0.0839924499995161,0.8235294117647053,val,1
ascorbic_acid,5.0,8.0,DVP,4,0.3237485478019086,0.8276067213122267,3.6991866033535103,-0.2912417817789685,0.1,1.4,-2.923953029362325e-05,0.2581487073312186,-0.2251706174167277,3.6991866033535103,0.0200400801603206,0.1094188376753506,0.3147009947351003,3.667331489906789,0.8571428571428567,val,2
uric_acid,5.0,6.0,DVP,2,0.2055291601034983,0.6036414175137079,2.968144904262472,-0.1739197595358429,0.1,1.4,-0.00012945823694,0.2176626887457335,-0.2157078211827948,2.968144904262472,0.3987975951903807,0.0841683366733466,0.1991773068962933,2.9471731576032543,0.7647058823529397,val,1
uric_acid,1.0,8.0,DVP,7,0.0553805915547525,0.1620432945787805,0.8075269536364624,-0.0552551252559341,0.1,1.4,-6.60299198908465e-05,0.0572126733118743,-0.0474176569633601,0.8075269536364624,0.3034068136272545,0.0897795591182365,0.055724686691648,0.803829611904561,0.882352941176471,val,1
uric_acid,5.0,7.0,DVP,4,0.2130637426146723,0.6133917955673839,3.0286822168512257,-0.1956078373750766,0.1,1.4,-1.9822654641084127e-05,0.2064184969569558,-0.1952191345123943,3.0286822168512257,0.3482965931863727,0.0869739478957914,0.2072132171270369,3.0019587623034147,0.7222222222222218,val,1
uric_acid,0.1,6.5,DVP,6,0.0078079258899111,0.0166442550353764,0.0836671582908055,-0.0037294854517684,0.1,1.4,-6.704607812881982e-06,0.0075228926783078,-0.0060046164440245,0.0836671582908055,0.3791583166332665,0.0897795591182364,0.0057181216683051,0.0808004671295988,0.8823529411764687,val,1
glucose,0.2,6.0,DVP,5,0.0153256060786819,0.0288767837040214,0.118276308366948,-0.0068043860988561,0.1,1.4,-2.636398169104104e-06,0.0083445499213536,-0.0063949699307984,0.118276308366948,0.5054108216432865,0.1374749498997995,0.0125013734085979,0.1141709420126292,0.75,val,3
ascorbic_acid,2.0,6.0,DVP,5,0.1511326022729974,0.381174898521948,1.670142929469671,-0.1139702970171922,0.1,1.4,-0.0001149401451588,0.1409935094215053,-0.1117993206280443,1.670142929469671,0.0929859719438878,0.1094188376753507,0.1452557634801714,1.650777584211251,0.8571428571428585,val,2
dopamine,2.0,7.0,DVP,3,0.0934530677510842,0.3058897235380148,1.7717587329441469,-0.0901129329372368,0.1,1.4,-0.0001540063439005,0.1545957509168474,-0.1513778169604124,1.7717587329441469,0.2024048096192384,0.0617234468937876,0.0861199318897415,1.7592430808674746,0.9999999999999964,val,0
glucose,1.0,7.0,DVP,2,0.0627803012934588,0.1367889754104125,0.5582026276294548,-0.0404566657023518,0.1,1.4,-2.07142126729771e-05,0.0336260579429033,-0.0329726749410346,0.5582026276294548,0.4829659318637275,0.1430861723446892,0.0604119139247992,0.5472491355833048,0.7586206896551723,val,3
ascorbic_acid,0.1,6.0,DVP,6,0.0105840261318139,0.0219272382109741,0.1006365350310486,-0.0054280224942254,0.1,1.4,-1.0534083595161864e-05,0.0070730697898783,-0.0060370752919674,0.1006365350310486,0.0901803607214428,0.1094188376753507,0.0083433502883409,0.0973724174649877,0.7727272727272726,val,2
glucose,10.0,6.5,DVP,4,0.3671902931021634,0.803666062324547,3.311956028743146,-0.2779582073591204,0.1,1.4,2.973488769763255e-05,0.2506714272487408,-0.2304580654454195,3.311956028743146,0.4997995991983969,0.1402805611222446,0.3516080214098271,3.251015910936576,0.7857142857142877,val,3
aluminum,10.0,7.5,DVP,5,0.3342793734753201,0.8980408182419436,4.238936713652234,-0.2889084705213663,0.1,1.4,-0.000292283745005,0.2723218462046128,-0.2425141965617794,4.238936713652234,-0.3054108216432865,0.0981963927855711,0.3224756928187705,4.191781115033617,0.8421052631578941,val,5
dopamine,0.5,6.0,DVP,5,0.026390547733131,0.0825474791518003,0.4755668943506381,-0.0190128571739287,0.1,1.4,-2.0352342056638945e-05,0.0388909333478439,-0.0363152791277016,0.4755668943506381,0.2585170340681363,0.0617234468937875,0.0231561056232021,0.4705818308171602,0.8333333333333306,test,0
ascorbic_acid,10.0,8.0,DVP,4,0.5024976191836762,1.2873370847378398,5.752974782313335,-0.4537635835261746,0.1,1.4,-4.771257649323779e-05,0.401527144792867,-0.3501838333914933,5.752974782313335,0.0200400801603206,0.1094188376753506,0.4895019779364373,5.704370539499281,0.8571428571428567,test,2
dopamine,5.0,8.0,DVP,0,0.1905396705820043,0.646563891263051,3.715506731729892,-0.2654546674070243,0.1,1.4,0.0001355566782966,0.3203315067246683,-0.2982047659754272,3.715506731729892,0.1434869739478957,0.0617234468937876,0.1812353589384722,3.69095361907152,0.8333333333333339,test,0
glucose,5.0,6.5,DVP,8,0.2375576271015136,0.5283548058709526,2.1183067407249987,-0.1883657501059673,0.1,1.4,-3.436998177696554e-05,0.1452601397535245,-0.1442675620077766,2.1183067407249987,0.4857715430861723,0.1486973947895791,0.2396480831761078,2.08505117807876,0.5588235294117634,test,3
ascorbic_acid,0.1,8.0,DVP,3,0.0110730258359903,0.0227509852603012,0.1000168125634161,-0.0065363707808081,0.1,1.4,-8.828234117659823e-06,0.0062502372668369,-0.0121117262951592,0.1000168125634161,0.0256513026052104,0.1178356713426853,0.0090386351070981,0.0966889028202699,0.7499999999999992,test,2
dopamine,1.0,6.5,DVP,7,0.0473453978161467,0.163262658150366,0.923883965417162,-0.0539641037868465,0.1,1.4,-6.445254900595916e-05,0.0729261597655709,-0.0673182673187512,0.923883965417162,0.2248496993987976,0.0645290581162324,0.047251844393002,0.9208783922435476,0.769230769230771,test,0
dopamine,0.1,8.0,DVP,1,0.0072191018767027,0.017851332603038,0.1037235485423707,-0.0038761364359521,0.1,1.4,3.3273501605999184e-06,0.0082305413362872,-0.0097998010597863,0.1037235485423707,0.1462925851703407,0.0645290581162325,0.0051489494073431,0.1011819882940375,0.9166666666666686,test,0
ascorbic_acid,5.0,8.0,DVP,5,0.323526470173313,0.8262558239755312,3.7767500651335215,-0.2493459607915141,0.1,1.4,-0.0002524022839882,0.2606794997906554,-0.2014169387455358,3.7767500651335215,0.0172344689378757,0.1066132264529058,0.3096855174960612,3.7384338900533503,1.0,test,2
aluminum,1.0,7.5,DVP,6,0.0569839621335711,0.1492503706113076,0.7152875938156079,-0.0492848054164486,0.1,1.4,-9.9207630187019e-05,0.0474116460031967,-0.0474003173820288,0.7152875938156079,-0.3110220440881763,0.0981963927855711,0.0533723203665867,0.7052098699140875,0.9444444444444436,test,5
ascorbic_acid,0.1,6.5,DVP,9,0.0106786458231261,0.0221109619382602,0.0983142055549244,-0.004756202981743,0.1,1.4,3.0392416526836608e-05,0.0064054110584313,-0.0058093463936224,0.0983142055549244,0.0789579158316633,0.1206412825651302,0.0089140113286933,0.0950544116090555,0.9545454545454538,test,2
aluminum,10.0,7.5,DVP,7,0.3203615585252169,0.9017913924300084,4.328141183632272,-0.3475786898322509,0.1,1.4,-0.000423166188268,0.2461162951268257,-0.2274057617580243,4.328141183632272,-0.3110220440881763,0.0981963927855711,0.3251656545688685,4.304265155287093,0.9444444444444436,test,5
copper,2.0,7.0,DVP,2,0.0864393013773668,0.3166131808966467,1.952943367556425,-0.0944044293489456,0.1,1.4,-6.867921471905827e-05,0.1892491388362122,-0.1868912508141,1.952943367556425,-0.0529058116232464,0.0533066132264529,0.0820808237705264,1.945025823665008,0.7272727272727295,test,4
glucose,1.0,8.0,DVP,3,0.0653005445312651,0.1389440301053496,0.5640029596181185,-0.0433991283531884,0.1,1.4,-6.993103081017535e-05,0.0472250849293005,-0.073903784520293,0.5640029596181185,0.4577154308617234,0.1430861723446894,0.0612956960955328,0.5513232646587176,0.6999999999999992,test,3
aluminum,2.0,7.0,DVP,9,0.104494499642541,0.2821536342784719,1.3358994658476369,-0.096256422828392,0.1,1.4,0.0003464262898349,0.0813743563276356,-0.0996326395328986,1.3358994658476369,-0.3222444889779559,0.101002004008016,0.1027259234065095,1.3191618304229704,0.7142857142857151,test,5
uric_acid,0.1,6.5,DVP,7,0.0075639648134838,0.0167725629799889,0.0855366032996042,-0.0040692337574961,0.1,1.4,-3.3890261915851184e-06,0.0065096709363325,-0.0053778864054578,0.0855366032996042,0.3735470941883767,0.0841683366733467,0.005570342981764,0.0832507417667876,0.7647058823529379,test,1
dopamine,5.0,7.5,DVP,6,0.1902338749859835,0.6388624431741888,3.682967223845866,-0.1818644880204155,0.1,1.4,-0.0003869457469548,0.2868672599548421,-0.2970184836580737,3.682967223845866,0.1743486973947895,0.0645290581162324,0.184493561250002,3.660871229490242,0.9166666666666652,test,0
uric_acid,0.1,6.5,DVP,0,0.0077531799542759,0.0167235739914534,0.086056121690804,-0.0053831779472342,0.1,1.4,7.601349604812818e-06,0.0056297219095924,-0.0055127304494954,0.086056121690804,0.3763527054108216,0.0841683366733467,0.0055273411946959,0.0833559454376943,0.8749999999999981,test,1
aluminum,0.5,6.0,DVP,4,0.0299761254572029,0.0775576963882263,0.3611330127486298,-0.0280834765114476,0.1,1.4,7.295847267289775e-07,0.0268926099354214,-0.0231093672787839,0.3611330127486298,-0.3278557114228457,0.101002004008016,0.0283339315831037,0.3563399154661874,0.8947368421052625,test,5
aluminum,0.2,6.5,DVP,9,0.0132124018405483,0.0322140969730131,0.1538377307428969,-0.0097693660526972,0.1,1.4,4.341115024121776e-05,0.0095143377755412,-0.0116434151591552,0.1538377307428969,-0.3222444889779559,0.0925851703406813,0.011097715365383,0.1507538017721062,0.9411764705882344,test,5
glucose,10.0,6.5,DVP,3,0.3720364375339201,0.822039363896101,3.222858068207401,-0.2650944798313117,0.1,1.4,-0.0003969218436493,0.2854995491955469,-0.4342230409029686,3.222858068207401,0.4969939879759518,0.1458917835671342,0.3693449878988621,3.165602583014346,0.7333333333333317,test,3
dopamine,10.0,7.5,DVP,6,0.2948082042037031,0.99382397602698,5.7280542441709645,-0.2844426813781398,0.1,1.4,-0.0006040491393369,0.4462260608747224,-0.4619978548493522,5.7280542441709645,0.1743486973947895,0.0645290581162324,0.2869921757133265,5.694703246726235,0.9166666666666652,test,0
copper,0.5,7.5,DVP,5,0.0258497668078684,0.0887129743010998,0.5433225339744896,-0.0260424076417933,0.1,1.4,-2.358663717576472e-05,0.045283336833004,-0.0438362028627993,0.5433225339744896,-0.0416833667334669,0.0561122244488977,0.0237109804716045,0.5393722004017545,0.8181818181818185,test,4
uric_acid,1.0,6.5,DVP,6,0.0562066400994305,0.1567819477811754,0.7686633555007284,-0.0437458914841113,0.1,1.4,-9.46224240134315e-05,0.0697392566389349,-0.0556492055024686,0.7686633555007284,0.3791583166332665,0.0897795591182364,0.0539024154709859,0.7599808593917179,0.8823529411764687,test,1
glucose,10.0,7.5,DVP,7,0.3593889883865185,0.827429405609873,3.276989137688998,-0.3083502757081809,0.1,1.4,-0.0003411181352323,0.2290595321317257,-0.2036747490118662,3.276989137688998,0.4773547094188376,0.1402805611222444,0.3635144441022305,3.2489411757246187,1.0,test,3
glucose,1.0,6.0,DVP,3,0.0636706870553783,0.1361834689867026,0.5428981130606952,-0.042332340558505,0.1,1.4,-5.989518388969124e-05,0.0449387385481586,-0.0721699448960716,0.5428981130606952,0.5138276553106212,0.1430861723446892,0.0604846282458627,0.531413408956797,0.9615384615384625,test,3
ascorbic_acid,0.1,7.0,DVP,8,0.0107885289056556,0.0223911957713896,0.1020998486824836,-0.0055874630770929,0.1,1.4,7.70939500447182e-07,0.0077663461202976,-0.0054561674462714,0.1020998486824836,0.0452905811623246,0.1122244488977955,0.0086645927914132,0.0989821294577018,0.600000000000001,test,2
ascorbic_acid,0.1,7.5,DVP,2,0.0107008708922732,0.0227107873120736,0.1022630812312971,-0.0053268299787783,0.1,1.4,-1.2977086544962852e-06,0.0081730101674595,-0.0056351686390689,0.1022630812312971,0.0480961923847695,0.1094188376753507,0.0086855298223148,0.0995073155221058,0.6956521739130422,test,2
aluminum,1.0,7.0,DVP,5,0.0567423097143852,0.1490425175976418,0.6851593455728118,-0.0472596931674961,0.1,1.4,-4.527457666008025e-05,0.043988654657648,-0.0450574884569181,0.6851593455728118,-0.3054108216432865,0.1038076152304609,0.0554070139617891,0.6764296989809445,0.7619047619047609,test,5
aluminum,10.0,8.0,DVP,9,0.3360255074714685,0.915366173032322,4.303402152100549,-0.3155140856666132,0.1,1.4,0.0011146220081414,0.2694405667920274,-0.2907874138870929,4.303402152100549,-0.3054108216432865,0.0981963927855711,0.3272371003000949,4.25118161426114,0.9444444444444456,test,5
copper,0.2,6.0,DVP,0,0.0112069696340884,0.0356538925643556,0.2204720833682487,-0.0141926746966385,0.1,1.4,1.1783249867646582e-05,0.0178549562951425,-0.0173155995594224,0.2204720833682487,-0.0613226452905811,0.0533066132264529,0.0092317754041836,0.2180910117173925,0.8999999999999985,test,4
uric_acid,1.0,8.0,DVP,0,0.0571667136012925,0.1611340331009224,0.7861727795741393,-0.0660059567642816,0.1,1.4,3.771522665255889e-05,0.0669417011261718,-0.0483542653503212,0.7861727795741393,0.2977955911823647,0.0897795591182365,0.0553805429206551,0.7785040378867568,0.6842105263157905,test,1
ascorbic_acid,2.0,8.0,DVP,6,0.1572714708171359,0.3967908516224683,1.774146604949443,-0.1224985260520562,0.1,1.4,-0.0002543478986911,0.1252540947045543,-0.1058614763356224,1.774146604949443,0.0116232464929859,0.1122244488977955,0.153170985736865,1.7528367267282507,0.818181818181817,test,2
glucose,5.0,8.0,DVP,1,0.2391087420768375,0.5364907917111096,2.1294452187064814,-0.1658093924740603,0.1,1.4,-1.3634052754713244e-06,0.155082628228464,-0.1507500363333554,2.1294452187064814,0.4689378757515029,0.1374749498997995,0.2324469755488979,2.102510431629617,0.884615384615387,test,3
aluminum,0.2,7.5,DVP,7,0.0127921743385457,0.0320933420058591,0.1552746099323201,-0.0110268602790884,0.1,1.4,-1.1291995437024263e-05,0.0088208127544597,-0.0081418670205077,0.1552746099323201,-0.3110220440881763,0.0981963927855711,0.0115788237634825,0.1532085377459965,0.9444444444444436,test,5
ascorbic_acid,10.0,8.0,DVP,7,0.4834204588052848,1.2741443426143502,5.502058904503898,-0.4044826995638907,0.1,1.4,-0.0005709282534985,0.3478442280320026,-0.3723812904084808,5.502058904503898,0.0088176352705411,0.1178356713426853,0.5105498649335919,5.470212852720846,0.6800000000000007,test,2
aluminum,10.0,6.0,DVP,4,0.3305555855405151,0.894809404894954,4.1532197509053885,-0.3333220681051826,0.1,1.4,-3.396130488516369e-05,0.3100171801940512,-0.2657892017456295,4.1532197509053885,-0.3278557114228457,0.101002004008016,0.3271920385519761,4.114989163362405,0.8947368421052625,test,5
dopamine,0.1,7.5,DVP,1,0.0071554895259764,0.0176554578846717,0.1048536714456877,-0.0038094429920877,0.1,1.4,3.33628297353619e-06,0.00810665303219,-0.0073475726585499,0.1048536714456877,0.1659318637274549,0.0617234468937876,0.0049696796874627,0.1023121649868683,0.5714285714285726,test,0
copper,10.0,8.0,DVP,7,0.2692705240530804,1.0368038451239785,6.33569755005302,-0.3239019228497491,0.1,1.4,-0.0004565039692386,0.6068368227399457,-0.5905086468848011,6.33569755005302,-0.0416833667334669,0.0561122244488978,0.2782971253168818,6.327798924898421,0.8181818181818156,test,4
ascorbic_acid,2.0,8.0,DVP,7,0.1514010987172236,0.395480533759667,1.7091009872684917,-0.123621287883606,0.1,1.4,-0.0001745659181814,0.1079870904242186,-0.1156411529003065,1.7091009872684917,0.0088176352705411,0.1178356713426853,0.1584802254373403,1.6979721227811868,0.6800000000000007,test,2
ascorbic_acid,5.0,8.0,DVP,1,0.3200845807778382,0.8148067318440089,3.564161051695105,-0.250504179349582,0.1,1.4,-2.970561446878195e-05,0.2830431464792909,-0.2430538683472783,3.564161051695105,0.0200400801603206,0.1178356713426853,0.3262851466517725,3.529361138266063,0.9090909090909076,test,2
copper,10.0,8.0,DVP,8,0.2857204080754157,1.0312842777086704,6.363788648052148,-0.332653128907161,0.1,1.4,-0.0001420371840041,0.5351427234096753,-0.5236593463545232,6.363788648052148,-0.038877755511022,0.0561122244488978,0.2761120521353014,6.331567096560438,1.0,test,4
dopamine,1.0,7.0,DVP,5,0.0501788865274915,0.1630836687959145,0.9355487809274706,-0.0451914673533856,0.1,1.4,-4.40646147141915e-05,0.0739572418035215,-0.0727818143451686,0.9355487809274706,0.2024048096192384,0.0645290581162325,0.0470252876019126,0.9283836410838128,0.9166666666666686,test,0
ascorbic_acid,0.2,6.5,DVP,3,0.0194703418251269,0.0439465605247623,0.1982022250273677,-0.0127692531851304,0.1,1.4,-2.0442648569256872e-05,0.013876237709876,-0.02306411424496,0.1982022250273677,0.0789579158316633,0.1094188376753507,0.0167106495563958,0.1934558150256047,0.9499999999999992,test,2
ascorbic_acid,0.5,7.5,DVP,8,0.0450134755207122,0.109380712617897,0.4878717903884554,-0.0353901136410512,0.1,1.4,-1.1659922221612384e-05,0.0401517210752672,-0.0286692865186492,0.4878717903884554,0.0256513026052104,0.1178356713426853,0.0438084303093008,0.4809289367923135,0.6153846153846151,test,2
uric_acid,5.0,6.0,DVP,1,0.2066854729016538,0.602536915487707,2.958022603664769,-0.1759229670580057,0.1,1.4,-1.971558592890629e-05,0.1955138431974984,-0.2045239489415865,2.958022603664769,0.3987975951903807,0.0869739478957914,0.2037633906219925,2.940479220481801,0.7222222222222218,test,1
uric_acid,10.0,8.0,DVP,2,0.3302066686327701,0.9695061047879948,4.85903105688184,-0.2567545810756657,0.1,1.4,-0.0002112566107779,0.3188647437934978,-0.3113887338643855,4.85903105688184,0.2949899799599198,0.0869739478957916,0.3260015502138582,4.82838579846991,0.6315789473684211,test,1
aluminum,2.0,7.5,DVP,8,0.1051930832759242,0.2790989507801915,1.286875617403558,-0.0874648576462799,0.1,1.4,-3.806012282543947e-05,0.0882821453963782,-0.0820419174172761,1.286875617403558,-0.2997995991983967,0.101002004008016,0.1016651850880816,1.2722824019085095,0.7142857142857142,test,5
copper,2.0,6.5,DVP,9,0.0880925664270245,0.3146259376268096,1.9001068155124865,-0.0900841824843343,0.1,1.4,0.0003691267208226,0.1805215733174377,-0.1386625015473548,1.9001068155124865,-0.0557114228456914,0.0589178356713426,0.0866914306869621,1.8897576613245048,0.9090909090909042,test,4
ascorbic_acid,5.0,7.0,DVP,2,0.3122375065760779,0.8050903601777007,3.720518195146052,-0.2331623136996836,0.1,1.4,-0.0001818715925446,0.2512842817375088,-0.2126255095060264,3.720518195146052,0.0480961923847695,0.1066132264529058,0.3020580488691594,3.6858135046526246,0.6521739130434792,test,2
dopamine,0.1,8.0,DVP,3,0.0073954688230633,0.0181312171537199,0.1060191252356058,-0.0040922053334899,0.1,1.4,-5.4416976274502885e-06,0.0080674450700965,-0.0089182238072372,0.1060191252356058,0.1462925851703407,0.0645290581162325,0.0052238943907572,0.1032962571608507,0.9166666666666686,test,0
uric_acid,5.0,7.0,DVP,7,0.2042687819601696,0.6157424698583694,3.0622383643499607,-0.2146007424662399,0.1,1.4,-0.0002610357703148,0.2504699027326832,-0.1874377470787422,3.0622383643499607,0.3511022044088177,0.0869739478957914,0.2080729989569594,3.0533785586840865,0.8235294117647073,test,1
copper,2.0,7.0,DVP,9,0.0885277607002326,0.3163983111585673,1.930749011280344,-0.0905960236075526,0.1,1.4,0.0003711611780359,0.1750314050509993,-0.1530715804906836,1.930749011280344,-0.0501002004008015,0.0561122244488977,0.0846068431048544,1.920218236992984,0.999999999999996,test,4
dopamine,1.0,8.0,DVP,5,0.0513833090116779,0.1685691414080246,0.972673373110791,-0.0467208310542016,0.1,1.4,-4.523691318790346e-05,0.0706836128924008,-0.0732507907847831,0.972673373110791,0.1462925851703407,0.0645290581162325,0.0487591045670595,0.9656317079311632,0.9166666666666686,test,0
glucose,0.5,8.0,DVP,1,0.0343493103918782,0.0720739139487738,0.288492708725736,-0.0208232101011276,0.1,1.4,3.2877682621767283e-06,0.0210111470661359,-0.0203755914537934,0.288492708725736,0.4689378757515029,0.1374749498997995,0.0312161395372802,0.2825547725240699,0.884615384615387,test,3
ascorbic_acid,10.0,6.0,DVP,8,0.484272025190556,1.2268323684857776,5.5085157000424525,-0.4346199655058556,0.1,1.4,-0.0001711152738421,0.4098436309750339,-0.2790749709280548,5.5085157000424525,0.0845691382765531,0.1094188376753507,0.46816858319629,5.451233109617429,0.6250000000000004,test,2
glucose,0.5,6.5,DVP,5,0.0340402708194444,0.0709929010195917,0.2846586927520604,-0.0192997443521828,0.1,1.4,-1.3536276530802638e-05,0.0211534124881385,-0.0171548188565317,0.2846586927520604,0.5054108216432865,0.1486973947895791,0.0323601635490386,0.2780705146652074,0.9629629629629608,test,3
ascorbic_acid,0.1,6.0,DVP,4,0.0105871567348545,0.0222059413036555,0.0994435914711407,-0.0064461397198884,0.1,1.4,3.1269792620401136e-06,0.0069739580121882,-0.006175255195874,0.0994435914711407,0.0901803607214428,0.1122244488977955,0.008606699266971,0.0965820381434091,0.7391304347826093,test,2
aluminum,0.5,8.0,DVP,0,0.0301487827663358,0.0786090243373814,0.3651747055613537,-0.0343872967086097,0.1,1.4,2.195911274366011e-05,0.0227719093718173,-0.0238356446384999,0.3651747055613537,-0.3082164328657314,0.0981963927855711,0.0283111438146337,0.3609552294012016,0.8421052631578941,test,5
uric_acid,2.0,6.0,DVP,3,0.1036793841233839,0.2901654648226975,1.4450336142456897,-0.0877609599789918,0.1,1.4,-0.0001499522854096,0.1117220422523119,-0.1451919845191601,1.4450336142456897,0.3931863727454909,0.0897795591182364,0.0996614500841824,1.4313237487054855,0.6000000000000008,test,1
dopamine,0.1,7.5,DVP,4,0.0072311731434413,0.0178334974914897,0.1052423235621188,-0.0045607555428744,0.1,1.4,3.34591049916276e-06,0.0096178637966993,-0.0073760088425009,0.1052423235621188,0.1743486973947895,0.0617234468937876,0.0050023204599994,0.1026407811832666,0.9999999999999964,test,0
glucose,2.0,7.0,DVP,9,0.1164807148365584,0.255637729453219,1.0381521854724722,-0.0844213426354239,0.1,1.4,0.0003227851428169,0.0717072524891269,-0.0713932257258224,1.0381521854724722,0.4857715430861723,0.1430861723446892,0.1133977202635423,1.0191551974601114,0.8214285714285698,test,3
dopamine,1.0,6.5,DVP,3,0.0505006633343225,0.1611588037582864,0.9441189908496592,-0.0470945147986463,0.1,1.4,-7.986271764188704e-05,0.082069231249061,-0.079097214424015,0.9441189908496592,0.2248496993987976,0.0617234468937875,0.0451223662151603,0.9358950576856296,0.6923076923076927,test,0
ascorbic_acid,1.0,6.5,DVP,9,0.0829983144292174,0.2061732844209949,0.9000728431940663,-0.0637973744766018,0.1,1.4,0.0002453415870834,0.059369204477971,-0.0533523813570487,0.9000728431940663,0.0789579158316633,0.1206412825651302,0.0832389687589544,0.8870980405476696,0.9545454545454538,test,2
uric_acid,10.0,8.0,DVP,9,0.3363902621842322,0.9737306866090149,4.957947868017547,-0.3082864737316954,0.1,1.4,0.0010910403439839,0.3444621248184889,-0.3251019181921324,4.957947868017547,0.3006012024048096,0.0869739478957916,0.3273036491355868,4.91614651471003,0.8235294117647053,test,1
aluminum,0.1,7.5,DVP,2,0.0073349996679857,0.0163034732615223,0.0787362042501704,-0.0042484899977762,0.1,1.4,2.1796697061622973e-08,0.0051834055675091,-0.0043279196652772,0.0787362042501704,-0.3054108216432865,0.101002004008016,0.0059497691362783,0.0767382656189816,0.8947368421052625,test,5
uric_acid,0.1,6.5,DVP,3,0.0079059205772571,0.0166911525037904,0.0848039500284702,-0.0037505094339412,0.1,1.4,-5.059122085391527e-06,0.0062969866910285,-0.0085574571837817,0.0848039500284702,0.3707414829659319,0.0841683366733467,0.0055074005019362,0.081980817520441,0.666666666666666,test,1
uric_acid,10.0,7.5,DVP,3,0.3386390883090419,0.9574385515875288,4.938725039033675,-0.2940850962940488,0.1,1.4,-0.000505558922363,0.328721208982398,-0.4805285573212977,4.938725039033675,0.3230460921843687,0.0869739478957916,0.3218458822162122,4.886034124701724,0.722222222222224,test,1
uric_acid,0.2,7.5,DVP,1,0.0135909090607031,0.0337318596977952,0.1703092692849067,-0.0087359092941688,0.1,1.4,2.676439999991941e-06,0.0113274551794777,-0.0102422085857567,0.1703092692849067,0.3258517034068136,0.0869739478957916,0.0113855711657352,0.1672522408017786,0.8235294117647053,test,1
uric_acid,1.0,8.0,DVP,1,0.057010911927529,0.1606447498177829,0.796608961975214,-0.0463439353629363,0.1,1.4,-2.3607187291292896e-06,0.0480751961022536,-0.0550808288934296,0.796608961975214,0.2949899799599198,0.0869739478957916,0.0543672363922273,0.7900200203982362,0.6315789473684211,test,1
uric_acid,5.0,7.5,DVP,2,0.2111241015727551,0.6184938538419309,3.0255666600000155,-0.1776760414545595,0.1,1.4,-0.0001331659816415,0.2859710952263287,-0.2161934341546252,3.0255666600000155,0.3230460921843687,0.0897795591182365,0.2122845789342707,3.004572369380073,0.6842105263157905,test,1
dopamine,5.0,7.5,DVP,7,0.1813509035996057,0.642979160352801,3.674740557774579,-0.1885676367310244,0.1,1.4,-0.0002662206825204,0.2697193803877147,-0.2638672142559485,3.674740557774579,0.1715430861723447,0.0673346693386772,0.1904171689694144,3.6692203044520064,0.8461538461538464,test,0
aluminum,2.0,6.5,DVP,8,0.1043669218745509,0.2770455173601125,1.2826268684438165,-0.0868797971000946,0.1,1.4,-3.773230424299723e-05,0.0990522836457031,-0.09452697267403,1.2826268684438165,-0.319438877755511,0.1066132264529058,0.1044385306610135,1.2680083365855908,1.0,test,5
ascorbic_acid,5.0,6.5,DVP,9,0.3144212539687094,0.7951854014839033,3.4657004836393206,-0.2527291232601499,0.1,1.4,0.0009331789328644,0.2288533434204983,-0.2055691286381253,3.4657004836393206,0.0789579158316633,0.1206412825651302,0.3210768319620581,3.4216210703224617,0.9545454545454538,test,2
uric_acid,2.0,6.0,DVP,0,0.1010925980729321,0.291054152167724,1.4248310709646763,-0.1205081646799439,0.1,1.4,6.44630477291926e-05,0.1051938895193492,-0.0840658048976708,1.4248310709646763,0.4044088176352706,0.0897795591182364,0.1000613005926666,1.412404860842886,0.999999999999995,test,1
aluminum,1.0,7.0,DVP,6,0.0567629096793637,0.1486372319985491,0.7027860659037716,-0.0490907412196536,0.1,1.4,-9.88089103400374e-05,0.0501545073730159,-0.0450070510369067,0.7027860659037716,-0.3110220440881763,0.0981963927855711,0.0531703001191455,0.6930030898868345,0.8421052631578952,test,5
glucose,1.0,8.0,DVP,8,0.0646380592967138,0.1392261882758563,0.5716574989447911,-0.0476470733813973,0.1,1.4,-1.1838424780962088e-05,0.0441564836856266,-0.0364134495622394,0.5716574989447911,0.4633266533066132,0.1318637274549099,0.0582692916072774,0.5605329868426551,0.8800000000000027,test,3
uric_acid,5.0,6.5,DVP,4,0.2111641884582808,0.6073820250659995,3.051326038416032,-0.1938070595809002,0.1,1.4,-1.9605775906277657e-05,0.2127512270288407,-0.1927123019617656,3.051326038416032,0.3763527054108216,0.0841683366733467,0.2007069112408951,3.024828440113548,0.8749999999999981,test,1
copper,2.0,6.0,DVP,7,0.0829560378969881,0.3156890702854226,1.9114994926178104,-0.0968294484504057,0.1,1.4,-0.00013605063355,0.1675105093129149,-0.1591929876608681,1.9114994926178104,-0.0613226452905811,0.0561122244488978,0.0846621910654089,1.9079630931664928,0.8181818181818156,test,4
copper,10.0,7.5,DVP,3,0.2890628832969908,1.0215321929920322,6.233146889732397,-0.3515597428417999,0.1,1.4,-0.0005578084533817,0.5174060030693066,-0.5297998424894683,6.233146889732397,-0.0472945891783567,0.0561122244488977,0.2728361858774085,6.189678569856769,0.8181818181818185,test,4
uric_acid,10.0,7.0,DVP,5,0.3300736701809877,0.9475082381970324,4.746577974284892,-0.2462602148131193,0.1,1.4,-0.0002819193762592,0.4010134366456329,-0.2337082346945433,4.746577974284892,0.3454909819639279,0.0897795591182364,0.3250277386547276,4.707037903355791,0.6842105263157919,test,1
uric_acid,0.1,6.0,DVP,8,0.0077761440494217,0.0165805718337211,0.08430436758705,-0.0033118816042069,0.1,1.4,1.700235041921303e-06,0.006023682160664,-0.0051033280961266,0.08430436758705,0.4072144288577154,0.0897795591182364,0.0056833712391555,0.0815139327756656,0.8823529411764687,test,1
aluminum,10.0,6.0,DVP,7,0.316548118914004,0.892206729391128,4.0966403528524085,-0.3434698089850485,0.1,1.4,-0.0004181341056978,0.2649985958606966,-0.2603679325276644,4.0966403528524085,-0.3334669338677354,0.1038076152304608,0.3319905778508135,4.073032963606329,0.8499999999999994,test,5
aluminum,2.0,7.0,DVP,0,0.1034281321439162,0.279376248585421,1.2970286484937616,-0.1274006903406413,0.1,1.4,6.75877133239237e-05,0.0859281890501573,-0.0844674799081178,1.2970286484937616,-0.3166332665330661,0.101002004008016,0.1024086981501956,1.2848374057336158,0.8947368421052635,test,5
aluminum,0.2,6.5,DVP,7,0.0127021577532835,0.0318568366914305,0.1475881059399343,-0.0109281394302731,0.1,1.4,-1.1171078296714585e-05,0.008942246975891,-0.0084983097029858,0.1475881059399343,-0.3110220440881763,0.101002004008016,0.0116655240606198,0.1455318968569778,0.6363636363636365,test,5
copper,5.0,6.0,DVP,9,0.1799681721473399,0.6477747453703584,3.937110915065893,-0.1872054501806272,0.1,1.4,0.0007551626500752,0.4191991270458942,-0.3024931218669799,3.937110915065893,-0.0613226452905811,0.0561122244488978,0.17351199796034,3.916620772582358,0.8181818181818156,test,4
dopamine,2.0,7.5,DVP,7,0.0885809712843535,0.310368390424074,1.774950162524354,-0.0895641157423591,0.1,1.4,-0.0001265031380243,0.1302160598077159,-0.1274044816762169,1.774950162524354,0.1715430861723447,0.0673346693386772,0.0919197310877876,1.771278123349091,0.8461538461538464,test,0
uric_acid,0.1,7.0,DVP,3,0.0079595567258895,0.0168193567011666,0.0861808619312948,-0.0037938633072528,0.1,1.4,-5.141812972539854e-06,0.0062816070853476,-0.0086354328670501,0.0861808619312948,0.3539078156312625,0.0869739478957914,0.0056903568222905,0.083329347777134,0.9374999999999988,test,1
glucose,0.5,7.0,DVP,0,0.0340175033325102,0.0709996654458159,0.27899930578918,-0.0291309702195456,0.1,1.4,2.386897262069605e-05,0.0182248766953872,-0.0231466328663508,0.27899930578918,0.494188376753507,0.1374749498997995,0.0305798990233675,0.2723581082852343,0.884615384615387,test,3
ascorbic_acid,0.2,8.0,DVP,4,0.0197343791526031,0.0457050740890385,0.2061295430753827,-0.0148267488860824,0.1,1.4,2.179193951389824e-06,0.0142924672389664,-0.0125497146564964,0.2061295430753827,0.0200400801603206,0.1094188376753506,0.0173667320291059,0.2024416983853282,0.8571428571428567,test,2
ascorbic_acid,0.2,6.0,DVP,2,0.0187550963696347,0.0432253967598038,0.1914433255255578,-0.0110813468580998,0.1,1.4,-6.108532644664377e-06,0.0161223101225399,-0.0114182075611755,0.1914433255255578,0.0985971943887775,0.1094188376753507,0.0164897572338986,0.1877515093662748,0.9499999999999992,test,2
dopamine,0.1,6.5,DVP,4,0.0071020030516523,0.0173493393345394,0.1017312424856742,-0.0042122660780247,0.1,1.4,3.362976057482374e-06,0.0079816191857396,-0.0070945797157038,0.1017312424856742,0.2248496993987976,0.0645290581162324,0.0050067961729917,0.0991996755330561,0.769230769230771,test,0
dopamine,10.0,7.0,DVP,0,0.2881293982219941,0.9751477012297528,5.58008462024276,-0.4044458439030351,0.1,1.4,0.0002037401155185,0.4792430343275784,-0.4327421699094826,5.58008462024276,0.1995991983967936,0.0645290581162325,0.2811982597011137,5.547954347372159,0.9166666666666686,test,0
glucose,0.5,7.0,DVP,1,0.0339442227934908,0.0712237679505344,0.2852366038919661,-0.0205593995356641,0.1,1.4,5.019451891271328e-06,0.0207671964173287,-0.0206590593125255,0.2852366038919661,0.4857715430861723,0.1402805611222444,0.0312153003161176,0.2794197624954769,0.8518518518518494,test,3
glucose,0.5,6.0,DVP,3,0.0342633821734165,0.0706573559717142,0.2829559578366939,-0.0210655450623876,0.1,1.4,-2.930922616432584e-05,0.0233972200215016,-0.0376052330619598,0.2829559578366939,0.5138276553106212,0.1430861723446892,0.0313592653310944,0.2756256477253546,0.9615384615384625,test,3
glucose,0.5,7.0,DVP,8,0.0343544847985797,0.0714204258095094,0.2931059738141055,-0.0230770127207445,0.1,1.4,-2.4252992517424102e-06,0.0212316580086769,-0.0196544958302968,0.2931059738141055,0.4745490981963928,0.1374749498997995,0.0308113260994759,0.2862662738159467,0.6333333333333315,test,3
copper,2.0,6.0,DVP,0,0.0865272009647753,0.311391124860384,1.915737604590461,-0.1351248422900784,0.1,1.4,7.13768692433148e-05,0.1563190856688499,-0.1514444280640422,1.915737604590461,-0.0613226452905811,0.0533066132264529,0.0806214937612148,1.9053511386056696,0.8999999999999985,test,4
ascorbic_acid,0.2,7.5,DVP,1,0.0193583823241855,0.0444713284576844,0.1969238046555429,-0.0125022105750433,0.1,1.4,2.1719876212846768e-06,0.0132658497692289,-0.0143787159654728,0.1969238046555429,0.0368737474949899,0.1122244488977955,0.0172375331781153,0.1929556630998585,0.904761904761905,test,2
aluminum,0.1,7.5,DVP,0,0.0073871365696926,0.0162779276327915,0.076534906436516,-0.006323163534162,0.1,1.4,7.792667431368707e-06,0.0048713597088723,-0.0050042760752442,0.076534906436516,-0.3166332665330661,0.1038076152304608,0.0060805927474699,0.0746234476946623,0.7619047619047616,test,5
copper,1.0,7.5,DVP,5,0.048395804143946,0.170752105218503,1.044599814701565,-0.0509723940823522,0.1,1.4,-4.906963478568166e-05,0.0872007299384455,-0.0843964604243008,1.044599814701565,-0.0416833667334669,0.0561122244488977,0.0456435396833228,1.038355581028758,0.8181818181818185,test,4
copper,0.1,6.5,DVP,1,0.0063978320993613,0.0181570016337429,0.1106425357239276,-0.0047247997435342,0.1,1.4,3.2806507562221347e-06,0.009601608120176,-0.0103112141285856,0.1106425357239276,-0.0501002004008015,0.0561122244488978,0.0048467131647947,0.1086524626181463,0.8181818181818156,test,4
aluminum,2.0,7.5,DVP,1,0.1035408513401804,0.2797714531864379,1.3046399490628129,-0.0895309675665951,0.1,1.4,-8.078171195558107e-06,0.090644476996823,-0.1096671733103448,1.3046399490628129,-0.3082164328657314,0.0981963927855711,0.1008843805890076,1.2930266715241665,0.9444444444444456,test,5
ascorbic_acid,0.5,7.0,DVP,2,0.0437601342153343,0.1084130056638319,0.502844238436235,-0.0300048230435174,0.1,1.4,-2.1092060802281095e-05,0.0339005038031943,-0.0286940090120128,0.502844238436235,0.0480961923847695,0.1066132264529058,0.0406753994653159,0.496468760650207,0.6521739130434792,test,2
uric_acid,10.0,6.0,DVP,6,0.3242857299241263,0.9347315586327136,4.644044252737385,-0.2737937543074116,0.1,1.4,-0.0005815193474458,0.3159679607714605,-0.3035345555844171,4.644044252737385,0.4044088176352706,0.0897795591182364,0.3211467918412016,4.602801598623369,0.999999999999995,test,1
ascorbic_acid,2.0,6.5,DVP,0,0.1514262926831167,0.3839584734173306,1.7150037004598155,-0.1671803065765509,0.1,1.4,8.734726039604723e-05,0.1368473254202301,-0.1176432012071575,1.7150037004598155,0.0733466933867735,0.1122244488977955,0.1489753085619519,1.6956522159428309,0.8181818181818203,test,2
copper,0.5,7.0,DVP,6,0.0257401358776622,0.088788399322208,0.5367916887976625,-0.0269405577002406,0.1,1.4,-5.329964918467006e-05,0.054692355989773,-0.0452699979029985,0.5367916887976625,-0.0529058116232464,0.0561122244488977,0.0236332743395234,0.5327780849805591,0.8181818181818185,test,4
ascorbic_acid,1.0,6.5,DVP,7,0.0798715347741331,0.2059068505574032,0.9061853346434324,-0.0630877814454568,0.1,1.4,-8.913872534206923e-05,0.0546763578493458,-0.0546687954448626,0.9061853346434324,0.0761523046092184,0.1150300601202405,0.0813637391806559,0.899511202166679,0.8636363636363632,test,2
uric_acid,0.2,6.0,DVP,4,0.0134241486614912,0.0328506102633293,0.1637228865775099,-0.0082808152534928,0.1,1.4,2.7312212862602853e-06,0.0116835495132028,-0.0115390694759724,0.1637228865775099,0.4044088176352706,0.0869739478957916,0.0111029977813886,0.1603040411559639,0.9374999999999966,test,1
aluminum,5.0,7.0,DVP,0,0.2126382462617981,0.578558160864158,2.684657316933238,-0.2660066204667977,0.1,1.4,0.0001355821642184,0.1779349098893962,-0.1748276572156732,2.684657316933238,-0.3166332665330661,0.101002004008016,0.212141030005433,2.6614875765517394,0.8947368421052635,test,5
copper,1.0,7.5,DVP,6,0.0484179896208461,0.1715316689553272,1.0248142636246018,-0.0529433201706988,0.1,1.4,-0.0001067243310174,0.0980375633197441,-0.082378375118318,1.0248142636246018,-0.0444889779559117,0.0589178356713426,0.0471152494356997,1.018264491222049,0.9090909090909112,test,4
aluminum,5.0,7.5,DVP,6,0.2155092236261956,0.5752678845686218,2.753353534274117,-0.192461355656504,0.1,1.4,-0.0003933749000117,0.182655598037583,-0.1826268744405303,2.753353534274117,-0.3110220440881763,0.0981963927855711,0.2057290606367521,2.7184110499380627,0.9444444444444436,test,5
aluminum,5.0,7.0,DVP,8,0.2154364458146336,0.5757979761366578,2.6845105346064786,-0.1823250975664965,0.1,1.4,-8.275809245442833e-05,0.1947470662293945,-0.1846528517428847,2.6845105346064786,-0.319438877755511,0.1038076152304608,0.2135638674503024,2.656504696035436,0.8499999999999994,test,5
dopamine,0.1,6.0,DVP,6,0.0070351302242199,0.0169788892104815,0.1011932015940757,-0.0036818779412922,0.1,1.4,-6.597275332447658e-06,0.0081355548063258,-0.0076052491615307,0.1011932015940757,0.2529058116232465,0.0617234468937875,0.0047560070083455,0.0983950224489849,0.8333333333333366,test,0
uric_acid,10.0,7.0,DVP,0,0.3271523506074744,0.952662775183852,4.718303919748556,-0.4013476807471922,0.1,1.4,0.0002022210156707,0.3203512844164663,-0.3414737166050992,4.718303919748556,0.3482965931863727,0.0869739478957914,0.3206601361261511,4.679837918337095,0.7222222222222218,test,1
aluminum,0.5,6.0,DVP,2,0.0294492351865914,0.0774107685847573,0.351252633389609,-0.0235499731935962,0.1,1.4,-1.479598640049156e-05,0.0269733666854904,-0.0242293478526185,0.351252633389609,-0.3334669338677354,0.1038076152304609,0.0286603613379365,0.3464815444334452,0.7619047619047625,test,5
glucose,1.0,6.0,DVP,6,0.0628456519173147,0.1351486417447503,0.5440909031990463,-0.0390441449367395,0.1,1.4,-7.374882821602843e-05,0.0452094570682765,-0.032754363520471,0.5440909031990463,0.5194388777555111,0.1430861723446892,0.0598183255500646,0.5329391327731167,0.8888888888888856,test,3
dopamine,5.0,7.0,DVP,9,0.188094498016459,0.6301283021183866,3.6280488498244745,-0.190798946190671,0.1,1.4,0.000695800864712,0.2881438320473937,-0.2646491783077153,3.6280488498244745,0.1995991983967936,0.0617234468937876,0.1764189586232049,3.6072693851584856,0.8333333333333339,test,0
aluminum,10.0,6.0,DVP,5,0.3303019926039948,0.8847285933114406,4.060666980681711,-0.285493828150949,0.1,1.4,-0.0002887933579345,0.2730884428762276,-0.3092206927374439,4.060666980681711,-0.3278557114228457,0.0981963927855711,0.3176674628709671,4.0205335139052245,0.9444444444444436,test,5
copper,0.2,6.0,DVP,3,0.011538723621336,0.0358363771940548,0.2169228253383557,-0.011432245731522,0.1,1.4,-1.5715406885746105e-05,0.0186601731971194,-0.0186063273228512,0.2169228253383557,-0.064128256513026,0.0561122244488978,0.0095845695255945,0.2140718333697844,0.6666666666666677,test,4
glucose,0.2,7.5,DVP,9,0.0155983279529702,0.0292169908798606,0.1185170130822331,-0.0076669643056085,0.1,1.4,4.0798046497570894e-05,0.0083911825951901,-0.0081474696378628,0.1185170130822331,0.4857715430861723,0.1486973947895791,0.013271559065772,0.113971092214092,0.8928571428571425,test,3
dopamine,0.1,7.5,DVP,6,0.0072287988549739,0.0176850284910027,0.1040649382769391,-0.0038670727327327,0.1,1.4,-7.014810286200533e-06,0.0079893583450502,-0.008304584073337,0.1040649382769391,0.1743486973947895,0.0645290581162324,0.0050974820553813,0.1013009621217374,0.9166666666666652,test,0
ascorbic_acid,1.0,8.0,DVP,6,0.0853865981796473,0.2131315574856029,0.9538680850289818,-0.0651852470038628,0.1,1.4,-0.0001348851308641,0.0673004403940021,-0.0569135293161404,0.9538680850289818,0.0116232464929859,0.1122244488977955,0.0822642262293915,0.9414403266496378,0.818181818181817,test,2
ascorbic_acid,5.0,6.0,DVP,7,0.2993495082732311,0.7872751198586182,3.4905635481211963,-0.2486692967800055,0.1,1.4,-0.0003510384372662,0.2116938814966218,-0.2257352421474819,3.4905635481211963,0.087374749498998,0.1094188376753507,0.3014608841802166,3.469261336761289,0.6956521739130451,test,2
glucose,0.5,7.5,DVP,2,0.0340014092936049,0.0713950055843465,0.2880601128355018,-0.0201427934122261,0.1,1.4,-9.915615136299932e-06,0.0177238088030941,-0.0176305428669412,0.2880601128355018,0.4829659318637275,0.1430861723446894,0.031502425383985,0.2811584034989654,0.8888888888888886,test,3
aluminum,5.0,6.0,DVP,0,0.2109491148326765,0.5743304269067722,2.664779692848322,-0.2638719643007884,0.1,1.4,0.0001345349879624,0.1737258259467779,-0.1734120644240928,2.664779692848322,-0.3334669338677354,0.1038076152304608,0.212580235344713,2.639978497059845,0.8499999999999994,test,5
aluminum,10.0,8.0,DVP,5,0.3356052529832388,0.9025803028465058,4.309650828818741,-0.290002082671827,0.1,1.4,-0.0002934016162277,0.2759805233540604,-0.2333866798430548,4.309650828818741,-0.3054108216432865,0.0953907815631262,0.3179833292889349,4.261581087525428,0.8888888888888903,test,5
dopamine,0.5,7.5,DVP,9,0.027364438298782,0.0863983644901342,0.501112561610784,-0.0236314623440448,0.1,1.4,9.855431325965885e-05,0.0368409304235043,-0.0452597997463077,0.501112561610784,0.1687374749498997,0.0645290581162324,0.0248787495391637,0.4963890920129212,0.7692307692307657,test,0
dopamine,5.0,6.5,DVP,7,0.1769149538238741,0.6300288902179116,3.5587882435926965,-0.2135635701951228,0.1,1.4,-0.0002597764625526,0.2812549231648085,-0.2595729281378641,3.5587882435926965,0.2248496993987976,0.0645290581162324,0.1823277975327801,3.552998818199033,0.769230769230771,test,0
uric_acid,0.5,7.5,DVP,9,0.0306819442546587,0.0832787199452021,0.4181836324242355,-0.0247305147874436,0.1,1.4,9.758030349622984e-05,0.0290118085765593,-0.0231945243650792,0.4181836324242355,0.3258517034068136,0.0869739478957916,0.0281252055730357,0.4126769775914175,0.8235294117647053,test,1
glucose,10.0,6.0,DVP,3,0.3695066578277812,0.8176612405910664,3.2462965273903097,-0.2635070137181262,0.1,1.4,-0.0003779891442334,0.2689705312253918,-0.4316429479708344,3.2462965273903097,0.5138276553106212,0.1430861723446892,0.3631037093704475,3.18961646328042,0.9615384615384625,test,3
copper,0.2,7.5,DVP,1,0.0113174436301704,0.0362739098488754,0.2219088831330152,-0.0102719577707304,0.1,1.4,2.5376733042616824e-06,0.01936368764183,-0.0190956159113116,0.2219088831330152,-0.0444889779559117,0.0561122244488977,0.0097160344815598,0.219435253489953,0.999999999999996,test,4
copper,1.0,6.0,DVP,1,0.0469948665335753,0.1676506487218712,1.027375373461913,-0.0504098863829141,0.1,1.4,-2.8383364977026123e-06,0.0958225939860673,-0.0981488761222908,1.027375373461913,-0.0613226452905811,0.0589178356713426,0.0462870419518528,1.0218329670826936,0.9090909090909042,test,4
glucose,1.0,7.5,DVP,3,0.0649053285418694,0.1382665039378807,0.5485688991522741,-0.0431246382319501,0.1,1.4,-6.800569718877074e-05,0.0493527856771364,-0.0734576584481424,0.5485688991522741,0.4577154308617234,0.1486973947895791,0.0626388629579637,0.5363866892470479,0.514285714285714,test,3
ascorbic_acid,0.2,7.0,DVP,2,0.0190968585391504,0.0444150206486471,0.2072573920193229,-0.0113420614346832,0.1,1.4,-6.322287545109218e-06,0.0139308654102783,-0.011797414478442,0.2072573920193229,0.0480961923847695,0.1066132264529058,0.0166547668239139,0.2033989503644003,0.6521739130434792,test,2
ascorbic_acid,2.0,7.0,DVP,1,0.1525461803860354,0.3849899772426277,1.6898169939493697,-0.1178958106286587,0.1,1.4,-1.1944262183907209e-05,0.1103136680619629,-0.1197635918431431,1.6898169939493697,0.0480961923847695,0.1122244488977955,0.1497200869175095,1.6716989946128007,0.6666666666666689,test,2
glucose,10.0,6.0,DVP,5,0.3644648459485949,0.8178636330635474,3.277837206167938,-0.2423744889614145,0.1,1.4,-0.0001794256871283,0.2327961807343858,-0.177977498934539,3.277837206167938,0.5054108216432865,0.1402805611222444,0.3584967281595438,3.229727558920348,0.7857142857142849,test,3
aluminum,5.0,8.0,DVP,3,0.2200023613450103,0.5837927758284653,2.715611200956946,-0.2109747894333362,0.1,1.4,-0.0003337450468045,0.1975181543812807,-0.3185081441531017,2.715611200956946,-0.294188376753507,0.101002004008016,0.2120149062094911,2.6795590093479498,0.8000000000000006,test,5
ascorbic_acid,10.0,6.0,DVP,1,0.4773971602296583,1.2169036983832462,5.478032712909815,-0.3748603598255106,0.1,1.4,-4.636168189149537e-05,0.3671129559782002,-0.39357419756552,5.478032712909815,0.0845691382765531,0.1122244488977955,0.4724385038689829,5.421494847542506,0.600000000000001,test,2
glucose,0.2,6.0,DVP,4,0.0153337058681433,0.0282158934653748,0.1180889839599292,-0.0070460125429552,0.1,1.4,5.502968826007473e-06,0.0087469196166325,-0.0082687959570564,0.1180889839599292,0.4997995991983969,0.1318637274549097,0.0118510141650608,0.1134429892151261,0.5666666666666679,test,3
ascorbic_acid,10.0,6.5,DVP,0,0.4834879987904087,1.2371613075095085,5.52133991972726,-0.5441155967654198,0.1,1.4,0.0002722564348002,0.4407483116593674,-0.3788234615328263,5.52133991972726,0.0733466933867735,0.1122244488977955,0.4798690700633405,5.462113095754466,0.8181818181818203,test,2
glucose,10.0,6.5,DVP,9,0.367332893518729,0.8190360976583608,3.297907107101917,-0.2754076226850681,0.1,1.4,0.0010371302251244,0.2289556690092528,-0.2339816238337427,3.297907107101917,0.4885771543086171,0.1430861723446894,0.3633910547444163,3.242848452088431,0.5937499999999977,test,3
uric_acid,5.0,6.5,DVP,9,0.2112638292753436,0.6051649455316006,2.997460693736351,-0.1921946131459627,0.1,1.4,0.0006843030691295,0.2162989435311166,-0.1642295284109051,2.997460693736351,0.3763527054108216,0.0897795591182365,0.207592728971755,2.9718688414658057,0.882352941176471,test,1
uric_acid,2.0,8.0,DVP,6,0.1056864367888312,0.2988332022316513,1.4910172933648789,-0.0862307884324926,0.1,1.4,-0.0001845401487758,0.1037789994860157,-0.1226944644069946,1.4910172933648789,0.292184368737475,0.0869739478957916,0.1006398444189036,1.4765573831536498,0.5500000000000019,test,1
ascorbic_acid,1.0,6.0,DVP,6,0.0821164849967341,0.2046414067343258,0.9216142826921466,-0.0601645391498455,0.1,1.4,-0.0001293717842278,0.0654656943779357,-0.0557149243481833,0.9216142826921466,0.0901803607214428,0.1094188376753507,0.0780239847139133,0.9092870041004336,0.7727272727272726,test,2
uric_acid,0.1,8.0,DVP,1,0.0078929471434564,0.0170662834216269,0.086742051090142,-0.0038028122759211,0.1,1.4,3.337171081727872e-06,0.0051605351082245,-0.0059447736926228,0.086742051090142,0.2949899799599198,0.0869739478957916,0.0057773834663618,0.0841496316983622,0.6315789473684211,test,1
dopamine,1.0,8.0,DVP,4,0.0514259777931331,0.1693563214422078,1.0021412365018578,-0.0547639357409179,0.1,1.4,-2.3596417286334e-06,0.0751111739356604,-0.069975858715792,1.0021412365018578,0.1462925851703407,0.0617234468937876,0.0475405833372472,0.9965319485948768,0.9999999999999964,test,0
glucose,0.1,8.0,DVP,2,0.0090389525228845,0.0146935793776548,0.061410275248683,-0.0027884787286243,0.1,1.4,8.804059067775532e-07,0.0039554906578859,-0.0037484391540484,0.061410275248683,0.4549098196392785,0.1486973947895792,0.0066529517654127,0.0579127350648077,0.7666666666666656,test,3
aluminum,10.0,6.5,DVP,7,0.3178182042554097,0.8954106465705893,4.111261445839714,-0.3448656950000348,0.1,1.4,-0.0004198431299705,0.2508290591540865,-0.2381563904805976,4.111261445839714,-0.3110220440881763,0.101002004008016,0.3276582582250397,4.08756281985615,0.6363636363636365,test,5
glucose,10.0,8.0,DVP,9,0.3744976054228851,0.8333529863429161,3.2767851262308363,-0.2804601797517845,0.1,1.4,0.0010218457390551,0.2339859005045114,-0.2260006020300283,3.2767851262308363,0.4605210420841684,0.1402805611222444,0.3642517686011723,3.221548192032821,0.8518518518518549,test,3
ascorbic_acid,2.0,6.0,DVP,8,0.1516711356524046,0.3807398126906577,1.7110258582470914,-0.1332659663661325,0.1,1.4,-5.036960537761459e-05,0.1272385266528446,-0.0866728578845276,1.7110258582470914,0.0845691382765531,0.1094188376753507,0.1452628599965517,1.6915828084483326,0.6250000000000004,test,2
aluminum,5.0,7.5,DVP,2,0.2116516691732916,0.5816727013305769,2.764133089497102,-0.1841764394091488,0.1,1.4,-0.0001368741726468,0.1845144642592161,-0.1543972392946383,2.764133089497102,-0.3054108216432865,0.0981963927855711,0.2087167962368047,2.7403247741354058,0.8421052631578941,test,5
ascorbic_acid,10.0,6.5,DVP,6,0.4876033347200025,1.2389096685414984,5.512594581874162,-0.3785122573264324,0.1,1.4,-0.0008031443211667,0.4051886030815863,-0.3405204715759202,5.512594581874162,0.0789579158316633,0.1150300601202405,0.4863871334798617,5.44701185295606,0.9523809523809534,test,2
ascorbic_acid,2.0,7.0,DVP,8,0.154725824104698,0.3883575427359367,1.737356863147985,-0.1353280699838506,0.1,1.4,-5.14968038879875e-05,0.1336732017855837,-0.0936835743777021,1.737356863147985,0.0452905811623246,0.1122244488977955,0.1507062194554931,1.718954434003938,0.600000000000001,test,2
uric_acid,5.0,8.0,DVP,5,0.2167007572409926,0.6203389557515312,3.141120196659672,-0.1604486144953432,0.1,1.4,-0.000183148219309,0.230614853100207,-0.1855870847427337,3.141120196659672,0.2977955911823647,0.0869739478957916,0.2090562360834946,3.112056031402421,0.722222222222224,test,1
dopamine,0.5,6.5,DVP,3,0.0271838498962037,0.0836276918472592,0.4910346809157341,-0.0237340563832434,0.1,1.4,-3.96002167660572e-05,0.0426316712254114,-0.041129693008362,0.4910346809157341,0.2248496993987976,0.0617234468937875,0.0234134905895917,0.4857312508256052,0.6923076923076927,test,0
copper,0.5,8.0,DVP,9,0.0260100935316221,0.0892321374959451,0.545461424133005,-0.0242840107738683,0.1,1.4,0.0001075853403016,0.0546899864028721,-0.0420680175440975,0.545461424133005,-0.0416833667334669,0.0561122244488978,0.0239000888977425,0.5414450936988717,0.8181818181818156,test,4
glucose,10.0,6.5,DVP,5,0.366964489999728,0.8216756078736821,3.266070345039755,-0.2425671299760162,0.1,1.4,-0.0001971715434045,0.2434068290073655,-0.1972801618524851,3.266070345039755,0.5054108216432865,0.1486973947895791,0.3745891699503639,3.216967485649769,0.9629629629629608,test,3
ascorbic_acid,2.0,7.5,DVP,1,0.1540515389865554,0.3890275780031424,1.707561515789287,-0.1190984103961924,0.1,1.4,-1.2105336468545724e-05,0.1155458886580232,-0.1251185054045702,1.707561515789287,0.0368737474949899,0.1122244488977955,0.1509449552932699,1.6892804998974769,0.904761904761905,test,2
uric_acid,5.0,6.0,DVP,8,0.2099253809188163,0.6026456427635772,2.981959150858687,-0.2035117692060888,0.1,1.4,-7.850803713044196e-05,0.2155895742992023,-0.1820374064872112,2.981959150858687,0.4072144288577154,0.0897795591182364,0.2070054099258942,2.95953220691562,0.8823529411764687,test,1
uric_acid,0.2,8.0,DVP,9,0.013848643686526,0.0343471054143878,0.1772086348136924,-0.0091193180999433,0.1,1.4,4.288537227989414e-05,0.0122418737774845,-0.0115631954821337,0.1772086348136924,0.3006012024048096,0.0869739478957916,0.0115437413078734,0.1736581448531685,0.8235294117647053,test,1
dopamine,0.1,7.0,DVP,2,0.0070583148313558,0.0174552982903118,0.1002099643301037,-0.0035786935033238,0.1,1.4,1.6374798392737766e-07,0.0077043974154366,-0.0079782398120308,0.1002099643301037,0.1995991983967936,0.0645290581162325,0.0050383266144209,0.0977968563827577,0.9166666666666686,test,0
dopamine,10.0,6.0,DVP,3,0.2893105827284047,0.9524825152946906,5.379682967635282,-0.286281617128937,0.1,1.4,-0.0004921093758971,0.4549812036107269,-0.467845640015076,5.379682967635282,0.2613226452905811,0.0673346693386773,0.2818104942308093,5.3415190481308485,0.7142857142857151,test,0
dopamine,5.0,7.0,DVP,2,0.1841592800209906,0.6313748485256893,3.5482396639138454,-0.171379858934208,0.1,1.4,-0.0001329765070819,0.2769357930928307,-0.2857654018529775,3.5482396639138454,0.1995991983967936,0.0645290581162325,0.1819853352297873,3.5303812032912463,0.9166666666666686,test,0
uric_acid,0.5,6.5,DVP,8,0.0302468815498067,0.0817740052898233,0.4120747558233562,-0.0255692141464343,0.1,1.4,-7.217054285572032e-06,0.0312672137060013,-0.0223945690757494,0.4120747558233562,0.3735470941883767,0.0841683366733467,0.0270442374395013,0.4070722607991902,0.7647058823529379,test,1
dopamine,0.5,7.5,DVP,6,0.0273392467814585,0.0859424911958767,0.4973509037240738,-0.022385290886067,0.1,1.4,-4.87654626673752e-05,0.0386352815988735,-0.0400313862255059,0.4973509037240738,0.1743486973947895,0.0645290581162324,0.0248117279493079,0.492468589829338,0.9166666666666652,test,0
glucose,1.0,6.5,DVP,4,0.0632819079990521,0.1338267395442875,0.5538327191342706,-0.0439533668591189,0.1,1.4,8.298167092410172e-06,0.0418637542423903,-0.0385384488230753,0.5538327191342706,0.4997995991983969,0.1402805611222446,0.0585280773211062,0.5413933165001138,0.7857142857142877,test,3
aluminum,2.0,7.5,DVP,0,0.103835971154676,0.2804339149169147,1.298856460043866,-0.1279022488053637,0.1,1.4,6.783375761167862e-05,0.0837497537932125,-0.0848031618524055,1.298856460043866,-0.3166332665330661,0.1038076152304608,0.1047178574038599,1.2871410520301687,0.7619047619047616,test,5
uric_acid,5.0,6.5,DVP,2,0.207394018536599,0.6104575975328236,3.041056620883528,-0.1755508321233456,0.1,1.4,-0.0001306991943002,0.2210065057299199,-0.1978480755532096,3.041056620883528,0.3763527054108216,0.0869739478957916,0.2060101751617861,3.020504355952156,0.8235294117647053,test,1
copper,2.0,7.5,DVP,3,0.0907450028638379,0.3171003807502138,1.9357629807168717,-0.1085186220711312,0.1,1.4,-0.0001704510574001,0.1605859972577533,-0.1645219807689548,1.9357629807168717,-0.0472945891783567,0.0561122244488977,0.084698818390877,1.921419666504328,0.8181818181818185,test,4
aluminum,0.1,8.0,DVP,1,0.0073931413654059,0.0163071375045218,0.0775643645819467,-0.0044551489559657,0.1,1.4,3.316766854811174e-06,0.004984259293296,-0.0065131830695908,0.0775643645819467,-0.3082164328657314,0.0953907815631262,0.0057439557818148,0.0755307490395237,0.8888888888888882,test,5
glucose,0.2,8.0,DVP,7,0.0152184293695668,0.0293356303158368,0.1229305915508329,-0.0087752055418948,0.1,1.4,-8.819448002501565e-06,0.0079382285298412,-0.0073595068793314,0.1229305915508329,0.4521042084168337,0.1402805611222444,0.0128849355849899,0.1193302881785227,0.6666666666666684,test,3
glucose,1.0,6.0,DVP,8,0.0630237407438107,0.1360842735176399,0.5382133584916021,-0.0464588583155672,0.1,1.4,-3.165169030707904e-06,0.0403225040382755,-0.0363230791055883,0.5382133584916021,0.5110220440881764,0.1430861723446892,0.060480449199566,0.5284260814571364,0.8888888888888912,test,3
glucose,2.0,6.0,DVP,3,0.1164010268437236,0.2536794118514492,1.0090012879451116,-0.0804659048963707,0.1,1.4,-0.0001147389701558,0.0835649096994057,-0.134148048874479,1.0090012879451116,0.5138276553106212,0.1430861723446892,0.1126650467673934,0.9897572317196512,0.9615384615384625,test,3
glucose,0.5,6.5,DVP,4,0.0340599478929837,0.0694197007347984,0.2886285547488019,-0.0214529014264265,0.1,1.4,6.236943957292449e-06,0.0217860933763951,-0.0200846395324653,0.2886285547488019,0.4997995991983969,0.1402805611222446,0.0303559858374268,0.2809145040358513,0.7857142857142877,test,3
uric_acid,0.2,7.5,DVP,2,0.0135248514356119,0.0339277737410678,0.1681801802429918,-0.0082475409083126,0.1,1.4,-3.5929180046710488e-06,0.0158202283810139,-0.0119634319866394,0.1681801802429918,0.3230460921843687,0.0869739478957916,0.01141705528845,0.1650197563226414,0.722222222222224,test,1
uric_acid,5.0,6.0,DVP,7,0.200629821397167,0.6030362510714851,2.908100282593704,-0.2106564615808239,0.1,1.4,-0.0002562080571281,0.2396856880100398,-0.1994923078103168,2.908100282593704,0.4044088176352706,0.0981963927855711,0.219019563345629,2.8998937749033318,0.9444444444444456,test,1
aluminum,0.2,6.5,DVP,3,0.0134026470074352,0.0318754417117167,0.1498510063475273,-0.0107275296746925,0.1,1.4,-1.4592234922662624e-05,0.010557927878917,-0.0175471766138515,0.1498510063475273,-0.3278557114228457,0.0981963927855711,0.0113913092347943,0.1466104410790603,0.8421052631578941,test,5
aluminum,1.0,7.5,DVP,2,0.0559818257406776,0.1509115730440117,0.7181164150232494,-0.0469397015918229,0.1,1.4,-3.2572481718143354e-05,0.0478812766845822,-0.0400587100532204,0.7181164150232494,-0.3054108216432865,0.101002004008016,0.0551243313804253,0.711066855541155,0.8947368421052625,test,5
copper,1.0,7.5,DVP,1,0.0476830553585151,0.1702250453571324,1.0366934034283375,-0.051269395300727,0.1,1.4,-2.9534577440352567e-06,0.0910071085648512,-0.0896520238975498,1.0366934034283375,-0.0444889779559117,0.0561122244488977,0.0456315125248572,1.0308367841645862,0.999999999999996,test,4
copper,0.1,6.0,DVP,9,0.0064576320566197,0.0181098038386655,0.1112666142637147,-0.0041134886019436,0.1,1.4,2.5259812544810827e-05,0.0117226869733257,-0.0084243077368786,0.1112666142637147,-0.0613226452905811,0.0561122244488978,0.004838142824783,0.1091507386958676,0.8181818181818156,test,4
dopamine,0.5,6.5,DVP,0,0.0264508584155699,0.0835212516035512,0.4824472750357446,-0.0322511678340957,0.1,1.4,2.115649424241984e-05,0.0403872915963265,-0.0463296883514497,0.4824472750357446,0.2276553106212424,0.0645290581162324,0.0240516732303449,0.4779157860226679,0.9166666666666652,test,0
copper,0.1,6.5,DVP,7,0.0062059475572822,0.01837339624767,0.1118015986388024,-0.0042899585617711,0.1,1.4,-4.213051532887767e-06,0.0094825700574743,-0.0102233041583239,0.1118015986388024,-0.0529058116232464,0.0561122244488978,0.0049409923198201,0.1102696997638902,1.0,test,4
uric_acid,1.0,6.5,DVP,0,0.055703651478577,0.1575139933995969,0.7906568672722282,-0.0641715119586073,0.1,1.4,3.681626103264571e-05,0.0522134555220425,-0.0511464553383003,0.7906568672722282,0.3763527054108216,0.0841683366733467,0.0520371762012596,0.7829347781536051,0.8749999999999981,test,1
copper,1.0,7.0,DVP,6,0.0481846246000226,0.1708972001092633,1.032013431145684,-0.0526855836120728,0.1,1.4,-0.0001061947913711,0.1052884931815242,-0.0871531431910654,1.032013431145684,-0.0529058116232464,0.0561122244488977,0.0454919841871513,1.0256280181032609,0.8181818181818185,test,4
uric_acid,2.0,6.0,DVP,1,0.100813071676506,0.2907913331335343,1.4287765538054074,-0.0842532805578072,0.1,1.4,-7.437878142254759e-06,0.0943983994360858,-0.098756405362857,1.4287765538054074,0.3987975951903807,0.0869739478957914,0.098334844661937,1.419161503631323,0.7222222222222218,test,1
glucose,0.5,6.5,DVP,2,0.0335897561021347,0.0705203657934878,0.288134524316774,-0.0198838905033769,0.1,1.4,-7.617925831419125e-06,0.0176768301391306,-0.0175932375750259,0.288134524316774,0.4997995991983969,0.1402805611222444,0.0308005254021975,0.2812971681815624,0.8518518518518549,test,3
copper,1.0,8.0,DVP,1,0.0479134315335186,0.1710674168770666,1.065690744210945,-0.0514841510399544,0.1,1.4,-2.9822217834123004e-06,0.0922132660062315,-0.0931176597806041,1.065690744210945,-0.038877755511022,0.0561122244488978,0.0459017516605023,1.06006310857444,1.0,test,4
glucose,0.2,6.5,DVP,4,0.0154223197938377,0.0283427244253061,0.1194825916368099,-0.0071022108748667,0.1,1.4,4.922305579776545e-06,0.0089806561311541,-0.0083148871502652,0.1194825916368099,0.4997995991983969,0.1402805611222446,0.0123968725949993,0.1148458893557737,0.7857142857142877,test,3
glucose,0.1,6.0,DVP,3,0.0090571208460207,0.0144968093336864,0.0601483962161214,-0.0029285232303357,0.1,1.4,-3.092690971155398e-06,0.004933061284367,-0.0079783372041497,0.0601483962161214,0.5138276553106212,0.1430861723446892,0.0064264206484943,0.0566009041858264,0.9615384615384625,test,3
dopamine,0.5,6.0,DVP,9,0.0264250027879908,0.0827682340344647,0.4751423009566408,-0.0240186017521129,0.1,1.4,9.508611863861415e-05,0.0424673357272091,-0.0359687340293639,0.4751423009566408,0.2585170340681363,0.0645290581162324,0.0238287809852604,0.4702098863320127,0.9166666666666652,test,0
aluminum,10.0,8.0,DVP,3,0.3413910519926774,0.90803712615838,4.223148917427833,-0.3286316352962384,0.1,1.4,-0.000521265781127,0.3072053446796174,-0.4953401178378125,4.223148917427833,-0.294188376753507,0.101002004008016,0.3297812496641858,4.167926815675225,0.8000000000000006,test,5
copper,0.2,7.0,DVP,4,0.0114302180641151,0.0361445894072718,0.2231514034009419,-0.0119315936220427,0.1,1.4,2.565273964179264e-06,0.0225328309085549,-0.0186024769486539,0.2231514034009419,-0.0501002004008015,0.0561122244488977,0.0096607366365431,0.2209756222158776,0.999999999999996,test,4
glucose,5.0,6.0,DVP,1,0.2329544817944123,0.5235936930079902,2.0299022397633912,-0.16184035227819,0.1,1.4,3.078598796083193e-05,0.1537257205798747,-0.142623851162426,2.0299022397633912,0.5194388777555111,0.1486973947895791,0.2384490193332944,2.0058968686154963,0.9629629629629608,test,3
copper,0.1,8.0,DVP,9,0.0065577844087721,0.0184992318567759,0.1140863714060289,-0.0042180319339401,0.1,1.4,2.56902240610268e-05,0.0113199376232808,-0.0087051805372402,0.1140863714060289,-0.0416833667334669,0.0561122244488978,0.0049429050533657,0.111956595524837,0.8181818181818156,test,4
copper,10.0,7.0,DVP,4,0.2817492181012239,1.0170002065897097,6.244771853403173,-0.3604626577579344,0.1,1.4,-3.704587843301943e-05,0.6341180574896939,-0.5236925806967534,6.244771853403173,-0.0501002004008015,0.0561122244488977,0.271948262416626,6.2227739852904485,0.999999999999996,test,4
ascorbic_acid,1.0,7.0,DVP,7,0.080657672050308,0.2077950747129429,0.945152226629778,-0.0637645223131821,0.1,1.4,-9.009376786332955e-05,0.0607620304095525,-0.0652565307927588,0.945152226629778,0.0565130260521041,0.1094188376753507,0.0792801576900508,0.9384522302545868,0.9499999999999992,test,2
aluminum,2.0,6.0,DVP,5,0.1035420407513786,0.2746614622089664,1.2614766594621047,-0.0880159808200085,0.1,1.4,-8.693494377474604e-05,0.0847949784720147,-0.0960175310925891,1.2614766594621047,-0.3278557114228457,0.0981963927855711,0.0986005924111879,1.2479150668021015,0.9444444444444436,test,5
copper,0.1,7.0,DVP,2,0.0063855780250403,0.0183232051416579,0.1142428238724961,-0.0045371434560554,0.1,1.4,-2.1951999097740565e-07,0.0109333265060748,-0.0108114053139428,0.1142428238724961,-0.0529058116232464,0.0533066132264529,0.0047504563967675,0.1125076009043432,0.7272727272727295,test,4
uric_acid,0.5,7.0,DVP,6,0.0304014026952638,0.0818494149384861,0.4008701831197008,-0.0219357679840754,0.1,1.4,-4.7751980170450085e-05,0.0340200929918793,-0.0265922962459678,0.4008701831197008,0.3454909819639279,0.0869739478957914,0.0275314644243788,0.3954570054470347,0.6315789473684225,test,1
copper,10.0,7.0,DVP,3,0.2876336361150242,1.0169496762754546,6.19815675674049,-0.3498683248088267,0.1,1.4,-0.0005551126820543,0.5409558526156963,-0.52725773125989,6.19815675674049,-0.0472945891783567,0.0561122244488977,0.2714197353985514,6.155475009398447,0.8181818181818185,test,4
uric_acid,5.0,6.0,DVP,4,0.2092646234012135,0.5988958223416485,2.9450130730279547,-0.1919996301351026,0.1,1.4,-1.938749857841904e-05,0.2112894383220024,-0.2086206607788954,2.9450130730279547,0.4044088176352706,0.0869739478957916,0.2023700134838104,2.918742165230896,0.9374999999999966,test,1
aluminum,10.0,6.0,DVP,9,0.3307157359458721,0.9015929033766588,4.264657893971968,-0.3106057615101189,0.1,1.4,0.0010974152754164,0.280883470490696,-0.3262601103266305,4.264657893971968,-0.3278557114228457,0.101002004008016,0.32864304932988,4.214325124053267,1.0,test,5
glucose,2.0,8.0,DVP,5,0.1178311760946626,0.2580757594337883,1.0220289506589608,-0.0690062948275708,0.1,1.4,-7.023305631284038e-05,0.0706399167244473,-0.0701378817778984,1.0220289506589608,0.4549098196392785,0.1458917835671342,0.1156680277476266,1.0020657183958164,0.6774193548387094,test,3
copper,0.2,7.0,DVP,7,0.0108890370437113,0.0365237743348013,0.2220237024007255,-0.0094124842745214,0.1,1.4,-1.2277312057883175e-05,0.0191492988757901,-0.0213379305652653,0.2220237024007255,-0.0501002004008015,0.0561122244488977,0.0098145551661483,0.2203902921473333,0.999999999999996,test,4
aluminum,0.1,6.0,DVP,4,0.0073761660524426,0.0161146867483581,0.076013709127821,-0.0051332064668059,0.1,1.4,3.337922291533064e-06,0.0056050482618402,-0.0048627631835323,0.076013709127821,-0.3278557114228457,0.101002004008016,0.0058787300116431,0.07388651561863,0.8947368421052625,test,5
glucose,5.0,6.0,DVP,2,0.2318867435320222,0.5214242669016422,2.1009632488281405,-0.1599650395789409,0.1,1.4,-7.055028340767411e-05,0.1259111986165665,-0.1344899541438351,2.1009632488281405,0.4997995991983969,0.1430861723446894,0.2309500530604675,2.0691358378928744,0.5937500000000017,test,3
dopamine,10.0,6.0,DVP,0,0.280975954824709,0.9569558943890318,5.435301190470979,-0.394247246017835,0.1,1.4,0.0001987370967932,0.4479122096780976,-0.4197643092744911,5.435301190470979,0.2529058116232465,0.0645290581162324,0.2762212131033307,5.407127642072814,0.769230769230771,test,0
dopamine,5.0,7.0,DVP,5,0.1878327283461686,0.6292820643761596,3.6036321205601913,-0.1782855789924188,0.1,1.4,-0.0001812340991852,0.2851917499135158,-0.2806082442126232,3.6036321205601913,0.2024048096192384,0.0645290581162325,0.181416785583276,3.5813764550568616,0.9166666666666686,test,0
uric_acid,5.0,7.5,DVP,4,0.2149632966396562,0.617634699616121,3.074792181758638,-0.1974017071066879,0.1,1.4,-2.003863918127885e-05,0.242564029262526,-0.1880618094324672,3.074792181758638,0.3286573146292585,0.0869739478957916,0.2087341123136527,3.0512445274979574,0.9375000000000014,test,1
copper,0.5,7.5,DVP,8,0.0259747881191721,0.0890228217189139,0.5387286386789021,-0.024521625506431,0.1,1.4,-8.596491970796386e-06,0.0498025117073133,-0.0425693190523891,0.5387286386789021,-0.0416833667334669,0.0561122244488977,0.0237964113872327,0.5346229480374293,0.8181818181818185,test,4
copper,0.5,6.5,DVP,5,0.0256075143470443,0.0879166695925226,0.5451836556574738,-0.0257655133381274,0.1,1.4,-2.330360064482462e-05,0.0531259201988312,-0.0505428456039375,0.5451836556574738,-0.0529058116232464,0.0589178356713426,0.0241553652025525,0.5413062671973057,0.9090909090909112,test,4
glucose,0.2,6.5,DVP,8,0.0154567469064388,0.0290043872224467,0.1188219941463616,-0.007723114285323,0.1,1.4,1.841978253120356e-06,0.0081067945792676,-0.0080377101613925,0.1188219941463616,0.4857715430861723,0.1402805611222444,0.0126643330855175,0.1143983041789535,0.5624999999999999,test,3
dopamine,0.5,8.0,DVP,1,0.02729736402597,0.0866695237884958,0.4955031995497857,-0.0237815311788259,0.1,1.4,6.612535046510299e-07,0.0398310972902529,-0.0472037767888943,0.4955031995497857,0.1462925851703407,0.0645290581162325,0.0250120976273202,0.4912115611884457,0.9166666666666686,test,0
copper,1.0,8.0,DVP,7,0.0461246403755792,0.1728850299010353,1.057570449347118,-0.0520386932561568,0.1,1.4,-7.284021164412897e-05,0.1011696276964175,-0.0984704621836881,1.057570449347118,-0.0416833667334669,0.0561122244488978,0.0464009860939958,1.0549977355510458,0.8181818181818156,test,4
ascorbic_acid,10.0,6.0,DVP,0,0.4786251408951142,1.2251489663461823,5.640848547929283,-0.5385058901919803,0.1,1.4,0.0002695045401447,0.4593093533880799,-0.3887966189412339,5.640848547929283,0.0929859719438878,0.1066132264529058,0.4590829002907739,5.583290233660266,0.8095238095238101,test,2
ascorbic_acid,10.0,6.5,DVP,4,0.4877768023844095,1.254114979053761,5.458270715516711,-0.439308881776843,0.1,1.4,-4.618068304029244e-05,0.334781152416056,-0.3420523597945583,5.458270715516711,0.0733466933867735,0.1206412825651302,0.5081994919392546,5.411751344341278,0.8695652173913055,test,2
copper,5.0,7.0,DVP,2,0.17744774476738,0.6557271107563277,4.043255564586576,-0.1967613550805075,0.1,1.4,-0.0001465070781994,0.3919660623273162,-0.3870662330669102,4.043255564586576,-0.0529058116232464,0.0533066132264529,0.1699997024803664,4.028430903633426,0.7272727272727295,test,4
copper,0.1,6.0,DVP,7,0.0061825858992721,0.0182759517942311,0.1118407478852017,-0.0042580731257918,0.1,1.4,-4.162639559054719e-06,0.009656718921426,-0.0092176644112444,0.1118407478852017,-0.0613226452905811,0.0561122244488978,0.0048983074045591,0.110291166726656,0.8181818181818156,test,4
aluminum,5.0,7.0,DVP,1,0.2120297452249089,0.5771016208161627,2.6759051498686848,-0.1855506525002798,0.1,1.4,-2.093896761549352e-05,0.1957547888123239,-0.2204371566417559,2.6759051498686848,-0.3166332665330661,0.1066132264529057,0.2189093070909193,2.6536411451150475,0.8999999999999994,test,5
aluminum,0.5,6.0,DVP,6,0.0299647128730872,0.0766268120029904,0.3574827652390385,-0.0248827342444113,0.1,1.4,-4.907169219825025e-05,0.0276325434029683,-0.025723068643026,0.3574827652390385,-0.3390781563126252,0.0981963927855711,0.0274183023948259,0.3518610040497132,0.5909090909090912,test,5
ascorbic_acid,5.0,7.5,DVP,6,0.3204802704141085,0.8122424314070974,3.513829035606601,-0.2486886542661496,0.1,1.4,-0.0005255634667188,0.2635600348640801,-0.2389827621776662,3.513829035606601,0.0396793587174348,0.1206412825651302,0.3302954243124084,3.47386297683012,0.9545454545454538,test,2
aluminum,0.5,8.0,DVP,4,0.0304354123910391,0.0791727788169223,0.3644326241150461,-0.0285435136692716,0.1,1.4,6.773007936073209e-07,0.023028819857635,-0.0236240174942642,0.3644326241150461,-0.3054108216432865,0.101002004008016,0.0289081278041785,0.3598307860986127,0.8000000000000006,test,5
ascorbic_acid,0.5,6.0,DVP,7,0.0420219005592643,0.1059734588857791,0.471700966605877,-0.0310660247457001,0.1,1.4,-4.39484010802308e-05,0.0285285448276197,-0.0304723190365805,0.471700966605877,0.087374749498998,0.1094188376753507,0.0405773730637846,0.4670672974838949,0.6956521739130451,test,2
dopamine,0.1,6.5,DVP,6,0.0070996877174513,0.017202117576748,0.1003485704544717,-0.0037453976372152,0.1,1.4,-6.740485047436327e-06,0.0078006207659104,-0.0077513871047344,0.1003485704544717,0.2276553106212424,0.0645290581162324,0.0049603730384178,0.0975675748812775,0.9166666666666652,test,0
dopamine,10.0,6.0,DVP,5,0.2838459210269735,0.9551455538355,5.478552111277204,-0.2418930484652657,0.1,1.4,-0.0002768926749674,0.4492244464069375,-0.419083613077432,5.478552111277204,0.2585170340681363,0.0617234468937875,0.2678262947759574,5.441551190685035,0.8333333333333306,test,0
dopamine,0.1,7.5,DVP,5,0.0072265858646313,0.0177192969845428,0.1026662634529203,-0.0037002430569375,0.1,1.4,-1.2637828665473787e-06,0.008585459085513,-0.0083660148050718,0.1026662634529203,0.1687374749498997,0.0645290581162324,0.0051071848981643,0.1000936237013158,0.7692307692307657,test,0
glucose,0.1,6.0,DVP,2,0.0088685554680713,0.0143725563439252,0.0605049049778188,-0.0026967063453433,0.1,1.4,1.835400226002072e-06,0.0035840890253212,-0.0038362510048585,0.0605049049778188,0.4997995991983969,0.1402805611222444,0.0062673154056341,0.0570210677848202,0.6129032258064544,test,3
ascorbic_acid,0.5,7.5,DVP,4,0.0448878503787213,0.110534120850744,0.4853271477364891,-0.0376830486107498,0.1,1.4,-4.197533967126299e-07,0.0341594570495596,-0.0302997641909693,0.4853271477364891,0.0200400801603206,0.1122244488977955,0.0427909650598677,0.4790339514740986,0.4814814814814826,test,2
aluminum,0.2,7.0,DVP,5,0.0132444780797212,0.0318015295686599,0.1472248505323481,-0.0093806162755112,0.1,1.4,-6.5552444640541685e-06,0.0093918934396395,-0.0096402531808672,0.1472248505323481,-0.3054108216432865,0.1038076152304609,0.0118068257832526,0.1441696101739043,0.7619047619047609,test,5
copper,1.0,7.5,DVP,8,0.0486361743594768,0.1713503053519796,1.0357674357190405,-0.0484404800559161,0.1,1.4,-2.0249072945597413e-05,0.0958894489034904,-0.0819423507066308,1.0357674357190405,-0.0416833667334669,0.0561122244488977,0.0458093565035396,1.0292523878806532,0.8181818181818185,test,4
ascorbic_acid,1.0,7.0,DVP,3,0.0849942761196658,0.207959896238855,0.8997638316920129,-0.0680036765056354,0.1,1.4,-0.0001112735385137,0.0596421644226884,-0.108717605313607,0.8997638316920129,0.0565130260521041,0.1178356713426853,0.082810426242202,0.8850829687965437,0.9090909090909076,test,2
aluminum,0.2,6.0,DVP,2,0.0129422742507509,0.0317732418337151,0.1448910471789144,-0.0089949408048379,0.1,1.4,-3.733974063962284e-06,0.0110934782757019,-0.0099576732432851,0.1448910471789144,-0.3334669338677354,0.1038076152304609,0.0117688575212376,0.1421885996720143,0.7619047619047625,test,5
copper,0.1,6.0,DVP,8,0.0064753322714709,0.0182333298524499,0.1137752567874156,-0.0041969164192836,0.1,1.4,1.4336923317615734e-06,0.0091699035042335,-0.0094569199851903,0.1137752567874156,-0.0613226452905811,0.0561122244488978,0.0048801958745867,0.1117982947161121,0.8181818181818156,test,4
copper,5.0,6.5,DVP,4,0.1807594014698585,0.6505806150523834,3.914657976396673,-0.230125466379523,0.1,1.4,-2.22328333935099e-05,0.4376367230706331,-0.3582112440198204,3.914657976396673,-0.0501002004008015,0.0589178356713426,0.1794677379368459,3.8999237097780055,0.7499999999999992,test,4
uric_acid,1.0,7.5,DVP,3,0.05810803453082,0.1594286402120636,0.8244318823663722,-0.0477738241125381,0.1,1.4,-8.103352896444521e-05,0.0548131487977357,-0.0802012891157187,0.8244318823663722,0.3230460921843687,0.0869739478957916,0.0536059966972306,0.8140201614859058,0.722222222222224,test,1
copper,2.0,7.5,DVP,0,0.0878138668902562,0.316307767586755,1.9125208260004232,-0.1374285874636724,0.1,1.4,7.250699324383775e-05,0.1982576165206417,-0.1483258517909419,1.9125208260004232,-0.0416833667334669,0.0561122244488977,0.0842682004282799,1.901979238003496,0.8181818181818185,test,4
glucose,10.0,6.0,DVP,7,0.3522909476771909,0.8125272635350967,3.212471527489075,-0.3028428619303757,0.1,1.4,-0.0002939084242181,0.2380848495853081,-0.2010348042705465,3.212471527489075,0.5138276553106212,0.1430861723446894,0.3623881122029412,3.179764010433139,0.8888888888888886,test,3
glucose,2.0,7.5,DVP,6,0.1171392189737978,0.2563074911866613,1.0673868760319651,-0.0743296701882143,0.1,1.4,-0.0001560624901184,0.0702585916786806,-0.0786348445372013,1.0673868760319651,0.4829659318637275,0.1430861723446894,0.1139153510182546,1.0486334542196722,0.9615384615384596,test,3
glucose,0.5,7.5,DVP,6,0.0344668133476952,0.071355547882063,0.2992585563070758,-0.0197330449402519,0.1,1.4,-4.086177023279544e-05,0.0196503549248081,-0.0220263042847977,0.2992585563070758,0.4829659318637275,0.1430861723446894,0.0317112434227968,0.2921565065253297,0.9615384615384596,test,3
dopamine,0.5,6.0,DVP,2,0.0259070354017437,0.0832938669695605,0.4830912968535958,-0.0210437249054001,0.1,1.4,-1.4000506179412607e-05,0.042033205199397,-0.0357886976529039,0.4830912968535958,0.2557114228456913,0.0617234468937875,0.023328377312511,0.4792141909158599,1.0,test,0
uric_acid,2.0,8.0,DVP,2,0.1038559960949211,0.3007657772298777,1.5090689278868357,-0.0789275049641005,0.1,1.4,-6.28284853065511e-05,0.0989795226458714,-0.0966730436253613,1.5090689278868357,0.2949899799599198,0.0869739478957916,0.1011417469624517,1.4981673172425212,0.6315789473684211,test,1
ascorbic_acid,0.5,7.5,DVP,7,0.0432461766952236,0.109026880370706,0.4787506713457652,-0.0321263461721358,0.1,1.4,-4.544476711447343e-05,0.0311480724532225,-0.0348058135188385,0.4787506713457652,0.0312625250501001,0.1122244488977955,0.0423745249674529,0.4744403886952446,0.818181818181817,test,2
dopamine,1.0,8.0,DVP,0,0.0508799607315094,0.1675930926824334,0.9646832019393932,-0.0669560268566272,0.1,1.4,3.81812913274765e-05,0.0830707939667274,-0.0773640508492354,0.9646832019393932,0.1434869739478957,0.0617234468937876,0.0469940350759222,0.957057884668865,0.8333333333333339,test,0
aluminum,10.0,7.5,DVP,3,0.3400434272881055,0.903966655161474,4.17487763839678,-0.3273929115569902,0.1,1.4,-0.0005192915111479,0.2942620012290874,-0.4934783820100876,4.17487763839678,-0.3110220440881763,0.0981963927855711,0.3222968141433566,4.120067964399553,0.9444444444444436,test,5
uric_acid,2.0,6.5,DVP,4,0.1029758774536054,0.2931293893238785,1.473833416397866,-0.0923017806720759,0.1,1.4,-7.384758830589755e-06,0.1027280331399491,-0.0930553263444205,1.473833416397866,0.3763527054108216,0.0841683366733467,0.0968776479333196,1.4601048943738248,0.8749999999999981,test,1
glucose,0.5,6.0,DVP,4,0.0338435199216666,0.0690868540161601,0.2852222685802071,-0.0213112233417726,0.1,1.4,7.655634968104743e-06,0.0212128864823458,-0.0199684419203455,0.2852222685802071,0.4997995991983969,0.1318637274549097,0.0290028656318087,0.2774062411417192,0.5666666666666679,test,3
dopamine,10.0,7.0,DVP,5,0.2910731097101763,0.9789311372036738,5.604694625284731,-0.2781061627216937,0.1,1.4,-0.0002841112125384,0.443617630996012,-0.4364780666132144,5.604694625284731,0.2024048096192384,0.0645290581162325,0.2822231360378929,5.571318294025114,0.9166666666666686,test,0
copper,10.0,6.5,DVP,0,0.2768587616207165,1.0082556202448647,6.252315268035874,-0.4426659927703233,0.1,1.4,0.0002222440915775,0.5163678968114187,-0.4851622325221565,6.252315268035874,-0.0529058116232464,0.0561122244488978,0.2696851902097445,6.2217590866493,1.0,test,4
glucose,0.1,6.5,DVP,1,0.008943607970098,0.0145105355884037,0.0596191962059237,-0.0028462001229573,0.1,1.4,4.4614108777810285e-06,0.0044424953995797,-0.004247494699631,0.0596191962059237,0.4969939879759518,0.1458917835671342,0.0065168526459603,0.0563848632735043,0.793103448275859,test,3
glucose,10.0,6.0,DVP,9,0.3648310605487877,0.8137241200589163,3.220577547017436,-0.2737565766608822,0.1,1.4,0.0010475423122679,0.2272312120327351,-0.2415892367536154,3.220577547017436,0.5026052104208417,0.1458917835671342,0.3645991324397243,3.164979326798258,0.6774193548387094,test,3
uric_acid,10.0,8.0,DVP,8,0.3372966837150267,0.9594446601452684,5.017718321636826,-0.3297528076211527,0.1,1.4,-0.0001290865605757,0.3116744035675346,-0.3015164024868026,5.017718321636826,0.3034068136272545,0.0841683366733466,0.3171352006026361,4.976772333149746,0.8750000000000003,test,1
copper,2.0,7.0,DVP,4,0.0884739865475979,0.315697193260827,1.939376795554991,-0.1112666259760443,0.1,1.4,-8.72432260222844e-06,0.1968410763451215,-0.1625584882209839,1.939376795554991,-0.0501002004008015,0.0561122244488977,0.0844241165249031,1.9317059570554835,0.999999999999996,test,4
glucose,2.0,6.0,DVP,4,0.1149037400870964,0.2480812151616974,1.017150790882804,-0.0837830085641795,0.1,1.4,1.708282807315206e-05,0.075805224135642,-0.0712048225181977,1.017150790882804,0.4997995991983969,0.1318637274549097,0.1042333348083478,0.9963409164908712,0.5666666666666679,test,3
ascorbic_acid,0.5,6.5,DVP,9,0.0440569544105529,0.1070610609255259,0.4683566536960669,-0.0320059744409086,0.1,1.4,0.0001295997260144,0.0308502387905265,-0.0277389863818675,0.4683566536960669,0.0789579158316633,0.1206412825651302,0.0432114151591719,0.460559771786337,0.9545454545454538,test,2
ascorbic_acid,0.1,6.0,DVP,0,0.0105097559027289,0.0218764875220022,0.102848379969529,-0.0072131810956394,0.1,1.4,8.873872856100335e-06,0.0083088564913533,-0.0070433397527938,0.102848379969529,0.0929859719438878,0.1066132264529058,0.0081693301347325,0.0995907733798851,0.8095238095238101,test,2
dopamine,0.2,7.0,DVP,6,0.0122470895508443,0.0346590458600102,0.2046862079936043,-0.0084909542005805,0.1,1.4,-1.7439683036773853e-05,0.0169987395842374,-0.0154660641969212,0.2046862079936043,0.1995991983967936,0.0645290581162325,0.0099905778625753,0.2014439732253337,0.9166666666666686,test,0
uric_acid,0.1,6.0,DVP,5,0.0077530498397443,0.0163925749298024,0.0820603415938519,-0.0029269463921563,0.1,1.4,-1.0687773196334966e-06,0.005560460795542,-0.0055386889356008,0.0820603415938519,0.4016032064128255,0.0869739478957914,0.0055012802772263,0.0792207240432573,0.823529411764703,test,1
uric_acid,0.2,6.0,DVP,7,0.0129441325380503,0.0330766896883761,0.1616708725809722,-0.0098258100627723,0.1,1.4,-1.043383871313346e-05,0.0132544536856445,-0.0110385415607805,0.1616708725809722,0.4044088176352706,0.0981963927855711,0.0120136274220226,0.159240386487746,0.9444444444444456,test,1
ascorbic_acid,0.1,7.5,DVP,3,0.0109840242696557,0.0225154120026487,0.1026329453968999,-0.0063721241557171,0.1,1.4,-8.697824633893458e-06,0.0060993915702936,-0.0119887502067394,0.1026329453968999,0.0284569138276553,0.1150300601202404,0.0088434919842031,0.0994018140964104,0.7083333333333346,test,2
dopamine,1.0,7.5,DVP,2,0.0498161222014332,0.1653224325083566,0.952196626878154,-0.0437348566800564,0.1,1.4,-3.1957993044022744e-05,0.0666669165352528,-0.081371128726913,0.952196626878154,0.1743486973947895,0.0617234468937876,0.0462478852757144,0.945623757999442,0.9999999999999964,test,0
copper,1.0,6.0,DVP,8,0.047932280704663,0.1691568437851517,1.0452293074554817,-0.0474282423730291,0.1,1.4,-1.984896661971669e-05,0.0854958292097972,-0.0878724730134594,1.0452293074554817,-0.0613226452905811,0.0561122244488978,0.0453102891730789,1.0386845538237166,0.8181818181818156,test,4
uric_acid,0.5,7.5,DVP,3,0.0311338947444526,0.0826973703681347,0.4288267711483626,-0.0240900479412391,0.1,1.4,-4.021377959919039e-05,0.0284758353184412,-0.04170828255749,0.4288267711483626,0.3230460921843687,0.0869739478957916,0.0278146386280809,0.4224911492445592,0.722222222222224,test,1
glucose,2.0,7.0,DVP,6,0.1163995789409264,0.2547972434296829,1.0772601276829,-0.0738921906561091,0.1,1.4,-0.0001516968747076,0.0696358992874892,-0.0721922342171072,1.0772601276829,0.4829659318637275,0.1374749498997995,0.1100669655394345,1.058461880457828,0.8148148148148133,test,3
dopamine,0.5,7.0,DVP,9,0.0270513268806794,0.0847486315411527,0.4898908606431139,-0.0240613054450493,0.1,1.4,9.744171401672928e-05,0.0388115895394268,-0.0356530045403837,0.4898908606431139,0.1995991983967936,0.0617234468937876,0.0237194722267569,0.4851530054394297,0.8333333333333339,test,0
dopamine,10.0,6.5,DVP,4,0.2877059177273072,0.976881744977882,5.604104663951909,-0.3121987846968136,0.1,1.4,-3.289349589464607e-05,0.4459115740497124,-0.3959195276461387,5.604104663951909,0.2248496993987976,0.0645290581162324,0.2823028358739015,5.582641513334044,0.769230769230771,test,0
ascorbic_acid,2.0,6.0,DVP,1,0.1495357363250313,0.3776541817158084,1.7015575486017978,-0.1154743613559617,0.1,1.4,-1.1619937150818771e-05,0.1139677265029225,-0.1222196009748858,1.7015575486017978,0.0845691382765531,0.1122244488977955,0.1465729434576094,1.6822294882033768,0.600000000000001,test,2
uric_acid,5.0,7.0,DVP,0,0.2110261965765472,0.6123625586050256,3.033729673475729,-0.2571068060064749,0.1,1.4,0.0001314620273516,0.2059508836803836,-0.2195376221539433,3.033729673475729,0.3482965931863727,0.0869739478957914,0.2061424587706626,3.008524155585868,0.7222222222222218,test,1
uric_acid,2.0,6.5,DVP,5,0.1028996684691043,0.2904965473318272,1.4061781377432168,-0.0742800294256932,0.1,1.4,-8.396611889408242e-05,0.1233012296971949,-0.0913926403594396,1.4061781377432168,0.3819639278557114,0.0897795591182365,0.100147622625061,1.3931413686512937,0.882352941176471,test,1
aluminum,1.0,6.5,DVP,7,0.0542145450324844,0.1493452859293897,0.6868633902800403,-0.0563618204601726,0.1,1.4,-6.67727179802346e-05,0.0418520173402714,-0.0397443070876948,0.6868633902800403,-0.3110220440881763,0.101002004008016,0.0546628220024262,0.68191302191739,0.6363636363636365,test,5
dopamine,2.0,8.0,DVP,0,0.0930186662898484,0.3121100033021852,1.794673060065837,-0.1268478580571781,0.1,1.4,6.756179601645501e-05,0.1546580779885201,-0.1439970252407589,1.794673060065837,0.1434869739478957,0.0617234468937876,0.0874957193782128,1.7819051681945064,0.8333333333333339,test,0
glucose,0.1,6.5,DVP,7,0.008781729009959,0.0144696410373813,0.059104057657991,-0.0031888843797811,0.1,1.4,-1.860477904964861e-06,0.0043332674149661,-0.0037185125689644,0.059104057657991,0.5054108216432865,0.1515030060120241,0.0066770947253489,0.0560157315476516,1.0,test,3
copper,2.0,6.5,DVP,3,0.0898564285616154,0.3142968932437939,1.8642732089262049,-0.1073904008361508,0.1,1.4,-0.0001686529055553,0.1607201130596637,-0.1641994141422761,1.8642732089262049,-0.0557114228456914,0.0561122244488977,0.0838864244759854,1.850201523943938,0.999999999999996,test,4
aluminum,0.5,6.5,DVP,2,0.0295619094178852,0.0777486321523881,0.346583617668513,-0.0236508639511078,0.1,1.4,-1.4872664653399183e-05,0.025484283459882,-0.0227717844606758,0.346583617668513,-0.3250501002004007,0.1066132264529058,0.0293085113789511,0.3419266469106383,0.8095238095238101,test,5
aluminum,5.0,7.0,DVP,9,0.2148454779884346,0.5843066210131015,2.765127712487444,-0.2008100099073532,0.1,1.4,0.0007127390575775,0.1685097043759519,-0.2062982056723789,2.765127712487444,-0.3222444889779559,0.101002004008016,0.212740496928251,2.731981793331384,0.7142857142857151,test,5
glucose,0.1,6.0,DVP,6,0.0089657450422643,0.0143803821032561,0.0603133258861833,-0.0029077982448425,0.1,1.4,-4.627035178900794e-06,0.0049684970679728,-0.0036052526723342,0.0603133258861833,0.5194388777555111,0.1374749498997995,0.0061888937451327,0.0567627449397129,0.9599999999999946,test,3
dopamine,0.5,7.5,DVP,7,0.0261396706875492,0.0864964544956421,0.4962450887982407,-0.0229271304615267,0.1,1.4,-3.246248307506595e-05,0.0363195940327167,-0.0355545655167822,0.4962450887982407,0.1715430861723447,0.0673346693386772,0.0256146330646035,0.4936871573005585,0.8461538461538464,test,0
uric_acid,2.0,6.0,DVP,6,0.1020197647942412,0.2899703301954544,1.4422906044989614,-0.0830543580474428,0.1,1.4,-0.0001778199177592,0.0980984361684793,-0.0942251376509329,1.4422906044989614,0.4044088176352706,0.0897795591182364,0.0996378495874128,1.4281655291644149,0.999999999999995,test,1
ascorbic_acid,0.1,6.5,DVP,8,0.0107006259571828,0.0221558309764239,0.1009025127762089,-0.005540122353259,0.1,1.4,8.05130681147126e-07,0.0075616130677653,-0.005128505384271,0.1009025127762089,0.0761523046092184,0.1094188376753507,0.0084596094043974,0.0977631495905173,0.9499999999999992,test,2
dopamine,5.0,8.0,DVP,7,0.1835651206603245,0.6502281746479921,3.706947982293241,-0.1909290581803598,0.1,1.4,-0.0002695532105268,0.3334273782217809,-0.336214816361609,3.706947982293241,0.1490981963927855,0.0617234468937876,0.1833243652976129,3.7000161553185382,0.8333333333333339,test,0
dopamine,0.1,8.0,DVP,9,0.0072986896956601,0.0181281611878421,0.1064832880544458,-0.0030499111695496,0.1,1.4,2.4065054604173706e-05,0.0091354031144516,-0.0078375866821202,0.1064832880544458,0.1462925851703407,0.0617234468937876,0.0050978632911044,0.1037454013621312,0.9999999999999964,test,0
aluminum,0.2,7.5,DVP,3,0.0134982344703848,0.0321752779016676,0.1497764897965361,-0.010820468341742,0.1,1.4,-1.474035996801814e-05,0.0104873574533485,-0.017686858484347,0.1497764897965361,-0.3110220440881763,0.0981963927855711,0.0114696249212546,0.1465367301812064,0.9444444444444436,test,5
ascorbic_acid,10.0,7.0,DVP,4,0.4926837268261494,1.2652822396291417,5.551000082188479,-0.4444411931967603,0.1,1.4,-4.6693639874686e-05,0.3495991337479827,-0.3454948620713514,5.551000082188479,0.0537074148296593,0.1150300601202404,0.4993486631221213,5.503790874182606,0.8636363636363648,test,2
copper,0.5,7.0,DVP,7,0.0244375438808136,0.0890427261907854,0.5394533162871594,-0.0256479723767417,0.1,1.4,-3.5596619881608306e-05,0.0467155192467865,-0.0520261098169136,0.5394533162871594,-0.0501002004008015,0.0561122244488977,0.0239348087687996,0.5376097685290102,0.999999999999996,test,4
aluminum,5.0,6.0,DVP,5,0.2128727318231758,0.5688009088642545,2.611086278621558,-0.1832285143545691,0.1,1.4,-0.000184259536316,0.1755793273811887,-0.1988119125999293,2.611086278621558,-0.3278557114228457,0.0981963927855711,0.2042149700339426,2.584640441475236,0.9444444444444436,test,5
uric_acid,2.0,7.5,DVP,4,0.104809930753582,0.2980803983718206,1.4851679094574537,-0.0940379922866237,0.1,1.4,-7.593831396432715e-06,0.1171218946899429,-0.0908097742256416,1.4851679094574537,0.3286573146292585,0.0869739478957916,0.1007335746336281,1.4726374429223008,0.9375000000000014,test,1
aluminum,10.0,8.0,DVP,7,0.3216349323430598,0.905007343421185,4.329081289387746,-0.3488934283296614,0.1,1.4,-0.0004247778204028,0.2470444700994102,-0.2282637245952594,4.329081289387746,-0.3110220440881763,0.0981963927855711,0.3259856820618131,4.305540549103774,0.7499999999999998,test,5
copper,0.1,6.5,DVP,2,0.0063611921851242,0.0182408935097392,0.114241168194709,-0.0045099051604731,0.1,1.4,-1.9674854924095746e-07,0.0094427606582961,-0.0102507667865127,0.114241168194709,-0.0529058116232464,0.0589178356713426,0.0050335108637192,0.1125089454057334,0.9090909090909112,test,4
dopamine,0.2,8.0,DVP,7,0.0120032978576015,0.0357978071611366,0.2061055222008326,-0.0081949402609403,0.1,1.4,-1.117747950238971e-05,0.0184453175978535,-0.0185947522881946,0.2061055222008326,0.1490981963927855,0.0617234468937876,0.0100921465627594,0.2037622741800557,0.8333333333333339,test,0
aluminum,2.0,7.5,DVP,2,0.1029511750522422,0.2808824614434666,1.3354490323213948,-0.088347338002223,0.1,1.4,-6.40428194983419e-05,0.089106807418308,-0.0745574042208895,1.3354490323213948,-0.3054108216432865,0.0981963927855711,0.1008042039731099,1.3234389027166475,0.8421052631578941,test,5
glucose,1.0,6.5,DVP,1,0.062658949342008,0.1364759499639588,0.5386338014352309,-0.0409346404208865,0.1,1.4,8.218922063751452e-06,0.040648580494059,-0.0388198270747297,0.5386338014352309,0.4969939879759518,0.1486973947895793,0.0620922780853334,0.5301466478583499,0.8275862068965505,test,3
dopamine,0.1,7.0,DVP,3,0.0072638423238582,0.0175247097921987,0.1035961659385002,-0.003828377526569,0.1,1.4,-5.207642234096034e-06,0.0089220555492314,-0.0087651558365454,0.1035961659385002,0.2024048096192384,0.0617234468937876,0.0049310542806497,0.1008694589013037,0.9999999999999964,test,0
dopamine,0.1,6.5,DVP,5,0.0070975296762961,0.0171585822937833,0.1006754860256022,-0.0032871849367556,0.1,1.4,-1.13225729460735e-06,0.0086043405172365,-0.0074550831794266,0.1006754860256022,0.2304609218436873,0.0617234468937875,0.0048198041905994,0.0980576905304617,1.0,test,0
copper,0.2,7.0,DVP,2,0.0111961001494031,0.0362455595339019,0.2247324959960642,-0.0097786246102527,0.1,1.4,-4.333343337670995e-06,0.0216485328002605,-0.0213922497389419,0.2247324959960642,-0.0529058116232464,0.0533066132264529,0.0093958392272483,0.2225978253786764,0.7272727272727295,test,4
aluminum,1.0,6.0,DVP,2,0.0553305196168598,0.1489680011053376,0.6748072191767476,-0.0463708264451061,0.1,1.4,-3.21401291997411e-05,0.0518714633279983,-0.0466059240919438,0.6748072191767476,-0.3334669338677354,0.1038076152304609,0.0551363715835983,0.6667137178333434,0.7619047619047625,test,5
dopamine,5.0,8.0,DVP,6,0.1925576288674715,0.6481203494241354,3.68353250917643,-0.1841424353365456,0.1,1.4,-0.0003917669479705,0.2863980472324368,-0.2857671744822911,3.68353250917643,0.1490981963927855,0.0617234468937876,0.1818784354073595,3.659830120955125,0.8333333333333339,test,0
ascorbic_acid,2.0,8.0,DVP,1,0.1555569768056028,0.3933973723589146,1.7218096439926651,-0.1202953106471029,0.1,1.4,-1.226564736906699e-05,0.1366856405120861,-0.1173922077550632,1.7218096439926651,0.0200400801603206,0.1178356713426853,0.1575681220615607,1.7042916245627322,0.9090909090909076,test,2
ascorbic_acid,5.0,7.0,DVP,0,0.3146537441807125,0.8036378040885777,3.611984052722535,-0.352509786076766,0.1,1.4,0.000178262390762,0.3064809747021653,-0.2749243254221973,3.611984052722535,0.0537074148296593,0.1178356713426853,0.3211160736515936,3.573618500610922,0.8260869565217396,test,2
copper,1.0,7.5,DVP,7,0.0459015984524688,0.1721789627711611,1.045846960559088,-0.0518153504210003,0.1,1.4,-7.252502171757644e-05,0.0999267481299361,-0.1023393856155649,1.045846960559088,-0.0416833667334669,0.0561122244488977,0.0461453605564008,1.0434663976252732,0.8181818181818185,test,4
uric_acid,0.5,7.0,DVP,9,0.0304261106559938,0.0822272186838919,0.3962891339176428,-0.0244906618349155,0.1,1.4,9.673996097090548e-05,0.0338317669226847,-0.0259832996223549,0.3962891339176428,0.3567134268537074,0.0869739478957914,0.0276152811466806,0.3910297512569463,0.9374999999999988,test,1
glucose,1.0,7.0,DVP,6,0.0636683626985617,0.1367674844750977,0.5795709534034323,-0.0390460122097586,0.1,1.4,-7.976416235861972e-05,0.0374354398839401,-0.0388181161937857,0.5795709534034323,0.4829659318637275,0.1374749498997995,0.0590745881073639,0.568249997724665,0.8148148148148133,test,3
aluminum,10.0,6.5,DVP,8,0.3329586031721916,0.8923998470919658,4.128691006436447,-0.2835358911293578,0.1,1.4,-0.0001304093219228,0.3189821369192842,-0.3044205047219639,4.128691006436447,-0.319438877755511,0.1066132264529058,0.336603830784742,4.086420267445448,1.0,test,5
dopamine,1.0,6.5,DVP,0,0.0490913078796887,0.1609563791160692,0.9276229214244952,-0.0644601676318166,0.1,1.4,3.69569239607142e-05,0.0777631718808797,-0.0891592737647671,0.9276229214244952,0.2276553106212424,0.0645290581162324,0.0463492053777595,0.9208301249580504,0.9166666666666652,test,0
ascorbic_acid,5.0,7.5,DVP,7,0.308447929342472,0.8095279740695346,3.5421045188852585,-0.2564625151329482,0.1,1.4,-0.0003620365242142,0.2310320152440794,-0.2578780673312012,3.5421045188852585,0.0312625250501001,0.1122244488977955,0.3144496047895305,3.521069174564615,0.818181818181817,test,2
aluminum,0.2,7.0,DVP,8,0.0132924067146553,0.0318731850212497,0.1497589137966237,-0.0086677775775743,0.1,1.4,-8.085666405263578e-07,0.0108139205201813,-0.0102491447890358,0.1497589137966237,-0.319438877755511,0.1038076152304608,0.0117892375656947,0.1466418614286611,0.8499999999999994,test,5
uric_acid,0.2,7.5,DVP,9,0.0137438901582714,0.0339992551268569,0.1721270162097134,-0.0090201165518552,0.1,1.4,4.253777592279013e-05,0.0119007231282027,-0.009521459027537,0.1721270162097134,0.3258517034068136,0.0869739478957916,0.0114794383090489,0.1685779590087179,0.8235294117647053,test,1
glucose,0.2,6.5,DVP,1,0.0152879396281976,0.0289134017349359,0.1161957243826135,-0.0073448348038151,0.1,1.4,4.905211411557064e-06,0.0087188046627072,-0.0083308410431466,0.1161957243826135,0.4969939879759518,0.1486973947895793,0.0131515152492215,0.1123872372529012,0.8275862068965505,test,3
glucose,0.2,6.0,DVP,9,0.0153388210917112,0.0287233468785329,0.1162084916928892,-0.0074977831886875,0.1,1.4,4.163927541129255e-05,0.0082171237716517,-0.0086662621797779,0.1162084916928892,0.5026052104208417,0.1458917835671342,0.012847440679259,0.1116643540970841,0.6774193548387094,test,3
copper,0.5,7.5,DVP,6,0.025861305913942,0.0891162464170797,0.533026202094697,-0.0270740828651915,0.1,1.4,-5.357398693868019e-05,0.0509272905874841,-0.042790702915332,0.533026202094697,-0.0444889779559117,0.0589178356713426,0.0244793029646022,0.5289770443521078,0.9090909090909112,test,4
copper,0.2,7.0,DVP,3,0.0116404925415184,0.0361412255234523,0.2214914224796441,-0.0115777969064716,0.1,1.4,-1.5947385424734678e-05,0.0191842521051131,-0.0188250829876865,0.2214914224796441,-0.0472945891783567,0.0561122244488977,0.0096393562240382,0.218532075102015,0.8181818181818185,test,4
uric_acid,0.5,6.0,DVP,4,0.0299011116804582,0.0804732659270115,0.3977256666875232,-0.0237379270824744,0.1,1.4,8.702712976454557e-07,0.0284773141966354,-0.0281204533596318,0.3977256666875232,0.4044088176352706,0.0869739478957916,0.027207880613622,0.3925302618596899,0.9374999999999966,test,1
copper,1.0,6.0,DVP,6,0.0477176910619204,0.1696811019498111,1.0382958198138097,-0.0520550667001584,0.1,1.4,-0.0001048993457257,0.0981396261225319,-0.0794325141763152,1.0382958198138097,-0.0613226452905811,0.0561122244488978,0.0453057881269909,1.0319727528756375,0.8181818181818156,test,4
dopamine,2.0,6.5,DVP,2,0.0888384746363371,0.3022736179027798,1.716535287792654,-0.0808452131088232,0.1,1.4,-6.132724110880855e-05,0.1460438354284414,-0.1359193958984721,1.716535287792654,0.2276553106212424,0.0645290581162324,0.0871523290423265,1.707548871871432,0.9166666666666652,test,0
dopamine,0.2,6.0,DVP,7,0.0115154654447865,0.034073667703841,0.1996983341875317,-0.0098236148728791,0.1,1.4,-1.0431194094419314e-05,0.0151079810355116,-0.0140635216558807,0.1996983341875317,0.2557114228456913,0.0617234468937875,0.0095722860303456,0.1974530896795836,1.0,test,0
copper,0.1,7.0,DVP,7,0.0062294976552899,0.018463682655214,0.1128547875720577,-0.0043180368582089,0.1,1.4,-4.257444287818964e-06,0.0096688527164527,-0.010783794843799,0.1128547875720577,-0.0501002004008015,0.0561122244488977,0.0049600244536856,0.1113228946727064,0.999999999999996,test,4
copper,10.0,6.0,DVP,6,0.2788057021531883,1.0175048890693768,6.21983723970146,-0.3166462739315997,0.1,1.4,-0.0006485223964745,0.5885927335103758,-0.476446026759324,6.21983723970146,-0.0613226452905811,0.0561122244488978,0.2716149542528328,6.187670495430702,0.8181818181818156,test,4
dopamine,2.0,6.0,DVP,8,0.0898643438331795,0.2937212451161457,1.7100215120566675,-0.0970589836001154,0.1,1.4,-3.585905021209884e-05,0.1363132663533045,-0.1200633282970541,1.7100215120566675,0.2557114228456913,0.0617234468937875,0.0824386502451548,1.6975725853490835,1.0,test,0
aluminum,10.0,6.5,DVP,0,0.3286241014523856,0.8965864545640598,4.096143350119974,-0.4132357481386972,0.1,1.4,0.0002078068060485,0.2760156694351698,-0.2707881876714108,4.096143350119974,-0.3166332665330661,0.1038076152304609,0.3329106058386629,4.059940032023371,0.9473684210526316,test,5
glucose,0.1,7.0,DVP,9,0.0090587170863863,0.0145784939547271,0.0617873129618725,-0.0027008831061432,0.1,1.4,2.2973742875521465e-05,0.004283760961954,-0.0041947978676068,0.0617873129618725,0.4857715430861723,0.1430861723446892,0.0064490455919383,0.0581810171715691,0.8214285714285698,test,3
glucose,0.1,6.5,DVP,5,0.0090083746404757,0.0145557268705915,0.0604924031063691,-0.0025127228767067,0.1,1.4,2.708863920358879e-07,0.0044426292912041,-0.0036115599846555,0.0604924031063691,0.5054108216432865,0.1486973947895791,0.0066236204289911,0.0570669307955477,0.9629629629629608,test,3
ascorbic_acid,10.0,7.5,DVP,5,0.4972486958724362,1.2703414824774242,5.617850707842807,-0.3846399719301058,0.1,1.4,-0.0003908581201054,0.3985146729350968,-0.3024710197971412,5.617850707842807,0.0312625250501001,0.1122244488977955,0.4933120168407371,5.561477432897953,0.7391304347826093,test,2
copper,10.0,8.0,DVP,5,0.2842744572946117,1.0290769026546127,6.328195324694194,-0.3115306312553657,0.1,1.4,-0.0003154077232942,0.5272058462500684,-0.5058932753884438,6.328195324694194,-0.0416833667334669,0.0561122244488978,0.2750546083797684,6.299542386757181,0.8181818181818156,test,4
uric_acid,0.2,7.0,DVP,4,0.0136335490317579,0.0336476923921261,0.168346467342824,-0.0084797721989772,0.1,1.4,2.7072267490875176e-06,0.0114170751916952,-0.0107985627355034,0.168346467342824,0.3482965931863727,0.0869739478957914,0.0113798929085312,0.1650135879335501,0.7222222222222218,test,1
uric_acid,5.0,8.0,DVP,3,0.2203418712209383,0.6194318828476582,2.994143606173793,-0.1902219757150451,0.1,1.4,-0.0003265474965721,0.2316811892395417,-0.3117208573713789,2.994143606173793,0.2949899799599198,0.0869739478957916,0.2084058938534254,2.958933009785624,0.7222222222222201,test,1
ascorbic_acid,2.0,8.0,DVP,0,0.1559541335687386,0.3964608447207743,1.844952272258309,-0.1723690421906697,0.1,1.4,8.989264376434635e-05,0.1239425236597843,-0.1237334503847341,1.844952272258309,0.0144288577154308,0.101002004008016,0.143150297015978,1.824668234546749,0.8947368421052635,test,2
ascorbic_acid,0.5,6.5,DVP,8,0.0441616604417726,0.1072696998203648,0.4807014421597119,-0.0358421141224635,0.1,1.4,-1.134424036383308e-05,0.0363485050445515,-0.0244879133939296,0.4807014421597119,0.0761523046092184,0.1122244488977955,0.0417073217082409,0.473919821642953,0.904761904761905,test,2
