substance,concentration,ph,method,seed,meanCurrent,stdCurrent,maxCurrent,minCurrent,meanVoltage,voltageRange,meanGradient,maxGradient,minGradient,peakCurrent,peakPotential,peakWidth,peakArea,peakProminence,peakSymmetry
dopamine,0.1,6.0,SWV,0,0.005943247449868509,0.016005891315113686,0.09125410916556355,-0.006485434235132953,0.09999999999999992,1.4,2.067685704284247e-06,0.00902331565354601,-0.0064035981855479285,0.09125410916556355,0.25506883604505626,0.06483103879849816,0.004553529422607821,0.08903085892783784,0.7619047619047621
dopamine,0.1,6.0,SWV,1,0.005877231020818765,0.016083771039378802,0.09075625262104668,-0.006640131175825763,0.09999999999999992,1.4,-8.728684460400956e-07,0.006257748161588458,-0.0058827632249530346,0.09075625262104668,0.2620775969962452,0.06483103879849805,0.004572700545922168,0.08860028199536224,0.9473684210526309
dopamine,0.1,6.0,SWV,2,0.005908363693277447,0.01599829725923695,0.09071292747342309,-0.0062708285792859855,0.09999999999999992,1.4,2.429610497538823e-07,0.006288802457906681,-0.004354170387428834,0.09071292747342309,0.2585732165206507,0.06483103879849805,0.004543422334746118,0.08840296203005228,0.8499999999999981
dopamine,0.1,6.0,SWV,3,0.006040042006725703,0.016099911597196113,0.09179031777821639,-0.00631228499398638,0.09999999999999992,1.4,-5.16151647709307e-06,0.007142936639136087,-0.006138521617147829,0.09179031777821639,0.2620775969962452,0.0630788485607009,0.004498307915079263,0.08948510735357952,0.894736842105265
dopamine,0.1,6.0,SWV,4,0.005984315907789976,0.016082216121378168,0.09044474354569396,-0.006476998216488804,0.09999999999999992,1.4,-1.0314614493263716e-06,0.005248143882619207,-0.006413935089652635,0.09044474354569396,0.2568210262828535,0.06483103879849805,0.00456842799831745,0.08816811691248548,0.7619047619047643
dopamine,0.1,6.0,SWV,5,0.0059687776608933095,0.016037905578196534,0.09143996576162929,-0.005860845547397829,0.09999999999999992,1.4,3.7671961107838314e-06,0.00606744788466464,-0.005857226552097465,0.09143996576162929,0.2638297872340425,0.06483103879849816,0.004563602650856886,0.08920202286353317,0.7619047619047621
dopamine,0.1,6.0,SWV,6,0.005978056423466895,0.01598949837924508,0.09295492642955566,-0.006061177906554017,0.09999999999999992,1.4,2.649242732566883e-06,0.0051041354752456684,-0.0049555119563189365,0.09295492642955566,0.25506883604505626,0.06483103879849805,0.004544964089260053,0.09070195134700705,0.681818181818183
dopamine,0.1,6.0,SWV,7,0.005818011273407597,0.015928130116557776,0.09092888587128097,-0.0070296353769433535,0.09999999999999992,1.4,-3.892671913189183e-06,0.0058406956141283,-0.005665548089580703,0.09092888587128097,0.2585732165206507,0.06483103879849805,0.004533891282576021,0.088826774131099,0.8499999999999981
dopamine,0.1,6.0,SWV,8,0.005981818740110442,0.016075432857804026,0.09163903165338118,-0.007057238687086291,0.09999999999999992,1.4,7.839610653855997e-06,0.005970238398272654,-0.005750406667682444,0.09163903165338118,0.2568210262828535,0.0630788485607009,0.004489845269899734,0.08943387995519197,0.8000000000000006
dopamine,0.1,6.0,SWV,9,0.00599752152327023,0.016031862818809067,0.09144203262740931,-0.0070058905699297205,0.09999999999999992,1.4,4.0526846968531916e-08,0.006525115280444423,-0.005397560606241244,0.09144203262740931,0.25506883604505626,0.06307884856070078,0.004472181133166605,0.08912579554827188,0.6363636363636369
dopamine,0.1,6.5,SWV,0,0.005998494676702107,0.016145021048441673,0.08801318720721323,-0.007247802240515901,0.09999999999999992,1.4,2.0067878020148498e-06,0.0057685183562759335,-0.006279325379773196,0.08801318720721323,0.22878598247809756,0.06833541927409259,0.004733799675256463,0.08567974360383333,0.7727272727272753
dopamine,0.1,6.5,SWV,1,0.00593504946900775,0.016296574583779633,0.08678299759167671,-0.006591861802367592,0.09999999999999992,1.4,-8.192370449704747e-07,0.005239338544856257,-0.006201655823497987,0.08678299759167671,0.232290362953692,0.0735919899874844,0.0050065851889040695,0.08448077906885545,0.9090909090909081
dopamine,0.1,6.5,SWV,2,0.005964969579784009,0.016183174007677364,0.089830872822794,-0.00714699524049438,0.09999999999999992,1.4,2.531328958330374e-07,0.005230132951404957,-0.004400681183539194,0.089830872822794,0.2270337922403003,0.07008760951188986,0.004822416604815152,0.08736966867675304,0.6666666666666675
dopamine,0.1,6.5,SWV,3,0.006091519259398937,0.016224199215260075,0.08744219046798281,-0.007724165350207007,0.09999999999999992,1.4,-4.940849937014558e-06,0.004835996036899482,-0.006024459240722984,0.08744219046798281,0.24105131414267822,0.0735919899874844,0.004980133657331974,0.08488761642865944,0.680000000000001
dopamine,0.1,6.5,SWV,4,0.006037963591940626,0.01621925774656231,0.08813887902366271,-0.008259595331908228,0.09999999999999992,1.4,-9.716531355891996e-07,0.005794468512092636,-0.006712139497976489,0.08813887902366271,0.23053817271589483,0.07183979974968713,0.004905641781969029,0.08573680225975659,0.8636363636363674
dopamine,0.1,6.5,SWV,5,0.006023030531856107,0.01625197776834701,0.08796330912922859,-0.007992286180939065,0.09999999999999992,1.4,3.6401053302596895e-06,0.005932923654000359,-0.006177113758189912,0.08796330912922859,0.22878598247809756,0.07183979974968713,0.004926190706824693,0.08560799028833171,0.7826086956521764
dopamine,0.1,6.5,SWV,6,0.006031947903290789,0.016223443605453153,0.0877058732063349,-0.007703030083234429,0.09999999999999992,1.4,2.5656942284393887e-06,0.005761854740965116,-0.0053105193265660725,0.0877058732063349,0.23404255319148926,0.07183979974968713,0.004914455931530629,0.08538945784687792,0.9523809523809518
dopamine,0.1,6.5,SWV,7,0.005878136224408022,0.016082189890654956,0.08668973167429334,-0.007193379735109603,0.09999999999999992,1.4,-3.721424590210755e-06,0.0054082718350525714,-0.005992900827560984,0.08668973167429334,0.2375469336670838,0.07008760951188986,0.004799163309291711,0.08451645472096642,0.7391304347826059
dopamine,0.1,6.5,SWV,8,0.0060355636844576545,0.016263945854231014,0.08745601268408373,-0.007251446942498907,0.09999999999999992,1.4,7.5539066403552915e-06,0.005497492420781704,-0.0060744543164395655,0.08745601268408373,0.232290362953692,0.07183979974968713,0.004915771388599343,0.08504642982122436,0.9523809523809518
dopamine,0.1,6.5,SWV,9,0.006050654872413328,0.016198809131702272,0.08782416373200877,-0.009215574966173319,0.09999999999999992,1.4,5.8583141703190703e-08,0.006160339815247943,-0.005380825671296467,0.08782416373200877,0.23404255319148926,0.07183979974968713,0.004897844506758231,0.08538765527047945,0.9523809523809518
dopamine,0.1,7.0,SWV,0,0.006049458726191241,0.016484122414370406,0.09358833900725,-0.0068791927812018976,0.09999999999999992,1.4,2.0569393927864374e-06,0.007521891359555593,-0.006570334279767116,0.09358833900725,0.2007509386733416,0.06658322903629543,0.004758141896756542,0.09137485112519834,0.8095238095238102
dopamine,0.1,7.0,SWV,1,0.0059817080202569615,0.016616241626964477,0.09465645761434024,-0.006327283992492528,0.09999999999999992,1.4,-9.608642417046693e-07,0.006618611023625279,-0.004614603320367965,0.09465645761434024,0.2007509386733416,0.06658322903629543,0.004796877867295447,0.0926064713948574,0.8095238095238102
dopamine,0.1,7.0,SWV,2,0.00601365855994924,0.016414882777404535,0.09315049552379813,-0.004928021860137444,0.09999999999999992,1.4,1.8427852246034816e-07,0.007601286578148923,-0.00467366483548225,0.09315049552379813,0.20250312891113886,0.06658322903629543,0.004735228376742914,0.09093411641392861,0.9000000000000019
dopamine,0.1,7.0,SWV,3,0.006148796113142734,0.016467975436304922,0.09377287948253037,-0.005863901023471965,0.09999999999999992,1.4,-5.362176699677043e-06,0.006025830896214519,-0.006298170973645984,0.09377287948253037,0.2007509386733416,0.06658322903629543,0.004747612156877498,0.0914653628546974,0.8095238095238102
dopamine,0.1,7.0,SWV,4,0.006091606068237185,0.016402263740313172,0.09340992085011585,-0.005818463340700708,0.09999999999999992,1.4,-1.1236235439502887e-06,0.00569991387976005,-0.005159729273465293,0.09340992085011585,0.20250312891113886,0.0683354192740927,0.004806832918947937,0.09112714027694346,0.8571428571428584
dopamine,0.1,7.0,SWV,5,0.006075659625641252,0.016551368245199666,0.09492210580147505,-0.005251973850861706,0.09999999999999992,1.4,3.8010965888115853e-06,0.006867742568935582,-0.004588395789332407,0.09492210580147505,0.20250312891113886,0.06658322903629543,0.004784890021749245,0.09276910024947592,0.9000000000000019
dopamine,0.1,7.0,SWV,6,0.006085182144862691,0.01652588647783051,0.09453905191924561,-0.005291918386143339,0.09999999999999992,1.4,2.6537741470185956e-06,0.006906092615631219,-0.004772712227365843,0.09453905191924561,0.19899874843554433,0.0630788485607009,0.004618437501718873,0.09241174333238565,0.7142857142857139
dopamine,0.1,7.0,SWV,7,0.0059209325473919714,0.01636242222874365,0.0926441195416061,-0.006553613457823442,0.09999999999999992,1.4,-4.059999102936958e-06,0.006885318905765991,-0.0051874567549156005,0.0926441195416061,0.19899874843554433,0.06483103879849816,0.00465556234685615,0.09070031510831747,0.7619047619047621
dopamine,0.1,7.0,SWV,8,0.006089043299005952,0.01655796682108995,0.09617729928153561,-0.00565058193866906,0.09999999999999992,1.4,7.980495022226631e-06,0.007271458358261502,-0.005119451212636753,0.09617729928153561,0.20425531914893613,0.06658322903629543,0.004775067964636443,0.0940067767327787,0.9999999999999967
dopamine,0.1,7.0,SWV,9,0.006105158600295676,0.01644633304127535,0.09462813448521755,-0.007212119513563504,0.09999999999999992,1.4,-2.3473704392382948e-08,0.007433121924787383,-0.004730022477617368,0.09462813448521755,0.2007509386733416,0.06658322903629543,0.004748538509588313,0.09237484051759151,0.8095238095238102
dopamine,0.1,7.5,SWV,0,0.006102536928656207,0.01677797980329478,0.09649587939844087,-0.007597943738106491,0.09999999999999992,1.4,2.0522701974449502e-06,0.0061034185080043445,-0.007763122403677516,0.09649587939844087,0.17622027534418017,0.06132665832290363,0.004604575602733145,0.09415504945853152,0.9444444444444472
dopamine,0.1,7.5,SWV,1,0.00603387549165987,0.01681263311188673,0.0954778256568907,-0.00830168866557786,0.09999999999999992,1.4,-1.0060999148594872e-06,0.005030532208675959,-0.00658302663605841,0.0954778256568907,0.17622027534418017,0.06658322903629532,0.004862907407091754,0.09324157733498623,0.8999999999999987
dopamine,0.1,7.5,SWV,2,0.006066255522802401,0.016606159670352418,0.0972170317759381,-0.007851408839182493,0.09999999999999992,1.4,1.5443629903323587e-07,0.005979626300155142,-0.00654850133014255,0.0972170317759381,0.17271589486858563,0.0630788485607009,0.00464565521336824,0.09485826110642258,0.7142857142857139
dopamine,0.1,7.5,SWV,3,0.006203209646991675,0.01664354160529445,0.09407591556988784,-0.007242167897656782,0.09999999999999992,1.4,-5.466576508674009e-06,0.005335677048311501,-0.0063805130255141125,0.09407591556988784,0.17797246558197743,0.06658322903629532,0.004809983918656339,0.09163907732466176,1.0
dopamine,0.1,7.5,SWV,4,0.006145250831493734,0.016561760692363422,0.09220933280836538,-0.008304616958002501,0.09999999999999992,1.4,-1.1710470902814917e-06,0.0061931986882221846,-0.00581602322294961,0.09220933280836538,0.1744680851063829,0.06483103879849805,0.004699981572447338,0.08980410830760896,0.8499999999999981
dopamine,0.1,7.5,SWV,5,0.006129090030679667,0.016755288798170506,0.09641984506182562,-0.0076427776934252616,0.09999999999999992,1.4,3.8198730257129785e-06,0.006281664233586484,-0.007498233270896486,0.09641984506182562,0.1744680851063829,0.0630788485607009,0.004682039959043683,0.09410438454122967,0.8000000000000006
dopamine,0.1,7.5,SWV,6,0.006138740555269085,0.016680784218724633,0.09303984249761445,-0.007206039476864346,0.09999999999999992,1.4,2.6571278341267978e-06,0.005455248575596337,-0.007412781374165667,0.09303984249761445,0.18147684605757186,0.06483103879849816,0.004754588131093538,0.09078578600819552,0.8500000000000013
dopamine,0.1,7.5,SWV,7,0.00597228305150006,0.016590004329464343,0.0954726837627978,-0.008704547772124352,0.09999999999999992,1.4,-4.146894539554123e-06,0.005799107014332127,-0.0050299750199293836,0.0954726837627978,0.17797246558197743,0.0630788485607009,0.004646313517833739,0.09334017881942913,0.9999999999999964
dopamine,0.1,7.5,SWV,8,0.00614265361253225,0.016773092008633795,0.09515775605766696,-0.007132516518848001,0.09999999999999992,1.4,8.055452541251634e-06,0.005544352840946036,-0.007749960199764046,0.09515775605766696,0.18147684605757186,0.0630788485607009,0.004690515567027863,0.09288031565186393,0.8000000000000006
dopamine,0.1,7.5,SWV,9,0.006158985541903655,0.016594253317311077,0.09435927118519673,-0.00848514749014384,0.09999999999999992,1.4,-5.610861320331324e-08,0.005549460005089685,-0.006958081376866706,0.09435927118519673,0.17622027534418017,0.0630788485607009,0.004650974533456614,0.09201451094133142,0.894736842105265
dopamine,0.1,8.0,SWV,0,0.006157957896010709,0.016978876975867613,0.09117813026719485,-0.00810323318886172,0.09999999999999992,1.4,1.9868736301174642e-06,0.006097140842102337,-0.006515238808681285,0.09117813026719485,0.1534418022528159,0.07183979974968713,0.005134556911667833,0.0888634713143522,0.8636363636363674
dopamine,0.1,8.0,SWV,1,0.006092146259382694,0.016962930534250065,0.09075296288015844,-0.007269658407351552,0.09999999999999992,1.4,-9.445584999107342e-07,0.005510995466985011,-0.005220195933582144,0.09075296288015844,0.14643304130162693,0.07534418022528155,0.0052758073956986305,0.08852252276659217,0.7916666666666665
dopamine,0.1,8.0,SWV,2,0.0061231823538307265,0.01681766309653081,0.09361230163081274,-0.007445687153389786,0.09999999999999992,1.4,1.6780953291148804e-07,0.006363125240965394,-0.005875171544578672,0.09361230163081274,0.15168961201501874,0.07008760951188986,0.005015661526658046,0.09133638796593627,0.9047619047619037
dopamine,0.1,8.0,SWV,3,0.006254452182283832,0.01690222044262229,0.09117687154953702,-0.007223517334832549,0.09999999999999992,1.4,-5.219902530294999e-06,0.005479028975930986,-0.006250864985706378,0.09117687154953702,0.14643304130162693,0.07183979974968713,0.005109930085642956,0.08882004422934119,0.7826086956521715
dopamine,0.1,8.0,SWV,4,0.006198898953691423,0.016811269749411124,0.09070590088134398,-0.008256787077195096,0.09999999999999992,1.4,-1.10265952497766e-06,0.006018069025395778,-0.004672036224587821,0.09070590088134398,0.1534418022528159,0.07183979974968713,0.005087724064688673,0.08836461637988521,0.8636363636363674
dopamine,0.1,8.0,SWV,5,0.006183408908662947,0.016954735473485052,0.09135270143773638,-0.007195755688126597,0.09999999999999992,1.4,3.681111911830637e-06,0.006155930341750104,-0.006234997704272261,0.09135270143773638,0.1481852315394242,0.07183979974968713,0.005139355144019922,0.08908296221110529,0.8636363636363621
dopamine,0.1,8.0,SWV,6,0.00619265888718557,0.016852094017938305,0.09075196042453573,-0.007548932038279627,0.09999999999999992,1.4,2.566626585173001e-06,0.00610813307878617,-0.006015511611545652,0.09075196042453573,0.15168961201501874,0.0735919899874844,0.005171089018619167,0.08851564364180617,0.9090909090909081
dopamine,0.1,8.0,SWV,7,0.006033110220112984,0.01683911486001076,0.09036843625692435,-0.007699181049632108,0.09999999999999992,1.4,-3.9549941040280605e-06,0.0064809853508850275,-0.004429350505011116,0.09036843625692435,0.14468085106382977,0.07183979974968702,0.0051105417873406915,0.08829753492191547,0.6400000000000021
dopamine,0.1,8.0,SWV,8,0.006196409532583827,0.01696728159532701,0.09150831068326894,-0.007225370163803275,0.09999999999999992,1.4,7.740893241495683e-06,0.006765727020252351,-0.00633869579352142,0.09150831068326894,0.1481852315394242,0.07359198998748429,0.005212071319819524,0.08924973587099104,0.8260869565217395
dopamine,0.1,8.0,SWV,9,0.00621206360346036,0.01680271026734056,0.0913308098930655,-0.005790888473395914,0.09999999999999992,1.4,-3.399668997208175e-08,0.006950228303688988,-0.006194634043806515,0.0913308098930655,0.15168961201501874,0.07183979974968713,0.005086106741896239,0.08897554285725383,0.9523809523809518
dopamine,0.2,6.0,SWV,0,0.01002186677680907,0.03186683535477532,0.17968040542892494,-0.01441618876290662,0.09999999999999992,1.4,1.6133486004006906e-06,0.01785574955252555,-0.01264746922684809,0.17968040542892494,0.25506883604505626,0.06483103879849816,0.009070824264442008,0.1771675383718988,0.7619047619047621
dopamine,0.2,6.0,SWV,1,0.009891869075976676,0.032020266370816924,0.17871192106335732,-0.014717145369484833,0.09999999999999992,1.4,-4.177108172522669e-06,0.012406815261777962,-0.011650901859316887,0.17871192106335732,0.2620775969962452,0.06483103879849805,0.009107539456056168,0.1763116470741974,0.9473684210526309
dopamine,0.2,6.0,SWV,2,0.00995317466155064,0.03185091506007069,0.17862935298173394,-0.0139912161368587,0.09999999999999992,1.4,-1.9798480198283007e-06,0.012471022849706082,-0.00861981761072626,0.17862935298173394,0.2585732165206507,0.06483103879849805,0.009048178654626371,0.1758995072132677,0.8499999999999981
dopamine,0.2,6.0,SWV,3,0.010212471903830461,0.032051172322950586,0.1807481731732928,-0.014072850946153587,0.09999999999999992,1.4,-1.2622193611726898e-05,0.014149903589045817,-0.012125489690288314,0.1807481731732928,0.2620775969962452,0.0630788485607009,0.00894810726833218,0.17788315937481952,0.894736842105265
dopamine,0.2,6.0,SWV,4,0.01010273763249409,0.03201304263206727,0.17809612577550304,-0.014399576791557907,0.09999999999999992,1.4,-4.489405067281862e-06,0.010377466623823653,-0.012696870600003698,0.17809612577550304,0.2568210262828535,0.06483103879849805,0.009102224211575029,0.17550604721739627,0.7619047619047643
dopamine,0.2,6.0,SWV,5,0.01007214015243332,0.031926208300768075,0.1800505544494931,-0.01319014822689975,0.09999999999999992,1.4,4.959976834702558e-06,0.012007371314465241,-0.011600615759236682,0.1800505544494931,0.2638297872340425,0.06483103879849816,0.009074306047417921,0.17725649721156322,0.7619047619047621
dopamine,0.2,6.0,SWV,6,0.010090411631495402,0.03183209453345191,0.1830296070903539,-0.013578377911201516,0.09999999999999992,1.4,2.7585343922994077e-06,0.010101803022210724,-0.009824984663378888,0.1830296070903539,0.25506883604505626,0.06483103879849805,0.009049542522654126,0.18038619330309527,0.681818181818183
dopamine,0.2,6.0,SWV,7,0.009775255210032396,0.03171108378907014,0.17905461220282595,-0.015485437204119362,0.09999999999999992,1.4,-1.0123620477804439e-05,0.011556942221747475,-0.011223167905953221,0.17905461220282595,0.2585732165206507,0.06483103879849805,0.009024798987369109,0.17666293681507614,0.8499999999999981
dopamine,0.2,6.0,SWV,8,0.010097820279925873,0.032001881242027935,0.1804478844265779,-0.015538501784006,0.09999999999999992,1.4,1.2979261353058789e-05,0.011840659098290893,-0.011390269038321632,0.1804478844265779,0.2568210262828535,0.0630788485607009,0.008930619535889849,0.17776685109006718,0.8000000000000006
dopamine,0.2,6.0,SWV,9,0.010128741760182003,0.031916396364386125,0.18005045904018593,-0.015437388511620475,0.09999999999999992,1.4,-2.3784757752329786e-06,0.012933307094640759,-0.010665490501927236,0.18005045904018593,0.25506883604505626,0.06307884856070078,0.008887178029267117,0.17701106277901563,0.6363636363636369
dopamine,0.2,6.5,SWV,0,0.010131507658028817,0.03212945617532159,0.17318851548201997,-0.01597674625217064,0.09999999999999992,1.4,1.492084856737851e-06,0.011392615350197905,-0.012399283999300764,0.17318851548201997,0.22878598247809756,0.06833541927409259,0.009421147856814705,0.17037238989266051,0.7727272727272753
dopamine,0.2,6.5,SWV,1,0.010006638347727158,0.03242743863202172,0.17077716243115357,-0.014675577224145564,0.09999999999999992,1.4,-4.069939232432365e-06,0.010376163143708476,-0.012283161652617912,0.17077716243115357,0.232290362953692,0.0735919899874844,0.009967451492121311,0.16807135272615467,0.9090909090909081
dopamine,0.2,6.5,SWV,2,0.010065525436800601,0.03220336290108823,0.17675395297116292,-0.015790986706851494,0.09999999999999992,1.4,-1.9593606755545868e-06,0.010358319374824725,-0.008705328002203694,0.17675395297116292,0.2270337922403003,0.07008760951188986,0.009593785957779846,0.17363153233440753,0.6666666666666675
dopamine,0.2,6.5,SWV,3,0.010314593440305901,0.03228465954245371,0.1720988300267611,-0.01689731874200768,0.09999999999999992,1.4,-1.2181867270233764e-05,0.00958048689845771,-0.011897670738134799,0.1720988300267611,0.24105131414267822,0.0735919899874844,0.009902957969389782,0.16872740196518488,0.680000000000001
dopamine,0.2,6.5,SWV,4,0.010209188170131975,0.032271722540327424,0.1734431697112844,-0.01795791710715016,0.09999999999999992,1.4,-4.369916059777967e-06,0.011460436622089391,-0.013287867077485797,0.1734431697112844,0.23053817271589483,0.07183979974968713,0.0097559940314439,0.17039183998234594,0.8636363636363674
dopamine,0.2,6.5,SWV,5,0.010179797756242403,0.03233607996458971,0.173090348237819,-0.01745110502373904,0.09999999999999992,1.4,4.706689090332188e-06,0.01172001398665927,-0.012234859331926317,0.173090348237819,0.22878598247809756,0.07183979974968713,0.009797443384563263,0.17014504972434635,0.7826086956521764
dopamine,0.2,6.5,SWV,6,0.010197348428093245,0.032280925559260425,0.17259141715599757,-0.016886687040443004,0.09999999999999992,1.4,2.59209323447081e-06,0.011403835599104871,-0.010529276626461314,0.17259141715599757,0.23404255319148926,0.0735919899874844,0.009918335056776919,0.16970262159965918,1.0
dopamine,0.2,6.5,SWV,7,0.009894624881959432,0.03200316771794397,0.17057374447815482,-0.015876337240143933,0.09999999999999992,1.4,-9.781862485738396e-06,0.010700345916182907,-0.011872301741964669,0.17057374447815482,0.2375469336670838,0.07008760951188986,0.009543870144564327,0.1679632625174243,0.7391304347826059
dopamine,0.2,6.5,SWV,8,0.010204464806412685,0.03236148006755826,0.17210175310498865,-0.015987631321357526,0.09999999999999992,1.4,1.2409613992142423e-05,0.010884330024626784,-0.012032810758784682,0.17210175310498865,0.232290362953692,0.07183979974968713,0.009775844488206198,0.16903445222859892,0.9523809523809518
dopamine,0.2,6.5,SWV,9,0.010234166438736685,0.03223367214351994,0.17282422995451932,-0.019839422770559563,0.09999999999999992,1.4,-2.34226262355638e-06,0.012188826347126341,-0.010666044457977704,0.17282422995451932,0.23404255319148926,0.07183979974968713,0.00972446295556853,0.16947984192549198,0.9523809523809518
dopamine,0.2,7.0,SWV,0,0.01023267289952128,0.03278399889503692,0.18418931589915688,-0.015275794164133508,0.09999999999999992,1.4,1.5905679488311255e-06,0.014909543862564913,-0.012972866060293296,0.18418931589915688,0.2007509386733416,0.06658322903629543,0.009469091288836736,0.18169085701380427,0.8095238095238102
dopamine,0.2,7.0,SWV,1,0.010099324197039508,0.03304403739467492,0.18629161473705075,-0.01430022918687824,0.09999999999999992,1.4,-4.349151696223779e-06,0.013130827129174665,-0.00913283466759237,0.18629161473705075,0.2007509386733416,0.06658322903629543,0.009541301663331636,0.18405442675130415,0.8095238095238102
dopamine,0.2,7.0,SWV,2,0.010162210080703815,0.03264701802361472,0.18333675907050137,-0.011280412257303571,0.09999999999999992,1.4,-2.0952519079923883e-06,0.015065811597884858,-0.009241349093247413,0.18333675907050137,0.20250312891113886,0.06658322903629543,0.00941634623635765,0.18071777488055202,0.9000000000000019
dopamine,0.2,7.0,SWV,3,0.010428191329554488,0.032752100074243166,0.18455253326486049,-0.012713515155842507,0.09999999999999992,1.4,-1.3011929410404601e-05,0.011964958726960025,-0.01243718715886834,0.18455253326486049,0.2007509386733416,0.06658322903629543,0.009435269296268489,0.18167230210149446,0.8095238095238102
dopamine,0.2,7.0,SWV,4,0.01031562839492725,0.03261964169887575,0.1838473667487289,-0.01297197790508078,0.09999999999999992,1.4,-4.669498790353683e-06,0.011322623503562591,-0.010205765754172983,0.1838473667487289,0.20250312891113886,0.0683354192740927,0.009555372418819917,0.18104216549135718,0.8571428571428584
dopamine,0.2,7.0,SWV,5,0.010284242191639117,0.032912615439274644,0.18682368852125514,-0.011970507881885192,0.09999999999999992,1.4,5.023463529872259e-06,0.01362117431975058,-0.009081252323015286,0.18682368852125514,0.20250312891113886,0.06658322903629543,0.009504813381311646,0.18419009045863666,0.9000000000000019
dopamine,0.2,7.0,SWV,6,0.010302984661773209,0.03286346228558377,0.18604641123971744,-0.012099514666646799,0.09999999999999992,1.4,2.765273643412184e-06,0.013696655879631887,-0.009437687257372152,0.18604641123971744,0.19899874843554433,0.0630788485607009,0.009187995569016656,0.18368427564015194,0.7142857142857139
dopamine,0.2,7.0,SWV,7,0.009979704329799685,0.032541893399214296,0.18231675602263303,-0.014619903602859108,0.09999999999999992,1.4,-1.0448949578215545e-05,0.013655768523285393,-0.010244920825924594,0.18231675602263303,0.19899874843554433,0.06483103879849816,0.00925654716549396,0.1802182871687408,0.7619047619047621
dopamine,0.2,7.0,SWV,8,0.010310584285835952,0.032927573102736044,0.1892986632469194,-0.012373421078699402,0.09999999999999992,1.4,1.3249464286098763e-05,0.014416635112454203,-0.010111317100671993,0.1892986632469194,0.20425531914893613,0.06658322903629543,0.009489828055453849,0.18669587001860954,0.9999999999999967
dopamine,0.2,7.0,SWV,9,0.010342302841199379,0.03270838343530989,0.18623586841726483,-0.015931069222447775,0.09999999999999992,1.4,-2.504155247175085e-06,0.014734825551026377,-0.009353160692633946,0.18623586841726483,0.2007509386733416,0.06658322903629543,0.009430808162911536,0.18336797550380174,0.8095238095238102
dopamine,0.2,7.5,SWV,0,0.010338027510108426,0.033346921018555895,0.18986928470822606,-0.016831388701931627,0.09999999999999992,1.4,1.5804191432802392e-06,0.01205094004196943,-0.015362646800417094,0.18986928470822606,0.17622027534418017,0.06132665832290363,0.009145033882139319,0.18691505451605453,0.9444444444444472
dopamine,0.2,7.5,SWV,1,0.010202926425887993,0.03341558014199238,0.1878661200455722,-0.018222094487032495,0.09999999999999992,1.4,-4.437356426167003e-06,0.009937588007314266,-0.013040641542971201,0.1878661200455722,0.17622027534418017,0.06658322903629532,0.009666435256336724,0.18524151623163268,0.8999999999999987
dopamine,0.2,7.5,SWV,2,0.010266638714849854,0.03300839922657843,0.19127056420471866,-0.017330117121630097,0.09999999999999992,1.4,-2.1538373558866916e-06,0.01183317921357456,-0.012972425710200554,0.19127056420471866,0.17271589486858563,0.0630788485607009,0.00923375595616838,0.18837790403959112,0.7142857142857139
dopamine,0.2,7.5,SWV,3,0.010536115315920958,0.03308265332504773,0.18510906878686195,-0.016145501678779702,0.09999999999999992,1.4,-1.3213974719144904e-05,0.010551556977208113,-0.012597488816899517,0.18510906878686195,0.17797246558197743,0.06658322903629532,0.009536049990654836,0.1816955202013158,1.0
dopamine,0.2,7.5,SWV,4,0.010422073152569182,0.03291858348684034,0.18142854228180857,-0.018236020407499925,0.09999999999999992,1.4,-4.761913313023264e-06,0.012244504128616593,-0.011531171481064972,0.18142854228180857,0.1744680851063829,0.06483103879849805,0.009339181898913885,0.17839811141840803,0.8499999999999981
dopamine,0.2,7.5,SWV,5,0.010390274492253241,0.03329890678136539,0.18971332039672395,-0.016910258431008234,0.09999999999999992,1.4,5.0584276006746125e-06,0.012405487021858248,-0.014841157570873342,0.18971332039672395,0.1744680851063829,0.0630788485607009,0.0092985117889461,0.18679750204368023,0.8000000000000006
dopamine,0.2,7.5,SWV,6,0.010409263263714523,0.03315343838343189,0.18305873819086455,-0.016072486948975735,0.09999999999999992,1.4,2.77056205449083e-06,0.010777706963525282,-0.014673301295800321,0.18305873819086455,0.18147684605757186,0.06483103879849816,0.009451620530418954,0.1803976004335937,0.8500000000000013
dopamine,0.2,7.5,SWV,7,0.010081734592314564,0.032974562716695174,0.18785740767287765,-0.01900461301666228,0.09999999999999992,1.4,-1.06173138764107e-05,0.01147606599431087,-0.009960371403798213,0.18785740767287765,0.17797246558197743,0.0630788485607009,0.009237541632605838,0.185449437571883,0.9999999999999964
dopamine,0.2,7.5,SWV,8,0.010416962757083679,0.03333587684603452,0.18722603253781384,-0.015925345676122672,0.09999999999999992,1.4,1.3392529097584105e-05,0.010952335248702861,-0.015336748303426198,0.18722603253781384,0.18147684605757186,0.0630788485607009,0.009313603551124178,0.184359893766365,0.8000000000000006
dopamine,0.2,7.5,SWV,9,0.010449098137029282,0.03298461981887263,0.1856652059881876,-0.018580426124304092,0.09999999999999992,1.4,-2.568114236252217e-06,0.010987669243882878,-0.013778332356029134,0.1856652059881876,0.17622027534418017,0.0630788485607009,0.009224839143761848,0.18249282605377912,0.894736842105265
dopamine,0.2,8.0,SWV,0,0.010448033150104447,0.03372573442633196,0.17925180244027464,-0.017905470134335685,0.09999999999999992,1.4,1.449709852757797e-06,0.012058599294565334,-0.012856699396026431,0.17925180244027464,0.1534418022528159,0.07183979974968713,0.010207414266544597,0.17655380566134796,0.8636363636363674
dopamine,0.2,8.0,SWV,1,0.01031864537018067,0.03369497483188343,0.17841475937970863,-0.016252239600833798,0.09999999999999992,1.4,-4.31357935771154e-06,0.010904266922535495,-0.010335552117803291,0.17841475937970863,0.14643304130162693,0.07534418022528155,0.010490644648318812,0.17590796196851508,0.7916666666666665
dopamine,0.2,8.0,SWV,2,0.010379663323294852,0.033408165283373384,0.1840452610227152,-0.01660429809395428,0.09999999999999992,1.4,-2.1266282712561515e-06,0.01258574528064424,-0.011600581621852568,0.1840452610227152,0.15168961201501874,0.07008760951188986,0.009953605296449801,0.18116717892689205,0.9047619047619037
dopamine,0.2,8.0,SWV,3,0.010637743999369264,0.033575006263368984,0.17924817736521403,-0.016105836311949662,0.09999999999999992,1.4,-1.2719042294737143e-05,0.010833898701471723,-0.012336932014795214,0.17924817736521403,0.14643304130162693,0.07183979974968713,0.01013847445525867,0.17618160331925647,0.7826086956521715
dopamine,0.2,8.0,SWV,4,0.01052852457734216,0.03339314636869896,0.17832338438260853,-0.018152565350295212,0.09999999999999992,1.4,-4.6244110234351174e-06,0.011888839733221709,-0.009228721404543706,0.17832338438260853,0.1534418022528159,0.07183979974968713,0.010100744702737866,0.17536988486553604,0.8636363636363674
dopamine,0.2,8.0,SWV,5,0.010498070653996017,0.03367506493984877,0.17960232923361785,-0.01610694449405968,0.09999999999999992,1.4,4.78063643602737e-06,0.012152779010979258,-0.012332896045686442,0.17960232923361785,0.1481852315394242,0.07183979974968713,0.010196201355543515,0.17670525121288175,0.8636363636363621
dopamine,0.2,8.0,SWV,6,0.010516256407256487,0.0334743207195619,0.17842173883929746,-0.016801300480466335,0.09999999999999992,1.4,2.5895226822559563e-06,0.01206935193535064,-0.011899168146559882,0.17842173883929746,0.15168961201501874,0.0735919899874844,0.010266041926201978,0.17567691907594565,0.9090909090909081
dopamine,0.2,8.0,SWV,7,0.010202578631105703,0.03344831376472093,0.17764476686339056,-0.017102675191676527,0.09999999999999992,1.4,-1.0232191921958467e-05,0.012837994414296817,-0.008762389405466812,0.17764476686339056,0.14468085106382977,0.07183979974968702,0.010148615070644358,0.1752606299196658,0.6400000000000021
dopamine,0.2,8.0,SWV,8,0.010523630295921566,0.03370159150874766,0.17990826198117846,-0.016179563384265162,0.09999999999999992,1.4,1.2762296217418301e-05,0.01337306107839105,-0.012534558572248288,0.17990826198117846,0.1481852315394242,0.07359198998748429,0.01034892870655614,0.177145329490608,0.8260869565217395
dopamine,0.2,8.0,SWV,9,0.0105544066993247,0.03337843078956977,0.17955977538542464,-0.013344930672262096,0.09999999999999992,1.4,-2.52338575202354e-06,0.013760541049192922,-0.012222211491856518,0.17955977538542464,0.15168961201501874,0.07183979974968713,0.010087022807430908,0.1764320399849508,0.9523809523809518
dopamine,0.5,6.0,SWV,0,0.021881236819759307,0.07799217685530282,0.4367968668716219,-0.037801553460469886,0.09999999999999992,1.4,2.92276098339218e-07,0.04353774965878915,-0.030802725023859327,0.4367968668716219,0.25506883604505626,0.06483103879849816,0.022181284163332534,0.4330648483160339,0.7619047619047621
dopamine,0.5,6.0,SWV,1,0.02156520126712814,0.07836525451493839,0.434459941610999,-0.03820261740950888,0.09999999999999992,1.4,-1.3784820607987604e-05,0.030286410368482924,-0.028422874196159575,0.434459941610999,0.2620775969962452,0.06483103879849805,0.022271671411057792,0.43101329269925703,0.9473684210526309
dopamine,0.5,6.0,SWV,2,0.02171424040006807,0.07795207470713261,0.43426326715205305,-0.03643972765041627,0.09999999999999992,1.4,-8.443092852921195e-06,0.030447017527399756,-0.021023007229237223,0.43426326715205305,0.2585732165206507,0.06483103879849805,0.022138969815139416,0.4301944757171356,0.8499999999999981
dopamine,0.5,6.0,SWV,3,0.022344614220027363,0.07843910998538052,0.43941024501436104,-0.03663818886860899,0.09999999999999992,1.4,-3.431554712627718e-05,0.034524007489552644,-0.029533750702958335,0.43941024501436104,0.2620775969962452,0.0630788485607009,0.021870819036263964,0.43466486568342283,0.894736842105265
dopamine,0.5,6.0,SWV,4,0.022077840801249124,0.07834165578184606,0.43295937564371717,-0.03743599757137421,0.09999999999999992,1.4,-1.454404112564475e-05,0.025291958902095048,-0.030965713853178423,0.43295937564371717,0.2568210262828535,0.06483103879849805,0.022275860787851837,0.4293152307338303,0.7619047619047643
dopamine,0.5,6.0,SWV,5,0.022003455704757355,0.07813118262353787,0.43770288155728165,-0.034501505248836085,0.09999999999999992,1.4,8.428216170404796e-06,0.02927884097957774,-0.028300624376918465,0.43770288155728165,0.2638297872340425,0.06483103879849816,0.022192681070591337,0.43333249690640036,0.7619047619047621
dopamine,0.5,6.0,SWV,6,0.022047875236378287,0.0779041567668211,0.44493906316559795,-0.03543608254009961,0.09999999999999992,1.4,3.076320910598519e-06,0.024633482504924503,-0.0239839129962148,0.44493906316559795,0.25506883604505626,0.06483103879849805,0.02214198477678718,0.4410757567903606,0.681818181818183
dopamine,0.5,6.0,SWV,7,0.021281702964218357,0.07760975360281988,0.4352971087668567,-0.040072307132369575,0.09999999999999992,1.4,-2.824130168876275e-05,0.028178028511594067,-0.02738301629509801,0.4352971087668567,0.2585732165206507,0.06483103879849805,0.02210587443870816,0.4324166612182415,0.8499999999999981
dopamine,0.5,6.0,SWV,8,0.022065886295696894,0.0783177102839616,0.4386767024901806,-0.040199405250434056,0.09999999999999992,1.4,2.792378415535611e-05,0.02891003621065169,-0.0277892534698726,0.4386767024901806,0.2568210262828535,0.0630788485607009,0.021833705005453476,0.4344642048821066,0.8000000000000006
dopamine,0.5,6.0,SWV,9,0.022141059064433154,0.07811035952787783,0.43769649891733636,-0.03995359021899819,0.09999999999999992,1.4,-9.412191092095898e-06,0.031566357138996304,-0.025983009737075735,0.43769649891733636,0.25506883604505626,0.06307884856070078,0.021736803420798083,0.43274735702971734,0.6363636363636369
dopamine,0.5,6.5,SWV,0,0.022149037711424954,0.07861391810996222,0.42085216231184264,-0.04135782960913595,0.09999999999999992,1.4,-4.512937990630398e-09,0.02774575891714024,-0.030194240600696302,0.42085216231184264,0.22878598247809756,0.06833541927409259,0.023023916583723696,0.4162433258463517,0.7727272727272753
dopamine,0.5,6.5,SWV,1,0.021845566010465126,0.07933761785045083,0.4150063494259402,-0.038180534373623044,0.09999999999999992,1.4,-1.3521980977513718e-05,0.02531246851575572,-0.02996630937113584,0.4150063494259402,0.232290362953692,0.0735919899874844,0.024373553511740243,0.41087467304066766,0.9090909090909081
dopamine,0.5,6.5,SWV,2,0.021988680159510388,0.07879180142198973,0.42949952447949724,-0.04092505420133603,0.09999999999999992,1.4,-8.392611213896822e-06,0.025269507590614623,-0.021221916444166572,0.42949952447949724,0.2270337922403003,0.07008760951188986,0.02349290801436687,0.424817579477515,0.6666666666666675
dopamine,0.5,6.5,SWV,3,0.02259399375094308,0.07899016401481133,0.4182542896669009,-0.04357002629662809,0.09999999999999992,1.4,-3.323651766990184e-05,0.023376006480527026,-0.02897516263060914,0.4182542896669009,0.24105131414267822,0.0735919899874844,0.024221175356089038,0.41256421578375585,0.680000000000001
dopamine,0.5,6.5,SWV,4,0.02233782578979605,0.07895406403795305,0.4214817995568305,-0.04615765273054592,0.09999999999999992,1.4,-1.4251019023957595e-05,0.027935328511156876,-0.03240805957790513,0.4214817995568305,0.23053817271589483,0.07183979974968713,0.0238695206656794,0.41668455090189943,0.8636363636363674
dopamine,0.5,6.5,SWV,5,0.022266397839457937,0.07911040105540831,0.4206135850304895,-0.04495443981280356,0.09999999999999992,1.4,7.807986485004578e-06,0.02854709203085209,-0.029848919538636776,0.4206135850304895,0.22878598247809756,0.07183979974968713,0.02394492904713454,0.4157214830572889,0.7826086956521764
dopamine,0.5,6.5,SWV,6,0.022309051492518855,0.07897782868644472,0.41941246033270896,-0.04358993573140331,0.09999999999999992,1.4,2.6688534212390876e-06,0.027808979940465023,-0.02570381708307977,0.41941246033270896,0.23404255319148926,0.0735919899874844,0.024266968828868966,0.41500978131137695,1.0
dopamine,0.5,6.5,SWV,7,0.021573338055455072,0.07830320999247585,0.4144826432463059,-0.04112370598555144,0.09999999999999992,1.4,-2.7403751135811087e-05,0.026088069013623455,-0.02896779055461539,0.4144826432463059,0.2375469336670838,0.07008760951188986,0.023355646057590954,0.41082388665462083,0.7391304347826059
dopamine,0.5,6.5,SWV,8,0.022326346530251152,0.0791748046820915,0.41822552140577385,-0.041389767438346416,0.09999999999999992,1.4,2.6528516907338907e-05,0.026547596288114747,-0.02935787795268048,0.41822552140577385,0.232290362953692,0.07183979974968713,0.023910759281769844,0.4132919598264659,0.9523809523809518
dopamine,0.5,6.5,SWV,9,0.02239853083927691,0.07886478426347962,0.41997826866305,-0.050730303309467234,0.09999999999999992,1.4,-9.323183387157262e-06,0.029717810262895883,-0.026033834468481565,0.41997826866305,0.23404255319148926,0.07183979974968713,0.02376277898192363,0.4140496517354703,0.9523809523809518
dopamine,0.5,7.0,SWV,0,0.022396172572742477,0.08018564811982518,0.4476290794771632,-0.03969052741604234,0.09999999999999992,1.4,2.345032887149075e-07,0.036390564217468876,-0.0315894584682848,0.4476290794771632,0.2007509386733416,0.06658322903629543,0.023146585789979766,0.443994175197204,0.8095238095238102
dopamine,0.5,7.0,SWV,1,0.02207208508029952,0.08081758479683503,0.45273845621693226,-0.037483100598245916,0.09999999999999992,1.4,-1.420124906397929e-05,0.03206634780531058,-0.022270461200291018,0.45273845621693226,0.2007509386733416,0.06658322903629543,0.02333041585423687,0.44986367057994614,0.8095238095238102
dopamine,0.5,7.0,SWV,2,0.02222492142566711,0.07985174148747026,0.4455706638447617,-0.030191140880338606,0.09999999999999992,1.4,-8.72342500577036e-06,0.03677035357834775,-0.02252276947351839,0.4455706638447617,0.20250312891113886,0.06658322903629543,0.023032339412167573,0.441852258870608,0.9000000000000019
dopamine,0.5,7.0,SWV,3,0.022871355881890206,0.08010795709641731,0.44851183426271274,-0.03263008547919685,0.09999999999999992,1.4,-3.525505652313535e-05,0.02923411503481997,-0.030287557297437952,0.44851183426271274,0.2007509386733416,0.06658322903629543,0.023060003528410547,0.4438832658980302,0.8095238095238102
dopamine,0.5,7.0,SWV,4,0.022597785621764514,0.07978152340520482,0.44681163251546546,-0.034877491738755956,0.09999999999999992,1.4,-1.4979812968357294e-05,0.027671733025080733,-0.0248780872134615,0.44681163251546546,0.20250312891113886,0.0683354192740927,0.023379632028094625,0.44273569482078423,0.8571428571428584
dopamine,0.5,7.0,SWV,5,0.022521505345079063,0.08049277707788514,0.45404521366030814,-0.03160956531374348,0.09999999999999992,1.4,8.577730481571766e-06,0.03325807587212033,-0.02214509670557012,0.45404521366030814,0.20250312891113886,0.06658322903629543,0.023229017036643818,0.45001598483222494,0.9000000000000019
dopamine,0.5,7.0,SWV,6,0.022567056595559173,0.08037478046425045,0.4521216560330893,-0.03189391000534148,0.09999999999999992,1.4,3.0894798713874004e-06,0.03344152444726457,-0.023001999267698178,0.4521216560330893,0.19899874843554433,0.0630788485607009,0.02247434337857504,0.449068455719385,0.7142857142857139
dopamine,0.5,7.0,SWV,7,0.021781363820185185,0.07959355341017152,0.4430571913290036,-0.03807419340919359,0.09999999999999992,1.4,-2.9026051729410214e-05,0.033342152795764884,-0.02495047020162766,0.4430571913290036,0.19899874843554433,0.06483103879849816,0.02262472352463098,0.4403536512407407,0.7619047619047621
dopamine,0.5,7.0,SWV,8,0.022585526539849327,0.0805319895728326,0.4600669369308816,-0.03192136873201839,0.09999999999999992,1.4,2.857000568412706e-05,0.03519261059772212,-0.024626127144343687,0.4600669369308816,0.20425531914893613,0.06658322903629543,0.02319119273402526,0.4560914841532399,0.9999999999999967
dopamine,0.5,7.0,SWV,9,0.022662614557057825,0.08000009166831472,0.45260297169660246,-0.041283092222126644,0.09999999999999992,1.4,-9.71721388695861e-06,0.03596593301809045,-0.02279582411783599,0.45260297169660246,0.2007509386733416,0.06658322903629543,0.023050253083628163,0.44802078724433725,0.8095238095238102
dopamine,0.5,7.5,SWV,0,0.02265353089310025,0.08153091142872732,0.46137041707052445,-0.04367940559674625,0.09999999999999992,1.4,2.0842146270902157e-07,0.029344502656114053,-0.03745972543093677,0.46137041707052445,0.17622027534418017,0.06132665832290363,0.0223587238896108,0.4568190583290362,0.9444444444444472
dopamine,0.5,7.5,SWV,1,0.022325243757720534,0.08169842425851206,0.4565028529603537,-0.04706758218326212,0.09999999999999992,1.4,-1.4414394589814927e-05,0.0242057964064318,-0.031817398733840666,0.4565028529603537,0.17622027534418017,0.06658322903629532,0.023636425473892927,0.4527912222826593,0.8999999999999987
dopamine,0.5,7.5,SWV,2,0.022480060611726294,0.08070775044036627,0.4647492969591728,-0.04489128428136237,0.09999999999999992,1.4,-8.865586906346292e-06,0.02885350999259416,-0.031651221215292374,0.4647492969591728,0.17271589486858563,0.0630788485607009,0.022583480153190616,0.46044596131234705,0.7142857142857139
dopamine,0.5,7.5,SWV,3,0.02313487179942302,0.0808891857704967,0.4498054681408327,-0.04203365682696788,0.09999999999999992,1.4,-3.57410249003602e-05,0.02571773092430748,-0.03067454150262015,0.4498054681408327,0.17797246558197743,0.06658322903629532,0.023313413321394357,0.44408387266504445,1.0
dopamine,0.5,7.5,SWV,4,0.022857756516927025,0.08048595366301503,0.44085055136612794,-0.04711348582219242,0.09999999999999992,1.4,-1.5203047406841704e-05,0.029839838409147945,-0.028149064108508204,0.44085055136612794,0.1744680851063829,0.06483103879849805,0.022846648860629204,0.43628139784905556,0.8499999999999981
dopamine,0.5,7.5,SWV,5,0.02278048777282871,0.0814093542230322,0.46098204098588974,-0.04385724088336486,0.09999999999999992,1.4,8.659763210947714e-06,0.030211679436986903,-0.036192122073883004,0.46098204098588974,0.1744680851063829,0.0630788485607009,0.022724656990838844,0.4563659952171382,0.8000000000000006
dopamine,0.5,7.5,SWV,6,0.022826629292886633,0.08105754729163568,0.444805988745084,-0.04185338806019192,0.09999999999999992,1.4,3.1003938644724553e-06,0.026253778276118668,-0.03578465922178413,0.444805988745084,0.18147684605757186,0.06483103879849816,0.023111674763063358,0.441000196960291,0.8500000000000013
dopamine,0.5,7.5,SWV,7,0.022030755226375195,0.08062255837497474,0.4564837587344943,-0.048954033496934085,0.09999999999999992,1.4,-2.9431302409732137e-05,0.02798291595147983,-0.02433253607696592,0.4564837587344943,0.17797246558197743,0.0630788485607009,0.022602160900321626,0.45350850594836184,0.9999999999999964
dopamine,0.5,7.5,SWV,8,0.02284533857739475,0.08150200242891953,0.45493225184162545,-0.04149218737958286,0.09999999999999992,1.4,2.8911105545996888e-05,0.026677084095872695,-0.03739679371253614,0.45493225184162545,0.18147684605757186,0.0630788485607009,0.02275658450488854,0.4503617086488055,0.8000000000000006
dopamine,0.5,7.5,SWV,9,0.022923425529009944,0.08064946107462133,0.4511547702614993,-0.04793439015286235,0.09999999999999992,1.4,-9.872253663271265e-06,0.026800308415143026,-0.03360952366467074,0.4511547702614993,0.17622027534418017,0.0630788485607009,0.0225445801939405,0.44589854070864965,0.894736842105265
dopamine,0.5,8.0,SWV,0,0.02292225196585393,0.0824270417500174,0.4353429415281527,-0.046407359098867645,0.09999999999999992,1.4,-1.1219713064196044e-07,0.029392686179419175,-0.03129571556538384,0.4353429415281527,0.1534418022528159,0.07183979974968713,0.02493381108287551,0.4311974716585791,0.8636363636363674
dopamine,0.5,8.0,SWV,1,0.022608004323116323,0.08235320165648082,0.43330829073993904,-0.04237082184034368,0.09999999999999992,1.4,-1.4109655390393879e-05,0.026586240847136094,-0.025209433945769397,0.43330829073993904,0.14643304130162693,0.07534418022528155,0.025606775374413724,0.4293739755274088,0.7916666666666665
dopamine,0.5,8.0,SWV,2,0.02275620029604437,0.08165491706607432,0.4469964814084007,-0.043234720674980236,0.09999999999999992,1.4,-8.798147424912921e-06,0.030679209703710367,-0.028248312461925912,0.4469964814084007,0.15168961201501874,0.07008760951188986,0.024333703848867225,0.44268247651769754,0.9047619047619037
dopamine,0.5,8.0,SWV,3,0.023383007898279205,0.08206096597915861,0.4353324358138748,-0.04193288687618245,0.09999999999999992,1.4,-3.4524233302115e-05,0.026442657289065197,-0.03003334229937659,0.4353324358138748,0.14643304130162693,0.07183979974968713,0.0247659295210328,0.43028559018170504,0.7826086956521715
dopamine,0.5,8.0,SWV,4,0.023117743698418916,0.0816148804062901,0.433088067178593,-0.04692644371361704,0.09999999999999992,1.4,-1.4864580765103843e-05,0.028959234560592483,-0.02247815985087696,0.433088067178593,0.1534418022528159,0.07183979974968713,0.02466354990675906,0.4281662891517395,0.8636363636363674
dopamine,0.5,8.0,SWV,5,0.023043779421195246,0.08229932455619256,0.43620509313241146,-0.04201793963746507,0.09999999999999992,1.4,7.977715437153288e-06,0.029589769756891707,-0.03006370814610613,0.43620509313241146,0.1481852315394242,0.07183979974968713,0.02492273010771544,0.4318009445820405,0.8636363636363621
dopamine,0.5,8.0,SWV,6,0.023087947657924227,0.08181334197775365,0.4333384791529892,-0.04370434102774765,0.09999999999999992,1.4,2.6560974876201765e-06,0.029402742149053446,-0.029007030994524327,0.4333384791529892,0.15168961201501874,0.0735919899874844,0.025088070403867232,0.4292166369239928,0.9090909090909081
dopamine,0.5,8.0,SWV,7,0.02232610985691531,0.08174947128114908,0.43141748201142305,-0.04444514277392873,0.09999999999999992,1.4,-2.8484351731017586e-05,0.031322220767909546,-0.021361533285253365,0.43141748201142305,0.14468085106382977,0.07183979974968702,0.024791423255031045,0.4280340394248244,0.6400000000000021
dopamine,0.5,8.0,SWV,8,0.023105856823165148,0.08236645180637586,0.4369481203704844,-0.04221560213299277,0.09999999999999992,1.4,2.736299102433183e-05,0.03258515549359425,-0.030550221113469486,0.4369481203704844,0.1481852315394242,0.07359198998748429,0.02526751800905054,0.4324766417904746,0.8260869565217395
dopamine,0.5,8.0,SWV,9,0.023180604316530237,0.08158221619518607,0.43610245966320726,-0.03530976106588835,0.09999999999999992,1.4,-9.761763178603826e-06,0.033562835032273565,-0.029748552071571177,0.43610245966320726,0.15168961201501874,0.07183979974968713,0.024629367059027813,0.43074559331482554,0.9523809523809518
dopamine,1.0,6.0,SWV,0,0.04047555775129856,0.1503142609638109,0.8399300841953565,-0.07479917186233193,0.09999999999999992,1.4,-1.7790351085966281e-06,0.08380458933157281,-0.059268373001889293,0.8399300841953565,0.25506883604505626,0.06483103879849816,0.04273383949503519,0.8342348693825365,0.7619047619047621
dopamine,1.0,6.0,SWV,1,0.03986783322115574,0.15103171244991478,0.8354475787659434,-0.07502551801547251,0.09999999999999992,1.4,-2.8848764796926505e-05,0.05831984960985964,-0.054719670329233805,0.8354475787659434,0.2620775969962452,0.06483103879849805,0.042919155582276325,0.8304748523818518,0.9473684210526309
dopamine,1.0,6.0,SWV,2,0.0401544298913238,0.1502362531745172,0.8350719967771213,-0.07163677656673494,0.09999999999999992,1.4,-1.857682240604232e-05,0.058631601775141706,-0.040469983544680344,0.8350719967771213,0.2585732165206507,0.06483103879849805,0.04266826166163373,0.8289690282177483,0.8499999999999981
dopamine,1.0,6.0,SWV,3,0.04136661513554597,0.15117291386521017,0.8449668267898632,-0.0720184100556687,0.09999999999999992,1.4,-6.832858288365905e-05,0.06646859014837192,-0.05682818463640392,0.8449668267898632,0.2620775969962452,0.0630788485607009,0.04215816301292126,0.8376823625818283,0.894736842105265
dopamine,1.0,6.0,SWV,4,0.04085361984361812,0.150982474344425,0.8325597797580776,-0.07355483015207387,0.09999999999999992,1.4,-3.0308717414682872e-05,0.04867640975815019,-0.05960945574395843,0.8325597797580776,0.2568210262828535,0.06483103879849805,0.04293904871204391,0.8273898600399133,0.7619047619047643
dopamine,1.0,6.0,SWV,5,0.040710580089265404,0.15057814986898846,0.8416762833188761,-0.0679156082338474,0.09999999999999992,1.4,1.3866072906629114e-05,0.05635879959030965,-0.054484588505876286,0.8416762833188761,0.2638297872340425,0.06483103879849816,0.042769200740278394,0.834960906117625,0.7619047619047621
dopamine,1.0,6.0,SWV,6,0.04079599718477492,0.15014272705886209,0.8555872226909806,-0.06970680461256948,0.09999999999999992,1.4,3.5745787849689788e-06,0.04741772070621643,-0.046183714209426574,0.8555872226909806,0.25506883604505626,0.06483103879849805,0.04267856563535784,0.8499489028148409,0.681818181818183
dopamine,1.0,6.0,SWV,7,0.03932267660349757,0.14957647099436638,0.8370600354783616,-0.0786220908470335,0.09999999999999992,1.4,-5.664803642693195e-05,0.0542382502253041,-0.052720062534868106,0.8370600354783616,0.2585732165206507,0.06483103879849805,0.04260323419667797,0.8332208244912725,0.8499999999999981
dopamine,1.0,6.0,SWV,8,0.04083063177721441,0.15093846716650627,0.8435539851331133,-0.07886526624100644,0.09999999999999992,1.4,5.135531990710612e-05,0.05567313365842719,-0.05350124140576107,0.8435539851331133,0.2568210262828535,0.0630788485607009,0.04206747922479163,0.8369880300830674,0.8000000000000006
dopamine,1.0,6.0,SWV,9,0.04097518619578991,0.1505400456537329,0.8416600429222513,-0.0783925731429114,0.09999999999999992,1.4,-2.0440362021004656e-05,0.060781139307306775,-0.04999936705638264,0.8416600429222513,0.25506883604505626,0.06307884856070078,0.04187657397211735,0.8336028942617136,0.6363636363636369
dopamine,1.0,6.5,SWV,0,0.0409913379186016,0.1514990840790122,0.80916429993391,-0.08115286153919267,0.09999999999999992,1.4,-2.351030467996969e-06,0.05338587290481527,-0.058094975025106604,0.80916429993391,0.22878598247809756,0.06833541927409259,0.04436070828851163,0.8018762827962498,0.7727272727272753
dopamine,1.0,6.5,SWV,1,0.04040783530883206,0.1528902499939129,0.7979335932325808,-0.07503398570675442,0.09999999999999992,1.4,-2.8341848898814377e-05,0.048731120148471724,-0.05769173851004665,0.7979335932325808,0.232290362953692,0.0735919899874844,0.046948068329001086,0.7913919546821746,0.9090909090909081
dopamine,1.0,6.5,SWV,2,0.04068300916919117,0.15183999763961373,0.8257796180789841,-0.08033278965565128,0.09999999999999992,1.4,-1.8479312675248354e-05,0.04864877800302578,-0.040846690914898454,0.8257796180789841,0.2270337922403003,0.07008760951188986,0.04529179448158008,0.8187443184778007,0.6666666666666675
dopamine,1.0,6.5,SWV,3,0.04184688065774456,0.15222189823169432,0.8042017387323055,-0.08539019740078602,0.09999999999999992,1.4,-6.62481300249373e-05,0.04500601866475917,-0.055750983252143005,0.8042017387323055,0.24105131414267822,0.0735919899874844,0.0466649251814347,0.7947974321559683,0.680000000000001
dopamine,1.0,6.5,SWV,4,0.04135433168729405,0.15214950868658478,0.8103818735121929,-0.09037205302895658,0.09999999999999992,1.4,-2.974361256038732e-05,0.053766331843398574,-0.06238663300448853,0.8103818735121929,0.23053817271589483,0.07183979974968713,0.04598511034931267,0.8026658742211759,0.8636363636363674
dopamine,1.0,6.5,SWV,5,0.041216993031660064,0.1524500568036843,0.8087055735819604,-0.08807695238331215,0.09999999999999992,1.4,1.267051449887363e-05,0.05493028847051245,-0.05746602628249145,0.8087055735819604,0.22878598247809756,0.07183979974968713,0.0461277425166067,0.8007743449326183,0.7826086956521764
dopamine,1.0,6.5,SWV,6,0.041299005679951595,0.15219609589447608,0.806403478646812,-0.08545799232093368,0.09999999999999992,1.4,2.7892058128391706e-06,0.05353062600654834,-0.0494959977990124,0.806403478646812,0.23404255319148926,0.0735919899874844,0.04677955210789447,0.7998356627976831,1.0
dopamine,1.0,6.5,SWV,7,0.03988440685834331,0.15089925450634187,0.7969077067469871,-0.08070908661106692,0.09999999999999992,1.4,-5.50331321056783e-05,0.050214499055289574,-0.055771828569512155,0.7969077067469871,0.2375469336670838,0.07008760951188986,0.04499851785783042,0.7914251745031412,0.7391304347826059
dopamine,1.0,6.5,SWV,8,0.04133225985034357,0.1525755971059675,0.8041232815810787,-0.08121780801683516,0.09999999999999992,1.4,4.866556221881953e-05,0.0511060508000033,-0.05652187219496155,0.8041232815810787,0.232290362953692,0.07183979974968713,0.04609207365312114,0.7965303679735665,0.9523809523809518
dopamine,1.0,6.5,SWV,9,0.041471052800617754,0.15197989040980356,0.807491391082598,-0.09916415304331015,0.09999999999999992,1.4,-2.026857767082787e-05,0.05720152578515178,-0.05012901139853085,0.807491391082598,0.23404255319148926,0.07183979974968713,0.04580017304042904,0.7978826330842165,0.9523809523809518
dopamine,1.0,7.0,SWV,0,0.041467338727052265,0.15450886943353564,0.8606766100253953,-0.07797041782335618,0.09999999999999992,1.4,-1.891672166035442e-06,0.07007068255170104,-0.06077843668822211,0.8606766100253953,0.2007509386733416,0.06658322903629543,0.04457409167419317,0.8549977240647996,0.8095238095238102
dopamine,1.0,7.0,SWV,1,0.04084419165034918,0.15572388949980268,0.8705007879199562,-0.07383155330495822,0.09999999999999992,1.4,-2.9648364689966507e-05,0.06175537405061013,-0.04286896206020125,0.8705007879199562,0.2007509386733416,0.06658322903629543,0.04495590035185582,0.8667091458216408,0.8095238095238102
dopamine,1.0,7.0,SWV,2,0.04113806143567131,0.15386621692004787,0.8567275268858859,-0.059841295634973785,0.09999999999999992,1.4,-1.9115745788706147e-05,0.0708009317452464,-0.04334672488456054,0.8567275268858859,0.20250312891113886,0.06658322903629543,0.044393071299023555,0.8514685586679916,0.9000000000000019
dopamine,1.0,7.0,SWV,3,0.042381008945428914,0.1543593837084974,0.8623739481729256,-0.06473130305837249,0.09999999999999992,1.4,-7.013008298383686e-05,0.0563104465298597,-0.05827517467519525,0.8623739481729256,0.2007509386733416,0.06658322903629543,0.044432993007112474,0.8551656396864068,0.8095238095238102
dopamine,1.0,7.0,SWV,4,0.041854995100879734,0.15372884915730398,0.8591136294583734,-0.06922317392241949,0.09999999999999992,1.4,-3.1145367296832e-05,0.05330552202795494,-0.04788283814345708,0.8591136294583734,0.20250312891113886,0.0683354192740927,0.04504788651621446,0.8529455121139617,0.8571428571428584
dopamine,1.0,7.0,SWV,5,0.04170832535108984,0.15509590967934056,0.8730221728289467,-0.06240166770690396,0.09999999999999992,1.4,1.4150470023125477e-05,0.06404679805916927,-0.04262791444118078,0.8730221728289467,0.20250312891113886,0.06658322903629543,0.04475684079164225,0.8669493322813882,0.9000000000000019
dopamine,1.0,7.0,SWV,6,0.041795910121371724,0.15486996855484006,0.8693013608325736,-0.06292956689440599,0.09999999999999992,1.4,3.5978032164845146e-06,0.06439952825083686,-0.04426950081475256,0.8693013608325736,0.19899874843554433,0.0630788485607009,0.043290876169352094,0.8649244899781882,0.7142857142857139
dopamine,1.0,7.0,SWV,7,0.040285200305110604,0.15336806211847065,0.8518724417476341,-0.07484820335245873,0.09999999999999992,1.4,-5.81531131269624e-05,0.06420845900076363,-0.04800731922279168,0.8518724417476341,0.19899874843554433,0.06483103879849816,0.04360428709401407,0.8485222772572936,0.7619047619047621
dopamine,1.0,7.0,SWV,8,0.041831423654166595,0.15517313489732257,0.8846048475217851,-0.06257061999092595,0.09999999999999992,1.4,5.259110145634431e-05,0.06776728821042624,-0.047383915731335116,0.8846048475217851,0.20425531914893613,0.06658322903629543,0.04466866853108659,0.8784034458678392,0.9999999999999967
dopamine,1.0,7.0,SWV,9,0.041979646506613684,0.15415095099864115,0.8702402817765515,-0.08103256038211697,0.09999999999999992,1.4,-2.1026577433285853e-05,0.06925421262694406,-0.043872592698091045,0.8702402817765515,0.2007509386733416,0.06658322903629543,0.04441669088364498,0.8631578917609911,0.8095238095238102
dopamine,1.0,7.5,SWV,0,0.041963023851618306,0.15708076370774277,0.8870573776879552,-0.08577444443182597,0.09999999999999992,1.4,-1.942735394482994e-06,0.05645910082890872,-0.07210576229607246,0.8870573776879552,0.17622027534418017,0.06132665832290363,0.04306604703318494,0.8798316801806374,0.9444444444444472
dopamine,1.0,7.5,SWV,1,0.04133184006812463,0.15740326149629136,0.8776987181477273,-0.09229445795389375,0.09999999999999992,1.4,-3.005740504392962e-05,0.04657693797048028,-0.06125749951458656,0.8776987181477273,0.17622027534418017,0.06658322903629532,0.04550291369182594,0.8717258894119365,0.8999999999999987
dopamine,1.0,7.5,SWV,2,0.041629499882137495,0.1554977609068243,0.8935369396729468,-0.08810447229723888,0.09999999999999992,1.4,-1.93889473126224e-05,0.05553970763377311,-0.06093772774796713,0.8935369396729468,0.17271589486858563,0.0630788485607009,0.04352415369986154,0.8871743830284979,0.7142857142857139
dopamine,1.0,7.5,SWV,3,0.04288847764392626,0.15584723569765763,0.8648232794736016,-0.0826237272444975,0.09999999999999992,1.4,-7.106121469066083e-05,0.049496793779636145,-0.05901757472591053,0.8648232794736016,0.17797246558197743,0.06658322903629532,0.044924993531988255,0.8556336115899563,1.0
dopamine,1.0,7.5,SWV,4,0.04235567981659921,0.15506905568845986,0.8475986396835175,-0.09239049949708067,0.09999999999999992,1.4,-3.1573714442828544e-05,0.05742758475022797,-0.054204278474993206,0.8475986396835175,0.1744680851063829,0.06483103879849805,0.044009271633791446,0.840373960974754,0.8499999999999981
dopamine,1.0,7.5,SWV,5,0.0422071184720026,0.1568439272635553,0.8863046028972977,-0.08610744793829439,0.09999999999999992,1.4,1.4306301760388333e-05,0.05813003050762072,-0.0696683256773673,0.8863046028972977,0.1744680851063829,0.0630788485607009,0.04378216028084154,0.8791279329152305,0.8000000000000006
dopamine,1.0,7.5,SWV,6,0.0422958328201071,0.15616860235981656,0.8551998260337983,-0.08227529474074076,0.09999999999999992,1.4,3.6175375665424558e-06,0.05051872959339472,-0.06888518337733887,0.8551998260337983,0.18147684605757186,0.06483103879849816,0.044517175454371095,0.8494124562677294,0.8500000000000013
dopamine,1.0,7.5,SWV,7,0.0407656394303962,0.15533206646702663,0.8776633462014735,-0.09591176684254546,0.09999999999999992,1.4,-5.89297782582731e-05,0.0538640263781521,-0.04686667081143864,0.8776633462014735,0.17797246558197743,0.0630788485607009,0.04353181303306288,0.8734062695898773,0.9999999999999964
dopamine,1.0,7.5,SWV,8,0.042331804369734334,0.1570238561004963,0.8746691635895769,-0.0815784700504402,0.09999999999999992,1.4,5.3242700718199654e-05,0.05133193722662045,-0.07198476614410346,0.8746691635895769,0.18147684605757186,0.0630788485607009,0.043842268640477154,0.8675597298984021,0.8000000000000006
dopamine,1.0,7.5,SWV,9,0.04248193884730062,0.1553853675804658,0.8674161858505189,-0.09395850659270061,0.09999999999999992,1.4,-2.13244228883506e-05,0.05159296489353857,-0.06470287300044211,0.8674161858505189,0.17622027534418017,0.0630788485607009,0.043422016015271944,0.8587880134939883,0.894736842105265
dopamine,1.0,8.0,SWV,0,0.042480595047337665,0.15878799536554433,0.8368685546659369,-0.09109550599387457,0.09999999999999992,1.4,-2.5611130181947205e-06,0.056570822406288856,-0.06020627178153683,0.8368685546659369,0.1534418022528159,0.07183979974968713,0.048006458376722405,0.8302185050077308,0.8636363636363674
dopamine,1.0,8.0,SWV,1,0.04187650539747222,0.15864660650783588,0.8329561732430164,-0.08332217917883451,0.09999999999999992,1.4,-2.9468935095957328e-05,0.05117402712397906,-0.04853021162665453,0.8329561732430164,0.14643304130162693,0.07534418022528155,0.049307218038904206,0.8267815625208252,0.7916666666666665
dopamine,1.0,8.0,SWV,2,0.04216138789529362,0.1573031969849415,0.8592780244822533,-0.08498859311683579,0.09999999999999992,1.4,-1.9258430542374617e-05,0.05904797491024627,-0.054350310198831187,0.8592780244822533,0.15168961201501874,0.07008760951188986,0.04688994346192822,0.8528505381521884,0.9047619047619037
dopamine,1.0,8.0,SWV,3,0.04336632290027381,0.1580842852138184,0.8368472607889355,-0.08242715134109069,0.09999999999999992,1.4,-6.871261920257149e-05,0.05092701681155462,-0.057779565831991835,0.8368472607889355,0.14643304130162693,0.07183979974968713,0.04771125305558378,0.828847531372651,0.7826086956521715
dopamine,1.0,8.0,SWV,4,0.042856395900600974,0.15722395533515027,0.8325339278587168,-0.092041043122776,0.09999999999999992,1.4,-3.092015554525101e-05,0.055723927684988635,-0.0432519707482143,0.8325339278587168,0.1534418022528159,0.07183979974968713,0.047500253244072324,0.8245770730777302,0.8636363636363674
dopamine,1.0,8.0,SWV,5,0.04271421168581625,0.1585395033122323,0.8385328834428657,-0.08264382091169331,0.09999999999999992,1.4,1.2990419550029803e-05,0.05692924907455691,-0.05786387032824565,0.8385328834428657,0.1481852315394242,0.07183979974968713,0.04799352665288,0.8315020705466504,0.8636363636363621
dopamine,1.0,8.0,SWV,6,0.04279911789045265,0.15760629937700427,0.8330227510028515,-0.08588565151546036,0.09999999999999992,1.4,2.7604802071419347e-06,0.05657978606436527,-0.05583047027466613,0.8330227510028515,0.15168961201501874,0.0735919899874844,0.04833592179247702,0.8268556717999874,0.9090909090909081
dopamine,1.0,8.0,SWV,7,0.04133460943318466,0.1574830675697258,0.8293080353916713,-0.08731543145227481,0.09999999999999992,1.4,-5.710193562917201e-05,0.06030366208777148,-0.04111574652886932,0.8293080353916713,0.14468085106382977,0.07183979974968702,0.04774525706171316,0.8242931472346695,0.6400000000000021
dopamine,1.0,8.0,SWV,8,0.04283354532884335,0.1586702721727003,0.8399612316722358,-0.08303753943038053,0.09999999999999992,1.4,5.0255438437640766e-05,0.06270782204582653,-0.05879700065340892,0.8399612316722358,0.1481852315394242,0.07359198998748429,0.048662778191859414,0.8328705149763479,0.8260869565217395
dopamine,1.0,8.0,SWV,9,0.04297723514844508,0.15716313361440468,0.838336051061706,-0.06974844575712956,0.09999999999999992,1.4,-2.111082408200772e-05,0.06461087621562225,-0.057228123103963274,0.838336051061706,0.15168961201501874,0.07183979974968713,0.0474523911006335,0.8297912628142248,0.9523809523809518
dopamine,2.0,6.0,SWV,0,0.07381709873198967,0.27999597168966217,1.5627896462930881,-0.14113972899670527,0.09999999999999992,1.4,-5.493110376206465e-06,0.15600719840001243,-0.11031022454870168,1.5627896462930881,0.25506883604505626,0.06483103879849816,0.07957155945204218,1.5533407200994584,0.7619047619047621
dopamine,2.0,6.0,SWV,1,0.0726863456904466,0.2813309174802951,1.554459893664465,-0.14105278806754526,0.09999999999999992,1.4,-5.58599750667471e-05,0.1085867061806044,-0.10187254615405661,1.554459893664465,0.2620775969962452,0.06483103879849805,0.07993278798477152,1.546605102157824,0.9473684210526309
dopamine,2.0,6.0,SWV,2,0.07321959725495476,0.2798499983533717,1.5537635119668993,-0.13474872634772012,0.09999999999999992,1.4,-3.6747647811638404e-05,0.10916947697798929,-0.07534042383444045,1.5537635119668993,0.2585732165206507,0.06483103879849805,0.07947665106680057,1.5439705645542054,0.8499999999999981
dopamine,2.0,6.0,SWV,3,0.075475030570269,0.2815928790256307,1.5721717320424882,-0.1354588066669482,0.09999999999999992,1.4,-0.00012931747458655023,0.1237485314676341,-0.10576992824120293,1.5721717320424882,0.2620775969962452,0.0630788485607009,0.07854751121238696,1.5605253260868936,0.894736842105265
dopamine,2.0,6.0,SWV,4,0.07452053398855567,0.2812357175930765,1.5490846423079654,-0.13831963340022496,0.09999999999999992,1.4,-5.857641282950946e-05,0.09060714922418019,-0.11097064809984003,1.5490846423079654,0.2568210262828535,0.06483103879849805,0.07997346955179664,1.540919519807217,0.7619047619047643
dopamine,2.0,6.0,SWV,5,0.07425438933045228,0.2804837983727047,1.5660423830293215,-0.12783055151731595,0.09999999999999992,1.4,2.3616712571583494e-05,0.10491596675438086,-0.10143514487504213,1.5660423830293215,0.2638297872340425,0.06483103879849816,0.07967442170759186,1.5552670696436648,0.7619047619047621
dopamine,2.0,6.0,SWV,6,0.0744133192991413,0.2796746968539364,1.591921853564081,-0.1311577545356189,0.09999999999999992,1.4,4.4680066976328195e-06,0.08827221679129169,-0.08599025431587548,1.591921853564081,0.25506883604505626,0.06483103879849805,0.07950006344313539,1.5830588551005955,0.681818181818183
dopamine,2.0,6.0,SWV,7,0.07167200864634309,0.27862098362347043,1.557462524754164,-0.1477458409560861,0.09999999999999992,1.4,-0.00010758425044020084,0.1009669236429912,-0.09815200751652498,1.557462524754164,0.2585732165206507,0.06483103879849805,0.07936280807909607,1.5519918785437405,0.8499999999999981
dopamine,2.0,6.0,SWV,8,0.07447776160614239,0.2811557316223569,1.569540836768717,-0.14819715491375696,0.09999999999999992,1.4,9.33704874619675e-05,0.10366213597857654,-0.09960549563563015,1.569540836768717,0.2568210262828535,0.0630788485607009,0.07837750106570364,1.559211008940065,0.8000000000000006
dopamine,2.0,6.0,SWV,9,0.07474672450029167,0.28041470146154385,1.5660084666552023,-0.1473176459719972,0.09999999999999992,1.4,-4.021501334180602e-05,0.11316626595393253,-0.09306318018065707,1.5660084666552023,0.25506883604505626,0.06307884856070078,0.0779892659951726,1.5523783403328797,0.6363636363636369
dopamine,2.0,6.5,SWV,0,0.07477753139353906,0.2821904648646752,1.505448132911411,-0.15250947051722544,0.09999999999999992,1.4,-6.558579142491062e-06,0.09936124971030155,-0.10812387813094576,1.505448132911411,0.22878598247809756,0.06833541927409259,0.08263132710976884,1.493524999689627,0.7727272727272753
dopamine,2.0,6.5,SWV,1,0.073691904395559,0.2847784610158778,1.4845617545410406,-0.1411160363730589,0.09999999999999992,1.4,-5.491540517149103e-05,0.09072318514506594,-0.10740630110395577,1.4845617545410406,0.232290362953692,0.0735919899874844,0.08743386168600702,1.473798720219767,0.9090909090909081
dopamine,2.0,6.5,SWV,2,0.07420387497965326,0.2828237103888186,1.5363508203953065,-0.15099493598752692,0.09999999999999992,1.4,-3.6565811847326724e-05,0.09057022839769419,-0.0760359416900041,1.5363508203953065,0.2270337922403003,0.07008760951188986,0.08436439306096995,1.5248808398522473,0.6666666666666675
dopamine,2.0,6.5,SWV,3,0.07636929855959554,0.2835347101783014,1.496245440504755,-0.16037809041513815,0.09999999999999992,1.4,-0.00012544136597189722,0.08379086809855468,-0.10376279953903131,1.496245440504755,0.24105131414267822,0.0735919899874844,0.08690651390845854,1.4801488378738223,0.680000000000001
dopamine,2.0,6.5,SWV,4,0.07545289398625597,0.28339725938658983,1.5077199371562913,-0.16965304666748598,0.09999999999999992,1.4,-5.752343545329589e-05,0.10008399299086623,-0.1161413163900864,1.5077199371562913,0.23053817271589483,0.07183979974968713,0.08565562965347868,1.4949788241578645,0.8636363636363674
dopamine,2.0,6.5,SWV,5,0.07519737061767771,0.2839563916100961,1.50459465650184,-0.1654000783718103,0.09999999999999992,1.4,2.1389530247880083e-05,0.10223808898300689,-0.10698635561629988,1.50459465650184,0.22878598247809756,0.07183979974968713,0.08589866074808362,1.4911421176332114,0.7826086956521764
dopamine,2.0,6.5,SWV,6,0.0753499580160379,0.28348476677920564,1.5003184080376177,-0.1605317489642295,0.09999999999999992,1.4,3.0050101012248607e-06,0.09965219826297339,-0.09215783908275371,1.5003184080376177,0.23404255319148926,0.0735919899874844,0.0871696226723198,1.4901764616505315,1.0
dopamine,2.0,6.5,SWV,7,0.07271804747041875,0.2810722212070689,1.4826354068171743,-0.15168976911199122,0.09999999999999992,1.4,-0.00010457547039647453,0.09347568395758721,-0.10383424156174093,1.4826354068171743,0.2375469336670838,0.07008760951188986,0.08379515417000799,1.473721832537629,0.7391304347826059
dopamine,2.0,6.5,SWV,8,0.07541182856223343,0.2841915503459262,1.4960778860333503,-0.15263360491619435,0.09999999999999992,1.4,8.835957450147443e-05,0.09514190026959657,-0.10522972393974139,1.4960778860333503,0.232290362953692,0.07183979974968713,0.08586759749689063,1.483746164033008,0.9523809523809518
dopamine,2.0,6.5,SWV,9,0.07567005769681515,0.28308358027491914,1.502342507145236,-0.1860110560143388,0.09999999999999992,1.4,-3.9894801903616245e-05,0.10648267085954172,-0.09333415623861935,1.502342507145236,0.23404255319148926,0.07183979974968713,0.08530043999336498,1.485925237886231,0.9523809523809518
dopamine,2.0,7.0,SWV,0,0.07566391252098703,0.2877788313256306,1.6013135613532603,-0.14661022131233278,0.09999999999999992,1.4,-5.704124705587172e-06,0.13046261887515193,-0.11311729418604072,1.6013135613532603,0.2007509386733416,0.06658322903629543,0.08299874471215256,1.5920134348844621,0.8095238095238102
dopamine,2.0,7.0,SWV,1,0.07450452067250718,0.29003937463259455,1.6195918654564136,-0.13900808919285615,0.09999999999999992,1.4,-5.734664098484005e-05,0.11499086938700936,-0.07980420498141959,1.6195918654564136,0.2007509386733416,0.06658322903629543,0.08372101552562643,1.6139817517932449,0.8095238095238102
dopamine,2.0,7.0,SWV,2,0.075051278005334,0.2865825704604174,1.5939743157872124,-0.1130070903674231,0.09999999999999992,1.4,-3.775025202017723e-05,0.13182127880313366,-0.08068623113884299,1.5939743157872124,0.20250312891113886,0.06658322903629543,0.08269213862239887,1.5859088829318748,0.9000000000000019
dopamine,2.0,7.0,SWV,3,0.07736383512832595,0.2875006112963473,1.6044715317360663,-0.12285344884028399,0.09999999999999992,1.4,-0.00013266461318923257,0.10486110990027575,-0.10845986790427734,1.6044715317360663,0.2007509386733416,0.06658322903629543,0.0827709031297581,1.5928466789908398,0.8095238095238102
dopamine,2.0,7.0,SWV,4,0.07638516382205188,0.2863248040708211,1.5984137619077259,-0.13080853507933343,0.09999999999999992,1.4,-6.013187850651075e-05,0.09926955748138444,-0.08913273636275948,1.5984137619077259,0.20250312891113886,0.0683354192740927,0.08391636582813117,1.588714496529024,0.8571428571428584
dopamine,2.0,7.0,SWV,5,0.07611227846531611,0.28886778904348065,1.6242912030623682,-0.11761509268774352,0.09999999999999992,1.4,2.414296851142807e-05,0.11925416198077421,-0.07935572555331025,1.6242912030623682,0.20250312891113886,0.06658322903629543,0.08334974400972746,1.6144231146750512,0.9000000000000019
dopamine,2.0,7.0,SWV,6,0.0762752336848977,0.2884482905534701,1.6173477280592354,-0.11857971028169409,0.09999999999999992,1.4,4.509279559416924e-06,0.1199104316227596,-0.08240433117498808,1.6173477280592354,0.19899874843554433,0.0630788485607009,0.08061729670574154,1.610600927062853,0.7142857142857139
dopamine,2.0,7.0,SWV,7,0.07346449331256306,0.28565413805532097,1.5849204769810408,-0.14078780738865837,0.09999999999999992,1.4,-0.00011038094735705566,0.11955493909248549,-0.08935063470901694,1.5849204769810408,0.19899874843554433,0.06483103879849816,0.08121912118195337,1.5803538739215859,0.7619047619047621
dopamine,2.0,7.0,SWV,8,0.07634130813501136,0.28901316923645154,1.6458452389261642,-0.1175278981103464,0.09999999999999992,1.4,9.566341111687144e-05,0.12617705496424053,-0.08819098492180251,1.6458452389261642,0.20425531914893613,0.06658322903629543,0.083205799831211,1.6360398963644336,0.9999999999999967
dopamine,2.0,7.0,SWV,9,0.07661708310581726,0.28711185512984666,1.6191071826095642,-0.15230746880692728,0.09999999999999992,1.4,-4.130543620601052e-05,0.12894354158075055,-0.08166541911785874,1.6191071826095642,0.2007509386733416,0.06658322903629543,0.0827294212563506,1.6075491308624528,0.8095238095238102
dopamine,2.0,7.5,SWV,0,0.07658694225999552,0.2925502012853858,1.6503581346571417,-0.16125520372231378,0.09999999999999992,1.4,-5.799982172896203e-06,0.10507838031116122,-0.13422969046804006,1.6503581346571417,0.17622027534418017,0.06132665832290363,0.08020081861817631,1.6384088025624086,0.9444444444444472
dopamine,2.0,7.5,SWV,1,0.07541263345229753,0.2931506003929049,1.6329464764147419,-0.1733909248529574,0.09999999999999992,1.4,-5.8106941030618076e-05,0.08669070905084308,-0.11404664574213097,1.6329464764147419,0.17622027534418017,0.06658322903629532,0.08473684312329183,1.6232953666768106,0.8999999999999987
dopamine,2.0,7.5,SWV,2,0.07596642547046105,0.2896047320154787,1.662397540401093,-0.16559018873950027,0.09999999999999992,1.4,-3.8258421144565793e-05,0.10339082064554206,-0.11345146359965974,1.662397540401093,0.17271589486858563,0.0630788485607009,0.08105334742995098,1.6520318618438419,0.7142857142857139
dopamine,2.0,7.5,SWV,3,0.07830873639958724,0.29025551541582734,1.6089931480702915,-0.1554059224759299,0.09999999999999992,1.4,-0.00013439396879740657,0.09213511338229449,-0.10983956533318984,1.6089931480702915,0.17797246558197743,0.06658322903629532,0.08365454519049027,1.593250739313104,1.0
dopamine,2.0,7.5,SWV,4,0.07731747331945966,0.28880502722877,1.576940039425044,-0.17357686884515616,0.09999999999999992,1.4,-6.0928013955632816e-05,0.10689526784457859,-0.10092397320110413,1.576940039425044,0.1744680851063829,0.06483103879849805,0.08196742320852628,1.565129258001926,0.8499999999999981
dopamine,2.0,7.5,SWV,5,0.07704107696707303,0.29210666736187213,1.6489519552901677,-0.16186643989885774,0.09999999999999992,1.4,2.4431129504212876e-05,0.10819052208255035,-0.12969462179395974,1.6489519552901677,0.1744680851063829,0.0630788485607009,0.08151300319248321,1.6367488283255875,0.8000000000000006
dopamine,2.0,7.5,SWV,6,0.07720612879995072,0.2908512413766945,1.5910784308273556,-0.154755954995518,0.09999999999999992,1.4,4.544829721977936e-06,0.09402829747264835,-0.12823784738040273,1.5910784308273556,0.18147684605757186,0.06483103879849816,0.08289442104483086,1.581660277146844,0.8500000000000013
dopamine,2.0,7.5,SWV,7,0.07435922489967522,0.28929469482067105,1.6328819168319195,-0.1801118404277796,0.09999999999999992,1.4,-0.00011182359702117393,0.10027153472942671,-0.08727270550773475,1.6328819168319195,0.17797246558197743,0.0630788485607009,0.08104447430938448,1.6260668789044628,0.9999999999999964
dopamine,2.0,7.5,SWV,8,0.07727305337668809,0.2924430933746712,1.6273008674134903,-0.15345732173611543,0.09999999999999992,1.4,9.687176792352853e-05,0.09554063939209925,-0.13400457878001737,1.6273008674134903,0.18147684605757186,0.0630788485607009,0.08164299450282898,1.615510734675401,0.8000000000000006
dopamine,2.0,7.5,SWV,9,0.077552376521477,0.2893953261723252,1.6138159655273818,-0.17648450848482444,0.09999999999999992,1.4,-4.185934701607876e-05,0.09604876271686857,-0.1204564649128596,1.6138159655273818,0.17622027534418017,0.0630788485607009,0.08085042233938129,1.599030644656464,0.894736842105265
dopamine,2.0,8.0,SWV,0,0.07755072746930856,0.2957118217784913,1.5568455161543775,-0.17122597628836977,0.09999999999999992,1.4,-6.952272540702749e-06,0.10530403219240003,-0.11204588982429393,1.5568455161543775,0.1534418022528159,0.07183979974968713,0.08936890293803264,1.5455764489617834,0.8636363636363674
dopamine,2.0,8.0,SWV,1,0.07642692111700695,0.2954493100056284,1.5495661694554312,-0.15675219923405945,0.09999999999999992,1.4,-5.700971249903684e-05,0.09526247148245606,-0.09034677850272446,1.5495661694554312,0.14643304130162693,0.07534418022528155,0.09179184933342006,1.5392057292210009,0.7916666666666665
dopamine,2.0,8.0,SWV,2,0.0769568966939475,0.29294913422258856,1.5985414810284722,-0.15985760577119748,0.09999999999999992,1.4,-3.8014800270237263e-05,0.10991610562541393,-0.1011538923477645,1.5985414810284722,0.15168961201501874,0.07008760951188986,0.08733120942563374,1.5882614529805132,0.9047619047619037
dopamine,2.0,8.0,SWV,3,0.07919847393833311,0.2944027015007206,1.5568048779855963,-0.15503755658851232,0.09999999999999992,1.4,-0.0001300159318516663,0.09483000630015635,-0.10753141492495713,1.5568048779855963,0.14643304130162693,0.07183979974968713,0.0888453036534835,1.5433810326685453,0.7826086956521715
dopamine,2.0,8.0,SWV,4,0.0782498412286516,0.2927996011170041,1.5487816780437667,-0.1729361868909231,0.09999999999999992,1.4,-5.970946204758368e-05,0.10371579121838864,-0.08050156270206056,1.5487816780437667,0.1534418022528159,0.07183979974968713,0.08846001878513061,1.5355384361412088,0.8636363636363674
dopamine,2.0,8.0,SWV,5,0.07798533160858499,0.29524677784274705,1.5599482315857494,-0.15549022871375773,0.09999999999999992,1.4,2.1978716580014942e-05,0.10595176371312903,-0.10771243699966823,1.5599482315857494,0.1481852315394242,0.07183979974968713,0.08935805245747143,1.5481546557556245,0.8636363636363621
dopamine,2.0,8.0,SWV,6,0.07814328520395192,0.2935116611576964,1.549697997078467,-0.1615211048037728,0.09999999999999992,1.4,2.9476492214567177e-06,0.10531103722285548,-0.10392767174250665,1.549697997078467,0.15168961201501874,0.0735919899874844,0.0900245789303269,1.5399023866041168,0.9090909090909081
dopamine,2.0,8.0,SWV,7,0.07541881556994355,0.29328199065929766,1.5427669586941861,-0.1641862939099988,0.09999999999999992,1.4,-0.00010841622399827686,0.1122703844544205,-0.0765370944139738,1.5427669586941861,0.14468085106382977,0.07183979974968702,0.08894033565520756,1.5353345169815498,0.6400000000000021
dopamine,2.0,8.0,SWV,8,0.07820733161488704,0.2954916569963714,1.5626054312477904,-0.15623549596362757,0.09999999999999992,1.4,9.13039648339188e-05,0.11672087931189812,-0.10944639844916239,1.5626054312477904,0.1481852315394242,0.07359198998748429,0.09061799284783492,1.550887354861049,0.8260869565217395
dopamine,2.0,8.0,SWV,9,0.07847464215739586,0.29268828450372864,1.5595824908107383,-0.1315005700310793,0.09999999999999992,1.4,-4.146086432259416e-05,0.12028322592369575,-0.10650183667928703,1.5595824908107383,0.15168961201501874,0.07183979974968713,0.08837379376425354,1.5452846741802668,0.9523809523809518
dopamine,5.0,6.0,SWV,0,0.15097895071587478,0.5801169870273405,3.235693204290695,-0.29467073265054067,0.09999999999999992,1.4,-1.4088541709815823e-05,0.3231046651012588,-0.2284356524141817,3.235693204290695,0.25506883604505626,0.06483103879849816,0.16483944557498226,3.2177865921174087,0.7619047619047621
dopamine,5.0,6.0,SWV,1,0.14863776026223408,0.5828809886973262,3.2184598224296144,-0.2938587559023421,0.09999999999999992,1.4,-0.000118371633119762,0.22491857424432826,-0.21099777306293266,3.2184598224296144,0.2620775969962452,0.06483103879849805,0.16559339415818053,3.203942597023969,0.9473684210526309
dopamine,5.0,6.0,SWV,2,0.14974184172507216,0.5798137241117477,3.217021018548956,-0.2808078101265715,0.09999999999999992,1.4,-7.880012946458936e-05,0.22612855959029377,-0.1560405856478852,3.217021018548956,0.2585732165206507,0.06483103879849805,0.16463671726079065,3.1983018074457914,0.8499999999999981
dopamine,5.0,6.0,SWV,3,0.1544116491477708,0.5834224249403177,3.2551316556271344,-0.2822780102530521,0.09999999999999992,1.4,-0.00027046319538467006,0.25631068137792723,-0.21903510629802347,3.2551316556271344,0.2620775969962452,0.0630788485607009,0.1627544708122214,3.233257476484415,0.894736842105265
dopamine,5.0,6.0,SWV,4,0.15243539243826823,0.5826794282569822,3.2073278956377056,-0.28820389234594607,0.09999999999999992,1.4,-0.00012399593650382317,0.18764686055984942,-0.22983512183773747,3.2073278956377056,0.2568210262828535,0.06483103879849805,0.16565489947755563,3.1918176179856763,0.7619047619047643
dopamine,5.0,6.0,SWV,5,0.15188434786005614,0.5811230759532159,3.242432499502067,-0.266490848830486,0.09999999999999992,1.4,4.618247865333446e-05,0.21729112504837367,-0.21009214675796906,3.242432499502067,0.2638297872340425,0.06483103879849816,0.1650893560354089,3.2223493882406875,0.7619047619047621
dopamine,5.0,6.0,SWV,6,0.1522134076209606,0.5794491741895266,3.296010570727541,-0.2733728100718189,0.09999999999999992,1.4,6.535654152655529e-06,0.18282119344532322,-0.1781139614193714,3.296010570727541,0.25506883604505626,0.06483103879849805,0.16470600325767584,3.2795378005460645,0.681818181818183
dopamine,5.0,6.0,SWV,7,0.14653760565978555,0.5772673479200617,3.22467971422102,-0.30771794835132193,0.09999999999999992,1.4,-0.00022546520287090952,0.2091104249810667,-0.20329450875978816,3.22467971422102,0.2585732165206507,0.06483103879849805,0.1644414564463239,3.2155335928772497,0.8499999999999981
dopamine,5.0,6.0,SWV,8,0.15234683349594713,0.5825161730125521,3.2496818362682567,-0.30865095441355095,0.09999999999999992,1.4,0.00019060558951750615,0.21472239849092234,-0.20630391256761316,3.2496818362682567,0.2568210262828535,0.0630788485607009,0.162385998537503,3.230272469916649,0.8000000000000006
dopamine,5.0,6.0,SWV,9,0.1529037131478529,0.5809822491968699,3.242357675865746,-0.3068299573764528,0.09999999999999992,1.4,-8.597920639851923e-05,0.2344004161932669,-0.19272514769683546,3.242357675865746,0.25506883604505626,0.06483103879849805,0.16439511693955666,3.2161731997835594,0.681818181818183
dopamine,5.0,6.5,SWV,0,0.15296843629267998,0.584648149270569,3.1168478606593406,-0.3176490512949583,0.09999999999999992,1.4,-1.6296048932033963e-05,0.2057614074601412,-0.22390505389017354,3.1168478606593406,0.22878598247809756,0.06833541927409259,0.17118848733308706,3.094022342172513,0.7727272727272753
dopamine,5.0,6.5,SWV,1,0.1507207499962699,0.5900059488108026,3.0736154992834748,-0.2940487822007923,0.09999999999999992,1.4,-0.00011641420683111437,0.1879048212800415,-0.22246000310700242,3.0736154992834748,0.232290362953692,0.0735919899874844,0.1811274153576523,3.0530538762245967,0.9090909090909081
dopamine,5.0,6.5,SWV,2,0.15178073585529409,0.5859579357260196,3.180815602898794,-0.31452733178415343,0.09999999999999992,1.4,-7.842313850270885e-05,0.1875884421682128,-0.15747392205524846,3.180815602898794,0.2270337922403003,0.07008760951188986,0.17475511319304288,3.1585911673973364,0.6666666666666675
dopamine,5.0,6.5,SWV,3,0.15626403713245063,0.5874305628230031,3.0978322931781386,-0.33392149996263887,0.09999999999999992,1.4,-0.0002624314263062898,0.17355009107391006,-0.2148758600886871,3.0978322931781386,0.24105131414267822,0.0735919899874844,0.18003978489710729,3.0662849979935025,0.680000000000001
dopamine,5.0,6.5,SWV,4,0.15436670959242504,0.5871425481590209,3.1215594558754898,-0.35313191765951135,0.09999999999999992,1.4,-0.00012181388271974138,0.20727629450357732,-0.2405450122253271,3.1215594558754898,0.23053817271589483,0.07183979974968713,0.17746015161702106,3.0971276281896123,0.8636363636363674
dopamine,5.0,6.5,SWV,5,0.15383767303103277,0.5883001170203231,3.115080819830703,-0.34434788423090607,0.09999999999999992,1.4,4.1567823838437774e-05,0.21172185588335118,-0.22159054636025638,3.115080819830703,0.22878598247809756,0.07183979974968713,0.17794648795775825,3.0889416961746408,0.7826086956521764
dopamine,5.0,6.5,SWV,6,0.15415359056526623,0.5873247545428287,3.1062358160563397,-0.33427387148157134,0.09999999999999992,1.4,3.504442882917708e-06,0.20639069405641441,-0.1908895289108406,3.1062358160563397,0.23404255319148926,0.0735919899874844,0.18061625051761576,3.0874481465927115,1.0
dopamine,5.0,6.5,SWV,7,0.14870447288693622,0.5823301543222142,3.0696052269796072,-0.3159593486141304,0.09999999999999992,1.4,-0.0002192305961551741,0.19359442616004752,-0.21506439734375593,3.0696052269796072,0.2375469336670838,0.07008760951188986,0.1735769300002441,3.0526838205218993,0.7391304347826059
dopamine,5.0,6.5,SWV,8,0.1542816875811785,0.5887889601826986,3.0974585420514638,-0.31791016345471124,0.09999999999999992,1.4,0.00018022286006990512,0.19705343761351246,-0.21795360940623182,3.0974585420514638,0.232290362953692,0.07183979974968713,0.17788867516807427,3.0737304505578957,0.9523809523809518
dopamine,5.0,6.5,SWV,9,0.1548163261708719,0.5864954674000977,3.110426518604484,-0.38699960289014806,0.09999999999999992,1.4,-8.531549227092761e-05,0.22053332088884425,-0.19332320572568096,3.110426518604484,0.23404255319148926,0.07183979974968713,0.17673178662980077,3.078481294893375,0.9523809523809518
dopamine,5.0,7.0,SWV,0,0.1548045547298075,0.596204088668304,3.3153590772834605,-0.30546233795825,0.09999999999999992,1.4,-1.4527229154265072e-05,0.2702268143665667,-0.2342443643952781,3.3153590772834605,0.2007509386733416,0.06658322903629543,0.17191174959161593,3.2974888175668395,0.8095238095238102
dopamine,5.0,7.0,SWV,1,0.15240413926664426,0.6008842677846071,3.353202644897928,-0.2898452151048485,0.09999999999999992,1.4,-0.00012144836612440466,0.23819301573696183,-0.1652829100276678,3.353202644897928,0.2007509386733416,0.06658322903629543,0.17341277615165276,3.343056784354148,0.8095238095238102
dopamine,5.0,7.0,SWV,2,0.15353615063798193,0.5937266231787822,3.3001740272445677,-0.23604792960537718,0.09999999999999992,1.4,-8.087582358443954e-05,0.27303979627995834,-0.16710051704161133,3.3001740272445677,0.20250312891113886,0.06658322903629543,0.17130219409582115,3.285239231229755,0.9000000000000019
dopamine,5.0,7.0,SWV,3,0.15832409000874473,0.5956279413538933,3.3218973679821904,-0.25736470050699345,0.09999999999999992,1.4,-0.000277387383093149,0.21722121655752424,-0.224601586520153,3.3218973679821904,0.2007509386733416,0.06658322903629543,0.17147588906895117,3.2997526194487845,0.8095238095238102
dopamine,5.0,7.0,SWV,4,0.15629784000533595,0.5931902250761906,3.3093654970047983,-0.2733346566139057,0.09999999999999992,1.4,-0.00012721494730605338,0.2056434681021786,-0.1845967865274308,3.3093654970047983,0.20250312891113886,0.0683354192740927,0.17386800280049922,3.2914776183596817,0.8571428571428584
dopamine,5.0,7.0,SWV,5,0.15573285567252537,0.5984546318664701,3.3629423873168567,-0.24539473335768652,0.09999999999999992,1.4,4.7268465012929234e-05,0.2470197756279171,-0.1643543741270956,3.3629423873168567,0.20250312891113886,0.06658322903629543,0.1726981336969132,3.3447924150626247,0.9000000000000019
dopamine,5.0,7.0,SWV,6,0.1560702396462007,0.5975871852026148,3.348540749355224,-0.24737004212084673,0.09999999999999992,1.4,6.618696238775458e-06,0.248378522283495,-0.17065922429439007,3.348540749355224,0.19899874843554433,0.0630788485607009,0.1670318190989615,3.336793100977957,0.7142857142857139
dopamine,5.0,7.0,SWV,7,0.1502508571298102,0.5918024104712336,3.281403072806924,-0.2933908910152918,0.09999999999999992,1.4,-0.00023125107800384364,0.24764250730475623,-0.18503087911999527,3.281403072806924,0.19899874843554433,0.06483103879849816,0.16824894233422932,3.2736873071648787,0.7619047619047621
dopamine,5.0,7.0,SWV,8,0.15620704079068068,0.5987577383136945,3.4075730018905843,-0.24614666063676627,0.09999999999999992,1.4,0.00019534504204552102,0.26135394373735343,-0.1826302021911699,3.4075730018905843,0.20425531914893613,0.06658322903629543,0.17238031451369892,3.3892556294272422,0.9999999999999967
dopamine,5.0,7.0,SWV,9,0.1567780078068313,0.5948218678950985,3.352199153108821,-0.31725797116148824,0.09999999999999992,1.4,-8.823650936574491e-05,0.2670817028738456,-0.16912881740360686,3.352199153108821,0.2007509386733416,0.06658322903629543,0.17142053975242624,3.3306513109309996,0.8095238095238102
dopamine,5.0,7.5,SWV,0,0.15671658200509708,0.6060656735497401,3.416854172214402,-0.33593924665172836,0.09999999999999992,1.4,-1.4726753288652819e-05,0.21759728425580274,-0.27800220995173663,3.416854172214402,0.17622027534418017,0.06132665832290363,0.16614074662314865,3.3939641396954965,0.9444444444444472
dopamine,5.0,7.5,SWV,1,0.1542853267128119,0.6073092138927549,3.380805574118405,-0.36107131967650463,0.09999999999999992,1.4,-0.0001230215814569538,0.17952543640825414,-0.236215812725877,3.380805574118405,0.17622027534418017,0.06658322903629532,0.1755117702620112,3.362287498786931,0.8999999999999987
dopamine,5.0,7.5,SWV,2,0.15543188183200982,0.599967073211592,3.4417606449433746,-0.3449142753630194,0.09999999999999992,1.4,-8.192777486992008e-05,0.21413196790135058,-0.23498325228500583,3.4417606449433746,0.17271589486858563,0.0630788485607009,0.1679111406200276,3.4222021957772863,0.7142857142857139
dopamine,5.0,7.5,SWV,3,0.160281335234117,0.6013151684868961,3.331214843965487,-0.3238447171543878,0.09999999999999992,1.4,-0.00028096405687301853,0.19081236731987522,-0.2274561721671791,3.331214843965487,0.17797246558197743,0.06658322903629532,0.1732771059155385,3.300177046334569,1.0
dopamine,5.0,7.5,SWV,4,0.15822905256893674,0.5983087751751465,3.2648444216840042,-0.3614653236221309,0.09999999999999992,1.4,-0.00012886224997097923,0.2213776201486466,-0.20904669528153286,3.2648444216840042,0.1744680851063829,0.06483103879849805,0.16981676577330385,3.2424715240390736,0.8499999999999981
dopamine,5.0,7.5,SWV,5,0.157656809484236,0.6051437893216488,3.413935827970809,-0.3371943927218757,0.09999999999999992,1.4,4.786287371134942e-05,0.2240448025845303,-0.26861262137807385,3.413935827970809,0.1744680851063829,0.0630788485607009,0.16883185844690218,3.390082676519765,0.8000000000000006
dopamine,5.0,7.5,SWV,6,0.15799852806758874,0.6025458437498551,3.2941117733495875,-0.3224969115851453,0.09999999999999992,1.4,6.6908487102722985e-06,0.19472186885034962,-0.26559686978749364,3.2941117733495875,0.18147684605757186,0.06483103879849816,0.17172621016304151,3.2765358602501995,0.8500000000000013
dopamine,5.0,7.5,SWV,7,0.15210437984286387,0.5993229898428517,3.3806734660052364,-0.374974867867893,0.09999999999999992,1.4,-0.00023423500615817318,0.20767176834237627,-0.18078381437630597,3.3806734660052364,0.17797246558197743,0.0630788485607009,0.1678799746098628,3.3682633144070038,0.9999999999999964
dopamine,5.0,7.5,SWV,8,0.15813708679278105,0.6058423905139277,3.3691056676916897,-0.3198055213515353,0.09999999999999992,1.4,0.00019784189488443322,0.19785220726077868,-0.2775361451659901,3.3691056676916897,0.18147684605757186,0.0630788485607009,0.16912462140201362,3.346482220532413,0.8000000000000006
dopamine,5.0,7.5,SWV,9,0.1587153894245709,0.5995331536685685,3.3411983127795506,-0.36747325572088235,0.09999999999999992,1.4,-8.938302856882247e-05,0.1989321805365749,-0.24948620619588335,3.3411983127795506,0.17622027534418017,0.0630788485607009,0.1674951691081339,3.312555492703984,0.894736842105265
dopamine,5.0,8.0,SWV,0,0.15871303393158398,0.6125931656078107,3.223077912741912,-0.3566707789699158,0.09999999999999992,1.4,-1.7114670292793373e-05,0.2180866034116855,-0.23201757729467462,3.223077912741912,0.1534418022528159,0.07183979974968713,0.18511087895540662,3.2013621803616843,0.8636363636363674
dopamine,5.0,8.0,SWV,1,0.15638645463935874,0.6120503401399483,3.2080064464041627,-0.32669024564758,0.09999999999999992,1.4,-0.00012074694020330734,0.19729572842636,-0.18712226184448613,3.2080064464041627,0.14643304130162693,0.07534418022528155,0.19010915666199377,3.187902154639696,0.7916666666666665
dopamine,5.0,8.0,SWV,2,0.15748364562797498,0.6068730829976995,3.3094083376068637,-0.33312589219986305,0.09999999999999992,1.4,-8.142239878329002e-05,0.2276394938519447,-0.20947075389243874,3.3094083376068637,0.15168961201501874,0.07008760951188986,0.18093974210835995,3.2904391235053407,0.9047619047619037
dopamine,5.0,8.0,SWV,3,0.16212430919784176,0.6098829554666545,3.2229925063550118,-0.3230787801611168,0.09999999999999992,1.4,-0.00027188931255385675,0.1964340676880634,-0.22267140854010536,3.2229925063550118,0.14643304130162693,0.07183979974968713,0.18405293895670524,3.1971784251694193,0.7826086956521715
dopamine,5.0,8.0,SWV,4,0.1601603861307116,0.6065608801272894,3.2063836141863105,-0.36015066246863486,0.09999999999999992,1.4,-0.00012633614281012576,0.21478267539568588,-0.16670776122381903,3.2063836141863105,0.1534418022528159,0.07183979974968713,0.1832526099263947,3.1809060352656675,0.8636363636363674
dopamine,5.0,8.0,SWV,5,0.15961278057270686,0.6116269653401101,3.22950946585928,-0.32407762962710684,0.09999999999999992,1.4,4.2780203992266865e-05,0.21940386901953873,-0.2230762627249605,3.22950946585928,0.1481852315394242,0.07183979974968713,0.1851023614971513,3.2069019859785706,0.8636363636363621
dopamine,5.0,8.0,SWV,6,0.15993978670090736,0.6080359943494886,3.2082892808534624,-0.33656315384243873,0.09999999999999992,1.4,3.3808117974423733e-06,0.21808907561821844,-0.21523833799665165,3.2082892808534624,0.15168961201501874,0.0735919899874844,0.18651120327309803,3.1901935147431812,0.9090909090909081
dopamine,5.0,8.0,SWV,7,0.15429940691501412,0.6075599955826947,3.193914752622863,-0.3420874327407315,0.09999999999999992,1.4,-0.00022717214850963356,0.23253622764580817,-0.1585122138052156,3.193914752622863,0.14468085106382977,0.07183979974968702,0.18426872108248035,3.1807649557483306,0.6400000000000021
dopamine,5.0,8.0,SWV,8,0.16007237987687387,0.6121359245318095,3.2350105788369303,-0.32563648108342785,0.09999999999999992,1.4,0.0001863019830653053,0.24172252612766343,-0.22666357620504884,3.2350105788369303,0.1481852315394242,0.07359198998748429,0.1877177408202878,3.212629589910814,0.8260869565217395
dopamine,5.0,8.0,SWV,9,0.1606257840923962,0.6063327002066625,3.2287528228013556,-0.2744126290650772,0.09999999999999992,1.4,-8.85566717365216e-05,0.24912494953380868,-0.22053528809646494,3.2287528228013556,0.15168961201501874,0.07183979974968713,0.18304567748498862,3.2006963397197428,0.9523809523809518
dopamine,10.0,6.0,SWV,0,0.23385649543930692,0.9024693142940219,5.032515544362197,-0.4595744032416972,0.09999999999999992,1.4,-2.332067166073138e-05,0.5025797219285228,-0.355311111973401,5.032515544362197,0.25506883604505626,0.06483103879849816,0.2564109990893098,5.005332369005228,0.7619047619047621
dopamine,10.0,6.0,SWV,1,0.23021520554304278,0.9067682272220084,5.005719005177366,-0.45798368431749426,0.09999999999999992,1.4,-0.0001855137843618879,0.34986761772017894,-0.3282063501132064,5.005719005177366,0.2620775969962452,0.06483103879849805,0.25762105736891483,4.984382506640038,0.9473684210526309
dopamine,10.0,6.0,SWV,2,0.23193240060038342,0.9019971112677408,5.003482784877833,-0.43768608529644903,0.09999999999999992,1.4,-0.0001239676097584982,0.3517512779516576,-0.24271853722528886,5.003482784877833,0.2585732165206507,0.06483103879849805,0.2561083926619551,4.975229415568285,0.8499999999999981
dopamine,10.0,6.0,SWV,3,0.23919542465693946,0.9076098403178238,5.062755277255087,-0.4399727104010897,0.09999999999999992,1.4,-0.00042206415476042853,0.39869224980009266,-0.34069029754423813,5.062755277255087,0.2620775969962452,0.0630788485607009,0.25318804382463844,5.029722291835771,0.894736842105265
dopamine,10.0,6.0,SWV,4,0.23612172188425581,0.9064524297813494,4.9884039825474265,-0.44919068899135023,0.09999999999999992,1.4,-0.00019426135082067778,0.2918746986611236,-0.3575043714080719,4.9884039825474265,0.2568210262828535,0.06483103879849805,0.2576850883541876,4.965035103263453,0.7619047619047643
dopamine,10.0,6.0,SWV,5,0.23526467368814913,0.9040320568789484,5.042999661639459,-0.41542227927796493,0.09999999999999992,1.4,7.041978296336422e-05,0.33799036914192215,-0.32679781544703834,5.042999661639459,0.2638297872340425,0.06483103879849816,0.2568203357905274,5.012749818630914,0.7619047619047621
dopamine,10.0,6.0,SWV,6,0.23577646544809988,0.9014292953457631,5.12632808175496,-0.426122314166256,0.09999999999999992,1.4,8.756460678419445e-06,0.2843737979996529,-0.2770616468268299,5.12632808175496,0.25506883604505626,0.06483103879849805,0.25623237294030915,5.101818805528845,0.681818181818183
dopamine,10.0,6.0,SWV,7,0.2269488024520015,0.8980357926559858,5.015394473278015,-0.4795398414795383,0.09999999999999992,1.4,-0.0003520780777038922,0.32526455604788884,-0.3162253434284781,5.015394473278015,0.2585732165206507,0.06483103879849805,0.2558222269148278,5.002300619383612,0.8499999999999981
dopamine,10.0,6.0,SWV,8,0.2359839847849967,0.906199736113368,5.054277724619614,-0.4809902205429593,0.09999999999999992,1.4,0.00029504329172530454,0.33400934711529295,-0.320905915939002,5.054277724619614,0.2568210262828535,0.0630788485607009,0.25261873585806083,5.025138268462142,0.8000000000000006
dopamine,10.0,6.0,SWV,9,0.23685010836190007,0.9038141859456738,5.0428809005733655,-0.4781579955516088,0.09999999999999992,1.4,-0.00013513333968165364,0.36461487385773617,-0.29976948317717467,5.0428809005733655,0.25506883604505626,0.06483103879849805,0.2557473152400425,5.003243236166309,0.681818181818183
dopamine,10.0,6.5,SWV,0,0.23695126007323883,0.9095102332684142,4.847610531203413,-0.4950211936117826,0.09999999999999992,1.4,-2.675481278006292e-05,0.3200430583766357,-0.34826261303897377,4.847610531203413,0.22878598247809756,0.06833541927409259,0.26629879218693125,4.812977802194815,0.7727272727272753
dopamine,10.0,6.5,SWV,1,0.23345543601184826,0.917843005855388,4.780376928821645,-0.45830987957132063,0.09999999999999992,1.4,-0.00018246847528034037,0.2922850971287183,-0.3460362015547195,4.780376928821645,0.232290362953692,0.0735919899874844,0.2817517889964666,4.749162576403408,0.9090909090909081
dopamine,10.0,6.5,SWV,2,0.23510403086987128,0.911546675122054,4.947092591513652,-0.49017323838052995,0.09999999999999992,1.4,-0.00012338100787330437,0.2917931902921027,-0.2449443454105107,4.947092591513652,0.2270337922403003,0.07008760951188986,0.27185693164759767,4.913538075646724,0.6666666666666675
dopamine,10.0,6.5,SWV,3,0.24207690448848024,0.9138373457778683,4.818055209012512,-0.5203199768840284,0.09999999999999992,1.4,-0.0004095688985173044,0.26995814538077323,-0.33421951771609515,4.818055209012512,0.24105131414267822,0.0735919899874844,0.2800718166997301,4.769912725529454,0.680000000000001
dopamine,10.0,6.5,SWV,4,0.23912599302127327,0.9133876160333513,4.854942642647964,-0.5502018161324274,0.09999999999999992,1.4,-0.00019086658533925654,0.3224087664987123,-0.3741637966409562,4.854942642647964,0.23053817271589483,0.07183979974968713,0.27606500854082583,4.817954121408898,0.8636363636363674
dopamine,10.0,6.5,SWV,5,0.23830318303056233,0.9151879499485398,4.84486225451726,-0.5365510831166015,0.09999999999999992,1.4,6.324080584311217e-05,0.3293155314429802,-0.3446839364185801,4.84486225451726,0.22878598247809756,0.07183979974968713,0.2768094593226354,4.8050520687512215,0.7826086956521764
dopamine,10.0,6.5,SWV,6,0.2387945292292522,0.9136715356276012,4.831110069113485,-0.5208857808520495,0.09999999999999992,1.4,4.040870685476788e-06,0.32103574509381416,-0.296934677244712,4.831110069113485,0.23404255319148926,0.0735919899874844,0.28099406597601695,4.803161472521246,1.0
dopamine,10.0,6.5,SWV,7,0.23031952240838094,0.9059036183831154,4.7741283671540735,-0.4923970451164279,0.09999999999999992,1.4,-0.0003423786941922958,0.30112937148861696,-0.33453382392443887,4.7741283671540735,0.2375469336670838,0.07008760951188986,0.2700092077438311,4.7486059557642655,0.7391304347826059
dopamine,10.0,6.5,SWV,8,0.23899375837930475,0.9159492679523314,4.817459987404252,-0.49542943003311823,0.09999999999999992,1.4,0.0002788908334582202,0.3065139777236445,-0.3390274123146848,4.817459987404252,0.232290362953692,0.07183979974968713,0.2767261289630494,4.781491350899441,0.9523809523809518
dopamine,10.0,6.5,SWV,9,0.23982528119856258,0.9123824362443881,4.837627864245899,-0.6028761902752764,0.09999999999999992,1.4,-0.00013410067822100324,0.3430321672166132,-0.3007188514710435,4.837627864245899,0.23404255319148926,0.07183979974968713,0.27493067768972146,4.7889328089060905,0.9523809523809518
dopamine,10.0,7.0,SWV,0,0.23980746673187395,0.927475787932177,5.15637092772701,-0.4760812780594203,0.09999999999999992,1.4,-2.4003896895436785e-05,0.4203439132277156,-0.3643438101755701,5.15637092772701,0.2007509386733416,0.06658322903629543,0.26742962783113355,5.129576934805382,0.8095238095238102
dopamine,10.0,7.0,SWV,1,0.23607409997886553,0.9347548341855532,5.215229037631407,-0.4518554614547662,0.09999999999999992,1.4,-0.0001902983672002325,0.3705212470017252,-0.2570933710032677,5.215229037631407,0.2007509386733416,0.06658322903629543,0.2697453573236291,5.200166188693017,0.8095238095238102
dopamine,10.0,7.0,SWV,2,0.2378347175397148,0.9236222146203251,5.132758902513578,-0.3682029050831797,0.09999999999999992,1.4,-0.00012719588193123857,0.42471894468099225,-0.25991586115939924,5.132758902513578,0.20250312891113886,0.06658322903629543,0.2664894438904695,5.110648452755271,0.9000000000000019
dopamine,10.0,7.0,SWV,3,0.2452814008062316,0.9265796448199018,5.16653993283914,-0.4018397485934591,0.09999999999999992,1.4,-0.00043283035817513223,0.3379042940782726,-0.34934639540387125,5.16653993283914,0.2007509386733416,0.06658322903629543,0.2667427421210047,5.132962781404665,0.8095238095238102
dopamine,10.0,7.0,SWV,4,0.2421299736836781,0.9227865467441194,5.147054397664617,-0.42641826863252036,0.09999999999999992,1.4,-0.00019926713231297033,0.31989692765784583,-0.2871322478154111,5.147054397664617,0.20250312891113886,0.0683354192740927,0.2704827239930425,5.120371341807425,0.8571428571428584
dopamine,10.0,7.0,SWV,5,0.24125125341360196,0.9309739612904664,5.230382548182789,-0.3826395325957733,0.09999999999999992,1.4,7.210696125528163e-05,0.3842495088044775,-0.2556492188915317,5.230382548182789,0.20250312891113886,0.06658322903629543,0.26865808996674595,5.203234600947664,0.9000000000000019
dopamine,10.0,7.0,SWV,6,0.24177598678982234,0.9296253848131999,5.207970290747211,-0.38570039854067706,0.09999999999999992,1.4,8.884366005493076e-06,0.3863627678079884,-0.2654515169041183,5.207970290747211,0.19899874843554433,0.0630788485607009,0.2598474172250126,5.1908513618497345,0.7142857142857139
dopamine,10.0,7.0,SWV,7,0.23272509974833494,0.9206284614048348,5.1035510461013915,-0.45729790676241644,0.09999999999999992,1.4,-0.00036107455166150426,0.38521804353275013,-0.2877985490428978,5.1035510461013915,0.19899874843554433,0.06483103879849816,0.2617213196277102,5.09238964725565,0.7619047619047621
dopamine,10.0,7.0,SWV,8,0.24198875364306627,0.9314464764242406,5.299799117667184,-0.38439808436739076,0.09999999999999992,1.4,0.00030241049748740297,0.40654393538254874,-0.28406491703604597,5.299799117667184,0.20425531914893613,0.06658322903629543,0.2681551494840763,5.27226110706392,0.9999999999999967
dopamine,10.0,7.0,SWV,9,0.24287677878199446,0.9253253423788116,5.213668306608024,-0.49442702924601656,0.09999999999999992,1.4,-0.00013864395831508932,0.41545232055902137,-0.2630709859327437,5.213668306608024,0.2007509386733416,0.06658322903629543,0.2666727711803268,5.181261534636992,0.8095238095238102
dopamine,10.0,7.5,SWV,0,0.24278175062020613,0.9428046406459198,5.314201768109235,-0.523562848316655,0.09999999999999992,1.4,-2.4314766709280304e-05,0.33845092182597314,-0.43242454569348476,5.314201768109235,0.17622027534418017,0.06132665832290363,0.25843291007444796,5.279337461235769,0.9444444444444472
dopamine,10.0,7.5,SWV,1,0.23900044169632736,0.944738961845217,5.258135716096411,-0.5626539659684626,0.09999999999999992,1.4,-0.00019274471376672342,0.2792368102365844,-0.3674345476343448,5.258135716096411,0.17622027534418017,0.06658322903629532,0.2730288394043951,5.230365302530228,0.8999999999999987
dopamine,10.0,7.5,SWV,2,0.24078366829441403,0.9333193454288268,5.352928423896194,-0.5375216276623546,0.09999999999999992,1.4,-0.00012883189553789337,0.33307616310203336,-0.36551739568778485,5.352928423896194,0.17271589486858563,0.0630788485607009,0.26120737477057426,5.323568078640013,0.7142857142857139
dopamine,10.0,7.5,SWV,3,0.24832597842675994,0.935416404705319,5.1810085173344,-0.5047604595868053,0.09999999999999992,1.4,-0.0004383911885097877,0.29679904747505453,-0.3537851202481304,5.1810085173344,0.17797246558197743,0.06658322903629532,0.2695345587256715,5.133485025578249,1.0
dopamine,10.0,7.5,SWV,4,0.24513408213318982,0.930738856134226,5.077778758184369,-0.5632714417159183,0.09999999999999992,1.4,-0.00020182865161709308,0.3443401466974607,-0.3251785078864373,5.077778758184369,0.1744680851063829,0.06483103879849805,0.26417346704658345,5.044061365338232,0.8499999999999981
dopamine,10.0,7.5,SWV,5,0.24424407774341098,0.9413689745006572,5.309659246775942,-0.5255096013095615,0.09999999999999992,1.4,7.303030267457045e-05,0.34848088164221236,-0.4178208431536037,5.309659246775942,0.1744680851063829,0.0630788485607009,0.26263537521090186,5.273556239549038,0.8000000000000006
dopamine,10.0,7.5,SWV,6,0.2447755495032,0.9373290634604059,5.123295733836429,-0.5026631242184486,0.09999999999999992,1.4,8.99583206807067e-06,0.3028742232930657,-0.41313063459510957,5.123295733836429,0.18147684605757186,0.06483103879849816,0.26714911939111713,5.097127263122412,0.8500000000000013
dopamine,10.0,7.5,SWV,7,0.23560843515221452,0.9323164728152816,5.257931055858058,-0.5842721936369035,0.09999999999999992,1.4,-0.0003657139270830986,0.32302757481554456,-0.2812216720499561,5.257931055858058,0.17797246558197743,0.0630788485607009,0.2611364291419141,5.239332116793888,0.9999999999999964
dopamine,10.0,7.5,SWV,8,0.24499104861006604,0.9424565776260285,5.239933045768273,-0.4984758098273564,0.09999999999999992,1.4,0.0003062912905091072,0.3077424097863974,-0.4316996794324046,5.239933045768273,0.18147684605757186,0.0630788485607009,0.2630753075295586,5.205498460007082,0.8000000000000006
dopamine,10.0,7.5,SWV,9,0.2458904773575236,0.9326442817960264,5.196534907976322,-0.5726093175670184,0.09999999999999992,1.4,-0.00014042698282917563,0.30943659226885223,-0.3880737060924644,5.196534907976322,0.17622027534418017,0.0630788485607009,0.2605669561856109,5.153149373619547,0.894736842105265
dopamine,10.0,8.0,SWV,0,0.24588736309476872,0.9529473281699113,5.012734931298893,-0.5558522337019467,0.09999999999999992,1.4,-2.8029838248742055e-05,0.33922343916573383,-0.3608760564295279,5.012734931298893,0.1534418022528159,0.07183979974968713,0.2879387310907284,4.979713487823937,0.8636363636363674
dopamine,10.0,8.0,SWV,1,0.24226891657077368,0.9521034248572345,4.989294151275022,-0.5092162954991392,0.09999999999999992,1.4,-0.00018920544403381895,0.30688700440314587,-0.29106629950785995,4.989294151275022,0.14643304130162693,0.07534418022528155,0.2957027937229148,4.958638849423027,0.7916666666666665
dopamine,10.0,8.0,SWV,2,0.2439753389274859,0.9440507856570923,5.1470060724503215,-0.5192288665121335,0.09999999999999992,1.4,-0.0001280453749639769,0.3540831330582188,-0.3258110866626449,5.1470060724503215,0.15168961201501874,0.07008760951188986,0.2814808401182067,5.118684053073658,0.9047619047619037
dopamine,10.0,8.0,SWV,3,0.2511927989210177,0.9487322442853139,5.012601440529568,-0.5035675017761363,0.09999999999999992,1.4,-0.0004242718325673202,0.30556435584544483,-0.3463402905711904,5.012601440529568,0.14643304130162693,0.07183979974968713,0.2863044642856641,4.973360627948895,0.7826086956521715
dopamine,10.0,8.0,SWV,4,0.2481383788032946,0.943563864641643,4.986770878932006,-0.561232876978029,0.09999999999999992,1.4,-0.00019789813325878162,0.3340767361787087,-0.2592996040805226,4.986770878932006,0.1534418022528159,0.07183979974968713,0.28506687448553014,4.948152715806753,0.8636363636363674
dopamine,10.0,8.0,SWV,5,0.24728670723787485,0.9514428505904436,5.022741902671591,-0.505152986163667,0.09999999999999992,1.4,6.512254232394432e-05,0.3412598339782751,-0.34698555702249656,5.022741902671591,0.1481852315394242,0.07183979974968713,0.2879465461250986,4.988626735049032,0.8636363636363621
dopamine,10.0,8.0,SWV,6,0.24779528830874833,0.9458585548400421,4.989739178241421,-0.5245712805876726,0.09999999999999992,1.4,3.846060490168418e-06,0.33922104278360854,-0.3347942387881409,4.989739178241421,0.15168961201501874,0.0735919899874844,0.290127560736789,4.962491662022464,0.9090909090909081
dopamine,10.0,8.0,SWV,7,0.2390230050263862,0.9451179815967871,4.967369790546257,-0.5331664337070741,0.09999999999999992,1.4,-0.0003547248081699791,0.3617106518143357,-0.24655956426247527,4.967369790546257,0.14468085106382977,0.07183979974968702,0.28664418748577614,4.947880342478326,0.6400000000000021
dopamine,10.0,8.0,SWV,8,0.2480015057878967,0.9522354503228508,5.0312975892104514,-0.5075856873232133,0.09999999999999992,1.4,0.0002883368915360529,0.37598355418904195,-0.35256350786877894,5.0312975892104514,0.1481852315394242,0.07359198998748429,0.2920258715765488,4.997678660043074,0.8260869565217395
dopamine,10.0,8.0,SWV,9,0.2488621958003595,0.9432101639120842,5.021565401606093,-0.427910766546038,0.09999999999999992,1.4,-0.0001391410574774074,0.3875105045224485,-0.3430156618408413,5.021565401606093,0.15168961201501874,0.07183979974968713,0.2847218698524365,4.978613837917454,0.9523809523809518
uric_acid,0.1,6.0,SWV,0,0.0076382848784913035,0.017084763329218555,0.08317105154786254,-0.007257133506324936,0.09999999999999992,1.4,2.42616736018323e-06,0.0057922398503443,-0.006339088868547965,0.08317105154786254,0.40225281602002483,0.08936170212765959,0.005700012427511411,0.08055958001670376,0.9615384615384562
uric_acid,0.1,6.0,SWV,1,0.007566364734590083,0.017105114430841287,0.08459885715502101,-0.0061955575254214355,0.09999999999999992,1.4,-7.773545613265693e-07,0.0046359471034325755,-0.00450667369401099,0.08459885715502101,0.4005006257822278,0.09111389236545686,0.00576368287952687,0.08203308818286921,0.8571428571428598
uric_acid,0.1,6.0,SWV,2,0.007600281538565814,0.017074277645892207,0.0840366033019965,-0.004686128397472374,0.09999999999999992,1.4,4.3826129463338227e-07,0.00390692149766614,-0.004857513107189883,0.0840366033019965,0.3987484355444304,0.08936170212765959,0.005710035805431457,0.08150203390824892,0.7586206896551698
uric_acid,0.1,6.0,SWV,3,0.007743735575510653,0.017115949283444443,0.0830867647946429,-0.005661072366273336,0.09999999999999992,1.4,-5.4495276548241595e-06,0.005953189299182628,-0.006915581407161468,0.0830867647946429,0.41276595744680844,0.0946182728410514,0.0059293722164014,0.08033982809605306,0.7419354838709686
uric_acid,0.1,6.0,SWV,4,0.007683026004996152,0.017134261222219924,0.08338229212342968,-0.0052789840555936204,0.09999999999999992,1.4,-9.501302140278527e-07,0.004989910272519979,-0.004956741674361848,0.08338229212342968,0.40750938673341663,0.09812265331664571,0.0060984046508582215,0.08081988714143315,1.0
uric_acid,0.1,6.0,SWV,5,0.007666098204312795,0.017019357425234583,0.08315806086121491,-0.005250899767003282,0.09999999999999992,1.4,4.277661522416139e-06,0.006211198460969545,-0.004351206175569854,0.08315806086121491,0.40750938673341663,0.09637046307884867,0.005975162481551264,0.08045231037876391,0.896551724137934
uric_acid,0.1,6.0,SWV,6,0.007676206747733323,0.017077845336382257,0.08335838773903348,-0.004544106219329719,0.09999999999999992,1.4,3.0597318495519838e-06,0.005594147445682248,-0.004388046337052957,0.08335838773903348,0.3987484355444304,0.09111389236545686,0.005804405126033202,0.08090699345950444,0.7931034482758598
uric_acid,0.1,6.0,SWV,7,0.007501849085729468,0.017088882479353456,0.08299285211758718,-0.005230202981610923,0.09999999999999992,1.4,-4.067212904726364e-06,0.003917351491265656,-0.004150474536598648,0.08299285211758718,0.4005006257822278,0.09111389236545686,0.005800429025535163,0.08053280099724322,0.8571428571428598
uric_acid,0.1,6.0,SWV,8,0.0076803055206948545,0.017012874252017397,0.0827710181877854,-0.0050205536318550055,0.09999999999999992,1.4,8.714263807318116e-06,0.005128270529048415,-0.004769765104900321,0.0827710181877854,0.40575719649561937,0.08936170212765959,0.005665960619921256,0.08012551642121078,0.9615384615384659
uric_acid,0.1,6.0,SWV,9,0.007697412571784371,0.017150755121906707,0.08381094036211661,-0.004621249750315814,0.09999999999999992,1.4,2.1772381321522298e-07,0.005124178469850409,-0.004779219544506712,0.08381094036211661,0.3987484355444304,0.09111389236545686,0.005798439285680291,0.08118479647499502,0.7931034482758598
uric_acid,0.1,6.5,SWV,0,0.00769212387285852,0.017270795398439336,0.08251190955081272,-0.007242331283107225,0.09999999999999992,1.4,2.4167936201883e-06,0.0058338383120284994,-0.006365118443218994,0.08251190955081272,0.38648310387984974,0.09637046307884856,0.006109539703492334,0.07987098696430316,0.6666666666666647
uric_acid,0.1,6.5,SWV,1,0.007620075792770484,0.017293303706951788,0.0826351889827163,-0.0062249300192272995,0.09999999999999992,1.4,-7.92426932564288e-07,0.005041292006516311,-0.004865793223986368,0.0826351889827163,0.3829787234042552,0.09637046307884856,0.0061294951849329374,0.08005393553024195,0.8333333333333334
uric_acid,0.1,6.5,SWV,2,0.007654052930142874,0.01721511698738796,0.08065147387763037,-0.004711831244390209,0.09999999999999992,1.4,4.253513392197942e-07,0.003928604586819564,-0.004302603479434359,0.08065147387763037,0.38122653316645794,0.09812265331664582,0.006170856126860271,0.07807885803898412,0.8666666666666671
uric_acid,0.1,6.5,SWV,3,0.007797762152373429,0.017256878242490416,0.08448078707563927,-0.005687973888477804,0.09999999999999992,1.4,-5.47291118865565e-06,0.004667262289004787,-0.007858786399945136,0.08448078707563927,0.38122653316645794,0.09461827284105129,0.00602955985958874,0.0817114357576873,0.8620689655172418
uric_acid,0.1,6.5,SWV,4,0.007736944587762508,0.01725523263527131,0.08356966112689672,-0.005307219648148101,0.09999999999999992,1.4,-9.655099297309907e-07,0.004535571490866242,-0.004780754456097019,0.08356966112689672,0.3847309136420525,0.09637046307884856,0.006104342767450755,0.08099000747802204,0.7741935483870961
uric_acid,0.1,6.5,SWV,5,0.0077199866748163945,0.01715130237091905,0.08214485176640243,-0.004292289793700548,0.09999999999999992,1.4,4.271581339555328e-06,0.005972096200867996,-0.005289849492432119,0.08214485176640243,0.3829787234042552,0.09637046307884856,0.006057639882084076,0.07931969542551918,0.7741935483870961
uric_acid,0.1,6.5,SWV,6,0.007730113199965399,0.017239661604358646,0.08395047065975937,-0.004570180108718244,0.09999999999999992,1.4,3.0514851349004066e-06,0.006536586799310793,-0.004870375616357326,0.08395047065975937,0.38122653316645794,0.09461827284105129,0.006045085593574245,0.08146747823013496,0.8620689655172418
uric_acid,0.1,6.5,SWV,7,0.007555445379316008,0.017196555628308914,0.0816625936946062,-0.00525615780277719,0.09999999999999992,1.4,-4.088137487998033e-06,0.003924320962094788,-0.004654665375214331,0.0816625936946062,0.3847309136420525,0.09637046307884856,0.006089064393407104,0.07921525327793054,0.7187499999999987
uric_acid,0.1,6.5,SWV,8,0.007734219264088417,0.017237075897814175,0.08267125733567093,-0.005046351464618969,0.09999999999999992,1.4,8.716075738515554e-06,0.0051521261989455995,-0.005080757991724753,0.08267125733567093,0.38122653316645794,0.09461827284105129,0.006025619201447548,0.0799537149659154,0.7999999999999996
uric_acid,0.1,6.5,SWV,9,0.007751356746302864,0.017326196970610695,0.08336872003036652,-0.004648209885421648,0.09999999999999992,1.4,2.0442155151734632e-07,0.006101640319180363,-0.005718624239132688,0.08336872003036652,0.38122653316645794,0.09812265331664582,0.006212413191920199,0.0808270599261036,0.931034482758622
uric_acid,0.1,7.0,SWV,0,0.007745840594881928,0.017466807334936045,0.0811158752699957,-0.006495091254024944,0.09999999999999992,1.4,2.410585590515166e-06,0.006003712116643134,-0.006402986537332046,0.0811158752699957,0.3409261576971213,0.09812265331664571,0.006282234520175407,0.07849839794348272,0.5135135135135137
uric_acid,0.1,7.0,SWV,1,0.0076734685425729875,0.0174824435608601,0.08369745984371951,-0.006270570365576882,0.09999999999999992,1.4,-8.130655800771296e-07,0.005645609841524835,-0.00499731938044793,0.08369745984371951,0.3409261576971213,0.09637046307884845,0.006228529308380346,0.08109523395011908,0.4864864864864863
uric_acid,0.1,7.0,SWV,2,0.007707598461929865,0.01737877836229605,0.08316027085296798,-0.004748871967307778,0.09999999999999992,1.4,4.101885674109569e-07,0.004156420075803458,-0.0041570505273788895,0.08316027085296798,0.34443053817271585,0.10337922403003752,0.006470804053498729,0.08058983596490883,0.6388888888888908
uric_acid,0.1,7.0,SWV,3,0.007851953888692632,0.01743437678110114,0.08338502586974632,-0.005728050011342888,0.09999999999999992,1.4,-5.514596155202723e-06,0.0053038540103519174,-0.00771466498486347,0.08338502586974632,0.3409261576971213,0.09812265331664571,0.006260352065521222,0.08068524203163653,0.5135135135135137
uric_acid,0.1,7.0,SWV,4,0.007790862851125141,0.017411146170855193,0.08284045475868283,-0.005350674016571985,0.09999999999999992,1.4,-9.869268642283582e-07,0.004565384294436177,-0.004593724634019497,0.08284045475868283,0.3426783479349186,0.10513141426783479,0.006540027814760203,0.08026652597216317,0.5789473684210537
uric_acid,0.1,7.0,SWV,5,0.007773828685033738,0.01731428680980995,0.08244122333242464,-0.00433069670667581,0.09999999999999992,1.4,4.273713569553345e-06,0.006008208631103548,-0.005134176566272519,0.08244122333242464,0.3409261576971213,0.09987484355444298,0.006284534610886486,0.07961713260898695,0.5405405405405411
uric_acid,0.1,7.0,SWV,6,0.007784000745231537,0.01738982030851698,0.08340986013882726,-0.004608160420787783,0.09999999999999992,1.4,3.0481310663509803e-06,0.007339458340308209,-0.005113036115971425,0.08340986013882726,0.33917396745932404,0.09637046307884845,0.0062179433700873905,0.08089717376629105,0.4864864864864863
uric_acid,0.1,7.0,SWV,7,0.007608547511262228,0.01732506379941283,0.08075465431116026,-0.005293836598931931,0.09999999999999992,1.4,-4.1235956652857835e-06,0.004367599966503311,-0.004801649601618944,0.08075465431116026,0.3426783479349186,0.09637046307884845,0.0061680565858889345,0.07826159448277316,0.5714285714285725
uric_acid,0.1,7.0,SWV,8,0.007788125272729449,0.017473738551322556,0.0816362980639038,-0.005083632719760376,0.09999999999999992,1.4,8.738193132857348e-06,0.0051844893239398095,-0.004924144862331796,0.0816362980639038,0.35494367959949924,0.09812265331664571,0.006269317434278294,0.0788998712053804,1.0
uric_acid,0.1,7.0,SWV,9,0.0078053398155424145,0.017500097138359143,0.08335285680165166,-0.0046884344334688546,0.09999999999999992,1.4,1.8826534429845428e-07,0.006374013930086991,-0.0055648793464027745,0.08335285680165166,0.3409261576971213,0.09637046307884845,0.006232445188486298,0.08068092571820729,0.5277777777777781
uric_acid,0.1,7.5,SWV,0,0.007798817957921041,0.0176402941622982,0.08642631698569125,-0.006428230807561421,0.09999999999999992,1.4,2.4235249162560127e-06,0.006621310571526815,-0.006512458257896011,0.08642631698569125,0.3216520650813516,0.09286608260325402,0.006042566779942457,0.08384764830072122,0.7666666666666658
uric_acid,0.1,7.5,SWV,1,0.0077249362369006735,0.017642917432305606,0.0862133575661188,-0.006416184203298855,0.09999999999999992,1.4,-8.673710698906672e-07,0.004762762251109504,-0.004690341693084504,0.0862133575661188,0.31814768460575715,0.09286608260325402,0.0060379869895628435,0.0836310368485049,0.6060606060606065
uric_acid,0.1,7.5,SWV,2,0.0077597781005749045,0.017532811133777255,0.08488410004189954,-0.004854488244948009,0.09999999999999992,1.4,3.8139995122022946e-07,0.004158516954055218,-0.004753206972129092,0.08488410004189954,0.33391739674593235,0.09637046307884856,0.006157644637980962,0.0823163893648949,0.8333333333333334
uric_acid,0.1,7.5,SWV,3,0.007907144757006528,0.017623971357016707,0.08575128372907066,-0.005847810860745154,0.09999999999999992,1.4,-5.666974773781446e-06,0.00479845419379697,-0.007122977388290187,0.08575128372907066,0.3216520650813516,0.09461827284105129,0.0061008336619026585,0.08302499651858329,0.6874999999999982
uric_acid,0.1,7.5,SWV,4,0.00784477937077789,0.017590921770917832,0.08565884925459334,-0.00548617705343029,0.09999999999999992,1.4,-1.0448590708813093e-06,0.004636364633899428,-0.0045179556377244676,0.08565884925459334,0.3216520650813516,0.09461827284105129,0.006104402387637214,0.08310015203897216,0.7419354838709666
uric_acid,0.1,7.5,SWV,5,0.007827389874876802,0.017475276934701856,0.08518364575250824,-0.0044426792535544645,0.09999999999999992,1.4,4.3255174282956116e-06,0.0061094991847257755,-0.005201910010773934,0.08518364575250824,0.3321652065081351,0.09286608260325402,0.005985451896063627,0.08234347803937679,0.8928571428571437
uric_acid,0.1,7.5,SWV,6,0.00783777412252157,0.01752402441262844,0.08624289097951558,-0.004909356144996946,0.09999999999999992,1.4,3.0743694823659756e-06,0.0066126986795460585,-0.004634504078078947,0.08624289097951558,0.3198998748435543,0.09286608260325402,0.006017179112854112,0.08367603875477096,0.6562499999999979
uric_acid,0.1,7.5,SWV,7,0.007658660963910194,0.017462843122162102,0.08365823275799898,-0.005402426215456223,0.09999999999999992,1.4,-4.246958250047389e-06,0.00469267675506679,-0.004316622093957665,0.08365823275799898,0.3216520650813516,0.09812265331664582,0.006203234814010325,0.08127449248959134,0.749999999999999
uric_acid,0.1,7.5,SWV,8,0.00784198468696212,0.01766788135022702,0.08700949279043842,-0.005190369846501214,0.09999999999999992,1.4,8.883125276545357e-06,0.005268308599325011,-0.005902837418423883,0.08700949279043842,0.3251564455569461,0.09111389236545686,0.005978710280513079,0.08429450338209285,0.7931034482758638
uric_acid,0.1,7.5,SWV,9,0.007859558322212528,0.017648263847885058,0.08681303079565778,-0.0048088869250520975,0.09999999999999992,1.4,1.548474473897466e-07,0.005179976733819099,-0.004928347586770389,0.08681303079565778,0.3216520650813516,0.08936170212765959,0.005895066505598185,0.08416956067129,0.7000000000000004
uric_acid,0.1,8.0,SWV,0,0.007853478672907468,0.017783125407903923,0.08331665559527948,-0.006339628762683007,0.09999999999999992,1.4,2.3928261190595047e-06,0.007583666418829474,-0.006458740452477484,0.08331665559527948,0.3041301627033791,0.0998748435544431,0.006463163666951344,0.08078134057523986,0.965517241379312
uric_acid,0.1,8.0,SWV,1,0.007780789565976682,0.017793626886891657,0.08388405838499459,-0.006333915287005517,0.09999999999999992,1.4,-8.449475403975589e-07,0.004830943693339156,-0.004960241969136445,0.08388405838499459,0.3111389236545681,0.09812265331664582,0.00636539076463741,0.08126574515950634,0.6470588235294128
uric_acid,0.1,8.0,SWV,2,0.007815069005049115,0.017684536658699727,0.08281637815362232,-0.004803816177655748,0.09999999999999992,1.4,3.8366555945928745e-07,0.004572759513645542,-0.004725079611772834,0.08281637815362232,0.3058823529411764,0.09812265331664582,0.006356193875420989,0.08024622754890359,0.931034482758622
uric_acid,0.1,8.0,SWV,3,0.007960056838297303,0.01781280976116218,0.08348247792613259,-0.00578596480842769,0.09999999999999992,1.4,-5.567075044186062e-06,0.005805603498853205,-0.00651880895088997,0.08348247792613259,0.2988735919899874,0.09637046307884856,0.006333971887162991,0.08076384299354163,0.8965517241379318
uric_acid,0.1,8.0,SWV,4,0.007898698167089536,0.017772933490233327,0.08379852203988275,-0.0054118949252927335,0.09999999999999992,1.4,-1.0195704932032578e-06,0.004613067992173408,-0.004909925056362809,0.08379852203988275,0.3058823529411764,0.09637046307884856,0.006300490004193597,0.08117007134338813,0.8965517241379318
uric_acid,0.1,8.0,SWV,5,0.007881589376043933,0.01765633201507333,0.08279799478565653,-0.004386977935598658,0.09999999999999992,1.4,4.264116272832269e-06,0.006062244370081937,-0.005902285339541638,0.08279799478565653,0.3006257822277847,0.0998748435544431,0.006396002213595507,0.07998245479947799,0.9000000000000008
uric_acid,0.1,8.0,SWV,6,0.0078918059990059,0.01766677284313411,0.08641225867582951,-0.00493536568468917,0.09999999999999992,1.4,3.033164616970833e-06,0.0048012241564613575,-0.005025770174586226,0.08641225867582951,0.3111389236545681,0.09812265331664582,0.006332603220353802,0.08378987233314494,0.6969696969696987
uric_acid,0.1,8.0,SWV,7,0.0077155841222114555,0.017612281180491334,0.08321314008371015,-0.005349405258093317,0.09999999999999992,1.4,-4.169980722185493e-06,0.004639263352895051,-0.004155587310544684,0.08321314008371015,0.3041301627033791,0.09637046307884856,0.006259136253166418,0.08069879140883124,0.9642857142857161
uric_acid,0.1,8.0,SWV,8,0.00789594859564051,0.01782123023507225,0.08305115965459622,-0.005138812326381083,0.09999999999999992,1.4,8.748154268355877e-06,0.005234855814517196,-0.005895087335813516,0.08305115965459622,0.31289111389236535,0.10162703379224036,0.006515359292577494,0.08029019463382762,0.6571428571428582
uric_acid,0.1,8.0,SWV,9,0.007913238553619797,0.017778945121459156,0.08435230502578388,-0.00474649448649523,0.09999999999999992,1.4,1.6077011321173575e-07,0.005125335216359165,-0.0044844709165618255,0.08435230502578388,0.3111389236545681,0.09812265331664582,0.006392493117631595,0.08175856074976771,0.6969696969696987
uric_acid,0.2,6.0,SWV,0,0.013385307347068413,0.0340720932990597,0.1637695744453561,-0.015694249696321924,0.09999999999999992,1.4,2.3231307580433226e-06,0.011439456687596137,-0.0125137232939701,0.1637695744453561,0.40225281602002483,0.08936170212765959,0.011370582007084603,0.16050214571956184,0.9615384615384562
uric_acid,0.2,6.0,SWV,1,0.013243690290929594,0.03411256455203055,0.1665825518850085,-0.014038440689214875,0.09999999999999992,1.4,-3.984884203988469e-06,0.00915646002408774,-0.008897635042756362,0.1665825518850085,0.4005006257822278,0.09111389236545686,0.011490782968683373,0.1633239295665942,0.8571428571428598
uric_acid,0.2,6.0,SWV,2,0.013310475445576635,0.034050513109185394,0.16547495489981756,-0.010833747825373587,0.09999999999999992,1.4,-1.5912302208546362e-06,0.0077136831014918625,-0.009613540975084224,0.16547495489981756,0.3987484355444304,0.08936170212765959,0.011383004215630004,0.16227769794699767,0.7586206896551698
uric_acid,0.2,6.0,SWV,3,0.013592948996119852,0.03413299805461143,0.16355758488057606,-0.012310725253835742,0.09999999999999992,1.4,-1.318480182624579e-05,0.011777821239231948,-0.013662010953665454,0.16355758488057606,0.41276595744680844,0.0946182728410514,0.011820363316448148,0.15993328670999102,0.7419354838709686
uric_acid,0.2,6.0,SWV,4,0.013473406539871103,0.03416540371164404,0.16417030811151653,-0.012655406889586844,0.09999999999999992,1.4,-4.325094581509752e-06,0.009847368861617911,-0.009789433166777863,0.16417030811151653,0.40750938673341663,0.09812265331664571,0.012155988196694374,0.16089714063460986,1.0
uric_acid,0.2,6.0,SWV,5,0.013440074219193682,0.0339404162992912,0.16372877713665143,-0.01165391200252516,0.09999999999999992,1.4,5.968884763677131e-06,0.012284236396927752,-0.008612531747504704,0.16372877713665143,0.40750938673341663,0.09637046307884867,0.011932087984900515,0.1603878892010737,0.896551724137934
uric_acid,0.2,6.0,SWV,6,0.013459978825655998,0.03405592655537769,0.1641394891145117,-0.010742882359874946,0.09999999999999992,1.4,3.5706746726068423e-06,0.011055459458973156,-0.008672009044909872,0.1641394891145117,0.3987484355444304,0.09111389236545686,0.011574597349323482,0.16114590670849863,0.7931034482758598
uric_acid,0.2,6.0,SWV,7,0.013116653333396882,0.03407698589530602,0.16342018744566777,-0.011364113288309465,0.09999999999999992,1.4,-1.0462903134900255e-05,0.007714170896361363,-0.008221320165831526,0.16342018744566777,0.4005006257822278,0.09111389236545686,0.011560042867892681,0.1603357481366677,0.8571428571428598
uric_acid,0.2,6.0,SWV,8,0.013468049668247616,0.03392977297092962,0.16297349808391737,-0.011068939997518708,0.09999999999999992,1.4,1.4704942852068997e-05,0.010118607891963758,-0.009417264677236364,0.16297349808391737,0.40575719649561937,0.08936170212765959,0.011292297024161877,0.15951394680814768,0.9615384615384659
uric_acid,0.2,6.0,SWV,9,0.013501734948658639,0.034199955322448634,0.1650306048263623,-0.011302833699323969,0.09999999999999992,1.4,-2.0254878181364473e-06,0.010145426380310713,-0.009455327520830017,0.1650306048263623,0.3987484355444304,0.09111389236545686,0.011579414979135809,0.161874729387504,0.7931034482758598
uric_acid,0.2,6.5,SWV,0,0.013492134849731417,0.03444328677897886,0.16245555189447483,-0.01566526942998655,0.09999999999999992,1.4,2.3045990508968098e-06,0.011522221488388378,-0.01256562740140634,0.16245555189447483,0.38648310387984974,0.09637046307884856,0.012183238591810983,0.15907937764020444,0.6666666666666647
uric_acid,0.2,6.5,SWV,1,0.013350259715482897,0.03448798051152979,0.16271647964663133,-0.01409707902862741,0.09999999999999992,1.4,-4.0149114231994e-06,0.009954924526722878,-0.009610398233134795,0.16271647964663133,0.3829787234042552,0.09637046307884856,0.012216112516025153,0.15939105068946965,0.8333333333333334
uric_acid,0.2,6.5,SWV,2,0.013417166577125817,0.03433317195034933,0.15881670503568984,-0.010886307700821243,0.09999999999999992,1.4,-1.6168953264043135e-06,0.0077568193005346005,-0.008512571554777946,0.15881670503568984,0.38122653316645794,0.09812265331664582,0.012294861288484185,0.15546043550109745,0.8666666666666671
uric_acid,0.2,6.5,SWV,3,0.013700154897866579,0.03441582632674767,0.16635728520636586,-0.01236438828950634,0.09999999999999992,1.4,-1.3231594662636474e-05,0.009224706517221265,-0.015533805235746587,0.16635728520636586,0.38122653316645794,0.09461827284105129,0.012019612415424541,0.16268574701503205,0.8620689655172418
uric_acid,0.2,6.5,SWV,4,0.013580394591508676,0.03440914843675294,0.16454838085395324,-0.012711761066349076,0.09999999999999992,1.4,-4.355741788549261e-06,0.00895476530912001,-0.009472978974306677,0.16454838085395324,0.3847309136420525,0.09637046307884856,0.012169909790026613,0.16126062246794784,0.7741935483870961
uric_acid,0.2,6.5,SWV,5,0.013547001527142985,0.03420566598362468,0.16175092083775583,-0.010608932578947062,0.09999999999999992,1.4,5.9569969547153e-06,0.011794199762688674,-0.010475124030306739,0.16175092083775583,0.3829787234042552,0.09637046307884856,0.012087623859144508,0.15808028845621525,0.7741935483870961
uric_acid,0.2,6.5,SWV,6,0.01356694240708358,0.034379695561368155,0.16531300043701158,-0.010794875860772157,0.09999999999999992,1.4,3.55441644708759e-06,0.012925677867022018,-0.009649107397953216,0.16531300043701158,0.38122653316645794,0.09461827284105129,0.012046059278012913,0.16216174570618364,0.8620689655172418
uric_acid,0.2,6.5,SWV,7,0.013222991250116627,0.03429467484619959,0.1607930351508258,-0.011415866599917859,0.09999999999999992,1.4,-1.0504735675630169e-05,0.007728229998027183,-0.00922433661456043,0.1607930351508258,0.3847309136420525,0.09637046307884856,0.012130793012414905,0.1576722291717504,0.7187499999999987
uric_acid,0.2,6.5,SWV,8,0.01357502795770442,0.034375757335453005,0.16279400809376285,-0.011120376625699847,0.09999999999999992,1.4,1.4708975338438561e-05,0.01016612670975942,-0.010063386691895583,0.16279400809376285,0.38122653316645794,0.09461827284105129,0.012022148784508841,0.15933396343971634,0.7999999999999996
uric_acid,0.2,6.5,SWV,9,0.013608774625025539,0.03455041539747654,0.16416743280296198,-0.011356614971336953,0.09999999999999992,1.4,-2.0519442999714825e-06,0.012044810151289546,-0.011319455686003656,0.16416743280296198,0.38122653316645794,0.09812265331664582,0.012389041998155664,0.16099835980921795,0.931034482758622
uric_acid,0.2,7.0,SWV,0,0.013598727958035094,0.03483031322244697,0.1597028727958886,-0.014563360481256792,0.09999999999999992,1.4,2.2921355994626334e-06,0.011879221648622727,-0.01264022441372893,0.1597028727958886,0.3409261576971213,0.09812265331664571,0.01252033650376654,0.1563103618814073,0.5135135135135137
uric_acid,0.2,7.0,SWV,1,0.01345621897004906,0.034861541748766545,0.16478631306411912,-0.014186882956727246,0.09999999999999992,1.4,-4.055608471412206e-06,0.01118306953651526,-0.009868748622073688,0.16478631306411912,0.3409261576971213,0.09637046307884845,0.01241215747524925,0.16141943110195361,0.4864864864864863
uric_acid,0.2,7.0,SWV,2,0.013523424750628985,0.03465681095765919,0.1637522449869432,-0.01096189601972971,0.09999999999999992,1.4,-1.646878788521658e-06,0.008218905829077278,-0.008225738876520318,0.1637522449869432,0.34443053817271585,0.10337922403003752,0.012886946213246722,0.16035047444523548,0.6388888888888908
uric_acid,0.2,7.0,SWV,3,0.013807677374700464,0.03476657720023824,0.16417109423277643,-0.012443305324308424,0.09999999999999992,1.4,-1.3313468969639521e-05,0.010510112558165703,-0.015247325315287958,0.16417109423277643,0.3409261576971213,0.09812265331664571,0.012470927284061807,0.16055210180240406,0.5135135135135137
uric_acid,0.2,7.0,SWV,4,0.01368738201674107,0.0347176220891812,0.1631118215961238,-0.01279728766035617,0.09999999999999992,1.4,-4.397961560261771e-06,0.009013607874015247,-0.009072877890987686,0.1631118215961238,0.3426783479349186,0.10513141426783479,0.013034974934564118,0.15979771250860564,0.5789473684210537
uric_acid,0.2,7.0,SWV,5,0.013653839762605324,0.0345279849257029,0.16231263727098938,-0.01068458379384513,0.09999999999999992,1.4,5.9608512750633525e-06,0.011865361807323336,-0.010166043503998697,0.16231263727098938,0.3409261576971213,0.09987484355444298,0.012557336320381793,0.1588189569669274,0.5405405405405411
uric_acid,0.2,7.0,SWV,6,0.013673869732162267,0.03467688770959102,0.16420463145631656,-0.010869692428249625,0.09999999999999992,1.4,3.547536788979744e-06,0.014518391243489734,-0.010096429241329759,0.16420463145631656,0.33917396745932404,0.09637046307884845,0.01239268623957506,0.1610288578824882,0.4864864864864863
uric_acid,0.2,7.0,SWV,7,0.01332838190897454,0.034549446686863765,0.15900463793289982,-0.011490093249565382,0.09999999999999992,1.4,-1.057442722932862e-05,0.008666456473409204,-0.009483272979801567,0.15900463793289982,0.3426783479349186,0.09637046307884845,0.012293077212360904,0.15585323154577477,0.5714285714285725
uric_acid,0.2,7.0,SWV,8,0.013681991406495043,0.03484244109566677,0.1607044115470293,-0.011193825483793456,0.09999999999999992,1.4,1.4751930761587998e-05,0.010229953214532933,-0.009752466651903838,0.1607044115470293,0.35494367959949924,0.09812265331664571,0.01249987783054076,0.15712955163968786,1.0
uric_acid,0.2,7.0,SWV,9,0.01371588884337366,0.034894130810448926,0.1641077495963821,-0.011435822400964153,0.09999999999999992,1.4,-2.0838714248692156e-06,0.012584736971055228,-0.011014147369522966,0.1641077495963821,0.3409261576971213,0.09812265331664571,0.012576474673303445,0.16079775324841125,0.5135135135135137
uric_acid,0.2,7.5,SWV,0,0.013703856633326083,0.03516934103141912,0.17018558215837082,-0.01486701484136279,0.09999999999999992,1.4,2.3175968177046224e-06,0.013083590974030192,-0.012856644869658096,0.17018558215837082,0.3216520650813516,0.09461827284105129,0.012178549501466646,0.16687075174428606,0.7419354838709666
uric_acid,0.2,7.5,SWV,1,0.01355836531335228,0.03517508052767185,0.16974714228713222,-0.014474701727177559,0.09999999999999992,1.4,-4.162988559955714e-06,0.009407433435662702,-0.009259050500925976,0.16974714228713222,0.31814768460575715,0.09286608260325402,0.012035291435377057,0.16646756632844917,0.6060606060606065
uric_acid,0.2,7.5,SWV,2,0.013626977531182366,0.034957655749034464,0.16714572427896765,-0.011182916048517264,0.09999999999999992,1.4,-1.7038506067890178e-06,0.008224761954991403,-0.009387770717731482,0.16714572427896765,0.33391739674593235,0.09637046307884856,0.01226819225016568,0.16382407662694057,0.8333333333333334
uric_acid,0.2,7.5,SWV,3,0.01391717880246099,0.035137155492272754,0.16885627528549937,-0.012680051827819044,0.09999999999999992,1.4,-1.3614591318880705e-05,0.009494762793061573,-0.014072522167085069,0.16885627528549937,0.3216520650813516,0.09461827284105129,0.012157592526626234,0.16525537195679,0.6874999999999982
uric_acid,0.2,7.5,SWV,4,0.013794365984381409,0.03506890670835815,0.16867424902085562,-0.013065132661737339,0.09999999999999992,1.4,-4.512506183354365e-06,0.009153989220303747,-0.008922018857287904,0.16867424902085562,0.3216520650813516,0.09461827284105129,0.012161935021016776,0.16537653274833725,0.7419354838709666
uric_acid,0.2,7.5,SWV,5,0.013760121780573122,0.0348424040078621,0.16774157180641097,-0.010905964356304518,0.09999999999999992,1.4,6.063088900660411e-06,0.012065620468493889,-0.010290962804153314,0.16774157180641097,0.3321652065081351,0.09286608260325402,0.011936507819986219,0.16400452907153526,0.8928571428571437
uric_acid,0.2,7.5,SWV,6,0.01378057092382407,0.03493885793367666,0.16981606051933537,-0.011087145908554474,0.09999999999999992,1.4,3.5992701966316336e-06,0.013075748692243636,-0.00914629788065063,0.16981606051933537,0.3198998748435543,0.09286608260325402,0.01197759727774158,0.16638691972802466,0.6562499999999979
uric_acid,0.2,7.5,SWV,7,0.013427852964481159,0.034818388355296395,0.16473454200224621,-0.011704771119803966,0.09999999999999992,1.4,-1.0818228760329497e-05,0.009276252994072046,-0.00852030989841416,0.16473454200224621,0.3216520650813516,0.09812265331664582,0.012344033901676574,0.1616149341526251,0.749999999999999
uric_acid,0.2,7.5,SWV,8,0.01378886256307976,0.035221941968959246,0.17134313848539467,-0.011404843783229267,0.09999999999999992,1.4,1.5038142169682498e-05,0.010395697580243156,-0.01164903356602471,0.17134313848539467,0.3251564455569461,0.09111389236545686,0.011918100676323528,0.1678196021073065,0.7931034482758638
uric_acid,0.2,7.5,SWV,9,0.013823469382655813,0.03518353192081959,0.17094711697222034,-0.011673935235104002,0.09999999999999992,1.4,-2.1499883303076923e-06,0.010236389234244171,-0.009750755128267166,0.17094711697222034,0.3216520650813516,0.08936170212765959,0.011763949920405307,0.16770723502565174,0.7000000000000004
uric_acid,0.2,8.0,SWV,0,0.013812325421942929,0.03544466167119753,0.16399196751524928,-0.01469003169879142,0.09999999999999992,1.4,2.2564711076724957e-06,0.014992455327744684,-0.012749264052062545,0.16399196751524928,0.3041301627033791,0.0998748435544431,0.012867866518044162,0.16068283836288078,0.965517241379312
uric_acid,0.2,8.0,SWV,1,0.013669213649716733,0.03546582885180417,0.16515261727500927,-0.01431035467677863,0.09999999999999992,1.4,-4.118122638724898e-06,0.009573912281919745,-0.009825617064236965,0.16515261727500927,0.3111389236545681,0.10162703379224036,0.012966386895770298,0.16177339278092404,0.7058823529411782
uric_acid,0.2,8.0,SWV,2,0.013736703697176625,0.035250422178193706,0.16300465640545678,-0.011071865772459069,0.09999999999999992,1.4,-1.6992045157074298e-06,0.009064521399222744,-0.009362732319874077,0.16300465640545678,0.3058823529411764,0.09812265331664582,0.012653596696506165,0.15960711847207787,0.931034482758622
uric_acid,0.2,8.0,SWV,3,0.014022158652444433,0.0355026551213131,0.16431412763647568,-0.012556453231338156,0.09999999999999992,1.4,-1.341514201727802e-05,0.011492842063483472,-0.01287296122738937,0.16431412763647568,0.2988735919899874,0.09637046307884856,0.012612689553722127,0.1606759190738566,0.8965517241379318
uric_acid,0.2,8.0,SWV,4,0.013901354469413959,0.035421110289108756,0.16493832099536146,-0.012916721146756415,0.09999999999999992,1.4,-4.461923812003655e-06,0.009107305823873507,-0.009726552116763577,0.16493832099536146,0.3058823529411764,0.09637046307884856,0.012550799728117571,0.1615169008372683,0.8965517241379318
uric_acid,0.2,8.0,SWV,5,0.013867670338316918,0.03519270996015074,0.1629699216599827,-0.010794625961122161,0.09999999999999992,1.4,5.940704709701074e-06,0.011971134849165028,-0.01168033095391232,0.1629699216599827,0.3006257822277847,0.0998748435544431,0.012769765256086219,0.15945078318516567,0.9000000000000008
uric_acid,0.2,8.0,SWV,6,0.013887785030600128,0.03521406785756895,0.17013018873573293,-0.011090344472126284,0.09999999999999992,1.4,3.517182390698879e-06,0.009490686484839354,-0.009922200174141547,0.17013018873573293,0.3111389236545681,0.09812265331664582,0.012622100690208818,0.166784209243531,0.6969696969696987
uric_acid,0.2,8.0,SWV,7,0.013540835863689968,0.03510671788051771,0.16378816409904148,-0.011598780679226147,0.09999999999999992,1.4,-1.0664514683542308e-05,0.009171672172696113,-0.00822140206685129,0.16378816409904148,0.3041301627033791,0.09637046307884856,0.012468252516218779,0.1605796738674825,0.9642857142857161
uric_acid,0.2,8.0,SWV,8,0.013895941057975198,0.035517915944140166,0.1635032579569881,-0.011301773246772345,0.09999999999999992,1.4,1.476896868713621e-05,0.010328750281394957,-0.01163291031139177,0.1635032579569881,0.31289111389236535,0.10162703379224036,0.012984201403979592,0.15986710590932082,0.6571428571428582
uric_acid,0.2,8.0,SWV,9,0.013929981874166381,0.03543507275382941,0.166074510656725,-0.011549246468586842,0.09999999999999992,1.4,-2.1380455426580463e-06,0.010153516219382881,-0.008864728287178205,0.166074510656725,0.3111389236545681,0.09812265331664582,0.012744848806253258,0.16283420428081907,0.6969696969696987
uric_acid,0.5,6.0,SWV,0,0.030095880371084925,0.0834715694424091,0.39812527948576043,-0.04022678754108239,0.09999999999999992,1.4,2.0235320225905104e-06,0.027859825645143776,-0.030467660315582144,0.39812527948576043,0.40225281602002483,0.08936170212765959,0.02783558226135472,0.3926901122264312,0.9615384615384562
uric_acid,0.5,6.0,SWV,1,0.029751606139362948,0.08357052548858872,0.40496591040758745,-0.03684313173470656,0.09999999999999992,1.4,-1.3311393472651556e-05,0.022300720670300443,-0.02166519957987756,0.40496591040758745,0.4005006257822278,0.09111389236545686,0.028145808978535962,0.39971881735717535,0.8571428571428598
uric_acid,0.5,6.0,SWV,2,0.029913962344423478,0.08341776118761463,0.40227262339194336,-0.029099807673158895,0.09999999999999992,1.4,-7.492367088965963e-06,0.018782574534154342,-0.02344260662173085,0.40227262339194336,0.3987484355444304,0.08936170212765959,0.027879330852365856,0.3971605609557635,0.7586206896551698
uric_acid,0.5,6.0,SWV,3,0.030600661865275835,0.0836188924993364,0.3975419694381357,-0.03164586980382489,0.09999999999999992,1.4,-3.5676599032379346e-05,0.02871405872645219,-0.03327855225042323,0.3975419694381357,0.41276595744680844,0.09637046307884845,0.029294288675330692,0.3914641019632518,0.774193548387094
uric_acid,0.5,6.0,SWV,4,0.030310051479738264,0.08369238135013214,0.39907700075379987,-0.03410377482227482,0.09999999999999992,1.4,-1.4138452511572503e-05,0.023971363836071985,-0.023841413044725923,0.39907700075379987,0.40750938673341663,0.09812265331664571,0.029759467629356433,0.39363412392651254,1.0
uric_acid,0.5,6.0,SWV,5,0.03022901986246274,0.08314730413450294,0.39800362907599757,-0.030271901425811834,0.09999999999999992,1.4,1.088644157288203e-05,0.029942762087637048,-0.02100315533359226,0.39800362907599757,0.40750938673341663,0.09637046307884867,0.02921037511730616,0.3923737121054269,0.896551724137934
uric_acid,0.5,6.0,SWV,6,0.030277408406077306,0.0834285886189843,0.3990260761909022,-0.028767016060844905,0.09999999999999992,1.4,5.056339188873897e-06,0.026935274389926718,-0.021128454456986127,0.3990260761909022,0.3987484355444304,0.09111389236545686,0.02831995263976615,0.3940983125312822,0.7931034482758598
uric_acid,0.5,6.0,SWV,7,0.029442776453537517,0.08347880596542857,0.39727813170731735,-0.029199637103171375,0.09999999999999992,1.4,-2.9059602419559713e-05,0.018754153474255034,-0.020058086687754825,0.39727813170731735,0.4005006257822278,0.09111389236545686,0.028307735475289968,0.3923837362807285,0.8571428571428598
uric_acid,0.5,6.0,SWV,8,0.030297028804977956,0.0831245027083892,0.3961776319357473,-0.02979513997586842,0.09999999999999992,1.4,3.2123994228344676e-05,0.024628973454902208,-0.022930763433721163,0.3961776319357473,0.40575719649561937,0.08936170212765959,0.027658768632566395,0.3904273553281362,0.9615384615384659
uric_acid,0.5,6.0,SWV,9,0.030378918475262286,0.08377937228190205,0.4011923984223997,-0.030730823951055364,0.09999999999999992,1.4,-8.548057023143682e-06,0.024745670304572115,-0.023052010713523946,0.4011923984223997,0.3987484355444304,0.09111389236545686,0.028357151583610324,0.39614982554954237,0.7931034482758598
uric_acid,0.5,6.5,SWV,0,0.03035678215171568,0.0843810713697727,0.39490706578604606,-0.04015658188783564,0.09999999999999992,1.4,1.978371764803095e-06,0.028062289493496317,-0.030594799602904923,0.39490706578604606,0.38648310387984974,0.09637046307884856,0.029813651820713216,0.38908135121174103,0.6666666666666647
uric_acid,0.5,6.5,SWV,1,0.03001187142921592,0.08449025542480618,0.39556823250016887,-0.03698686614826772,0.09999999999999992,1.4,-1.338490478827688e-05,0.024242256008554265,-0.023406249721274044,0.39556823250016887,0.3829787234042552,0.09637046307884856,0.029930136091398996,0.3902451329099922,0.8333333333333334
uric_acid,0.5,6.5,SWV,2,0.030174527796814673,0.08411270374200264,0.3860971464029703,-0.029228558084983692,0.09999999999999992,1.4,-7.555120246449821e-06,0.018888089775798315,-0.020753863343084683,0.3860971464029703,0.38122653316645794,0.09812265331664582,0.030125087866785905,0.38070178873593274,0.8666666666666671
uric_acid,0.5,6.5,SWV,3,0.030862496880915902,0.08431423714904875,0.40442894900186305,-0.031777347086343145,0.09999999999999992,1.4,-3.579145891774993e-05,0.022476352042343092,-0.037850398465999996,0.40442894900186305,0.38122653316645794,0.09461827284105129,0.02944452738971528,0.39821535256039514,0.8620689655172418
uric_acid,0.5,6.5,SWV,4,0.030571349217785992,0.08429303003939591,0.4000095812910868,-0.03424188919004112,0.09999999999999992,1.4,-1.4213492885728555e-05,0.021804421180657885,-0.023116524111870193,0.4000095812910868,0.3847309136420525,0.09637046307884856,0.02979804550859229,0.39457293952007483,0.7741935483870961
uric_acid,0.5,6.5,SWV,5,0.030490167790061844,0.0838000783701304,0.39322087552215257,-0.028975786216048446,0.09999999999999992,1.4,1.0857666974180553e-05,0.028723085503982636,-0.025552306917357506,0.39322087552215257,0.3829787234042552,0.09637046307884856,0.02962256686625973,0.38710851324949724,0.7741935483870961
uric_acid,0.5,6.5,SWV,6,0.030538645793934904,0.08422318192890967,0.401890202404714,-0.028894375816744297,0.09999999999999992,1.4,5.0167859548317724e-06,0.031503188817751555,-0.023544189039824318,0.401890202404714,0.38122653316645794,0.09461827284105129,0.029482210820545522,0.39666021227220666,0.8620689655172418
uric_acid,0.5,6.5,SWV,7,0.029702470782136878,0.0840163037753402,0.390880011077372,-0.0293264044869884,0.09999999999999992,1.4,-2.916222886736037e-05,0.018788827040969062,-0.022511534525889804,0.390880011077372,0.3847309136420525,0.09637046307884856,0.02972054802850057,0.3860320326598986,0.7187499999999987
uric_acid,0.5,6.5,SWV,8,0.030558302466834025,0.08421527733760255,0.39576631414421454,-0.029926171872640316,0.09999999999999992,1.4,3.2134483405907034e-05,0.02474529742581806,-0.024551337835469228,0.39576631414421454,0.38122653316645794,0.09461827284105129,0.029438470912521622,0.3899386649341672,0.7999999999999996
uric_acid,0.5,6.5,SWV,9,0.03064034353392685,0.0846386477691021,0.39910522840327783,-0.030862592836536827,0.09999999999999992,1.4,-8.612761929685147e-06,0.02932571935542235,-0.027604950200751516,0.39910522840327783,0.38122653316645794,0.09812265331664582,0.030352299617699502,0.39414772106522655,0.931034482758622
uric_acid,0.5,7.0,SWV,0,0.03061712352166508,0.0853234711112127,0.38820968098656167,-0.03866452288004473,0.09999999999999992,1.4,1.9477194716329403e-06,0.028976581886226913,-0.03077619300817525,0.38820968098656167,0.3409261576971213,0.09812265331664571,0.030647165203204218,0.38244485691826086,0.5135135135135137
uric_acid,0.5,7.0,SWV,1,0.03027067790532563,0.0854000194425504,0.4005677478126656,-0.037205084183302914,0.09999999999999992,1.4,-1.348392549390977e-05,0.027284298495795112,-0.02403336595541626,0.4005677478126656,0.3409261576971213,0.09637046307884845,0.030401339497127155,0.39507184595706585,0.4864864864864863
uric_acid,0.5,7.0,SWV,2,0.03043405811315412,0.08490147061123349,0.39808890823804033,-0.029412352253526404,0.09999999999999992,1.4,-7.628197715771937e-06,0.020031364403981164,-0.020056232691716164,0.39808890823804033,0.34443053817271585,0.10337922403003752,0.031563281332160756,0.39246495615260496,0.6388888888888908
uric_acid,0.5,7.0,SWV,3,0.031125088741707864,0.0851687146279561,0.3990721237806639,-0.03196920154200821,0.09999999999999992,1.4,-3.5990191460848016e-05,0.02564831048950117,-0.03714998381452223,0.3990721237806639,0.3409261576971213,0.09812265331664571,0.030549958597270565,0.3929901901587208,0.5135135135135137
uric_acid,0.5,7.0,SWV,4,0.03083264543676277,0.08504506319420799,0.3965162574772983,-0.034449748870744035,0.09999999999999992,1.4,-1.431620090718969e-05,0.02194767335925285,-0.022096877361249073,0.3965162574772983,0.3426783479349186,0.10513141426783479,0.03192886566259535,0.3911315720148608,0.5789473684210537
uric_acid,0.5,7.0,SWV,5,0.03075110274200578,0.08458565453928163,0.39455413318466204,-0.029159732401152834,0.09999999999999992,1.4,1.0866528603392517e-05,0.028896161042793175,-0.02479716429215635,0.39455413318466204,0.3409261576971213,0.09987484355444298,0.030726585575935834,0.38841133338218325,0.5405405405405411
uric_acid,0.5,7.0,SWV,6,0.030799796478776224,0.08494786406825283,0.3991309665179393,-0.029076300880715597,0.09999999999999992,1.4,4.9996549670849485e-06,0.0353925192235099,-0.02458660309814094,0.3991309665179393,0.33917396745932404,0.09637046307884845,0.030330451525205693,0.39385605939858054,0.4864864864864863
uric_acid,0.5,7.0,SWV,7,0.02995990038847648,0.08463817377143586,0.38653151338688096,-0.02950690104909956,0.09999999999999992,1.4,-2.933146054631474e-05,0.02116620847041252,-0.023095993264055675,0.38653151338688096,0.3426783479349186,0.09637046307884845,0.030115545447013316,0.3815985846167791,0.5714285714285725
uric_acid,0.5,7.0,SWV,8,0.03081954062621347,0.08535075228720766,0.3906101569056557,-0.030116952283146717,0.09999999999999992,1.4,3.2238029405127854e-05,0.024944298042548524,-0.023791740778505613,0.3906101569056557,0.35494367959949924,0.09812265331664571,0.030645966988933418,0.38489840902676103,1.0
uric_acid,0.5,7.0,SWV,9,0.030901946785836815,0.08547609536810648,0.39891813018413663,-0.03105515049106587,0.09999999999999992,1.4,-8.69054603060286e-06,0.030643608582485993,-0.026858942082903202,0.39891813018413663,0.3409261576971213,0.09812265331664571,0.03080705024017844,0.39359248852195855,0.5135135135135137
uric_acid,0.5,7.5,SWV,0,0.030873892166426897,0.08614384824749247,0.4137317531989316,-0.0394044022627237,0.09999999999999992,1.4,2.009590500378286e-06,0.031873913990540015,-0.031303587479243236,0.4137317531989316,0.3216520650813516,0.09461827284105129,0.029802187294261158,0.4081000561692871,0.7419354838709666
uric_acid,0.5,7.5,SWV,1,0.030520182166419257,0.08615863125993581,0.4126376855528482,-0.037906391142763333,0.09999999999999992,1.4,-1.3745630184913985e-05,0.022923788102944792,-0.022543449957572723,0.4126376855528482,0.31814768460575715,0.09286608260325402,0.02947193452639864,0.4073126916417808,0.6060606060606065
uric_acid,0.5,7.5,SWV,2,0.030686988183256377,0.0856292082428246,0.4063372162913658,-0.029950950397684972,0.09999999999999992,1.4,-7.767117613923634e-06,0.020048151265405864,-0.02286365607032921,0.4063372162913658,0.33391739674593235,0.09637046307884856,0.03002100215466468,0.4006699606731104,0.8333333333333334
uric_acid,0.5,7.5,SWV,3,0.0313925085653978,0.08606554491370533,0.41050001996496144,-0.03254610633208005,0.09999999999999992,1.4,-3.672381481155388e-05,0.023150183181692506,-0.034279660062350205,0.41050001996496144,0.3216520650813516,0.09461827284105129,0.02977772271838673,0.40445047675930995,0.6874999999999982
uric_acid,0.5,7.5,SWV,4,0.031093933214705487,0.08589504986516934,0.4100574883412183,-0.03510240358435322,0.09999999999999992,1.4,-1.4595357018083667e-05,0.02228985147923323,-0.021727679603403133,0.4100574883412183,0.3216520650813516,0.09461827284105129,0.029768659539758695,0.40453994656788816,0.7419354838709666
uric_acid,0.5,7.5,SWV,5,0.031010680706367037,0.08534620657762954,0.4077946183323744,-0.029699208731993134,0.09999999999999992,1.4,1.1115412104921204e-05,0.029384188508988867,-0.025088362464902647,0.4077946183323744,0.3321652065081351,0.09286608260325402,0.02925013894609841,0.4015551767746136,0.8928571428571437
uric_acid,0.5,7.5,SWV,6,0.031060395469149817,0.08558134768338203,0.41282112271973453,-0.029606211599281965,0.09999999999999992,1.4,5.1255199658040975e-06,0.03186830949839514,-0.022265206014282148,0.41282112271973453,0.3198998748435543,0.09286608260325402,0.029337109515553895,0.4071910692543935,0.6562499999999979
uric_acid,0.5,7.5,SWV,7,0.03020288816614134,0.08528850460097415,0.4004795027278268,-0.030030050918599713,0.09999999999999992,1.4,-2.9925461474842025e-05,0.022603882365948902,-0.02074334059137229,0.4004795027278268,0.3216520650813516,0.09812265331664582,0.03022207187111334,0.3954493570924406,0.749999999999999
uric_acid,0.5,7.5,SWV,8,0.0310805536182526,0.08626922323627391,0.41655943135226753,-0.03068877380562843,0.09999999999999992,1.4,3.2935037443573526e-05,0.02530456707860515,-0.02835720390289484,0.41655943135226753,0.3251564455569461,0.09111389236545686,0.029186162396392115,0.4106644966022326,0.7931034482758638
uric_acid,0.5,7.5,SWV,9,0.031164687696867824,0.08617616978229412,0.41558315216253316,-0.03163538339817801,0.09999999999999992,1.4,-8.851741591612579e-06,0.02493888096624937,-0.023772832441234716,0.41558315216253316,0.3216520650813516,0.08936170212765959,0.02881015942120307,0.41039985243846455,0.7000000000000004
uric_acid,0.5,8.0,SWV,0,0.031138818276830654,0.08680445282624175,0.39857095140562293,-0.03897043408224511,0.09999999999999992,1.4,1.8599926899471957e-06,0.03653493384751352,-0.031040171133932953,0.39857095140562293,0.3041301627033791,0.0998748435544431,0.03148315241504701,0.3929355202111983,0.965517241379312
uric_acid,0.5,8.0,SWV,1,0.030790939062437808,0.08685661514482453,0.4014565808167443,-0.03750338613319584,0.09999999999999992,1.4,-1.3635508693861384e-05,0.023365005562561762,-0.0239726308022985,0.4014565808167443,0.3111389236545681,0.10162703379224036,0.03175202531267477,0.395917176616322,0.7058823529411782
uric_acid,0.5,8.0,SWV,2,0.030954995340439682,0.08633212430851997,0.396167496245406,-0.02967854250095417,0.09999999999999992,1.4,-7.75554981119207e-06,0.02212518288190108,-0.02284759942496843,0.396167496245406,0.3058823529411764,0.0998748435544431,0.03128080293865012,0.3902262119334404,0.9000000000000008
uric_acid,0.5,8.0,SWV,3,0.03164888546588763,0.08694476449426644,0.39934769371731926,-0.03224295033795474,0.09999999999999992,1.4,-3.62349059851915e-05,0.028029581889869946,-0.031348880923672245,0.39934769371731926,0.2988735919899874,0.09637046307884856,0.0308684506087212,0.3930271598417762,0.8965517241379318
uric_acid,0.5,8.0,SWV,4,0.03135523202540343,0.08674216014972637,0.40086789026590697,-0.03473844662147389,0.09999999999999992,1.4,-1.4471228077438916e-05,0.02217516659604765,-0.02373182156931354,0.40086789026590697,0.3058823529411764,0.09637046307884856,0.03070575482601265,0.39494337055038203,0.8965517241379318
uric_acid,0.5,8.0,SWV,5,0.03127335190554143,0.0861886853993335,0.3960852167253309,-0.029426094835336654,0.09999999999999992,1.4,1.0815708010750348e-05,0.029152370242191243,-0.02848110974031326,0.3960852167253309,0.3006257822277847,0.0998748435544431,0.031239848113717678,0.3898908535110078,0.9000000000000008
uric_acid,0.5,8.0,SWV,6,0.03132224713785101,0.08624176021367527,0.41355616998683675,-0.029340775578196424,0.09999999999999992,1.4,4.924557148154205e-06,0.023126200024276886,-0.024159512019002377,0.41355616998683675,0.3111389236545681,0.09812265331664582,0.030900323722218667,0.40800734451639065,0.6969696969696987
uric_acid,0.5,8.0,SWV,7,0.030478875542758247,0.08598073329799234,0.3980755416205433,-0.029770041519135454,0.09999999999999992,1.4,-2.9548621125025944e-05,0.02235052243334848,-0.020043540358265877,0.3980755416205433,0.3041301627033791,0.09637046307884856,0.030546623591638806,0.393099519666262,0.9642857142857161
uric_acid,0.5,8.0,SWV,8,0.0313420729869176,0.0869799504784375,0.3974332053285583,-0.03038969791587184,0.09999999999999992,1.4,3.227564445866668e-05,0.02514022803893183,-0.02831673404038086,0.3974332053285583,0.31289111389236535,0.10162703379224036,0.03182033466198053,0.39151530724165806,0.6571428571428582
uric_acid,0.5,8.0,SWV,9,0.03142482014467876,0.08677917792585374,0.4036975393374615,-0.03132955607805323,0.09999999999999992,1.4,-8.822294142033473e-06,0.024773919443559535,-0.02160116894943199,0.4036975393374615,0.3111389236545681,0.09812265331664582,0.031204653545199877,0.39846623524794117,0.6969696969696987
uric_acid,1.0,6.0,SWV,0,0.05629640844577748,0.16092683339742717,0.7655718787466416,-0.07869138391496609,0.09999999999999992,1.4,1.5537907953989007e-06,0.053605342405743175,-0.05861766033712203,0.7655718787466416,0.40225281602002483,0.0946182728410514,0.055671846505260324,0.7568200258463208,0.8620689655172358
uric_acid,1.0,6.0,SWV,1,0.05563438777826461,0.16111748197780398,0.7787274725355816,-0.07259863497887253,0.09999999999999992,1.4,-2.7934438869197396e-05,0.042909623164979635,-0.0416834797800551,0.7787274725355816,0.4005006257822278,0.09111389236545686,0.05428829847042418,0.770681525552186,0.8571428571428598
uric_acid,1.0,6.0,SWV,2,0.05594658995125743,0.16082250475010912,0.7735479801635482,-0.05773918545919267,0.09999999999999992,1.4,-1.6744766869832014e-05,0.03613750307672392,-0.045125215722028614,0.7735479801635482,0.3987484355444304,0.08936170212765959,0.053751467403499745,0.7655179074706552,0.7586206896551698
uric_acid,1.0,6.0,SWV,3,0.057267075870001884,0.16120965358029538,0.764406374855544,-0.06298977029550529,0.09999999999999992,1.4,-7.094151563952728e-05,0.05526840639160019,-0.06403535156756202,0.764406374855544,0.41276595744680844,0.09637046307884845,0.05645749528422554,0.7542758147847967,0.774193548387094
uric_acid,1.0,6.0,SWV,4,0.0567082478669374,0.16134758996452514,0.7673874941558986,-0.0677326973834029,0.09999999999999992,1.4,-2.9524828525374678e-05,0.046116392993549304,-0.04587352964348401,0.7673874941558986,0.40750938673341663,0.09812265331664571,0.05737301561479494,0.7586755290096404,1.0
uric_acid,1.0,6.0,SWV,5,0.05655242846363767,0.1603006429910694,0.7653234586599108,-0.05946307002775515,0.09999999999999992,1.4,1.8596684965092156e-05,0.05762958631874915,-0.04043042935128516,0.7653234586599108,0.40750938673341663,0.09637046307884867,0.05628912307634455,0.7559810908381636,0.896551724137934
uric_acid,1.0,6.0,SWV,6,0.05664547700747863,0.1608418359124018,0.7673050460514159,-0.05702707754261263,0.09999999999999992,1.4,7.385714418082869e-06,0.05183325582487861,-0.04065893059690816,0.7673050460514159,0.3987484355444304,0.09111389236545686,0.05458991568895797,0.7595082067906578,0.7931034482758598
uric_acid,1.0,6.0,SWV,7,0.05504052504931359,0.16093777548391003,0.7639442912286692,-0.057440440265179804,0.09999999999999992,1.4,-5.821739018686518e-05,0.03606375578774264,-0.03861696753077034,0.7639442912286692,0.4005006257822278,0.09111389236545686,0.05459085389848655,0.7564797558956321,0.8571428571428598
uric_acid,1.0,6.0,SWV,8,0.05668320596997491,0.16025875904912848,0.7618186813083696,-0.05988839325662154,0.09999999999999992,1.4,5.943534638620874e-05,0.04737979353506497,-0.04411859481734548,0.7618186813083696,0.40575719649561937,0.08936170212765959,0.05332542102719844,0.7525399030658187,0.9615384615384659
uric_acid,1.0,6.0,SWV,9,0.05684067536265317,0.16151677912301834,0.7714707661593968,-0.061191993851918175,0.09999999999999992,1.4,-1.8774801332229224e-05,0.04763741077841427,-0.04437026707737746,0.7714707661593968,0.3987484355444304,0.09111389236545686,0.054651715730314555,0.7633463490233674,0.7931034482758598
uric_acid,1.0,6.5,SWV,0,0.056798883477049034,0.16268032309017624,0.7593680813938183,-0.07855654092668546,0.09999999999999992,1.4,1.4668796001869122e-06,0.05399548253854211,-0.05886276095587185,0.7593680813938183,0.38648310387984974,0.09637046307884856,0.0574745973693191,0.7498905724623239,0.6666666666666647
uric_acid,1.0,6.5,SWV,1,0.056135633005068936,0.16289061587497097,0.7606567832705301,-0.07287579163214822,0.09999999999999992,1.4,-2.807612895327504e-05,0.04664338067759857,-0.045036782301443035,0.7606567832705301,0.3829787234042552,0.09637046307884856,0.057740277983710966,0.7525782303765814,0.8333333333333334
uric_acid,1.0,6.5,SWV,2,0.0564484151412651,0.1621638406518113,0.7424504310158669,-0.05798739510706557,0.09999999999999992,1.4,-1.68656704297311e-05,0.03634082249627353,-0.03994699985067674,0.7424504310158669,0.38122653316645794,0.09812265331664582,0.0580895010315291,0.7339433766544281,0.8666666666666671
uric_acid,1.0,6.5,SWV,3,0.05777135406421543,0.16255175656071763,0.7777018045824574,-0.06324813409954183,0.09999999999999992,1.4,-7.116309793502657e-05,0.04325362342123776,-0.07284061254306404,0.7777018045824574,0.38122653316645794,0.09461827284105129,0.056749867316778876,0.7673418053521458,0.8620689655172418
uric_acid,1.0,6.5,SWV,4,0.057211487952813396,0.16250780217091226,0.7691894881493085,-0.06799900365558299,0.09999999999999992,1.4,-2.9669473001059073e-05,0.041951412485414806,-0.04450825537693878,0.7691894881493085,0.3847309136420525,0.09637046307884856,0.05743451089310364,0.760355484959056,0.7741935483870961
uric_acid,1.0,6.5,SWV,5,0.05705537909118151,0.1615609903464609,0.7561429032371942,-0.05777319870878767,0.09999999999999992,1.4,1.854143354790996e-05,0.055265906357616384,-0.04919184057977055,0.7561429032371942,0.3829787234042552,0.09637046307884856,0.05710142722842501,0.7460548179266618,0.7741935483870961
uric_acid,1.0,6.5,SWV,6,0.05714860048689932,0.16237460828235695,0.7728198894404945,-0.05727260414277471,0.09999999999999992,1.4,7.309636911418445e-06,0.06063089117259911,-0.04533030470053587,0.7728198894404945,0.38122653316645794,0.09461827284105129,0.056851156360086356,0.7646559758903125,0.8620689655172418
uric_acid,1.0,6.5,SWV,7,0.055540667085427875,0.16197667525013618,0.7516336646905988,-0.057687651139894595,0.09999999999999992,1.4,-5.8415335476616575e-05,0.03613075079965572,-0.04334454853501121,0.7516336646905988,0.3847309136420525,0.09637046307884856,0.057313222420183704,0.744219558957587,0.7187499999999987
uric_acid,1.0,6.5,SWV,8,0.0571863995367039,0.16236047400759962,0.7610438804208488,-0.060141015034603916,0.09999999999999992,1.4,5.9455959017863724e-05,0.0476039971905026,-0.04726701431983782,0.7610438804208488,0.38122653316645794,0.09461827284105129,0.05675059261033906,0.7515574200543136,0.7999999999999996
uric_acid,1.0,6.5,SWV,9,0.0573441614528215,0.16317380023636352,0.7674644881716745,-0.06144603961283788,0.09999999999999992,1.4,-1.8899475991087847e-05,0.056420478231038046,-0.05313899715597353,0.7674644881716745,0.38122653316645794,0.09812265331664582,0.058491130174062274,0.7594401269771531,0.931034482758622
uric_acid,1.0,7.0,SWV,0,0.057300286936245406,0.16449348153851429,0.7464857876558886,-0.07645276515962583,0.09999999999999992,1.4,1.4077089996036158e-06,0.05578355411061872,-0.059211600557492326,0.7464857876558886,0.3409261576971213,0.09812265331664571,0.059057287924004005,0.7368897712437121,0.5135135135135137
uric_acid,1.0,7.0,SWV,1,0.05663408882853705,0.1646410811803797,0.7702497504431026,-0.07329535030398329,0.09999999999999992,1.4,-2.8266595393381255e-05,0.05252943525911041,-0.04624208695954604,0.7702497504431026,0.3409261576971213,0.09637046307884845,0.058609003611523776,0.7614406949841239,0.4864864864864863
uric_acid,1.0,7.0,SWV,2,0.05694826103958242,0.1636818702786816,0.7655056518539582,-0.05834084536083728,0.09999999999999992,1.4,-1.700631504615197e-05,0.03855213278685515,-0.038605278550109645,0.7655056518539582,0.34443053817271585,0.10337922403003752,0.06084182824734023,0.7563578596722575,0.6388888888888908
uric_acid,1.0,7.0,SWV,3,0.05827707940355895,0.16419601585307356,0.7673737380100678,-0.0636287633391602,0.09999999999999992,1.4,-7.154505265076754e-05,0.0493835097151753,-0.07149118911579087,0.7673737380100678,0.3409261576971213,0.09812265331664571,0.05888680587699248,0.7573354964067153,0.5135135135135137
uric_acid,1.0,7.0,SWV,4,0.057714725120006666,0.1639552808359163,0.7624713606490161,-0.06839866953394477,0.09999999999999992,1.4,-2.9867020623977986e-05,0.042227010601538974,-0.04251722220968357,0.7624713606490161,0.3426783479349186,0.10513141426783479,0.06152881844381918,0.7536138153151608,0.5789473684210537
uric_acid,1.0,7.0,SWV,5,0.05755792247513982,0.16307289610903095,0.7586858613456058,-0.058126940711376036,0.09999999999999992,1.4,1.855814614287141e-05,0.05559877218976442,-0.047737316639020866,0.7586858613456058,0.3409261576971213,0.09987484355444298,0.05923956755583129,0.7486437584364968,0.5405405405405411
uric_acid,1.0,7.0,SWV,6,0.0576515581679117,0.16376954062106003,0.7674722572935699,-0.05762246475063139,0.09999999999999992,1.4,7.276432851274542e-06,0.06812109025391194,-0.04730576457733868,0.7674722572935699,0.33917396745932404,0.09637046307884845,0.05846000249756266,0.7589570304066036,0.4864864864864863
uric_acid,1.0,7.0,SWV,7,0.056036478745226444,0.16317410703373375,0.7432711823085549,-0.05804154867230317,0.09999999999999992,1.4,-5.874063624084857e-05,0.04076458505830666,-0.04443939420356521,0.7432711823085549,0.3426783479349186,0.09637046307884845,0.05806666038000224,0.7356201808737258,0.5714285714285725
uric_acid,1.0,7.0,SWV,8,0.057689525205278154,0.16454453543234687,0.7510796588876998,-0.060507881597633636,0.09999999999999992,1.4,5.9654505056110075e-05,0.04802972794440677,-0.045803936014041785,0.7510796588876998,0.35494367959949924,0.09812265331664571,0.059071055268698214,0.7417505982495077,1.0
uric_acid,1.0,7.0,SWV,9,0.05784798825118029,0.1647853592353722,0.7670776157970357,-0.061816319224929056,0.09999999999999992,1.4,-1.9049159301321015e-05,0.058958135676951406,-0.05170201527548708,0.7670776157970357,0.3409261576971213,0.09812265331664571,0.05937356096956312,0.7584160324828424,0.5135135135135137
uric_acid,1.0,7.5,SWV,0,0.057794812076350406,0.1660685697459836,0.7955880954477118,-0.07787660229374634,0.09999999999999992,1.4,1.526667015187698e-06,0.06133528464605539,-0.06022657157081499,0.7955880954477118,0.3216520650813516,0.09461827284105129,0.05746534359081105,0.7866517597837448,0.7419354838709666
uric_acid,1.0,7.5,SWV,1,0.05711463575085759,0.1660975264824457,0.7934660682040325,-0.07464496590547186,0.09999999999999992,1.4,-2.8770265819107967e-05,0.044131173250147204,-0.04337207626614231,0.7934660682040325,0.31814768460575715,0.09286608260325402,0.05680560230943156,0.7848773508465533,0.6060606060606065
uric_acid,1.0,7.5,SWV,2,0.05743539994638476,0.16507893704178153,0.7813658519157429,-0.059377374624157764,0.09999999999999992,1.4,-1.7273721439924757e-05,0.038586057961981585,-0.043992513351562595,0.7813658519157429,0.33391739674593235,0.09637046307884856,0.05788272911956182,0.7723018555086795,0.8333333333333334
uric_acid,1.0,7.5,SWV,3,0.058792099675187615,0.16591796019149144,0.7893735455735006,-0.06479448652276021,0.09999999999999992,1.4,-7.295679485562179e-05,0.04456053366757062,-0.06596245651542018,0.7893735455735006,0.3216520650813516,0.09461827284105129,0.05739577268814191,0.7793941610747495,0.6874999999999982
uric_acid,1.0,7.5,SWV,4,0.058217946032621,0.16558718581799695,0.7885225672756141,-0.06965466787042995,0.09999999999999992,1.4,-3.0404271289819848e-05,0.04288558613212264,-0.04180569089669489,0.7885225672756141,0.3216520650813516,0.09461827284105129,0.05738302191059005,0.7796171119529246,0.7419354838709666
uric_acid,1.0,7.5,SWV,5,0.058057853343105655,0.16453294394853166,0.7841740863422181,-0.059165159790171555,0.09999999999999992,1.4,1.9036955894317597e-05,0.05653799272062912,-0.048289223661385994,0.7841740863422181,0.3321652065081351,0.09286608260325402,0.05639055226159138,0.7739502870322746,0.8928571428571437
uric_acid,1.0,7.5,SWV,6,0.05815345370688276,0.16498552385799892,0.7938290597499899,-0.05864227755881764,0.09999999999999992,1.4,7.518528863148612e-06,0.06133318878705246,-0.04283435827318588,0.7938290597499899,0.3198998748435543,0.09286608260325402,0.05655825333578481,0.7847820386465567,0.6562499999999979
uric_acid,1.0,7.5,SWV,7,0.05650448656874435,0.16442242192377046,0.7701043176926258,-0.05908050530142513,0.09999999999999992,1.4,-5.988371523710242e-05,0.04350028891197802,-0.0399078455050227,0.7701043176926258,0.3216520650813516,0.09812265331664582,0.058294278142592436,0.7624986064528515,0.749999999999999
uric_acid,1.0,7.5,SWV,8,0.05819221737142482,0.1663080607607972,0.8010343596744012,-0.061608339698167786,0.09999999999999992,1.4,6.099560163843982e-05,0.048680201971098624,-0.054553964801444255,0.8010343596744012,0.3251564455569461,0.09111389236545686,0.056246606700076154,0.7912657760269873,0.7931034482758638
uric_acid,1.0,7.5,SWV,9,0.05835400530063233,0.16612933163307944,0.7991482937572211,-0.06293296261682488,0.09999999999999992,1.4,-1.9359428803781744e-05,0.04799093590408479,-0.0457580647714431,0.7991482937572211,0.3216520650813516,0.09111389236545686,0.056223495203260594,0.7908805749219018,0.6774193548387099
uric_acid,1.0,8.0,SWV,0,0.05830504781474104,0.16733327681466187,0.7663676298510236,-0.07703970695506755,0.09999999999999992,1.4,1.2383536893161452e-06,0.07031141251431154,-0.05971850692896433,0.7663676298510236,0.3041301627033791,0.0998748435544431,0.06069228114485993,0.7573070548963914,0.965517241379312
uric_acid,1.0,8.0,SWV,1,0.057636113474975784,0.1674340308759959,0.7719578569871188,-0.07386776878708454,0.09999999999999992,1.4,-2.8557830039569203e-05,0.04498807774332146,-0.04615375110765421,0.7719578569871188,0.3111389236545681,0.10162703379224036,0.06122571345326844,0.7632249811709487,0.7058823529411782
uric_acid,1.0,8.0,SWV,2,0.057951576065062,0.166424942761712,0.7617438006858204,-0.05885197391476747,0.09999999999999992,1.4,-1.7251301076952077e-05,0.04260301014486584,-0.04399053920703,0.7617438006858204,0.3058823529411764,0.0998748435544431,0.06030907830013191,0.7521541114133187,0.9000000000000008
uric_acid,1.0,8.0,SWV,3,0.05928585219807634,0.1676026567190301,0.7678571121403703,-0.06416517940402217,0.09999999999999992,1.4,-7.201404208303101e-05,0.05395755667938945,-0.060317298225251545,0.7678571121403703,0.2988735919899874,0.09637046307884856,0.05949353101492138,0.7573501549907959,0.8965517241379318
uric_acid,1.0,8.0,SWV,4,0.05872118819343631,0.16721027498520216,0.7707821531962686,-0.06895275693368522,0.09999999999999992,1.4,-3.0164828592380348e-05,0.042664281633900916,-0.0456907008344227,0.7707821531962686,0.3058823529411764,0.09637046307884856,0.05916907945570772,0.7609138043142218,0.8965517241379318
uric_acid,1.0,8.0,SWV,5,0.058563741523288505,0.16614711600039744,0.761586975654951,-0.05863839788503098,0.09999999999999992,1.4,1.8459231704988093e-05,0.056090850426318756,-0.05482307154121352,0.761586975654951,0.3006257822277847,0.0998748435544431,0.06020907036837174,0.751297814433499,0.9000000000000008
uric_acid,1.0,8.0,SWV,6,0.05865776179983699,0.16624991130398123,0.7952240665163451,-0.058130318902036626,0.09999999999999992,1.4,7.131181767868105e-06,0.044505338536728306,-0.04648221083748785,0.7952240665163451,0.3111389236545681,0.09812265331664582,0.059563227893834864,0.786266805753557,0.6969696969696987
uric_acid,1.0,8.0,SWV,7,0.05703604886672951,0.16574793998725765,0.7654150100801819,-0.058553150221076454,0.09999999999999992,1.4,-5.915703492833974e-05,0.04301365802721083,-0.03857948558060727,0.7654150100801819,0.3041301627033791,0.09637046307884856,0.058874984058725016,0.7574939697223017,0.9642857142857161
uric_acid,1.0,8.0,SWV,8,0.05869588477674086,0.16766909483454287,0.7642122586148473,-0.06103152204150917,0.09999999999999992,1.4,5.972438301402925e-05,0.04836316230074889,-0.05447532186237619,0.7642122586148473,0.31289111389236535,0.10162703379224036,0.06133698873777295,0.7545540313889662,0.6571428571428582
uric_acid,1.0,8.0,SWV,9,0.058854998667580885,0.16728342089415185,0.7762669793677519,-0.06234312793487089,0.09999999999999992,1.4,-1.930253577315265e-05,0.04769726770862663,-0.04157064998778051,0.7762669793677519,0.3111389236545681,0.09812265331664582,0.06013335466464685,0.7677667277220843,0.6969696969696987
uric_acid,2.0,6.0,SWV,0,0.1032766656831573,0.29981274741262653,1.4244416429385665,-0.14766238430951625,0.09999999999999992,1.4,7.114961811240713e-07,0.099769717286818,-0.10909352244471085,1.4244416429385665,0.40225281602002483,0.0946182728410514,0.1036832634653752,1.409426458400263,0.8620689655172358
uric_acid,2.0,6.0,SWV,1,0.10204489278595041,0.30016780816312777,1.4489206184202617,-0.1367119511408254,0.09999999999999992,1.4,-5.415507199403851e-05,0.07986351729336993,-0.07757832703554624,1.4489206184202617,0.4005006257822278,0.09111389236545686,0.10110733781789316,1.435228814039428,0.8571428571428598
uric_acid,2.0,6.0,SWV,2,0.10262578428075281,0.299617833971213,1.439283102650564,-0.10909255252380498,0.09999999999999992,1.4,-3.3335276821729424e-05,0.06725668529098663,-0.08400437686739022,1.439283102650564,0.3987484355444304,0.08936170212765959,0.10011613386930741,1.4257213815328635,0.7586206896551698
uric_acid,2.0,6.0,SWV,3,0.10508271477502795,0.3003385285931841,1.422232205259173,-0.11961029164873563,0.09999999999999992,1.4,-0.0001341751592109646,0.10288309875669288,-0.1191854744810521,1.422232205259173,0.41276595744680844,0.09637046307884845,0.10515965104335036,1.4047902980117482,0.774193548387094
uric_acid,2.0,6.0,SWV,4,0.1040429448370876,0.3005920376556562,1.4278063099113862,-0.12803283438956364,0.09999999999999992,1.4,-5.711419241219257e-05,0.08582472113799167,-0.08537939388953303,1.4278063099113862,0.40750938673341663,0.09812265331664571,0.1068781901799121,1.4131431171483746,1.0
uric_acid,2.0,6.0,SWV,5,0.10375302319677898,0.2986451860258424,1.4239659117069279,-0.11180585510710185,0.09999999999999992,1.4,3.2421948978710385e-05,0.10727492631936397,-0.07526554138301023,1.4239659117069279,0.40750938673341663,0.09637046307884867,0.10486689794381958,1.4082030996594863,0.896551724137934
uric_acid,2.0,6.0,SWV,6,0.10392615174102585,0.2996524184901432,1.4276673368357853,-0.10770029123405825,0.09999999999999992,1.4,1.1562525173905791e-05,0.09647791219099928,-0.07567909470987183,1.4276673368357853,0.3987484355444304,0.09111389236545686,0.10171726341056603,1.4149738400787641,0.7931034482758598
uric_acid,2.0,6.0,SWV,7,0.10093993632449828,0.29983034461593694,1.4214146462324733,-0.10889395619766873,0.09999999999999992,1.4,-0.00011050031997651648,0.06710166338434115,-0.07189496076652237,1.4214146462324733,0.4005006257822278,0.09111389236545686,0.10171497070500493,1.4092951206791888,0.8571428571428598
uric_acid,2.0,6.0,SWV,8,0.1039963512313488,0.2985690782350061,1.4174509077696236,-0.11384870948417891,0.09999999999999992,1.4,0.00010840742611755135,0.08817436747190859,-0.08211056833280982,1.4174509077696236,0.40575719649561937,0.08936170212765959,0.09931122261808854,1.4014293081710099,0.9615384615384659
uric_acid,2.0,6.0,SWV,9,0.10428934288487136,0.300908609257191,1.4354181841705642,-0.11581202263967223,0.09999999999999992,1.4,-3.7112411817485874e-05,0.08868466955909649,-0.08259610607463197,1.4354181841705642,0.3987484355444304,0.09111389236545686,0.10178122516092981,1.4215551739153864,0.7931034482758598
uric_acid,2.0,6.5,SWV,0,0.10421230654316399,0.303079585193373,1.4128843852422373,-0.14741163989289896,0.09999999999999992,1.4,5.4972123604757e-07,0.10049638041241735,-0.10955013993360563,1.4128843852422373,0.38648310387984974,0.09637046307884856,0.10711347939844156,1.3972733273797675,0.6666666666666647
uric_acid,2.0,6.5,SWV,1,0.10297823996866744,0.30347117440350374,1.4152983225829021,-0.1372283476722098,0.09999999999999992,1.4,-5.4419013662926525e-05,0.08681091456691939,-0.08382256485898731,1.4152983225829021,0.3829787234042552,0.09637046307884856,0.10754252427388825,1.4016126216457903,0.8333333333333334
uric_acid,2.0,6.5,SWV,2,0.10356021313821072,0.30211821067454275,1.3814287344596816,-0.1095549649397641,0.09999999999999992,1.4,-3.356045006871818e-05,0.0676353777191946,-0.0743622791056694,1.3814287344596816,0.38122653316645794,0.09812265331664582,0.10818792900046978,1.3668869647639004,0.8666666666666671
uric_acid,2.0,6.5,SWV,3,0.1060217186687526,0.30284032689386436,1.4470186490717991,-0.12009164596994143,0.09999999999999992,1.4,-0.0001345881058280745,0.080509420376497,-0.1355816860605581,1.4470186490717991,0.38122653316645794,0.09461827284105129,0.1057071260748892,1.4291810183650384,0.8620689655172418
uric_acid,2.0,6.5,SWV,4,0.1049800125811384,0.302755595833355,1.4311672521709478,-0.1285290020075891,0.09999999999999992,1.4,-5.738364424234125e-05,0.07807705206635826,-0.08286584247292411,1.4311672521709478,0.3847309136420525,0.09637046307884856,0.1070020089019357,1.41637068625984,0.7741935483870961
uric_acid,2.0,6.5,SWV,5,0.10468955107939613,0.3009949653863495,1.4068996425883036,-0.10940993835094076,0.09999999999999992,1.4,3.231922188701091e-05,0.10285992995723553,-0.09157996990547651,1.4068996425883036,0.3829787234042552,0.09637046307884856,0.10636635050132655,1.389604683917045,0.7741935483870961
uric_acid,2.0,6.5,SWV,6,0.1048630020053183,0.30250881289771253,1.4379351903322388,-0.10815770321013957,0.09999999999999992,1.4,1.1420955868056371e-05,0.1128598747054292,-0.08439506381629447,1.4379351903322388,0.38122653316645794,0.09461827284105129,0.1059077055661218,1.4243117404915266,0.8620689655172418
uric_acid,2.0,6.5,SWV,7,0.10187122597408765,0.3017683006168588,1.3985022849625919,-0.10935450947173206,0.09999999999999992,1.4,-0.0001108691818104553,0.06722661409109386,-0.08070029779274612,1.3985022849625919,0.3847309136420525,0.09637046307884856,0.10677489506017367,1.386332786190682,0.7187499999999987
uric_acid,2.0,6.5,SWV,8,0.10493333221371197,0.3024835043790703,1.4160243440892966,-0.1143193544974352,0.09999999999999992,1.4,0.00010844619114964822,0.0885920105616611,-0.08799857215387791,1.4160243440892966,0.38122653316645794,0.09461827284105129,0.10570755323222021,1.399802882742239,0.7999999999999996
uric_acid,2.0,6.5,SWV,9,0.10522686944532227,0.30399606152102243,1.4279707470667302,-0.11628532348758458,0.09999999999999992,1.4,-3.734461844601704e-05,0.1050041838011076,-0.09892418479981979,1.4279707470667302,0.38122653316645794,0.09812265331664582,0.10892596102018902,1.41423314861754,0.931034482758622
uric_acid,2.0,7.0,SWV,0,0.10514595926583775,0.3064541000514763,1.3889119099595095,-0.14421099269542642,0.09999999999999992,1.4,4.394143601026048e-07,0.10385122844401085,-0.11019922788730224,1.3889119099595095,0.3409261576971213,0.09812265331664571,0.11004328232182894,1.3728915851556631,0.5135135135135137
uric_acid,2.0,7.0,SWV,1,0.10390641186326098,0.30672910007301296,1.4331278241252658,-0.13800893093416883,0.09999999999999992,1.4,-5.477345176484741e-05,0.09779657704160688,-0.08606462117384761,1.4331278241252658,0.3409261576971213,0.09637046307884845,0.1092062640862768,1.4185647278277833,0.4864864864864863
uric_acid,2.0,7.0,SWV,2,0.10449096973524698,0.30494387981338966,1.4243218817859489,-0.11021262610498092,0.09999999999999992,1.4,-3.382224956959237e-05,0.07176178643890513,-0.07186563664102211,1.4243218817859489,0.34443053817271585,0.10337922403003752,0.11337639448324584,1.4091950335129113,0.6388888888888908
uric_acid,2.0,7.0,SWV,3,0.1069634074868782,0.30590074264614153,1.4277766324903785,-0.12079984351405579,0.09999999999999992,1.4,-0.00013529859685338194,0.09194317729224616,-0.1330685227594449,1.4277766324903785,0.3409261576971213,0.09812265331664571,0.1097126177894011,1.4107963081398074,0.5135135135135137
uric_acid,2.0,7.0,SWV,4,0.10591707489685782,0.30545007611637803,1.418666718060373,-0.12927259624037366,0.09999999999999992,1.4,-5.7751249081667425e-05,0.07858996013943134,-0.07913301297239372,1.418666718060373,0.3426783479349186,0.10513141426783479,0.11463688494412672,1.4038891065549186,0.5789473684210537
uric_acid,2.0,7.0,SWV,5,0.10562532337593192,0.3038092511270304,1.411611718737643,-0.11006814181936247,0.09999999999999992,1.4,3.2350012075730613e-05,0.10347931631536803,-0.08887138291615723,1.411611718737643,0.3409261576971213,0.09987484355444298,0.11036963088083851,1.3946111739616998,0.5405405405405411
uric_acid,2.0,7.0,SWV,6,0.10579954464498222,0.3051055690860962,1.4279462959257354,-0.10880868962082521,0.09999999999999992,1.4,1.1358931126373194e-05,0.12680680382566722,-0.08804357136762436,1.4279462959257354,0.33917396745932404,0.09637046307884845,0.10892159545543545,1.4138532572509865,0.4864864864864863
uric_acid,2.0,7.0,SWV,7,0.10279448131595054,0.30399777012839063,1.3829423127887985,-0.11001300213199579,0.09999999999999992,1.4,-0.00011147433058966783,0.07590650169866847,-0.08271032002613404,1.3829423127887985,0.3426783479349186,0.09637046307884845,0.10817247475352504,1.3702782073071733,0.5714285714285725
uric_acid,2.0,7.0,SWV,8,0.10587018720911828,0.3065477857218637,1.3974387658899856,-0.1150019617477481,0.09999999999999992,1.4,0.00010881508208545742,0.08942429190635959,-0.08527407919500316,1.3974387658899856,0.35494367959949924,0.09812265331664571,0.11007291621335,1.3819571240782165,1.0
uric_acid,2.0,7.0,SWV,9,0.10616502812007206,0.3069956782521392,1.427225658964993,-0.11697427695461478,0.09999999999999992,1.4,-3.762322447640189e-05,0.10972901184633793,-0.09624821548287887,1.427225658964993,0.3409261576971213,0.09812265331664571,0.11060409336602799,1.4126621190388522,0.5135135135135137
uric_acid,2.0,7.5,SWV,0,0.10606680639759256,0.3093824643854931,1.4802960194800079,-0.14686123683213181,0.09999999999999992,1.4,6.607352486389783e-07,0.11416256995939336,-0.11208847407984021,1.4802960194800079,0.3216520650813516,0.09461827284105129,0.10702549890783528,1.4649823556106334,0.7419354838709666
uric_acid,2.0,7.5,SWV,1,0.10480124217812639,0.3094368341156356,1.4763307543371906,-0.14052103099722513,0.09999999999999992,1.4,-5.57109917838696e-05,0.08215820868651003,-0.0807199579228878,1.4763307543371906,0.31814768460575715,0.09286608260325402,0.10582042638936114,1.4619192417203752,0.6060606060606065
uric_acid,2.0,7.5,SWV,2,0.1053980693147529,0.3075411242022227,1.453830991656006,-0.11214199737507455,0.09999999999999992,1.4,-3.4320045541719765e-05,0.07182644238342784,-0.08187874020067099,1.453830991656006,0.33391739674593235,0.09637046307884856,0.10785935287372259,1.4388595912864368,0.8333333333333334
uric_acid,2.0,7.5,SWV,3,0.10792240097550042,0.3091022029613705,1.4687329708026056,-0.12296967566327796,0.09999999999999992,1.4,-0.00013792627631395064,0.08295150695259347,-0.1227729880864423,1.4687329708026056,0.3216520650813516,0.09461827284105129,0.10691545904315157,1.4516823038267093,0.6874999999999982
uric_acid,2.0,7.5,SWV,4,0.10685410694750405,0.30848404258634826,1.4671496053648756,-0.1316104521075331,0.09999999999999992,1.4,-5.875128998396721e-05,0.07981586895799335,-0.0778076421812181,1.4671496053648756,0.3216520650813516,0.09461827284105129,0.10689563725869328,1.4521397515302155,0.7419354838709666
uric_acid,2.0,7.5,SWV,5,0.10655623186415421,0.3065235685816743,1.4590614082909037,-0.11200065823931912,0.09999999999999992,1.4,3.324110337875275e-05,0.10522757268632892,-0.08989076787577033,1.4590614082909037,0.3321652065081351,0.09286608260325402,0.1050233427340901,1.4413402810021259,0.8928571428571437
uric_acid,2.0,7.5,SWV,6,0.10673410985730049,0.30736603564473763,1.4770157054594133,-0.11070694755522646,0.09999999999999992,1.4,1.1809441368731939e-05,0.11416676544257565,-0.07971697611673736,1.4770157054594133,0.3198998748435543,0.09286608260325402,0.10539703031643896,1.4621480644289275,0.6562499999999979
uric_acid,2.0,7.5,SWV,7,0.10366597335961872,0.3063183336155713,1.4328798479743345,-0.11194689131005978,0.09999999999999992,1.4,-0.00011360196336253479,0.08096970754623722,-0.07427178535018888,1.4328798479743345,0.3216520650813516,0.09812265331664582,0.10863249999352143,1.4206747553501884,0.749999999999999
uric_acid,2.0,7.5,SWV,8,0.10680623513573365,0.3098265819696048,1.4904376794244345,-0.11705031991927288,0.09999999999999992,1.4,0.0001113110960568206,0.09059513350246627,-0.10152746710229155,1.4904376794244345,0.3251564455569461,0.09111389236545686,0.10476152771505251,1.4736436172068401,0.7931034482758638
uric_acid,2.0,7.5,SWV,9,0.10710726445221008,0.30949422741197924,1.4869202717890755,-0.11905275983646757,0.09999999999999992,1.4,-3.820079897732689e-05,0.08932565510296198,-0.08517986067388572,1.4869202717890755,0.3216520650813516,0.09111389236545686,0.10469107998832426,1.4726175586378611,0.6774193548387099
uric_acid,2.0,8.0,SWV,0,0.1070169076758217,0.31173039518359913,1.4258651222358798,-0.14530185141668026,0.09999999999999992,1.4,1.236906537017534e-07,0.13087613288236322,-0.1111417297338482,1.4258651222358798,0.3041301627033791,0.0998748435544431,0.11305748019172525,1.410564883510308,0.965517241379312
uric_acid,2.0,8.0,SWV,1,0.10577228828366456,0.31191827732564337,1.4363049728788253,-0.13907286871819535,0.09999999999999992,1.4,-5.531509590083773e-05,0.08376048303295958,-0.08592679441380924,1.4363049728788253,0.3111389236545681,0.10162703379224036,0.11403463467351117,1.421447842000028,0.7058823529411782
uric_acid,2.0,8.0,SWV,2,0.10635923805403999,0.3100402617481684,1.4172599327858737,-0.11116295438091547,0.09999999999999992,1.4,-3.427816541555585e-05,0.07932187282328546,-0.08190201743693348,1.4172599327858737,0.3058823529411764,0.0998748435544431,0.11237296967000072,1.4012603485121378,0.9000000000000008
uric_acid,2.0,8.0,SWV,3,0.10884179254544919,0.3122312082926366,1.4286326210368758,-0.12179704571286795,0.09999999999999992,1.4,-0.00013616973439639917,0.10044909768128657,-0.11226066717980758,1.4286326210368758,0.2988735919899874,0.09637046307884856,0.11084056368174346,1.4108192664027097,0.8965517241379318
uric_acid,2.0,8.0,SWV,4,0.10779117856370217,0.31149854721422626,1.4340766936231242,-0.13030255473489177,0.09999999999999992,1.4,-5.8305077791586024e-05,0.07940338446039646,-0.0850652429649632,1.4340766936231242,0.3058823529411764,0.09637046307884856,0.11020676499860921,1.417136651063176,0.8965517241379318
uric_acid,2.0,8.0,SWV,5,0.10749823325166259,0.309521471730667,1.416969439942546,-0.11101907921551737,0.09999999999999992,1.4,3.2164860398104237e-05,0.1043943321357888,-0.10205693408075872,1.416969439942546,0.3006257822277847,0.0998748435544431,0.11218840750925378,1.39968356315832,0.9000000000000008
uric_acid,2.0,8.0,SWV,6,0.10767316740063945,0.3097134180501484,1.479594087879602,-0.10975294831030186,0.09999999999999992,1.4,1.1087887982527645e-05,0.08284034552457248,-0.08650911906373776,1.479594087879602,0.3111389236545681,0.09812265331664582,0.11096795125504194,1.4646186152415497,0.6969696969696987
uric_acid,2.0,8.0,SWV,7,0.10465580793040209,0.3087794105144071,1.424092677662982,-0.11096420714766447,0.09999999999999992,1.4,-0.0001122479838170404,0.08006479771275704,-0.07181635287584011,1.424092677662982,0.3041301627033791,0.09637046307884856,0.10969879132934873,1.4111827720534735,0.9642857142857161
uric_acid,2.0,8.0,SWV,8,0.10774409902056192,0.3123536887154395,1.4218850438178487,-0.115975482542652,0.09999999999999992,1.4,0.00010894281076847283,0.09000428580469676,-0.10138037588802284,1.4218850438178487,0.31289111389236535,0.10162703379224036,0.11427172765933899,1.405601933907302,0.6571428571428582
uric_acid,2.0,8.0,SWV,9,0.10804014636381915,0.31163646750800367,1.4443225270082731,-0.1179536705746819,0.09999999999999992,1.4,-3.8094693180677177e-05,0.08880120252874699,-0.07737799529792269,1.4443225270082731,0.3111389236545681,0.09812265331664582,0.11199555580291931,1.4298592841008297,0.6969696969696987
uric_acid,5.0,6.0,SWV,0,0.21200240386109329,0.6212348397915478,2.9492545257827345,-0.3072809852226179,0.09999999999999992,1.4,-1.237814211911617e-06,0.20660727058301961,-0.22590908903655907,2.9492545257827345,0.40225281602002483,0.0946182728410514,0.21481666921248946,2.919968993496142,0.8620689655172358
uric_acid,5.0,6.0,SWV,1,0.2094520615180232,0.6219703959367187,2.9999390417533762,-0.28508848282991617,0.09999999999999992,1.4,-0.0001148371086543849,0.16538538656193025,-0.16064925925539697,2.9999390417533762,0.4005006257822278,0.09111389236545686,0.20948138008278003,2.973416072736556,0.8571428571428598
uric_acid,5.0,6.0,SWV,2,0.21065477687187062,0.6208302895708875,2.979984386120514,-0.22793891630190766,0.09999999999999992,1.4,-7.173045699612079e-05,0.13927536412970884,-0.17398186408951272,2.979984386120514,0.3987484355444304,0.08936170212765959,0.20739516599712707,2.9533740651444065,0.7586206896551698
uric_acid,5.0,6.0,SWV,3,0.21574176481237395,0.6223229025630796,2.9446291270504275,-0.25064635535192564,0.09999999999999992,1.4,-0.00028051587719057707,0.21307710108733624,-0.24681861608084366,2.9446291270504275,0.41276595744680844,0.09637046307884845,0.21788011458481651,2.910367951536349,0.774193548387094
uric_acid,5.0,6.0,SWV,4,0.21358895782514944,0.6228438875051518,2.9562041406598,-0.2675845800323926,0.09999999999999992,1.4,-0.00012096386312168438,0.1777211377008432,-0.176807251144675,2.9562041406598,0.40750938673341663,0.09812265331664571,0.22143427517847655,2.927635280421427,1.0
uric_acid,5.0,6.0,SWV,5,0.21298868529347734,0.6188143991928282,2.9482527316157383,-0.2329420148621612,0.09999999999999992,1.4,6.441755998165586e-05,0.22216842746364396,-0.15588394351357415,2.9482527316157383,0.40750938673341663,0.09812265331664571,0.21983805987551244,2.9176040024775243,0.9310344827586198
uric_acid,5.0,6.0,SWV,6,0.21334714183866363,0.6209001782205188,2.95593435265104,-0.22497258577711798,0.09999999999999992,1.4,2.122885863738216e-05,0.199798402638307,-0.1567257602284448,2.95593435265104,0.3987484355444304,0.09111389236545686,0.21075745498018106,2.9316237170108046,0.7931034482758598
uric_acid,5.0,6.0,SWV,7,0.20716428813278276,0.621267845902157,2.9429888963841324,-0.2279720930700001,0.09999999999999992,1.4,-0.00023149795748970942,0.13893224953646902,-0.14890974511211988,2.9429888963841324,0.4005006257822278,0.09111389236545686,0.2107297437855544,2.919614609161206,0.8571428571428598
uric_acid,5.0,6.0,SWV,8,0.21349248740767116,0.6186590830468351,2.9347712032942392,-0.23872829846795446,0.09999999999999992,1.4,0.0002217428106386584,0.18258466715431798,-0.17003484989717005,2.9347712032942392,0.40575719649561937,0.08936170212765959,0.20577047119714922,2.9035360624078965,0.9615384615384659
uric_acid,5.0,6.0,SWV,9,0.21409911629343342,0.6235015392327734,2.971982208710694,-0.24221837497704576,0.09999999999999992,1.4,-7.955088179765143e-05,0.1836797541658186,-0.1710616191825638,2.971982208710694,0.3987484355444304,0.09111389236545686,0.21085452478178848,2.944862042706824,0.7931034482758598
uric_acid,5.0,6.5,SWV,0,0.2139405142104587,0.6280039912902359,2.9253078312914362,-0.3067620117861358,0.09999999999999992,1.4,-1.5728452638173046e-06,0.20811274406338567,-0.226855216996361,2.9253078312914362,0.38648310387984974,0.09637046307884856,0.22193322330873075,2.894891722492406,0.6666666666666647
uric_acid,5.0,6.5,SWV,1,0.211385416084424,0.6288151509140846,2.9303258849915346,-0.28615854879349517,0.09999999999999992,1.4,-0.00011538397541954862,0.17977006442506177,-0.17358394734930427,2.9303258849915346,0.3829787234042552,0.09637046307884856,0.22283507646181366,2.904036422249652,0.8333333333333334
uric_acid,5.0,6.5,SWV,2,0.21259037421685625,0.6260130116583866,2.8602070938582242,-0.22889705512400926,0.09999999999999992,1.4,-7.219694009037426e-05,0.14005991980652624,-0.15400906823865235,2.8602070938582242,0.38122653316645794,0.09812265331664582,0.22416669927081356,2.832073230368377,0.8666666666666671
uric_acid,5.0,6.5,SWV,3,0.21768684818211,0.6275085610344955,2.9960090606042757,-0.2516437734414377,0.09999999999999992,1.4,-0.00028137169552341386,0.16672997904438291,-0.28078245620104436,2.9960090606042757,0.38122653316645794,0.09461827284105129,0.21900919673330016,2.9608764761133655,0.8620689655172418
uric_acid,5.0,6.5,SWV,4,0.21553002672097626,0.6273294687667811,2.963172934621026,-0.2686127124793747,0.09999999999999992,1.4,-0.00012152215482930922,0.16168210366797023,-0.1716362583236326,2.963172934621026,0.3847309136420525,0.09637046307884856,0.22170730634263572,2.9344937103075437,0.7741935483870961
uric_acid,5.0,6.5,SWV,5,0.21492863482354999,0.623685429218065,2.912936667943728,-0.2289121072370665,0.09999999999999992,1.4,6.420496061464439e-05,0.21300609885921126,-0.18967821205925306,2.912936667943728,0.3829787234042552,0.09637046307884856,0.22036228468158023,2.878784737436117,0.7741935483870961
uric_acid,5.0,6.5,SWV,6,0.21528775980508794,0.6268198059906026,2.977202029538847,-0.2259203610517554,0.09999999999999992,1.4,2.0935722596275627e-05,0.2337326651671217,-0.17480207776990686,2.977202029538847,0.38122653316645794,0.09461827284105129,0.2194524792506915,2.951090587103613,0.8620689655172418
uric_acid,5.0,6.5,SWV,7,0.20909337654498594,0.6252864687102604,2.895541091877775,-0.22892638161112733,0.09999999999999992,1.4,-0.0002322623690401963,0.1391913262798507,-0.16715217464636112,2.895541091877775,0.3847309136420525,0.09637046307884856,0.22124423533469914,2.8723755718835964,0.7187499999999987
uric_acid,5.0,6.5,SWV,8,0.21543337640907345,0.6267686345750807,2.9318362742934183,-0.2397035115399876,0.09999999999999992,1.4,0.00022182358551177855,0.18344998436348503,-0.1822630345697993,2.9318362742934183,0.38122653316645794,0.09461827284105129,0.21901516581330288,2.9001043818572176,0.7999999999999996
uric_acid,5.0,6.5,SWV,9,0.21604113651368118,0.6298994117297803,2.95657094622386,-0.24319909474056983,0.09999999999999992,1.4,-8.003194812742483e-05,0.21744075954898273,-0.20488419048986406,2.95657094622386,0.38122653316645794,0.09812265331664582,0.22564670321044494,2.9296126465931756,0.931034482758622
uric_acid,5.0,7.0,SWV,0,0.21587451522860857,0.6349919283320886,2.8756695072907466,-0.3010228907068506,0.09999999999999992,1.4,-1.8014960913136785e-06,0.21509356047271833,-0.22819916542200522,2.8756695072907466,0.3409261576971213,0.09812265331664571,0.2279870006588574,2.8442470628993304,0.5135135135135137
uric_acid,5.0,7.0,SWV,1,0.21330807374362204,0.6355617679286008,2.967217080361129,-0.28777464610688386,0.09999999999999992,1.4,-0.00011611789079595355,0.20255767659538404,-0.17822534321266004,2.967217080361129,0.3409261576971213,0.09637046307884845,0.2262967196146537,2.939274590919221,0.4864864864864863
uric_acid,5.0,7.0,SWV,2,0.2145183812880707,0.6318649295691396,2.9490108710571272,-0.23025874725571335,0.09999999999999992,1.4,-7.273912660955319e-05,0.1486184134622206,-0.1488396082228481,2.9490108710571272,0.34443053817271585,0.10337922403003752,0.23496875145914614,2.9201663465214747,0.6388888888888908
uric_acid,5.0,7.0,SWV,3,0.21963748105113126,0.6338463647963368,2.956137616859097,-0.2531100576330998,0.09999999999999992,1.4,-0.00028284251343657516,0.19043840797060985,-0.27557606633475834,2.956137616859097,0.3409261576971213,0.09812265331664571,0.22729680203810385,2.92267077249317,0.5135135135135137
uric_acid,5.0,7.0,SWV,4,0.21747108438042762,0.632909864361735,2.937290259498083,-0.27015225518953767,0.09999999999999992,1.4,-0.00012228332065517716,0.16274421478426795,-0.16387241445180822,2.937290259498083,0.3426783479349186,0.10513141426783479,0.23752468982136396,2.908627062049423,0.5789473684210537
uric_acid,5.0,7.0,SWV,5,0.21686702260347931,0.6295137916223168,2.9226687029877856,-0.2302749215264168,0.09999999999999992,1.4,6.426833037748988e-05,0.2142885755774792,-0.18406736487181546,2.9226687029877856,0.3409261576971213,0.09987484355444298,0.22870233975149737,2.8895957123464613,0.5405405405405411
uric_acid,5.0,7.0,SWV,6,0.21722774192048824,0.6321979232463985,2.9564719281887464,-0.22726823860613093,0.09999999999999992,1.4,2.080699856302994e-05,0.2626223123774437,-0.18232249565371395,2.9564719281887464,0.33917396745932404,0.09637046307884845,0.22571911092196248,2.929625595733093,0.4864864864864863
uric_acid,5.0,7.0,SWV,7,0.2110058586939119,0.6299043656875133,2.863324071900218,-0.23028979442442726,0.09999999999999992,1.4,-0.00023351516608264948,0.15723493735207728,-0.17128017692979325,2.863324071900218,0.3426783479349186,0.09637046307884845,0.22411838243952767,2.8389205890750584,0.5714285714285725
uric_acid,5.0,7.0,SWV,8,0.21737400498943404,0.6351842793191927,2.8932984135238473,-0.24111683295229874,0.09999999999999992,1.4,0.00022258670321051894,0.18522313993259287,-0.17661926769951364,2.8932984135238473,0.35494367959949924,0.09812265331664571,0.22810349426653245,2.8635544995894997,1.0
uric_acid,5.0,7.0,SWV,9,0.2179844632452215,0.6361113879486388,2.9549968445822654,-0.24462555055760174,0.09999999999999992,1.4,-8.060891816730354e-05,0.2272273252669178,-0.19934085024855674,2.9549968445822654,0.3409261576971213,0.09812265331664571,0.22915465840231064,2.9266570436518697,0.5135135135135137
uric_acid,5.0,7.5,SWV,0,0.21778199325532438,0.6410521610306302,3.0649057865261784,-0.3065113910495382,0.09999999999999992,1.4,-1.3432782682308748e-06,0.23642000168454685,-0.23211173417215578,3.0649057865261784,0.3216520650813516,0.09461827284105129,0.22175621604115173,3.0351962820188865,0.7419354838709666
uric_acid,5.0,7.5,SWV,1,0.21516167419551976,0.6411653423903083,3.0566747422453564,-0.29297706735242557,0.09999999999999992,1.4,-0.00011805952901660387,0.17016363355352238,-0.16715362689992735,3.0566747422453564,0.31814768460575715,0.09286608260325402,0.21930299927072236,3.029307352435874,0.6060606060606065
uric_acid,5.0,7.5,SWV,2,0.21639738985297627,0.6372397287460727,3.0101074579120426,-0.2342544100271962,0.09999999999999992,1.4,-7.377010989158828e-05,0.14875418918734618,-0.16955829376575027,3.0101074579120426,0.33391739674593235,0.09637046307884856,0.22353110696031991,2.9815846704448914,0.8333333333333334
uric_acid,5.0,7.5,SWV,3,0.22162395541336719,0.6404718485746973,3.040964783475677,-0.2576036848170476,0.09999999999999992,1.4,-0.0002882842191175109,0.17179918798364635,-0.2542487897222363,3.040964783475677,0.3216520650813516,0.09461827284105129,0.22152355964308457,3.0076061976374264,0.6874999999999982
uric_acid,5.0,7.5,SWV,4,0.21941207935051898,0.6391886024400645,3.037686464942881,-0.27499383848482895,0.09999999999999992,1.4,-0.00012435439039042278,0.165283094926437,-0.16112644372540008,3.037686464942881,0.3216520650813516,0.09461827284105129,0.22148053405998758,3.0085340531363394,0.7419354838709666
uric_acid,5.0,7.5,SWV,5,0.21879533644143795,0.6351308482049813,3.0209434962292905,-0.23427709750734632,0.09999999999999992,1.4,6.61135589855882e-05,0.21790917203551988,-0.18616862734334472,3.0209434962292905,0.3321652065081351,0.09286608260325402,0.2175641675508602,2.985770755075646,0.8928571428571437
uric_acid,5.0,7.5,SWV,6,0.2191636283768386,0.6368756234798227,3.058104799815508,-0.23119946954691548,0.09999999999999992,1.4,2.1739838881653337e-05,0.2364387571310731,-0.16507389169752806,3.058104799815508,0.3198998748435543,0.09286608260325402,0.21839359280651666,3.0294400747413164,0.6562499999999979
uric_acid,5.0,7.5,SWV,7,0.21281112850421366,0.6347064196802796,2.966731789483432,-0.23429481321575713,0.09999999999999992,1.4,-0.00023792133759567902,0.1676846478140941,-0.1537997604204308,2.966731789483432,0.3216520650813516,0.09812265331664582,0.22509355210397156,2.943515775122825,0.749999999999999
uric_acid,5.0,7.5,SWV,8,0.2193129619617055,0.6419698460998658,3.085913933703083,-0.24535890271668753,0.09999999999999992,1.4,0.00022775552599650238,0.18759826076077424,-0.2102375724271094,3.085913933703083,0.3251564455569461,0.09111389236545686,0.21704791849680136,3.052959707831922,0.7931034482758638
uric_acid,5.0,7.5,SWV,9,0.2199362356315758,0.6412819583460858,3.0786211352342243,-0.24893000483049782,0.09999999999999992,1.4,-8.180511280753082e-05,0.1849860052489346,-0.17641315976239583,3.0786211352342243,0.3216520650813516,0.09111389236545686,0.21688268762334562,3.0506125874389234,0.6774193548387099
uric_acid,5.0,8.0,SWV,0,0.21975006906860847,0.6459069846896468,2.952130747469405,-0.3032799571706982,0.09999999999999992,1.4,-2.455958085862079e-06,0.2710402000198543,-0.2301497596537223,2.952130747469405,0.3041301627033791,0.0998748435544431,0.23421056073277088,2.922040190639166,0.965517241379312
uric_acid,5.0,8.0,SWV,1,0.21717314998377293,0.6462965048190225,2.973794012513917,-0.2899760999873375,0.09999999999999992,1.4,-0.00011723905403691833,0.1734909067032649,-0.17797298035091125,2.973794012513917,0.3111389236545681,0.10162703379224036,0.23630530855497436,2.9453121005810434,0.7058823529411782
uric_acid,5.0,8.0,SWV,2,0.21838839865710333,0.6424075465152767,2.9343115527888544,-0.23222550917400087,0.09999999999999992,1.4,-7.368319431346828e-05,0.1642998121647708,-0.1696400099118529,2.9343115527888544,0.3058823529411764,0.0998748435544431,0.23285622822802549,2.9034029318877086,0.9000000000000008
uric_acid,5.0,8.0,SWV,3,0.22352839734936927,0.6469434006970003,2.957855941625932,-0.2551736505990539,0.09999999999999992,1.4,-0.00028464433660733594,0.20804380685710555,-0.23247246390320866,2.957855941625932,0.2988735919899874,0.09637046307884856,0.22967226785353165,2.923133495670282,0.8965517241379318
uric_acid,5.0,8.0,SWV,4,0.22135315627774602,0.6454232433768953,2.969129772896704,-0.2722835153605413,0.09999999999999992,1.4,-0.00012342965450974657,0.16442816528742904,-0.1761891833242143,2.969129772896704,0.3058823529411764,0.09637046307884856,0.22831850029557527,2.935781772436771,0.8965517241379318
uric_acid,5.0,8.0,SWV,5,0.2207466283944712,0.6413311040189401,2.933711714436694,-0.23224294172321447,0.09999999999999992,1.4,6.388360108788758e-05,0.21618238980627663,-0.21136958738656353,2.933711714436694,0.3006257822277847,0.0998748435544431,0.2324869352922916,2.900268386516503,0.9000000000000008
uric_acid,5.0,8.0,SWV,6,0.22110882036249652,0.6417293692968578,3.063421851605996,-0.22922246208371566,0.09999999999999992,1.4,2.0244836650739043e-05,0.171558504553583,-0.17914282095877299,3.063421851605996,0.3111389236545681,0.09812265331664582,0.22996610534278017,3.0348541906140665,0.6969696969696987
uric_acid,5.0,8.0,SWV,7,0.21486153604918737,0.6397955078409469,2.948460994068892,-0.23225836746348244,0.09999999999999992,1.4,-0.00023511560838803343,0.16581172098502117,-0.14873596004480755,2.948460994068892,0.3041301627033791,0.09637046307884856,0.22731960244136362,2.924005428877044,0.9642857142857161
uric_acid,5.0,8.0,SWV,8,0.22125568055626207,0.6471955816858834,2.9439277752876523,-0.24313150541672543,0.09999999999999992,1.4,0.00022284831500018402,0.18637374305669038,-0.20993207234737654,2.9439277752876523,0.31289111389236535,0.10162703379224036,0.2367785627055835,2.9123199276606426,0.6571428571428582
uric_acid,5.0,8.0,SWV,9,0.2218686310322564,0.6457110654012821,2.9903939372620503,-0.24665235496967308,0.09999999999999992,1.4,-8.158511460951957e-05,0.18392745168388258,-0.16024642301568032,2.9903939372620503,0.3111389236545681,0.09812265331664582,0.23198483098616057,2.9617772341952433,0.6969696969696987
uric_acid,10.0,6.0,SWV,0,0.3287819004225802,0.9664660811224478,4.5870165110598045,-0.47872318620335674,0.09999999999999992,1.4,-3.331517967394247e-06,0.32135871671597693,-0.35137766056113695,4.5870165110598045,0.40225281602002483,0.0946182728410514,0.33419978684061913,4.542589660735738,0.8620689655172358
uric_acid,10.0,6.0,SWV,1,0.32481531682284215,0.9676103171588419,4.665847718666723,-0.44445586871819887,0.09999999999999992,1.4,-0.00018001411099327573,0.25724220910964324,-0.24987359386190278,4.665847718666723,0.4005006257822278,0.09111389236545686,0.3259017306270338,4.625747284342617,0.8571428571428598
uric_acid,10.0,6.0,SWV,2,0.3266859170623306,0.9658363660723653,4.63481169058824,-0.3555887144339439,0.09999999999999992,1.4,-0.00011296972459083819,0.21662875991944755,-0.2706243503651257,4.63481169058824,0.3987484355444304,0.08936170212765959,0.3226194929479705,4.5941716575102625,0.7586206896551698
uric_acid,10.0,6.0,SWV,3,0.33459778151915304,0.968158076083937,4.579796191196591,-0.39138879414424094,0.09999999999999992,1.4,-0.0004376966483538639,0.33143362210913807,-0.383906064465805,4.579796191196591,0.41276595744680844,0.09637046307884845,0.3389502420923172,4.527469875692403,0.774193548387094
uric_acid,10.0,6.0,SWV,4,0.33124949029380857,0.9689663519255682,4.5978166255377255,-0.417473492019135,0.09999999999999992,1.4,-0.00018954313906891808,0.2764246962313144,-0.27500754227056823,4.5978166255377255,0.40750938673341663,0.09812265331664571,0.344486186469263,4.5544159017328445,1.0
uric_acid,10.0,6.0,SWV,5,0.3303158779158571,0.9626999574947539,4.585449686332609,-0.3630512234879658,0.09999999999999992,1.4,9.878321624407892e-05,0.34557255832231504,-0.24247407913529062,4.585449686332609,0.40750938673341663,0.09812265331664571,0.3420043992845978,4.538822002956694,0.9310344827586198
uric_acid,10.0,6.0,SWV,6,0.33087339046205244,0.9659441748823472,4.59740633260076,-0.3509317169529971,0.09999999999999992,1.4,3.1611216801855324e-05,0.3107722627483783,-0.24377588245209736,4.59740633260076,0.3987484355444304,0.09111389236545686,0.3278532060032665,4.560382151148167,0.7931034482758598
uric_acid,10.0,6.0,SWV,7,0.3212571104453847,0.9665156393727621,4.57727235025073,-0.35587083267361536,0.09999999999999992,1.4,-0.0003614583829668418,0.21608361984801383,-0.2316293282981321,4.57727235025073,0.4005006257822278,0.09111389236545686,0.327819685242441,4.5418096153085585,0.8571428571428598
uric_acid,10.0,6.0,SWV,8,0.3310994484859433,0.9624595645177716,4.564485594783642,-0.3728582273764542,0.09999999999999992,1.4,0.0003434734088279966,0.2839883223687578,-0.2644720412070385,4.564485594783642,0.40575719649561937,0.08936170212765959,0.320108008627739,4.516825143997064,0.9615384615384659
uric_acid,10.0,6.0,SWV,9,0.33204294699151865,0.9699903476891164,4.622365790624168,-0.37798816082089154,0.09999999999999992,1.4,-0.00012513294214671795,0.2857115117063713,-0.2660801332614535,4.622365790624168,0.3987484355444304,0.09111389236545686,0.3280122191228192,4.581060137892326,0.7931034482758598
uric_acid,10.0,6.5,SWV,0,0.3317967372605159,0.9769969753937429,4.549762643714649,-0.47791611493072367,0.09999999999999992,1.4,-3.852638911821145e-06,0.32370069020701836,-0.3528495590267279,4.549762643714649,0.38648310387984974,0.09637046307884856,0.34524901897055976,4.503350236178719,0.6666666666666647
uric_acid,10.0,6.5,SWV,1,0.32782275339394024,0.9782587843811196,4.557577711282288,-0.4461206166645054,0.09999999999999992,1.4,-0.00018086486026925387,0.27961507723565915,-0.26999432113519994,4.557577711282288,0.3829787234042552,0.09637046307884856,0.3466428196902449,4.517491479810475,0.8333333333333334
uric_acid,10.0,6.5,SWV,2,0.3296968435235496,0.9739001241917328,4.448524590989992,-0.35707930013671707,0.09999999999999992,1.4,-0.00011369539233585615,0.21784924278921575,-0.23955561952963403,4.448524590989992,0.38122653316645794,0.09812265331664582,0.3487424287421294,4.405852340075907,0.8666666666666671
uric_acid,10.0,6.5,SWV,3,0.33762346877053084,0.9762263975914562,4.659739502620639,-0.39294050294785954,0.09999999999999992,1.4,-0.0004390281437147044,0.25933724576174155,-0.4367388389445299,4.659739502620639,0.38122653316645794,0.09461827284105129,0.3406968795558447,4.605955460961563,0.8620689655172418
uric_acid,10.0,6.5,SWV,4,0.33426893079709835,0.9759459563831406,4.608660519474816,-0.41907299409721843,0.09999999999999992,1.4,-0.00019041166620049606,0.2514801220548868,-0.2669822605336527,4.608660519474816,0.3847309136420525,0.09637046307884856,0.3449239397247574,4.565222280607003,0.7741935483870961
uric_acid,10.0,6.5,SWV,5,0.3333335766228263,0.9702789958703301,4.530531991473629,-0.3572662886332756,0.09999999999999992,1.4,9.84526059146957e-05,0.3313112432354074,-0.2950429906688652,4.530531991473629,0.3829787234042552,0.09637046307884856,0.3428072348464309,4.478324986846292,0.7741935483870961
uric_acid,10.0,6.5,SWV,6,0.3338921292937293,0.9751539405808752,4.630488634612612,-0.3524061787334909,0.09999999999999992,1.4,3.11552868599187e-05,0.3635589956630137,-0.27190590757193545,4.630488634612612,0.38122653316645794,0.09461827284105129,0.34140797691189606,4.590964163094373,0.8620689655172418
uric_acid,10.0,6.5,SWV,7,0.32425790863965437,0.9727690508495566,4.503471662268158,-0.3573554294645519,0.09999999999999992,1.4,-0.0003626476442128806,0.21648675788999694,-0.2600078942298736,4.503471662268158,0.3847309136420525,0.09637046307884856,0.3441829010460167,4.468393028517317,0.7187499999999987
uric_acid,10.0,6.5,SWV,8,0.33411860906335067,0.9750749898491471,4.559930569697846,-0.37437538391902536,0.09999999999999992,1.4,0.0003435993053822138,0.2853344747432219,-0.28351004975727045,4.559930569697846,0.38122653316645794,0.09461827284105129,0.34071036996229415,4.511480510923258,0.7999999999999996
uric_acid,10.0,6.5,SWV,9,0.33506386780932595,0.9799438551412882,4.598400789762999,-0.3795138860863688,0.09999999999999992,1.4,-0.00012588130222967764,0.3382059705374413,-0.3186930854902821,4.598400789762999,0.38122653316645794,0.09812265331664582,0.35101342630368276,4.557242477752191,0.931034482758622
uric_acid,10.0,7.0,SWV,0,0.33480518644788115,0.9878659948374753,4.472557297016889,-0.46945048486726926,0.09999999999999992,1.4,-4.2083999095011985e-06,0.3345760652442933,-0.35493983907038995,4.472557297016889,0.3409261576971213,0.09812265331664571,0.3546411477025009,4.42432540321643,0.5135135135135137
uric_acid,10.0,7.0,SWV,1,0.33081356242993576,0.9887525136397841,4.614942577799649,-0.44863411795905933,0.09999999999999992,1.4,-0.00018200636234788357,0.3150788575975898,-0.2772127854024957,4.614942577799649,0.3409261576971213,0.09637046307884845,0.35206765237010207,4.57270340841246,0.4864864864864863
uric_acid,10.0,7.0,SWV,2,0.33269597147443686,0.9830024567600122,4.586639785459505,-0.35919717367687043,0.09999999999999992,1.4,-0.00011453873528210364,0.23116812396874498,-0.23151535547740199,4.586639785459505,0.34443053817271585,0.10337922403003752,0.3655679496925206,4.543061460493637,0.6388888888888908
uric_acid,10.0,7.0,SWV,3,0.34065778228681054,0.9860843581591703,4.597710525995869,-0.39522102835355455,0.09999999999999992,1.4,-0.0004413156090259303,0.29622958166218627,-0.42863972424898433,4.597710525995869,0.3409261576971213,0.09812265331664571,0.35360119227056425,4.546640566244107,0.5135135135135137
uric_acid,10.0,7.0,SWV,4,0.33728835382574324,0.9846260380918714,4.568404433634883,-0.4214674444312324,0.09999999999999992,1.4,-0.00019159554567857597,0.2531321179213147,-0.25488880863340224,4.568404433634883,0.3426783479349186,0.10513141426783479,0.3695325460690226,4.524991178277329,0.5789473684210537
uric_acid,10.0,7.0,SWV,5,0.33634884769973405,0.9793446991746672,4.545655834219421,-0.35938590713769736,0.09999999999999992,1.4,9.855096855345278e-05,0.3333059281182653,-0.28631490104641155,4.545655834219421,0.3409261576971213,0.09987484355444298,0.3557970240404647,4.495285699190364,0.5405405405405411
uric_acid,10.0,7.0,SWV,6,0.3369098797349207,0.9835194449519893,4.598221681360129,-0.3545025689977556,0.09999999999999992,1.4,3.0954922846845933e-05,0.4084982289700929,-0.2835850439609955,4.598221681360129,0.33917396745932404,0.09637046307884845,0.3511598554874196,4.557589801344566,0.4864864864864863
uric_acid,10.0,7.0,SWV,7,0.32723289365542607,0.9799522951458614,4.453363739093966,-0.35947597873852044,0.09999999999999992,1.4,-0.000364596063464,0.2445877015724056,-0.26641076397446417,4.453363739093966,0.3426783479349186,0.09637046307884845,0.3486528758800489,4.416351295418343,0.5714285714285725
uric_acid,10.0,7.0,SWV,8,0.337137364827551,0.988164320514375,4.499962479500957,-0.37657354646829766,0.09999999999999992,1.4,0.0003447858518263252,0.2881181989237327,-0.2747307664636177,4.499962479500957,0.35494367959949924,0.09812265331664571,0.3548770781014321,4.4548998288423585,1.0
uric_acid,10.0,7.0,SWV,9,0.3380868194907524,0.9896061427068522,4.595936266171187,-0.3817324740571063,0.09999999999999992,1.4,-0.00012677873731679093,0.3534292174593925,-0.3100699764783592,4.595936266171187,0.3409261576971213,0.09812265331664571,0.356498878448699,4.552923378310405,0.5135135135135137
uric_acid,10.0,7.5,SWV,0,0.3377723791395549,0.9972900863495675,4.766894054835028,-0.477987482616382,0.09999999999999992,1.4,-3.495737230793973e-06,0.3677335394634155,-0.36102560612316137,4.766894054835028,0.3216520650813516,0.09461827284105129,0.3449702584690196,4.721561215811641,0.7419354838709666
uric_acid,10.0,7.5,SWV,1,0.3336969530290164,0.997466435419129,4.754081247776351,-0.45672614343764084,0.09999999999999992,1.4,-0.00018502647641472508,0.2646879787810532,-0.259989789875266,4.754081247776351,0.31814768460575715,0.09286608260325402,0.34120063952604324,4.712894670810451,0.6060606060606065
uric_acid,10.0,7.5,SWV,2,0.33561888228292,0.991360555748786,4.681663662409267,-0.3654121865794751,0.09999999999999992,1.4,-0.00011614240123033752,0.2313802876063693,-0.26373262907639083,4.681663662409267,0.33391739674593235,0.09637046307884856,0.347771139127406,4.638585681392861,0.8333333333333334
uric_acid,10.0,7.5,SWV,3,0.3437478472170018,0.9963874969727055,4.729658211902309,-0.4022105835377632,0.09999999999999992,1.4,-0.0004497797873139284,0.26722817872070315,-0.3954635396273485,4.729658211902309,0.3216520650813516,0.09461827284105129,0.3446229689265588,4.678802945757139,0.6874999999999982
uric_acid,10.0,7.5,SWV,4,0.3403076793389425,0.9943899014256259,4.724559388193331,-0.4289982164456283,0.09999999999999992,1.4,-0.00019481697971587519,0.25708122652217275,-0.25061700834692924,4.724559388193331,0.3216520650813516,0.09461827284105129,0.3445576021065146,4.680263335924014,0.7419354838709666
uric_acid,10.0,7.5,SWV,5,0.33934844876518716,0.9880795128289677,4.698520553644595,-0.36561105079522743,0.09999999999999992,1.4,0.00010142101130404153,0.338937556521688,-0.2895781801048143,4.698520553644595,0.3321652065081351,0.09286608260325402,0.33844075195169576,4.6445970491563315,0.8928571428571437
uric_acid,10.0,7.5,SWV,6,0.3399212593793055,0.9907934334282522,4.7563116048646465,-0.3606173635379889,0.09999999999999992,1.4,3.2405821395530794e-05,0.36776793338908775,-0.2567535417657848,4.7563116048646465,0.3198998748435543,0.09286608260325402,0.3397602710366001,4.712827789521289,0.6562499999999979
uric_acid,10.0,7.5,SWV,7,0.33004110995581565,0.9874196539907029,4.614202393326536,-0.36570554415150613,0.09999999999999992,1.4,-0.00037144955436461155,0.26082291699068116,-0.23921869660698702,4.614202393326536,0.3216520650813516,0.09812265331664582,0.35017468116562483,4.579091881203168,0.749999999999999
uric_acid,10.0,7.5,SWV,8,0.340153520404416,0.9987164187912397,4.799573614224595,-0.3831718249805774,0.09999999999999992,1.4,0.00035282546926504866,0.291786804853031,-0.32700027814635857,4.799573614224595,0.3251564455569461,0.09111389236545686,0.33765181970682795,4.749262175540344,0.7931034482758638
uric_acid,10.0,7.5,SWV,9,0.3411229083797834,0.9976466620335087,4.788225766341976,-0.3884277864907526,0.09999999999999992,1.4,-0.00012863937581034178,0.2877323072575724,-0.2744044810056104,4.788225766341976,0.3216520650813516,0.09111389236545686,0.33740591293041733,4.7457280248845795,0.6774193548387099
uric_acid,10.0,8.0,SWV,0,0.3408338350090091,1.0048374995895537,4.591453085683191,-0.4729601448324211,0.09999999999999992,1.4,-5.226691917245667e-06,0.4215867906490113,-0.35797319919729065,4.591453085683191,0.3041301627033791,0.0998748435544431,0.36433717126764603,4.54546889926717,0.965517241379312
uric_acid,10.0,8.0,SWV,1,0.3368259273653708,1.0054435935204469,4.625171129159015,-0.4520573483875271,0.09999999999999992,1.4,-0.00018374997203492936,0.26986802842322244,-0.27683740228335374,4.625171129159015,0.3111389236545681,0.10162703379224036,0.36763306939062,4.582055193131023,0.7058823529411782
uric_acid,10.0,8.0,SWV,2,0.3387160156011342,0.9993947347243326,4.563737366866129,-0.36225566061842585,0.09999999999999992,1.4,-0.00011600711424085533,0.2555724136796996,-0.26387711294047045,4.563737366866129,0.3058823529411764,0.0998748435544431,0.3622641726051632,4.516815336254062,0.9000000000000008
uric_acid,10.0,8.0,SWV,3,0.346710306212839,1.0064491928724004,4.6003550637401025,-0.3984300039953276,0.09999999999999992,1.4,-0.000444117057500564,0.32360849449039253,-0.3615888381616764,4.6003550637401025,0.2988735919899874,0.09637046307884856,0.35729753902990874,4.547379879353769,0.8965517241379318
uric_acid,10.0,8.0,SWV,4,0.34332713234097834,1.00408320816956,4.61789048767203,-0.42478158418068324,0.09999999999999992,1.4,-0.00019337827394777033,0.255751078027575,-0.274063045191558,4.61789048767203,0.3058823529411764,0.09637046307884856,0.355171113213024,4.566834661291683,0.8965517241379318
uric_acid,10.0,8.0,SWV,5,0.3423837935478582,0.9977193335428352,4.562805268523001,-0.362446349601852,0.09999999999999992,1.4,9.795187812506104e-05,0.336251044341245,-0.3287794742705761,4.562805268523001,0.3006257822277847,0.0998748435544431,0.3616856847170819,4.511899701979113,0.9000000000000008
uric_acid,10.0,8.0,SWV,6,0.34294711428449104,0.9983392001559513,4.764570190423233,-0.35754156946997484,0.09999999999999992,1.4,3.0080077812892834e-05,0.2668483790662237,-0.2786382785497368,4.764570190423233,0.3111389236545681,0.09812265331664582,0.3577860164820519,4.721475656415029,0.6969696969696987
uric_acid,10.0,8.0,SWV,7,0.3332306514360306,0.9953314218702344,4.585745482060424,-0.3625372803952868,0.09999999999999992,1.4,-0.0003670845384828033,0.2579102682033787,-0.23135331589295774,4.585745482060424,0.3041301627033791,0.09637046307884856,0.35365306622834247,4.5488890232431,0.9642857142857161
uric_acid,10.0,8.0,SWV,8,0.3431755273909029,1.006840682565223,4.578714412792254,-0.3797064929481375,0.09999999999999992,1.4,0.00034519126398979997,0.28988167862364644,-0.32652463521112685,4.578714412792254,0.31289111389236535,0.10162703379224036,0.3683599781256239,4.530646661692007,0.6571428571428582
uric_acid,10.0,8.0,SWV,9,0.344128855305763,1.0045320345371949,4.650989155682773,-0.3848842752457746,0.09999999999999992,1.4,-0.00012829704873679445,0.2861000896653245,-0.24925325278660515,4.650989155682773,0.3111389236545681,0.09812265331664582,0.3608622006274197,4.607170588000353,0.6969696969696987
ascorbic_acid,0.1,6.0,SWV,0,0.010620629996096635,0.02249776570427192,0.09692799500207849,-0.008386309223080817,0.09999999999999992,1.4,2.630371000797195e-06,0.007364869165993669,-0.008143637443058505,0.09692799500207849,0.10613266583229031,0.12440550688360441,0.009155441646033723,0.09398208794905992,0.6511627906976742
ascorbic_acid,0.1,6.0,SWV,1,0.010523992925587113,0.022566871934162996,0.09662649785443807,-0.008592124766947408,0.09999999999999992,1.4,-1.6741111236120467e-06,0.005927932324560178,-0.005014172454007769,0.09662649785443807,0.10613266583229031,0.12090112640800998,0.009011980539614928,0.09366243305018937,0.6829268292682918
ascorbic_acid,0.1,6.0,SWV,2,0.010569565979247323,0.022410047500018918,0.09733481460414482,-0.006427553248829626,0.09999999999999992,1.4,-4.072235639486152e-08,0.005045700460321687,-0.005620181247428108,0.09733481460414482,0.10262828535669577,0.12440550688360452,0.009124105011401118,0.09433995298986761,0.7750000000000004
ascorbic_acid,0.1,6.0,SWV,3,0.010762321125874316,0.022552479658848924,0.09600102369199849,-0.007634078053545993,0.09999999999999992,1.4,-7.95197843835426e-06,0.006684855399157058,-0.008236041777213663,0.09600102369199849,0.10438047559449304,0.11739674593241545,0.008867462210639375,0.09290766813723035,0.7631578947368423
ascorbic_acid,0.1,6.0,SWV,4,0.010680747386888605,0.022217277974702063,0.09626938446323827,-0.007599352380692699,0.09999999999999992,1.4,-1.906264898990425e-06,0.005767423426042856,-0.006257991796255982,0.09626938446323827,0.10438047559449304,0.12090112640800998,0.008892452014628932,0.09314113460640232,0.7249999999999996
ascorbic_acid,0.1,6.0,SWV,5,0.01065800197816897,0.022547373945379645,0.09742560936467519,-0.007077323264191799,0.09999999999999992,1.4,5.118171527857054e-06,0.00783917855195879,-0.00594203504447346,0.09742560936467519,0.10087609511889861,0.11914893617021272,0.00893481104552375,0.09445321093441311,0.7894736842105239
ascorbic_acid,0.1,6.0,SWV,6,0.010671584543084575,0.02243446389994625,0.09681814268506035,-0.006587869455213579,0.09999999999999992,1.4,3.4816737500735495e-06,0.00644280277933451,-0.005767594536449903,0.09681814268506035,0.10613266583229031,0.12790988735919895,0.009313081256006744,0.09378850357038102,0.6976744186046516
ascorbic_acid,0.1,6.0,SWV,7,0.010437305066390474,0.022431777902887858,0.0944258207062326,-0.007020308578897776,0.09999999999999992,1.4,-6.094601064985452e-06,0.006454742697929734,-0.005403843730002585,0.0944258207062326,0.10613266583229031,0.12615769712140168,0.009231661521753077,0.09158908187164669,0.6744186046511629
ascorbic_acid,0.1,6.0,SWV,8,0.010677091948801534,0.022584027586738536,0.09468150115265259,-0.00736059747710507,0.09999999999999992,1.4,1.107950898593616e-05,0.006512825756666472,-0.0062421545714431564,0.09468150115265259,0.10262828535669577,0.12790988735919895,0.009360327545082947,0.09173572901884079,0.7804878048780504
ascorbic_acid,0.1,6.0,SWV,9,0.010700078211240305,0.02244942146922746,0.09736097599506102,-0.006605579296081994,0.09999999999999992,1.4,-3.370523549981776e-07,0.006995056380267553,-0.006318000568599862,0.09736097599506102,0.10087609511889861,0.11914893617021272,0.008916779951222602,0.09428350092767686,0.8378378378378359
ascorbic_acid,0.1,6.5,SWV,0,0.010710195325403224,0.022743742938110965,0.09808996534777514,-0.00791376942807126,0.09999999999999992,1.4,2.6430268172887223e-06,0.007477116392068323,-0.008269599390419581,0.09808996534777514,0.06408010012515641,0.11739674593241556,0.008961633167502321,0.09525879880879401,0.6341463414634148
ascorbic_acid,0.1,6.5,SWV,1,0.010611862644466478,0.022815074235310536,0.0966900585009384,-0.008758676198371272,0.09999999999999992,1.4,-1.7369824804450498e-06,0.006022192521705619,-0.005557005133334146,0.0966900585009384,0.06057571964956188,0.12265331664580725,0.009219482956465646,0.09375501419870179,0.5909090909090914
ascorbic_acid,0.1,6.5,SWV,2,0.010658235330654655,0.02269078618493128,0.09654108959183144,-0.0065491815272838505,0.09999999999999992,1.4,-7.493399692229744e-08,0.005126005418984409,-0.005349151005661676,0.09654108959183144,0.05882352941176461,0.11914893617021272,0.009022437304166893,0.09361284734505344,0.5111111111111105
ascorbic_acid,0.1,6.5,SWV,3,0.010854372591772476,0.02279771880932654,0.09837151762970557,-0.007771593051508102,0.09999999999999992,1.4,-8.125002319715035e-06,0.006496973768367019,-0.00839768774663054,0.09837151762970557,0.06057571964956188,0.12440550688360452,0.00932863997904842,0.09531469667568279,0.5777777777777781
ascorbic_acid,0.1,6.5,SWV,4,0.010771367546128953,0.02248270684182058,0.09632217549082968,-0.007743399370988243,0.09999999999999992,1.4,-1.973209665335606e-06,0.006186691967599177,-0.006438844799725996,0.09632217549082968,0.06057571964956188,0.12090112640800998,0.009026913339744822,0.09321498468991063,0.5681818181818183
ascorbic_acid,0.1,6.5,SWV,5,0.010748223042610673,0.02275647547433205,0.09607382986566208,-0.0076554431692359174,0.09999999999999992,1.4,5.1744787142865045e-06,0.008277205964467118,-0.00568116705239893,0.09607382986566208,0.062327909887359145,0.12090112640800998,0.009142413476327084,0.0930876912341709,0.5681818181818183
ascorbic_acid,0.1,6.5,SWV,6,0.010762043929513672,0.02268911528612986,0.09831169239622924,-0.006710807733721542,0.09999999999999992,1.4,3.5092666689708584e-06,0.006549080544041734,-0.00584762496372733,0.09831169239622924,0.07634543178973707,0.11914893617021272,0.009038051564742158,0.09535346723162585,0.9428571428571422
ascorbic_acid,0.1,6.5,SWV,7,0.010523653745391538,0.022710399810313014,0.09807106827772932,-0.007145276414154969,0.09999999999999992,1.4,-6.235035087972362e-06,0.006558246399224726,-0.005602375927764441,0.09807106827772932,0.05707133917396745,0.12090112640800998,0.00914931406534189,0.09541338551067685,0.5000000000000013
ascorbic_acid,0.1,6.5,SWV,8,0.010767647969105303,0.022832097153190317,0.10079658117067788,-0.007498666022946144,0.09999999999999992,1.4,1.124041481035015e-05,0.006609972356441121,-0.005994076630351932,0.10079658117067788,0.06408010012515641,0.11914893617021272,0.009072211810723553,0.09793761119610282,0.61904761904762
ascorbic_acid,0.1,6.5,SWV,9,0.01079103755240292,0.02272020833548349,0.09667604568262644,-0.006743871157976318,0.09999999999999992,1.4,-3.7646345193377907e-07,0.007164831853260008,-0.0060428176843337995,0.09667604568262644,0.062327909887359145,0.1209011264080101,0.009131067769915527,0.09361714802884973,0.6428571428571431
ascorbic_acid,0.1,7.0,SWV,0,0.010799697789904104,0.022988638616572958,0.10023711958706225,-0.009396285406782015,0.09999999999999992,1.4,2.657285029216763e-06,0.007594577640391651,-0.008401563005735559,0.10023711958706225,0.05356695869837291,0.12440550688360452,0.009325108646689373,0.09725527289684784,0.8205128205128215
ascorbic_acid,0.1,7.0,SWV,1,0.010699570270495085,0.02305477794905589,0.10209711750984546,-0.00893359547794089,0.09999999999999992,1.4,-1.8026713331305636e-06,0.006028955589771201,-0.005732609740019157,0.10209711750984546,0.04831038798498122,0.11914893617021283,0.00906903013156589,0.09913130596792825,0.700000000000001
ascorbic_acid,0.1,7.0,SWV,2,0.010746789384141966,0.0229674180453577,0.09919886061682695,-0.006676548726522304,0.09999999999999992,1.4,-1.1028595110583808e-07,0.005724465601002998,-0.0052974445416355586,0.09919886061682695,0.05882352941176461,0.11914893617021283,0.009058071040150642,0.09622471017791309,0.9999999999999981
ascorbic_acid,0.1,7.0,SWV,3,0.01094650668293136,0.02302680616882595,0.0999395069408252,-0.0079157766697265,0.09999999999999992,1.4,-8.307289882615023e-06,0.005946809362794228,-0.008570172158422611,0.0999395069408252,0.06057571964956188,0.12265331664580725,0.009258723913010204,0.09679217910092518,1.0
ascorbic_acid,0.1,7.0,SWV,4,0.010861986569785414,0.022765382338443385,0.1012991403144381,-0.007889947901883887,0.09999999999999992,1.4,-2.0432103056750723e-06,0.006815644839627979,-0.006311184484158849,0.1012991403144381,0.04130162703379214,0.12615769712140168,0.00932230887940728,0.09815288684790195,0.5652173913043466
ascorbic_acid,0.1,7.0,SWV,5,0.010838419616223663,0.022955891315538407,0.10043001918795162,-0.007961335868934301,0.09999999999999992,1.4,5.234942798078845e-06,0.008929697792213793,-0.005515088336034633,0.10043001918795162,0.050062578222778376,0.12090112640800998,0.009116366682206287,0.0973991515666819,0.6829268292682918
ascorbic_acid,0.1,7.0,SWV,6,0.010852492771846458,0.022932412654159656,0.10024211454618352,-0.006839561575724565,0.09999999999999992,1.4,3.539336110667101e-06,0.006653060366054273,-0.006714337381411473,0.10024211454618352,0.039549436795994986,0.12265331664580725,0.009236271798561952,0.09720576710866827,0.5217391304347843
ascorbic_acid,0.1,7.0,SWV,7,0.010609751319460323,0.022984543934845995,0.10191730325577457,-0.007276178602878076,0.09999999999999992,1.4,-6.3828256162491885e-06,0.005921062951091509,-0.005481094739087339,0.10191730325577457,0.05707133917396745,0.11914893617021283,0.009057013801219612,0.09916719251258607,0.9999999999999981
ascorbic_acid,0.1,7.0,SWV,8,0.010858199100379707,0.023065547830126966,0.10028914691053276,-0.007640269222258861,0.09999999999999992,1.4,1.1411598701350457e-05,0.006711425195839342,-0.006870084023935498,0.10028914691053276,0.06408010012515641,0.1261576971214018,0.00944979466281766,0.09741579720883217,0.8947368421052619
ascorbic_acid,0.1,7.0,SWV,9,0.010882015607092337,0.02297638083485595,0.09939117074138906,-0.00688887735112958,0.09999999999999992,1.4,-4.173191375443815e-07,0.006603862594750633,-0.0058369932273286285,0.09939117074138906,0.04305381727158941,0.1261576971214018,0.009405968784205968,0.09630190758105855,0.5652173913043479
ascorbic_acid,0.1,7.5,SWV,0,0.010889671221997394,0.02322894073896957,0.10286762841375797,-0.010050496947236295,0.09999999999999992,1.4,2.6593398686446025e-06,0.007694937792164094,-0.008487905066246085,0.10286762841375797,0.03254067584480591,0.12265331664580725,0.009327244077885282,0.09991969486909903,0.9444444444444438
ascorbic_acid,0.1,7.5,SWV,1,0.010788504555731649,0.023283559000473228,0.10048084632699114,-0.009044787686391043,0.09999999999999992,1.4,-1.8469029658178295e-06,0.006090603617889873,-0.005567538305907897,0.10048084632699114,0.03254067584480591,0.11914893617021283,0.00916825413107419,0.09745645193109703,0.9999999999999981
ascorbic_acid,0.1,7.5,SWV,2,0.010836213720403595,0.023235769852684673,0.0998875956918142,-0.006760209992455663,0.09999999999999992,1.4,-1.3695361176541133e-07,0.006397441773892513,-0.005351630447387868,0.0998875956918142,0.039549436795994986,0.12265331664580725,0.009343312650360985,0.09692168740838737,0.8421052631578929
ascorbic_acid,0.1,7.5,SWV,3,0.011038003732114436,0.023244965578188316,0.10087209713251835,-0.008009174036815704,0.09999999999999992,1.4,-8.41902797066852e-06,0.006008435541610489,-0.008660114179860866,0.10087209713251835,0.03254067584480591,0.12265331664580725,0.009325843875923582,0.09764912072821157,1.0
ascorbic_acid,0.1,7.5,SWV,4,0.01095260644943084,0.023059867468594435,0.10240483797069011,-0.007984233386028364,0.09999999999999992,1.4,-2.0899383081787305e-06,0.00748929486128971,-0.006002880091406922,0.10240483797069011,0.04130162703379214,0.12440550688360452,0.009352018876950544,0.09931331105166011,0.8205128205128215
ascorbic_acid,0.1,7.5,SWV,5,0.010928794912503188,0.023158830607172335,0.09937947591641587,-0.008107824093710046,0.09999999999999992,1.4,5.263749173788071e-06,0.009631488102232149,-0.005422372667354121,0.09937947591641587,0.030788485607008753,0.12265331664580725,0.009294139815118256,0.09631423602221299,0.8918918918918939
ascorbic_acid,0.1,7.5,SWV,6,0.010943014122632438,0.02316352988557748,0.10244937655588346,-0.006924025656839037,0.09999999999999992,1.4,3.5505450828865555e-06,0.006722244788815482,-0.007232124941830606,0.10244937655588346,0.039549436795994986,0.11739674593241545,0.009047380730927413,0.0994002254040058,0.9142857142857131
ascorbic_acid,0.1,7.5,SWV,7,0.010697753442578091,0.023255331519067328,0.10256086417845599,-0.007361886500454502,0.09999999999999992,1.4,-6.47459116323623e-06,0.005632611744723428,-0.005285078990400836,0.10256086417845599,0.03254067584480591,0.12440550688360452,0.009437336214829303,0.0997798693933459,0.918918918918918
ascorbic_acid,0.1,7.5,SWV,8,0.01094877967278022,0.02328297253273505,0.09949441055398771,-0.007731844835718844,0.09999999999999992,1.4,1.1504507859240463e-05,0.00678008298040759,-0.007604806034594701,0.09949441055398771,0.039549436795994986,0.1261576971214018,0.009549649696528273,0.09658510586994358,0.8947368421052619
ascorbic_acid,0.1,7.5,SWV,9,0.010972843352779822,0.023225108926715088,0.10136177823841826,-0.006982752828826778,0.09999999999999992,1.4,-4.471732605520074e-07,0.006185980725519229,-0.005741117374285549,0.10136177823841826,0.030788485607008753,0.11914893617021272,0.009156260854490374,0.09825838001022776,0.8888888888888908
ascorbic_acid,0.1,8.0,SWV,0,0.010982732591200299,0.023457091619881944,0.09872894621260779,-0.009907271292645868,0.09999999999999992,1.4,2.581320659055834e-06,0.007528350861006309,-0.008274712229976175,0.09872894621260779,0.015018773466833446,0.11914893617021272,0.00933953973789215,0.09582156095008924,0.9428571428571422
ascorbic_acid,0.1,8.0,SWV,1,0.010885485348953472,0.023499211945106985,0.09635199749569268,-0.008737826256050015,0.09999999999999992,1.4,-1.750340200410254e-06,0.006307011727367844,-0.005041586528625358,0.09635199749569268,0.01151439299123902,0.12440550688360452,0.009578009906717637,0.093305617059697,0.7750000000000004
ascorbic_acid,0.1,8.0,SWV,2,0.010931346153361707,0.023484412330033004,0.09807635768598061,-0.006557088973761052,0.09999999999999992,1.4,-1.0663812737232714e-07,0.006631664398015644,-0.005259683738572387,0.09807635768598061,0.009762202753441751,0.12440550688360452,0.009590796026048171,0.09508546961465758,0.7750000000000004
ascorbic_acid,0.1,8.0,SWV,3,0.011125318366504393,0.02345162310179126,0.09845843636214935,-0.007769330673753931,0.09999999999999992,1.4,-8.067846312001383e-06,0.005775995705140213,-0.008208443347065367,0.09845843636214935,0.020275344180225252,0.12265331664580725,0.009484912955363557,0.09524977877167312,0.9444444444444438
ascorbic_acid,0.1,8.0,SWV,4,0.011043229566478723,0.023354645961436115,0.09843586654095159,-0.007742136806556603,0.09999999999999992,1.4,-1.9839598073964537e-06,0.00772062424775,-0.005632636725578105,0.09843586654095159,0.009762202753441751,0.11914893617021283,0.009310301028821185,0.09544993907914426,0.8378378378378376
ascorbic_acid,0.1,8.0,SWV,5,0.011020340542007068,0.023372669486435387,0.09674934507340112,-0.007871469223754443,0.09999999999999992,1.4,5.084829294418813e-06,0.00981964295462763,-0.0052573967719686315,0.09674934507340112,-0.006007509386733445,0.12090112640800998,0.009379521678489995,0.09365019071124396,0.4375000000000005
ascorbic_acid,0.1,8.0,SWV,6,0.01103400886797884,0.023386844425593314,0.09688919227909389,-0.006717876603915268,0.09999999999999992,1.4,3.4379985803522326e-06,0.006577733113887667,-0.007089118721535212,0.09688919227909389,0.015018773466833446,0.1261576971214018,0.009645419956924032,0.09382618663766966,0.9459459459459453
ascorbic_acid,0.1,8.0,SWV,7,0.010798250137882753,0.023515181907476482,0.0976453456458256,-0.007151046055802166,0.09999999999999992,1.4,-6.19874135652807e-06,0.005395720618528617,-0.005314407653375704,0.0976453456458256,0.008010012515644482,0.12090112640800998,0.009459324378964573,0.09492212052922062,0.7249999999999996
ascorbic_acid,0.1,8.0,SWV,8,0.011039551047756068,0.023476379476645107,0.09850342043171921,-0.007499585409572001,0.09999999999999992,1.4,1.108380696255685e-05,0.006633551658202015,-0.007790638897591153,0.09850342043171921,0.008010012515644482,0.12265331664580725,0.009540830983180195,0.09554951024546049,0.7073170731707312
ascorbic_acid,0.1,8.0,SWV,9,0.011062682446710386,0.023466982301744616,0.09708474090662483,-0.006741126094999642,0.09999999999999992,1.4,-4.0483916975947443e-07,0.006467803430742394,-0.005634305419992106,0.09708474090662483,0.016770963704630715,0.1261576971214018,0.009700921535573618,0.09405119993951223,0.9459459459459453
ascorbic_acid,0.2,6.0,SWV,0,0.019303488087900212,0.044634027567445896,0.1904845440572717,-0.01868821941512402,0.09999999999999992,1.4,2.7164809919061337e-06,0.014518223224842152,-0.016050120737683235,0.1904845440572717,0.10613266583229031,0.12440550688360441,0.018172915951538606,0.18648093912538988,0.6511627906976742
ascorbic_acid,0.2,6.0,SWV,1,0.019113559688233965,0.04477051376725523,0.18989198811105598,-0.01873199796166427,0.09999999999999992,1.4,-5.74345469292456e-06,0.011734997661097507,-0.00989487842732623,0.18989198811105598,0.10613266583229031,0.12440550688360452,0.018224841425979906,0.18585886307987345,0.7317073170731705
ascorbic_acid,0.2,6.0,SWV,2,0.019203127978166087,0.044460529160927166,0.19129585406102265,-0.014444916280426413,0.09999999999999992,1.4,-2.5332278829158504e-06,0.00995782872375306,-0.011067317230132975,0.19129585406102265,0.10262828535669577,0.12440550688360452,0.018102382571466197,0.18711839293307916,0.7750000000000004
ascorbic_acid,0.2,6.0,SWV,3,0.019581964757191688,0.04474138106849387,0.1886692312029734,-0.016176386484489123,0.09999999999999992,1.4,-1.8081838773892114e-05,0.01318083202723113,-0.016153365718497417,0.1886692312029734,0.10438047559449304,0.11739674593241545,0.01758632730288397,0.18424701904729904,0.7631578947368423
ascorbic_acid,0.2,6.0,SWV,4,0.019421641502164813,0.0440788698480465,0.1891966616346497,-0.017024838409782663,0.09999999999999992,1.4,-6.199724681259337e-06,0.011387050564580364,-0.012365785402330201,0.1891966616346497,0.10438047559449304,0.12090112640800998,0.01763183283035864,0.18465589000331048,0.7249999999999996
ascorbic_acid,0.2,6.0,SWV,5,0.019376938169840083,0.04472796456073576,0.1914781768070911,-0.015226685137646757,0.09999999999999992,1.4,7.605950119043623e-06,0.015458421679290086,-0.011733625086733774,0.1914781768070911,0.10087609511889861,0.11914893617021272,0.017716039038064957,0.18726603069857264,0.7894736842105239
ascorbic_acid,0.2,6.0,SWV,6,0.019403633047946206,0.04450693631541319,0.19026864269911917,-0.014328175589838631,0.09999999999999992,1.4,4.38961292718764e-06,0.012707912391938499,-0.011390196136025694,0.19026864269911917,0.10613266583229031,0.12790988735919895,0.018481759093087934,0.18606229573302513,0.6976744186046516
ascorbic_acid,0.2,6.0,SWV,7,0.01894318525241031,0.04450115017142354,0.18556682503712404,-0.014872280676037644,0.09999999999999992,1.4,-1.4431389621819869e-05,0.0127703793279269,-0.010686550167299524,0.18556682503712404,0.10613266583229031,0.12615769712140168,0.018308794595722863,0.18165177269156324,0.6744186046511629
ascorbic_acid,0.2,6.0,SWV,8,0.019414457183535364,0.04480204296622704,0.18608108942672852,-0.01571833886614161,0.09999999999999992,1.4,1.9322233293954764e-05,0.012834092453981531,-0.012322886122555714,0.18608108942672852,0.10262828535669577,0.12790988735919895,0.018559284619344155,0.1819197126070238,0.7804878048780504
ascorbic_acid,0.2,6.0,SWV,9,0.019459633884528947,0.04453754046845486,0.191351147786125,-0.015190628378412903,0.09999999999999992,1.4,-3.1156284266313507e-06,0.013831712885195913,-0.012433196166172333,0.191351147786125,0.10087609511889861,0.11914893617021272,0.01769454909135779,0.18704441169293323,0.8378378378378359
ascorbic_acid,0.2,6.5,SWV,0,0.01948127895949407,0.04509937824677387,0.19270255991202362,-0.017029176518586667,0.09999999999999992,1.4,2.7397599463178934e-06,0.014735010411231469,-0.016293204876014038,0.19270255991202362,0.06408010012515641,0.11739674593241556,0.01776895304195103,0.1888098123239604,0.6341463414634148
ascorbic_acid,0.2,6.5,SWV,1,0.01928809957287343,0.04524025832363909,0.189921090500539,-0.019052903927102804,0.09999999999999992,1.4,-5.864983679793497e-06,0.01192001563985308,-0.010941549261096292,0.189921090500539,0.06057571964956188,0.12265331664580725,0.018293167852215613,0.185935970500996,0.5909090909090914
ascorbic_acid,0.2,6.5,SWV,2,0.01937920099498909,0.04499419304293212,0.1896094468667144,-0.014693007059845366,0.09999999999999992,1.4,-2.5998077126374377e-06,0.010096560500284821,-0.01052456447638219,0.1896094468667144,0.05882352941176461,0.11914893617021272,0.01788877533516741,0.18551448914987656,0.5111111111111105
ascorbic_acid,0.2,6.5,SWV,3,0.01976452228832967,0.04520528806016307,0.19322439963467994,-0.016441621014513748,0.09999999999999992,1.4,-1.8414562746639876e-05,0.012802512576590153,-0.01646171129071699,0.19322439963467994,0.06057571964956188,0.12440550688360452,0.018478473629619057,0.18875063202417536,0.5777777777777781
ascorbic_acid,0.2,6.5,SWV,4,0.019601454794887195,0.044582383646990124,0.18919836623873765,-0.017323972858153177,0.09999999999999992,1.4,-6.329063599567544e-06,0.012215201460623522,-0.012721750650883698,0.18919836623873765,0.06057571964956188,0.12090112640800998,0.01789570174008764,0.18472709613699667,0.5681818181818183
ascorbic_acid,0.2,6.5,SWV,5,0.01955598627973324,0.04512080409363451,0.1887272507983454,-0.01636587619328915,0.09999999999999992,1.4,7.71292166694932e-06,0.016321337578124963,-0.011212733961373218,0.1887272507983454,0.062327909887359145,0.12090112640800998,0.01812174125467242,0.18448210243456872,0.5681818181818183
ascorbic_acid,0.2,6.5,SWV,6,0.019583138091613484,0.04498931537695675,0.19308819893745827,-0.01456546223647718,0.09999999999999992,1.4,4.441530727101878e-06,0.012913918195290986,-0.011489332797124968,0.19308819893745827,0.07634543178973707,0.11914893617021272,0.01793765321854681,0.18908711264983186,0.9428571428571422
ascorbic_acid,0.2,6.5,SWV,7,0.019114808853496618,0.04503066237318334,0.19259401631007614,-0.015113458582197817,0.09999999999999992,1.4,-1.470162919206694e-05,0.012973119839476896,-0.011078567638503692,0.19259401631007614,0.05707133917396745,0.12090112640800998,0.018143811134563436,0.1890690781204087,0.5000000000000013
ascorbic_acid,0.2,6.5,SWV,8,0.01959414750293632,0.045271502975489965,0.19801983977773188,-0.015984890494715423,0.09999999999999992,1.4,1.962975138372857e-05,0.0130219288188556,-0.011826982810533338,0.19801983977773188,0.06408010012515641,0.11914893617021272,0.017969879539097008,0.19392097579327278,0.61904761904762
ascorbic_acid,0.2,6.5,SWV,9,0.019640097489367098,0.04505164938126441,0.1899103333811264,-0.015457352388768431,0.09999999999999992,1.4,-3.192177152911875e-06,0.014165283137449733,-0.011881021307403336,0.1899103333811264,0.062327909887359145,0.1209011264080101,0.018112264175959635,0.18563829010236113,0.6428571428571431
ascorbic_acid,0.2,7.0,SWV,0,0.019658900756569956,0.045562985851402414,0.19692138099612752,-0.019856478655635806,0.09999999999999992,1.4,2.767368291197378e-06,0.014965868655525403,-0.01655249776623251,0.19692138099612752,0.05356695869837291,0.12440550688360452,0.018500164291513268,0.19287056942769915,0.8205128205128215
ascorbic_acid,0.2,7.0,SWV,1,0.01946220228628012,0.04569372404940693,0.2005612321132097,-0.019396418345592685,0.09999999999999992,1.4,-5.994125044611401e-06,0.01188794765333201,-0.011288251916625816,0.2005612321132097,0.04831038798498122,0.11914893617021283,0.017988565873849054,0.1965147986124814,0.700000000000001
ascorbic_acid,0.2,7.0,SWV,2,0.01955496327224685,0.04552016225772877,0.194881871727885,-0.014957701496715547,0.09999999999999992,1.4,-2.6694684691766156e-06,0.011269446946103089,-0.010462505286364854,0.194881871727885,0.05882352941176461,0.11914893617021283,0.017955145329341796,0.1907192518581067,0.9999999999999981
ascorbic_acid,0.2,7.0,SWV,3,0.019947303833504727,0.045637850127868806,0.1963339373647239,-0.016724872982875623,0.09999999999999992,1.4,-1.877231555661248e-05,0.011673910059777045,-0.016799340426801635,0.1963339373647239,0.06057571964956188,0.12265331664580725,0.01835124733394347,0.19181819502695346,1.0
ascorbic_acid,0.2,7.0,SWV,4,0.019781265794585386,0.04512003039433773,0.19894418714452172,-0.017643920344126086,0.09999999999999992,1.4,-6.466658951611651e-06,0.013461791813799834,-0.012467361935578552,0.19894418714452172,0.04130162703379214,0.12615769712140168,0.018460910914036545,0.19429274675229435,0.5652173913043466
ascorbic_acid,0.2,7.0,SWV,5,0.01973496899484093,0.04549494242603875,0.19729272493761865,-0.016969882421368924,0.09999999999999992,1.4,7.831124419966778e-06,0.017613718982140404,-0.010881975280132383,0.19729272493761865,0.050062578222778376,0.12090112640800998,0.018064981889428646,0.19296092390536393,0.6829268292682918
ascorbic_acid,0.2,7.0,SWV,6,0.019762615422111808,0.045449711500181685,0.1968495789484854,-0.014818461525143944,0.09999999999999992,1.4,4.500139655781409e-06,0.013118422411564684,-0.013206736197197755,0.1968495789484854,0.039549436795994986,0.12265331664580725,0.018322376482183395,0.19268097074851556,0.5217391304347843
ascorbic_acid,0.2,7.0,SWV,7,0.019285754788370926,0.04555174891885946,0.200223644735969,-0.015370670067049593,0.09999999999999992,1.4,-1.4991744744952754e-05,0.011707804203851493,-0.01083719920269538,0.200223644735969,0.05707133917396745,0.11914893617021283,0.017941995621547954,0.1964140300421659,0.9999999999999981
ascorbic_acid,0.2,7.0,SWV,8,0.019773825388163958,0.04571266221503031,0.19701062806137506,-0.016263103807578127,0.09999999999999992,1.4,1.9965039000605194e-05,0.013221399885347295,-0.013550614451236079,0.19701062806137506,0.06408010012515641,0.12440550688360452,0.01854819001408015,0.19291009459108435,0.918918918918918
ascorbic_acid,0.2,7.0,SWV,9,0.019820612429984952,0.04553740480375748,0.19523024863100935,-0.015742217160795442,0.09999999999999992,1.4,-3.2726289035621416e-06,0.01305094580338255,-0.011470323537576679,0.19523024863100935,0.050062578222778376,0.1261576971214018,0.018647865385761415,0.19086493891876152,0.7142857142857139
ascorbic_acid,0.2,7.5,SWV,0,0.01983746601708673,0.046018008864035516,0.2020483260726298,-0.021149345848861648,0.09999999999999992,1.4,2.7705300781143486e-06,0.015164920371988024,-0.016720398436893574,0.2020483260726298,0.03254067584480591,0.12265331664580725,0.018480018672915786,0.19793430443653498,0.9444444444444438
ascorbic_acid,0.2,7.5,SWV,1,0.019638762311769177,0.04612612050512897,0.1973603941486864,-0.019612270715098357,0.09999999999999992,1.4,-6.080281966203312e-06,0.012008194668118286,-0.010958376531528327,0.1973603941486864,0.03254067584480591,0.11739674593241556,0.018001972780697286,0.19313355539440424,0.9705882352941154
ascorbic_acid,0.2,7.5,SWV,2,0.019732468946057385,0.04603035552445528,0.19619466757059179,-0.015128640870997353,0.09999999999999992,1.4,-2.7217323065452557e-06,0.01260213584674234,-0.010568352959008258,0.19619466757059179,0.039549436795994986,0.12265331664580725,0.018509175954150754,0.1920257466054969,0.8421052631578929
ascorbic_acid,0.2,7.5,SWV,3,0.020128809208152108,0.04604933256360738,0.19812885858105697,-0.016906386761085544,0.09999999999999992,1.4,-1.898873925235696e-05,0.011792829701968101,-0.016971615491288214,0.19812885858105697,0.03254067584480591,0.12265331664580725,0.01848434493412278,0.19353801349778185,1.0
ascorbic_acid,0.2,7.5,SWV,4,0.01996107850079928,0.04568152252245788,0.2011349221298109,-0.0178463438659484,0.09999999999999992,1.4,-6.557633102034742e-06,0.014796593812345833,-0.011854163819794747,0.2011349221298109,0.04130162703379214,0.12440550688360452,0.018512943457409323,0.1965993024203578,0.8205128205128215
ascorbic_acid,0.2,7.5,SWV,5,0.019914309730101613,0.045876440605870296,0.19519344489652252,-0.017256584722355466,0.09999999999999992,1.4,7.885908474948265e-06,0.01900313128931982,-0.010696374438456384,0.19519344489652252,0.030788485607008753,0.12265331664580725,0.018402555150370016,0.19074757313375357,0.8918918918918939
ascorbic_acid,0.2,7.5,SWV,6,0.019942237997817275,0.04588663460563296,0.20122631849566042,-0.014982736798689174,0.09999999999999992,1.4,4.520966114061452e-06,0.013253266780029357,-0.014230979567917919,0.20122631849566042,0.039549436795994986,0.11739674593241545,0.01792378993241438,0.1968866788487801,0.9142857142857131
ascorbic_acid,0.2,7.5,SWV,7,0.019460516026595206,0.046066754427844296,0.20144580359696285,-0.01553734552523605,0.09999999999999992,1.4,-1.5169627556240462e-05,0.011107796996174917,-0.010436255407180392,0.20144580359696285,0.03254067584480591,0.12440550688360452,0.0186876794587041,0.19757767931025455,0.918918918918918
ascorbic_acid,0.2,7.5,SWV,8,0.01995356224343934,0.04612271454580262,0.19542240387301488,-0.0164411119898219,0.09999999999999992,1.4,2.01435217834133e-05,0.013355173849766065,-0.01500630654496557,0.19542240387301488,0.039549436795994986,0.1261576971214018,0.01889887114719732,0.19121633581951017,0.8947368421052619
ascorbic_acid,0.2,7.5,SWV,9,0.02000082625396763,0.04600899879997593,0.19908692909424014,-0.015924653656958113,0.09999999999999992,1.4,-3.3310416368960772e-06,0.012236725453235758,-0.011327804450328157,0.19908692909424014,0.030788485607008753,0.11914893617021272,0.01814375854538881,0.19468685850248388,0.8888888888888908
ascorbic_acid,0.2,8.0,SWV,0,0.02002216007161088,0.046449942242558266,0.1937836587781319,-0.020859666242841066,0.09999999999999992,1.4,2.6147646093213454e-06,0.014831243321755259,-0.016293796192632257,0.1937836587781319,0.015018773466833446,0.11914893617021272,0.018505188797791988,0.18979828404453605,0.9428571428571422
ascorbic_acid,0.2,8.0,SWV,1,0.0198312926725788,0.04653341305717703,0.18911468241286003,-0.018998191151669334,0.09999999999999992,1.4,-5.886996701676781e-06,0.012478974842788433,-0.009912321302421919,0.18911468241286003,0.01151439299123902,0.12440550688360452,0.018983344385713093,0.18489739418450357,0.7750000000000004
ascorbic_acid,0.2,8.0,SWV,2,0.01992130378500399,0.04650263903681942,0.19249470592235057,-0.014690077883884314,0.09999999999999992,1.4,-2.6608986425864616e-06,0.013064110218070787,-0.010384163401260343,0.19249470592235057,0.009762202753441751,0.12440550688360452,0.018992995928586307,0.18826605810941988,0.7750000000000004
ascorbic_acid,0.2,8.0,SWV,3,0.020302013519816517,0.04643899511912655,0.1932459245043977,-0.01642649980604755,0.09999999999999992,1.4,-1.8286381322046124e-05,0.011328100766610762,-0.016068922502606744,0.1932459245043977,0.020275344180225252,0.12265331664580725,0.018784599367735196,0.18859330079263414,0.9444444444444438
ascorbic_acid,0.2,8.0,SWV,4,0.020140897632223577,0.046244781098101054,0.19320031482695219,-0.01728474321997976,0.09999999999999992,1.4,-6.345522472877302e-06,0.015253637328583106,-0.01105964268331365,0.19320031482695219,0.009762202753441751,0.11914893617021283,0.018422460629914105,0.1888534621345606,0.8378378378378376
ascorbic_acid,0.2,8.0,SWV,5,0.020095973288187182,0.04628044334705399,0.18984198871515032,-0.01678345580751994,0.09999999999999992,1.4,7.528407100830248e-06,0.019373224701352373,-0.010367319606004101,0.18984198871515032,-0.006007509386733445,0.12090112640800998,0.018588568622555708,0.18550653504980244,0.4375000000000005
ascorbic_acid,0.2,8.0,SWV,6,0.020122800144837093,0.04630922546557017,0.19017276925534665,-0.014570216613116155,0.09999999999999992,1.4,4.296168450378633e-06,0.012963977419246785,-0.013943902169824225,0.19017276925534665,0.015018773466833446,0.1261576971214018,0.019109731957895726,0.18587080452605786,0.9459459459459453
ascorbic_acid,0.2,8.0,SWV,7,0.019660075911502723,0.04656118208536938,0.1916420988709623,-0.015115445598580761,0.09999999999999992,1.4,-1.4617884477028457e-05,0.010635629417262274,-0.010512663470353845,0.1916420988709623,0.008010012515644482,0.12090112640800998,0.018742236316512232,0.18801998920929755,0.7249999999999996
ascorbic_acid,0.2,8.0,SWV,8,0.020133677794574072,0.046486356021462734,0.1933262443415642,-0.015976387490604968,0.09999999999999992,1.4,1.930261517001963e-05,0.013061850463441762,-0.015372768559871505,0.1933262443415642,0.008010012515644482,0.12265331664580725,0.018883938139696115,0.18908872693736953,0.7073170731707312
ascorbic_acid,0.2,8.0,SWV,9,0.020179077847597458,0.04646799583030573,0.19055594603682802,-0.01544120093147379,0.09999999999999992,1.4,-3.246178554222618e-06,0.012794722862005711,-0.011113894020879598,0.19055594603682802,0.016770963704630715,0.1261576971214018,0.01920473547641082,0.18619692203159066,0.9459459459459453
ascorbic_acid,0.5,6.0,SWV,0,0.04455056777022138,0.1090044995529999,0.4625182020792949,-0.04864300443506503,0.09999999999999992,1.4,2.966862350669147e-06,0.035317975795955435,-0.03903974139436128,0.4625182020792949,0.10613266583229031,0.12440550688360441,0.044402721769902405,0.4555176316400727,0.6511627906976742
ascorbic_acid,0.5,6.0,SWV,1,0.044089376890391725,0.10933687595191945,0.4610793367033757,-0.048215629250917914,0.09999999999999992,1.4,-1.7575853686772057e-05,0.02862015687041379,-0.024086469642052216,0.4610793367033757,0.10613266583229031,0.12440550688360452,0.04454873994657702,0.4541516878162303,0.7317073170731705
ascorbic_acid,0.5,6.0,SWV,2,0.044306869790406794,0.10858162270926404,0.4645056457125596,-0.03785284556584983,0.09999999999999992,1.4,-9.780667029261476e-06,0.02424078628973043,-0.026905912625997896,0.4645056457125596,0.10262828535669577,0.12440550688360452,0.04417851139104453,0.45664888627140926,0.7750000000000004
ascorbic_acid,0.5,6.0,SWV,3,0.04522677470056065,0.10926490463869128,0.4581198653502696,-0.04124593999617477,0.09999999999999992,1.4,-4.753635574953306e-05,0.0320691332996311,-0.03917450764007631,0.4581198653502696,0.10438047559449304,0.11739674593241545,0.042974260904567116,0.45014173381888256,0.7631578947368423
ascorbic_acid,0.5,6.0,SWV,4,0.044837472083506406,0.10765083618513642,0.45940059064075367,-0.04469185345306503,0.09999999999999992,1.4,-1.8683784663549448e-05,0.027727197167404807,-0.030125369887684328,0.45940059064075367,0.10438047559449304,0.12090112640800998,0.04307350953840318,0.45100281445810364,0.7249999999999996
ascorbic_acid,0.5,6.0,SWV,5,0.04472892186562225,0.10922739900719282,0.46495410367811574,-0.0389225219696927,0.09999999999999992,1.4,1.4839644791878256e-05,0.03761283631106877,-0.02857378690192146,0.46495410367811574,0.10087609511889861,0.11914893617021272,0.043290521961690025,0.45748439749065367,0.7894736842105239
ascorbic_acid,0.5,6.0,SWV,6,0.044793743315928475,0.10869200198319956,0.46199394273999783,-0.03737959100949155,0.09999999999999992,1.4,7.02962068833482e-06,0.03092492341935625,-0.02773899155633068,0.46199394273999783,0.10613266583229031,0.12790988735919895,0.045137292341018466,0.4543335624846444,0.6976744186046516
ascorbic_acid,0.5,6.0,SWV,7,0.04367566763945261,0.10867721344322531,0.45057682224540824,-0.037703399543105864,0.09999999999999992,1.4,-3.867220557938457e-05,0.03113430737514944,-0.026047035038824384,0.45057682224540824,0.10613266583229031,0.12615769712140168,0.044700150303629636,0.4435092896948112,0.6744186046511629
ascorbic_acid,0.5,6.0,SWV,8,0.04482002686606913,0.10941024386005578,0.451842969177503,-0.04002007921272478,0.09999999999999992,1.4,4.32895393588089e-05,0.03121439100463608,-0.030003782478867595,0.451842969177503,0.10262828535669577,0.12790988735919895,0.045272345182495,0.443875889605158,0.7804878048780504
ascorbic_acid,0.5,6.0,SWV,9,0.04492972653455284,0.10876807137145063,0.4646456473016802,-0.040153309556267384,0.09999999999999992,1.4,-1.1194872696457317e-05,0.033710606414910665,-0.030214303365267647,0.4646456473016802,0.10087609511889861,0.11914893617021272,0.043221834738336504,0.45680013238976414,0.8378378378378359
ascorbic_acid,0.5,6.5,SWV,0,0.04498489137246591,0.11010765178597771,0.4678068733372999,-0.04457619810094273,0.09999999999999992,1.4,3.0210301214950165e-06,0.03583873302079814,-0.03962338082643482,0.4678068733372999,0.06408010012515641,0.11739674593241556,0.043408285564841276,0.46108595318266204,0.6341463414634148
ascorbic_acid,0.5,6.5,SWV,1,0.044515926949318246,0.11045072653658462,0.4610082450839931,-0.04898535070756831,0.09999999999999992,1.4,-1.7867941013283636e-05,0.029069070552620202,-0.0265981468018201,0.4610082450839931,0.06057571964956188,0.12265331664580725,0.044688912476685244,0.45406979152310345,0.5909090909090914
ascorbic_acid,0.5,6.5,SWV,2,0.04473708577282306,0.10985063919967203,0.46022359340445107,-0.038448456203025116,0.09999999999999992,1.4,-9.941363593716848e-06,0.02457490499965872,-0.02557307441432339,0.46022359340445107,0.05882352941176461,0.12090112640800998,0.04404886607065294,0.45271935164653276,0.49999999999999933
ascorbic_acid,0.5,6.5,SWV,3,0.04567249602139596,0.11036456078044916,0.46902739500299007,-0.04191339918388157,0.09999999999999992,1.4,-4.8333438449544506e-05,0.03113707926511594,-0.03990941051890681,0.46902739500299007,0.06057571964956188,0.12440550688360452,0.04511603258730548,0.46069609527740435,0.5777777777777781
ascorbic_acid,0.5,6.5,SWV,4,0.04527663156435345,0.10884655847926232,0.45925375164419313,-0.04540951630923462,0.09999999999999992,1.4,-1.899454657756483e-05,0.029744252140340457,-0.030990507664249975,0.45925375164419313,0.06057571964956188,0.12090112640800998,0.0436983392123553,0.4509396451945028,0.5681818181818183
ascorbic_acid,0.5,6.5,SWV,5,0.04516625169228963,0.11015443143917503,0.45813489012568615,-0.04169313529399777,0.09999999999999992,1.4,1.5093932713922884e-05,0.03971119719322237,-0.027296828512083062,0.45813489012568615,0.062327909887359145,0.12090112640800998,0.04428503213282283,0.4506769690807191,0.5681818181818183
ascorbic_acid,0.5,6.5,SWV,6,0.045232165732180626,0.10983647284900776,0.46866911795733956,-0.03796590676093792,0.09999999999999992,1.4,7.152267757667627e-06,0.031420907673538806,-0.027893683266542735,0.46866911795733956,0.07634543178973707,0.11914893617021272,0.043752028918742886,0.4611075702981326,0.9428571428571422
ascorbic_acid,0.5,6.5,SWV,7,0.04409524447552522,0.10993616098525877,0.4674376652041307,-0.03828248057850702,0.09999999999999992,1.4,-3.93198797408955e-05,0.03162559799651776,-0.027001648151268612,0.4674376652041307,0.05707133917396745,0.12090112640800998,0.0442549784154094,0.46104310552340894,0.5000000000000013
ascorbic_acid,0.5,6.5,SWV,8,0.04525889230130649,0.1105233684271542,0.48071516095824274,-0.040660220112629174,0.09999999999999992,1.4,4.4023360804782835e-05,0.03166592530187616,-0.028787279242137722,0.48071516095824274,0.06408010012515641,0.11914893617021272,0.0438521605403621,0.473100039302526,0.61904761904762
ascorbic_acid,0.5,6.5,SWV,9,0.04537044099838601,0.10998961157137598,0.4610069545352262,-0.04079347473676395,0.09999999999999992,1.4,-1.1379406221909347e-05,0.034520441486862924,-0.028856721072943983,0.4610069545352262,0.062327909887359145,0.1209011264080101,0.044230361543618986,0.4532367509415377,0.6428571428571431
ascorbic_acid,0.5,7.0,SWV,0,0.04541873707502913,0.1112071114085523,0.4780494641701788,-0.05027150210230298,0.09999999999999992,1.4,3.0874565452639057e-06,0.036399314837991234,-0.040252908069831325,0.4780494641701788,0.05356695869837291,0.12440550688360452,0.04519057437270031,0.47098826783234843,0.8205128205128215
ascorbic_acid,0.5,7.0,SWV,1,0.044941239993716596,0.11152565242931196,0.4868645807291457,-0.04981908791461098,0.09999999999999992,1.4,-1.8181582759532465e-05,0.028924093807378048,-0.027442349937835925,0.4868645807291457,0.04831038798498122,0.11914893617021283,0.04395272044094773,0.4799184931695697,0.700000000000001
ascorbic_acid,0.5,7.0,SWV,2,0.04516642273150566,0.11110150126423637,0.4730986271123461,-0.03909108003427354,0.09999999999999992,1.4,-1.0110783790951983e-05,0.027392546549547966,-0.025480912682577725,0.4730986271123461,0.05882352941176461,0.11739674593241556,0.04337667764122422,0.46510702056732645,0.9705882352941154
ascorbic_acid,0.5,7.0,SWV,3,0.04611885247132574,0.1113886729338133,0.47661928121267555,-0.04263488783857633,0.09999999999999992,1.4,-4.9201390208697126e-05,0.028326556701773236,-0.04072722969947295,0.47661928121267555,0.06057571964956188,0.12265331664580725,0.04479376750523006,0.4681593406720259,1.0
ascorbic_acid,0.5,7.0,SWV,4,0.04571578538669605,0.11012547806601276,0.4828659386966111,-0.04618611120365705,0.09999999999999992,1.4,-1.9328686552873565e-05,0.03278674224639183,-0.030367631755860408,0.4828659386966111,0.04130162703379214,0.12615769712140168,0.045080236901685805,0.4742110865459032,0.5652173913043466
ascorbic_acid,0.5,7.0,SWV,5,0.04560339718805112,0.11103652262395969,0.4789396693481889,-0.04316396393537113,0.09999999999999992,1.4,1.5380021751302472e-05,0.04286418059592702,-0.026487231163739675,0.4789396693481889,0.050062578222778376,0.12090112640800998,0.04410320078697583,0.4709773388890412,0.6829268292682918
ascorbic_acid,0.5,7.0,SWV,6,0.045670510512883344,0.11092802908465102,0.47775436005671695,-0.038598328026977546,0.09999999999999992,1.4,7.293860733113833e-06,0.03191770589774111,-0.03208463429233016,0.47775436005671695,0.039549436795994986,0.12265331664580725,0.04470916535244486,0.47002600174002634,0.5217391304347843
ascorbic_acid,0.5,7.0,SWV,7,0.04451290333643405,0.11117517496951972,0.4860682376553033,-0.03890696063210215,0.09999999999999992,1.4,-4.002383267302914e-05,0.028533867231107485,-0.02641110295072488,0.4860682376553033,0.05707133917396745,0.11914893617021283,0.043820189303714514,0.47954216474092803,0.9999999999999981
ascorbic_acid,0.5,7.0,SWV,8,0.045697723363413545,0.11156838584434896,0.4782469347922858,-0.04133565360181414,0.09999999999999992,1.4,4.483581156305344e-05,0.03215040321330118,-0.03297554138600245,0.4782469347922858,0.06408010012515641,0.12440550688360452,0.045225411836856244,0.47040132473174995,0.918918918918918
ascorbic_acid,0.5,7.0,SWV,9,0.04581130165347269,0.11114282458291858,0.4739328870624342,-0.04148500522274695,0.09999999999999992,1.4,-1.1574991146290625e-05,0.031797080056173876,-0.027850314747374854,0.4739328870624342,0.050062578222778376,0.1261576971214018,0.04554432942686633,0.4660464531449676,0.7142857142857139
ascorbic_acid,0.5,7.5,SWV,0,0.045854900113577235,0.11228636158354788,0.49043527772688755,-0.05342138342435689,0.09999999999999992,1.4,3.0938369948802295e-06,0.0368853312579376,-0.04065795608385318,0.49043527772688755,0.03254067584480591,0.12265331664580725,0.04511185811872928,0.48308054237314707,0.9444444444444438
ascorbic_acid,0.5,7.5,SWV,1,0.045372588710093684,0.11254998747375826,0.4790563101225385,-0.05033925982933961,0.09999999999999992,1.4,-1.8389645521170486e-05,0.029214728644936287,-0.026633275372178494,0.4790563101225385,0.03254067584480591,0.11739674593241556,0.043995466913187925,0.4718650776365675,0.9705882352941154
ascorbic_acid,0.5,7.5,SWV,2,0.045600041832958384,0.11231477195928646,0.47622599964888335,-0.03950342138266694,0.09999999999999992,1.4,-1.0237473434443582e-05,0.030643477073951812,-0.025736976877412155,0.47622599964888335,0.039549436795994986,0.12265331664580725,0.04511368651322028,0.4681758968355661,0.8421052631578929
ascorbic_acid,0.5,7.5,SWV,3,0.04656207436155393,0.11236216951353982,0.48092159571603826,-0.043091726535942836,0.09999999999999992,1.4,-4.9722207440650936e-05,0.02861206810670023,-0.041138903919900036,0.48092159571603826,0.03254067584480591,0.12265331664580725,0.04506114267085196,0.4719188076948449,1.0
ascorbic_acid,0.5,7.5,SWV,4,0.04615494338862443,0.11146321414097761,0.4882116283771005,-0.04667404211010493,0.09999999999999992,1.4,-1.9548314887246828e-05,0.03604397076233977,-0.028867896506953178,0.4882116283771005,0.04130162703379214,0.12440550688360452,0.04515907373347762,0.4795492172191696,0.8205128205128215
ascorbic_acid,0.5,7.5,SWV,5,0.04604142204588779,0.11193710810661939,0.4737909854694479,-0.04385836562718597,0.09999999999999992,1.4,1.5510340904475763e-05,0.04625298609485167,-0.02603154881904604,0.4737909854694479,0.030788485607008753,0.12265331664580725,0.044892524565605656,0.4653755045887793,0.8918918918918939
ascorbic_acid,0.5,7.5,SWV,6,0.04610921203489318,0.11196325849887567,0.4884392727513194,-0.039004912853204746,0.09999999999999992,1.4,7.342651881631391e-06,0.03224346918525123,-0.03458149532684873,0.4884392727513194,0.039549436795994986,0.11739674593241545,0.043699112345020025,0.4800530366530402,0.9142857142857131
ascorbic_acid,0.5,7.5,SWV,7,0.044939933386275735,0.11240016549040635,0.4889727812907748,-0.039309064843447004,0.09999999999999992,1.4,-4.0452117991283504e-05,0.027027951035010822,-0.025414291449816332,0.4889727812907748,0.03254067584480591,0.12440550688360452,0.045625577450469565,0.4822711453970146,0.918918918918918
ascorbic_acid,0.5,7.5,SWV,8,0.046136699256586616,0.11253842935152679,0.47435149213910904,-0.04176498109944462,0.09999999999999992,1.4,4.526311611677755e-05,0.03247351499297762,-0.03652759264435165,0.47435149213910904,0.039549436795994986,0.1261576971214018,0.04607927792028594,0.46634112722496746,0.8947368421052619
ascorbic_acid,0.5,7.5,SWV,9,0.04625142268972911,0.11226232581115445,0.4832415985057836,-0.04192494991106307,0.09999999999999992,1.4,-1.1716443531188808e-05,0.029830429353826876,-0.02757217148682127,0.4832415985057836,0.030788485607008753,0.11914893617021272,0.04426848484964393,0.47500278846801247,0.8888888888888908
ascorbic_acid,0.5,8.0,SWV,0,0.04630603382234316,0.11331070217786131,0.4701735153148095,-0.052705860790331724,0.09999999999999992,1.4,2.7120093262471627e-06,0.036065807553779125,-0.03961082494558608,0.4701735153148095,0.015018773466833446,0.11914893617021272,0.04514348136027865,0.46294797333703325,0.9428571428571422
ascorbic_acid,0.5,8.0,SWV,1,0.04584294781358166,0.11351438239784516,0.4588400277873927,-0.04883217523277781,0.09999999999999992,1.4,-1.7915120989974824e-05,0.030425144516857586,-0.024074919336999588,0.4588400277873927,0.01151439299123902,0.12440550688360452,0.046353395168297507,0.45139680643010494,0.7750000000000004
ascorbic_acid,0.5,8.0,SWV,2,0.04606133443701,0.11343719903645841,0.4670342107942571,-0.03842694469460357,0.09999999999999992,1.4,-1.0087902294516511e-05,0.0317676834486927,-0.025284573497383774,0.4670342107942571,0.009762202753441751,0.12440550688360452,0.04635080409321057,0.45936009949051837,0.7750000000000004
ascorbic_acid,0.5,8.0,SWV,3,0.04698501942713947,0.11328383054391435,0.46885877464108905,-0.04183755523839862,0.09999999999999992,1.4,-4.799873696663773e-05,0.0274719139453482,-0.038924777277950115,0.46885877464108905,0.020275344180225252,0.12265331664580725,0.04585685380122007,0.46026540504014174,0.9444444444444438
ascorbic_acid,0.5,8.0,SWV,4,0.04659411708492784,0.11280698244268197,0.4687461721508616,-0.04529570795616339,0.09999999999999992,1.4,-1.902760468481396e-05,0.03715732151746706,-0.026839706160421622,0.4687461721508616,0.009762202753441751,0.11564455569461829,0.04411888209055533,0.4605768740017484,0.7837837837837829
ascorbic_acid,0.5,8.0,SWV,5,0.04648512081169551,0.1128939230348532,0.46052675253500547,-0.042696770643391904,0.09999999999999992,1.4,1.463357949178054e-05,0.047152100857213566,-0.025225402923430305,0.46052675253500547,-0.006007509386733445,0.12090112640800998,0.04538587497078016,0.45276385918605444,0.4375000000000005
ascorbic_acid,0.5,8.0,SWV,6,0.04655020862677879,0.11296515529913048,0.46141270846321986,-0.03795142411800513,0.09999999999999992,1.4,6.791462380147731e-06,0.03153321086098329,-0.03387550327331072,0.46141270846321986,0.015018773466833446,0.1261576971214018,0.046625286383945044,0.4534784852118631,0.9459459459459453
ascorbic_acid,0.5,8.0,SWV,7,0.045427538545566935,0.11357653162029069,0.46495573517174427,-0.03827346888450621,0.09999999999999992,1.4,-3.909816216586797e-05,0.025871671924349332,-0.02562759192279801,0.46495573517174427,0.008010012515644482,0.12090112640800998,0.045671149148237736,0.4581993650580458,0.7249999999999996
ascorbic_acid,0.5,8.0,SWV,8,0.046576600181475636,0.1133969395418563,0.4690418400178825,-0.040624319695454665,0.09999999999999992,1.4,4.320038057325774e-05,0.03175336545098502,-0.037419268654809795,0.4690418400178825,0.008010012515644482,0.12090112640800998,0.04563876474988284,0.46090095206473136,0.6829268292682918
ascorbic_acid,0.5,8.0,SWV,9,0.04668675062863832,0.11335251773150219,0.46234145018464945,-0.04073834160983708,0.09999999999999992,1.4,-1.1507919225969241e-05,0.03119145782367902,-0.02704685164499861,0.46234145018464945,0.016770963704630715,0.1261576971214018,0.04687775046253391,0.45443626376009183,0.9459459459459453
ascorbic_acid,1.0,6.0,SWV,0,0.08413549517336691,0.2099326580885901,0.8890401103360475,-0.09560914884904662,0.09999999999999992,1.4,3.359435592186072e-06,0.06792993353091083,-0.07508519600421454,0.8890401103360475,0.10613266583229031,0.12440550688360441,0.08552832071067064,0.8773394205224542,0.6511627906976742
ascorbic_acid,1.0,6.0,SWV,1,0.08324899151599711,0.21057216137560728,0.8862743153604696,-0.09444305114888352,0.09999999999999992,1.4,-3.6127886677125435e-05,0.05509441884057631,-0.04633748302810408,0.8862743153604696,0.10613266583229031,0.12440550688360452,0.08577407061953571,0.8744229676122263,0.7317073170731705
ascorbic_acid,1.0,6.0,SWV,2,0.08366705757009285,0.2091187945733881,0.8928716153390434,-0.07455416679114334,0.09999999999999992,1.4,-2.114393581427246e-05,0.046635053090707305,-0.05173926590099595,0.8928716153390434,0.10262828535669577,0.12440550688360452,0.08508323446117452,0.8794062693937335,0.7750000000000004
ascorbic_acid,1.0,6.0,SWV,3,0.08543530387102806,0.21043303044635195,0.8805918472849193,-0.08187830081804322,0.09999999999999992,1.4,-9.371812927924189e-05,0.061684124183517514,-0.07526938448008275,0.8805918472849193,0.10438047559449304,0.11739674593241545,0.0827524301669927,0.8668032581179289,0.7631578947368423
ascorbic_acid,1.0,6.0,SWV,4,0.08468698422956052,0.20732706484331828,0.8830536645145217,-0.08807100049623616,0.09999999999999992,1.4,-3.825755772220163e-05,0.05334693319899375,-0.05797064432768406,0.8830536645145217,0.10438047559449304,0.12090112640800998,0.08298552345727771,0.8687902677230026,0.7249999999999996
ascorbic_acid,1.0,6.0,SWV,5,0.0844783284009844,0.21035778009788372,0.8937373470437964,-0.07607525379277712,0.09999999999999992,1.4,2.6181363599903362e-05,0.07234877036336375,-0.054977497402277455,0.8937373470437964,0.10087609511889861,0.11914893617021272,0.0833972805014704,0.8812314073062486,0.7894736842105239
ascorbic_acid,1.0,6.0,SWV,6,0.08460292855091303,0.20932948550432795,0.8880323761374249,-0.07357236246480679,0.09999999999999992,1.4,1.1168892116306255e-05,0.059487397499381624,-0.053372288079524925,0.8880323761374249,0.10613266583229031,0.12790988735919895,0.0869269463229074,0.8749283500547176,0.6976744186046516
ascorbic_acid,1.0,6.0,SWV,7,0.08245375730802508,0.20930058594000442,0.8660863240411133,-0.07426587508700103,0.09999999999999992,1.4,-7.667941084618337e-05,0.05992713283190576,-0.050130758232449724,0.8660863240411133,0.10613266583229031,0.12615769712140168,0.08606861135670801,0.8539921653089764,0.6744186046511629
ascorbic_acid,1.0,6.0,SWV,8,0.08465345093621467,0.21071114281154027,0.8685313485398285,-0.07812280790428111,0.09999999999999992,1.4,8.08679081271603e-05,0.060032883793933955,-0.05772568170419612,0.8685313485398285,0.10262828535669577,0.12790988735919895,0.08716916886221811,0.854701931611026,0.7804878048780504
ascorbic_acid,1.0,6.0,SWV,9,0.08486431624508413,0.20947683012947116,0.8931444304927358,-0.07929232819315035,0.09999999999999992,1.4,-2.3862329761492885e-05,0.06487874812199432,-0.058093323294713436,0.8931444304927358,0.10087609511889861,0.11914893617021272,0.08322903757259827,0.8796072790449774,0.8378378378378359
ascorbic_acid,1.0,6.5,SWV,0,0.0849720367607057,0.2120357994820082,0.8991432659917454,-0.0877672072485874,0.09999999999999992,1.4,3.462033976402018e-06,0.06892728575431627,-0.07620279250178594,0.8991432659917454,0.06408010012515641,0.11739674593241556,0.08358463963643668,0.8877871332160547,0.6341463414634148
ascorbic_acid,1.0,6.5,SWV,1,0.08407066863831197,0.21269588533692263,0.8860461294308902,-0.0959164709682982,0.09999999999999992,1.4,-3.668739263492898e-05,0.055957094922020556,-0.051146145415053745,0.8860461294308902,0.06057571964956188,0.12265331664580725,0.08605390137036459,0.8743064831799917,0.5909090909090914
ascorbic_acid,1.0,6.5,SWV,2,0.08449574462201954,0.21154074841652654,0.8845198478525071,-0.07569465424233164,0.09999999999999992,1.4,-2.1452198123310395e-05,0.04727551921472643,-0.04916765172442873,0.8845198478525071,0.05882352941176461,0.12090112640800998,0.08479519486366373,0.8714610427734619,0.49999999999999933
ascorbic_acid,1.0,6.5,SWV,3,0.08629364002262337,0.2125294575412025,0.9014592519384886,-0.08315617610161438,0.09999999999999992,1.4,-9.524328060101186e-05,0.05988386901132303,-0.07667308708656244,0.9014592519384886,0.06057571964956188,0.12440550688360452,0.08687422210244697,0.8870244836487735,0.5777777777777781
ascorbic_acid,1.0,6.5,SWV,4,0.0855327729189487,0.20960808100302378,0.8826739238231172,-0.08944487455969564,0.09999999999999992,1.4,-3.8852772975165734e-05,0.05722807234187193,-0.059634114339527894,0.8826739238231172,0.06057571964956188,0.12090112640800998,0.08419900843099982,0.8687042048250699,0.5681818181818183
ascorbic_acid,1.0,6.5,SWV,5,0.08532061845024844,0.21212235617317415,0.8805394604290475,-0.08140377610621992,0.09999999999999992,1.4,2.6666629046831895e-05,0.07638418696010352,-0.052515100215047884,0.8805394604290475,0.062327909887359145,0.12090112640800998,0.08530479397359612,0.8680302158003915,0.5681818181818183
ascorbic_acid,1.0,6.5,SWV,6,0.08544730783529209,0.21151202986799994,0.9007527811119684,-0.07469507636046618,0.09999999999999992,1.4,1.1402435694480294e-05,0.06043803932461872,-0.05361408461982742,0.9007527811119684,0.07634543178973707,0.11914893617021272,0.08424640774457834,0.8877765321917764,0.9428571428571422
ascorbic_acid,1.0,6.5,SWV,7,0.08326210032734785,0.21170319301913326,0.8983653616182657,-0.07507861145251782,0.09999999999999992,1.4,-7.791886516930621e-05,0.060870841526692976,-0.051967465745356795,0.8983653616182657,0.05707133917396745,0.12090112640800998,0.08525454355535246,0.8879664168477169,0.5000000000000013
ascorbic_acid,1.0,6.5,SWV,8,0.0854986773555412,0.21283344856783595,0.923953504043735,-0.07934869988392604,0.09999999999999992,1.4,8.227013113162082e-05,0.0608978704048837,-0.05537934895588781,0.923953504043735,0.06408010012515641,0.11914893617021272,0.08442719391217246,0.9107763327719075,0.61904761904762
ascorbic_acid,1.0,6.5,SWV,9,0.08571307835203296,0.21180753033352964,0.886059681529926,-0.08051801224534952,0.09999999999999992,1.4,-2.421617278688115e-05,0.0664353193927329,-0.05547294169298919,0.886059681529926,0.062327909887359145,0.1209011264080101,0.0851837431377268,0.8728277391668464,0.6428571428571431
ascorbic_acid,1.0,7.0,SWV,0,0.08580761624100834,0.21413218311801838,0.9188305328504814,-0.0979592549137441,0.09999999999999992,1.4,3.589323313985676e-06,0.07000484156852409,-0.07741281064460973,0.9188305328504814,0.05356695869837291,0.12440550688360452,0.0870197810287232,0.9068988727611139,0.8205128205128215
ascorbic_acid,1.0,7.0,SWV,1,0.08488985467080835,0.21474517053283002,0.9357599544849959,-0.0975188290907261,0.09999999999999992,1.4,-3.7290312757001094e-05,0.055635088394586044,-0.05277038016862218,0.9357599544849959,0.04831038798498122,0.11914893617021283,0.08462338639672962,0.9239438332305283,0.700000000000001
ascorbic_acid,1.0,7.0,SWV,2,0.08532266163676332,0.21392813904135832,0.9093150213571184,-0.07692983403760521,0.09999999999999992,1.4,-2.1778031270772437e-05,0.05267197432285044,-0.04902829218034359,0.9093150213571184,0.05882352941176461,0.11739674593241556,0.08349681741771009,0.8953329074221491,0.9705882352941154
ascorbic_acid,1.0,7.0,SWV,3,0.0871532558911192,0.2144810336603586,0.9160790178631678,-0.08454287566270235,0.09999999999999992,1.4,-9.691117392246013e-05,0.05443626193058208,-0.07824379683069835,0.9160790178631678,0.06057571964956188,0.12265331664580725,0.08624096044265159,0.9013365804143528,1.0
ascorbic_acid,1.0,7.0,SWV,4,0.08637855067309182,0.212049210893144,0.928027203475813,-0.09093744748958832,0.09999999999999992,1.4,-3.949507550793846e-05,0.06308635588761632,-0.058433486906178944,0.928027203475813,0.04130162703379214,0.12615769712140168,0.08681785364296728,0.9131044544956539,0.5652173913043466
ascorbic_acid,1.0,7.0,SWV,5,0.0861625376885165,0.21380084084190182,0.9205342612017992,-0.08423369667954743,0.09999999999999992,1.4,2.721594719672954e-05,0.08245441053359248,-0.05095473112939558,0.9205342612017992,0.050062578222778376,0.12090112640800998,0.08493042021153221,0.9068950356466786,0.6829268292682918
ascorbic_acid,1.0,7.0,SWV,6,0.08629153121075975,0.21359315327764397,0.9181853131523393,-0.0759106543837001,0.09999999999999992,1.4,1.1674139459301458e-05,0.061393125684709074,-0.06168331402173527,0.9181853131523393,0.039549436795994986,0.12265331664580725,0.08606852432944656,0.9047735429747047,0.5217391304347843
ascorbic_acid,1.0,7.0,SWV,7,0.08406658068957006,0.21406781394870675,0.9342443277880871,-0.07580953966619691,0.09999999999999992,1.4,-7.92716742392728e-05,0.054915472224459416,-0.05082944586430202,0.9342443277880871,0.05707133917396745,0.11914893617021283,0.08437822998429294,0.9233213803050144,0.9999999999999981
ascorbic_acid,1.0,7.0,SWV,8,0.0863438350036197,0.2148252269737766,0.9191976873209977,-0.08064693537796197,0.09999999999999992,1.4,8.383072656837381e-05,0.061829210900340006,-0.06343190830841389,0.9191976873209977,0.06408010012515641,0.12440550688360452,0.08706020508554818,0.9055408092051669,0.918918918918918
ascorbic_acid,1.0,7.0,SWV,9,0.0865621353742498,0.21400722052729113,0.9109110979363968,-0.08184715440630054,0.09999999999999992,1.4,-2.459227515649462e-05,0.06118916709450106,-0.05353252318742878,0.9109110979363968,0.050062578222778376,0.1261576971214018,0.08769602639637677,0.8973508884091392,0.7142857142857139
ascorbic_acid,1.0,7.5,SWV,0,0.08664766715375373,0.2161901240849316,0.9425975352588722,-0.1040207509809976,0.09999999999999992,1.4,3.6007503088216627e-06,0.07094079030134003,-0.07818968227106148,0.9425975352588722,0.03254067584480591,0.12265331664580725,0.08687697124278228,0.9302352147779883,0.9444444444444438
ascorbic_acid,1.0,7.5,SWV,1,0.08572068689018274,0.2166975719394097,0.9207276845506773,-0.09851614399611294,0.09999999999999992,1.4,-3.7689511835748357e-05,0.05619287450982377,-0.05120996861616087,0.9207276845506773,0.03254067584480591,0.11739674593241556,0.08469615494609156,0.90842396712527,0.9705882352941154
ascorbic_acid,1.0,7.5,SWV,2,0.08615784129760565,0.2162437274127128,0.9152874709321307,-0.07772066983923528,0.09999999999999992,1.4,-2.202141322756819e-05,0.058930518257354375,-0.04951988104577383,0.9152874709321307,0.039549436795994986,0.12265331664580725,0.08684296325388327,0.9012827664729995,0.8421052631578929
ascorbic_acid,1.0,7.5,SWV,3,0.08800682342923336,0.2163356788724441,0.9243126773968117,-0.08541891710729417,0.09999999999999992,1.4,-9.790925015563042e-05,0.05498297276597159,-0.07903082528327907,0.9243126773968117,0.03254067584480591,0.12265331664580725,0.08680692817522415,0.9090119621285802,1.0
ascorbic_acid,1.0,7.5,SWV,4,0.08722433648435031,0.21460398029849187,0.9383195505179127,-0.09187302577686887,0.09999999999999992,1.4,-3.9916420896159365e-05,0.06935775931356486,-0.05554374899175715,0.9383195505179127,0.04130162703379214,0.12440550688360452,0.08698657531777258,0.9235806194557679,0.8205128205128215
ascorbic_acid,1.0,7.5,SWV,5,0.0870061537015032,0.21551527080158966,0.9106044132813185,-0.08556733074957454,0.09999999999999992,1.4,2.7464697923611363e-05,0.08897806708624115,-0.050075587662686605,0.9106044132813185,0.030788485607008753,0.12265331664580725,0.08645168195839237,0.8961728938204252,0.8918918918918939
ascorbic_acid,1.0,7.5,SWV,6,0.08713644293253071,0.21556643256719274,0.9387608183126613,-0.07669046732253697,0.09999999999999992,1.4,1.1766776480167177e-05,0.06201823098109294,-0.06648909410936976,0.9387608183126613,0.039549436795994986,0.11739674593241545,0.08415920820913227,0.9244297255674859,0.9142857142857131
ascorbic_acid,1.0,7.5,SWV,7,0.08488914332058967,0.21640595177278274,0.9397866845884804,-0.07658077291027159,0.09999999999999992,1.4,-8.009256595733871e-05,0.05198918020701271,-0.04889837265246774,0.9397866845884804,0.03254067584480591,0.12440550688360452,0.0878190010801429,0.9283004369682263,0.918918918918918
ascorbic_acid,1.0,7.5,SWV,8,0.08718927210436074,0.21667324698755838,0.9116847539884174,-0.08147030674045802,0.09999999999999992,1.4,8.46481590839044e-05,0.06244918567430932,-0.07027084368906794,0.9116847539884174,0.039549436795994986,0.1261576971214018,0.08869115193193801,0.8976753898315948,0.8947368421052619
ascorbic_acid,1.0,7.5,SWV,9,0.08740976524950327,0.2161425395666428,0.9287680554843764,-0.0826908465070054,0.09999999999999992,1.4,-2.4863925513598366e-05,0.05741561942018586,-0.05304173461811294,0.9287680554843764,0.030788485607008753,0.11914893617021272,0.08522222605516458,0.9144496377863596,0.8888888888888908
ascorbic_acid,1.0,8.0,SWV,0,0.08751655192534318,0.21814326013601806,0.9035255126007117,-0.1026375485376319,0.09999999999999992,1.4,2.8644794379702882e-06,0.06935950702868075,-0.07616962311379763,0.9035255126007117,0.015018773466833446,0.11914893617021272,0.08688851761585889,0.8910419851190774,0.9428571428571422
ascorbic_acid,1.0,8.0,SWV,1,0.08662665402231456,0.21853540874444463,0.8817427297943762,-0.0956089157056269,0.09999999999999992,1.4,-3.677403191113357e-05,0.058562966104595465,-0.04628047428010286,0.8817427297943762,0.01151439299123902,0.12440550688360452,0.08922963606935065,0.8689417740282982,0.7750000000000004
ascorbic_acid,1.0,8.0,SWV,2,0.087046320767933,0.21838547286843302,0.8974850394205798,-0.07564400747190414,0.09999999999999992,1.4,-2.173271048951826e-05,0.0610930390078161,-0.04864694488266373,0.8974850394205798,0.009762202753441751,0.12440550688360452,0.08923928837292824,0.8843617024163252,0.7750000000000004
ascorbic_acid,1.0,8.0,SWV,3,0.08882133733121372,0.21809142224917483,0.9009925026331854,-0.0829995135026324,0.09999999999999992,1.4,-9.458477606371314e-05,0.052783818558924195,-0.07476050019731567,0.9009925026331854,0.020275344180225252,0.12265331664580725,0.0883042030647267,0.8862263690512721,0.9444444444444438
ascorbic_acid,1.0,8.0,SWV,4,0.08807015252311846,0.21717146443837176,0.9007748620290901,-0.08921413414746365,0.09999999999999992,1.4,-3.89118570418015e-05,0.07150013499880356,-0.05158128716773906,0.9007748620290901,0.009762202753441751,0.11564455569461829,0.08494599800221689,0.8867236326744862,0.7837837837837829
ascorbic_acid,1.0,8.0,SWV,5,0.08786069779299872,0.21733880130485336,0.8849337279068772,-0.08332628896630229,0.09999999999999992,1.4,2.5773788055369132e-05,0.09070663507689705,-0.0485214101001356,0.8849337279068772,-0.006007509386733445,0.12090112640800998,0.08737979944244019,0.871618245963187,0.4375000000000005
ascorbic_acid,1.0,8.0,SWV,6,0.0879857750120454,0.21747658374188425,0.886690144011367,-0.07465814461993293,0.09999999999999992,1.4,1.0703836813242412e-05,0.06064793489926154,-0.06512628525038217,0.886690144011367,0.015018773466833446,0.1261576971214018,0.08976667139799326,0.8730586252663765,0.9459459459459453
ascorbic_acid,1.0,8.0,SWV,7,0.0858283750211985,0.21865148617804886,0.8934845229519829,-0.07458296218466093,0.09999999999999992,1.4,-7.74808197767643e-05,0.04976028178114028,-0.04932630690379047,0.8934845229519829,0.008010012515644482,0.12090112640800998,0.08795567326460803,0.8823321211479803,0.7249999999999996
ascorbic_acid,1.0,8.0,SWV,8,0.08803649083748182,0.2183076246558052,0.9013366628684065,-0.07926984302898445,0.09999999999999992,1.4,8.066971645240846e-05,0.06105981487589853,-0.07198600337156469,0.9013366628684065,0.008010012515644482,0.12090112640800998,0.08781536167280075,0.8868743087334644,0.6829268292682918
ascorbic_acid,1.0,8.0,SWV,9,0.08824816350755423,0.2182223408100034,0.8884742776756782,-0.08040175971048075,0.09999999999999992,1.4,-2.4461512624880734e-05,0.06003572128210505,-0.05202815557417286,0.8884742776756782,0.016770963704630715,0.1261576971214018,0.09021991214058571,0.8746413231646759,0.9459459459459453
ascorbic_acid,2.0,6.0,SWV,0,0.15511536499969686,0.3909078514371487,1.6538380147964313,-0.17982430434997915,0.09999999999999992,1.4,4.063360025250707e-06,0.126406547400486,-0.13971842495981346,1.6538380147964313,0.10613266583229031,0.12440550688360441,0.1592507295475447,1.6335484029492293,0.6511627906976742
ascorbic_acid,2.0,6.0,SWV,1,0.15346623153432404,0.3920980616628602,1.6486928977800863,-0.1773336007590287,0.09999999999999992,1.4,-6.939360100465531e-05,0.10256550926983327,-0.08623585185826604,1.6486928977800863,0.10613266583229031,0.12440550688360452,0.15970796009430624,1.6281141856894357,0.7317073170731705
ascorbic_acid,2.0,6.0,SWV,2,0.15424394600263336,0.3893929132853036,1.660976112600325,-0.14036343243649724,0.09999999999999992,1.4,-4.1519452256360833e-05,0.0867902901131486,-0.09626803729064776,1.660976112600325,0.10262828535669577,0.12440550688360452,0.15841879833613173,1.6373668876937209,0.7750000000000004
ascorbic_acid,2.0,6.0,SWV,3,0.15753335617669376,0.3918385090800416,1.6381278148918772,-0.15473632711932458,0.09999999999999992,1.4,-0.0001765268266428574,0.11478686645807246,-0.1399912326069908,1.6381278148918772,0.10438047559449304,0.11739674593241545,0.15405589515385176,1.6137253453233846,0.7631578947368423
ascorbic_acid,2.0,6.0,SWV,4,0.15614128187076098,0.38605743519334856,1.6427074521502436,-0.16585429864261197,0.09999999999999992,1.4,-7.33553576894394e-05,0.09928577022115324,-0.10790010194423527,1.6427074521502436,0.10438047559449304,0.12090112640800998,0.1545466376388474,1.6178829205537277,0.7249999999999996
ascorbic_acid,2.0,6.0,SWV,5,0.1557531263264614,0.3916955871933178,1.6625900592857068,-0.14269394533761812,0.09999999999999992,1.4,4.651823870394839e-05,0.1346338934916168,-0.10232208174774342,1.6625900592857068,0.10087609511889861,0.11914893617021272,0.15526754336236073,1.6406734003263936,0.7894736842105239
ascorbic_acid,2.0,6.0,SWV,6,0.15598491586881635,0.3897834768015739,1.6519633601603976,-0.13846974576399274,0.09999999999999992,1.4,1.8591033987151728e-05,0.11070286826356504,-0.09933544046594221,1.6519633601603976,0.10613266583229031,0.12790988735919895,0.1618246657697178,1.6288211406360387,0.6976744186046516
ascorbic_acid,2.0,6.0,SWV,7,0.15198688361029297,0.3897292760580045,1.6111378445023774,-0.1401841895830394,0.09999999999999992,1.4,-0.0001448302616694086,0.11155564744402052,-0.09331536533826079,1.6111378445023774,0.10613266583229031,0.12615769712140168,0.16023759349573072,1.5899594977286542,0.6744186046511629
ascorbic_acid,2.0,6.0,SWV,8,0.15607890099302735,0.3923547000550012,1.6156967184308952,-0.1470260650465117,0.09999999999999992,1.4,0.00014824981074627292,0.11170742258853707,-0.10743391479788865,1.6156967184308952,0.10262828535669577,0.12790988735919895,0.16229374114645492,1.5913495298932658,0.7804878048780504
ascorbic_acid,2.0,6.0,SWV,9,0.1564711667605196,0.39005862188102375,1.6614870762146292,-0.14947263747307843,0.09999999999999992,1.4,-4.6576390705695135e-05,0.12076645049331669,-0.10808329006475412,1.6614870762146292,0.10087609511889861,0.11914893617021272,0.15497382390337194,1.63780913340401,0.8378378378378359
ascorbic_acid,2.0,6.5,SWV,0,0.15667312504306674,0.39480406987400557,1.6725740390273034,-0.16521315468574344,0.09999999999999992,1.4,4.252799509339433e-06,0.12825848375924534,-0.14179346171276036,1.6725740390273034,0.06408010012515641,0.11739674593241556,0.15560531053805307,1.6527387846481492,0.6341463414634148
ascorbic_acid,2.0,6.5,SWV,1,0.15499641235650763,0.39603258588588225,1.6481830255011887,-0.18006882453926218,0.09999999999999992,1.4,-7.043261623236152e-05,0.10417010413611771,-0.09516324637671403,1.6481830255011887,0.06057571964956188,0.12265331664580725,0.16021883409293097,1.6277791356231646,0.5909090909090914
ascorbic_acid,2.0,6.5,SWV,2,0.15578713290333737,0.3938821953354679,1.6453269247938498,-0.14248094038177786,0.09999999999999992,1.4,-4.2092315210857933e-05,0.08798006884174443,-0.09147516965979002,1.6453269247938498,0.05882352941176461,0.12090112640800998,0.15787814221310814,1.6224783081446177,0.49999999999999933
ascorbic_acid,2.0,6.5,SWV,3,0.1591315534041346,0.3957222425538426,1.6768543057538654,-0.15710874160927327,0.09999999999999992,1.4,-0.00017935748032088555,0.11142983683210816,-0.14259416231132432,1.6768543057538654,0.06057571964956188,0.12440550688360452,0.1617546728097867,1.6515051050248233,0.5777777777777781
ascorbic_acid,2.0,6.5,SWV,4,0.15771619879615403,0.3902844885715302,1.6419100946267053,-0.16840482728466027,0.09999999999999992,1.4,-7.446062720534608e-05,0.1065094051170319,-0.11099506424002636,1.6419100946267053,0.06057571964956188,0.12090112640800998,0.15679781200746218,1.6176083273745918,0.5681818181818183
ascorbic_acid,2.0,6.5,SWV,5,0.157321551947278,0.3949619596053714,1.6379545520074887,-0.1526090630798597,0.09999999999999992,1.4,4.7417670747220695e-05,0.14214265136968351,-0.0977340701651917,1.6379545520074887,0.062327909887359145,0.12090112640800998,0.1588215557320175,1.6160907036515348,0.5681818181818183
ascorbic_acid,2.0,6.5,SWV,6,0.15755721781328505,0.39382738724003374,1.6755234874581997,-0.14055427702168932,0.09999999999999992,1.4,1.9023426477731142e-05,0.1124687581472448,-0.0997334249774412,1.6755234874581997,0.07634543178973707,0.11914893617021272,0.15687509278816206,1.6529898177058886,0.9428571428571422
ascorbic_acid,2.0,6.5,SWV,7,0.15349232461337464,0.3941825752185194,1.6710633000160253,-0.14169138511711415,0.09999999999999992,1.4,-0.00014713083904093843,0.11331058854631748,-0.09673375936234269,1.6710633000160253,0.05707133917396745,0.12090112640800998,0.1587071514493505,1.6529559301345518,0.5000000000000013
ascorbic_acid,2.0,6.5,SWV,8,0.15765277469416902,0.3962865649091462,1.718725705438411,-0.1492697106054442,0.09999999999999992,1.4,0.0001508505468900892,0.11331377196889726,-0.10306168085640521,1.718725705438411,0.06408010012515641,0.11914893617021272,0.15716685895438676,1.6954445504450446,0.61904761904762
ascorbic_acid,2.0,6.5,SWV,9,0.15805160050339992,0.3943781531581367,1.648223192003181,-0.15174821743315817,0.09999999999999992,1.4,-4.7233823179244075e-05,0.12366199701705172,-0.10319857866686341,1.648223192003181,0.062327909887359145,0.1209011264080101,0.15861457758565004,1.625174500991009,0.6428571428571431
ascorbic_acid,2.0,7.0,SWV,0,0.15822905474552282,0.39868803145309456,1.709196587035852,-0.18346832892046616,0.09999999999999992,1.4,4.489222347555111e-06,0.1302630274301692,-0.14404436008903998,1.709196587035852,0.05356695869837291,0.12440550688360452,0.16202258261236444,1.6885212872847788,0.8205128205128215
ascorbic_acid,2.0,7.0,SWV,1,0.1565218534021453,0.39982898826259383,1.7406757970816935,-0.18304939947548424,0.09999999999999992,1.4,-7.155424240763541e-05,0.10353066489578659,-0.09818615851348028,1.7406757970816935,0.04831038798498122,0.11914893617021283,0.15755408119371603,1.720160633957824,0.700000000000001
ascorbic_acid,2.0,7.0,SWV,2,0.1573269520875702,0.3983074883683234,1.6914961420718833,-0.14477863431944132,0.09999999999999992,1.4,-4.2698612958726457e-05,0.09800060343359975,-0.0912511795556479,1.6914961420718833,0.05882352941176461,0.11739674593241556,0.15546323675841958,1.6670012115296515,0.9705882352941154
ascorbic_acid,2.0,7.0,SWV,3,0.1607321861610937,0.39933684791247204,1.7040757870295675,-0.1596882331404456,0.09999999999999992,1.4,-0.00018245975161610347,0.10125366440982553,-0.1455148827211715,1.7040757870295675,0.06057571964956188,0.12265331664580725,0.16058430553563655,1.6782658171182459,1.0
ascorbic_acid,2.0,7.0,SWV,4,0.15929109532456007,0.39480957074178374,1.7262474023902443,-0.17118122289884438,0.09999999999999992,1.4,-7.565549708253738e-05,0.11741669758912227,-0.1087584685550258,1.7262474023902443,0.04130162703379214,0.12615769712140168,0.16168218126930867,1.7002795750856268,0.5652173913043466
ascorbic_acid,2.0,7.0,SWV,5,0.15888927237900619,0.3980684511824278,1.7123590465944798,-0.15787597608289805,0.09999999999999992,1.4,4.843898592646195e-05,0.15344378835285463,-0.0948274896885027,1.7123590465944798,0.050062578222778376,0.12090112640800998,0.15814980381590169,1.688639448868047,0.6829268292682918
ascorbic_acid,2.0,7.0,SWV,6,0.15912922349660705,0.39768289688471564,1.7079235738755245,-0.14281551543713364,0.09999999999999992,1.4,1.952843234763857e-05,0.11424560254409993,-0.11475680870894445,1.7079235738755245,0.039549436795994986,0.12265331664580725,0.16020844660420772,1.6841440434616661,0.5217391304347843
ascorbic_acid,2.0,7.0,SWV,7,0.1549904159434691,0.39856551478318025,1.7378704204399749,-0.14197968138250477,0.09999999999999992,1.4,-0.00014964711428908816,0.10222041910909074,-0.09461406074381962,1.7378704204399749,0.05707133917396745,0.11914893617021283,0.15711970146645143,1.7192036572699791,0.9999999999999981
ascorbic_acid,2.0,7.0,SWV,8,0.15922651794467899,0.3999759738167557,1.7098680022000674,-0.15170684888740385,0.09999999999999992,1.4,0.00015375264312963765,0.11504638330468549,-0.11804332485894464,1.7098680022000674,0.06408010012515641,0.12440550688360452,0.16210596253310364,1.6860452924032698,0.918918918918918
ascorbic_acid,2.0,7.0,SWV,9,0.1596325958390915,0.39845427482173373,1.694458234675916,-0.15422066328715528,0.09999999999999992,1.4,-4.7933612002377944e-05,0.11389221971494978,-0.09958337970062892,1.694458234675916,0.050062578222778376,0.1261576971214018,0.16329284214914946,1.6708389973305124,0.7142857142857139
ascorbic_acid,2.0,7.5,SWV,0,0.15979331839820812,0.4025008539859144,1.7533712384196722,-0.19475065142738782,0.09999999999999992,1.4,4.509698320027539e-06,0.13200575134468231,-0.14548794991709013,1.7533712384196722,0.03254067584480591,0.12265331664580725,0.16171550965608175,1.7316170107215063,0.9444444444444438
ascorbic_acid,2.0,7.5,SWV,1,0.15806900086827344,0.4034454966934596,1.7126901490425124,-0.18490228112274099,0.09999999999999992,1.4,-7.229616867568151e-05,0.1045674808882427,-0.09527852201916381,1.7126901490425124,0.03254067584480591,0.11739674593241556,0.15764064743215617,1.6909121254862787,0.9705882352941154
ascorbic_acid,2.0,7.5,SWV,2,0.15888217137214558,0.40259963321412984,1.7025701090951952,-0.1462481498303234,0.09999999999999992,1.4,-4.315123630489553e-05,0.10965210934483471,-0.09216508852007751,1.7025701090951952,0.039549436795994986,0.12265331664580725,0.16166312077296377,1.6778494404793014,0.8421052631578929
ascorbic_acid,2.0,7.5,SWV,3,0.16232154589541714,0.40277147210083025,1.7193587548933709,-0.16131594847661382,0.09999999999999992,1.4,-0.00018431360261007598,0.10226873284466506,-0.14697496014175182,1.7193587548933709,0.03254067584480591,0.12265331664580725,0.16163705387112623,1.6925663820294974,1.0
ascorbic_acid,2.0,7.5,SWV,4,0.16086600686289323,0.39954659289292427,1.7454096178048866,-0.1729194792483077,0.09999999999999992,1.4,-7.643854201558887e-05,0.1290928284398995,-0.10337631206795744,1.7454096178048866,0.04130162703379214,0.12440550688360452,0.16196770885826242,1.7196148667751787,0.8205128205128215
ascorbic_acid,2.0,7.5,SWV,5,0.1604601552908825,0.4012421771195657,1.6938560769439832,-0.1603558199345472,0.09999999999999992,1.4,4.8900096716543854e-05,0.16558855713976706,-0.09318903662369729,1.6938560769439832,0.030788485607008753,0.12265331664580725,0.1609539210487835,1.6684934448874267,0.8918918918918939
ascorbic_acid,2.0,7.5,SWV,6,0.16070251212829462,0.40133818452222053,1.7462339344916196,-0.1442645649916844,0.09999999999999992,1.4,1.9699689553403786e-05,0.11540745902880913,-0.1237027195125111,1.7462339344916196,0.039549436795994986,0.11739674593241545,0.15666562181497679,1.7208791721331758,0.9142857142857131
ascorbic_acid,2.0,7.5,SWV,7,0.1565222094097043,0.4028996274506851,1.748142649122297,-0.14341280116802604,0.09999999999999992,1.4,-0.00015117198989647238,0.09674724630853337,-0.09100775963653235,1.748142649122297,0.03254067584480591,0.12440550688360452,0.1634718281439337,1.7280421608295693,0.918918918918918
ascorbic_acid,2.0,7.5,SWV,8,0.1608007820383006,0.4033982847476182,1.695868533856143,-0.1532546477882543,0.09999999999999992,1.4,0.0001552696154387523,0.11619866413738687,-0.13077598349338693,1.695868533856143,0.039549436795994986,0.1261576971214018,0.16509875031153898,1.6711031373331384,0.8947368421052619
ascorbic_acid,2.0,7.5,SWV,9,0.16121093121875354,0.40241104766922015,1.7276430817908186,-0.15578831626524683,0.09999999999999992,1.4,-4.843872079240197e-05,0.10687871884951916,-0.09871129609491182,1.7276430817908186,0.030788485607008753,0.11914893617021272,0.15867191708745582,1.702552518896108,0.8888888888888908
ascorbic_acid,2.0,8.0,SWV,0,0.16141127404106737,0.4061194024016634,1.6805704732512947,-0.19217023001554945,0.09999999999999992,1.4,3.1378741210605354e-06,0.12905855436298713,-0.14172333017403907,1.6805704732512947,0.015018773466833446,0.11914893617021272,0.16174999160758233,1.6587285409873784,0.9428571428571422
ascorbic_acid,2.0,8.0,SWV,1,0.15975605825866324,0.4068494914986478,1.6400510230482774,-0.1794844503465977,0.09999999999999992,1.4,-7.059001011459051e-05,0.10901699102053969,-0.0860973314194605,1.6400510230482774,0.01151439299123902,0.12440550688360452,0.16614539882650498,1.6179182225159852,0.7750000000000004
ascorbic_acid,2.0,8.0,SWV,2,0.16053664108545015,0.4065691073111003,1.6693279045436413,-0.14237805107258106,0.09999999999999992,1.4,-4.2613056218486904e-05,0.11367643518279558,-0.09053809357351056,1.6693279045436413,0.009762202753441751,0.12440550688360452,0.16613272415419483,1.6463527316388769,0.7750000000000004
ascorbic_acid,2.0,8.0,SWV,3,0.1638381832281745,0.4060227980737318,1.675852980412117,-0.15680716280401713,0.09999999999999992,1.4,-0.00017811836341019398,0.09817068200395701,-0.1390176585354884,1.675852980412117,0.020275344180225252,0.12265331664580725,0.16439935054739363,1.649877061423342,0.9444444444444438
ascorbic_acid,2.0,8.0,SWV,4,0.16244097468814997,0.40430831014301966,1.6754469956038447,-0.16796441559393316,0.09999999999999992,1.4,-7.456637850950257e-05,0.13308035227568304,-0.09594550138775654,1.6754469956038447,0.009762202753441751,0.11564455569461829,0.15814432230981512,1.6507717393711627,0.7837837837837829
ascorbic_acid,2.0,8.0,SWV,5,0.1620513875525769,0.40461980476115456,1.6459393389185097,-0.15617921837290025,0.09999999999999992,1.4,4.574933444525212e-05,0.16880442057426104,-0.0902935608997451,1.6459393389185097,-0.006007509386733445,0.12090112640800998,0.16266992710567504,1.62259037768132,0.4375000000000005
ascorbic_acid,2.0,8.0,SWV,6,0.16228403197873034,0.4048769159249229,1.6492565801666652,-0.14047709172683798,0.09999999999999992,1.4,1.7719128900170744e-05,0.11285364696789839,-0.12116217017478603,1.6492565801666652,0.015018773466833446,0.1261576971214018,0.16713491508924877,1.6254986129908364,0.9459459459459453
ascorbic_acid,2.0,8.0,SWV,7,0.1582712542188827,0.4070622760382939,1.6618809700062038,-0.1396896398263177,0.09999999999999992,1.4,-0.00014630489549285488,0.09259503048986861,-0.09182055445591542,1.6618809700062038,0.008010012515644482,0.12090112640800998,0.16372244676553596,1.6424014297772391,0.7249999999999996
ascorbic_acid,2.0,8.0,SWV,8,0.1623783637379067,0.4064238600529926,1.676486000393484,-0.14906850205174443,0.09999999999999992,1.4,0.00014785611182192043,0.11360931039643313,-0.13396773458781536,1.676486000393484,0.008010012515644482,0.12090112640800998,0.163471147539509,1.6509266863241272,0.6829268292682918
ascorbic_acid,2.0,8.0,SWV,9,0.16277207625595527,0.4062653063512973,1.6525745200733852,-0.1515223714771522,0.09999999999999992,1.4,-4.768864561603206e-05,0.11175646955238627,-0.09682221779200258,1.6525745200733852,0.016770963704630715,0.1261576971214018,0.16796677829585283,1.6283493628674213,0.9459459459459453
ascorbic_acid,5.0,6.0,SWV,0,0.3193830637406318,0.809736530065838,3.4237988794047483,-0.37472223565213714,0.09999999999999992,1.4,5.692442284631061e-06,0.2617381394986457,-0.28929818339991387,3.4237988794047483,0.10613266583229031,0.12440550688360441,0.32983786678463767,3.3834103507596893,0.6511627906976742
ascorbic_acid,5.0,6.0,SWV,1,0.3159689870053091,0.8122012312782895,3.4131473313797707,-0.369166015571079,0.09999999999999992,1.4,-0.00014637996844836854,0.2124271756918279,-0.17857207686521226,3.4131473313797707,0.10613266583229031,0.12440550688360452,0.33086930378831597,3.3728307872163557,0.7317073170731705
ascorbic_acid,5.0,6.0,SWV,2,0.31757903066079857,0.8065991081520526,3.438589377690719,-0.2926648757871733,0.09999999999999992,1.4,-8.867421887947868e-05,0.1797209815079413,-0.199320336792413,3.438589377690719,0.10262828535669577,0.12440550688360452,0.32819586713473065,3.391967489220015,0.7750000000000004
ascorbic_acid,5.0,6.0,SWV,3,0.32438884865552003,0.8116629902321705,3.391282482782266,-0.3233506165594328,0.09999999999999992,1.4,-0.00036816981197008156,0.2376817842934712,-0.2897760811292638,3.391282482782266,0.10438047559449304,0.11739674593241545,0.31910522433815086,3.3425953344564965,0.7631578947368423
ascorbic_acid,5.0,6.0,SWV,4,0.32150694212611064,0.7996909631445478,3.4007633606786287,-0.34586707435279596,0.09999999999999992,1.4,-0.00015458169475647765,0.20560136447243663,-0.22345113242825398,3.4007633606786287,0.10438047559449304,0.12090112640800998,0.3201598989159514,3.351500629585523,0.7249999999999996
ascorbic_acid,5.0,6.0,SWV,5,0.3207033729539938,0.8113634628107653,3.441934907616984,-0.2968686314842501,0.09999999999999992,1.4,9.358357823045115e-05,0.27877946415985966,-0.21189097694725026,3.441934907616984,0.10087609511889861,0.11914893617021272,0.3215695945085841,3.3980186628675444,0.7894736842105239
ascorbic_acid,5.0,6.0,SWV,6,0.32118322937596405,0.8074059504876452,3.419917923184992,-0.288660832827823,0.09999999999999992,1.4,3.576799088825133e-05,0.22923010060353238,-0.205707307417365,3.419917923184992,0.10613266583229031,0.12790988735919895,0.3351432949594923,3.3734186411683895,0.6976744186046516
ascorbic_acid,5.0,6.0,SWV,7,0.31290640448125584,0.8072931964807625,3.3353999347127314,-0.29273800313101384,0.09999999999999992,1.4,-0.0003025508021460166,0.23103878126062893,-0.19325688464028112,3.3353999347127314,0.10613266583229031,0.12615769712140168,0.3319606155920541,3.2937911399079223,0.6744186046511629
ascorbic_acid,5.0,6.0,SWV,8,0.32137779969593666,0.8127301648802097,3.3448508601787914,-0.30739973533930354,0.09999999999999992,1.4,0.00030419078537907815,0.2312970695131899,-0.2224729685290056,3.3448508601787914,0.10262828535669577,0.12790988735919895,0.33621301348123295,3.296628088819342,0.7804878048780504
ascorbic_acid,5.0,6.0,SWV,9,0.3221898779533845,0.8079768600638626,3.4396514848852955,-0.3118899246637691,0.09999999999999992,1.4,-9.914321746227639e-05,0.2501065616955199,-0.22377435601827678,3.4396514848852955,0.10087609511889861,0.11914893617021272,0.32099651276967883,3.392376902593176,0.8378378378378359
ascorbic_acid,5.0,6.5,SWV,0,0.3226099293536736,0.8177824365370736,3.462513828052451,-0.34444520446887594,0.09999999999999992,1.4,6.082856885565868e-06,0.26556782771350973,-0.29358901045815833,3.462513828052451,0.06408010012515641,0.11739674593241556,0.32231651820069107,3.423351876166495,0.6341463414634148
ascorbic_acid,5.0,6.5,SWV,1,0.3191388478186175,0.8203264599907663,3.4119855564067363,-0.37482141423206444,0.09999999999999992,1.4,-0.00014852870512927662,0.2157487826030282,-0.19703139431655647,3.4119855564067363,0.06057571964956188,0.12265331664580725,0.33188458400066745,3.371749494338029,0.5909090909090914
ascorbic_acid,5.0,6.5,SWV,2,0.3207757743543872,0.8158727732806109,3.40605187428667,-0.29704348830449623,0.09999999999999992,1.4,-8.985944332775276e-05,0.18218202654998605,-0.1893868540244833,3.40605187428667,0.05882352941176461,0.12090112640800998,0.32703491013912206,3.360728364389938,0.49999999999999933
ascorbic_acid,5.0,6.5,SWV,3,0.32769929580134627,0.8196830567166815,3.471340001726595,-0.3282561074984266,0.09999999999999992,1.4,-0.00037402177110116284,0.23072193378878225,-0.29515436497434466,3.471340001726595,0.06057571964956188,0.12440550688360452,0.3350526316506656,3.4207574202314897,0.5777777777777781
ascorbic_acid,5.0,6.5,SWV,4,0.32476927011197193,0.8084216981186653,3.3989995184864377,-0.3511407178767213,0.09999999999999992,1.4,-0.00015686737556662222,0.22056048953954482,-0.22985897686689416,3.3989995184864377,0.06057571964956188,0.12090112640800998,0.3247951569993033,3.350645588934118,0.5681818181818183
ascorbic_acid,5.0,6.5,SWV,5,0.3239522837546893,0.8181054170810387,3.3908294782318813,-0.3173984415045688,0.09999999999999992,1.4,9.544151011097678e-05,0.29432652614614,-0.20238368633552462,3.3908294782318813,0.062327909887359145,0.12090112640800998,0.3289239308511811,3.3470151961697825,0.5681818181818183
ascorbic_acid,5.0,6.5,SWV,6,0.3244401523337831,0.8157575892086604,3.4685642650023336,-0.29297128426623426,0.09999999999999992,1.4,3.666057657611132e-05,0.2328827074224651,-0.20646675551934712,3.4685642650023336,0.07634543178973707,0.11914893617021272,0.3249502050747347,3.423841358826755,0.9428571428571422
ascorbic_acid,5.0,6.5,SWV,7,0.3160251293896081,0.8164923779438388,3.4593071003079827,-0.29585237559803707,0.09999999999999992,1.4,-0.0003073071214295742,0.23467114593459115,-0.2003357531616522,3.4593071003079827,0.05707133917396745,0.12090112640800998,0.32869433155029665,3.423334252197689,0.5000000000000013
ascorbic_acid,5.0,6.5,SWV,8,0.3246379713921362,0.8208498618163951,3.558055657237518,-0.31203906767015954,0.09999999999999992,1.4,0.0003095652233596874,0.23461914415990004,-0.21341222039760266,3.558055657237518,0.06408010012515641,0.11914893617021272,0.3255679302548471,3.5119004739658743,0.61904761904762
ascorbic_acid,5.0,6.5,SWV,9,0.32546360891084913,0.8168991097426981,3.412087316241285,-0.31659526372494384,0.09999999999999992,1.4,-0.00010050324265871158,0.2561008795190467,-0.2136493385206865,3.412087316241285,0.062327909887359145,0.1209011264080101,0.32859565950037084,3.366660231153495,0.6428571428571431
ascorbic_acid,5.0,7.0,SWV,0,0.3258329552845419,0.8258033576845586,3.538329455293423,-0.38136075733602287,0.09999999999999992,1.4,6.571845825245059e-06,0.2697176861385479,-0.29824880308900714,3.538329455293423,0.05356695869837291,0.12440550688360452,0.3355512258989012,3.4970228400620575,0.8205128205128215
ascorbic_acid,5.0,7.0,SWV,1,0.32229876475181085,0.8281661842353158,3.603481032805478,-0.38099157665163874,0.09999999999999992,1.4,-0.0001508507653133878,0.21437471336999356,-0.2032912455401521,3.603481032805478,0.04831038798498122,0.11914893617021283,0.32635893555544765,3.5630217112171207,0.700000000000001
ascorbic_acid,5.0,7.0,SWV,2,0.3239654528451517,0.8250143476009792,3.501686735726052,-0.3018001435431191,0.09999999999999992,1.4,-9.111481629370588e-05,0.2029040022327623,-0.1889670046242093,3.501686735726052,0.05882352941176461,0.11739674593241556,0.32205145694871623,3.453180415080748,0.9705882352941154
ascorbic_acid,5.0,7.0,SWV,3,0.3310148533573203,0.8271463805873586,3.5277254528146638,-0.33359606044608003,0.09999999999999992,1.4,-0.0003804436028499625,0.20960251014750325,-0.30119939578198074,3.5277254528146638,0.06057571964956188,0.12265331664580725,0.3326343761832067,3.4762884280634077,1.0
ascorbic_acid,5.0,7.0,SWV,4,0.3280315558036723,0.8177696340412547,3.5735570055922135,-0.356888245988837,0.09999999999999992,1.4,-0.00015934104415518235,0.243152631241179,-0.22522485465664321,3.5735570055922135,0.04130162703379214,0.12615769712140168,0.3349075744171221,3.5217736579434558,0.5652173913043466
ascorbic_acid,5.0,7.0,SWV,5,0.3271997155198536,0.8245167187455906,3.5448678356461114,-0.32830525127350946,0.09999999999999992,1.4,9.755516127241348e-05,0.3177334913060043,-0.1963615880681506,3.5448678356461114,0.050062578222778376,0.12090112640800998,0.32762287002755086,3.4980054189388836,0.6829268292682918
ascorbic_acid,5.0,7.0,SWV,6,0.32769645421528226,0.8237195289526027,3.5356035486920385,-0.2976524795893656,0.09999999999999992,1.4,3.770551017493129e-05,0.23656133470440446,-0.23758403927077154,3.5356035486920385,0.039549436795994986,0.12265331664580725,0.33184225686316177,3.4882609259855384,0.5217391304347843
ascorbic_acid,5.0,7.0,SWV,7,0.31912843467392127,0.8255462762259023,3.597690806291487,-0.2951162950688172,0.09999999999999992,1.4,-0.00031251598983294773,0.21169758189923682,-0.19594416946498905,3.597690806291487,0.05707133917396745,0.11914893617021283,0.32546424975373267,3.561102641103184,0.9999999999999981
ascorbic_acid,5.0,7.0,SWV,8,0.3278978698939878,0.828468066246635,3.539705016634486,-0.31708436116701755,0.09999999999999992,1.4,0.00031557193574284823,0.23820612515474215,-0.24442974601874456,3.539705016634486,0.06408010012515641,0.12440550688360452,0.3357686553756032,3.4922380561610646,0.918918918918918
ascorbic_acid,5.0,7.0,SWV,9,0.3287385186291537,0.8253178231375827,3.50781017970166,-0.32171364098284766,0.09999999999999992,1.4,-0.00010195213441713647,0.23586214149370277,-0.2061582190597493,3.50781017970166,0.050062578222778376,0.1261576971214018,0.3382559175772726,3.4609942686924717,0.7142857142857139
ascorbic_acid,5.0,7.5,SWV,0,0.3290732541353741,0.833677469480441,3.6297332371632387,-0.4047255638890338,0.09999999999999992,1.4,6.61326371738824e-06,0.27332751833070307,-0.30123536932647077,3.6297332371632387,0.03254067584480591,0.12265331664580725,0.33493654452117455,3.5864332114887474,0.9444444444444438
ascorbic_acid,5.0,7.5,SWV,1,0.3255036703604262,0.8356339039008346,3.5455175668664736,-0.38482448418722304,0.09999999999999992,1.4,-0.00015238586021952688,0.21652014136401224,-0.19726574560897048,3.5455175668664736,0.03254067584480591,0.11739674593241556,0.32651738088806287,3.5023442825024507,0.9705882352941154
ascorbic_acid,5.0,7.5,SWV,2,0.3271870495446522,0.8338808001990303,3.5245670717011444,-0.3048403178096987,0.09999999999999992,1.4,-9.205168399813724e-05,0.22703636300443247,-0.19085828296060892,3.5245670717011444,0.039549436795994986,0.12265331664580725,0.3348751768702181,3.475509974748797,0.8421052631578929
ascorbic_acid,5.0,7.5,SWV,3,0.33430704646001397,0.8342375198663308,3.559322534242551,-0.336963363931325,0.09999999999999992,1.4,-0.0003842779611475072,0.21170149188392715,-0.3042171008142173,3.559322534242551,0.03254067584480591,0.12265331664580725,0.33479362391221423,3.5057580909097945,1.0
ascorbic_acid,5.0,7.5,SWV,4,0.3312938725960926,0.827557003383896,3.6132466306690256,-0.36048412871078034,0.09999999999999992,1.4,-0.00016096116517769682,0.26733684556084525,-0.21407452947287786,3.6132466306690256,0.04130162703379214,0.12440550688360452,0.33542891753843634,3.5613305488681943,0.8205128205128215
ascorbic_acid,5.0,7.5,SWV,5,0.33045370182630324,0.8310676650422131,3.506524212849007,-0.33343775204834103,0.09999999999999992,1.4,9.850773392304584e-05,0.3428871198350699,-0.19296587564775058,3.506524212849007,0.030788485607008753,0.12265331664580725,0.3333958490820799,3.4560469842839203,0.8918918918918939
ascorbic_acid,5.0,7.5,SWV,6,0.33095541512420534,0.8312674565058311,3.6149574319343514,-0.3006503338831399,0.09999999999999992,1.4,3.805871695146457e-05,0.23896538679638085,-0.25611139544549477,3.6149574319343514,0.039549436795994986,0.11739674593241545,0.3244675807306094,3.5641026884401548,0.9142857142857131
ascorbic_acid,5.0,7.5,SWV,7,0.32230159093022676,0.8344996361192396,3.618909309900559,-0.2980812094216863,0.09999999999999992,1.4,-0.00031567008529846674,0.20033019928633822,-0.18846091237108187,3.618909309900559,0.03254067584480591,0.12440550688360452,0.33859676435190694,3.5792160733940173,0.918918918918918
ascorbic_acid,5.0,7.5,SWV,8,0.3311588478854185,0.8355337284012316,3.5106938529785934,-0.32028641161865934,0.09999999999999992,1.4,0.00031870784300282894,0.24059031429479488,-0.27080216418338265,3.5106938529785934,0.039549436795994986,0.1261576971214018,0.3419566160619524,3.461264625139692,0.8947368421052619
ascorbic_acid,5.0,7.5,SWV,9,0.33200791531901835,0.8334899522099019,3.5764681426714424,-0.3249567462771771,0.09999999999999992,1.4,-0.00010299753272334678,0.2213504632431189,-0.20440370979836062,3.5764681426714424,0.030788485607008753,0.11914893617021272,0.3286735049707553,3.526598973893439,0.8888888888888908
ascorbic_acid,5.0,8.0,SWV,0,0.3324247737946004,0.8411502487284036,3.478874525042644,-0.3993744357215872,0.09999999999999992,1.4,3.770587530496916e-06,0.267219206765239,-0.2934333379420263,3.478874525042644,0.015018773466833446,0.11914893617021272,0.3349861418058628,3.4352512824748356,0.9428571428571422
ascorbic_acid,5.0,8.0,SWV,1,0.32899839377707013,0.8426624267939701,3.394993073150163,-0.373596401944273,0.09999999999999992,1.4,-0.0001488498453854481,0.22578202011172455,-0.17824491508483092,3.394993073150163,0.01151439299123902,0.12440550688360452,0.34410440271685305,3.3508935807416487,0.7750000000000004
ascorbic_acid,5.0,8.0,SWV,2,0.33061423953456126,0.8420801509136414,3.4555928209712974,-0.2968196948341475,0.09999999999999992,1.4,-9.093614204838507e-05,0.2353694377591773,-0.18748618054375607,3.4555928209712974,0.009762202753441751,0.12440550688360452,0.34404342898557094,3.409474652582853,0.7750000000000004
ascorbic_acid,5.0,8.0,SWV,3,0.33744859801828364,0.8409500424856083,3.469101514700501,-0.32761915118722174,0.09999999999999992,1.4,-0.0003714389512691918,0.20320885169103295,-0.2877270821181167,3.469101514700501,0.020275344180225252,0.12265331664580725,0.34049386086755434,3.417089984811699,0.9444444444444438
ascorbic_acid,5.0,8.0,SWV,4,0.3345563059843657,0.8373967924350793,3.4682596475911334,-0.35021506694147675,0.09999999999999992,1.4,-0.00015708112819189712,0.27559456940217486,-0.19861696858265412,3.4682596475911334,0.009762202753441751,0.11564455569461829,0.3275957157713174,3.419425888118246,0.7837837837837829
ascorbic_acid,5.0,8.0,SWV,5,0.3337498409961721,0.8380419085588428,3.407123752974001,-0.32478171214245544,0.09999999999999992,1.4,9.197845609040967e-05,0.34954500986815995,-0.1869662527502699,3.407123752974001,-0.006007509386733445,0.12090112640800998,0.33695156249226255,3.3608751168681645,0.4375000000000005
ascorbic_acid,5.0,8.0,SWV,6,0.3342314266730584,0.8385751787520508,3.4140531895546404,-0.2928009407456753,0.09999999999999992,1.4,3.3954519158491405e-05,0.23367258061245794,-0.25084521814269234,3.4140531895546404,0.015018773466833446,0.1261576971214018,0.34617097533595537,3.366731626913018,0.9459459459459453
ascorbic_acid,5.0,8.0,SWV,7,0.32592477464780883,0.8430990246866807,3.4401698903316857,-0.29036509379700903,0.09999999999999992,1.4,-0.00030558347072152047,0.19172687750149708,-0.1901643845051184,3.4401698903316857,0.008010012515644482,0.12090112640800998,0.3390430608178693,3.401209317995946,0.7249999999999996
ascorbic_acid,5.0,8.0,SWV,8,0.33442669816460424,0.8417789239466271,3.470403038665806,-0.311610825252205,0.09999999999999992,1.4,0.0003033446268199341,0.2352238571725274,-0.2774111696882806,3.470403038665806,0.008010012515644482,0.12090112640800998,0.3386191688928945,3.4196495036373,0.6829268292682918
ascorbic_acid,5.0,8.0,SWV,9,0.33524170290225463,0.8414508028639854,3.4209207953366496,-0.3161157872800203,0.09999999999999992,1.4,-0.00010144286768126758,0.23145305840646546,-0.20048847606755127,3.4209207953366496,0.016770963704630715,0.1261576971214018,0.3479337228325823,3.3729501496678416,0.9459459459459453
ascorbic_acid,10.0,6.0,SWV,0,0.49581874016608046,1.2595896522287398,5.324867956206274,-0.5840570507544552,0.09999999999999992,1.4,7.4421973039640045e-06,0.40709429397444696,-0.4499579239466884,5.324867956206274,0.10613266583229031,0.12440550688360441,0.5130410384434999,5.262730537075505,0.6511627906976742
ascorbic_acid,10.0,6.0,SWV,1,0.49050898362229317,1.2634232505938852,5.308302093394246,-0.5752082388877258,0.09999999999999992,1.4,-0.00022906902977680167,0.3304267433302661,-0.2777480222430434,5.308302093394246,0.10613266583229031,0.12440550688360452,0.5146519927016483,5.246325283361715,0.7317073170731705
ascorbic_acid,10.0,6.0,SWV,2,0.49301301047882773,1.2547095634141172,5.347877699454476,-0.45624790753419586,0.09999999999999992,1.4,-0.00013932193117838332,0.27953542782086677,-0.31000613996097626,5.347877699454476,0.10262828535669577,0.12440550688360452,0.5105273354099019,5.276364239323462,0.7750000000000004
ascorbic_acid,10.0,6.0,SWV,3,0.5036040072438891,1.2625856779223872,5.274300459405277,-0.5044548533654751,0.09999999999999992,1.4,-0.0005740085739882106,0.36968002937593614,-0.4506561036161497,5.274300459405277,0.10438047559449304,0.11739674593241545,0.4963700162342851,5.199441063543523,0.7631578947368423
ascorbic_acid,10.0,6.0,SWV,4,0.4991219105485233,1.2439641115359543,5.2890456328017095,-0.5392141297452159,0.09999999999999992,1.4,-0.00024182479753218411,0.3197921879275188,-0.34756149850368123,5.2890456328017095,0.10438047559449304,0.12090112640800998,0.4980367320155851,5.213500742110747,0.7249999999999996
ascorbic_acid,10.0,6.0,SWV,5,0.497872156368751,1.2621179460456387,5.353083078046875,-0.4624636647528549,0.09999999999999992,1.4,0.00014413523920336346,0.43360248450723154,-0.3295760866059799,5.353083078046875,0.10087609511889861,0.11914893617021272,0.5002192315422141,5.285780331650992,0.7894736842105239
ascorbic_acid,10.0,6.0,SWV,6,0.4986184549947524,1.2559635206250737,5.318832083470667,-0.44997718560008526,0.09999999999999992,1.4,5.421731496720983e-05,0.35653712793164544,-0.31995857192074506,5.318832083470667,0.10613266583229031,0.12790988735919895,0.521315305908989,5.247362580914352,0.6976744186046516
ascorbic_acid,10.0,6.0,SWV,7,0.4857458898611789,1.2557878763081665,5.187385142716446,-0.45659209916402355,0.09999999999999992,1.4,-0.000471954345620893,0.3593725175821709,-0.30060147944615423,5.187385142716446,0.10613266583229031,0.12615769712140168,0.5164114760444551,5.123892890335678,0.6744186046511629
ascorbic_acid,10.0,6.0,SWV,8,0.4989210612657282,1.2642446503027525,5.202090493908014,-0.47965293676489484,0.09999999999999992,1.4,0.00047168294331801584,0.35974520880263194,-0.3460334336476127,5.202090493908014,0.10262828535669577,0.12790988735919895,0.5230316427291458,5.128352167402075,0.7804878048780504
ascorbic_acid,10.0,6.0,SWV,9,0.5001840492346097,1.2568521025907058,5.349531775679716,-0.4863381220167332,0.09999999999999992,1.4,-0.00015560388323786477,0.38902742187566375,-0.34803513056094937,5.349531775679716,0.10087609511889861,0.11914893617021272,0.49929892982010027,5.276759495374453,0.8378378378378359
ascorbic_acid,10.0,6.5,SWV,0,0.5008383487983996,1.272092629861799,5.38504174959798,-0.5369537023840923,0.09999999999999992,1.4,8.048474067439137e-06,0.4130482341829048,-0.4566286739254376,5.38504174959798,0.06408010012515641,0.11739674593241556,0.5013928319048913,5.325258870693041,0.6341463414634148
ascorbic_acid,10.0,6.5,SWV,1,0.4954399822038468,1.2760496051439136,5.306440126638622,-0.5840001216798891,0.09999999999999992,1.4,-0.00023240968950003938,0.33559254836378405,-0.30644533099268334,5.306440126638622,0.06057571964956188,0.12265331664580725,0.5162590628420811,5.244843712176768,0.5909090909090914
ascorbic_acid,10.0,6.5,SWV,2,0.4979857966536629,1.2691220090653834,5.297200894112292,-0.46305511385111964,0.09999999999999992,1.4,-0.0001411648772310836,0.2833619070514308,-0.29455125574952434,5.297200894112292,0.05882352941176461,0.12090112640800998,0.5087270160844513,5.227780752822788,0.49999999999999933
ascorbic_acid,10.0,6.5,SWV,3,0.5087535376353884,1.2750484712691377,5.398750564067675,-0.5120810560460358,0.09999999999999992,1.4,-0.0005831056389762756,0.358850482371877,-0.45901532339018136,5.398750564067675,0.06057571964956188,0.12440550688360452,0.5211938857663972,5.321116982997496,0.5777777777777781
ascorbic_acid,10.0,6.5,SWV,4,0.5041966430067395,1.2575321329828364,5.286243714483929,-0.5474126003644906,0.09999999999999992,1.4,-0.00024537832751021283,0.34305980243779943,-0.357527623762419,5.286243714483929,0.06057571964956188,0.12090112640800998,0.5052397856240806,5.212081091215091,0.5681818181818183
ascorbic_acid,10.0,6.5,SWV,5,0.50292603273302,1.2725929316667046,5.2735469915840065,-0.4943944405533305,0.09999999999999992,1.4,0.00014702267090908606,0.4577832805356675,-0.31478512592588215,5.2735469915840065,0.062327909887359145,0.12090112640800998,0.5116484892473648,5.20633834536668,0.5681818181818183
ascorbic_acid,10.0,6.5,SWV,6,0.5036847857076512,1.2689419774202153,5.394422877920108,-0.45667844019556025,0.09999999999999992,1.4,5.5604182237333214e-05,0.3622162084958499,-0.3211062586939879,5.394422877920108,0.07634543178973707,0.11914893617021272,0.5054523290878203,5.325674081075671,0.9428571428571422
ascorbic_acid,10.0,6.5,SWV,7,0.4905974011863033,1.2700844856015845,5.38001340432527,-0.4614326987071765,0.09999999999999992,1.4,-0.0004793483136247756,0.36502137424051506,-0.3116119687238743,5.38001340432527,0.05707133917396745,0.12090112640800998,0.5112871365297629,5.324967356687632,0.5000000000000013
ascorbic_acid,10.0,6.5,SWV,8,0.5039924419195824,1.2768623878983132,5.533632272132856,-0.48686541414707607,0.09999999999999992,1.4,0.00048003654253073847,0.36491009947616226,-0.3319368739788888,5.533632272132856,0.06408010012515641,0.11914893617021272,0.5064217922389125,5.462729393642028,0.61904761904762
ascorbic_acid,10.0,6.5,SWV,9,0.5052765068299613,1.2707180115036436,5.306608042274804,-0.4936532023346396,0.09999999999999992,1.4,-0.00015771854506258399,0.3983500496137815,-0.3322816361414595,5.306608042274804,0.062327909887359145,0.1209011264080101,0.511167932668034,5.237144904290981,0.6428571428571431
ascorbic_acid,10.0,7.0,SWV,0,0.5058519595671921,1.2845569503427323,5.502953647125631,-0.5939118841527321,0.09999999999999992,1.4,8.808737708690395e-06,0.4195023195660659,-0.4638757974223053,5.502953647125631,0.05356695869837291,0.12440550688360452,0.521921140776853,5.439385369350941,0.8205128205128215
ascorbic_acid,10.0,7.0,SWV,1,0.5003554473125628,1.2882321549117275,5.60427184154584,-0.5935961373223233,0.09999999999999992,1.4,-0.0002360211047306776,0.3334294321015493,-0.3161818945687991,5.60427184154584,0.04831038798498122,0.11914893617021283,0.5076298183543106,5.542071795368093,0.700000000000001
ascorbic_acid,10.0,7.0,SWV,2,0.502947546251443,1.2833292169993158,5.445965521502752,-0.4704528756722547,0.09999999999999992,1.4,-0.00014311740506090743,0.3155780231651963,-0.29392103895710864,5.445965521502752,0.05882352941176461,0.11739674593241556,0.5009887986934722,5.37174801080449,0.9705882352941154
ascorbic_acid,10.0,7.0,SWV,3,0.5139110514569711,1.286645602286818,5.486460279028287,-0.5203859490336133,0.09999999999999992,1.4,-0.0005930929245455913,0.3259771963101942,-0.4684160949954428,5.486460279028287,0.06057571964956188,0.12265331664580725,0.5174288965083745,5.4074978990785825,1.0
ascorbic_acid,10.0,7.0,SWV,4,0.5092713096516076,1.2720601692158886,5.557704357179514,-0.5563513448632736,0.09999999999999992,1.4,-0.0002492255206406119,0.3782023377563509,-0.3503183804694916,5.557704357179514,0.04130162703379214,0.12615769712140168,0.5209644781684772,5.478193228420383,0.5652173913043466
ascorbic_acid,10.0,7.0,SWV,5,0.5079775988933565,1.2825538426442151,5.513118016479347,-0.5113589172189811,0.09999999999999992,1.4,0.00015030957182917638,0.4941928018853131,-0.3054167307722169,5.513118016479347,0.050062578222778376,0.12090112640800998,0.5096440483078133,5.441353433050694,0.6829268292682918
ascorbic_acid,10.0,7.0,SWV,6,0.5087501464686741,1.2813145255637226,5.498667225346813,-0.4639588484936148,0.09999999999999992,1.4,5.7229038211653036e-05,0.3679374914691761,-0.36950958320754923,5.498667225346813,0.039549436795994986,0.12265331664580725,0.5161614716715166,5.425786089886998,0.5217391304347843
ascorbic_acid,10.0,7.0,SWV,7,0.4954248251621846,1.2841553376675086,5.595275665169036,-0.4595963616207825,0.09999999999999992,1.4,-0.0004874492265282038,0.32928416415532125,-0.30478021216550455,5.595275665169036,0.05707133917396745,0.11914893617021283,0.5062787645808123,5.53943858670181,0.9999999999999981
ascorbic_acid,10.0,7.0,SWV,8,0.5090633960617637,1.2887004080657005,5.505085513619602,-0.4947120595414175,0.09999999999999992,1.4,0.0004893778426237056,0.37048881084554386,-0.380178124301493,5.505085513619602,0.06408010012515641,0.12440550688360452,0.5222816097988714,5.432113222241929,0.918918918918918
ascorbic_acid,10.0,7.0,SWV,9,0.5103708060703316,1.2838009883332393,5.455484491025609,-0.5016135059152581,0.09999999999999992,1.4,-0.0001599720288626172,0.3668668722931039,-0.3206274909639898,5.455484491025609,0.050062578222778376,0.1261576971214018,0.5262059845466758,5.38396577928594,0.7142857142857139
ascorbic_acid,10.0,7.5,SWV,0,0.5108924443715892,1.296793185557182,5.645085013591514,-0.6302541735700609,0.09999999999999992,1.4,8.872648773813884e-06,0.4251175643527253,-0.46851963461802776,5.645085013591514,0.03254067584480591,0.12265331664580725,0.520969859702332,5.578489051293943,0.9444444444444438
ascorbic_acid,10.0,7.5,SWV,1,0.5053409079631088,1.2998363586827708,5.5141099786033205,-0.5995557393305556,0.09999999999999992,1.4,-0.0002384081215073608,0.33676559150465357,-0.30680757835357775,5.5141099786033205,0.03254067584480591,0.11739674593241556,0.5079155921849915,5.448059584925738,0.9705882352941154
ascorbic_acid,10.0,7.5,SWV,2,0.5079589557299373,1.2971088127232044,5.481526772277905,-0.47518005378754624,0.09999999999999992,1.4,-0.00014457438707606406,0.3531157465647409,-0.2968620843967353,5.481526772277905,0.039549436795994986,0.12265331664580725,0.5209177556413429,5.406330548593812,0.8421052631578929
ascorbic_acid,10.0,7.5,SWV,3,0.5190322137330995,1.2976641076414157,5.5355799268768555,-0.5256216990493481,0.09999999999999992,1.4,-0.0005990544943914155,0.3292403812223938,-0.4731068074624211,5.5355799268768555,0.03254067584480591,0.12265331664580725,0.5207593200737033,5.453119359053241,1.0
ascorbic_acid,10.0,7.5,SWV,4,0.5143460246798994,1.2872719831743134,5.619441940782361,-0.561942455911214,0.09999999999999992,1.4,-0.000251744723388852,0.4158211602463052,-0.33297261483371854,5.619441940782361,0.04130162703379214,0.12440550688360452,0.5217391046393639,5.539469614819953,0.8205128205128215
ascorbic_acid,10.0,7.5,SWV,5,0.5130393629199033,1.2927321718410136,5.453464062524774,-0.5193405680224159,0.09999999999999992,1.4,0.00015179001092262002,0.5333189093966915,-0.30013359163654857,5.453464062524774,0.030788485607008753,0.12265331664580725,0.5186112532659909,5.376011896969043,0.8918918918918939
ascorbic_acid,10.0,7.5,SWV,6,0.5138196442679611,1.2930434346699236,5.622104892150619,-0.4686202338035921,0.09999999999999992,1.4,5.777767230493891e-05,0.3716757536578468,-0.3983281214475889,5.622104892150619,0.039549436795994986,0.11739674593241545,0.5047117848938272,5.543967505401862,0.9142857142857131
ascorbic_acid,10.0,7.5,SWV,7,0.5003609266374546,1.2980701089634397,5.628251278884617,-0.46420653680524737,0.09999999999999992,1.4,-0.0004923532248043128,0.31158596359583224,-0.29313281716004247,5.628251278884617,0.03254067584480591,0.12440550688360452,0.5267017462810186,5.567576904543899,0.918918918918918
ascorbic_acid,10.0,7.5,SWV,8,0.5141360297212119,1.2996792973089148,5.459950677221226,-0.49969089869576105,0.09999999999999992,1.4,0.0004942526059420215,0.3741961607601591,-0.42120065455411826,5.459950677221226,0.039549436795994986,0.1261576971214018,0.5319240087064887,5.384101564944906,0.8947368421052619
ascorbic_acid,10.0,7.5,SWV,9,0.5154565278711547,1.2965007200945586,5.5622432080617425,-0.5066561711048058,0.09999999999999992,1.4,-0.00016159773813065824,0.3443015961103185,-0.3179251911835464,5.5622432080617425,0.030788485607008753,0.11914893617021272,0.5112764508655916,5.485832560845664,0.8888888888888908
ascorbic_acid,10.0,8.0,SWV,0,0.5161059401965433,1.3084056918357287,5.410386284374094,-0.6219271011095537,0.09999999999999992,1.4,4.450168599891835e-06,0.4156139815676577,-0.45638112406319786,5.410386284374094,0.015018773466833446,0.11914893617021272,0.5210432430250435,5.34327298845663,0.9428571428571422
ascorbic_acid,10.0,8.0,SWV,1,0.5107771985931369,1.3107578908994262,5.279930830667004,-0.5820870166232577,0.09999999999999992,1.4,-0.00023290670549118458,0.35119631061707124,-0.27721824568837705,5.279930830667004,0.01151439299123902,0.12440550688360452,0.5352118418408136,5.211966489564675,0.7750000000000004
ascorbic_acid,10.0,8.0,SWV,2,0.5132901786095324,1.3098513617497407,5.374173657134336,-0.4627014603558301,0.09999999999999992,1.4,-0.0001428387157175362,0.3660767368226985,-0.29161560728957536,5.374173657134336,0.009762202753441751,0.12440550688360452,0.535132704545197,5.303198197300458,0.7750000000000004
ascorbic_acid,10.0,8.0,SWV,3,0.5239190435335861,1.3080942095711776,5.395183273750988,-0.5110838794506638,0.09999999999999992,1.4,-0.0005790795826732995,0.3160276265401145,-0.4474520185587175,5.395183273750988,0.020275344180225252,0.12265331664580725,0.5296162723892919,5.315076006504713,0.9444444444444438
ascorbic_acid,10.0,8.0,SWV,4,0.5194209210803011,1.3025659947675847,5.3938732367626665,-0.5459657665369866,0.09999999999999992,1.4,-0.00024570808155446823,0.4286653952047039,-0.30889372964384043,5.3938732367626665,0.009762202753441751,0.11564455569461829,0.5096012992972453,5.319110781693305,0.7837837837837829
ascorbic_acid,10.0,8.0,SWV,5,0.5181666983985521,1.3035694449144761,5.298766271774343,-0.5058732795245704,0.09999999999999992,1.4,0.0001416319571166899,0.543673790961607,-0.2907998847378707,5.298766271774343,-0.006007509386733445,0.12090112640800998,0.5241465016282034,5.227951076071854,0.4375000000000005
ascorbic_acid,10.0,8.0,SWV,6,0.5189156654188182,1.3043993299104917,5.309575473712097,-0.4564080378399821,0.09999999999999992,1.4,5.1392530917426794e-05,0.3634410648973553,-0.39013441781192504,5.309575473712097,0.015018773466833446,0.1261576971214018,0.5384573621245445,5.236852885184299,0.9459459459459453
ascorbic_acid,10.0,8.0,SWV,7,0.5059970743677666,1.3114348823344175,5.350183915866464,-0.4522016925062701,0.09999999999999992,1.4,-0.00047666045893008795,0.298201824291765,-0.29579294270611434,5.350183915866464,0.008010012515644482,0.12090112640800998,0.5273748504362528,5.290501614325469,0.7249999999999996
ascorbic_acid,10.0,8.0,SWV,8,0.5192193536599461,1.3093826012650172,5.397202820513856,-0.4861933205415887,0.09999999999999992,1.4,0.000470350809595578,0.3658468888949991,-0.4314800444258178,5.397202820513856,0.008010012515644482,0.12090112640800998,0.5267587224576693,5.3195344383412,0.6829268292682918
ascorbic_acid,10.0,8.0,SWV,9,0.5204868574482799,1.308872352254562,5.320255683582379,-0.49290130795717507,0.09999999999999992,1.4,-0.0001591788839735586,0.3600160612497363,-0.3118337164375852,5.320255683582379,0.016770963704630715,0.1261576971214018,0.5412315521498101,5.246780624379404,0.9459459459459453
glucose,0.1,6.0,SWV,0,0.008949495069920748,0.0145336710944446,0.05639574965745123,-0.005605646486523344,0.09999999999999992,1.4,2.8050878120521326e-06,0.0048103470862760345,-0.005308328614569818,0.05639574965745123,0.5143929912390487,0.16120150187734672,0.006827224642692225,0.05303926920467548,0.8775510204081642
glucose,0.1,6.0,SWV,1,0.00888388985573758,0.014492959779711358,0.05796413327799187,-0.004126629889286793,0.09999999999999992,1.4,-1.171496919465196e-07,0.004040670814123324,-0.0032701474964326113,0.05796413327799187,0.4986232790988735,0.15419274092615765,0.00663546603404781,0.05468480380700721,0.6000000000000014
glucose,0.1,6.0,SWV,2,0.008914828603472742,0.014575372690553498,0.05776117822753684,-0.0032714954242088782,0.09999999999999992,1.4,9.917293267640623e-07,0.004114927968978832,-0.003433570144683563,0.05776117822753684,0.49511889862327896,0.16120150187734672,0.0068846664628929855,0.0546500945768745,0.5333333333333338
glucose,0.1,6.0,SWV,3,0.009045686695638579,0.014575198814446234,0.05650916282918961,-0.004187272785201804,0.09999999999999992,1.4,-4.379083829908468e-06,0.003903256544510234,-0.005807815747617066,0.05650916282918961,0.48110137672090103,0.16295369211514377,0.0069252819610831524,0.05318953281219405,0.38805970149253677
glucose,0.1,6.0,SWV,4,0.008990307713332283,0.014523163850250573,0.05662671489445431,-0.0032681038450606166,0.09999999999999992,1.4,-2.747548229466948e-07,0.003653999237311362,-0.0038514990658362978,0.05662671489445431,0.4933667083854817,0.1524405506883606,0.006578788127105418,0.0533638888101955,0.5818181818181816
glucose,0.1,6.0,SWV,5,0.008974866253829547,0.014613447372364571,0.05804789841270009,-0.004137987091802188,0.09999999999999992,1.4,4.494012006072232e-06,0.004950221424210896,-0.00336370284015617,0.05804789841270009,0.5196495619524405,0.15944931163954945,0.0068241720173271075,0.05467762281255267,0.9782608695652144
glucose,0.1,6.0,SWV,6,0.008984087219197672,0.014514215357403711,0.056125086915765676,-0.003111158591056485,0.09999999999999992,1.4,3.3830223345549764e-06,0.004193967222588185,-0.0036823874823169733,0.056125086915765676,0.523153942428035,0.162953692115144,0.00688665993131024,0.05285186731140011,0.8979591836734657
glucose,0.1,6.0,SWV,7,0.008825038986814401,0.014640837230889839,0.05676104813911322,-0.0038031325603572527,0.09999999999999992,1.4,-3.1181428705400425e-06,0.0035733384363748066,-0.0037924843576893717,0.05676104813911322,0.4986232790988735,0.162953692115144,0.006937671250297077,0.05368231685209032,0.6034482758620703
glucose,0.1,6.0,SWV,8,0.008987826100454623,0.01451804562575062,0.05699969494013751,-0.0036012321575705298,0.09999999999999992,1.4,8.541059569635159e-06,0.004204814206836008,-0.0038773718033688316,0.05699969494013751,0.5301627033792239,0.15068836045056333,0.00652241524747414,0.053594817106686066,0.7200000000000015
glucose,0.1,6.0,SWV,9,0.009003431071327757,0.014525827730129129,0.05672344452913977,-0.003144557036645162,0.09999999999999992,1.4,7.905560821203192e-07,0.003923580109341089,-0.0035542957040504944,0.05672344452913977,0.5038798498122653,0.15944931163954945,0.006784007019170024,0.05337524639002929,0.6851851851851878
glucose,0.1,6.5,SWV,0,0.008990500897598288,0.014601936784035005,0.0590153795214523,-0.005703811500402602,0.09999999999999992,1.4,2.783541209324452e-06,0.00487356278757319,-0.005378611492916214,0.0590153795214523,0.48460575719649557,0.14893617021276584,0.0064966438817351,0.05559960394531011,0.5740740740740751
glucose,0.1,6.5,SWV,1,0.008923867386320524,0.014575968209381038,0.05849655004013392,-0.004201062200287407,0.09999999999999992,1.4,-1.8449948840647572e-07,0.003988861769931157,-0.003335018427105008,0.05849655004013392,0.4986232790988735,0.14017521902377972,0.006244152029260491,0.05515747663509795,0.8604651162790681
glucose,0.1,6.5,SWV,2,0.008955291068443946,0.014646880370232075,0.05882294706545443,-0.0033391522027183757,0.09999999999999992,1.4,9.417601163961593e-07,0.004064282832526949,-0.0034283541935960487,0.05882294706545443,0.49511889862327896,0.14543178973717152,0.006465771606229346,0.05569768513011144,0.8444444444444427
glucose,0.1,6.5,SWV,3,0.00908820023227617,0.014655051177395944,0.059885467204133194,-0.0042645640099557534,0.09999999999999992,1.4,-4.513235244898117e-06,0.004097279861112945,-0.005911949659576876,0.059885467204133194,0.48110137672090103,0.14543178973717152,0.006435401205392698,0.05649257720290453,0.5370370370370363
glucose,0.1,6.5,SWV,4,0.009031953238984524,0.014605479068030388,0.05898322370718309,-0.003347970357385692,0.09999999999999992,1.4,-3.4457492455418675e-07,0.0038414075475507745,-0.0038580091445453205,0.05898322370718309,0.48460575719649557,0.14893617021276606,0.0065150728395874215,0.05560588590819004,0.7000000000000013
glucose,0.1,6.5,SWV,5,0.009016269749817828,0.014687400712951904,0.05929249971158446,-0.00414292808374048,0.09999999999999992,1.4,4.498937626068379e-06,0.005014931775198824,-0.0033573917879071522,0.05929249971158446,0.4775969962453065,0.1506883604505631,0.006613659531509879,0.055897757997917366,0.5087719298245615
glucose,0.1,6.5,SWV,6,0.009025635244733113,0.01458368001586174,0.05677119954733396,-0.0031817976524061535,0.09999999999999992,1.4,3.3705342860558824e-06,0.004269881566002376,-0.003740021855433531,0.05677119954733396,0.48460575719649557,0.15419274092615765,0.006660255501078329,0.053455890989686186,0.6000000000000014
glucose,0.1,6.5,SWV,7,0.008864094088009963,0.014710943947486958,0.05924283811961141,-0.003872814601570137,0.09999999999999992,1.4,-3.23253027833729e-06,0.003629356102547066,-0.0037548481452322046,0.05924283811961141,0.48460575719649557,0.15244055068836038,0.006680058810250064,0.056109914368454306,0.6111111111111127
glucose,0.1,6.5,SWV,8,0.009029432729270023,0.014580779931944255,0.058744659248325566,-0.003669652392237599,0.09999999999999992,1.4,8.609418672824908e-06,0.00425762415575962,-0.003925123580246829,0.058744659248325566,0.4775969962453065,0.1506883604505631,0.006543463218586207,0.055361786210636185,0.5087719298245615
glucose,0.1,6.5,SWV,9,0.00904528229268675,0.014601171546877031,0.05773240815998551,-0.0032223193671720623,0.09999999999999992,1.4,7.374336793491337e-07,0.004018875398958522,-0.003609907964916688,0.05773240815998551,0.4723404255319147,0.15244055068836038,0.0066029348789133704,0.054357357713419256,0.3809523809523795
glucose,0.1,7.0,SWV,0,0.00903139799431892,0.01467147839126967,0.05975320182328961,-0.005784521878688559,0.09999999999999992,1.4,2.7741267472362057e-06,0.004931513259319609,-0.00544196981524951,0.05975320182328961,0.48460575719649557,0.14367959949937403,0.006374742273957042,0.056319810314631444,0.8636363636363645
glucose,0.1,7.0,SWV,1,0.008963850850833944,0.01465879099011299,0.05990236350312754,-0.004268107254144576,0.09999999999999992,1.4,-2.3460965332896676e-07,0.0040310735834855355,-0.0033606733427304757,0.05990236350312754,0.46883604505632037,0.1471839799749688,0.006473197732183417,0.0565533890515154,0.6470588235294124
glucose,0.1,7.0,SWV,2,0.008995705392557986,0.014717935119849552,0.05896271336181039,-0.0034001772602754153,0.09999999999999992,1.4,9.070924372274122e-07,0.003923704825569741,-0.0035248394588775975,0.05896271336181039,0.46883604505632037,0.15244055068836038,0.006682256509608029,0.05576721057515289,0.6111111111111127
glucose,0.1,7.0,SWV,3,0.009130436914095551,0.014734047008908934,0.061199519931840314,-0.004334149181543897,0.09999999999999992,1.4,-4.62269801375523e-06,0.0042830481155841545,-0.006003558999741038,0.061199519931840314,0.48110137672090103,0.14192740926157676,0.006371571982191577,0.05778242801623883,0.8
glucose,0.1,7.0,SWV,4,0.009073418701283205,0.0146889659441664,0.05972060511093471,-0.0034198436475342976,0.09999999999999992,1.4,-3.9687993215034253e-07,0.004028012177632118,-0.003910970893722135,0.05972060511093471,0.48460575719649557,0.14893617021276606,0.006553532132932811,0.05631969747218453,0.7708333333333356
glucose,0.1,7.0,SWV,5,0.009057520171057596,0.014757127793490895,0.06120989327640251,-0.004070867544310226,0.09999999999999992,1.4,4.513043482576913e-06,0.005073338959872262,-0.0033572288406806157,0.06120989327640251,0.4775969962453065,0.141927409261577,0.006403348496999004,0.05781673918237122,0.6875000000000011
glucose,0.1,7.0,SWV,6,0.009067014079103559,0.014654577071295374,0.058214724236362404,-0.003245472439956712,0.09999999999999992,1.4,3.3691682634094337e-06,0.004354496727307398,-0.003791229455480815,0.058214724236362404,0.47934918648310376,0.15769712140175218,0.006783466031093865,0.0547628932752101,0.7647058823529408
glucose,0.1,7.0,SWV,7,0.008903257982769057,0.014779452990003212,0.059983779175017314,-0.003935639085813886,0.09999999999999992,1.4,-3.324432914418146e-06,0.0036791272671811447,-0.0037102618982340404,0.059983779175017314,0.48460575719649557,0.15594493116395491,0.006819278668717993,0.056796573130822335,0.893617021276597
glucose,0.1,7.0,SWV,8,0.009070863632098405,0.014643615617639088,0.06065454120701557,-0.0037313557733433668,0.09999999999999992,1.4,8.679884576994726e-06,0.004305457946166384,-0.003968463235851361,0.06065454120701557,0.4775969962453065,0.14367959949937403,0.006380464747646668,0.05727613491420244,0.7446808510638291
glucose,0.1,7.0,SWV,9,0.009086930513668271,0.014679176499545279,0.060644002511528176,-0.003292323111767397,0.09999999999999992,1.4,6.999644186624435e-07,0.0041248538948327595,-0.0036592751178078343,0.060644002511528176,0.47058823529411764,0.14893617021276584,0.006531671860907017,0.05725223445476268,0.5740740740740751
glucose,0.1,7.5,SWV,0,0.009072535132796605,0.014742338451529984,0.06042495827200366,-0.005800022668796926,0.09999999999999992,1.4,2.7641665246935805e-06,0.004961893031962995,-0.0054720776138422345,0.06042495827200366,0.4565707133917395,0.15944931163954945,0.006894814506079359,0.05699161204294576,0.5964912280701732
glucose,0.1,7.5,SWV,1,0.0090046249581181,0.014741070508763655,0.061148842274676395,-0.004299679973232398,0.09999999999999992,1.4,-2.607402882702872e-07,0.004052701092613333,-0.003335647907195066,0.061148842274676395,0.46883604505632037,0.15769712140175218,0.006851631184285823,0.05780148644251466,0.8367346938775515
glucose,0.1,7.5,SWV,2,0.009036650701638472,0.014787649548221673,0.06123552210631611,-0.003429357937549681,0.09999999999999992,1.4,8.870978644673008e-07,0.0036920949248117896,-0.0037071128944408983,0.06123552210631611,0.45832290362953676,0.15944931163954945,0.006961120147042642,0.058044422029098215,0.624999999999998
glucose,0.1,7.5,SWV,3,0.009172106335885263,0.01481067288067394,0.06079985441942394,-0.00436673121484404,0.09999999999999992,1.4,-4.6724123692300785e-06,0.004417009425913955,-0.006035027506176116,0.06079985441942394,0.48110137672090103,0.15944931163954945,0.006956037057387712,0.0573777957752882,0.8958333333333346
glucose,0.1,7.5,SWV,4,0.00911478167947246,0.014771718192888377,0.06028584274866198,-0.0034558614738163743,0.09999999999999992,1.4,-4.238826864730945e-07,0.004173725467179607,-0.00393201521206288,0.06028584274866198,0.4530663329161452,0.1576971214017523,0.0068797354840202905,0.05686032222247589,0.5254237288135607
glucose,0.1,7.5,SWV,5,0.009098797702814845,0.014821342561298361,0.06119493645385699,-0.0038409052917340444,0.09999999999999992,1.4,4.512429044108993e-06,0.005101479426971084,-0.003371891894280641,0.06119493645385699,0.4775969962453065,0.15594493116395503,0.006860918501303828,0.057774836898731564,0.9777777777777789
glucose,0.1,7.5,SWV,6,0.009108342635739007,0.014726227561370495,0.05911179593363607,-0.003275705985808154,0.09999999999999992,1.4,3.3624060833104896e-06,0.0044337480689683,-0.003811576781991835,0.05911179593363607,0.46357947434292857,0.1524405506883606,0.006703236596024773,0.055781246303525614,0.6415094339622647
glucose,0.1,7.5,SWV,7,0.008943706434517274,0.014845189800071852,0.05921412646886988,-0.0039655347641712815,0.09999999999999992,1.4,-3.3671697619746813e-06,0.0036989038087234644,-0.0036519656535681892,0.05921412646886988,0.48460575719649557,0.15419274092615787,0.006806495717352916,0.05606031613725594,0.9130434782608686
glucose,0.1,7.5,SWV,8,0.009112212878103473,0.014707506299110698,0.06063659965241218,-0.0037608059820609724,0.09999999999999992,1.4,8.701664768672488e-06,0.004329397081581799,-0.00399061663866492,0.06063659965241218,0.4775969962453065,0.1576971214017523,0.00685047823912281,0.057254049521443945,0.9999999999999986
glucose,0.1,7.5,SWV,9,0.00912836611090733,0.014758600350093118,0.061606601434202185,-0.0033250714647935532,0.09999999999999992,1.4,6.788566392156784e-07,0.004220106171908501,-0.003678753439545747,0.061606601434202185,0.47058823529411764,0.15419274092615765,0.006765447394474362,0.058208424204866334,0.8333333333333338
glucose,0.1,8.0,SWV,0,0.00911361028647829,0.01481713842087906,0.06163854522767528,-0.005788261047558646,0.09999999999999992,1.4,2.759173291733525e-06,0.004995424116931505,-0.005502648279975318,0.06163854522767528,0.4565707133917395,0.16295369211514388,0.007052740463616263,0.058208861888331444,0.7884615384615371
glucose,0.1,8.0,SWV,1,0.009045329415904827,0.01482529222567003,0.061024276116314814,-0.004331746488823203,0.09999999999999992,1.4,-2.8224534060804727e-07,0.004074785224761782,-0.003312262500144626,0.061024276116314814,0.4548185231539422,0.15944931163954934,0.006962638934777621,0.05769926106362434,0.819999999999999
glucose,0.1,8.0,SWV,2,0.009077529975816293,0.014858551984424009,0.06216611225864915,-0.0034589819079910164,0.09999999999999992,1.4,8.718584253946011e-07,0.0034107308263440356,-0.0038635396209648724,0.06216611225864915,0.45832290362953676,0.15769712140175207,0.006957941553259836,0.05897066155394341,0.8367346938775502
glucose,0.1,8.0,SWV,3,0.009213725011011501,0.014887851470213428,0.05965310879345615,-0.0043998283543644195,0.09999999999999992,1.4,-4.717999066741889e-06,0.004504406114262283,-0.006067333209643047,0.05965310879345615,0.4618272841051313,0.1612015018773466,0.007048100426259132,0.056327121269107036,0.877551020408163
glucose,0.1,8.0,SWV,4,0.00915608744103438,0.014855105454004518,0.06210992470883525,-0.0036798918939583477,0.09999999999999992,1.4,-4.462782713060651e-07,0.004282931148356359,-0.003953503840478885,0.06210992470883525,0.4530663329161452,0.15419274092615765,0.0068132591609286275,0.05869436882440081,0.6923076923076951
glucose,0.1,8.0,SWV,5,0.009140016213908626,0.01488376970698034,0.061113275530095656,-0.003415569275024854,0.09999999999999992,1.4,4.516978913376617e-06,0.005130041225207941,-0.0034522128784859885,0.061113275530095656,0.4513141426783479,0.15944931163954934,0.0070013397963539755,0.05772429398527668,0.6545454545454555
glucose,0.1,8.0,SWV,6,0.009149613249002594,0.014800963846546443,0.05927109573840619,-0.0033064050541100867,0.09999999999999992,1.4,3.3606784132742547e-06,0.004535824773421127,-0.003832353719567685,0.05927109573840619,0.46357947434292857,0.16295369211514388,0.007058457790684938,0.05596729991183918,0.8599999999999995
glucose,0.1,8.0,SWV,7,0.008984078361181345,0.014910976104207588,0.0588579282831866,-0.003995888831560575,0.09999999999999992,1.4,-3.4056316349851898e-06,0.003719097893686235,-0.0036002617043427616,0.0588579282831866,0.4530663329161452,0.16821026282853568,0.007263842161147115,0.05571518436872964,0.7142857142857161
glucose,0.1,8.0,SWV,8,0.0091535046175527,0.014776210897982285,0.059445737947700084,-0.0037907051745807137,0.09999999999999992,1.4,8.729082087382905e-06,0.004353668845146768,-0.004013064979073415,0.059445737947700084,0.46533166458072583,0.1559449311639548,0.006832762966761646,0.05604709587677159,0.9777777777777789
glucose,0.1,8.0,SWV,9,0.009169746024729822,0.014842103700230761,0.06099535308050495,-0.0033583384355592434,0.09999999999999992,1.4,6.624804902504084e-07,0.004340349217484605,-0.003698425689956146,0.06099535308050495,0.47058823529411764,0.1612015018773466,0.007021574442157214,0.05760767221363854,0.9166666666666644
glucose,0.2,6.0,SWV,0,0.015594036912361064,0.028967165180573448,0.11001029866474929,-0.012712921478095211,0.09999999999999992,1.4,3.0579144368049103e-06,0.00943522354052015,-0.010404525407845993,0.11001029866474929,0.5143929912390487,0.16120150187734672,0.013618207557206916,0.10562924211504712,0.8775510204081642
glucose,0.2,6.0,SWV,1,0.015466008561453592,0.028888757936135052,0.11311114361313937,-0.009474719450970072,0.09999999999999992,1.4,-2.644822049236502e-06,0.007956833107906292,-0.0064105448019459235,0.11311114361313937,0.4986232790988735,0.15419274092615765,0.01322049256831727,0.10878294439353435,0.6000000000000014
glucose,0.2,6.0,SWV,2,0.015526385421753384,0.02904707459117476,0.11270975023523436,-0.008208273903427803,0.09999999999999992,1.4,-4.808484399889085e-07,0.008101745691419672,-0.0067591233649476855,0.11270975023523436,0.49511889862327896,0.16120150187734672,0.013720965394467486,0.10874964679406275,0.5333333333333338
glucose,0.2,6.0,SWV,3,0.01578175454067913,0.02904764321818285,0.11027863177507338,-0.009708913711607828,0.09999999999999992,1.4,-1.096197193058727e-05,0.007632526593825156,-0.011299651542903166,0.11027863177507338,0.48110137672090103,0.16470588235294104,0.013882698471208956,0.10585310692509926,0.40298507462686534
glucose,0.2,6.0,SWV,4,0.0156736826462743,0.028942802319367647,0.1104910453925073,-0.008946078509062245,0.09999999999999992,1.4,-2.952387922890581e-06,0.00714447712271789,-0.00758649949059202,0.1104910453925073,0.4933667083854817,0.1524405506883606,0.01310588773328736,0.10617343299967952,0.5818181818181816
glucose,0.2,6.0,SWV,5,0.015643548690911852,0.0291184728703773,0.11320389235091127,-0.009765258173303707,0.09999999999999992,1.4,6.353844220136054e-06,0.009708135984638946,-0.006622777559322876,0.11320389235091127,0.5196495619524405,0.16120150187734672,0.013694736632989488,0.10873770662787667,0.9574468085106351
glucose,0.2,6.0,SWV,6,0.01566154337326377,0.028926616759515564,0.10951516506668646,-0.008228977598796774,0.09999999999999992,1.4,4.1857516791611865e-06,0.008231696433120193,-0.007181102092411544,0.10951516506668646,0.523153942428035,0.162953692115144,0.013748018906375213,0.10536535616561979,0.8979591836734657
glucose,0.2,6.0,SWV,7,0.015351161292200422,0.02917217661275263,0.11076332708285755,-0.00886285532416145,0.09999999999999992,1.4,-8.501249964664004e-06,0.006973910559768465,-0.007471332489654535,0.11076332708285755,0.4986232790988735,0.162953692115144,0.01382097500012145,0.10682987203421643,0.6034482758620703
glucose,0.2,6.0,SWV,8,0.015668839787238275,0.028935166583198727,0.11116277852314037,-0.008584356511301416,0.09999999999999992,1.4,1.4251643687118102e-05,0.008240310675210614,-0.007605810046125785,0.11116277852314037,0.5301627033792239,0.15068836045056333,0.013023471520614704,0.10677537250498902,0.7200000000000015
glucose,0.2,6.0,SWV,9,0.01569929283448035,0.02895042249411889,0.1106870251308124,-0.008694796604660803,0.09999999999999992,1.4,-8.73437338281915e-07,0.007660216950374565,-0.006931723592436434,0.1106870251308124,0.5038798498122653,0.15944931163954945,0.013530064283103353,0.10631000120806909,0.6851851851851878
glucose,0.2,6.5,SWV,0,0.015675336778619323,0.029118347463708453,0.11529206188100188,-0.012917531672412766,0.09999999999999992,1.4,3.0168729974921287e-06,0.009566261763933485,-0.01055038823970081,0.11529206188100188,0.48460575719649557,0.15244055068836038,0.013172456007452404,0.11087993689862,0.6111111111111127
glucose,0.2,6.5,SWV,1,0.015545161984050869,0.0290685557776231,0.11417446979314493,-0.009629243712935043,0.09999999999999992,1.4,-2.781472019737448e-06,0.00785691112826293,-0.006543447295300445,0.11417446979314493,0.4986232790988735,0.14017521902377972,0.01245578374349544,0.10980578196572613,0.8604651162790681
glucose,0.2,6.5,SWV,2,0.015606551085218731,0.029204593190670557,0.11482378180598277,-0.008348655074994328,0.09999999999999992,1.4,-5.812185755691118e-07,0.008004253225974325,-0.006751898770192535,0.11482378180598277,0.49511889862327896,0.14543178973717152,0.012899682809656627,0.11089316248443071,0.8444444444444427
glucose,0.2,6.5,SWV,3,0.015866201563879592,0.02922139314157662,0.1169841525974996,-0.009869405604265708,0.09999999999999992,1.4,-1.1238062060347538e-05,0.008023053116107133,-0.011517862300178369,0.1169841525974996,0.48110137672090103,0.14543178973717152,0.012834647413194882,0.11249554951507745,0.5370370370370363
glucose,0.2,6.5,SWV,4,0.01575631780334487,0.029121246107760807,0.11522924249123229,-0.009111945997655678,0.09999999999999992,1.4,-3.0941943514350826e-06,0.007521563720760774,-0.00754139232811581,0.11522924249123229,0.48460575719649557,0.14893617021276606,0.012993296663544927,0.11075069928756497,0.7000000000000013
glucose,0.2,6.5,SWV,5,0.015725678640838774,0.029280754113819727,0.11581272954138708,-0.009782482850548802,0.09999999999999992,1.4,6.368060288557482e-06,0.009842366851289273,-0.006613267075636795,0.11581272954138708,0.4775969962453065,0.15244055068836038,0.013291203378677164,0.11135697778286484,0.5
glucose,0.2,6.5,SWV,6,0.015743975010837158,0.029080074140244976,0.11090784646891418,-0.008375583918845369,0.09999999999999992,1.4,4.163618857215689e-06,0.00838688406614141,-0.007301406754354307,0.11090784646891418,0.48460575719649557,0.15419274092615765,0.013276239379441702,0.10651567546550288,0.6000000000000014
glucose,0.2,6.5,SWV,7,0.015428389256949324,0.029327002640212742,0.1157364235200691,-0.009007463982428418,0.09999999999999992,1.4,-8.73608516121802e-06,0.007090840545363412,-0.007399706665166357,0.1157364235200691,0.48460575719649557,0.15244055068836038,0.013280115819768755,0.11148368223056669,0.6111111111111127
glucose,0.2,6.5,SWV,8,0.015751393751947892,0.029075567493149056,0.11474247197288323,-0.008726331303659508,0.09999999999999992,1.4,1.4398269346707723e-05,0.008349700916803907,-0.007704641975749129,0.11474247197288323,0.4775969962453065,0.1506883604505631,0.013064560183075764,0.1103512697944089,0.5087719298245615
glucose,0.2,6.5,SWV,9,0.015782357356029505,0.02911533640455282,0.1127359217786615,-0.008856271872653806,0.09999999999999992,1.4,-9.803893750280146e-07,0.007855571805965005,-0.007047809853683659,0.1127359217786615,0.4723404255319147,0.15244055068836038,0.013180021672904423,0.10835166735161204,0.3809523809523795
glucose,0.2,7.0,SWV,0,0.015756481639626015,0.029270505283980144,0.11675640121238479,-0.013078467697227663,0.09999999999999992,1.4,2.9983293654796386e-06,0.009681698409960277,-0.010676619565074368,0.11675640121238479,0.48460575719649557,0.14367959949937403,0.012736299772639174,0.11230716713993524,0.8636363636363645
glucose,0.2,7.0,SWV,1,0.015624485482813432,0.02924653961655705,0.11705282939759877,-0.009762824684641997,0.09999999999999992,1.4,-2.8811441584458685e-06,0.007870610375017021,-0.006594687780098765,0.11705282939759877,0.46883604505632037,0.1471839799749688,0.012919054028495533,0.11265799517248398,0.6470588235294124
glucose,0.2,7.0,SWV,2,0.01568673351977942,0.029359666492400547,0.11521662728744074,-0.00847023494397715,0.09999999999999992,1.4,-6.501055030236965e-07,0.007725551123384494,-0.006899222431250539,0.11521662728744074,0.46883604505632037,0.15244055068836038,0.013336218648815092,0.11113680468003304,0.6111111111111127
glucose,0.2,7.0,SWV,3,0.015950016941208265,0.029391906922927723,0.11959205101803413,-0.01000805040197869,0.09999999999999992,1.4,-1.1456055982202074e-05,0.008392107090126512,-0.011700565190679713,0.11959205101803413,0.48110137672090103,0.14367959949937403,0.012811054166699523,0.11509240358529135,0.8222222222222225
glucose,0.2,7.0,SWV,4,0.015838595723799934,0.02930047566913538,0.1166927028746967,-0.009255152250977613,0.09999999999999992,1.4,-3.198241996551917e-06,0.007892252141165977,-0.007646973687411147,0.1166927028746967,0.48460575719649557,0.14893617021276606,0.013074572339481347,0.11219286247129695,0.7708333333333356
glucose,0.2,7.0,SWV,5,0.01580752786836626,0.02943320914096351,0.11961781562703702,-0.009640090383802893,0.09999999999999992,1.4,6.396405349745376e-06,0.009958727886268143,-0.006613184791016481,0.11961781562703702,0.4775969962453065,0.1454317897371713,0.012974951793417512,0.11513472160211768,0.7291666666666657
glucose,0.2,7.0,SWV,6,0.015826080235062233,0.029234848532389064,0.11376274314416221,-0.008502446130251346,0.09999999999999992,1.4,4.161120110232082e-06,0.008555146320620795,-0.007403491147298241,0.11376274314416221,0.47934918648310376,0.162953692115144,0.013855426709120364,0.10936606316795712,0.8235294117647062
glucose,0.2,7.0,SWV,7,0.015506078910719152,0.02947708463285365,0.11720698021107848,-0.009132631080279015,0.09999999999999992,1.4,-8.91907225801965e-06,0.007190061347120438,-0.007311480695026327,0.11720698021107848,0.48460575719649557,0.15594493116395491,0.013575910559804444,0.11293752535201018,0.893617021276597
glucose,0.2,7.0,SWV,8,0.015833602776720558,0.02921468561624218,0.11853258337212615,-0.008849263437690782,0.09999999999999992,1.4,1.453897041075647e-05,0.008444983468605904,-0.007790965290536312,0.11853258337212615,0.4775969962453065,0.14367959949937403,0.012737347660464282,0.11411679314497,0.7446808510638291
glucose,0.2,7.0,SWV,9,0.0158649996132079,0.029283930877795745,0.11850676256446491,-0.008995751112350871,0.09999999999999992,1.4,-1.0548613669761558e-06,0.008066361179382468,-0.007146225849650759,0.11850676256446491,0.47058823529411764,0.14893617021276584,0.01303609475424863,0.11404396885929664,0.5740740740740751
glucose,0.2,7.5,SWV,0,0.015838088725257923,0.02942396259687209,0.11810702918572576,-0.013112106614268499,0.09999999999999992,1.4,2.9790679410748147e-06,0.009743622391297167,-0.010738238931217357,0.11810702918572576,0.4565707133917395,0.15944931163954945,0.013791838653352874,0.11372250233838008,0.5964912280701732
glucose,0.2,7.5,SWV,1,0.0157053411264986,0.029422189570603167,0.1195277672945651,-0.009827476304564525,0.09999999999999992,1.4,-2.933876883359327e-06,0.007915377375352037,-0.006546257424712154,0.1195277672945651,0.46883604505632037,0.15769712140175218,0.01367874357176413,0.11514430708329458,0.8367346938775515
glucose,0.2,7.5,SWV,2,0.015767943535797902,0.0295108885824482,0.11969628249204876,-0.00852993525230683,0.09999999999999992,1.4,-6.901371306402724e-07,0.007266858528234339,-0.007262412524719687,0.11969628249204876,0.45832290362953676,0.16120150187734672,0.013983014447839896,0.11554317468387709,0.6428571428571411
glucose,0.2,7.5,SWV,3,0.016032725805462347,0.029556559191091684,0.11880079751719276,-0.010074791211618543,0.09999999999999992,1.4,-1.1557604889265095e-05,0.008659543303126092,-0.011766403242379892,0.11880079751719276,0.48110137672090103,0.15944931163954945,0.013892289375823442,0.11431776872713578,0.8958333333333346
glucose,0.2,7.5,SWV,4,0.015920670277339673,0.029477044000007804,0.11782161620260416,-0.009360720336431427,0.09999999999999992,1.4,-3.252779930211871e-06,0.008182915138342794,-0.007690533535225495,0.11782161620260416,0.4530663329161452,0.1576971214017523,0.013737895058019575,0.11331541677753107,0.5254237288135607
glucose,0.2,7.5,SWV,5,0.0158894255554704,0.029573730325292567,0.11958994829761255,-0.00918596335509548,0.09999999999999992,1.4,6.396488858514831e-06,0.010016275053013429,-0.006599228503078149,0.11958994829761255,0.4775969962453065,0.15594493116395503,0.013692146539834141,0.1150503383336261,0.9777777777777789
glucose,0.2,7.5,SWV,6,0.015908083539078893,0.02938984295564897,0.11555137651674134,-0.008564325781919582,0.09999999999999992,1.4,4.14847834629306e-06,0.008713736519019119,-0.007445608282732253,0.11555137651674134,0.46357947434292857,0.1524405506883606,0.013381479419794739,0.11120957872379786,0.6415094339622647
glucose,0.2,7.5,SWV,7,0.015586260476710008,0.02962055728224485,0.11568105205362787,-0.009193811376597093,0.09999999999999992,1.4,-9.006178350726684e-06,0.007230997010891009,-0.007196701798044731,0.11568105205362787,0.48460575719649557,0.15419274092615787,0.013557618315906288,0.11150538174621635,0.9130434782608686
glucose,0.2,7.5,SWV,8,0.015915648905873072,0.029354605369790582,0.1184985379155653,-0.008909521651886692,0.09999999999999992,1.4,1.4585408791430518e-05,0.008493834256319752,-0.00783611977130065,0.1184985379155653,0.4775969962453065,0.15944931163954945,0.013786717514199418,0.11412041576521254,0.9782608695652198
glucose,0.2,7.5,SWV,9,0.015947224481654813,0.02945402913882477,0.12041863322528204,-0.009062836188877222,0.09999999999999992,1.4,-1.0971972323956122e-06,0.008257202872749364,-0.007186558246235772,0.12041863322528204,0.47058823529411764,0.15419274092615765,0.013514765076416666,0.11599865468663824,0.8333333333333338
glucose,0.2,8.0,SWV,0,0.01591957757412411,0.029583761889750884,0.12051636098872176,-0.013090942163454529,0.09999999999999992,1.4,2.969538909923585e-06,0.009811395775070631,-0.010800315404044015,0.12051636098872176,0.4565707133917395,0.16295369211514388,0.01410741477438171,0.11612225747097284,0.7884615384615371
glucose,0.2,8.0,SWV,1,0.015786070964111606,0.029600296060220417,0.11931810717016307,-0.00989261557519099,0.09999999999999992,1.4,-2.9772143728415184e-06,0.007960595315570404,-0.006513455191809334,0.11931810717016307,0.4548185231539422,0.1612015018773466,0.013992986504248298,0.1149476507888004,0.8399999999999992
glucose,0.2,8.0,SWV,2,0.015849031315351696,0.029663104823245807,0.12154426921373183,-0.008590073336569852,0.09999999999999992,1.4,-7.206455841365738e-07,0.006709224929306548,-0.0075739443767083026,0.12154426921373183,0.45832290362953676,0.15769712140175207,0.013898359184515329,0.11750581257631586,0.8367346938775502
glucose,0.2,8.0,SWV,3,0.01611532753121326,0.02972096821062965,0.11662101481742464,-0.010142040716458509,0.09999999999999992,1.4,-1.1650250288359606e-05,0.00883418480254532,-0.011833068071344497,0.11662101481742464,0.4618272841051313,0.1612015018773466,0.014055079666107206,0.11217887199445624,0.877551020408163
glucose,0.2,8.0,SWV,4,0.016002631302937654,0.029653527234037923,0.12144249528401987,-0.009807074180904447,0.09999999999999992,1.4,-3.2979408123843806e-06,0.008400761697800675,-0.007734532163224915,0.12144249528401987,0.4530663329161452,0.15419274092615765,0.013592127025873566,0.11685765949888183,0.6923076923076951
glucose,0.2,8.0,SWV,5,0.015971207933049708,0.029709464027691347,0.1194941148054174,-0.008429702355280318,0.09999999999999992,1.4,6.406499622866065e-06,0.01007423830699947,-0.006735088017115844,0.1194941148054174,0.4513141426783479,0.15944931163954934,0.013971709680511877,0.11499466252393262,0.6545454545454555
glucose,0.2,8.0,SWV,6,0.015989972597454338,0.029549520054982587,0.11586801981263223,-0.008626665162138567,0.09999999999999992,1.4,4.145635655726837e-06,0.0089172898841005,-0.007488149699327642,0.11586801981263223,0.46357947434292857,0.16645807259073842,0.014304251603486348,0.11162943778096454,0.9
glucose,0.2,8.0,SWV,7,0.015666309446615647,0.02976281284974767,0.11508400842064527,-0.009255444356829965,0.09999999999999992,1.4,-9.084235452386637e-06,0.007272345021330048,-0.007094783671698033,0.11508400842064527,0.4530663329161452,0.16821026282853568,0.014471846606072225,0.1109200683276016,0.7142857142857161
glucose,0.2,8.0,SWV,8,0.015997581220763776,0.02950256820159963,0.11620262286196062,-0.008970223261825273,0.09999999999999992,1.4,1.464224136226701e-05,0.008543013532287973,-0.007881565530788948,0.11620262286196062,0.46533166458072583,0.1612015018773466,0.013947057349822703,0.1117441809350047,0.9574468085106365
glucose,0.2,8.0,SWV,9,0.016029337336288366,0.02963073803838748,0.11920714430459448,-0.009130433428418558,0.09999999999999992,1.4,-1.1300331343794224e-06,0.008497181215163678,-0.007226862112535371,0.11920714430459448,0.47058823529411764,0.1612015018773466,0.014029123616460235,0.11480509980256969,0.9166666666666644
glucose,0.5,6.0,SWV,0,0.034914320115764445,0.07094240995578924,0.26590491039366204,-0.03337869029974263,0.09999999999999992,1.4,3.7930564687782956e-06,0.02288294123055304,-0.025222697622141313,0.26590491039366204,0.5143929912390487,0.16120150187734672,0.03335672103572104,0.2584977090470362,0.8775510204081642
glucose,0.5,6.0,SWV,1,0.03460478449038168,0.07075436153581342,0.2734616813568758,-0.025025318330326052,0.09999999999999992,1.4,-9.994515518895074e-06,0.01934382808521365,-0.015541853890284604,0.2734616813568758,0.4986232790988735,0.15419274092615765,0.03241315537960466,0.2663783346366427,0.6000000000000014
glucose,0.5,6.0,SWV,2,0.03475075832413863,0.07113346964185258,0.2724832903806932,-0.022562906712233592,0.09999999999999992,1.4,-4.762651484855281e-06,0.019694184915132237,-0.01642880888233105,0.2724832903806932,0.49511889862327896,0.16120150187734672,0.033588082926605284,0.2659878969862553,0.5333333333333338
glucose,0.5,6.0,SWV,3,0.03536816719779703,0.07113615209952946,0.2666237030177199,-0.025764146559157635,0.09999999999999992,1.4,-3.0102985023330386e-05,0.018476096429525447,-0.027268220239965817,0.2666237030177199,0.48110137672090103,0.16470588235294104,0.03402074381435702,0.2592062975392045,0.40298507462686534
glucose,0.5,6.0,SWV,4,0.03510688052821339,0.07087795673584403,0.2671119448406921,-0.025455881762851587,0.09999999999999992,1.4,-1.0738121090419807e-05,0.01729371282028456,-0.018446731494881713,0.2671119448406921,0.4933667083854817,0.1524405506883606,0.03207920527078738,0.2596913914222743,0.5818181818181816
glucose,0.5,6.0,SWV,5,0.03503402531565885,0.07130188857161936,0.2735805516481713,-0.026127631010285035,0.09999999999999992,1.4,1.1761664042567879e-05,0.0235426875526528,-0.01609916405043836,0.2735805516481713,0.5196495619524405,0.16120150187734672,0.03357611724020608,0.26617383519179905,0.9574468085106351
glucose,0.5,6.0,SWV,6,0.03507753126739443,0.07084066868454493,0.26475708461320985,-0.02311002055976468,0.09999999999999992,1.4,6.5198416196315055e-06,0.019972170599128633,-0.017354287650994213,0.26475708461320985,0.523153942428035,0.162953692115144,0.03362589827959028,0.2576114173840122,0.8979591836734657
glucose,0.5,6.0,SWV,7,0.03432711691863053,0.07143207938822048,0.26778533816543715,-0.023574972283530574,0.09999999999999992,1.4,-2.4153669053732098e-05,0.016861727964713094,-0.018168290904137838,0.26778533816543715,0.4986232790988735,0.162953692115144,0.03382497194351826,0.26130197496477386,0.6034482758620703
glucose,0.5,6.0,SWV,8,0.035095171891886115,0.07086288601383962,0.2686523600183332,-0.023581745661273273,0.09999999999999992,1.4,3.08562651979531e-05,0.01997429271402292,-0.018446961244295998,0.2686523600183332,0.5301627033792239,0.15068836045056333,0.03190010663852752,0.2612326281154152,0.7200000000000015
glucose,0.5,6.0,SWV,9,0.03516879857657019,0.07089986628884944,0.26759651334182966,-0.02483318550242935,0.09999999999999992,1.4,-5.711818206836127e-06,0.01852520714968728,-0.016823793293581482,0.26759651334182966,0.5038798498122653,0.15944931163954945,0.03316092053591199,0.26032454695948004,0.6851851851851878
glucose,0.5,6.5,SWV,0,0.03511278264804972,0.07133447079584183,0.2789273382803076,-0.03389281032641155,0.09999999999999992,1.4,3.6953300430873785e-06,0.023211186479811886,-0.025588323703428326,0.2789273382803076,0.48460575719649557,0.15244055068836038,0.032260111324291046,0.2713577814794033,0.6111111111111127
glucose,0.5,6.5,SWV,1,0.034797849352836016,0.0712153748053906,0.27606872876728467,-0.025412725342018168,0.09999999999999992,1.4,-1.0332669072376686e-05,0.019104008493258343,-0.015872571235130264,0.27606872876728467,0.4986232790988735,0.14017521902377972,0.030548669264316784,0.2689300429498278,0.8604651162790681
glucose,0.5,6.5,SWV,2,0.03494636867245619,0.07154086542293904,0.2776569782053651,-0.022914748042073628,0.09999999999999992,1.4,-5.009572002975765e-06,0.01946047483153665,-0.016415743769834623,0.2776569782053651,0.49511889862327896,0.14543178973717152,0.031552701309398204,0.2710077110880862,0.8444444444444427
glucose,0.5,6.5,SWV,3,0.035574543897311066,0.07158271200343881,0.28300956089513424,-0.02616656039387465,0.09999999999999992,1.4,-3.079178926219278e-05,0.019437993811397915,-0.027818131362850395,0.28300956089513424,0.48110137672090103,0.14543178973717152,0.03142910015127958,0.27524841740750333,0.5370370370370363
glucose,0.5,6.5,SWV,4,0.03530870092125418,0.07133569131464312,0.27877535864792913,-0.025871813628594555,0.09999999999999992,1.4,-1.1089241608057964e-05,0.018222325516709843,-0.01828112977281255,0.27877535864792913,0.48460575719649557,0.14893617021276606,0.03182249386657598,0.27104459671164927,0.7000000000000013
glucose,0.5,6.5,SWV,5,0.03523457526242275,0.07172078410684929,0.2801561670465054,-0.026180572864806836,0.09999999999999992,1.4,1.1802893876410531e-05,0.023879062687921504,-0.016080350604573752,0.2801561670465054,0.4775969962453065,0.15244055068836038,0.03260147577945106,0.2728358093403381,0.5
glucose,0.5,6.5,SWV,6,0.0352788398692012,0.07123813053795362,0.2683205582870474,-0.023477516293568614,0.09999999999999992,1.4,6.469664764126506e-06,0.02035786056654568,-0.01765681822967779,0.2683205582870474,0.48460575719649557,0.15594493116395491,0.032748316258574384,0.26088603327591203,0.6181818181818198
glucose,0.5,6.5,SWV,7,0.03451533982509607,0.0718330295042436,0.28000238722293835,-0.023937444489847106,0.09999999999999992,1.4,-2.4738729359132734e-05,0.017155772232937093,-0.017997833746205658,0.28000238722293835,0.48460575719649557,0.15244055068836038,0.03253727459363013,0.2729279847183098,0.6111111111111127
glucose,0.5,6.5,SWV,8,0.03529678811019584,0.07122889756211957,0.27756688127967394,-0.024135398792755086,0.09999999999999992,1.4,3.123046592153629e-05,0.020248201037378833,-0.01869431854113273,0.27756688127967394,0.4775969962453065,0.1506883604505631,0.032025402283134025,0.27024044094198,0.5087719298245615
glucose,0.5,6.5,SWV,9,0.03537169869405688,0.07132500360281695,0.2726692152237347,-0.025238072234746875,0.09999999999999992,1.4,-5.975290256217091e-06,0.01901150443556847,-0.01704417073025223,0.2726692152237347,0.4723404255319147,0.15244055068836038,0.032284996746031865,0.2652247547974396,0.3809523809523795
glucose,0.5,7.0,SWV,0,0.03531095562367279,0.07172664172177971,0.28250416558990765,-0.034287017846518296,0.09999999999999992,1.4,3.6502415939105983e-06,0.02349377523259237,-0.025897370376103575,0.28250416558990765,0.48460575719649557,0.14367959949937403,0.03120938736688898,0.2749316007078604,0.8636363636363645
glucose,0.5,7.0,SWV,1,0.03499156156656918,0.07166984727310015,0.2832287994599843,-0.025739772290242196,0.09999999999999992,1.4,-1.0576452181016572e-05,0.01903480196885473,-0.0159982066826004,0.2832287994599843,0.46883604505632037,0.1471839799749688,0.031682632649928995,0.2759356859140923,0.6470588235294124
glucose,0.5,7.0,SWV,2,0.03514218453585405,0.07194003326118738,0.27878570008658127,-0.023212402670432966,0.09999999999999992,1.4,-5.1779579754462355e-06,0.01878015035856892,-0.016710889843227286,0.27878570008658127,0.46883604505632037,0.15244055068836038,0.032657102868145806,0.27195880487458973,0.6111111111111127
glucose,0.5,7.0,SWV,3,0.03577925732773601,0.07201912658917557,0.28937956448404395,-0.02650600933524294,0.09999999999999992,1.4,-3.132535838276282e-05,0.020339986262257352,-0.02826570626894756,0.28937956448404395,0.48110137672090103,0.14367959949937403,0.03138184963839698,0.28162123135216477,0.8222222222222225
glucose,0.5,7.0,SWV,4,0.03550964891234857,0.07179310586564773,0.28235003329548153,-0.026222434190220488,0.09999999999999992,1.4,-1.1343740922273526e-05,0.019128272958210586,-0.018510120272137665,0.28235003329548153,0.48460575719649557,0.14893617021276606,0.0320135303447239,0.27450564015277185,0.7708333333333356
glucose,0.5,7.0,SWV,5,0.03543447332669452,0.07211358557361035,0.28945008215426654,-0.02583367679402003,0.09999999999999992,1.4,1.1872642163512223e-05,0.024163935687634627,-0.01608050286199307,0.28945008215426654,0.4775969962453065,0.1454317897371713,0.03181369868514922,0.28195350116117573,0.7291666666666657
glucose,0.5,7.0,SWV,6,0.03547936490392669,0.07163658619737777,0.2752792904299185,-0.023788108091261903,0.09999999999999992,1.4,6.463872403300974e-06,0.02076934283040898,-0.01790683668196738,0.2752792904299185,0.47934918648310376,0.162953692115144,0.03397173432944549,0.267930444569256,0.8235294117647062
glucose,0.5,7.0,SWV,7,0.034705050531989426,0.07222010064202518,0.28359444168516396,-0.024243884725723787,0.09999999999999992,1.4,-2.5186562041722644e-05,0.017398777364174695,-0.017782716888776202,0.28359444168516396,0.48460575719649557,0.15594493116395491,0.03325971539696365,0.276419239878575,0.893617021276597
glucose,0.5,7.0,SWV,8,0.03549756736646804,0.07158961160084773,0.2868241213599092,-0.024561964444569515,0.09999999999999992,1.4,3.157538921969458e-05,0.02048144998769928,-0.018905625111081785,0.2868241213599092,0.4775969962453065,0.14367959949937403,0.031228614273176487,0.2794434905114024,0.7446808510638291
glucose,0.5,7.0,SWV,9,0.035573538994946204,0.0717567968888518,0.2867538648722347,-0.02557956483712437,0.09999999999999992,1.4,-6.15735480521757e-06,0.019527051591380858,-0.017285205669932493,0.2867538648722347,0.47058823529411764,0.14893617021276584,0.03196549873139908,0.27928793634465815,0.5740740740740751
glucose,0.5,7.5,SWV,0,0.035510236863337756,0.07212006004065416,0.2858287430733177,-0.0343733968557166,0.09999999999999992,1.4,3.6039351363986856e-06,0.0236474200668996,-0.026050615684815783,0.2858287430733177,0.4565707133917395,0.15944931163954945,0.03380525231322961,0.2784212754321395,0.5964912280701732
glucose,0.5,7.5,SWV,1,0.03518896198532804,0.07211678417877114,0.28927571850624145,-0.0259006071756687,0.09999999999999992,1.4,-1.0706535598310591e-05,0.019146851489776878,-0.0158817220218003,0.28927571850624145,0.46883604505632037,0.15769712140175218,0.03356706554090781,0.2821153526829922,0.8367346938775515
glucose,0.5,7.5,SWV,2,0.03534047193050764,0.0723280508693005,0.28968218576748667,-0.02336084467521608,0.09999999999999992,1.4,-5.276251193337706e-06,0.017661171159724515,-0.017600129911222603,0.28968218576748667,0.45832290362953676,0.16120150187734672,0.03427788806283535,0.28287330159837626,0.6428571428571411
glucose,0.5,7.5,SWV,3,0.035981296263155715,0.07243953044331086,0.2874496936014744,-0.026672073356085936,0.09999999999999992,1.4,-3.157762621675169e-05,0.02099552642301985,-0.028431480383033947,0.2874496936014744,0.48110137672090103,0.15944931163954945,0.034048311843836165,0.27980351449881796,0.8958333333333346
glucose,0.5,7.5,SWV,4,0.03571010020036895,0.07224225908632113,0.28511794209175906,-0.026530233029265965,0.09999999999999992,1.4,-1.1478342685083019e-05,0.019840405105263456,-0.018619148351806017,0.28511794209175906,0.4530663329161452,0.1576971214017523,0.033661468146613624,0.2773563025725262,0.5254237288135607
glucose,0.5,7.5,SWV,5,0.03563448192703809,0.07247578096969891,0.28938467504330173,-0.02472774757010026,0.09999999999999992,1.4,1.1874755088094815e-05,0.02430698848873654,-0.01604771171869994,0.28938467504330173,0.4775969962453065,0.15769712140175218,0.03382698033145773,0.28179060426186275,0.9565217391304369
glucose,0.5,7.5,SWV,6,0.035679637858021016,0.0720337124852895,0.27966031082761655,-0.02394200488138204,0.09999999999999992,1.4,6.43413461865783e-06,0.021158626012243803,-0.018012253723346694,0.27966031082761655,0.46357947434292857,0.1524405506883606,0.032801891412773614,0.27239213117752814,0.6415094339622647
glucose,0.5,7.5,SWV,7,0.034900763768624256,0.07258940527934572,0.27986949721546256,-0.024396031065035215,0.09999999999999992,1.4,-2.5402680247251674e-05,0.01750123724488586,-0.01750370381813805,0.27986949721546256,0.48460575719649557,0.15944931163954956,0.0339844837657759,0.27289777277856647,0.8571428571428568
glucose,0.5,7.5,SWV,8,0.03569794750969544,0.07195039183606299,0.28674325071150275,-0.024777897045488845,0.09999999999999992,1.4,3.169352602683456e-05,0.02060273619517318,-0.01901765964927223,0.28674325071150275,0.4775969962453065,0.15944931163954945,0.03379693394374924,0.2793768452688043,0.9782608695652198
glucose,0.5,7.5,SWV,9,0.03577436651352056,0.07219034388798871,0.2914259256639603,-0.025746490540443576,0.09999999999999992,1.4,-6.261415412926901e-06,0.019995837895194324,-0.01738617529953446,0.2914259256639603,0.47058823529411764,0.15419274092615765,0.03312760517795814,0.2839563965607303,0.8333333333333338
glucose,0.5,8.0,SWV,0,0.035709236302817346,0.07252681468960313,0.2917149329708416,-0.03432489186967487,0.09999999999999992,1.4,3.581217399737716e-06,0.02381475951950594,-0.026204301349412994,0.2917149329708416,0.4565707133917395,0.16295369211514388,0.03461124809576781,0.28446142998919444,0.7884615384615371
glucose,0.5,8.0,SWV,1,0.03538607331197438,0.07256768384020387,0.28881863131135255,-0.026061911841706552,0.09999999999999992,1.4,-1.0813355097336026e-05,0.019259335425767785,-0.015821538556803637,0.28881863131135255,0.4548185231539422,0.1612015018773466,0.03436390856582179,0.28182068434258173,0.8399999999999992
glucose,0.5,8.0,SWV,2,0.03553847367184694,0.07271650798048584,0.2941976794369723,-0.023509708413514463,0.09999999999999992,1.4,-5.3511572426194956e-06,0.016300230859459114,-0.018362659743408463,0.2941976794369723,0.45832290362953676,0.15769712140175207,0.034021758260073,0.28734530104058226,0.8367346938775502
glucose,0.5,8.0,SWV,3,0.03618306408995376,0.07285738613748767,0.2822661569486561,-0.026838627430855168,0.09999999999999992,1.4,-3.1807103840448e-05,0.02142384898847599,-0.028598050976907173,0.2822661569486561,0.4618272841051313,0.1612015018773466,0.03446883905516508,0.2748243557664753,0.877551020408163
glucose,0.5,8.0,SWV,4,0.03591027422447179,0.07268924384283533,0.2939633543410953,-0.02762303498448618,0.09999999999999992,1.4,-1.1589698047212025e-05,0.020374145910800293,-0.0187285991324403,0.2939633543410953,0.4530663329161452,0.15419274092615765,0.03331391224983918,0.2860494540981089,0.6923076923076951
glucose,0.5,8.0,SWV,5,0.03583421154716764,0.07282447409391082,0.28924763208289145,-0.02414911792320993,0.09999999999999992,1.4,1.1900644455073709e-05,0.02445044212943945,-0.016280678804824214,0.28924763208289145,0.4513141426783479,0.15944931163954934,0.034295737659732324,0.28187259543289606,0.6545454545454555
glucose,0.5,8.0,SWV,6,0.03587963285679864,0.07244017458717274,0.28043446058230487,-0.024096344553175227,0.09999999999999992,1.4,6.428049791473685e-06,0.02165724228284513,-0.01811807954816813,0.28043446058230487,0.46357947434292857,0.16645807259073842,0.03505307184709891,0.27330991602262006,0.9
glucose,0.5,8.0,SWV,7,0.03509618137195538,0.07295381817567376,0.27857214912802514,-0.02454861349953634,0.09999999999999992,1.4,-2.5595868090676838e-05,0.017604094361709753,-0.017255778315238744,0.27857214912802514,0.4530663329161452,0.16821026282853568,0.0354529629073191,0.2715723916154167,0.7142857142857161
glucose,0.5,8.0,SWV,8,0.03589805011317752,0.07232861404243981,0.28123418053573357,-0.024971423057772436,0.09999999999999992,1.4,3.183588910000698e-05,0.020724338853360086,-0.019129974827315648,0.28123418053573357,0.46533166458072583,0.1612015018773466,0.03418593973079058,0.27361176084833644,0.9574468085106365
glucose,0.5,8.0,SWV,9,0.03597491822682013,0.07263787200906717,0.2884691218638702,-0.025913909638424878,0.09999999999999992,1.4,-6.3421112121492525e-06,0.02058396963918437,-0.01748646955665035,0.2884691218638702,0.47058823529411764,0.1612015018773466,0.03437074266380344,0.28090560101446216,0.9166666666666644
glucose,1.0,6.0,SWV,0,0.0652066160025821,0.1367577036420122,0.5103322645859079,-0.06578057474849848,0.09999999999999992,1.4,4.945686568292376e-06,0.043967634398876215,-0.04845612813097474,0.5103322645859079,0.5143929912390487,0.16120150187734672,0.06430468045845886,0.4981798693838211,0.8775510204081642
glucose,1.0,6.0,SWV,1,0.06461249489746647,0.1363977377981555,0.5248754874489071,-0.049407121511538546,0.09999999999999992,1.4,-2.15181089836685e-05,0.0371975115681524,-0.02985884468311195,0.5248754874489071,0.4986232790988735,0.15419274092615765,0.06252178722942252,0.513578910347959,0.6000000000000014
glucose,1.0,6.0,SWV,2,0.06489267633158219,0.13712305352783505,0.5229924212260423,-0.0450695532149291,0.09999999999999992,1.4,-1.147609576507776e-05,0.03786998468564454,-0.03158992074291979,0.5229924212260423,0.49511889862327896,0.16120150187734672,0.06473577555271856,0.5125096268262423,0.5333333333333338
glucose,1.0,6.0,SWV,3,0.06607772778364854,0.13712903576533692,0.5117573332376721,-0.0509539669880153,0.09999999999999992,1.4,-6.0114203082322525e-05,0.0354777429620432,-0.05230535881437272,0.5117573332376721,0.48110137672090103,0.16470588235294104,0.06554340304813361,0.499334412404414,0.40298507462686534
glucose,1.0,6.0,SWV,4,0.06557621547890803,0.13663045605524368,0.5126780464446363,-0.05134162266694107,0.09999999999999992,1.4,-2.294538173580509e-05,0.033206712000419976,-0.03547450266210136,0.5126780464446363,0.4933667083854817,0.1524405506883606,0.06184871772759627,0.5005316190637454,0.5818181818181816
glucose,1.0,6.0,SWV,5,0.0654363775544597,0.13744363196965984,0.5250353137562211,-0.051782215581848375,0.09999999999999992,1.4,2.0240591418479517e-05,0.04523389803583504,-0.030957202129100928,0.5250353137562211,0.5196495619524405,0.16120150187734672,0.06473888243804485,0.5129605926375523,0.9574468085106351
glucose,1.0,6.0,SWV,6,0.0655198826569573,0.13656006225937764,0.5081610819268948,-0.04644202618992426,0.09999999999999992,1.4,1.0179464118887567e-05,0.03838007453842584,-0.03330483784778434,0.5081610819268948,0.523153942428035,0.162953692115144,0.06481775455912246,0.4964734922154583,0.8979591836734657
glucose,1.0,6.0,SWV,7,0.06407954117241603,0.1376937389360714,0.5139803431961484,-0.046762397296235915,0.09999999999999992,1.4,-4.869511626745611e-05,0.03236484908110777,-0.03494006520832771,0.5139803431961484,0.4986232790988735,0.162953692115144,0.06516567358600846,0.5033542116529609,0.6034482758620703
glucose,1.0,6.0,SWV,8,0.06555374198188951,0.13660369108853843,0.5155804692762282,-0.04822601515102185,0.09999999999999992,1.4,5.689067176432411e-05,0.038372017639074316,-0.03544481559204436,0.5155804692762282,0.5301627033792239,0.15068836045056333,0.06151447196111343,0.5035235839909306,0.7200000000000015
glucose,1.0,6.0,SWV,9,0.06569506066601968,0.13667473077614875,0.5136150936233012,-0.050136585379177576,0.09999999999999992,1.4,-1.329792154395177e-05,0.035560438696757846,-0.03233763481912246,0.5136150936233012,0.5038798498122653,0.15944931163954945,0.06395408454208154,0.5018914454344607,0.6851851851851878
glucose,1.0,6.5,SWV,0,0.06558877802357635,0.13752736704475083,0.5354912901656385,-0.06677997562342196,0.09999999999999992,1.4,4.759083682477506e-06,0.04460508078742367,-0.0491663212823591,0.5354912901656385,0.48460575719649557,0.15244055068836038,0.06221694016475704,0.5231632047033542,0.6111111111111127
glucose,1.0,6.5,SWV,1,0.06498416164710409,0.13729959766163488,0.5299029372822937,-0.050159665674037374,0.09999999999999992,1.4,-2.2172200253675205e-05,0.03673834633714007,-0.030499716177826375,0.5299029372822937,0.4986232790988735,0.14017521902377972,0.05888166816555086,0.5181724891218434,0.8604651162790681
glucose,1.0,6.5,SWV,2,0.06526929254380379,0.13792216122313714,0.5329633478685941,-0.04575294318798808,0.09999999999999992,1.4,-1.1952792808909629e-05,0.037422698830381323,-0.03156769827544628,0.5329633478685941,0.49511889862327896,0.14543178973717152,0.060819791950343184,0.5221959064654291,0.8444444444444427
glucose,1.0,6.5,SWV,3,0.0664752781731851,0.13800326429809875,0.5433210035346353,-0.052099030717273724,0.09999999999999992,1.4,-6.145010228236994e-05,0.037335493420063696,-0.053375343350002796,0.5433210035346353,0.48110137672090103,0.14543178973717152,0.06061451363488633,0.5306430164586882,0.5370370370370363
glucose,1.0,6.5,SWV,4,0.06596490655056877,0.13752601849896717,0.5351995160787992,-0.0521496307783382,0.09999999999999992,1.4,-2.362468607214588e-05,0.03500006314739541,-0.035158528681844756,0.5351995160787992,0.48460575719649557,0.14893617021276606,0.061388905753979046,0.5226656315625523,0.7000000000000013
glucose,1.0,6.5,SWV,5,0.06582259836046181,0.1382648025155406,0.5378304456039131,-0.05189115844271757,0.09999999999999992,1.4,2.0324176168476275e-05,0.045887215419431276,-0.030923802557351443,0.5378304456039131,0.4775969962453065,0.15244055068836038,0.06286368713880579,0.525924280571488,0.5
glucose,1.0,6.5,SWV,6,0.06590757859774729,0.13734002676926435,0.5151281434833794,-0.04715585470825814,0.09999999999999992,1.4,1.0085316988542271e-05,0.039127169400512855,-0.03389308066629608,0.5151281434833794,0.48460575719649557,0.15594493116395491,0.06314382443182566,0.5029627108803307,0.6181818181818198
glucose,1.0,6.5,SWV,7,0.06444179318502985,0.1384805172239244,0.5375551945101528,-0.047490599577993856,0.09999999999999992,1.4,-4.982929495339397e-05,0.032936591051725445,-0.034614650280674675,0.5375551945101528,0.48460575719649557,0.15244055068836038,0.06271646282146383,0.5259639826220819,0.6111111111111127
glucose,1.0,6.5,SWV,8,0.06594203605460927,0.13732336573108683,0.5328594736495803,-0.049298944573389916,0.09999999999999992,1.4,5.762168771169933e-05,0.03890387406593457,-0.03592504599549961,0.5328594736495803,0.4775969962453065,0.1506883604505631,0.061741080033092484,0.5208442672886875,0.5087719298245615
glucose,1.0,6.5,SWV,9,0.066085851162322,0.1375078010130116,0.5234288234647754,-0.05092311724691746,0.09999999999999992,1.4,-1.3806801514377509e-05,0.03650290497828006,-0.032763136069790214,0.5234288234647754,0.4723404255319147,0.15244055068836038,0.06225338648414458,0.5112759741947499,0.3809523809523795
glucose,1.0,7.0,SWV,0,0.06597043952458563,0.1382957864740694,0.5423802899842953,-0.06753992980898631,0.09999999999999992,1.4,4.672375581697323e-06,0.04514974753474392,-0.04976200436376663,0.5423802899842953,0.48460575719649557,0.14367959949937403,0.06022500114320585,0.5302700403113644,0.8636363636363645
glucose,1.0,7.0,SWV,1,0.06535722406826029,0.13818750842697372,0.5437763080763172,-0.0507900481656894,0.09999999999999992,1.4,-2.264193512998543e-05,0.036539151751785445,-0.030741995579115333,0.5437763080763172,0.46883604505632037,0.1471839799749688,0.06111214494889214,0.53200742520484,0.6470588235294124
glucose,1.0,7.0,SWV,2,0.06564641020303279,0.13870397806001053,0.5352458512654805,-0.0463266656489501,0.09999999999999992,1.4,-1.2277183456898774e-05,0.03611267014706798,-0.03209461529163521,0.5352458512654805,0.46883604505632037,0.15244055068836038,0.06297016546676613,0.5242418641441352,0.6111111111111127
glucose,1.0,7.0,SWV,3,0.06686954781031655,0.13885651812741356,0.5555896164616146,-0.05297539320880221,0.09999999999999992,1.4,-6.247846214660508e-05,0.03907308076670943,-0.05423821141635515,0.5555896164616146,0.48110137672090103,0.14367959949937403,0.0605212017518987,0.5428763500603924,0.8222222222222225
glucose,1.0,7.0,SWV,4,0.06635191749192482,0.13841953264350432,0.5420843661774527,-0.05282545649002103,0.09999999999999992,1.4,-2.411507874408388e-05,0.03674524386888545,-0.03554246121362244,0.5420843661774527,0.48460575719649557,0.14893617021276606,0.0617645605606718,0.5293761711186483,0.7708333333333356
glucose,1.0,7.0,SWV,5,0.06620758534160426,0.13903437773941843,0.5557303025117746,-0.05122362091868146,0.09999999999999992,1.4,2.0458840624603235e-05,0.04643629853669071,-0.030924322553524262,0.5557303025117746,0.4775969962453065,0.1454317897371713,0.06134215973934181,0.5434481320749306,0.7291666666666657
glucose,1.0,7.0,SWV,6,0.06629377419955368,0.1381204825945611,0.5285212843224006,-0.047754516351117944,0.09999999999999992,1.4,1.0074360566507927e-05,0.03991999661736082,-0.03437504511286837,0.5285212843224006,0.47934918648310376,0.162953692115144,0.0654583455080187,0.5162137483120133,0.8235294117647062
glucose,1.0,7.0,SWV,7,0.06480714183941318,0.1392390985539407,0.5444735479470016,-0.048101038061611034,0.09999999999999992,1.4,-5.0692379356911175e-05,0.03340503581066716,-0.034200581044408734,0.5444735479470016,0.48460575719649557,0.15594493116395491,0.06413927489435983,0.5328533430712302,0.893617021276597
glucose,1.0,7.0,SWV,8,0.0663287217232326,0.1380314517024281,0.5506886315382851,-0.050121009324694495,0.09999999999999992,1.4,5.828681130284417e-05,0.03935344070282098,-0.03633231396551727,0.5506886315382851,0.4775969962453065,0.14367959949937403,0.06020573481173386,0.5385525243724152,0.7446808510638291
glucose,1.0,7.0,SWV,9,0.06647458222310379,0.13835219629991607,0.5505487042930589,-0.051581346850040816,0.09999999999999992,1.4,-1.4157560566410997e-05,0.03749628223735362,-0.03318212464741124,0.5505487042930589,0.47058823529411764,0.14893617021276584,0.06164797941857929,0.5383946007731774,0.5740740740740751
glucose,1.0,7.5,SWV,0,0.06635422221563575,0.13906537286524048,0.5487998253415175,-0.06770900007378955,0.09999999999999992,1.4,4.5836651833878965e-06,0.045447201607658964,-0.05005891010095159,0.5487998253415175,0.4565707133917395,0.15944931163954945,0.06522066231016765,0.5368806823923865,0.5964912280701732
glucose,1.0,7.5,SWV,1,0.06573735518373963,0.13905972975008818,0.5554237407764007,-0.05110168891184439,0.09999999999999992,1.4,-2.2893296793357705e-05,0.036756693619801016,-0.030518808488839727,0.5554237407764007,0.46883604505632037,0.15769712140175218,0.06475598906484768,0.5439475022084977,0.8367346938775515
glucose,1.0,7.5,SWV,2,0.06602826336418832,0.1394632013956654,0.5562032933721859,-0.046614245869160215,0.09999999999999992,1.4,-1.2466825094110145e-05,0.03395842676712266,-0.03380864976413464,0.5562032933721859,0.45832290362953676,0.16120150187734672,0.06610663112966851,0.5452824339717139,0.6428571428571411
glucose,1.0,7.5,SWV,3,0.06725868451163791,0.13967784951485143,0.5518745059805331,-0.05341867023674355,0.09999999999999992,1.4,-6.29670423721937e-05,0.040337129586310055,-0.05456067540603475,0.5518745059805331,0.48110137672090103,0.15944931163954945,0.06567756294778422,0.5394356349453964,0.8958333333333346
glucose,1.0,7.5,SWV,4,0.06673797180808153,0.13929600592338365,0.547422057992039,-0.053450333177290484,0.09999999999999992,1.4,-2.4375212683461195e-05,0.03811819801636125,-0.03575413701483969,0.547422057992039,0.4530663329161452,0.1576971214017523,0.064914378858462,0.5346495272278977,0.5254237288135607
glucose,1.0,7.5,SWV,5,0.06659278018863186,0.13974407080038498,0.5556060367309872,-0.049095730228194176,0.09999999999999992,1.4,2.0464135472745265e-05,0.04671341572746291,-0.030862000217267434,0.5556060367309872,0.4775969962453065,0.15769712140175218,0.06522065552772124,0.5430790107647558,0.9565217391304369
glucose,1.0,7.5,SWV,6,0.0666794822840167,0.1388971805275194,0.5369669115372605,-0.048052686926218245,0.09999999999999992,1.4,1.0017817909896262e-05,0.040670983612731894,-0.03457971015492736,0.5369669115372605,0.46357947434292857,0.1524405506883606,0.06320502559526466,0.52480768854529,0.6415094339622647
glucose,1.0,7.5,SWV,7,0.0651839973250824,0.13996242031600437,0.5373007630864874,-0.048404209639696015,0.09999999999999992,1.4,-5.111077581340848e-05,0.03360395958707533,-0.03366406501013623,0.5373007630864874,0.48460575719649557,0.15944931163954956,0.06551558500651342,0.5259135187115658,0.8571428571428568
glucose,1.0,7.5,SWV,8,0.0667146379132194,0.13873845148205322,0.5505343436137752,-0.050538825051836885,0.09999999999999992,1.4,5.851736416135707e-05,0.03958829849436313,-0.03654920982831409,0.5505343436137752,0.4775969962453065,0.15944931163954945,0.06515463918330104,0.538380141170219,0.9782608695652198
glucose,1.0,7.5,SWV,9,0.066861366983236,0.13919873843174532,0.5595484705986781,-0.0519048127953686,0.09999999999999992,1.4,-1.4358399473759802e-05,0.03840085823902778,-0.0333781674695213,0.5595484705986781,0.47058823529411764,0.15419274092615765,0.06387772566523142,0.5472918680064288,0.8333333333333338
glucose,1.0,8.0,SWV,0,0.06673746665521288,0.13985926546206293,0.5601373853378688,-0.06761762782881044,0.09999999999999992,1.4,4.540268859076022e-06,0.04577065082250943,-0.0503562299304236,0.5601373853378688,0.4565707133917395,0.16295369211514388,0.06672782122955895,0.5482078572599287,0.7884615384615371
glucose,1.0,8.0,SWV,1,0.06611694119072219,0.13993827910107048,0.5545787123722298,-0.051413771420070455,0.09999999999999992,1.4,-2.309964981351848e-05,0.036974643993608114,-0.030415693956239144,0.5545787123722298,0.4548185231539422,0.1612015018773466,0.06626807413995683,0.5432413433313223,0.8399999999999992
glucose,1.0,8.0,SWV,2,0.06640957465054934,0.14022199774429792,0.5649011744783491,-0.04690222266995847,0.09999999999999992,1.4,-1.2611342188636035e-05,0.031337980898093226,-0.03527829988625927,0.5649011744783491,0.45832290362953676,0.15769712140175207,0.06562346216501894,0.5539551868955032,0.8367346938775502
glucose,1.0,8.0,SWV,3,0.06764729301538637,0.14049302215756757,0.541981379796389,-0.05381479942851664,0.09999999999999992,1.4,-6.341105940977194e-05,0.041163199008392035,-0.05488388837204864,0.541981379796389,0.4618272841051313,0.1612015018773466,0.06643813473214544,0.5296040127887321,0.877551020408163
glucose,1.0,8.0,SWV,4,0.06712349213848207,0.14016704782875122,0.5644590222453982,-0.05555670192343531,0.09999999999999992,1.4,-2.4590354452435807e-05,0.039147229800318206,-0.035966210306395276,0.5644590222453982,0.4530663329161452,0.15419274092615765,0.06426290072774218,0.5515017316641748,0.6923076923076951
glucose,1.0,8.0,SWV,5,0.06697743943596979,0.14042660042227567,0.5554043813944863,-0.048795608998852644,0.09999999999999992,1.4,2.051492092038695e-05,0.04699090985104287,-0.031247222385552137,0.5554043813944863,0.4513141426783479,0.15944931163954934,0.06610905121754303,0.5431898549531162,0.6545454545454555
glucose,1.0,8.0,SWV,6,0.06706465573256067,0.13969051337014224,0.5384583862335199,-0.048351273968751204,0.09999999999999992,1.4,1.0006649732706226e-05,0.041632229377173126,-0.03478475968153531,0.5384583862335199,0.46357947434292857,0.16645807259073842,0.06756212677230315,0.5266704884819164,0.9
glucose,1.0,8.0,SWV,7,0.06556030155119175,0.1406750916944866,0.5349054067803365,-0.04870780707622753,0.09999999999999992,1.4,-5.14844772889839e-05,0.03380325690773719,-0.033187214361284065,0.5349054067803365,0.4530663329161452,0.16821026282853568,0.06835970322070475,0.5235213267675918,0.7142857142857161
glucose,1.0,8.0,SWV,8,0.06710001985807312,0.13947763308505773,0.5399873635551057,-0.05091300939660208,0.09999999999999992,1.4,5.879383061473508e-05,0.03982345386294228,-0.03676636965026492,0.5399873635551057,0.46533166458072583,0.1612015018773466,0.06594976412297485,0.5275980314740681,0.9574468085106365
glucose,1.0,8.0,SWV,9,0.06724761912925879,0.1400708215690746,0.5538551854444629,-0.052228742708434764,0.09999999999999992,1.4,-1.4514134864948804e-05,0.039534860131167415,-0.033572520734460244,0.5538551854444629,0.47058823529411764,0.1612015018773466,0.06629199357322013,0.5415060042273232,0.9166666666666644
glucose,2.0,6.0,SWV,0,0.11952383621342755,0.2547721179154028,0.9486157962409695,-0.12388050548419863,0.09999999999999992,1.4,7.012471574317333e-06,0.08177467042483502,-0.09011607249164158,0.9486157962409695,0.5143929912390487,0.16120150187734672,0.11980501155029795,0.928000920654099,0.8775510204081642
glucose,2.0,6.0,SWV,1,0.1184194239032737,0.254103882494365,0.9756864500966875,-0.09312621687095404,0.09999999999999992,1.4,-4.218110416188278e-05,0.06921101298583571,-0.05553069024266438,0.9756864500966875,0.4986232790988735,0.15419274092615765,0.11644087030711744,0.95638886504288,0.6000000000000014
glucose,2.0,6.0,SWV,2,0.11894025344837748,0.25544999433671894,0.9721812075694267,-0.08542629866803829,0.09999999999999992,1.4,-2.3513995853752905e-05,0.07046107392932188,-0.05877536269983754,0.9721812075694267,0.49511889862327896,0.16120150187734672,0.12064681438075768,0.954920819059867,0.5333333333333338
glucose,2.0,6.0,SWV,3,0.12114314676517543,0.25546188835864575,0.9513072908734486,-0.09747765060103185,0.09999999999999992,1.4,-0.00011392742167086044,0.06596345398586811,-0.09719953832710232,0.9513072908734486,0.48110137672090103,0.16470588235294104,0.12209970058300369,0.930108765192677,0.40298507462686534
glucose,2.0,6.0,SWV,4,0.12021088504567082,0.25453229564083685,0.9530034700103291,-0.09775743394323944,0.09999999999999992,1.4,-4.4834262893047695e-05,0.06174036570273174,-0.0660070578584952,0.9530034700103291,0.4933667083854817,0.1524405506883606,0.11524448594443322,0.9324877109008024,0.5818181818181816
glucose,2.0,6.0,SWV,5,0.1199509401895509,0.25604342478914544,0.9759197147775519,-0.09778353964120332,0.09999999999999992,1.4,3.544418533390738e-05,0.08412848235050663,-0.05759920144256485,0.9759197147775519,0.5196495619524405,0.16120150187734672,0.12059705233321974,0.9553513810478034,0.9574468085106351
glucose,2.0,6.0,SWV,6,0.12010616790720798,0.25440253313182387,0.9446096288341921,-0.08827872594055523,0.09999999999999992,1.4,1.674154584169144e-05,0.07138735056751049,-0.06190582440754594,0.9446096288341921,0.523153942428035,0.162953692115144,0.12077009443358203,0.9249136145651383,0.8979591836734657
glucose,2.0,6.0,SWV,7,0.1174287156964452,0.2565085510476744,0.95543345566501,-0.08929796464250553,0.09999999999999992,1.4,-9.270046989206478e-05,0.060163549013953405,-0.06501359154687505,0.95543345566501,0.4986232790988735,0.162953692115144,0.12140764815606032,0.9376541703886435,0.6034482758620703
glucose,2.0,6.0,SWV,8,0.12016910903982668,0.25448454878546334,0.9583481134627987,-0.09241573975332965,0.09999999999999992,1.4,0.00010357305595229974,0.07136104164261477,-0.06592372683628282,0.9583481134627987,0.5301627033792239,0.15068836045056333,0.11458215824679628,0.9377511372754375,0.7200000000000015
glucose,2.0,6.0,SWV,9,0.12043180648158433,0.25461665974926745,0.9547518582659397,-0.09550819895127786,0.09999999999999992,1.4,-2.6900589596711104e-05,0.06610637112598781,-0.060155557554575245,0.9547518582659397,0.5038798498122653,0.15944931163954945,0.1191309172829902,0.9348044542387461,0.6851851851851878
glucose,2.0,6.5,SWV,0,0.12023539042107245,0.2562188366660823,0.9955369969945081,-0.12575006512150966,0.09999999999999992,1.4,6.666504001384107e-06,0.08296654644245176,-0.09144411004457985,0.9955369969945081,0.48460575719649557,0.15244055068836038,0.11588799923770277,0.9743835811392186,0.6111111111111127
glucose,2.0,6.5,SWV,1,0.11911134231268827,0.25579620074876663,0.985053931860931,-0.09453348971765806,0.09999999999999992,1.4,-4.340170444083141e-05,0.06835853833306588,-0.05672770021300563,0.985053931860931,0.4986232790988735,0.14017521902377972,0.10970172944478648,0.9652045728837014,0.8604651162790681
glucose,2.0,6.5,SWV,2,0.11964143189932369,0.2569514570430492,0.9907540796785225,-0.08670418965652438,0.09999999999999992,1.4,-2.4402705978170222e-05,0.06963082462141312,-0.05873672014757756,0.9907540796785225,0.49511889862327896,0.14543178973717152,0.11333651739219909,0.9728622709414568,0.8444444444444427
glucose,2.0,6.5,SWV,3,0.12188349135751098,0.2571029461459842,1.0100863489571892,-0.09961644884337936,0.09999999999999992,1.4,-0.00011642362907717041,0.06942756168387826,-0.09920206829248306,1.0100863489571892,0.48110137672090103,0.14543178973717152,0.11294519118930606,0.9885796582485408,0.5370370370370363
glucose,2.0,6.5,SWV,4,0.1209346545755467,0.25621290318756573,0.9949945569893255,-0.09926847532270619,0.09999999999999992,1.4,-4.610203476637214e-05,0.0650842823472454,-0.06542145086355772,0.9949945569893255,0.48460575719649557,0.14893617021276606,0.11436295920139385,0.9735689856598035,0.7000000000000013
glucose,2.0,6.5,SWV,5,0.12067008805349742,0.2575858910545392,0.9998670830171963,-0.097992898099661,0.09999999999999992,1.4,3.560371683011135e-05,0.08535010997248332,-0.05753964743819423,0.9998670830171963,0.4775969962453065,0.15244055068836038,0.11712703568288024,0.9797385699508807,0.5
glucose,2.0,6.5,SWV,6,0.12082807562824377,0.2558683389994207,0.9576796755595616,-0.08961356496908077,0.09999999999999992,1.4,1.6568555459908376e-05,0.07278248179245403,-0.06300637882850821,0.9576796755595616,0.48460575719649557,0.15594493116395491,0.11763718780117297,0.9369739907229869,0.6181818181818198
glucose,2.0,6.5,SWV,7,0.11810301989939392,0.25798713443306354,0.9993740213699862,-0.09065969581215014,0.09999999999999992,1.4,-9.481927463965576e-05,0.06123323169231149,-0.06441032130799844,0.9993740213699862,0.48460575719649557,0.15244055068836038,0.11686580350418611,0.9799128690930226,0.6111111111111127
glucose,2.0,6.5,SWV,8,0.12089213581700584,0.2558383525156224,0.9906255013473438,-0.0944197852834938,0.09999999999999992,1.4,0.00010494387850785433,0.07235542570334488,-0.06682152281022646,0.9906255013473438,0.4775969962453065,0.15244055068836038,0.11588661699014222,0.9702877295615294,0.5
glucose,2.0,6.5,SWV,9,0.12115950386403883,0.25618117065573526,0.97306674169009,-0.09697906002736134,0.09999999999999992,1.4,-2.7849511356596268e-05,0.06786679560659054,-0.06095095973961076,0.97306674169009,0.4723404255319147,0.15244055068836038,0.11597626508136229,0.9523824138957377,0.3809523809523795
glucose,2.0,7.0,SWV,0,0.12094606582967077,0.2576618845375933,1.008365064760439,-0.1271658409141014,0.09999999999999992,1.4,6.505167559797678e-06,0.08398114614549844,-0.09255376185888664,1.008365064760439,0.48460575719649557,0.14367959949937403,0.11218175321149693,0.9876224162734684,0.8636363636363645
glucose,2.0,7.0,SWV,1,0.11980599820922368,0.2574612871138147,1.010964944215949,-0.09570778421821546,0.09999999999999992,1.4,-4.4276594210895116e-05,0.06792626170738537,-0.0571791342901076,1.010964944215949,0.46883604505632037,0.1471839799749688,0.11386661428547001,0.9910639382564781,0.6470588235294124
glucose,2.0,7.0,SWV,2,0.12034364243383606,0.25841937949197347,0.9951054326897142,-0.0877729303000843,0.09999999999999992,1.4,-2.500682914777932e-05,0.06719167114713531,-0.05967922644050461,0.9951054326897142,0.46883604505632037,0.15244055068836038,0.11736427993969979,0.9768716375982042,0.6111111111111127
glucose,2.0,7.0,SWV,3,0.12261765488252994,0.2587036123043006,1.0329317786282937,-0.10124882523273429,0.09999999999999992,1.4,-0.00011833919993004628,0.07266345711952008,-0.10080959995653434,1.0329317786282937,0.48110137672090103,0.14367959949937403,0.11279070163144146,1.0114704077132075,0.8222222222222225
glucose,2.0,7.0,SWV,4,0.12165529563461332,0.2578883654432061,1.0078148941037464,-0.10052742751035308,0.09999999999999992,1.4,-4.701540863146817e-05,0.06833429515699212,-0.06608321048800896,1.0078148941037464,0.48460575719649557,0.14893617021276606,0.11507285078652282,0.9861276735897684,0.7708333333333356
glucose,2.0,7.0,SWV,5,0.1213869586097183,0.259031037453069,1.033198283842479,-0.09675041728014336,0.09999999999999992,1.4,3.5854782692766494e-05,0.08637294916258441,-0.057540826827994,1.033198283842479,0.4775969962453065,0.1454317897371713,0.1142628889415597,1.0121503916447179,0.7291666666666657
glucose,2.0,7.0,SWV,6,0.12154719776412622,0.2573337367074632,0.9826103768192654,-0.09072876564465296,0.09999999999999992,1.4,1.654833934191338e-05,0.07425909995948139,-0.06390424643724257,0.9826103768192654,0.47934918648310376,0.162953692115144,0.12193870450492589,0.9615439979888873,0.8235294117647062
glucose,2.0,7.0,SWV,7,0.1187833055630696,0.25941184893954444,1.0122567729682281,-0.09179683595633976,0.09999999999999992,1.4,-9.642694833587012e-05,0.06210591302506747,-0.06363950987519809,1.0122567729682281,0.48460575719649557,0.15594493116395491,0.11951648176905574,0.9927108633849557,0.893617021276597
glucose,2.0,7.0,SWV,8,0.12161217091467254,0.25716928815643697,1.0238249946167524,-0.09595102083388415,0.09999999999999992,1.4,0.00010618315434849214,0.0731928723299358,-0.0675801698424361,1.0238249946167524,0.4775969962453065,0.14367959949937403,0.11215201717533756,1.0030734882819976,0.7446808510638291
glucose,2.0,7.0,SWV,9,0.12188334939083464,0.2577653801800839,1.0235601404959165,-0.09820523183871864,0.09999999999999992,1.4,-2.8502757103723125e-05,0.06971697167151172,-0.06168694488289042,1.0235601404959165,0.47058823529411764,0.14893617021276584,0.11486823587490229,1.002976140686876,0.5740740740740751
glucose,2.0,7.5,SWV,0,0.12166067870941152,0.25910595563683186,1.020334179753462,-0.12748318515447216,0.09999999999999992,1.4,6.340422509023631e-06,0.08453646506005512,-0.09310826560574685,1.020334179753462,0.4565707133917395,0.15944931163954945,0.1215455838040265,1.0002865126884035,0.5964912280701732
glucose,2.0,7.5,SWV,1,0.12051378436709839,0.2590960639718024,1.0326546772608243,-0.09628983547326289,0.09999999999999992,1.4,-4.4745420315510755e-05,0.06833296226674088,-0.05676461870560015,1.0326546772608243,0.46883604505632037,0.15769712140175218,0.12060704961928516,1.0129709759975862,0.8367346938775515
glucose,2.0,7.5,SWV,2,0.12105464800389168,0.25984418981994817,1.034103210456474,-0.08830999973416351,0.09999999999999992,1.4,-2.536026795066746e-05,0.06318109199418148,-0.06287220260383891,1.034103210456474,0.45832290362953676,0.16120150187734672,0.12317642978069096,1.015794077949472,0.6428571428571411
glucose,2.0,7.5,SWV,3,0.12334227723305428,0.26024382516204597,1.0260155488671217,-0.10207617615560369,0.09999999999999992,1.4,-0.00011925151271988275,0.07501862491358907,-0.10141302510245001,1.0260155488671217,0.48110137672090103,0.15944931163954945,0.12232958739033645,1.004590944052211,0.8958333333333346
glucose,2.0,7.5,SWV,4,0.12237415538053169,0.2595310445705687,1.0177604727097826,-0.10172085758064482,0.09999999999999992,1.4,-4.750063474951867e-05,0.07089217151212288,-0.06647894427269316,1.0177604727097826,0.4530663329161452,0.1576971214017523,0.12093157302846025,0.9958601675670186,0.5254237288135607
glucose,2.0,7.5,SWV,5,0.12210421155424837,0.26036380670948833,1.0329684783778719,-0.09279004395994882,0.09999999999999992,1.4,3.5865783059014606e-05,0.08689045767276538,-0.05742555200780227,1.0329684783778719,0.4775969962453065,0.15769712140175218,0.12152848627805868,1.0116958604277744,0.9565217391304369
glucose,2.0,7.5,SWV,6,0.12226541022028485,0.25879102225875134,0.9983442645338637,-0.09128563404109696,0.09999999999999992,1.4,1.6443732776944973e-05,0.07565865931015883,-0.06428687341155478,0.9983442645338637,0.46357947434292857,0.1524405506883606,0.11772386307842662,0.9774337398596732,0.6415094339622647
glucose,2.0,7.5,SWV,7,0.11948496784011081,0.26076993713146834,0.9989016536138426,-0.09236305386664867,0.09999999999999992,1.4,-9.720805062168928e-05,0.062477806545484044,-0.0626412643888916,0.9989016536138426,0.48460575719649557,0.15944931163954956,0.12209115688608646,0.9798292593406887,0.8571428571428568
glucose,2.0,7.5,SWV,8,0.12233077242988308,0.2584970715484834,1.0235390619212983,-0.09673083389080582,0.09999999999999992,1.4,0.0001066152808163631,0.07363137572049684,-0.06798509290797539,1.0235390619212983,0.4775969962453065,0.15944931163954945,0.12137859698276088,1.0027769428716422,0.9782608695652198
glucose,2.0,7.5,SWV,9,0.1226035747220361,0.2593524419683093,1.0403199304816206,-0.09880939063178593,0.09999999999999992,1.4,-2.887712951387354e-05,0.07140296368314297,-0.06205346377432529,1.0403199304816206,0.47058823529411764,0.15944931163954945,0.1217855582749227,1.0194897463589574,0.8958333333333346
glucose,2.0,8.0,SWV,0,0.12237429349399116,0.2605940043034138,1.0414466102718491,-0.1273149474796743,0.09999999999999992,1.4,6.2599473378891585e-06,0.08513983522789506,-0.0936631363515461,1.0414466102718491,0.4565707133917395,0.16295369211514388,0.124344093352605,1.0213039089560265,0.7884615384615371
glucose,2.0,8.0,SWV,1,0.12122056635261486,0.2607414113561683,1.0311140301365618,-0.09687227825024025,0.09999999999999992,1.4,-4.513024723563907e-05,0.06874002487387357,-0.056584524327640766,1.0311140301365618,0.4548185231539422,0.1612015018773466,0.12349700714394751,1.012128776669375,0.8399999999999992
glucose,2.0,8.0,SWV,2,0.12176465226753301,0.2612670205934646,1.05030054489737,-0.08884742064703052,0.09999999999999992,1.4,-2.56296048504586e-05,0.0583022223466787,-0.0656097925561987,1.05030054489737,0.45832290362953676,0.15769712140175207,0.12227536694201326,1.0319304643630685,0.8367346938775502
glucose,2.0,8.0,SWV,3,0.12406591039892077,0.2617714063112436,1.0076776414543938,-0.10281525832486924,0.09999999999999992,1.4,-0.00012008022112028394,0.07655789559582768,-0.10201711404609545,1.0076776414543938,0.4618272841051313,0.1612015018773466,0.12380930731364781,0.986741347863448,0.877551020408163
glucose,2.0,8.0,SWV,4,0.1230920208118799,0.26116244288622953,1.049485737108287,-0.10564465643465448,0.09999999999999992,1.4,-4.790187628249218e-05,0.07280931125738471,-0.06687503034245251,1.049485737108287,0.4530663329161452,0.15419274092615765,0.1197549218447623,1.0274675061328844,0.6923076923076951
glucose,2.0,8.0,SWV,5,0.12282046875382202,0.2616449176453087,1.0326509663670018,-0.09298931713448791,0.09999999999999992,1.4,3.596120975474161e-05,0.08740830024840077,-0.05808378328892644,1.0326509663670018,0.4513141426783479,0.15944931163954934,0.12315509391051349,1.0117680188703073,0.6545454545454555
glucose,2.0,8.0,SWV,6,0.12298262778565128,0.26027803199655536,1.0011219770563888,-0.09184287154150818,0.09999999999999992,1.4,1.6423449627330392e-05,0.07744944761527853,-0.06466984129998685,1.0011219770563888,0.46357947434292857,0.16645807259073842,0.12587344406748127,0.9810876619697775,0.9
glucose,2.0,8.0,SWV,7,0.1201856204932708,0.26210705013791,0.9945374549844817,-0.09292964920392974,0.09999999999999992,1.4,-9.790543171353414e-05,0.0628500311282002,-0.061753927271434285,0.9945374549844817,0.4530663329161452,0.16821026282853568,0.12738028620594286,0.9753833443686609,0.7142857142857161
glucose,2.0,8.0,SWV,8,0.12304837940064463,0.25988346804792445,1.003958588279498,-0.09742895731450357,0.09999999999999992,1.4,0.00010713220850321276,0.07407014284564142,-0.06839025002244985,1.003958588279498,0.46533166458072583,0.1612015018773466,0.12287136196519906,0.9828093759532411,0.9574468085106365
glucose,2.0,8.0,SWV,9,0.12332280695432131,0.2609857741622028,1.029719851175181,-0.09941396062707324,0.09999999999999992,1.4,-2.9167418656175676e-05,0.0735157672202405,-0.06241647457053318,1.029719851175181,0.47058823529411764,0.1612015018773466,0.12358033758812129,1.0091011388769502,0.9166666666666644
glucose,5.0,6.0,SWV,0,0.24522940298709844,0.5278917098921672,1.9629291123569699,-0.258340345186819,0.09999999999999992,1.4,1.17956025882608e-05,0.16927095379919685,-0.18652908658347053,1.9629291123569699,0.5143929912390487,0.16120150187734672,0.2482734210546107,1.922883397927376,0.8775510204081642
glucose,5.0,6.0,SWV,1,0.24294403103099899,0.526510048026475,2.018991820795837,-0.19430469470274417,0.09999999999999992,1.4,-9.000117871717885e-05,0.14329940198104552,-0.11494267568048588,2.018991820795837,0.4986232790988735,0.15419274092615765,0.2412331463223839,1.9812302289002885,0.6000000000000014
glucose,5.0,6.0,SWV,2,0.24402178906153235,0.529292866117953,2.01173239882126,-0.17882333814523382,0.09999999999999992,1.4,-5.137313605897205e-05,0.14588616617897476,-0.12169024265727575,2.01173239882126,0.49511889862327896,0.16120150187734672,0.2500463649609484,1.9788204189707221,0.5333333333333338
glucose,5.0,6.0,SWV,3,0.24858025926528046,0.5293184383426731,1.9685514785448164,-0.20514674696258448,0.09999999999999992,1.4,-0.0002384665846900477,0.13651609949814866,-0.2010974966279908,1.9685514785448164,0.48110137672090103,0.16470588235294104,0.25307225222174456,1.9275604971509706,0.40298507462686534
glucose,5.0,6.0,SWV,4,0.24665112032875047,0.5273913722763763,1.9720423074052187,-0.2051768828969585,0.09999999999999992,1.4,-9.549138785695209e-05,0.12777539284236752,-0.13666811417014957,1.9720423074052187,0.4933667083854817,0.1524405506883606,0.23879700652209934,1.9320227626425341,0.5818181818181816
glucose,5.0,6.0,SWV,5,0.2461132137164763,0.5305177635489295,2.0194061871318874,-0.20424374674999618,0.09999999999999992,1.4,7.062964553818294e-05,0.17414166319303231,-0.11925639985372419,2.0194061871318874,0.5266583229036294,0.16120150187734672,0.24987224492847948,1.9792024722645483,0.803921568627451
glucose,5.0,6.0,SWV,6,0.24643442805778823,0.5271242091661942,1.9546762659625083,-0.18510080250630118,0.09999999999999992,1.4,3.1928077828751944e-05,0.14777561794910637,-0.12809667901727992,1.9546762659625083,0.523153942428035,0.162953692115144,0.250278568905003,1.9165616774535157,0.8979591836734657
glucose,5.0,6.0,SWV,7,0.24089394816634127,0.531480504056515,1.9770820873786616,-0.18773742050101525,0.09999999999999992,1.4,-0.00019454143113758823,0.12449768314425327,-0.13461232393037043,1.9770820873786616,0.4986232790988735,0.162953692115144,0.2515094146358497,1.9423910087091132,0.6034482758620703
glucose,5.0,6.0,SWV,8,0.24656467280248123,0.5272950587845356,1.983038947151719,-0.19468338811867053,0.09999999999999992,1.4,0.0002116094307873293,0.14770706862223695,-0.13646063571580608,1.983038947151719,0.5301627033792239,0.15068836045056333,0.2373969101082974,1.9426841552478138,0.7200000000000015
glucose,5.0,6.0,SWV,9,0.2471082753690339,0.527568505619926,1.9756683707246183,-0.20051107607528135,0.09999999999999992,1.4,-5.838104994738328e-05,0.13679838617649145,-0.12453417874233741,1.9756683707246183,0.5038798498122653,0.15944931163954945,0.24691205320280468,1.937229332214456,0.6851851851851878
glucose,5.0,6.5,SWV,0,0.24670326482670624,0.530905311455631,2.060214204227035,-0.262223700817084,0.09999999999999992,1.4,1.1080819596566947e-05,0.1717459383869453,-0.1892869926085764,2.060214204227035,0.48460575719649557,0.15244055068836038,0.24014913401683388,2.0189708088655562,0.6111111111111127
glucose,5.0,6.5,SWV,1,0.24437710328161155,0.5300316961103111,2.038403376457206,-0.19722719679003736,0.09999999999999992,1.4,-9.253284270253537e-05,0.14153669695220872,-0.11742674898013494,2.038403376457206,0.4986232790988735,0.14017521902377972,0.2273615154690785,2.000104428528102,0.8604651162790681
glucose,5.0,6.5,SWV,2,0.24547409726495542,0.5324197623755825,2.0502126304386423,-0.1814770743408512,0.09999999999999992,1.4,-5.3215362169888295e-05,0.14416963002351546,-0.12161359933736707,2.0502126304386423,0.49511889862327896,0.14543178973717152,0.23478389874504718,2.0152050349892057,0.8444444444444427
glucose,5.0,6.5,SWV,3,0.25011392758409384,0.5327341415944404,2.0903147197922425,-0.2095853307923667,0.09999999999999992,1.4,-0.00024364807680227974,0.14369777680870618,-0.20525820315936585,2.0903147197922425,0.48110137672090103,0.14543178973717152,0.2340608304698883,2.0484274555663284,0.5370370370370363
glucose,5.0,6.5,SWV,4,0.24815035714763853,0.5308887814921557,2.0590916516679716,-0.20831494412538631,0.09999999999999992,1.4,-9.81210417444383e-05,0.13470776106689827,-0.13545849934123627,2.0590916516679716,0.48460575719649557,0.14893617021276606,0.23697552612767087,2.0171920586906564,0.7000000000000013
glucose,5.0,6.5,SWV,5,0.24760284991452264,0.5337294975641909,2.069151872459366,-0.20468549559144433,0.09999999999999992,1.4,7.096493950418053e-05,0.1766785230809752,-0.11913631701957322,2.069151872459366,0.4775969962453065,0.15244055068836038,0.24269028421060415,2.0298787545188044,0.5
glucose,5.0,6.5,SWV,6,0.24792979732739273,0.5301772309401547,1.9818703640787256,-0.18787283728698453,0.09999999999999992,1.4,3.157262163649892e-05,0.15067049047094644,-0.13038286886105627,1.9818703640787256,0.48460575719649557,0.15594493116395491,0.24383032363868506,1.9419126063467491,0.6181818181818198
glucose,5.0,6.5,SWV,7,0.2422904302954936,0.5345601056385201,2.068154734959886,-0.19056531852548322,0.09999999999999992,1.4,-0.00019893894191357544,0.12671974288909632,-0.13336601711409052,2.068154734959886,0.48460575719649557,0.15244055068836038,0.2422125672190692,2.030675241081436,0.6111111111111127
glucose,5.0,6.5,SWV,8,0.248062366695695,0.5301164014837886,2.0500268797335965,-0.19884230235544847,0.09999999999999992,1.4,0.00021446094863609806,0.14977187377849446,-0.13832479772430856,2.0500268797335965,0.4775969962453065,0.15244055068836038,0.2401190138887008,2.010292597707865,0.5
glucose,5.0,6.5,SWV,9,0.24861567154515496,0.5308257624128201,2.0136573524401036,-0.20356567046210283,0.09999999999999992,1.4,-6.034835413430258e-05,0.14045179963210902,-0.12618563737548116,2.0136573524401036,0.4723404255319147,0.15244055068836038,0.2402745939713379,1.973020391910479,0.3809523809523795
glucose,5.0,7.0,SWV,0,0.2481753724214392,0.5339096263057872,2.086786972099514,-0.26515723518593926,0.09999999999999992,1.4,1.0746771851972373e-05,0.17384809721610178,-0.19158611491902153,2.086786972099514,0.48460575719649557,0.14367959949937403,0.23250539333136605,2.0466293432124476,0.8636363636363645
glucose,5.0,7.0,SWV,1,0.24581601836402467,0.5334953728408831,2.092172930710525,-0.19966025908263293,0.09999999999999992,1.4,-9.434537665528624e-05,0.1405650018903452,-0.11836222673554692,2.092172930710525,0.46883604505632037,0.1471839799749688,0.23599689086995315,2.0537328897666263,0.6470588235294124
glucose,5.0,7.0,SWV,2,0.2469286655965522,0.535475513530471,2.059351892557226,-0.1836914284927092,0.09999999999999992,1.4,-5.44668663181028e-05,0.13911735917586232,-0.12351789795645973,2.059351892557226,0.46883604505632037,0.15244055068836038,0.24316022885613672,2.0238117820545773,0.6111111111111127
glucose,5.0,7.0,SWV,3,0.25163470267822374,0.5360645177678502,2.1376379253568936,-0.2129673393452628,0.09999999999999992,1.4,-0.0002476169073717248,0.15040118525031038,-0.20858909914952045,2.1376379253568936,0.48110137672090103,0.14367959949937403,0.2337258704066711,2.095712482227186,0.8222222222222225
glucose,5.0,7.0,SWV,4,0.24964311362197808,0.5343738794171661,2.0856484015903107,-0.2109234175859787,0.09999999999999992,1.4,-0.0001000133149422712,0.1414403852808962,-0.13676323023730347,2.0856484015903107,0.48460575719649557,0.14893617021276606,0.23844627758931022,2.043200033189341,0.7708333333333356
glucose,5.0,7.0,SWV,5,0.2490877938873536,0.5367380932846783,2.138195612064966,-0.20211243171666948,0.09999999999999992,1.4,7.148539147908747e-05,0.17879776918250984,-0.11913902243462399,2.138195612064966,0.4775969962453065,0.1454317897371713,0.23680186377177506,2.097310255281646,0.7291666666666657
glucose,5.0,7.0,SWV,6,0.24941940658499412,0.5332277639492901,2.0335022765977238,-0.190183456866834,0.09999999999999992,1.4,3.1530975936422555e-05,0.15372959626553184,-0.1322432552165086,2.0335022765977238,0.47934918648310376,0.162953692115144,0.25258205624067975,1.9917460731505658,0.8235294117647062
glucose,5.0,7.0,SWV,7,0.24369957018067448,0.5375264273206274,2.0948408080173517,-0.19292139679842624,0.09999999999999992,1.4,-0.000202269807972889,0.12852794314982247,-0.1317696023121677,2.0948408080173517,0.48460575719649557,0.15594493116395491,0.24763061593977287,2.056666910135463,0.893617021276597
glucose,5.0,7.0,SWV,8,0.24955386761486203,0.5328887731637794,2.118797720598348,-0.2020147617551517,0.09999999999999992,1.4,0.000217028976825563,0.1515069855241158,-0.13989663630044824,2.118797720598348,0.4775969962453065,0.14367959949937403,0.23238455079598236,2.0782051193456335,0.7446808510638291
glucose,5.0,7.0,SWV,9,0.25011506769329744,0.5341220976132771,2.118243749993958,-0.2061062228125159,0.09999999999999992,1.4,-6.170164051864536e-05,0.14428485293342047,-0.12765524314214224,2.118243749993958,0.47058823529411764,0.14893617021276584,0.2379375058286194,2.077495185077529,0.5740740740740751
glucose,5.0,7.5,SWV,0,0.24965562088072116,0.5369146320775036,2.1115993999639624,-0.2658177277697661,0.09999999999999992,1.4,1.0406060891209072e-05,0.17500018904988615,-0.19273677405970158,2.1115993999639624,0.4565707133917395,0.15944931163954945,0.2518830452969409,2.0726490696843713,0.5964912280701732
glucose,5.0,7.5,SWV,1,0.24728209190572867,0.5368949055235986,2.1371034159819193,-0.20086811751540284,0.09999999999999992,1.4,-9.531747760963754e-05,0.14140946970680165,-0.11750492235010274,2.1371034159819193,0.46883604505632037,0.15769712140175218,0.2498827254252819,2.0985544361752506,0.8367346938775515
glucose,5.0,7.5,SWV,2,0.24840142388434797,0.5384406668593201,2.140100161422969,-0.18480588725031397,0.09999999999999992,1.4,-5.519937856155848e-05,0.13081068866251744,-0.13013356774715445,2.140100161422969,0.45832290362953676,0.16120150187734672,0.2552166282106856,2.1044714802321765,0.6428571428571411
glucose,5.0,7.5,SWV,3,0.25313573467404654,0.5392684124141179,2.1233133909760835,-0.21468354699639425,0.09999999999999992,1.4,-0.00024950985838167696,0.15528151409957763,-0.20984274868558245,2.1233133909760835,0.48110137672090103,0.15944931163954945,0.2535567278702755,2.081834341769372,0.8958333333333346
glucose,5.0,7.5,SWV,4,0.25113218021963063,0.537789762362012,2.106257946770846,-0.21343264262840772,0.09999999999999992,1.4,-0.00010101946867382282,0.14674051017374257,-0.1375849267837255,2.106257946770846,0.4530663329161452,0.1576971214017523,0.2505705487417592,2.063228186078437,0.5254237288135607
glucose,5.0,7.5,SWV,5,0.2505735241432464,0.5395128235485142,2.137721557617805,-0.19409168506588795,0.09999999999999992,1.4,7.15095960443803e-05,0.17987161188903678,-0.11890120043732573,2.137721557617805,0.4775969962453065,0.15769712140175218,0.2518188554885788,2.09606938521278,0.9565217391304369
glucose,5.0,7.5,SWV,6,0.25090712915850544,0.536260108017822,2.06610328146886,-0.1913390259355306,0.09999999999999992,1.4,3.131513575497109e-05,0.15663013735277545,-0.1330377369483211,2.06610328146886,0.46357947434292857,0.1524405506883606,0.2440152973069097,2.0257221311766367,0.6415094339622647
glucose,5.0,7.5,SWV,7,0.24515292817489084,0.5403535311745528,2.067178000262864,-0.19409637907759625,0.09999999999999992,1.4,-0.00020389031517799663,0.12930013807780133,-0.12970278295115395,2.067178000262864,0.48460575719649557,0.15944931163954956,0.2530477337854501,2.0304738725644578,0.8571428571428568
glucose,5.0,7.5,SWV,8,0.2510423980255905,0.535653211356834,2.1182071242901372,-0.203632340060991,0.09999999999999992,1.4,0.0002179276022179481,0.15241678301526343,-0.1407367080351915,2.1182071242901372,0.4775969962453065,0.15944931163954945,0.251556069038791,2.077894914771464,0.9782608695652198
glucose,5.0,7.5,SWV,9,0.2516069697746878,0.5374229179580323,2.1529624519250024,-0.20735998505320882,0.09999999999999992,1.4,-6.247761903528112e-05,0.14777926485380952,-0.12841629236544308,2.1529624519250024,0.47058823529411764,0.15944931163954945,0.2523210148552495,2.1120214043832255,0.8958333333333346
glucose,5.0,8.0,SWV,0,0.25113380703516375,0.5400091414013551,2.155333673690489,-0.2654716015288163,0.09999999999999992,1.4,1.023977467457163e-05,0.17625137628035886,-0.1938876912118582,2.155333673690489,0.4565707133917395,0.16295369211514388,0.25773584213354833,2.1164977469031516,0.7884615384615371
glucose,5.0,8.0,SWV,1,0.24874609887013782,0.5403148279725624,2.1339529083911586,-0.20207625120006173,0.09999999999999992,1.4,-9.611534412683217e-05,0.14225419205391646,-0.11714667461574164,2.1339529083911586,0.4548185231539422,0.1612015018773466,0.25592166451561593,2.097147641541307,0.8399999999999992
glucose,5.0,8.0,SWV,2,0.2498721176096952,0.5414002483149559,2.173653373581389,-0.1859205931082544,0.09999999999999992,1.4,-5.575758415353361e-05,0.12070518112769113,-0.13580553273520135,2.173653373581389,0.45832290362953676,0.15769712140175207,0.2533880478218634,2.1381271032239946,0.8367346938775502
glucose,5.0,8.0,SWV,3,0.2546347106293861,0.5424446958621839,2.0854318470057756,-0.21621632034214233,0.09999999999999992,1.4,-0.0002512288525074678,0.15847133626960713,-0.21109686489174662,2.0854318470057756,0.4618272841051313,0.1612015018773466,0.25658259243083886,2.044687751893504,0.877551020408163
glucose,5.0,8.0,SWV,4,0.2526191871703148,0.5411808280975954,2.1719761343624016,-0.22156249401776168,0.09999999999999992,1.4,-0.00010185139823205097,0.150712985486596,-0.1384068709973278,2.1719761343624016,0.4530663329161452,0.15419274092615765,0.2481192636122037,2.1285988510846985,0.6923076923076951
glucose,5.0,8.0,SWV,5,0.25205719374656566,0.54217920801367,2.1371359201605378,-0.1952661845341009,0.09999999999999992,1.4,7.170833534281984e-05,0.18094568945371473,-0.12019125280816378,2.1371359201605378,0.4513141426783479,0.15944931163954934,0.25520581223808914,2.0963791437214763,0.6545454545454555
glucose,5.0,8.0,SWV,6,0.25239279167994666,0.5393524694348523,2.071857715817885,-0.19249485449560286,0.09999999999999992,1.4,3.127375795488822e-05,0.16034072410917957,-0.1338324587598318,2.071857715817885,0.46357947434292857,0.16645807259073842,0.26086723611870616,2.03300763203865,0.9
glucose,5.0,8.0,SWV,7,0.24660421575922517,0.5431357660016858,2.0582573379712175,-0.1952716266994691,0.09999999999999992,1.4,-0.00020533678338177977,0.13007256575270026,-0.1278654628634963,2.0582573379712175,0.4530663329161452,0.16821026282853568,0.2640091707531134,2.0213493976323256,0.7142857142857161
glucose,5.0,8.0,SWV,8,0.2525288686277386,0.5385374330106112,2.077720565498805,-0.20508015106736122,0.09999999999999992,1.4,0.00021900102590226213,0.153326765919888,-0.1415769445980778,2.077720565498805,0.46533166458072583,0.1612015018773466,0.25458304668627935,2.036167247993263,0.9574468085106365
glucose,5.0,8.0,SWV,9,0.2530968130637516,0.5408179833581822,2.131006649009129,-0.20861403638163653,0.09999999999999992,1.4,-6.307930400158649e-05,0.1521572950549525,-0.1291696248768734,2.131006649009129,0.47058823529411764,0.1612015018773466,0.2560465647178219,2.0905341970300824,0.9166666666666644
glucose,10.0,6.0,SWV,0,0.3802464932254857,0.8212425171829812,3.0523767481852655,-0.4027601730155593,0.09999999999999992,1.4,1.693303960323661e-05,0.26324844334943726,-0.29008380542284234,3.0523767481852655,0.5143929912390487,0.16120150187734672,0.38621703672043434,2.9912067051638385,0.8775510204081642
glucose,10.0,6.0,SWV,1,0.3766926831311483,0.8190945818023871,3.139579070806034,-0.30297787459614833,0.09999999999999992,1.4,-0.00014136348101731214,0.22287581979071558,-0.1787555489285163,3.139579070806034,0.4986232790988735,0.15419274092615765,0.3752841772561051,3.0820822874540332,0.6000000000000014
glucose,10.0,6.0,SWV,2,0.3783686236089951,0.823420530561817,3.128287382017673,-0.2791386768429624,0.09999999999999992,1.4,-8.129591627939245e-05,0.2268983022989728,-0.18926548409304267,3.128287382017673,0.49511889862327896,0.16120150187734672,0.3890284745601798,3.078548349002251,0.5333333333333338
glucose,10.0,6.0,SWV,3,0.3854571578765044,0.8234607933196191,3.0611470875251747,-0.3207913319435114,0.09999999999999992,1.4,-0.0003722308708958415,0.2122948669002278,-0.3126915999882044,3.0611470875251747,0.48110137672090103,0.16470588235294104,0.3937464743522441,2.9988975425876565,0.40298507462686534
glucose,10.0,6.0,SWV,4,0.3824572989661323,0.8204623705910403,3.066565503125655,-0.3205533280694716,0.09999999999999992,1.4,-0.00014990089244781333,0.1987019034738282,-0.21256332280118573,3.066565503125655,0.4933667083854817,0.1524405506883606,0.37153031370980144,3.005786033158054,0.5818181818181816
glucose,10.0,6.0,SWV,5,0.38162084083798864,0.8253236727594598,3.1402029657538577,-0.318589895126107,0.09999999999999992,1.4,0.00010842143612796013,0.27082248706093026,-0.1854807981471916,3.1402029657538577,0.5266583229036294,0.16120150187734672,0.38872337771598064,3.07890939707207,0.803921568627451
glucose,10.0,6.0,SWV,6,0.38212033710841126,0.8200476279068099,3.0395626539892184,-0.28909488474358386,0.09999999999999992,1.4,4.8239538111150125e-05,0.22982227550711673,-0.1991905598944016,3.0395626539892184,0.523153942428035,0.162953692115144,0.3893399562881145,2.9814177973523903,0.8979591836734657
glucose,10.0,6.0,SWV,7,0.3735047534117851,0.8268208873583343,3.0744083955155466,-0.2934686879045997,0.09999999999999992,1.4,-0.000303926167290186,0.1935973086916124,-0.20936651797190248,3.0744083955155466,0.4986232790988735,0.162953692115144,0.3912924051639037,3.0218231580204127,0.6034482758620703
glucose,10.0,6.0,SWV,8,0.38232287091792494,0.8203138907169211,3.083632805558337,-0.30452641784440704,0.09999999999999992,1.4,0.0003276485000545823,0.2297083568596089,-0.21222250080862737,3.083632805558337,0.5301627033792239,0.15068836045056333,0.36935322169459156,3.022349782176765,0.7200000000000015
glucose,10.0,6.0,SWV,9,0.3831681863962945,0.8207391426157113,3.0722083285506048,-0.31329194409735917,0.09999999999999992,1.4,-9.21933962499558e-05,0.21272684678629167,-0.1936815866847486,3.0722083285506048,0.5038798498122653,0.15944931163954945,0.3841229948834671,3.0136854920632734,0.6851851851851878
glucose,10.0,6.5,SWV,0,0.38253912992905365,0.8259390626133142,3.2037563897730816,-0.4088064947123305,0.09999999999999992,1.4,1.5822121532134432e-05,0.2671015815865865,-0.2943774961032393,3.2037563897730816,0.48460575719649557,0.15244055068836038,0.37360896247416714,3.140896592213416,0.6111111111111127
glucose,10.0,6.5,SWV,1,0.37892180950749216,0.8245810612835861,3.16977870583839,-0.30752784512703724,0.09999999999999992,1.4,-0.0001453033245391813,0.22013545991351013,-0.1826220235818663,3.16977870583839,0.4986232790988735,0.14017521902377972,0.3537368411988736,3.111663532738755,0.8604651162790681
glucose,10.0,6.5,SWV,2,0.380627700805819,0.8282932585397339,3.1881495923661776,-0.2832701727054985,0.09999999999999992,1.4,-8.416228919062195e-05,0.22422982841836592,-0.18914802513380763,3.1881495923661776,0.49511889862327896,0.14543178973717152,0.36525309917158666,3.1349352044808207,0.8444444444444427
glucose,10.0,6.5,SWV,3,0.38784291464227516,0.8287825929634592,3.2505600069854474,-0.32770005584868633,0.09999999999999992,1.4,-0.00038029655769221263,0.22346948935018796,-0.3191703480163881,3.2505600069854474,0.48110137672090103,0.14543178973717152,0.36416189481245514,3.18687804863489,0.5370370370370363
glucose,10.0,6.5,SWV,4,0.38478944509544066,0.8259111549625779,3.20201075335985,-0.3254389291356724,0.09999999999999992,1.4,-0.00015399330849865823,0.20948853450652544,-0.21068347733577988,3.20201075335985,0.48460575719649557,0.14893617021276606,0.3686810027855546,3.1381910268578634,0.7000000000000013
glucose,10.0,6.5,SWV,5,0.38393803858006814,0.8303283196677774,3.2176429426009543,-0.3192812484529894,0.09999999999999992,1.4,0.00010894551200596018,0.27477200382713307,-0.1852957028662395,3.2176429426009543,0.4775969962453065,0.15244055068836038,0.377546371534146,3.1577536861388538,0.5
glucose,10.0,6.5,SWV,6,0.3844464613746268,0.8248054327330666,3.081927029525235,-0.2934105742210293,0.09999999999999992,1.4,4.768810012246631e-05,0.2343279812737716,-0.2027502100071264,3.081927029525235,0.48460575719649557,0.15594493116395491,0.3793449185306997,3.0211232355630098,0.6181818181818198
glucose,10.0,6.5,SWV,7,0.3756769081283412,0.8316200968020651,3.2161043902971853,-0.2978713577361002,0.09999999999999992,1.4,-0.0003107711771337113,0.19705710676712443,-0.20742954223915255,3.2161043902971853,0.48460575719649557,0.15244055068836038,0.3768244917819807,3.159142077089344,0.6111111111111127
glucose,10.0,6.5,SWV,8,0.38465261467650913,0.8247114745806596,3.187902434296608,-0.31099982069199233,0.09999999999999992,1.4,0.00033209039432939623,0.2329228735629143,-0.21512461152091522,3.187902434296608,0.4775969962453065,0.15244055068836038,0.37353697987195295,3.1272244553027937,0.5
glucose,10.0,6.5,SWV,9,0.38551303683227955,0.8258145295141647,3.1313287491715993,-0.3180475853734918,0.09999999999999992,1.4,-9.52545185992475e-05,0.21841347062248068,-0.19625251335474936,3.1313287491715993,0.4723404255319147,0.15244055068836038,0.3737902972804016,3.0693273780810295,0.3809523809523795
glucose,10.0,7.0,SWV,0,0.38482907209407935,0.8306202896968446,3.2450919836859273,-0.41337021421865383,0.09999999999999992,1.4,1.5302569054679497e-05,0.2703718594771201,-0.2979541978354626,3.2450919836859273,0.48460575719649557,0.14367959949937403,0.3617486349039079,3.1841281322149677,0.8636363636363645
glucose,10.0,7.0,SWV,1,0.3811601140858479,0.8299765531361488,3.25347039768618,-0.3113129172703405,0.09999999999999992,1.4,-0.0001481229577992619,0.218584389494265,-0.18407740010287055,3.25347039768618,0.46883604505632037,0.1471839799749688,0.367140704711895,3.1948928322909906,0.6470588235294124
glucose,10.0,7.0,SWV,2,0.3828903571416917,0.8330544512623547,3.2024314235260345,-0.2867150006255284,0.09999999999999992,1.4,-8.610912846400494e-05,0.21637087594745852,-0.1920853599550778,3.2024314235260345,0.46883604505632037,0.15244055068836038,0.3782792954762787,3.1483351871820977,0.6111111111111127
glucose,10.0,7.0,SWV,3,0.39020856882915417,0.8339708017536513,3.3241741570283523,-0.3329612989476081,0.09999999999999992,1.4,-0.0003864707412905643,0.23389726361301094,-0.32435226494939434,3.3241741570283523,0.48110137672090103,0.14367959949937403,0.36361970000549954,3.260272265656215,0.8222222222222225
glucose,10.0,7.0,SWV,4,0.38711151071951805,0.8313399315740088,3.2433214281499536,-0.3294968884079469,0.09999999999999992,1.4,-0.00015693699209091218,0.21996174133990415,-0.2126788070050642,3.2433214281499536,0.48460575719649557,0.14893617021276606,0.37095847674785964,3.1785740490555487,0.7708333333333356
glucose,10.0,7.0,SWV,5,0.3862479502966656,0.8350161717726872,3.3250445942298588,-0.3152790398151605,0.09999999999999992,1.4,0.00010975530461995103,0.2780688721668741,-0.18530004734544875,3.3250445942298588,0.4775969962453065,0.1454317897371713,0.368408044770489,3.262785255402145,0.7291666666666657
glucose,10.0,7.0,SWV,6,0.3867636308740744,0.8295585143409523,3.1622380208042156,-0.29700516225362095,0.09999999999999992,1.4,4.7623437463859105e-05,0.23908679600166005,-0.20564441279423873,3.1622380208042156,0.47934918648310376,0.162953692115144,0.39289940608702933,3.0982392405174686,0.8235294117647062
glucose,10.0,7.0,SWV,7,0.3778688914366204,0.8362422148056967,3.2576162530701143,-0.30153666585103756,0.09999999999999992,1.4,-0.0003159528794348726,0.19987012365418894,-0.20494636826298704,3.2576162530701143,0.48460575719649557,0.15594493116395491,0.3852812308089896,3.1997329855864507,0.893617021276597
glucose,10.0,7.0,SWV,8,0.38697272703358415,0.8290320511712995,3.2948795373933946,-0.3159350760779945,0.09999999999999992,1.4,0.0003360856009676013,0.2356221441400868,-0.2175698780516464,3.2948795373933946,0.4775969962453065,0.14367959949937403,0.36155922783124556,3.233226895476369,0.7446808510638291
glucose,10.0,7.0,SWV,9,0.38784543179594266,0.8309498104009488,3.294015034269632,-0.32199987978437206,0.09999999999999992,1.4,-9.735970048282177e-05,0.22437628095547055,-0.19851008201319043,3.294015034269632,0.47058823529411764,0.14893617021276584,0.3701369667402344,3.2317018885760778,0.5740740740740751
glucose,10.0,7.5,SWV,0,0.38713166987953523,0.8353018508691697,3.2836990809307953,-0.4143992735417483,0.09999999999999992,1.4,1.4772857672075371e-05,0.2721649296315565,-0.29974517202876405,3.2836990809307953,0.4565707133917395,0.15944931163954945,0.3918584122930534,3.2243410212606594,0.5964912280701732
glucose,10.0,7.5,SWV,1,0.38344064444722037,0.835271560260216,3.3233631723860575,-0.3131929389680716,0.09999999999999992,1.4,-0.0001496356132218463,0.2198990517720521,-0.1827445077460499,3.3233631723860575,0.46883604505632037,0.15769712140175218,0.38876539105607183,3.2647481531186546,0.8367346938775515
glucose,10.0,7.5,SWV,2,0.38518129427446757,0.8376740430588755,3.328022812461056,-0.2884496182861792,0.09999999999999992,1.4,-8.724879366214428e-05,0.20344988508406336,-0.2023772562344195,3.328022812461056,0.45832290362953676,0.16120150187734672,0.3970190417542535,3.2736766396985733,0.6428571428571411
glucose,10.0,7.5,SWV,3,0.3925435222958528,0.8389616098979599,3.301892554722746,-0.33563220456613224,0.09999999999999992,1.4,-0.00038941697038878974,0.24148980248452812,-0.3263043036452432,3.301892554722746,0.48110137672090103,0.15944931163954945,0.3945060899188031,3.238884162287437,0.8958333333333346
glucose,10.0,7.5,SWV,4,0.3894278365282923,0.8366603627625003,3.275384863354951,-0.33341937471674554,0.09999999999999992,1.4,-0.00015850266066659536,0.22820724429177852,-0.2139580191103898,3.275384863354951,0.4530663329161452,0.1576971214017523,0.3898145317605662,3.209673947116825,0.5254237288135607
glucose,10.0,7.5,SWV,5,0.3885590821092073,0.8393396709905042,3.324308198282918,-0.30329129541785393,0.09999999999999992,1.4,0.0001097936914731082,0.27974025901021715,-0.18493060060236943,3.324308198282918,0.4775969962453065,0.15769712140175218,0.3917603631591375,3.2607668747966745,0.9565217391304369
glucose,10.0,7.5,SWV,6,0.38907786431437186,0.83428258385675,3.212955558917558,-0.29880378019251475,0.09999999999999992,1.4,4.72881241387779e-05,0.24359950265780803,-0.20688125704336638,3.212955558917558,0.46357947434292857,0.1524405506883606,0.37963506421988924,3.1514870964856736,0.6415094339622647
glucose,10.0,7.5,SWV,7,0.38012962631224717,0.8406471463457958,3.2145859281451465,-0.3033655061560213,0.09999999999999992,1.4,-0.00031847496970143705,0.20107227194584582,-0.20173182140691717,3.2145859281451465,0.48460575719649557,0.15944931163954956,0.3937047978625445,3.158944012693692,0.8571428571428568
glucose,10.0,7.5,SWV,8,0.3892882181098687,0.8333395589267074,3.293961709797409,-0.31845247631785656,0.09999999999999992,1.4,0.0003374852807603909,0.23703814640593862,-0.2188773316903495,3.293961709797409,0.4775969962453065,0.15944931163954945,0.3913371824076152,3.23240582025331,0.9782608695652198
glucose,10.0,7.5,SWV,9,0.39016617186827657,0.8360913303561929,3.348022937919745,-0.32395136424658894,0.09999999999999992,1.4,-9.856703370642202e-05,0.2298130698148958,-0.1996948860373844,3.348022937919745,0.47058823529411764,0.15944931163954945,0.3925181125555486,3.2854333434501064,0.8958333333333346
glucose,10.0,8.0,SWV,0,0.3894310623201268,0.840121814091157,3.351730889954953,-0.41386208180382067,0.09999999999999992,1.4,1.4514404036192422e-05,0.27411192037374593,-0.3015362871729341,3.351730889954953,0.4565707133917395,0.16295369211514388,0.40096421212293354,3.292545510485822,0.7884615384615371
glucose,10.0,8.0,SWV,1,0.38571796712969947,0.8405975039726157,3.318483555405355,-0.31507311103505514,0.09999999999999992,1.4,-0.00015087711486181594,0.22121385309914765,-0.1821949101103685,3.318483555405355,0.4548185231539422,0.1612015018773466,0.3981002960124158,3.262195474929614,0.8399999999999992
glucose,10.0,8.0,SWV,2,0.3874690248290545,0.8422842047657134,3.3802175229086693,-0.2901843709369763,0.09999999999999992,1.4,-8.811726562720775e-05,0.18773058129988907,-0.2112009573719078,3.3802175229086693,0.45832290362953676,0.15769712140175207,0.3941599372076968,3.325929148918117,0.8367346938775502
glucose,10.0,8.0,SWV,3,0.3948752738398858,0.8439087179708412,3.243019697412815,-0.3380174610273616,0.09999999999999992,1.4,-0.0003920921973307401,0.2464524392155184,-0.32825659728152007,3.243019697412815,0.4618272841051313,0.1612015018773466,0.3992117152296595,3.1811294602618014,0.877551020408163
glucose,10.0,8.0,SWV,4,0.39174095844418927,0.8419414378753253,3.377613968450153,-0.3460668380885064,0.09999999999999992,1.4,-0.0001597971810667619,0.23438730225130444,-0.21523736651552716,3.377613968450153,0.4530663329161452,0.15419274092615765,0.3860185834155343,3.311467397341224,0.6923076923076951
glucose,10.0,8.0,SWV,5,0.3908670094795124,0.8434939380357979,3.3234345742350757,-0.30511911618553705,0.09999999999999992,1.4,0.00011010339615964513,0.2814117741557186,-0.18689927562512243,3.3234345742350757,0.4513141426783479,0.15944931163954934,0.3970486132205024,3.261397985834527,0.6545454545454555
glucose,10.0,8.0,SWV,6,0.3913888936404862,0.8390992080390616,3.221907213006158,-0.3006025398907416,0.09999999999999992,1.4,4.7224089121525834e-05,0.24937209515818443,-0.20811823306855415,3.221907213006158,0.46357947434292857,0.16645807259073842,0.4058547073927588,3.162812390248575,0.9
glucose,10.0,8.0,SWV,7,0.38238715141525004,0.8449815452865658,3.2007712863643776,-0.30519449141690025,0.09999999999999992,1.4,-0.0003207260129513776,0.2022745473864226,-0.19887414924015534,3.2007712863643776,0.4530663329161452,0.16821026282853568,0.41076169425323694,3.144812138710957,0.7142857142857161
glucose,10.0,8.0,SWV,8,0.3916005052049876,0.8378325518450965,3.2310204669565783,-0.32070550732043057,0.09999999999999992,1.4,0.00033915642236790765,0.23845424996259723,-0.22018487580893745,3.2310204669565783,0.46533166458072583,0.1612015018773466,0.3960329843095924,3.167438924241097,0.9574468085106365
glucose,10.0,8.0,SWV,9,0.3924837085146213,0.8413786239278364,3.3138702466826286,-0.3259030066365378,0.09999999999999992,1.4,-9.950318085406424e-05,0.23662412124779122,-0.20086745298368325,3.3138702466826286,0.47058823529411764,0.1612015018773466,0.39831607958804777,3.2520174194497606,0.9166666666666644
copper,0.1,6.0,SWV,0,0.005129435646879366,0.0166965014151474,0.09519961200684868,-0.01411424363901336,0.09999999999999992,1.4,1.940248450668469e-06,0.006491984389327176,-0.00687173600653692,0.09519961200684868,-0.053316645807259144,0.0630788485607009,0.004675022724985028,0.09334612114818096,0.9999999999999964
copper,0.1,6.0,SWV,1,0.005060367930907686,0.016717505790065836,0.0960545566482454,-0.015912895490242548,0.09999999999999992,1.4,-1.1362184497284142e-06,0.006906554082812797,-0.004588576365602351,0.0960545566482454,-0.05506883604505641,0.0630788485607009,0.00468430039356941,0.09438745839449603,0.8947368421052587
copper,0.1,6.0,SWV,2,0.005092939559057934,0.016726275427560455,0.09584813329028259,-0.013240399366718064,0.09999999999999992,1.4,3.1184813332715595e-08,0.006865783404246366,-0.005445679427951319,0.09584813329028259,-0.05857321652065084,0.0630788485607009,0.0046849431853706516,0.09406597738800257,0.7142857142857139
copper,0.1,6.0,SWV,3,0.005230704059255615,0.016628782479113813,0.09629181361876439,-0.012127709484725357,0.09999999999999992,1.4,-5.623088284630643e-06,0.0073032505956751835,-0.006593148080367679,0.09629181361876439,-0.05682102628285357,0.06483103879849816,0.004732892563422401,0.09430447208673258,0.8500000000000013
copper,0.1,6.0,SWV,4,0.0051724022936359935,0.01669853995366507,0.09503555047159007,-0.013379290389153142,0.09999999999999992,1.4,-1.3021416398152224e-06,0.006100443328900897,-0.005865517352634372,0.09503555047159007,-0.053316645807259144,0.06483103879849816,0.004755324240071979,0.09326078443265347,0.9473684210526342
copper,0.1,6.0,SWV,5,0.005156145867185723,0.016667070241026077,0.09686532729935603,-0.014066075711744255,0.09999999999999992,1.4,3.7183104230688823e-06,0.006220179433317371,-0.00515551047369615,0.09686532729935603,-0.05857321652065084,0.06132665832290363,0.004602239862535514,0.09512751694020884,0.75
copper,0.1,6.0,SWV,6,0.0051658534952296175,0.016670716367463877,0.09392557579247064,-0.01359202194106496,0.09999999999999992,1.4,2.548685111495572e-06,0.006242994609569171,-0.006335930559448193,0.09392557579247064,-0.06032540675844811,0.06483103879849816,0.004745130028220681,0.09208335611488962,0.681818181818181
copper,0.1,6.0,SWV,7,0.0049984110399794125,0.016755924042905903,0.09513040920553312,-0.01471116783967013,0.09999999999999992,1.4,-4.295597579462606e-06,0.006827037540396829,-0.0053729445777447316,0.09513040920553312,-0.05506883604505641,0.0630788485607009,0.004711385979855206,0.09363772238131166,0.8947368421052587
copper,0.1,6.0,SWV,8,0.0051697897065799215,0.016576790386189526,0.09309609595840257,-0.013018137571038018,0.09999999999999992,1.4,7.978952433376548e-06,0.006121175156375117,-0.0063832822843755705,0.09309609595840257,-0.05682102628285357,0.0630788485607009,0.0046413754919820615,0.09126538839359515,0.8000000000000006
copper,0.1,6.0,SWV,9,0.005186218274178264,0.016733223297772024,0.09388298225063288,-0.013025175525222858,0.09999999999999992,1.4,-1.8060592152200618e-07,0.007292929077178,-0.005536102908701771,0.09388298225063288,-0.05682102628285357,0.06658322903629532,0.0048559147351888935,0.09208929700328153,0.8095238095238126
copper,0.1,6.5,SWV,0,0.005148273220620365,0.01678301535937649,0.09599932954881851,-0.013768344569320948,0.09999999999999992,1.4,1.937293333535815e-06,0.0070512687494925855,-0.007032146029356192,0.09599932954881851,-0.053316645807259144,0.0630788485607009,0.0046941376789515895,0.09412920333777954,0.7142857142857139
copper,0.1,6.5,SWV,1,0.005078860556880022,0.01678899849371362,0.09562006318976933,-0.01526815500076011,0.09999999999999992,1.4,-1.15453849355267e-06,0.007025917337757759,-0.0051038299982252445,0.09562006318976933,-0.05506883604505641,0.06483103879849816,0.004782935820754662,0.09391920341132372,0.681818181818181
copper,0.1,6.5,SWV,2,0.005111594858868461,0.016800558934417602,0.09498036550719063,-0.012996143108885349,0.09999999999999992,1.4,1.8695180215676364e-08,0.007129187594161902,-0.005723433985873317,0.09498036550719063,-0.051564455569461876,0.06132665832290363,0.004626743618815603,0.09319821157274039,0.8421052631578959
copper,0.1,6.5,SWV,3,0.005250047402043615,0.016711788114926015,0.09497447819487745,-0.012556039198490946,0.09999999999999992,1.4,-5.663817289227165e-06,0.006726457385226719,-0.006626234479428408,0.09497447819487745,-0.04806007509386734,0.0630788485607009,0.0046754176784748695,0.09298043848821479,0.9999999999999964
copper,0.1,6.5,SWV,4,0.005191454457489283,0.016772583860323792,0.09583444863420568,-0.013393024425287144,0.09999999999999992,1.4,-1.3212903607339432e-06,0.0061771900090136465,-0.006388770569429795,0.09583444863420568,-0.053316645807259144,0.06132665832290363,0.004620408096278834,0.09405566994006972,0.75
copper,0.1,6.5,SWV,5,0.005175116840891753,0.016751723414050058,0.09380840868466077,-0.013412111573372371,0.09999999999999992,1.4,3.7242355548528032e-06,0.006291665429530299,-0.005113834152049482,0.09380840868466077,-0.05857321652065084,0.0630788485607009,0.004693892498561346,0.09200174105023713,0.5000000000000013
copper,0.1,6.5,SWV,6,0.005184872952146445,0.01674598607542707,0.09442474960486302,-0.014373489568798466,0.09999999999999992,1.4,2.548768734902915e-06,0.006495919332489351,-0.006658850531028583,0.09442474960486302,-0.04981226533166461,0.06483103879849816,0.00476866404905508,0.09255560323743815,0.9473684210526342
copper,0.1,6.5,SWV,7,0.005016594232072571,0.016828964384186754,0.09469130023901837,-0.016170753620782224,0.09999999999999992,1.4,-4.329696641976505e-06,0.0062478659592651005,-0.005872292638486558,0.09469130023901837,-0.05506883604505641,0.06132665832290363,0.004646545048910291,0.09314134928416923,0.6666666666666656
copper,0.1,6.5,SWV,8,0.005188828822280931,0.01665661808992377,0.09466378232654774,-0.012483265088495676,0.09999999999999992,1.4,8.006156666892144e-06,0.006380860518325683,-0.006909121396120384,0.09466378232654774,-0.051564455569461876,0.0630788485607009,0.004650706477792295,0.09273843281071645,0.8000000000000006
copper,0.1,6.5,SWV,9,0.005205339439758233,0.016826415829798103,0.09444581006812773,-0.013602343399734486,0.09999999999999992,1.4,-1.9415330992144557e-07,0.006907524940060984,-0.005590379886017342,0.09444581006812773,-0.051564455569461876,0.06132665832290363,0.004641005004328094,0.09262980132796875,0.8421052631578959
copper,0.1,7.0,SWV,0,0.0051661602624569515,0.016884577904680283,0.09738363439521724,-0.014234722476332944,0.09999999999999992,1.4,1.9589837054859736e-06,0.007845060209084147,-0.007593864692929364,0.09738363439521724,-0.039299123904881106,0.06132665832290363,0.0046394807384218546,0.09548233973541574,0.75
copper,0.1,7.0,SWV,1,0.005094876483533121,0.016876895295351458,0.09665712258198232,-0.015069568449138258,0.09999999999999992,1.4,-1.216192761682841e-06,0.0068137386251117624,-0.005623986759593566,0.09665712258198232,-0.039299123904881106,0.05957446808510647,0.004572020245307351,0.09494866478166017,0.7894736842105242
copper,0.1,7.0,SWV,2,0.005128493184296812,0.016891155888555408,0.09655011029065766,-0.013090506967768012,0.09999999999999992,1.4,-1.1332937548332338e-08,0.007044521157904108,-0.00583225143933265,0.09655011029065766,-0.041051314142678375,0.06132665832290363,0.004656446678946564,0.09477345450037417,0.8421052631578959
copper,0.1,7.0,SWV,3,0.00527067790891794,0.01681254865893146,0.09599597314223694,-0.012412064322948219,0.09999999999999992,1.4,-5.847025457849124e-06,0.006395029170238355,-0.006937591268574867,0.09599597314223694,-0.039299123904881106,0.06132665832290363,0.0046391905766240095,0.0940782917195577,0.8421052631578898
copper,0.1,7.0,SWV,4,0.0052105055098045526,0.01686621399500334,0.09763403097373181,-0.0135963806309394,0.09999999999999992,1.4,-1.3874396580669166e-06,0.006543544977784258,-0.006933146149956123,0.09763403097373181,-0.03754693366708395,0.05957446808510647,0.004568979682625134,0.09583409199261778,0.7000000000000025
copper,0.1,7.0,SWV,5,0.005193727489960261,0.01685167640403136,0.10020795973389168,-0.012527170448853436,0.09999999999999992,1.4,3.794095447206716e-06,0.006184422414960922,-0.005440813293582572,0.10020795973389168,-0.039299123904881106,0.05957446808510647,0.004566949878332385,0.09838718474953974,0.7894736842105242
copper,0.1,7.0,SWV,6,0.0052037465908038386,0.016836285651681892,0.09795258915335617,-0.014504981722940137,0.09999999999999992,1.4,2.5869422793200483e-06,0.007124326567156836,-0.007024434007064526,0.09795258915335617,-0.04280350438047564,0.05957446808510636,0.004556392902597336,0.09610556854643229,0.8888888888888908
copper,0.1,7.0,SWV,7,0.005030931683077437,0.016920525557546976,0.09594493277637477,-0.016350693534672497,0.09999999999999992,1.4,-4.476941727420861e-06,0.00651980926733596,-0.0064027458358849425,0.09594493277637477,-0.03754693366708395,0.06132665832290363,0.0046639136193329135,0.09435086838747138,0.6666666666666707
copper,0.1,7.0,SWV,8,0.005207809096936335,0.016757679372864785,0.09827241254990525,-0.01270483516755493,0.09999999999999992,1.4,8.191441716205896e-06,0.006404740845484147,-0.007467523759082304,0.09827241254990525,-0.03579474342928668,0.06307884856070078,0.004684886601441339,0.09637220257219545,0.6363636363636369
copper,0.1,7.0,SWV,9,0.005224764781140453,0.01693533967766982,0.09960126424157449,-0.013713048233121243,0.09999999999999992,1.4,-2.2991905566598905e-07,0.00630728275133665,-0.005792673470265242,0.09960126424157449,-0.039299123904881106,0.05957446808510647,0.004592510256859938,0.09779130557462083,0.7894736842105242
copper,0.1,7.5,SWV,0,0.005183576300262112,0.01699790785477366,0.10097445141814167,-0.013728343984787124,0.09999999999999992,1.4,1.9929038183683485e-06,0.00825985234624219,-0.008110956312897696,0.10097445141814167,-0.039299123904881106,0.05782227784730909,0.00453292129203391,0.09909977127641467,0.9411764705882382
copper,0.1,7.5,SWV,1,0.005109664081678911,0.01697810193311263,0.10022115100739216,-0.014593973149750816,0.09999999999999992,1.4,-1.2993506134903828e-06,0.006323769003379215,-0.006056122012731393,0.10022115100739216,-0.039299123904881106,0.05957446808510636,0.004625707734991486,0.09848151501686449,0.8888888888888908
copper,0.1,7.5,SWV,2,0.005144520327691723,0.016995140467054366,0.09989639047269613,-0.012273218047928743,0.09999999999999992,1.4,-5.006411341994753e-08,0.00688615367153015,-0.006233829911183059,0.09989639047269613,-0.03754693366708395,0.06132665832290363,0.004703338225964996,0.09814869196336089,0.9444444444444472
copper,0.1,7.5,SWV,3,0.005291947815460274,0.016928046192739733,0.09953562307040052,-0.011957556611808766,0.09999999999999992,1.4,-6.100935541065726e-06,0.00706668078048036,-0.007356071403420969,0.09953562307040052,-0.039299123904881106,0.05782227784730909,0.004523615952928137,0.09758681123882548,0.9411764705882382
copper,0.1,7.5,SWV,4,0.005229556685485296,0.01697637873155452,0.10241838974651124,-0.013393542880112248,0.09999999999999992,1.4,-1.4769118795780962e-06,0.006613725667095172,-0.007425875161091829,0.10241838974651124,-0.03754693366708395,0.05782227784730909,0.004528186499979572,0.10056863151110322,0.9411764705882382
copper,0.1,7.5,SWV,5,0.005212160011391326,0.01696368284659803,0.10390291782289328,-0.012284907817790895,0.09999999999999992,1.4,3.895681452023223e-06,0.006741965213072416,-0.005915688012672112,0.10390291782289328,-0.039299123904881106,0.05957446808510636,0.0046200965823190695,0.10207189140903439,0.8888888888888908
copper,0.1,7.5,SWV,6,0.005222548545539451,0.01693880441738621,0.09956617628897463,-0.013739848589449488,0.09999999999999992,1.4,2.6440170459655573e-06,0.007361245635073645,-0.00721386551943114,0.09956617628897463,-0.03579474342928668,0.06132665832290363,0.004690026963544893,0.09773274970552089,0.8421052631578959
copper,0.1,7.5,SWV,7,0.005043361450983785,0.01702697817515087,0.10120745798955524,-0.015653617148438617,0.09999999999999992,1.4,-4.680332850109775e-06,0.006885735558904763,-0.006875917449224202,0.10120745798955524,-0.03579474342928668,0.05782227784730909,0.004548423848961909,0.09958266772427127,0.8333333333333345
copper,0.1,7.5,SWV,8,0.005226760848054747,0.016877967760169362,0.10420989243376688,-0.012249025794346897,0.09999999999999992,1.4,8.455170630726682e-06,0.006766424230628756,-0.00797995682241771,0.10420989243376688,-0.03579474342928668,0.05957446808510636,0.004592455800431177,0.10234636782945578,0.8888888888888908
copper,0.1,7.5,SWV,9,0.005244341737508737,0.017055374291752606,0.10414999503992554,-0.012918714215170634,0.09999999999999992,1.4,-2.767101356352731e-07,0.006290977977789311,-0.006021207322169007,0.10414999503992554,-0.03754693366708395,0.05607008760951182,0.004464735436446656,0.10226005923983648,0.999999999999996
copper,0.1,8.0,SWV,0,0.005202286179058114,0.017112303659601,0.10168340011617237,-0.012501964925987149,0.09999999999999992,1.4,1.9932773311247405e-06,0.008177363923476531,-0.008438044716850859,0.10168340011617237,-0.03229036295369214,0.0578222778473092,0.004576298404271507,0.09984472794983736,0.9411764705882346
copper,0.1,8.0,SWV,1,0.005127822887907685,0.017083495570212225,0.10034052180605732,-0.013374048023674649,0.09999999999999992,1.4,-1.3235233954671808e-06,0.006102446305257407,-0.0062347807240014826,0.10034052180605732,-0.039299123904881106,0.0578222778473092,0.004577009414661774,0.09858275333323592,0.6500000000000019
copper,0.1,8.0,SWV,2,0.0051629390141046195,0.017102925488933593,0.10183891485425232,-0.011366926868638046,0.09999999999999992,1.4,-6.492250148473853e-08,0.006793423266183252,-0.00660415994494698,0.10183891485425232,-0.03579474342928668,0.0578222778473092,0.004578572704528976,0.10001747239735378,0.8333333333333316
copper,0.1,8.0,SWV,3,0.005311465687443862,0.01704925732397925,0.100443618488635,-0.010899358619864559,0.09999999999999992,1.4,-6.160907840138893e-06,0.007257128012897372,-0.007462634511901992,0.100443618488635,-0.03754693366708395,0.05957446808510647,0.004656279812595309,0.09852077162058444,0.7894736842105242
copper,0.1,8.0,SWV,4,0.005248609383498644,0.01709295725715204,0.10380526658132484,-0.012346051272775967,0.09999999999999992,1.4,-1.5024085176726268e-06,0.006270999424127687,-0.007747855756940716,0.10380526658132484,-0.03754693366708395,0.0578222778473092,0.004571057383640436,0.10197371486231431,0.7368421052631553
copper,0.1,8.0,SWV,5,0.005231083003788499,0.017077900535534287,0.10404973903138028,-0.011229150481436839,0.09999999999999992,1.4,3.910241638857879e-06,0.008092853546368114,-0.006283646053332384,0.10404973903138028,-0.039299123904881106,0.0578222778473092,0.004585247003913333,0.10224963822302373,0.6500000000000019
copper,0.1,8.0,SWV,6,0.005241548992467045,0.01704550525618559,0.10215560168476386,-0.012376573592834374,0.09999999999999992,1.4,2.649245109765962e-06,0.007142904575788461,-0.0070361826399477564,0.10215560168476386,-0.03579474342928668,0.05607008760951193,0.004479342857061176,0.1003340495113649,0.8823529411764692
copper,0.1,8.0,SWV,7,0.0050610259199891415,0.017137088546374083,0.10380912040565883,-0.014304610771722846,0.09999999999999992,1.4,-4.729713461003079e-06,0.006793002036205928,-0.007247113431836344,0.10380912040565883,-0.03579474342928668,0.0578222778473092,0.004599028112033744,0.10225565638809953,0.8333333333333316
copper,0.1,8.0,SWV,8,0.005245792700944786,0.017010064880096817,0.10683394031317842,-0.011193000929847215,0.09999999999999992,1.4,8.503725324222265e-06,0.006672801150002518,-0.00830606852418404,0.10683394031317842,-0.03579474342928668,0.05607008760951193,0.004468120830319871,0.10496730605639201,0.7777777777777755
copper,0.1,8.0,SWV,9,0.005263504669482468,0.01717233300342469,0.10554978232706703,-0.011549317028796559,0.09999999999999992,1.4,-2.932583445133005e-07,0.006475641747835985,-0.005934293047477224,0.10554978232706703,-0.03754693366708395,0.0578222778473092,0.004590981653661948,0.10368910339941863,0.7368421052631553
copper,0.2,6.0,SWV,0,0.00880096284009964,0.033035420239328206,0.18707396588509886,-0.029855940588483388,0.09999999999999992,1.4,1.355217484995168e-06,0.012850040456912269,-0.013556689208877495,0.18707396588509886,-0.053316645807259144,0.06132665832290363,0.009089682082537551,0.1847137542439944,0.9444444444444472
copper,0.2,6.0,SWV,1,0.008665236558095112,0.0330774163834945,0.18876039608979736,-0.03339147048427759,0.09999999999999992,1.4,-4.690406121149277e-06,0.013666923485535186,-0.00905711043662695,0.18876039608979736,-0.05506883604505641,0.0630788485607009,0.009273220536676242,0.18689206112777942,0.8947368421052587
copper,0.2,6.0,SWV,2,0.008729243683934917,0.033093072141102436,0.18834296923107202,-0.028122738245938254,0.09999999999999992,1.4,-2.3963197702959116e-06,0.013584413516277802,-0.010762584282782692,0.18834296923107202,-0.05857321652065084,0.0630788485607009,0.009271280907813382,0.18619775788708848,0.7142857142857139
copper,0.2,6.0,SWV,3,0.008999967322917133,0.032901770802144945,0.1892248739672643,-0.025941361314594496,0.09999999999999992,1.4,-1.3507639353232122e-05,0.014441338173993741,-0.013009209080690923,0.1892248739672643,-0.05682102628285357,0.06483103879849816,0.009364731225200594,0.18665453798870602,0.8500000000000013
copper,0.2,6.0,SWV,4,0.008885397414668032,0.03303579590572904,0.1867515654424704,-0.02840787841729174,0.09999999999999992,1.4,-5.0164649370807234e-06,0.012077678742223298,-0.011611508465158285,0.1867515654424704,-0.053316645807259144,0.06483103879849816,0.009405484183908373,0.1845476328558043,0.9473684210526342
copper,0.2,6.0,SWV,5,0.008853451601928542,0.03297393403913534,0.19034187652062867,-0.02976224981957832,0.09999999999999992,1.4,4.849320877475975e-06,0.012319963330045515,-0.010198088397904467,0.19034187652062867,-0.05857321652065084,0.06132665832290363,0.009103100493536362,0.18820702626465072,0.75
copper,0.2,6.0,SWV,6,0.008872528246391797,0.03298202480366012,0.18454657506982075,-0.028825921235124074,0.09999999999999992,1.4,2.550867936838351e-06,0.012357808974530711,-0.01251412431604132,0.18454657506982075,-0.06032540675844811,0.0630788485607009,0.009244655348926096,0.18232509680190295,0.636363636363635
copper,0.2,6.0,SWV,7,0.008543483893598394,0.03314942659936102,0.18694433637711244,-0.030992900473352836,0.09999999999999992,1.4,-1.0898962125771673e-05,0.013505522843696001,-0.010623978164158318,0.18694433637711244,-0.05506883604505641,0.0630788485607009,0.009319838001257526,0.18531396801427535,0.8947368421052587
copper,0.2,6.0,SWV,8,0.008880263370164817,0.0327980189595092,0.18294490842511477,-0.027697900093780665,0.09999999999999992,1.4,1.3221989509640895e-05,0.012121169689380304,-0.012628978178017709,0.18294490842511477,-0.05682102628285357,0.0630788485607009,0.00917918436490997,0.1806015453950892,0.8000000000000006
copper,0.2,6.0,SWV,9,0.008912547460747707,0.03310637784221068,0.1844912336409152,-0.02771579212903413,0.09999999999999992,1.4,-2.8125137706394793e-06,0.014426182820312633,-0.010946150887054182,0.1844912336409152,-0.05682102628285357,0.06658322903629532,0.00960297959012338,0.18223674011448293,0.8095238095238126
copper,0.2,6.5,SWV,0,0.008838336524109902,0.03320944893378279,0.1886610326773278,-0.029169835118672646,0.09999999999999992,1.4,1.3494785042999017e-06,0.01393620337257806,-0.01391434969231414,0.1886610326773278,-0.053316645807259144,0.0630788485607009,0.009287511110906276,0.186296377948207,0.7142857142857139
copper,0.2,6.5,SWV,1,0.008701918055782722,0.03322184224886876,0.18789851526046578,-0.032112593912734105,0.09999999999999992,1.4,-4.726976993135439e-06,0.013904005871969848,-0.010079757237131993,0.18789851526046578,-0.05506883604505641,0.06483103879849816,0.009469771267617241,0.18597681243757608,0.681818181818181
copper,0.2,6.5,SWV,2,0.00876625160960983,0.033242997747864,0.18666732099658376,-0.027650423529164414,0.09999999999999992,1.4,-2.421191101326661e-06,0.014107319080369371,-0.011313946461363189,0.18666732099658376,-0.051564455569461876,0.06132665832290363,0.009155513085667793,0.1844970385434988,0.8421052631578959
copper,0.2,6.5,SWV,3,0.009038355903814856,0.03306888294299599,0.18664907281110038,-0.026791340763325303,0.09999999999999992,1.4,-1.3589176963839219e-05,0.013297143553675068,-0.013075296198930938,0.18664907281110038,-0.04806007509386734,0.0630788485607009,0.009247317176112374,0.1839869387097887,0.9999999999999964
copper,0.2,6.5,SWV,4,0.008923201703987835,0.033185247075365853,0.188336988034523,-0.02843530523411322,0.09999999999999992,1.4,-5.054698666469537e-06,0.01223633408398727,-0.01264990758516818,0.188336988034523,-0.053316645807259144,0.06132665832290363,0.00913687620862768,0.18607247727923418,0.75
copper,0.2,6.5,SWV,5,0.008891092971773078,0.03314429445867333,0.18427656274564627,-0.028464864696346147,0.09999999999999992,1.4,4.861401368017106e-06,0.012461315530980996,-0.010115554104161317,0.18427656274564627,-0.05857321652065084,0.0630788485607009,0.009276003958431357,0.1818618388677064,0.5000000000000013
copper,0.2,6.5,SWV,6,0.008910266904633129,0.033133891222268355,0.18557604021434168,-0.03035735745580471,0.09999999999999992,1.4,2.5512266173860595e-06,0.012850141447110136,-0.013147184028892131,0.18557604021434168,-0.04981226533166461,0.06483103879849816,0.009441889229437098,0.18332616981279298,0.9473684210526342
copper,0.2,6.5,SWV,7,0.008579544468588746,0.03329690062326895,0.18607319388028598,-0.03388956607508902,0.09999999999999992,1.4,-1.0967195823014336e-05,0.012356555687339402,-0.011634860409805034,0.18607319388028598,-0.05506883604505641,0.06132665832290363,0.009186661570212579,0.18423260365254082,0.6666666666666656
copper,0.2,6.5,SWV,8,0.00891804147652777,0.03295886662138051,0.1860451320432394,-0.026647332138372337,0.09999999999999992,1.4,1.3276769517369877e-05,0.012636612900943485,-0.013672566260758724,0.1860451320432394,-0.051564455569461876,0.0630788485607009,0.009194347034847217,0.1834481697515231,0.8000000000000006
copper,0.2,6.5,SWV,9,0.00895049021175878,0.03329357073189849,0.18561674563607444,-0.028841804333774937,0.09999999999999992,1.4,-2.8395076367484716e-06,0.013661721756197412,-0.011051161849112132,0.18561674563607444,-0.051564455569461876,0.06132665832290363,0.009172695528481592,0.18320307420911403,0.8421052631578959
copper,0.2,7.0,SWV,0,0.008873817095304316,0.03341351309667443,0.19146485531480154,-0.030088020128036692,0.09999999999999992,1.4,1.3928243973461581e-06,0.0155121312134242,-0.015029443954097752,0.19146485531480154,-0.039299123904881106,0.05957446808510647,0.009028428626146097,0.1891431073704755,0.7894736842105242
copper,0.2,7.0,SWV,1,0.008733666868803691,0.033398982096684224,0.1900364687068321,-0.03172940129424591,0.09999999999999992,1.4,-4.849853919815711e-06,0.013483569314784723,-0.011112503431359479,0.1900364687068321,-0.039299123904881106,0.05957446808510647,0.009050775925964552,0.18804957998805347,0.7894736842105242
copper,0.2,7.0,SWV,2,0.008799760281601987,0.03342543275825069,0.18974958519341786,-0.027837976138904413,0.09999999999999992,1.4,-2.480992731432499e-06,0.013939922788497996,-0.011530426365611433,0.18974958519341786,-0.041051314142678375,0.06132665832290363,0.009213523169127226,0.18756476338694905,0.8421052631578959
copper,0.2,7.0,SWV,3,0.009079308050553358,0.03327132042408291,0.1887365903175272,-0.02650451267533796,0.09999999999999992,1.4,-1.395448138278574e-05,0.01265329701949533,-0.013697587855710555,0.1887365903175272,-0.039299123904881106,0.06132665832290363,0.00917338412397224,0.18616915323332403,0.8421052631578898
copper,0.2,7.0,SWV,4,0.00896100378144554,0.03337358957287887,0.19192780554003724,-0.0288309492052727,0.09999999999999992,1.4,-5.186540493929591e-06,0.012957431051864726,-0.013730412746032764,0.19192780554003724,-0.03754693366708395,0.05957446808510647,0.009036912138121706,0.18962868839446256,0.7000000000000025
copper,0.2,7.0,SWV,5,0.008928016707571103,0.0333450929863688,0.1970177292210745,-0.02672878723436709,0.09999999999999992,1.4,5.00081670834488e-06,0.012248892438308616,-0.010793315947246883,0.1970177292210745,-0.039299123904881106,0.05957446808510647,0.009025328538135738,0.19455019565783338,0.7894736842105242
copper,0.2,7.0,SWV,6,0.008947715147717777,0.03331567386086227,0.19252245335994472,-0.030618958857688332,0.09999999999999992,1.4,2.6274466029098734e-06,0.014097674954907026,-0.013873481650002607,0.19252245335994472,-0.04280350438047564,0.05957446808510636,0.009027723838256712,0.19039785857423622,0.8888888888888908
copper,0.2,7.0,SWV,7,0.008607945724348412,0.03348120514412578,0.18860688879691204,-0.034247791845703326,0.09999999999999992,1.4,-1.1260775352560824e-05,0.012906570418805899,-0.012687598724731963,0.18860688879691204,-0.03754693366708395,0.06132665832290363,0.009229808461930626,0.18680722309944398,0.6666666666666707
copper,0.2,7.0,SWV,8,0.008955702394791732,0.03316183871221543,0.19314731721485925,-0.027080126101055094,0.09999999999999992,1.4,1.3646389164042447e-05,0.01268033570413353,-0.014781046481877794,0.19314731721485925,-0.03579474342928668,0.06307884856070078,0.009263135768005411,0.19060682054683056,0.6363636363636369
copper,0.2,7.0,SWV,9,0.008989038772542122,0.033512142587200915,0.19582491211809772,-0.02906194743591532,0.09999999999999992,1.4,-2.910752410655109e-06,0.01247137337055382,-0.011450420419473403,0.19582491211809772,-0.039299123904881106,0.05957446808510647,0.009081447499334932,0.19347709247112932,0.7894736842105242
copper,0.2,7.5,SWV,0,0.008908374902602744,0.03364101504061098,0.19858994106107683,-0.029083237609378844,0.09999999999999992,1.4,1.4601304481048753e-06,0.01633518332810001,-0.01605548401891682,0.19858994106107683,-0.039299123904881106,0.05782227784730909,0.00897756061802447,0.19633033128246813,0.9411764705882382
copper,0.2,7.5,SWV,1,0.008763009189533918,0.03360259450596677,0.19710839912575565,-0.030785700385225163,0.09999999999999992,1.4,-5.014860050961342e-06,0.012511346128354788,-0.01196996865805814,0.19710839912575565,-0.039299123904881106,0.05957446808510636,0.009160877156015637,0.19511019201935645,0.8888888888888908
copper,0.2,7.5,SWV,2,0.008831562172432831,0.03363447800458948,0.19646107577629549,-0.0262162689908769,0.09999999999999992,1.4,-2.5578451433981443e-06,0.013633482699719777,-0.012361287703183864,0.19646107577629549,-0.03754693366708395,0.06132665832290363,0.009302159591624318,0.19424886272900435,0.9444444444444472
copper,0.2,7.5,SWV,3,0.009121512904479882,0.03350305740343412,0.1957601476553007,-0.025604264208920712,0.09999999999999992,1.4,-1.4458302965231246e-05,0.013986023049266806,-0.01452795788705872,0.1957601476553007,-0.039299123904881106,0.05782227784730909,0.008953697145011095,0.19325854332225956,0.9411764705882382
copper,0.2,7.5,SWV,4,0.008998806114292369,0.03359472878977905,0.2014211788529539,-0.028428467998907022,0.09999999999999992,1.4,-5.364075925589581e-06,0.013096687222780866,-0.014708111256317803,0.2014211788529539,-0.03754693366708395,0.05782227784730909,0.008962782850655469,0.19911605819985695,0.9411764705882382
copper,0.2,7.5,SWV,5,0.008964591474505184,0.03356986239714299,0.20434945708271554,-0.026248077131786306,0.09999999999999992,1.4,5.2023889383745316e-06,0.013310361256635594,-0.011735587043393038,0.20434945708271554,-0.039299123904881106,0.05957446808510636,0.009132108809835596,0.2018738532650953,0.8888888888888908
copper,0.2,7.5,SWV,6,0.008985022963413638,0.03352175476285554,0.1957958164356681,-0.029100741931391935,0.09999999999999992,1.4,2.7406973209781235e-06,0.014567782081797064,-0.014249361501312771,0.1957958164356681,-0.03579474342928668,0.06132665832290363,0.00928008564109407,0.19348194819645181,0.8421052631578959
copper,0.2,7.5,SWV,7,0.00863260951578463,0.033695065316080734,0.19902378184281036,-0.03286461665412116,0.09999999999999992,1.4,-1.1664354588132547e-05,0.013632660383178653,-0.013626490429940581,0.19902378184281036,-0.03579474342928668,0.05782227784730909,0.00900531094052443,0.1972082682443686,0.8333333333333345
copper,0.2,7.5,SWV,8,0.008993307444255036,0.03340295779696027,0.20492877336236429,-0.026177506716985165,0.09999999999999992,1.4,1.416969378183167e-05,0.0133980066730819,-0.015797842796527593,0.20492877336236429,-0.03579474342928668,0.05957446808510636,0.00908425354754717,0.20249847582083214,0.8888888888888908
copper,0.2,7.5,SWV,9,0.009027884386753204,0.0337528453968908,0.20482678678971972,-0.027485788597147193,0.09999999999999992,1.4,-3.0035977031925786e-06,0.012460421555980067,-0.01190388916498325,0.20482678678971972,-0.03754693366708395,0.05607008760951182,0.008838393835276223,0.20246329887584238,0.999999999999996
copper,0.2,8.0,SWV,0,0.00894549648770892,0.03387074853994037,0.19999358106577556,-0.026649965810162834,0.09999999999999992,1.4,1.4609631096888948e-06,0.016171757804698546,-0.01670465987663631,0.19999358106577556,-0.03229036295369214,0.0578222778473092,0.009062970620646028,0.1977812756069456,0.9411764705882346
copper,0.2,8.0,SWV,1,0.00879903164056831,0.03381457757494582,0.19734524996016994,-0.02836530118714306,0.09999999999999992,1.4,-5.0629858577931035e-06,0.012092105317464644,-0.012324658773592567,0.19734524996016994,-0.039299123904881106,0.0578222778473092,0.009067440135560672,0.19534518825153,0.6500000000000019
copper,0.2,8.0,SWV,2,0.00886810296384912,0.033851174950595204,0.20031106423917125,-0.02434427322382985,0.09999999999999992,1.4,-2.5873930562907045e-06,0.013449629173388811,-0.013096132247623037,0.20031106423917125,-0.03579474342928668,0.0578222778473092,0.009058184361715533,0.19797250837975183,0.8333333333333316
copper,0.2,8.0,SWV,3,0.009160246061083283,0.033746228523019055,0.19756114288224366,-0.023504545191629138,0.09999999999999992,1.4,-1.4577832197553962e-05,0.014364090490737405,-0.014739686123125088,0.19756114288224366,-0.03754693366708395,0.05957446808510647,0.00921388545324864,0.19506316698702225,0.7894736842105242
copper,0.2,8.0,SWV,4,0.009036611464667691,0.03382876390388566,0.2041733039407937,-0.026350103251103825,0.09999999999999992,1.4,-5.414842211101699e-06,0.012416762093847417,-0.015347099406912236,0.2041733039407937,-0.03754693366708395,0.05607008760951193,0.008883628913115522,0.2018843691353593,0.7777777777777755
copper,0.2,8.0,SWV,5,0.009002138122360153,0.033799241419319385,0.20464105874762661,-0.024153226089923315,0.09999999999999992,1.4,5.23151743207229e-06,0.015991175621541648,-0.01246570056220453,0.20464105874762661,-0.039299123904881106,0.0578222778473092,0.009064807237083994,0.20223197948278848,0.6500000000000019
copper,0.2,8.0,SWV,6,0.00902272409711759,0.0337363112099564,0.2009339683239318,-0.02639586606361122,0.09999999999999992,1.4,2.7512125593641953e-06,0.014134721965294202,-0.013897058815063035,0.2009339683239318,-0.03579474342928668,0.05607008760951193,0.00886667111462549,0.1986743799090505,0.8823529411764692
copper,0.2,8.0,SWV,7,0.008667645993432711,0.033916344956740306,0.2041863409085758,-0.030188200062344052,0.09999999999999992,1.4,-1.1762758317121275e-05,0.013448800639177024,-0.014360783362566805,0.2041863409085758,-0.03579474342928668,0.0578222778473092,0.009098606187555553,0.20237812119449847,0.8333333333333316
copper,0.2,8.0,SWV,8,0.009031071218281575,0.03366759408488155,0.21013598104048634,-0.024082122080605763,0.09999999999999992,1.4,1.4266625542733681e-05,0.013212372673773478,-0.01644507058657798,0.21013598104048634,-0.03579474342928668,0.05607008760951193,0.008838452594185272,0.20767551193372297,0.7777777777777755
copper,0.2,8.0,SWV,9,0.009065909602730501,0.0339876323113485,0.20760466223945312,-0.0247687018015174,0.09999999999999992,1.4,-3.036516024524068e-06,0.012826953673571048,-0.011761628873938043,0.20760466223945312,-0.03754693366708395,0.0578222778473092,0.009078936951707124,0.20512571840988525,0.7368421052631553
copper,0.5,6.0,SWV,0,0.019476634217309358,0.08055044938604608,0.45421631793108774,-0.07562795171848082,0.09999999999999992,1.4,-3.4587255365503685e-07,0.031337311176505886,-0.03299447621260625,0.45421631793108774,-0.053316645807259144,0.06132665832290363,0.022153593872007254,0.45031386911488835,0.9444444444444472
copper,0.5,6.0,SWV,1,0.019147085335609323,0.0806534632341756,0.458320452312156,-0.08421378854385636,0.09999999999999992,1.4,-1.5024890273434492e-05,0.03332399759498958,-0.022050232581606148,0.458320452312156,-0.05506883604505641,0.0630788485607009,0.02258155823778916,0.45531481527086787,0.8947368421052587
copper,0.5,6.0,SWV,2,0.019302497216269535,0.08068916426015685,0.4572894921973675,-0.07139600052551691,0.09999999999999992,1.4,-9.45475617500094e-06,0.033120122611261515,-0.026222507629907688,0.4572894921973675,-0.05857321652065084,0.0630788485607009,0.022591434606843517,0.4538428204259845,0.7142857142857139
copper,0.5,6.0,SWV,3,0.019959825120332935,0.08022512990291117,0.45944561867290235,-0.06610721048144472,0.09999999999999992,1.4,-3.6433487845011676e-05,0.0351967005171046,-0.03166514029701543,0.45944561867290235,-0.05682102628285357,0.06483103879849816,0.02281412251782678,0.4548936718830494,0.8500000000000013
copper,0.5,6.0,SWV,4,0.019681644766591955,0.08054604840327334,0.4534335166654916,-0.07210638822218701,0.09999999999999992,1.4,-1.581657421682189e-05,0.029457640174806884,-0.028319082623112415,0.4534335166654916,-0.053316645807259144,0.06483103879849816,0.022932109202867604,0.4500648501154718,0.9473684210526342
copper,0.5,6.0,SWV,5,0.0196040790460269,0.08039582804397026,0.4621429196409445,-0.07540189453312654,0.09999999999999992,1.4,8.137951275674904e-06,0.030056258045147347,-0.024860353439063954,0.4621429196409445,-0.05857321652065084,0.06132665832290363,0.022205314851188807,0.4590997652820029,0.75
copper,0.5,6.0,SWV,6,0.01965039790746336,0.08041682598584851,0.4480445575839617,-0.07312141302861899,0.09999999999999992,1.4,2.557214921296495e-06,0.030137807666495785,-0.030478410777519754,0.4480445575839617,-0.06032540675844811,0.0630788485607009,0.022549315551221784,0.4447698608246789,0.636363636363635
copper,0.5,6.0,SWV,7,0.018851464960275125,0.08082319079088676,0.45391098615293535,-0.07833516920821482,0.09999999999999992,1.4,-3.0099514421962646e-05,0.03292450318713513,-0.02589236813080706,0.45391098615293535,-0.05506883604505641,0.0630788485607009,0.02271982035979624,0.45188062887754815,0.8947368421052587
copper,0.5,6.0,SWV,8,0.019669179099665514,0.07997092289575071,0.44419760928986235,-0.07038213265990924,0.09999999999999992,1.4,2.846712808524032e-05,0.02956730763919535,-0.03078954008414638,0.44419760928986235,-0.05682102628285357,0.0630788485607009,0.02238054612532499,0.44047155896373064,0.8000000000000006
copper,0.5,6.0,SWV,9,0.019747566172465016,0.08072095959696808,0.4479521492218897,-0.07043158502319301,0.09999999999999992,1.4,-1.046529197807317e-05,0.03516748985804255,-0.026676905777955784,0.4479521492218897,-0.05682102628285357,0.06658322903629532,0.02342648830649401,0.44466572373816826,0.8095238095238126
copper,0.5,6.5,SWV,0,0.019567905206564092,0.08097892522729401,0.4580927540817623,-0.07395263071601835,0.09999999999999992,1.4,-3.5970615301686957e-07,0.033955474815088094,-0.033925680343068775,0.4580927540817623,-0.053316645807259144,0.0630788485607009,0.022636458766133977,0.45417651213942467,0.7142857142857139
copper,0.5,6.5,SWV,1,0.019236654475669038,0.0810099446808964,0.4562158605121829,-0.08109103936447384,0.09999999999999992,1.4,-1.511452893807613e-05,0.03390337099452499,-0.02454822259333777,0.4562158605121829,-0.05506883604505641,0.06483103879849816,0.023068443308364127,0.45320156107400017,0.681818181818181
copper,0.5,6.5,SWV,2,0.019392868930996267,0.08105902088555121,0.45326477618881905,-0.07026056198197582,0.09999999999999992,1.4,-9.515629673811449e-06,0.03439757832488036,-0.027569436582402948,0.45326477618881905,-0.051564455569461876,0.06132665832290363,0.02232902332638239,0.4500514137299635,0.8421052631578959
copper,0.5,6.5,SWV,3,0.02005359139358047,0.08063678029770593,0.4532105863875023,-0.06818321762107442,0.09999999999999992,1.4,-3.6633684325403466e-05,0.03240267718193258,-0.031827183352561364,0.4532105863875023,-0.04806007509386734,0.0630788485607009,0.022539427843446386,0.4485810079957712,0.9999999999999964
copper,0.5,6.5,SWV,4,0.01977397446688363,0.08091474762986214,0.45730591029083023,-0.0721736294320844,0.09999999999999992,1.4,-1.5910301278531564e-05,0.02985446070198751,-0.03085536752323824,0.45730591029083023,-0.053316645807259144,0.06132665832290363,0.02227337573721101,0.4536942636751731,0.75
copper,0.5,6.5,SWV,5,0.019696008183104935,0.08081538047562821,0.4473301183998964,-0.07223363916160831,0.09999999999999992,1.4,8.167929655525699e-06,0.030400759672122288,-0.024659016734147998,0.4473301183998964,-0.05857321652065084,0.0630788485607009,0.022628287033444466,0.4436057142048434,0.5000000000000013
copper,0.5,6.5,SWV,6,0.019742566243402104,0.08079139831274243,0.4506159467557489,-0.07683352715802284,0.09999999999999992,1.4,2.558373383375625e-06,0.031326264211161386,-0.03201326143037231,0.4506159467557489,-0.04981226533166461,0.06483103879849816,0.023023632504517583,0.447157898402836,0.9473684210526342
copper,0.5,6.5,SWV,7,0.018939507463997318,0.08118708282811181,0.45178362308335623,-0.08541042074991953,0.09999999999999992,1.4,-3.026700113403199e-05,0.030118745819740056,-0.02839063439102337,0.45178362308335623,-0.05506883604505641,0.06132665832290363,0.022394122974769115,0.44919903340222783,0.6666666666666656
copper,0.5,6.5,SWV,8,0.019761444425030122,0.0803673352206992,0.45175397968100417,-0.06783208094493676,0.09999999999999992,1.4,2.8602089959528367e-05,0.03082641598270912,-0.03333858286716866,0.45175397968100417,-0.051564455569461876,0.0630788485607009,0.022418806447339127,0.44740948404630126,0.8000000000000006
copper,0.5,6.5,SWV,9,0.019840236302652678,0.08118145479324602,0.4507137736721039,-0.07315346766506177,0.09999999999999992,1.4,-1.0531384063983971e-05,0.03330084788311716,-0.026929435557187784,0.4507137736721039,-0.051564455569461876,0.06132665832290363,0.022356949918145852,0.44668446012326013,0.8421052631578959
copper,0.5,7.0,SWV,0,0.01965454234773742,0.08148100862436673,0.4650240976809774,-0.07618453176145218,0.09999999999999992,1.4,-2.5339266786031724e-07,0.03780561459527458,-0.03664982057503355,0.4650240976809774,-0.039299123904881106,0.05957446808510647,0.021998058641610474,0.4610570497450266,0.7894736842105242
copper,0.5,7.0,SWV,1,0.01931414968135966,0.08144655849155179,0.46155487513139537,-0.08017106910540509,0.09999999999999992,1.4,-1.541542251807899e-05,0.032877384704756846,-0.0270714211384942,0.46155487513139537,-0.039299123904881106,0.05957446808510647,0.022052357402821843,0.45840149772291305,0.7894736842105242
copper,0.5,7.0,SWV,2,0.019474675379920103,0.08150847362150114,0.4607449814491359,-0.07071907880574717,0.09999999999999992,1.4,-9.662003516726468e-06,0.033989629068224864,-0.028098965766637424,0.4607449814491359,-0.041051314142678375,0.06132665832290363,0.022467466317504625,0.4574282394154821,0.8421052631578959
copper,0.5,7.0,SWV,3,0.020153632616231727,0.08113483866662519,0.4583977694887559,-0.06748101634613272,0.09999999999999992,1.4,-3.752846861067832e-05,0.030850414304257695,-0.03335357793215124,0.4583977694887559,-0.039299123904881106,0.06132665832290363,0.022359700346638818,0.4539781641358595,0.8421052631578898
copper,0.5,7.0,SWV,4,0.01986629875590933,0.08137846280329035,0.46610508850975607,-0.07312838705987261,0.09999999999999992,1.4,-1.62331567705148e-05,0.031607038251883296,-0.033494772540778726,0.46610508850975607,-0.03754693366708395,0.05957446808510647,0.022032554549338404,0.4624261827897771,0.7000000000000025
copper,0.5,7.0,SWV,5,0.019786180740316475,0.08130938198221761,0.4785107512684215,-0.06802271911839909,0.09999999999999992,1.4,8.50959083688509e-06,0.029882505275427296,-0.026356746740209235,0.4785107512684215,-0.039299123904881106,0.05957446808510647,0.02200738454820123,0.47447255196764615,0.7894736842105242
copper,0.5,7.0,SWV,6,0.01983402372089831,0.08123916551659736,0.4675025200529484,-0.07747344621872539,0.09999999999999992,1.4,2.7452207130402617e-06,0.034374026420826764,-0.033788404796391794,0.4675025200529484,-0.04280350438047564,0.05957446808510636,0.022000050366765306,0.4640852471777822,0.8888888888888908
copper,0.5,7.0,SWV,7,0.019008801936659395,0.08164103649914721,0.4580393455335512,-0.08628704693470067,0.09999999999999992,1.4,-3.0986076201044726e-05,0.031477306690003176,-0.030962017124610233,0.4580393455335512,-0.03754693366708395,0.06132665832290363,0.022503881640871914,0.45560689200379906,0.6666666666666707
copper,0.5,7.0,SWV,8,0.01985342290701742,0.08086660700968855,0.46901434770218714,-0.06887904896923247,0.09999999999999992,1.4,2.9507697896982545e-05,0.030927834600821796,-0.03604652024508318,0.46901434770218714,-0.03579474342928668,0.06307884856070078,0.022589637454650605,0.46483977450992436,0.6363636363636369
copper,0.5,7.0,SWV,9,0.019934389301386975,0.08171882191595063,0.47561367286675765,-0.07369182357942425,0.09999999999999992,1.4,-1.0705790935161826e-05,0.030394652247969882,-0.027901407702555586,0.47561367286675765,-0.039299123904881106,0.05957446808510647,0.02213972285139522,0.47179973039020145,0.7894736842105242
copper,0.5,7.5,SWV,0,0.019738943146331654,0.08204045990670868,0.4824257494074573,-0.07373054368703783,0.09999999999999992,1.4,-8.901058235349446e-08,0.0398157611061174,-0.03915572611795699,0.4824257494074573,-0.039299123904881106,0.05782227784730909,0.021877777593320713,0.4786417342847016,0.9411764705882382
copper,0.5,7.5,SWV,1,0.019385812656989253,0.08194791312717181,0.47882670519299697,-0.07786626111606594,0.09999999999999992,1.4,-1.5818418261453853e-05,0.030502916537899126,-0.029165615057546695,0.47882670519299697,-0.039299123904881106,0.05957446808510636,0.022331187382831953,0.4757985636989447,0.8888888888888908
copper,0.5,7.5,SWV,2,0.019552345382526204,0.08202297945456803,0.47724146842829956,-0.0667583709634492,0.09999999999999992,1.4,-9.849700753642544e-06,0.03325263941245578,-0.030178049590693923,0.47724146842829956,-0.03754693366708395,0.06132665832290363,0.022672138601258243,0.4736463283730803,0.9444444444444472
copper,0.5,7.5,SWV,3,0.02025670985562919,0.08170453478857066,0.47555145760216405,-0.0652846909143693,0.09999999999999992,1.4,-3.87589559370357e-05,0.03410534133850737,-0.0353815970471746,0.47555145760216405,-0.039299123904881106,0.05782227784730909,0.021834830624429445,0.47143939798828743,0.9411764705882382
copper,0.5,7.5,SWV,4,0.019958623684208317,0.0819222548423283,0.48929082717784084,-0.07214540411355644,0.09999999999999992,1.4,-1.6666752920915274e-05,0.0319471446693131,-0.03588261313320559,0.48929082717784084,-0.03754693366708395,0.05782227784730909,0.021862627419436318,0.48575509200890626,0.9411764705882382
copper,0.5,7.5,SWV,5,0.019875507574943944,0.08186200362233355,0.4964170866228139,-0.06684867713709602,0.09999999999999992,1.4,9.001892244842103e-06,0.0324092359063807,-0.02865806268656622,0.4964170866228139,-0.039299123904881106,0.05957446808510636,0.02226626986646763,0.4923126204365732,0.8888888888888908
copper,0.5,7.5,SWV,6,0.0199251408861555,0.08174634974344977,0.47560200086220744,-0.07376549334103995,0.09999999999999992,1.4,3.0218138129377075e-06,0.035522172673039046,-0.03470641904863006,0.47560200086220744,-0.03579474342928668,0.06132665832290363,0.02263118658184071,0.4719665333226084,0.8421052631578959
copper,0.5,7.5,SWV,7,0.019069038504205545,0.08216718023762284,0.4834435542776597,-0.08290890752449036,0.09999999999999992,1.4,-3.1971740872537225e-05,0.0332506417952981,-0.0332550795584851,0.4834435542776597,-0.03579474342928668,0.05782227784730909,0.021954498766684517,0.4808993477612057,0.8333333333333345
copper,0.5,7.5,SWV,8,0.01994526600859126,0.08145903230259383,0.49778828867782426,-0.06667724355357951,0.09999999999999992,1.4,3.078576879042939e-05,0.03268060792883028,-0.03852984970586244,0.49778828867782426,-0.03579474342928668,0.05957446808510636,0.022144488976947128,0.49370108789897443,0.8888888888888908
copper,0.5,7.5,SWV,9,0.02002926224378711,0.08231036035048969,0.49756391972373637,-0.06984235872320209,0.09999999999999992,1.4,-1.0932547707320695e-05,0.030399265191026995,-0.029008917907935416,0.49756391972373637,-0.03754693366708395,0.05607008760951182,0.02153420430747258,0.49344106640807267,0.999999999999996
copper,0.5,8.0,SWV,0,0.01982960030824742,0.08260553228857784,0.4858493379807756,-0.06778799915030444,0.09999999999999992,1.4,-8.68428572552496e-08,0.03941699539779029,-0.04074143318739702,0.4858493379807756,-0.03229036295369214,0.0578222778473092,0.022081861117842137,0.4820841616333476,0.9411764705882346
copper,0.5,8.0,SWV,1,0.01947377709061228,0.08246980168301297,0.47940515182366655,-0.07195525269322813,0.09999999999999992,1.4,-1.5936192094402208e-05,0.029508190752959546,-0.03003215033317283,0.47940515182366655,-0.039299123904881106,0.0578222778473092,0.022095758951819366,0.4762081697194928,0.6500000000000019
copper,0.5,8.0,SWV,2,0.019641579679260054,0.08255633403148803,0.48663777552762755,-0.06207840339507985,0.09999999999999992,1.4,-9.921961284880464e-06,0.03280382788818653,-0.03197279017386569,0.48663777552762755,-0.03579474342928668,0.0578222778473092,0.02209827949030329,0.4830509258725619,0.8333333333333316
copper,0.5,8.0,SWV,3,0.02035131514751175,0.08230229683880058,0.4799490215036595,-0.06015654922337537,0.09999999999999992,1.4,-3.9051658406037646e-05,0.03502895061861061,-0.03589911311575836,0.4799490215036595,-0.03754693366708395,0.05957446808510647,0.022452484234953787,0.4755518702843001,0.7894736842105242
copper,0.5,8.0,SWV,4,0.02005095597760538,0.08249778875909605,0.4960126741090954,-0.06706957746501098,0.09999999999999992,1.4,-1.679099556584156e-05,0.030286748933494034,-0.03744336171221402,0.4960126741090954,-0.03754693366708395,0.05607008760951193,0.02166462417715806,0.492403746865331,0.7777777777777755
copper,0.5,8.0,SWV,5,0.01996720608251465,0.08242620852896446,0.49712966530717356,-0.061732461320753225,0.09999999999999992,1.4,9.073380892341779e-06,0.03895706596320006,-0.03044121290338657,0.49712966530717356,-0.039299123904881106,0.0578222778473092,0.022094216641093626,0.49302295998159623,0.6500000000000019
copper,0.5,8.0,SWV,6,0.020017217862947634,0.08227449248604973,0.48815106516705065,-0.06715965494017771,0.09999999999999992,1.4,3.047702528195975e-06,0.03446477560554937,-0.03384637569347504,0.48815106516705065,-0.03579474342928668,0.05607008760951193,0.02162336404941167,0.4846123145273058,0.8823529411764692
copper,0.5,8.0,SWV,7,0.01915458743775324,0.08271168036564831,0.49605241283244184,-0.07637279046122722,0.09999999999999992,1.4,-3.2212688744911014e-05,0.03280181503858533,-0.03504514669961381,0.49605241283244184,-0.03579474342928668,0.0578222778473092,0.02218145946209895,0.493494184546913,0.8333333333333316
copper,0.5,8.0,SWV,8,0.0200374964456147,0.08210901521111703,0.5105065302321968,-0.06155972050358061,0.09999999999999992,1.4,3.102336617809766e-05,0.03222743448904601,-0.040110784275692646,0.5105065302321968,-0.03579474342928668,0.05607008760951193,0.021545849209867223,0.50631610054873,0.7777777777777755
copper,0.5,8.0,SWV,9,0.020122133177867086,0.0828877270391928,0.5043488515231602,-0.06320660521758258,0.09999999999999992,1.4,-1.1013065278709012e-05,0.03129461450378519,-0.02873073384676847,0.5043488515231602,-0.03754693366708395,0.0578222778473092,0.02213470593996608,0.5001789917500521,0.7368421052631553
copper,1.0,6.0,SWV,0,0.03621503254947768,0.15505141280125845,0.8730691415093664,-0.14739394447785947,0.09999999999999992,1.4,-3.0130137253657094e-06,0.06032352576154765,-0.06347100645302046,0.8730691415093664,-0.053316645807259144,0.06132665832290363,0.04262436859370511,0.8665505189113807,0.9444444444444472
copper,1.0,6.0,SWV,1,0.03558158897442789,0.15525008991453926,0.8809639972533849,-0.16389816377307243,0.09999999999999992,1.4,-3.1228340734425016e-05,0.06414434835919586,-0.04242216483361058,0.8809639972533849,-0.05506883604505641,0.0630788485607009,0.043445593519535745,0.8761415134320981,0.8947368421052587
copper,1.0,6.0,SWV,2,0.03588031448301639,0.15531722740794385,0.8789710775889664,-0.13924420187744888,0.09999999999999992,1.4,-2.0521687328056733e-05,0.0637501850194459,-0.05046214053219014,0.8789710775889664,-0.05857321652065084,0.0630788485607009,0.043469214345457946,0.8733743672858386,0.7142857142857139
copper,1.0,6.0,SWV,3,0.0371437996915898,0.1544255850467209,0.8831250579027301,-0.12908329497761728,0.09999999999999992,1.4,-7.237895399878972e-05,0.06773905875877226,-0.06091579788310446,0.8831250579027301,-0.05682102628285357,0.06483103879849816,0.04389810932395793,0.8754147705309053,0.8500000000000013
copper,1.0,6.0,SWV,4,0.0366090943183739,0.15503954178446985,0.8715644772250432,-0.14062133569405982,0.09999999999999992,1.4,-3.275007888999629e-05,0.05670770316169718,-0.05451490877200347,0.8715644772250432,-0.053316645807259144,0.06483103879849816,0.044166379173062625,0.8667684735285638,0.9473684210526342
copper,1.0,6.0,SWV,5,0.03646000108800826,0.15475078803393344,0.888300110706131,-0.14696034982473918,0.09999999999999992,1.4,1.3294198937048819e-05,0.05786501642561562,-0.04784933689865983,0.888300110706131,-0.05857321652065084,0.06132665832290363,0.0427504168065868,0.8838674576081101,0.75
copper,1.0,6.0,SWV,6,0.03654903305506939,0.15479201774340826,0.8611833696740346,-0.14257236929743203,0.09999999999999992,1.4,2.567166366064157e-06,0.05801508956624349,-0.0586446376986032,0.8611833696740346,-0.06032540675844811,0.0630788485607009,0.043412717437418875,0.8563050282561466,0.636363636363635
copper,1.0,6.0,SWV,7,0.03501336120062011,0.15557304269468236,0.8724883259249046,-0.15256317080485027,0.09999999999999992,1.4,-6.020408407154564e-05,0.06337154644166311,-0.04983169560937972,0.8724883259249046,-0.05506883604505641,0.0630788485607009,0.04372283540125878,0.8697224874543783,0.8947368421052587
copper,1.0,6.0,SWV,8,0.03658513339159869,0.15393549422300426,0.8538160415098989,-0.13730679359692563,0.09999999999999992,1.4,5.2369999679081214e-05,0.056921128869152404,-0.05926350751721231,0.8538160415098989,-0.05682102628285357,0.0630788485607009,0.04306398307600575,0.8476843644082429,0.8000000000000006
copper,1.0,6.0,SWV,9,0.03673580538713288,0.15537801369182447,0.8610328440216894,-0.1374057294374915,0.09999999999999992,1.4,-2.2464092377383094e-05,0.06768781076905114,-0.05134117579208547,0.8610328440216894,-0.05682102628285357,0.06658322903629532,0.045091537068460336,0.8559955705321189,0.8095238095238126
copper,1.0,6.5,SWV,0,0.03639080919016511,0.1558788302471659,0.8805350827035303,-0.1441676312204986,0.09999999999999992,1.4,-3.0395388873284214e-06,0.06534371522494958,-0.06530147037573343,0.8805350827035303,-0.053316645807259144,0.0630788485607009,0.043553976723691844,0.8739908963760048,0.7142857142857139
copper,1.0,6.5,SWV,1,0.03575408071425621,0.1559390494900761,0.8769109573883319,-0.1578844044554732,0.09999999999999992,1.4,-3.140118445668687e-05,0.06526040026075344,-0.047233347287635716,0.8769109573883319,-0.05506883604505641,0.06483103879849816,0.04438259927199876,0.8720722277405096,0.681818181818181
copper,1.0,6.5,SWV,2,0.03605435534847871,0.1560319096442242,0.8712632553173857,-0.13706905066724806,0.09999999999999992,1.4,-2.0639008670176312e-05,0.06621070084405192,-0.053056439611687545,0.8712632553173857,-0.051564455569461876,0.06132665832290363,0.042968982158122365,0.8661730483383581,0.8421052631578959
copper,1.0,6.5,SWV,3,0.03732439271704013,0.1552206412735317,0.871152712612231,-0.13308159244742176,0.09999999999999992,1.4,-7.276519586760902e-05,0.062358266944756095,-0.061228290371216486,0.871152712612231,-0.04806007509386734,0.0630788485607009,0.043371524732456965,0.8633017241184461,0.9999999999999964
copper,1.0,6.5,SWV,4,0.03678691447784369,0.15575199575893126,0.8790226155568923,-0.14075100194001447,0.09999999999999992,1.4,-3.293081401596223e-05,0.057477943177123736,-0.05939973063601474,0.8790226155568923,-0.053316645807259144,0.06132665832290363,0.0428763207635583,0.8734000735109411,0.75
copper,1.0,6.5,SWV,5,0.03663704808235364,0.1555610427002862,0.8597721130676712,-0.14085875468121692,0.09999999999999992,1.4,1.3352239439643919e-05,0.05852803628847966,-0.04746172974659629,0.8597721130676712,-0.05857321652065084,0.0630788485607009,0.0435702891644529,0.8541042965838057,0.5000000000000013
copper,1.0,6.5,SWV,6,0.03672654174986703,0.15551576616473994,0.8661723434317823,-0.14970357101211795,0.09999999999999992,1.4,2.5695788065937827e-06,0.060294999902945456,-0.06159340747960668,0.8661723434317823,-0.04981226533166461,0.06483103879849816,0.044314760969509905,0.8607628646729283,0.9473684210526342
copper,1.0,6.5,SWV,7,0.03518290623457618,0.15627625252016775,0.868391333068417,-0.16619003240057972,0.09999999999999992,1.4,-6.0527189708096805e-05,0.057968105656960846,-0.05466203310231629,0.868391333068417,-0.05506883604505641,0.06132665832290363,0.043101561678433264,0.864631154009478,0.6666666666666656
copper,1.0,6.5,SWV,8,0.03676282929490416,0.15470124303575222,0.8683592099278702,-0.13240569944411798,0.09999999999999992,1.4,5.2630678800937235e-05,0.05934623069115649,-0.06417295458339164,0.8683592099278702,-0.051564455569461876,0.0630788485607009,0.04317541885683844,0.861622988138162,0.8000000000000006
copper,1.0,6.5,SWV,9,0.03691428264269619,0.15626701256107867,0.8663597312100764,-0.1426297793079436,0.09999999999999992,1.4,-2.2591486610390282e-05,0.06409305798334931,-0.05182500050688654,0.8663597312100764,-0.051564455569461876,0.06132665832290363,0.04301521155654891,0.8595796110018541,0.8421052631578959
copper,1.0,7.0,SWV,0,0.03655765478056462,0.1568481703073064,0.893937971514364,-0.14845930926075793,0.09999999999999992,1.4,-2.8344984367645493e-06,0.07275959471249668,-0.0705484357708217,0.893937971514364,-0.039299123904881106,0.05957446808510647,0.042326114990561506,0.8872730412200709,0.7894736842105242
copper,1.0,7.0,SWV,1,0.03590330174549062,0.1567824868928077,0.887268919772377,-0.15612281987104967,0.09999999999999992,1.4,-3.1981190567207594e-05,0.06328497179767614,-0.052093427913878276,0.887268919772377,-0.039299123904881106,0.05957446808510647,0.0424616108336594,0.8826904303611556,0.7894736842105242
copper,1.0,7.0,SWV,2,0.0362118879414806,0.15690001329285289,0.8856389978006938,-0.13795241261672286,0.09999999999999992,1.4,-2.092111919243425e-05,0.06542558829693243,-0.05407679914849295,0.8856389978006938,-0.041051314142678375,0.06132665832290363,0.04325590301147911,0.8806708377091573,0.8421052631578959
copper,1.0,7.0,SWV,3,0.03751707977476448,0.1561821957984394,0.8811998652263611,-0.13172812703984796,0.09999999999999992,1.4,-7.449015228897894e-05,0.05938169696061352,-0.06417222903965694,0.8811998652263611,-0.039299123904881106,0.06132665832290363,0.043022894403575256,0.8736863185714102,0.8421052631578898
copper,1.0,7.0,SWV,4,0.036964724209698235,0.1566474607326034,0.8959879889684507,-0.14258239456029465,0.09999999999999992,1.4,-3.3553160068370615e-05,0.060847780404998886,-0.06448333666340503,0.8959879889684507,-0.03754693366708395,0.05957446808510647,0.04239537475500937,0.889926429603757,0.7000000000000025
copper,1.0,7.0,SWV,5,0.03681070953239872,0.1565147491730805,0.919864008058706,-0.13276752589953567,0.09999999999999992,1.4,1.4011002124843275e-05,0.057530268612638075,-0.050758669094606954,0.919864008058706,-0.039299123904881106,0.05957446808510647,0.04235331082361608,0.9132178734411595,0.7894736842105242
copper,1.0,7.0,SWV,6,0.03690268037267518,0.15638056408473358,0.8986441061024725,-0.1509366547971415,0.09999999999999992,1.4,2.9298788857137164e-06,0.06616534291677509,-0.06501303738394026,0.8986441061024725,-0.04280350438047564,0.05957446808510636,0.0423658512601797,0.8936444285709999,0.8888888888888908
copper,1.0,7.0,SWV,7,0.035316317232505015,0.15715298263435087,0.8804828270835899,-0.16787945923473352,0.09999999999999992,1.4,-6.191339975360607e-05,0.0605943870164482,-0.059614500294789735,0.8804828270835899,-0.03754693366708395,0.06132665832290363,0.043331751260117235,0.8773098916996994,0.6666666666666707
copper,1.0,7.0,SWV,8,0.03693997235211201,0.15566507489917128,0.901546605379849,-0.13441563173785626,0.09999999999999992,1.4,5.437666344122201e-05,0.05953811064871567,-0.06938868281208416,0.901546605379849,-0.03579474342928668,0.06307884856070078,0.043457990733167584,0.8943932582230251,0.6363636363636369
copper,1.0,7.0,SWV,9,0.03709561790834123,0.15730421000170514,0.9142948162628044,-0.1436670614834444,0.09999999999999992,1.4,-2.292764146124027e-05,0.0584965833273753,-0.05369493097356093,0.9142948162628044,-0.039299123904881106,0.05957446808510647,0.04259734557117047,0.9079057893044807,0.7894736842105242
copper,1.0,7.5,SWV,0,0.03672020446674612,0.15792807608372614,0.9274522637283253,-0.1437331100063303,0.09999999999999992,1.4,-2.5179107165288624e-06,0.07663098799263851,-0.07537462422385954,0.9274522637283253,-0.039299123904881106,0.05782227784730909,0.04210947083089324,0.9213719901458328,0.9411764705882382
copper,1.0,7.5,SWV,1,0.03604131932818464,0.15775066439275373,0.9205331850762023,-0.15168393041010023,0.09999999999999992,1.4,-3.275733051741116e-05,0.05871192199483899,-0.05612669027649789,0.9205331850762023,-0.039299123904881106,0.05957446808510636,0.04296790195856298,0.9156714720552189,0.8888888888888908
copper,1.0,7.5,SWV,2,0.03636147461316643,0.15789344321496843,0.9174773927098369,-0.13032438269822305,0.09999999999999992,1.4,-2.1282610167235525e-05,0.06401353944353574,-0.05811297255012318,0.9174773927098369,-0.03754693366708395,0.06132665832290363,0.04365827401041859,0.9120943621861191,0.9444444444444472
copper,1.0,7.5,SWV,3,0.03771559890249292,0.1572817686460335,0.9142365978892213,-0.12749968093402322,0.09999999999999992,1.4,-7.685997973233384e-05,0.06565044532287212,-0.06807804363155398,0.9142365978892213,-0.039299123904881106,0.05782227784730909,0.04201405326372716,0.9073033815014995,0.9411764705882382
copper,1.0,7.5,SWV,4,0.037142535182718504,0.15769713152908638,0.9406420041810586,-0.14068924221924128,0.09999999999999992,1.4,-3.438823413580863e-05,0.06150280017190071,-0.06908214076733835,0.9406420041810586,-0.03754693366708395,0.05782227784730909,0.0420807437697649,0.935045939937994,0.9411764705882382
copper,1.0,7.5,SWV,5,0.036982746399088634,0.15758140141787993,0.9543502835560544,-0.13050640800961866,0.09999999999999992,1.4,1.495913816979751e-05,0.06235438504857377,-0.05519083313944259,0.9543502835560544,-0.039299123904881106,0.05957446808510636,0.04286425867822275,0.9477745325419201,0.8888888888888908
copper,1.0,7.5,SWV,6,0.03707816528354089,0.15735984064837572,0.9143104628643122,-0.14379541221789546,0.09999999999999992,1.4,3.462576707738375e-06,0.06837658755066528,-0.06678106483269541,0.9143104628643122,-0.03579474342928668,0.06132665832290363,0.04357656400691335,0.908801300027815,0.8421052631578959
copper,1.0,7.5,SWV,7,0.03543232839963092,0.15816874788830232,0.9293856666137814,-0.16137341296321736,0.09999999999999992,1.4,-6.38117168987027e-05,0.06400969907109041,-0.06403076868595617,0.9293856666137814,-0.03579474342928668,0.05782227784730909,0.0422692167589319,0.9259007740381032,0.8333333333333345
copper,1.0,7.5,SWV,8,0.037116855362550515,0.15680830287564268,0.956963084295891,-0.13017683093935087,0.09999999999999992,1.4,5.683813331008253e-05,0.06291382224339878,-0.07417139140321466,0.956963084295891,-0.03579474342928668,0.05957446808510636,0.04262275544229475,0.9502966082273581,0.8888888888888908
copper,1.0,7.5,SWV,9,0.03727833616777854,0.1584458139079208,0.9565468318548489,-0.13625327731590542,0.09999999999999992,1.4,-2.3364358207620282e-05,0.05852560027313747,-0.05582791359132944,0.9565468318548489,-0.03754693366708395,0.05607008760951182,0.04144975365629342,0.9498397569979462,0.999999999999996
copper,1.0,8.0,SWV,0,0.03689480012563494,0.15901891743921692,0.934042932156146,-0.13228837241200792,0.09999999999999992,1.4,-2.513649743698574e-06,0.07586323211782306,-0.07842871973636756,0.934042932156146,-0.03229036295369214,0.0578222778473092,0.04250287669596832,0.9279931417119324,0.9411764705882346
copper,1.0,8.0,SWV,1,0.03621072366043431,0.15875844610684106,0.9216472201775436,-0.14029999147437383,0.09999999999999992,1.4,-3.298430557649307e-05,0.05681489260861192,-0.05779574821053929,0.9216472201775436,-0.039299123904881106,0.0578222778473092,0.04252735927236474,0.9166511186180769,0.6500000000000019
copper,1.0,8.0,SWV,2,0.03653332712194139,0.15892327733871425,0.9355697796465656,-0.12124179267592863,0.09999999999999992,1.4,-2.1421839865508625e-05,0.0631492999471904,-0.06156952544093752,0.9355697796465656,-0.03579474342928668,0.0578222778473092,0.04255411552840454,0.930203078714207,0.8333333333333316
copper,1.0,8.0,SWV,3,0.037897806184257615,0.15843548384025763,0.9227053250211881,-0.11762327159413799,0.09999999999999992,1.4,-7.74242007329195e-05,0.06742941032527602,-0.06907500482025752,0.9227053250211881,-0.03754693366708395,0.05957446808510647,0.043223441880089745,0.9155678425927067,0.7894736842105242
copper,1.0,8.0,SWV,4,0.037320360337396566,0.1588080921813107,0.9535879828914944,-0.13091369135595182,0.09999999999999992,1.4,-3.4627680455372054e-05,0.05830512336108812,-0.07208811866003284,0.9535879828914944,-0.03754693366708395,0.05607008760951193,0.04169849805839945,0.9478119817706222,0.7777777777777755
copper,1.0,8.0,SWV,5,0.037159349674361825,0.158670570896543,0.955722912628932,-0.120652990633289,0.09999999999999992,1.4,1.5097043354739877e-05,0.07496531378283705,-0.05862504089511644,0.955722912628932,-0.039299123904881106,0.0578222778473092,0.04254404043518935,0.9493176221203687,0.6500000000000019
copper,1.0,8.0,SWV,6,0.03725549821184166,0.15837964741524538,0.9384791058963854,-0.1310732498454116,0.09999999999999992,1.4,3.5125695163644618e-06,0.06634029180693712,-0.06512493425592364,0.9384791058963854,-0.03579474342928668,0.05607008760951193,0.04164065748371759,0.933221161641314,0.8823529411764692
copper,1.0,8.0,SWV,7,0.03559707587514469,0.15922001721203854,0.9536695873303556,-0.148785666765649,0.09999999999999992,1.4,-6.427615990947008e-05,0.06314543020802801,-0.06747618551202089,0.9536695873303556,-0.03579474342928668,0.0578222778473092,0.04270352520599689,0.9500987467471022,0.8333333333333316
copper,1.0,8.0,SWV,8,0.037294484147729595,0.15806245910555738,0.9814578851377185,-0.12032089333960291,0.09999999999999992,1.4,5.729628050761885e-05,0.06204117338459675,-0.07721628598578606,0.9814578851377185,-0.03579474342928668,0.05607008760951193,0.04148044425272826,0.9747450282327502,0.7777777777777755
copper,1.0,8.0,SWV,9,0.037457199770982476,0.15956030233587998,0.9696144322519358,-0.12347344143783295,0.09999999999999992,1.4,-2.351950670193747e-05,0.06025008271905924,-0.05533661448318164,0.9696144322519358,-0.03754693366708395,0.0578222778473092,0.04258590454579046,0.9624655216043739,0.7368421052631553
copper,2.0,6.0,SWV,0,0.06622871231750367,0.2886400788611823,1.6241155837876602,-0.27607779356364204,0.09999999999999992,1.4,-7.795473757398787e-06,0.11229880708645035,-0.11811857791859082,1.6241155837876602,-0.053316645807259144,0.06132665832290363,0.0793266346348373,1.6128414703423688,0.9444444444444472
copper,2.0,6.0,SWV,1,0.06505035411989568,0.2890102878330981,1.6388075950790375,-0.30678049177028754,0.09999999999999992,1.4,-6.028280362999428e-05,0.11940842559156556,-0.078951146802722,1.6388075950790375,-0.05506883604505641,0.0630788485607009,0.08086108674761108,1.630792626077609,0.8947368421052587
copper,2.0,6.0,SWV,2,0.06560605578890734,0.28913379681130924,1.6350897824290755,-0.2609030456809132,0.09999999999999992,1.4,-4.0365839740433165e-05,0.11867305554446611,-0.09392630987421385,1.6350897824290755,-0.05857321652065084,0.0630788485607009,0.08092325624459525,1.625923553297924,0.7142857142857139
copper,2.0,6.0,SWV,3,0.06795644375039525,0.2874754126813826,1.642826121349318,-0.24200592924661649,0.09999999999999992,1.4,-0.00013683289330901203,0.126090873536935,-0.11336525286505725,1.642826121349318,-0.05682102628285357,0.06483103879849816,0.08171221415911144,1.6295811735611734,0.8500000000000013
copper,2.0,6.0,SWV,4,0.06696176248018984,0.28861482012126033,1.6213165444352744,-0.26347572426431465,0.09999999999999992,1.4,-6.311360451086066e-05,0.10556988506922474,-0.10148673497001504,1.6213165444352744,-0.053316645807259144,0.06483103879849816,0.08220838112568687,1.6134484485971952,0.9473684210526342
copper,2.0,6.0,SWV,5,0.06668441302535416,0.2880776630602594,1.652444039512673,-0.275272062761424,0.09999999999999992,1.4,2.253988439882254e-05,0.10772899696990368,-0.08907096241241774,1.652444039512673,-0.05857321652065084,0.06132665832290363,0.07957106828566857,1.6452126366551538,0.75
copper,2.0,6.0,SWV,6,0.06685003400939746,0.28815516851037354,1.601983998249338,-0.26710511846909685,0.09999999999999992,1.4,2.5850103359920803e-06,0.10800193986923945,-0.10914959631571847,1.601983998249338,-0.06032540675844811,0.0630788485607009,0.08079789255202777,1.5938328319078134,0.636363636363635
copper,2.0,6.0,SWV,7,0.06399331307985943,0.2896079942986263,1.6230407972401601,-0.2856616564264036,0.09999999999999992,1.4,-0.00011418469171907468,0.11796624469116163,-0.09275738626061358,1.6230407972401601,-0.05506883604505641,0.0630788485607009,0.08136371839030339,1.618643925436469,0.8947368421052587
copper,2.0,6.0,SWV,8,0.06691718936334098,0.2865623630468181,1.5883042648009993,-0.25730963389778266,0.09999999999999992,1.4,9.523032115769311e-05,0.1059693600401096,-0.1103202767075375,1.5883042648009993,-0.05682102628285357,0.0630788485607009,0.0801423865439275,1.5777141734102322,0.8000000000000006
copper,2.0,6.0,SWV,9,0.06719747570308908,0.2892465672297066,1.6017292622833996,-0.25749729873209576,0.09999999999999992,1.4,-4.39791827485591e-05,0.12600011033361835,-0.09556676340362835,1.6017292622833996,-0.05682102628285357,0.06658322903629532,0.08391855181541814,1.5932422654442049,0.8095238095238126
copper,2.0,6.5,SWV,0,0.06655601633317386,0.2901828375816064,1.6380178788529076,-0.27007039074577366,0.09999999999999992,1.4,-7.844756204025025e-06,0.12162607733918385,-0.12156150767568391,1.6380178788529076,-0.053316645807259144,0.0630788485607009,0.08105724644619586,1.6266980425492086,0.7142857142857139
copper,2.0,6.5,SWV,1,0.06537153465930912,0.2902954136021899,1.6312607862697037,-0.2955828522048515,0.09999999999999992,1.4,-6.06048426279884e-05,0.12148679756571479,-0.08791012260154929,1.6312607862697037,-0.05506883604505641,0.06483103879849816,0.08260534837071742,1.6232164130169235,0.681818181818181
copper,2.0,6.5,SWV,2,0.06593012409706794,0.29046678540490517,1.620777769616885,-0.2568635821029087,0.09999999999999992,1.4,-4.0584377905037155e-05,0.12325492053360082,-0.09875727262971512,1.620777769616885,-0.051564455569461876,0.06132665832290363,0.07997405008073491,1.6122485897007173,0.8421052631578959
copper,2.0,6.5,SWV,3,0.06829272612462299,0.28895795307160815,1.6205661803255385,-0.24945109213604477,0.09999999999999992,1.4,-0.00013755273380535737,0.11607173824361208,-0.11394751674949467,1.6205661803255385,-0.04806007509386734,0.0630788485607009,0.08072968370031298,1.6070031422313957,0.9999999999999964
copper,2.0,6.5,SWV,4,0.0672928758768066,0.28994366026766066,1.635204293965004,-0.2637173250576824,0.09999999999999992,1.4,-6.345035409687203e-05,0.10700970485667821,-0.11058272656237267,1.635204293965004,-0.053316645807259144,0.06132665832290363,0.07980902605804865,1.6258046884901778,0.75
copper,2.0,6.5,SWV,5,0.0670140851430755,0.2895884850136316,1.5993232759202338,-0.2639106859577566,0.09999999999999992,1.4,2.2648243190477173e-05,0.10896315297987885,-0.08834935307926206,1.5993232759202338,-0.05857321652065084,0.0630788485607009,0.08110961705492221,1.5899828862866734,0.5000000000000013
copper,2.0,6.5,SWV,6,0.06718056679594211,0.28950502406123224,1.6113079512646706,-0.28036709792290937,0.09999999999999992,1.4,2.5896712896058152e-06,0.11223893976407573,-0.11463366936099251,1.6113079512646706,-0.04981226533166461,0.06483103879849816,0.08247705258883965,1.6021694621919733,0.9473684210526342
copper,2.0,6.5,SWV,7,0.06430900058182105,0.2909196344630628,1.6154120544209407,-0.3110362326017637,0.09999999999999992,1.4,-0.00011478683818573006,0.10790488881335678,-0.10176936872256573,1.6154120544209407,-0.05506883604505641,0.06132665832290363,0.08022370685179897,1.6094063868451525,0.6666666666666656
copper,2.0,6.5,SWV,8,0.0672480711305404,0.2879903683580825,1.6153754848532855,-0.24819287744265,0.09999999999999992,1.4,9.57164243096706e-05,0.1104852087890621,-0.11946217283317084,1.6153754848532855,-0.051564455569461876,0.0630788485607009,0.08038729771056898,1.6042416690726595,0.8000000000000006
copper,2.0,6.5,SWV,9,0.06752981401105011,0.29090391488501516,1.6116559309333378,-0.2672079932882836,0.09999999999999992,1.4,-4.421649807291223e-05,0.11930667609411053,-0.09646532386496726,1.6116559309333378,-0.051564455569461876,0.06132665832290363,0.0800866998929976,1.6004176448724658,0.8421052631578959
copper,2.0,7.0,SWV,0,0.06686668397046171,0.29199001429436333,1.6630249176983682,-0.2780554620181338,0.09999999999999992,1.4,-7.462688091351387e-06,0.1354356969916536,-0.1313321595701662,1.6630249176983682,-0.039299123904881106,0.05957446808510647,0.07877714437913844,1.651534515340274,0.7894736842105242
copper,2.0,7.0,SWV,1,0.06564936751565649,0.29186832564471143,1.650618241197586,-0.2923121660715159,0.09999999999999992,1.4,-6.168532637943853e-05,0.11780892106773824,-0.09696047454560136,1.650618241197586,-0.039299123904881106,0.05957446808510647,0.0790338130567368,1.6430865490460773,0.7894736842105242
copper,2.0,7.0,SWV,2,0.06622344150014083,0.2920855711092592,1.6475179236724526,-0.2585087353122655,0.09999999999999992,1.4,-4.1109878335082294e-05,0.12179351518978743,-0.10065774176423425,1.6475179236724526,-0.041051314142678375,0.06132665832290363,0.08052028124300081,1.6394020697243725,0.8421052631578959
copper,2.0,7.0,SWV,3,0.06865153674868528,0.2907506012233054,1.6393277610317227,-0.24692984276650978,0.09999999999999992,1.4,-0.00014076627474662195,0.11054123827545881,-0.11943325861173615,1.6393277610317227,-0.039299123904881106,0.06132665832290363,0.08006408051765206,1.6261024440277525,0.8421052631578898
copper,2.0,7.0,SWV,4,0.06762396985097491,0.29161329466115293,1.666812500135766,-0.2671206149058791,0.09999999999999992,1.4,-6.460971770590544e-05,0.11327945598989592,-0.12004903784880414,1.666812500135766,-0.03754693366708395,0.05957446808510647,0.07892316608040717,1.6567328696280539,0.7000000000000025
copper,2.0,7.0,SWV,5,0.0673374508147531,0.2913664870660604,1.7112560547171478,-0.24886166219674613,0.09999999999999992,1.4,2.3875601675664872e-05,0.10710556838970575,-0.09451384021283735,1.7112560547171478,-0.039299123904881106,0.05957446808510647,0.07884511851019615,1.700092366867739,0.7894736842105242
copper,2.0,7.0,SWV,6,0.06750854747241306,0.2911175987512437,1.6717255707429988,-0.28266378742050835,0.09999999999999992,1.4,3.260990091887069e-06,0.12317046215088945,-0.12100203374782043,1.6717255707429988,-0.04280350438047564,0.05957446808510636,0.07889186988426396,1.664023280935218,0.8888888888888908
copper,2.0,7.0,SWV,7,0.06455737914229716,0.2925544440369706,1.6379676905526261,-0.31418309508306835,0.09999999999999992,1.4,-0.00011736929026164684,0.11280432415352204,-0.11099136666890477,1.6379676905526261,-0.03754693366708395,0.06132665832290363,0.08067050427675047,1.6333402663887633,0.6666666666666707
copper,2.0,7.0,SWV,8,0.06757792308124715,0.28978720142839876,1.6771216881122093,-0.25192950428849203,0.09999999999999992,1.4,9.896929131365123e-05,0.11083929528631858,-0.1291746294839481,1.6771216881122093,-0.03579474342928668,0.06307884856070078,0.08089965147845703,1.6649844933274132,0.6363636363636369
copper,2.0,7.0,SWV,9,0.06786747610012131,0.2928373565225488,1.7008954871798543,-0.2691399018630668,0.09999999999999992,1.4,-4.484268378386393e-05,0.10888625284906776,-0.09994538649398454,1.7008954871798543,-0.039299123904881106,0.05957446808510647,0.07928081902296721,1.689903160801861,0.7894736842105242
copper,2.0,7.5,SWV,0,0.06716936269645483,0.294003145508747,1.7254308411312618,-0.26925495306161346,0.09999999999999992,1.4,-6.873179922636382e-06,0.14264449827191772,-0.14031885531030552,1.7254308411312618,-0.039299123904881106,0.05782227784730909,0.07836368612063396,1.7148301171235167,0.9411764705882382
copper,2.0,7.5,SWV,1,0.06590636577308677,0.293673562130383,1.712558597280571,-0.28404664776492045,0.09999999999999992,1.4,-6.313055249361102e-05,0.10929358695211061,-0.1044706872208242,1.712558597280571,-0.039299123904881106,0.05957446808510636,0.07998814155437016,1.704685654354136,0.8888888888888908
copper,2.0,7.5,SWV,2,0.06650198219914202,0.2939377586250105,1.7068659465939735,-0.24430481753299005,0.09999999999999992,1.4,-4.178299946057508e-05,0.11917101536133418,-0.10820317923599648,1.7068659465939735,-0.03754693366708395,0.06132665832290363,0.08128011600865331,1.6981389344007043,0.9444444444444472
copper,2.0,7.5,SWV,3,0.06902119305548998,0.2928002943537037,1.7008444356453245,-0.2390575940727131,0.09999999999999992,1.4,-0.0001451790568825239,0.12221408005345741,-0.126706154748372,1.7008444356453245,-0.039299123904881106,0.05782227784730909,0.07818864826593082,1.6886997336217118,0.9411764705882382
copper,2.0,7.5,SWV,4,0.06795506614556439,0.2935700551913035,1.7499613560488982,-0.26359543468460733,0.09999999999999992,1.4,-6.616468321078974e-05,0.11449914796964411,-0.12861232824923158,1.7499613560488982,-0.03754693366708395,0.05782227784730909,0.0783208863344182,1.7404455356291202,0.9411764705882382
copper,2.0,7.5,SWV,5,0.06765779532514125,0.29335484604181944,1.775471878057038,-0.2446513047465559,0.09999999999999992,1.4,2.5641096380062104e-05,0.11604913523457494,-0.10276683533080727,1.775471878057038,-0.039299123904881106,0.05957446808510636,0.07978987092846453,1.7643186118976903,0.8888888888888908
copper,2.0,7.5,SWV,6,0.06783531247885265,0.29294338287170646,1.700960118868087,-0.26936630123846406,0.09999999999999992,1.4,4.2529101742778965e-06,0.12728795215882288,-0.12429422279032992,1.700960118868087,-0.03579474342928668,0.06132665832290363,0.0811434270302605,1.6922483284739274,0.8421052631578959
copper,2.0,7.5,SWV,7,0.06477339993625576,0.2944481483614128,1.7290060059751038,-0.302068388232659,0.09999999999999992,1.4,-0.00012090408770424046,0.11916387073802825,-0.11921476298349054,1.7290060059751038,-0.03579474342928668,0.05782227784730909,0.0786812485242597,1.723586034062088,0.8333333333333345
copper,2.0,7.5,SWV,8,0.06790729144551196,0.291918071773351,1.7803109936800114,-0.24403816004487203,0.09999999999999992,1.4,0.00010355271796601267,0.11712510308331459,-0.13808036272260488,1.7803109936800114,-0.03579474342928668,0.05957446808510636,0.079334708182424,1.7688904026029648,0.8888888888888908
copper,2.0,7.5,SWV,9,0.06820771010045285,0.2949652811150341,1.7795506742968448,-0.25533492444764944,0.09999999999999992,1.4,-4.565588048402011e-05,0.10895902869623253,-0.10391714723051881,1.7795506742968448,-0.03754693366708395,0.05607008760951182,0.07715506845586445,1.7681148451092623,0.999999999999996
copper,2.0,8.0,SWV,0,0.06749446876370913,0.29603674171603483,1.7377004113671555,-0.24794421412264872,0.09999999999999992,1.4,-6.865165540079591e-06,0.14121510485719213,-0.14600592320348704,1.7377004113671555,-0.03229036295369214,0.0578222778473092,0.07909674404982792,1.7271541201841563,0.9411764705882346
copper,2.0,8.0,SWV,1,0.06622180026839106,0.29555259766570224,1.714632997915531,-0.26284917825435933,0.09999999999999992,1.4,-6.355333664782841e-05,0.10577863386702313,-0.10757875130098982,1.714632997915531,-0.039299123904881106,0.0578222778473092,0.07916245501521005,1.7063957176428628,0.6500000000000019
copper,2.0,8.0,SWV,2,0.06682197770881829,0.2958578289525565,1.7405513042736271,-0.22732787000710575,0.09999999999999992,1.4,-4.204231180318714e-05,0.1175618705357491,-0.11463953350603179,1.7405513042736271,-0.03579474342928668,0.0578222778473092,0.07922200506965545,1.7317935585142237,0.8333333333333316
copper,2.0,8.0,SWV,3,0.06936047976738817,0.29495088734159547,1.7166131796043431,-0.22066704963826408,0.09999999999999992,1.4,-0.0001462301386983628,0.125526786351021,-0.1285628106352214,1.7166131796043431,-0.03754693366708395,0.05957446808510647,0.08046484312652176,1.7045103916355457,0.7894736842105242
copper,2.0,8.0,SWV,4,0.06828618884460838,0.2956410879256485,1.7740678469151068,-0.24539279212591475,0.09999999999999992,1.4,-6.66107016365989e-05,0.10854496716229137,-0.1342097518078459,1.7740678469151068,-0.03754693366708395,0.05607008760951193,0.07761380268453175,1.7642722307774423,0.7777777777777755
copper,2.0,8.0,SWV,5,0.06798664163215677,0.2953853279705357,1.7780280457576036,-0.22630359491783597,0.09999999999999992,1.4,2.5898093287315005e-05,0.13953182711460055,-0.109161560052701,1.7780280457576036,-0.039299123904881106,0.0578222778473092,0.07919205803824196,1.767144337455069,0.6500000000000019
copper,2.0,8.0,SWV,6,0.06816551814778958,0.2948447911210066,1.7459638685834686,-0.2456769372616931,0.09999999999999992,1.4,4.346124115839033e-06,0.1234963898232187,-0.12121062547134864,1.7459638685834686,-0.03579474342928668,0.05607008760951193,0.07752863572879345,1.7375322812109752,0.8823529411764692
copper,2.0,8.0,SWV,7,0.0650801585904673,0.29640810420205527,1.7742245209128218,-0.2786294449666812,0.09999999999999992,1.4,-0.00012176928061833516,0.11755467120151147,-0.12562839303771622,1.7742245209128218,-0.03579474342928668,0.0578222778473092,0.07949506184864154,1.7687229505454163,0.8333333333333316
copper,2.0,8.0,SWV,8,0.06823804830324598,0.29425556896703725,1.8259223835889988,-0.22568575497660845,0.09999999999999992,1.4,0.00010440633378813953,0.11550029140420504,-0.1437502890521603,1.8259223835889988,-0.03579474342928668,0.05607008760951193,0.07721609989174127,1.8145236242175669,0.7777777777777755
copper,2.0,8.0,SWV,9,0.06854076745518939,0.2970428809951349,1.8038837494207751,-0.23153811328104051,0.09999999999999992,1.4,-4.5944849943588755e-05,0.1121702326223093,-0.10304371079675001,1.8038837494207751,-0.03754693366708395,0.0578222778473092,0.07927627305218377,1.791726074156151,0.7368421052631553
copper,5.0,6.0,SWV,0,0.13568894263779233,0.5978029057632679,3.362251635917425,-0.5738889871621674,0.09999999999999992,1.4,-1.8863452688674414e-05,0.23258445815265327,-0.2445886718817679,3.362251635917425,-0.053316645807259144,0.06132665832290363,0.1642776527856903,3.34015928544567,0.9444444444444472
copper,5.0,6.0,SWV,1,0.1332494963136926,0.5985700869555793,3.3926742071898324,-0.6374510222781284,0.09999999999999992,1.4,-0.00012752313204545396,0.24730529004362178,-0.16348964793123688,3.3926742071898324,-0.05506883604505641,0.0630788485607009,0.16744258422049252,3.377133880536427,0.8947368421052587
copper,5.0,6.0,SWV,2,0.1343999142396835,0.5988240574207074,3.384964499344756,-0.5424563699117878,0.09999999999999992,1.4,-8.629087818050328e-05,0.24578027018808424,-0.19451481606575471,3.384964499344756,-0.05857321652065084,0.0630788485607009,0.16761952493328186,3.3678055335612975,0.7142857142857139
copper,5.0,6.0,SWV,3,0.13926570571505928,0.5953912161603191,3.4009914396114214,-0.5033411685548718,0.09999999999999992,1.4,-0.0002859977242840982,0.26113364488068297,-0.23474827725186223,3.4009914396114214,-0.05682102628285357,0.06483103879849816,0.16923729660935805,3.3751295870908176,0.8500000000000013
copper,5.0,6.0,SWV,4,0.13720650879753524,0.597746668551678,3.3564570428360945,-0.5477958806697616,0.09999999999999992,1.4,-0.00013338347809057488,0.21865093462664542,-0.2101929613139847,3.3564570428360945,-0.053316645807259144,0.06483103879849816,0.17022796285532815,3.341163351018868,0.9473684210526342
copper,5.0,6.0,SWV,5,0.13663233779464043,0.5966346361785851,3.4208914176078125,-0.5722220269863233,0.09999999999999992,1.4,4.393704218178463e-05,0.22312849480096997,-0.18446958145854397,3.4208914176078125,-0.05857321652065084,0.06132665832290363,0.16479321299840158,3.4073237442088575,0.75
copper,5.0,6.0,SWV,6,0.13697520764655674,0.5967960927840499,3.3164083100950403,-0.555309480837807,0.09999999999999992,1.4,2.62630638068374e-06,0.22368579342760136,-0.22603250054389934,3.3164083100950403,-0.06032540675844811,0.0630788485607009,0.1673191476722079,3.300703158903862,0.636363636363635
copper,5.0,6.0,SWV,7,0.1310612017146704,0.5998036552946422,3.3600336594268936,-0.593689580293427,0.09999999999999992,1.4,-0.00023911124084621197,0.24431397492571533,-0.19209969891061207,3.3600336594268936,-0.05506883604505641,0.0630788485607009,0.16848255732582515,3.3519743693604895,0.8947368421052587
copper,5.0,6.0,SWV,8,0.13711423318365884,0.5934993224956902,3.288119867274688,-0.5350304928797662,0.09999999999999992,1.4,0.00019442135086533647,0.21948098075003952,-0.22848022826229006,3.288119867274688,-0.05682102628285357,0.0630788485607009,0.16596586544835445,3.2674251063986635,0.8000000000000006
copper,5.0,6.0,SWV,9,0.13769448414858773,0.5990571342250707,3.3159124016890713,-0.5354235019567515,0.09999999999999992,1.4,-9.377124903613706e-05,0.2609514321830455,-0.19791740901891308,3.3159124016890713,-0.05682102628285357,0.06658322903629532,0.1737980159828452,3.299782064450057,0.8095238095238126
copper,5.0,6.5,SWV,0,0.13636692429270833,0.6010011670403627,3.391049492798609,-0.5614453485042673,0.09999999999999992,1.4,-1.8965401994094912e-05,0.2518795439464119,-0.25176330828414073,3.391049492798609,-0.053316645807259144,0.0630788485607009,0.167862313271823,3.3688642750579465,0.7142857142857139
copper,5.0,6.5,SWV,1,0.1339147852178601,0.6012349106286,3.3770418188237334,-0.6142564027105553,0.09999999999999992,1.4,-0.00012819045153871503,0.2516107456143396,-0.1820478026137492,3.3770418188237334,-0.05506883604505641,0.06483103879849816,0.17105477673035702,3.3614408684720387,0.681818181818181
copper,5.0,6.5,SWV,2,0.13507118891523154,0.6015879824841581,3.3553685027100104,-0.5341023548540089,0.09999999999999992,1.4,-8.674366099142988e-05,0.2552715432436997,-0.2045220576142932,3.3553685027100104,-0.051564455569461876,0.06132665832290363,0.16561435013020964,3.338880556853604,0.8421052631578959
copper,5.0,6.5,SWV,3,0.139962297725029,0.5984647898831713,3.3549230627477638,-0.5187633628440007,0.09999999999999992,1.4,-0.00028748960731843126,0.2403800575352502,-0.2359548692249384,3.3549230627477638,-0.04806007509386734,0.0630788485607009,0.16719744844874115,3.3283041741210933,0.9999999999999964
copper,5.0,6.5,SWV,4,0.13789238654297786,0.6005020012986788,3.3852247497094905,-0.5482965299871421,0.09999999999999992,1.4,-0.000134081289712692,0.2216403533150757,-0.22903480284908673,3.3852247497094905,-0.053316645807259144,0.06132665832290363,0.16529679728018104,3.3673275369597997,0.75
copper,5.0,6.5,SWV,5,0.1373152280550317,0.5997667694966262,3.3108559670933055,-0.5486880126263196,0.09999999999999992,1.4,4.416185187097663e-05,0.22568442303711722,-0.182974995649146,3.3108559670933055,-0.05857321652065084,0.0630788485607009,0.16801143560501625,3.293413922915404,0.5000000000000013
copper,5.0,6.5,SWV,6,0.13765988190257297,0.5995949379573711,3.335764643677925,-0.5827598316307405,0.09999999999999992,1.4,2.6361710360052125e-06,0.23245205772840505,-0.2373839897150568,3.335764643677925,-0.04981226533166461,0.06483103879849816,0.17082071110597313,3.318385050162543,0.9473684210526342
copper,5.0,6.5,SWV,7,0.13171510464258776,0.6025233760519006,3.344231438122494,-0.646251724495932,0.09999999999999992,1.4,-0.0002403591675196814,0.2234728726895874,-0.21078920258657158,3.344231438122494,-0.05506883604505641,0.06132665832290363,0.16614633026143547,3.3332145205479047,0.6666666666666656
copper,5.0,6.5,SWV,8,0.13779963080729857,0.5964599771975245,3.3441845782521025,-0.5161574893821095,0.09999999999999992,1.4,0.00019542914962988086,0.22883541524421502,-0.24741722078265987,3.3441845782521025,-0.051564455569461876,0.0630788485607009,0.16649489640725268,3.322694000742253,0.8000000000000006
copper,5.0,6.5,SWV,9,0.1383829008920977,0.6024926587416571,3.3364842788643125,-0.555517574214213,0.09999999999999992,1.4,-9.42629531718912e-05,0.2470867637218721,-0.19977578649366812,3.3364842788643125,-0.051564455569461876,0.06132665832290363,0.1658910167537525,3.315096492567419,0.8421052631578959
copper,5.0,7.0,SWV,0,0.13701043723850923,0.6047473352217966,3.4429118502956353,-0.5779779869709182,0.09999999999999992,1.4,-1.8173641291966447e-05,0.2804861051234169,-0.2720030632200775,3.4429118502956353,-0.039299123904881106,0.05957446808510647,0.1631267841929549,3.4201119739308643,0.7894736842105242
copper,5.0,7.0,SWV,1,0.13449026258375466,0.6044960339686518,3.417226670781641,-0.6074932244211665,0.09999999999999992,1.4,-0.00013042918354488716,0.24399291794988204,-0.20079563960758928,3.417226670781641,-0.039299123904881106,0.05957446808510647,0.16367326184347752,3.4028759277060074,0.7894736842105242
copper,5.0,7.0,SWV,2,0.13567875116446876,0.6049440593775987,3.41072343783281,-0.5375105106933785,0.09999999999999992,1.4,-8.783243520806807e-05,0.25224500314182297,-0.20845935181780617,3.41072343783281,-0.041051314142678375,0.06132665832290363,0.1667526505364289,3.395191674618399,0.8421052631578959
copper,5.0,7.0,SWV,3,0.14070556574547338,0.6021808241836901,3.3938523198955597,-0.5135395277339273,0.09999999999999992,1.4,-0.0002941481581485952,0.22893903388981474,-0.24732306990711983,3.3938523198955597,-0.039299123904881106,0.06132665832290363,0.16579464049036954,3.3675171305912106,0.8421052631578898
copper,5.0,7.0,SWV,4,0.13857822404935805,0.6039632831560573,3.4507206545515525,-0.5553376391342317,0.09999999999999992,1.4,-0.00013648346538134296,0.23462133377208583,-0.24864394630644182,3.4507206545515525,-0.03754693366708395,0.05957446808510647,0.16345891171918497,3.431342059398569,0.7000000000000025
copper,5.0,7.0,SWV,5,0.1379850520682018,0.6034524250401403,3.5427633626981136,-0.517536663341719,0.09999999999999992,1.4,4.67051034932805e-05,0.22183697644520484,-0.1957758076578851,3.5427633626981136,-0.039299123904881106,0.05957446808510647,0.1632830930248982,3.520901462000626,0.7894736842105242
copper,5.0,7.0,SWV,6,0.13833926847466355,0.6029380801052391,3.4608569603396453,-0.587518008634586,0.09999999999999992,1.4,4.027276026173053e-06,0.2550965952355537,-0.2505765681899428,3.4608569603396453,-0.04280350438047564,0.05957446808510636,0.16339632002840887,3.4464436003376098,0.8888888888888908
copper,5.0,7.0,SWV,7,0.13222955099067332,0.605912596455743,3.39100408886668,-0.652771509474929,0.09999999999999992,1.4,-0.0002457100654373987,0.23363303581360761,-0.22989211456328518,3.39100408886668,-0.03754693366708395,0.06132665832290363,0.16706770953288422,3.382760467931146,0.6666666666666707
copper,5.0,7.0,SWV,8,0.13848289476867418,0.6001846110121313,3.472024022435671,-0.5238901807628208,0.09999999999999992,1.4,0.000202169372961274,0.22956489401905655,-0.2675363917816903,3.472024022435671,-0.03579474342928668,0.06307884856070078,0.1675614156070305,3.4485281726195467,0.6363636363636369
copper,5.0,7.0,SWV,9,0.1390823479153838,0.606500263335718,3.5213141827307415,-0.5595199038844787,0.09999999999999992,1.4,-9.556035315907912e-05,0.2255023451706991,-0.20698215498410744,3.5213141827307415,-0.039299123904881106,0.05957446808510647,0.16420169911317506,3.5000854890978585,0.7894736842105242
copper,5.0,7.5,SWV,0,0.137637414599495,0.6089202145231604,3.572181263120915,-0.5597483612752688,0.09999999999999992,1.4,-1.6952517228200072e-05,0.2954186220611068,-0.2906183615389374,3.572181263120915,-0.039299123904881106,0.05782227784730909,0.1622955626384332,3.551625027611714,0.9411764705882382
copper,5.0,7.5,SWV,1,0.13502261611700306,0.6082384622975092,3.545531694096397,-0.5903717936432188,0.09999999999999992,1.4,-0.0001334228662099578,0.22635401156751045,-0.2163525087205509,3.545531694096397,-0.039299123904881106,0.05957446808510636,0.16568834181975511,3.531105999667553,0.8888888888888908
copper,5.0,7.5,SWV,2,0.1362557283266856,0.6087836554222672,3.5337365998686887,-0.5080881095791651,0.09999999999999992,1.4,-8.922675753944589e-05,0.24682117391395364,-0.22412622899473167,3.5337365998686887,-0.03754693366708395,0.06132665832290363,0.16835534494505355,3.517393565329198,0.9444444444444472
copper,5.0,7.5,SWV,3,0.14147128238099746,0.6064293647725261,3.5212797173094494,-0.4972344787651095,0.09999999999999992,1.4,-0.0003032889211443925,0.253118491858526,-0.2623883547615794,3.5212797173094494,-0.039299123904881106,0.05782227784730909,0.16190699669960215,3.497074148528489,0.9411764705882382
copper,5.0,7.5,SWV,4,0.1392640663738648,0.608019306352098,3.622957570371612,-0.5480354801044544,0.09999999999999992,1.4,-0.00013970446535574693,0.23714783858727828,-0.26638219070732727,3.622957570371612,-0.03754693366708395,0.05782227784730909,0.16221074860834833,3.604713055013159,0.9411764705882382
copper,5.0,7.5,SWV,5,0.13864862283972013,0.6075738745181664,3.6757818539021723,-0.5088152086234676,0.09999999999999992,1.4,5.036219966667555e-05,0.24031412852217837,-0.21287129754510825,3.6757818539021723,-0.039299123904881106,0.05957446808510636,0.1652209154558061,3.65360901606805,0.8888888888888908
copper,5.0,7.5,SWV,6,0.13901613884514558,0.6067229226706422,3.521492179905394,-0.5599732158289228,0.09999999999999992,1.4,6.081967625412091e-06,0.263625681680559,-0.257396102635141,3.521492179905394,-0.03579474342928668,0.06132665832290363,0.168068703593148,3.5051211022207274,0.8421052631578959
copper,5.0,7.5,SWV,7,0.13267702263530182,0.6098381006506509,3.5795559342113066,-0.6276767595705096,0.09999999999999992,1.4,-0.0002530321458541998,0.24680638231008456,-0.24692629264349852,3.5795559342113066,-0.03579474342928668,0.05782227784730909,0.16296767583198196,3.569979006172143,0.8333333333333345
copper,5.0,7.5,SWV,8,0.139165157808937,0.6046011654293282,3.68577329825469,-0.5075458074033636,0.09999999999999992,1.4,0.00021166361388402134,0.24258549588426281,-0.285983982061765,3.68577329825469,-0.03579474342928668,0.05957446808510636,0.1643329538952874,3.6639596136272075,0.8888888888888908
copper,5.0,7.5,SWV,9,0.139787118344642,0.6109108133926214,3.6842167096626057,-0.5309238792382569,0.09999999999999992,1.4,-9.724483203797325e-05,0.22567639161825193,-0.21520937365264325,3.6842167096626057,-0.03754693366708395,0.05607008760951182,0.15979169009125105,3.66191426810575,0.999999999999996
copper,5.0,8.0,SWV,0,0.1383108447546808,0.613135612604961,3.597593434684062,-0.5156048763672745,0.09999999999999992,1.4,-1.69358163831323e-05,0.29245801033973184,-0.30239887979882096,3.597593434684062,-0.03229036295369214,0.0578222778473092,0.163814938110585,3.5771516522023306,0.9411764705882346
copper,5.0,8.0,SWV,1,0.13567600613251954,0.6121338261796356,3.5498286549663005,-0.5464630105166113,0.09999999999999992,1.4,-0.0001342988085557766,0.21909472077934666,-0.22279084416746098,3.5498286549663005,-0.039299123904881106,0.0578222778473092,0.16397426591517847,3.534569971759724,0.6500000000000019
copper,5.0,8.0,SWV,2,0.13691856906701907,0.6127639846822148,3.6035085469819683,-0.4728413632592585,0.09999999999999992,1.4,-8.976397543038553e-05,0.2434881053264133,-0.23745869502810724,3.6035085469819683,-0.03579474342928668,0.0578222778473092,0.1640801056159228,3.586870572777532,0.8333333333333316
copper,5.0,8.0,SWV,3,0.14217409577406165,0.6108870153221808,3.553942785925358,-0.459139793111813,0.09999999999999992,1.4,-0.0003054667379898177,0.25998071372488796,-0.2662345898069951,3.553942785925358,-0.03754693366708395,0.05957446808510647,0.16662083055194082,3.529824217069868,0.7894736842105242
copper,5.0,8.0,SWV,4,0.13994996338986995,0.6123122178893484,3.6728926750840367,-0.5103301396221146,0.09999999999999992,1.4,-0.00014062855065601065,0.22481431995936157,-0.27797695994992766,3.6728926750840367,-0.03754693366708395,0.05607008760951193,0.16075318476669478,3.6541709370433733,0.7777777777777755
copper,5.0,8.0,SWV,5,0.13932980302019646,0.6117828201736659,3.681077068141099,-0.470809279119216,0.09999999999999992,1.4,5.089480884556109e-05,0.28895718653953817,-0.2261175043888256,3.681077068141099,-0.039299123904881106,0.0578222778473092,0.16402006996125595,3.6600716326317158,0.6500000000000019
copper,5.0,8.0,SWV,6,0.13970013571384043,0.6106646066455369,3.614714319373575,-0.5109026138536589,0.09999999999999992,1.4,6.275207617479177e-06,0.25577193094661277,-0.2510089394270467,3.614714319373575,-0.03579474342928668,0.05607008760951193,0.16056892462402517,3.5986750143783706,0.8823529411764692
copper,5.0,8.0,SWV,7,0.13331243573164245,0.6139010146587977,3.6732230814893856,-0.5791250459462127,0.09999999999999992,1.4,-0.00025482478854456435,0.2434732003578587,-0.2602092161686115,3.6732230814893856,-0.03579474342928668,0.0578222778473092,0.16466038945834843,3.663585301865259,0.8333333333333316
copper,5.0,8.0,SWV,8,0.139850296777441,0.6094458202688512,3.780254508576247,-0.4695301490508212,0.09999999999999992,1.4,0.0002134324570944881,0.2392199645352982,-0.2977289818629124,3.780254508576247,-0.03579474342928668,0.05607008760951193,0.15994485427846578,3.758479165182599,0.7777777777777755
copper,5.0,8.0,SWV,9,0.1404770240957825,0.615217326081686,3.734621312011516,-0.48163063954674945,0.09999999999999992,1.4,-9.78435014456953e-05,0.23232829382697384,-0.21345156226529416,3.734621312011516,-0.03754693366708395,0.0578222778473092,0.1641958313457082,3.7110027148935654,0.7368421052631553
copper,10.0,6.0,SWV,0,0.21029437520402833,0.9298668087231307,5.2291385067234675,-0.8937602691753981,0.09999999999999992,1.4,-3.075128191115675e-05,0.3617801574459828,-0.38042692095332836,5.2291385067234675,-0.053316645807259144,0.06132665832290363,0.25552722238246517,5.195522504341815,0.9444444444444472
copper,10.0,6.0,SWV,1,0.20650042681814107,0.9310603670936588,5.276456864642167,-0.9926156661569201,0.09999999999999992,1.4,-0.000199744225528726,0.38467599630694127,-0.25429026025445667,5.276456864642167,-0.05506883604505641,0.0630788485607009,0.2604375259506244,5.252833746436639,0.8947368421052587
copper,10.0,6.0,SWV,2,0.20828961405718383,0.9314544633184962,5.264459565661598,-0.8448654959375419,0.09999999999999992,1.4,-0.00013561777131983833,0.3823028340645631,-0.30255432271592775,5.264459565661598,-0.05857321652065084,0.0630788485607009,0.26073006850140085,5.23859419975943,0.7142857142857139
copper,10.0,6.0,SWV,3,0.21585713523266134,0.9261157242778447,5.289391225892938,-0.7840345737378125,0.09999999999999992,1.4,-0.0004462118019980789,0.406179584472116,-0.3651226367784305,5.289391225892938,-0.05682102628285357,0.06483103879849816,0.263250959699904,5.250058727089326,0.8500000000000013
copper,10.0,6.0,SWV,4,0.2126545696569062,0.9297772995195923,5.220126467044382,-0.8531767894015378,0.09999999999999992,1.4,-0.0002088585274910101,0.34010835822535646,-0.3269515007204704,5.220126467044382,-0.053316645807259144,0.06483103879849816,0.26476751360198,5.196857135101405,0.9473684210526342
copper,10.0,6.0,SWV,5,0.21176159032461453,0.9280478087164747,5.320334897784074,-0.8911682848575111,0.09999999999999992,1.4,6.691917461533594e-05,0.34707610358248586,-0.28693476487845637,5.320334897784074,-0.05857321652065084,0.06132665832290363,0.25633769233948467,5.300117864783508,0.75
copper,10.0,6.0,SWV,6,0.21229483859017223,0.9282994347505966,5.157827015410794,-0.864862314493088,0.09999999999999992,1.4,2.6706613916475596e-06,0.34793882132361964,-0.35157339767787144,5.157827015410794,-0.06032540675844811,0.0630788485607009,0.2602541972372334,5.134084619672545,0.636363636363635
copper,10.0,6.0,SWV,7,0.20309708210020808,0.9329768990560249,5.225692659553386,-0.9245343874098596,0.09999999999999992,1.4,-0.0003732916084272104,0.3800207962887545,-0.29880070138653614,5.225692659553386,-0.05506883604505641,0.0630788485607009,0.26207010008383413,5.213944695479614,0.8947368421052587
copper,10.0,6.0,SWV,8,0.21251105802770387,0.9231724805272977,5.113847736598278,-0.8333232673418965,0.09999999999999992,1.4,0.00030095986425502844,0.3414008696607047,-0.3553927688210982,5.113847736598278,-0.05682102628285357,0.0630788485607009,0.2581466390864426,5.082299812201051,0.8000000000000006
copper,10.0,6.0,SWV,9,0.21341349321967884,0.9318167581571053,5.157072069939606,-0.8339368313461962,0.09999999999999992,1.4,-0.00014725161653020513,0.4058991482435409,-0.30784958393903405,5.157072069939606,-0.05682102628285357,0.06658322903629532,0.2703394013885243,5.1327950448451345,0.8095238095238126
copper,10.0,6.5,SWV,0,0.21134901061961572,0.9348432019756421,5.273935300369917,-0.874403636467094,0.09999999999999992,1.4,-3.090979932416926e-05,0.39178141548750833,-0.3916096867154461,5.273935300369917,-0.053316645807259144,0.0630788485607009,0.2611033848823376,5.240174974552211,0.7142857142857139
copper,10.0,6.5,SWV,1,0.20753531359556296,0.935207088253665,5.252139964900285,-0.9565354014018669,0.09999999999999992,1.4,-0.00020078240185023594,0.39137350462952925,-0.28315864410833436,5.252139964900285,-0.05506883604505641,0.06483103879849816,0.26605601459811806,5.228422690997904,0.681818181818181
copper,10.0,6.5,SWV,2,0.2093338140902961,0.9357553198585682,5.218447438254478,-0.8318773329940796,0.09999999999999992,1.4,-0.00013632215023237044,0.3970671750434356,-0.31812127111624733,5.218447438254478,-0.051564455569461876,0.06132665832290363,0.2575983761092751,5.193411188240038,0.8421052631578959
copper,10.0,6.5,SWV,3,0.21694072648102064,0.9308981852773582,5.2177508253494125,-0.8080246906414348,0.09999999999999992,1.4,-0.00044853291590654805,0.37389640047812045,-0.3669998033652298,5.2177508253494125,-0.04806007509386734,0.0630788485607009,0.26006788761994665,5.17707180747248,0.9999999999999964
copper,10.0,6.5,SWV,4,0.2137214905918285,0.9340647906954017,5.264876350323939,-0.853955676022488,0.09999999999999992,1.4,-0.00020994414648523976,0.3447621609185396,-0.35626110700889063,5.264876350323939,-0.053316645807259144,0.06132665832290363,0.2571169960002492,5.237852077908653,0.75
copper,10.0,6.5,SWV,5,0.21282386303454026,0.9329213501463784,5.149168857612531,-0.8545599560851467,0.09999999999999992,1.4,6.726906119447662e-05,0.3510517130985953,-0.2846099450760582,5.149168857612531,-0.05857321652065084,0.0630788485607009,0.26134458086047085,5.1229323739061785,0.5000000000000013
copper,10.0,6.5,SWV,6,0.21335988701710235,0.9326546018073291,5.187958868862532,-0.9075520270947075,0.09999999999999992,1.4,2.6861152080628546e-06,0.3615698510974994,-0.36922692639164445,5.187958868862532,-0.04981226533166461,0.06483103879849816,0.26570834432807944,5.161727718723527,0.9473684210526342
copper,10.0,6.5,SWV,7,0.2041142534485964,0.9372090023981992,5.201111516913051,-1.0062979935674463,0.09999999999999992,1.4,-0.0003752331508783697,0.34760144796405684,-0.3278845796997629,5.201111516913051,-0.05506883604505641,0.06132665832290363,0.25844789116774347,5.184945302406337,0.6666666666666656
copper,10.0,6.5,SWV,8,0.21357723194159434,0.9277793138486229,5.201053604495276,-0.8039713318356032,0.09999999999999992,1.4,0.00030252800275158877,0.35595230365900865,-0.3848504204321108,5.201053604495276,-0.051564455569461876,0.0630788485607009,0.25899131768713324,5.168605269729823,0.8000000000000006
copper,10.0,6.5,SWV,9,0.2144843645791488,0.937162175881666,5.189077689604989,-0.865183420393915,0.09999999999999992,1.4,-0.00014801655309301532,0.3843320430257643,-0.31073887598375394,5.189077689604989,-0.051564455569461876,0.06132665832290363,0.25805696402191797,5.156882431350571,0.8421052631578959
copper,10.0,7.0,SWV,0,0.2123500240819676,0.940671990121464,5.354642259381588,-0.9001169952535383,0.09999999999999992,1.4,-2.9677998433367583e-05,0.43628098793160763,-0.42309403380701927,5.354642259381588,-0.039299123904881106,0.05957446808510647,0.25374520977941356,5.32004203531367,0.7894736842105242
copper,10.0,7.0,SWV,1,0.20843048321245258,0.9402814752042449,5.3146949840385895,-0.946021027833754,0.09999999999999992,1.4,-0.00020426517827814647,0.37952387756403616,-0.31232229837787273,5.3146949840385895,-0.039299123904881106,0.05957446808510647,0.25457970062790614,5.292976452418952,0.7894736842105242
copper,10.0,7.0,SWV,2,0.21027889858170984,0.9409773757683885,5.304536767856897,-0.8371790842508702,0.09999999999999992,1.4,-0.00013801592221979457,0.39235956427549123,-0.3242462663197909,5.304536767856897,-0.041051314142678375,0.06132665832290363,0.2593764891427587,5.281103140915255,0.8421052631578959
copper,10.0,7.0,SWV,3,0.21809693022350507,0.9366800782646267,5.278341660897459,-0.7998980782544869,0.09999999999999992,1.4,-0.00045889166254330717,0.35610703658671516,-0.38468620055771696,5.278341660897459,-0.039299123904881106,0.06132665832290363,0.2578888571625963,5.238141469781524,0.8421052631578898
copper,10.0,7.0,SWV,4,0.21478834892910292,0.9394504341837769,5.366770153738878,-0.8649040725646844,0.09999999999999992,1.4,-0.00021368119436607222,0.3649514987974005,-0.3867644035387191,5.366770153738878,-0.03754693366708395,0.05957446808510647,0.25425656444231653,5.337403781744677,0.7000000000000025
copper,10.0,7.0,SWV,5,0.21386580897005408,0.9386559663279458,5.509937878677669,-0.8061135164233564,0.09999999999999992,1.4,7.122567951960853e-05,0.34506700731963036,-0.3045386615803436,5.509937878677669,-0.039299123904881106,0.05957446808510647,0.25397573231846715,5.476585304921135,0.7894736842105242
copper,10.0,7.0,SWV,6,0.21441670955115483,0.9378565011680341,5.3825166010175245,-0.9149540240126692,0.09999999999999992,1.4,4.85032388151882e-06,0.3967950344746374,-0.3897492162944449,5.3825166010175245,-0.04280350438047564,0.05957446808510636,0.25416035907212003,5.360895054510548,0.8888888888888908
copper,10.0,7.0,SWV,7,0.20491447630929951,0.9424825895638207,5.2738950352039975,-1.0164405471550755,0.09999999999999992,1.4,-0.00038355756470024335,0.3634120224114774,-0.35760032526465657,5.2738950352039975,-0.03754693366708395,0.06132665832290363,0.2598531049734282,5.261578154432058,0.6666666666666707
copper,10.0,7.0,SWV,8,0.21464008658109582,0.9335745479292122,5.399882085227536,-0.815996092531544,0.09999999999999992,1.4,0.0003130139051013122,0.3570849815468129,-0.41614717350889463,5.399882085227536,-0.03579474342928668,0.06307884856070078,0.26065165126775297,5.364330170664057,0.6363636363636369
copper,10.0,7.0,SWV,9,0.2155723954206657,0.943397584564014,5.476578707581694,-0.8714095356852543,0.09999999999999992,1.4,-0.0001500348869324563,0.3507566665531917,-0.32194757299201693,5.476578707581694,-0.039299123904881106,0.05957446808510647,0.25541301476562056,5.444355397267633,0.7894736842105242
copper,10.0,7.5,SWV,0,0.21332532219905662,0.9471645982736621,5.555728012665356,-0.8717597997269725,0.09999999999999992,1.4,-2.7778472111952767e-05,0.45950934761245765,-0.4520511645252461,5.555728012665356,-0.039299123904881106,0.05782227784730909,0.2524288705686877,5.52420652693634,0.9411764705882382
copper,10.0,7.5,SWV,1,0.2092585887086168,0.9461045905968593,5.514280575861541,-0.9193876910680574,0.09999999999999992,1.4,-0.00020892201797936805,0.3520855787470139,-0.336521872553591,5.514280575861541,-0.039299123904881106,0.05957446808510636,0.257740743550598,5.492884529749157,0.8888888888888908
copper,10.0,7.5,SWV,2,0.2111764186118249,0.9469515952930613,5.495931005237827,-0.7914109047398714,0.09999999999999992,1.4,-0.0001401848680686038,0.38392689976676686,-0.3486361713281879,5.495931005237827,-0.03754693366708395,0.06132665832290363,0.2618664715907218,5.4711775683458725,0.9444444444444472
copper,10.0,7.5,SWV,3,0.21928804498987578,0.943290343292677,5.476562056874619,-0.7745355771384244,0.09999999999999992,1.4,-0.0004731106272034363,0.3937195267602669,-0.408121088109098,5.476562056874619,-0.039299123904881106,0.05782227784730909,0.25182670427650833,5.43940222379873,0.9411764705882382
copper,10.0,7.5,SWV,4,0.21585521476722452,0.9457612204251302,5.634694245014526,-0.8535451585183642,0.09999999999999992,1.4,-0.0002186916387706997,0.36888161739881187,-0.4143572281623191,5.634694245014526,-0.03754693366708395,0.05782227784730909,0.2523027435981281,5.6068681228631005,0.9411764705882382
copper,10.0,7.5,SWV,5,0.21489803017019374,0.9450685124347468,5.716855531661759,-0.7925468090838543,0.09999999999999992,1.4,7.691449578933355e-05,0.37378393612738137,-0.3311316458493574,5.716855531661759,-0.039299123904881106,0.05957446808510636,0.25698018550369145,5.68284685758436,0.8888888888888908
copper,10.0,7.5,SWV,6,0.2154696190163491,0.9437455171235725,5.476878467686205,-0.8721065685371933,0.09999999999999992,1.4,8.046510813666565e-06,0.4100625022779789,-0.40035738098697515,5.476878467686205,-0.03579474342928668,0.06132665832290363,0.26144831090553095,5.452532210917308,0.8421052631578959
copper,10.0,7.5,SWV,7,0.20561054331205494,0.9485903968080369,5.56718363490945,-0.9774042695259787,0.09999999999999992,1.4,-0.00039494746757082417,0.38390389473932984,-0.3840979356116554,5.56718363490945,-0.03579474342928668,0.05782227784730909,0.2535007860191405,5.553197927892033,0.8333333333333345
copper,10.0,7.5,SWV,8,0.21570138464372687,0.9404460956859798,5.732380958723788,-0.7905725397513733,0.09999999999999992,1.4,0.00032778272431447514,0.37733925111491073,-0.44484342505567787,5.732380958723788,-0.03579474342928668,0.05957446808510636,0.2556290161521197,5.699432021463926,0.8888888888888908
copper,10.0,7.5,SWV,9,0.21666870497728954,0.9502598428260376,5.729969118018421,-0.8269268306800205,0.09999999999999992,1.4,-0.0001526551874107375,0.35103948512708794,-0.3347454686986282,5.729969118018421,-0.03754693366708395,0.05607008760951182,0.24854954295888854,5.695995129842716,0.999999999999996
copper,10.0,8.0,SWV,0,0.21437287822646525,0.9537234126080079,5.595256311579998,-0.8030922543337243,0.09999999999999992,1.4,-2.7752441362709524e-05,0.4549040940061635,-0.4703764998456612,5.595256311579998,-0.03229036295369214,0.0578222778473092,0.2547927639676789,5.563912960548679,0.9411764705882346
copper,10.0,8.0,SWV,1,0.2102749679865834,0.9521656399795793,5.520964731057869,-0.8510852747982893,0.09999999999999992,1.4,-0.00021028468579023843,0.3408045919073974,-0.34653716613515173,5.520964731057869,-0.039299123904881106,0.0578222778473092,0.2550567642126435,5.49796273356333,0.6500000000000019
copper,10.0,8.0,SWV,2,0.2122075005258273,0.9531447947381766,5.604462622483521,-0.7365410411967559,0.09999999999999992,1.4,-0.00014102057710404302,0.37874220936083036,-0.3693755722184844,5.604462622483521,-0.03579474342928668,0.0578222778473092,0.25522507448700893,5.5793794307287605,0.8333333333333316
copper,10.0,8.0,SWV,3,0.22038131296641467,0.9502259439127495,5.527370881603484,-0.7152771842500691,0.09999999999999992,1.4,-0.0004764986409324919,0.40439419127459697,-0.4141042785470488,5.527370881603484,-0.03754693366708395,0.05957446808510647,0.2591587429718354,5.4903464740178425,0.7894736842105242
copper,10.0,8.0,SWV,4,0.21692216567922493,0.9524405937812046,5.712371194228443,-0.7948924758217366,0.09999999999999992,1.4,-0.00022012920330648916,0.34969621740806656,-0.4323935909173491,5.712371194228443,-0.03754693366708395,0.05607008760951193,0.2500380979781041,5.683831328631197,0.7777777777777755
copper,10.0,8.0,SWV,5,0.21595764302957243,0.9516172889201432,5.725092684775224,-0.7334264954836611,0.09999999999999992,1.4,7.774313296367844e-05,0.4494510911070644,-0.3517368520091071,5.725092684775224,-0.039299123904881106,0.0578222778473092,0.2551279076119769,5.693151244182556,0.6500000000000019
copper,10.0,8.0,SWV,6,0.2165336138403395,0.9498786078406771,5.621890729481467,-0.7957746368598443,0.09999999999999992,1.4,8.347186193315426e-06,0.39784566030136936,-0.39042194330538815,5.621890729481467,-0.03579474342928668,0.05607008760951193,0.24977413363432557,5.597926071685643,0.8823529411764692
copper,10.0,8.0,SWV,7,0.20659895562401576,0.9549120431269454,5.712888202108657,-0.9018795803316356,0.09999999999999992,1.4,-0.00039773626002088545,0.3787190279702316,-0.4047589891610539,5.712888202108657,-0.03579474342928668,0.0578222778473092,0.2561342598539595,5.698807827356941,0.8333333333333316
copper,10.0,8.0,SWV,8,0.21676715624972456,0.9479836228059483,5.879351976155143,-0.7314370908342347,0.09999999999999992,1.4,0.0003305345895346398,0.37210405789832424,-0.46311350377075766,5.879351976155143,-0.03579474342928668,0.05607008760951193,0.2487978024364915,5.846362532857918,0.7777777777777755
copper,10.0,8.0,SWV,9,0.2177418923393825,0.9569603723867094,5.8083764718312,-0.750248538128437,0.09999999999999992,1.4,-0.0001535864975035129,0.36138695215790984,-0.33203777310187843,5.8083764718312,-0.03754693366708395,0.0578222778473092,0.25540572729060473,5.772447995685602,0.7368421052631553
aluminum,0.1,6.0,SWV,0,0.00607654248910175,0.013677195900545103,0.06260446538466329,-0.006626575914847225,0.09999999999999992,1.4,2.429646955486272e-06,0.005115937274447171,-0.0059890675677709716,0.06260446538466329,-0.3126408010012516,0.10688360450563206,0.005105595387710608,0.0606686258520356,0.6944444444444442
aluminum,0.1,6.0,SWV,1,0.006013163140225507,0.013686459611772091,0.06282703142812276,-0.005649919623197727,0.09999999999999992,1.4,-3.934443577753935e-07,0.005223610157383818,-0.004235663954646644,0.06282703142812276,-0.31964956195244054,0.10513141426783479,0.005039725779442013,0.06082853614129049,0.8749999999999986
aluminum,0.1,6.0,SWV,2,0.006043052192657014,0.013680184905381854,0.0610014120760854,-0.005137934083713958,0.09999999999999992,1.4,6.778124175197103e-07,0.003567150911588719,-0.004639386640472372,0.0610014120760854,-0.3126408010012516,0.10688360450563206,0.0051048635414537484,0.05909483811450811,0.6944444444444442
aluminum,0.1,6.0,SWV,3,0.006169470508333914,0.013743826041413176,0.06275706223859914,-0.0053069037530325235,0.09999999999999992,1.4,-4.510778840722105e-06,0.0038013963688712897,-0.005343017013896464,0.06275706223859914,-0.31964956195244054,0.106883604505632,0.005131687954573991,0.06072522680815879,0.8484848484848475
aluminum,0.1,6.0,SWV,4,0.0061159704339312495,0.013754492019383271,0.06273706785866941,-0.005214287740583014,0.09999999999999992,1.4,-5.457022340237298e-07,0.0044043485957972126,-0.0042677671014150625,0.06273706785866941,-0.3126408010012516,0.10162703379224025,0.004951110249954822,0.06079360057743004,0.5263157894736845
aluminum,0.1,6.0,SWV,5,0.006101052874996836,0.013743416780608577,0.06279408495237761,-0.0052743800082608846,0.09999999999999992,1.4,4.061269030821112e-06,0.005251572924630897,-0.0036736236504692835,0.06279408495237761,-0.31789737171464333,0.10337922403003758,0.005027849962243714,0.060877900011039654,0.7878787878787881
aluminum,0.1,6.0,SWV,6,0.006109960989821527,0.013796648934501377,0.06210600017788135,-0.004501093593234414,0.09999999999999992,1.4,2.9879732133210125e-06,0.004491372520711511,-0.004293381110474857,0.06210600017788135,-0.31964956195244054,0.10863579474342927,0.005221372170577068,0.0602929340409074,0.8787878787878782
aluminum,0.1,6.0,SWV,7,0.00595630897398899,0.01366359351701984,0.06292351204245533,-0.004907107819712292,0.09999999999999992,1.4,-3.2926193091789405e-06,0.0037888092279444036,-0.0035885696534251076,0.06292351204245533,-0.31614518147684606,0.10688360450563206,0.00511050903650536,0.06117568976442298,0.7941176470588229
aluminum,0.1,6.0,SWV,8,0.006113573017654095,0.013724472593640229,0.06465873748777208,-0.005056901993577952,0.09999999999999992,1.4,7.97100764906064e-06,0.004524803671723594,-0.0042154343316004785,0.06465873748777208,-0.31964956195244054,0.1016270337922403,0.004940853035454076,0.06269331062803296,0.8709677419354833
aluminum,0.1,6.0,SWV,9,0.006128648540316219,0.01371701219965296,0.061752257019283184,-0.004104912405391214,0.09999999999999992,1.4,4.834646142910662e-07,0.00386158067002558,-0.005044349357242715,0.061752257019283184,-0.31439299123904885,0.106883604505632,0.0051108348490253395,0.05973339047573851,0.6944444444444449
aluminum,0.1,6.5,SWV,0,0.006095074786176575,0.013735581827889786,0.06433377123224114,-0.006705624163102154,0.09999999999999992,1.4,2.4375666506467826e-06,0.005164077052960512,-0.006129400184931771,0.06433377123224114,-0.3126408010012516,0.10337922403003752,0.0050030119721188974,0.062395236078977616,0.7878787878787888
aluminum,0.1,6.5,SWV,1,0.006030919433187566,0.013750173505431161,0.06382173199978301,-0.005722502493523388,0.09999999999999992,1.4,-4.200900298622571e-07,0.005143126973308254,-0.004251589550654779,0.06382173199978301,-0.3091364205256571,0.10863579474342927,0.0051476211587800835,0.06180443150900031,0.722222222222223
aluminum,0.1,6.5,SWV,2,0.006061174441218567,0.013740724010811306,0.0627110904585268,-0.005034810082998777,0.09999999999999992,1.4,6.642829998311203e-07,0.003596249019416158,-0.004601421923103317,0.0627110904585268,-0.3126408010012516,0.10337922403003752,0.005002321425981457,0.06084365748959311,0.7352941176470591
aluminum,0.1,6.5,SWV,3,0.006189140597550721,0.013805549835843206,0.06380787013881327,-0.005351204009440601,0.09999999999999992,1.4,-4.587836335414463e-06,0.0040184928548812615,-0.0053939050683024575,0.06380787013881327,-0.3108886107634543,0.10337922403003752,0.005017167238529206,0.061744839316377066,0.7352941176470591
aluminum,0.1,6.5,SWV,4,0.00613498547890248,0.013811449801168878,0.06446799726450426,-0.0052740384311755146,0.09999999999999992,1.4,-5.742121211942776e-07,0.004571297682864902,-0.0040939095518217755,0.06446799726450426,-0.3126408010012516,0.10513141426783479,0.00506919315450523,0.06255213320552638,0.7647058823529418
aluminum,0.1,6.5,SWV,5,0.006119885272350339,0.013803773664638957,0.06380892667621031,-0.00533582475182592,0.09999999999999992,1.4,4.089165981402997e-06,0.0053013710305438114,-0.003703522854108982,0.06380892667621031,-0.31789737171464333,0.106883604505632,0.005138162172844912,0.061903739571730496,0.9677419354838696
aluminum,0.1,6.5,SWV,6,0.006128902456357082,0.01386534804599614,0.0631893633916465,-0.0045537166890876855,0.09999999999999992,1.4,3.002728943878324e-06,0.004531843988811842,-0.004415464707060142,0.0631893633916465,-0.3021276595744681,0.11038798498122648,0.00528079514470666,0.06137446846631042,0.5749999999999994
aluminum,0.1,6.5,SWV,7,0.005973369155873709,0.013728916858048475,0.06418295355721144,-0.004955844015597517,0.09999999999999992,1.4,-3.3547619014110687e-06,0.003859263689452219,-0.003618060419994907,0.06418295355721144,-0.31614518147684606,0.10513141426783479,0.005055160009764024,0.06242981720767306,0.8750000000000003
aluminum,0.1,6.5,SWV,8,0.006132558709138361,0.013789681480128468,0.06547105391725593,-0.005114701218283847,0.09999999999999992,1.4,8.046774659865406e-06,0.004567688646590198,-0.00425243660371344,0.06547105391725593,-0.31439299123904885,0.106883604505632,0.005122666019113816,0.06355521266164255,0.9677419354838716
aluminum,0.1,6.5,SWV,9,0.006147818813494609,0.01377332471416895,0.06323655448385397,-0.003969227784806268,0.09999999999999992,1.4,4.675556408436049e-07,0.003788443125157397,-0.005000001975196899,0.06323655448385397,-0.31439299123904885,0.10337922403003752,0.005003132651877656,0.06125513340407775,0.8437500000000018
aluminum,0.1,7.0,SWV,0,0.00611392191752262,0.013793521252677342,0.06524063557531648,-0.006737791539181147,0.09999999999999992,1.4,2.437377943900345e-06,0.005185487661370586,-0.006248657702782976,0.06524063557531648,-0.3126408010012516,0.10513141426783479,0.005051448359264988,0.06332330962001642,1.0
aluminum,0.1,7.0,SWV,1,0.006049496499531333,0.013812866703865332,0.06520768549209774,-0.005752419788350921,0.09999999999999992,1.4,-4.3230817798765883e-07,0.005004262589461697,-0.004240423126006372,0.06520768549209774,-0.3091364205256571,0.10162703379224025,0.004935810676424916,0.06321950016550316,0.8709677419354842
aluminum,0.1,7.0,SWV,2,0.0060798788674540985,0.013800996411014104,0.0636111240498966,-0.0049218514331414295,0.09999999999999992,1.4,6.566295714225995e-07,0.003611032744343847,-0.004509931230482614,0.0636111240498966,-0.3126408010012516,0.106883604505632,0.005115401155066863,0.061748143320281695,0.9062499999999998
aluminum,0.1,7.0,SWV,3,0.006208383703392727,0.013865762358131913,0.06495515640899167,-0.005366114923473865,0.09999999999999992,1.4,-4.617598809353074e-06,0.004152028348785322,-0.005416272131869144,0.06495515640899167,-0.3108886107634543,0.10513141426783479,0.005075587255981966,0.06295540105078856,0.8749999999999986
aluminum,0.1,7.0,SWV,4,0.00615400061620313,0.013867648036148265,0.06537542663843082,-0.005299489869969751,0.09999999999999992,1.4,-5.870790535755333e-07,0.0046407615993395365,-0.003938497523828053,0.06537542663843082,-0.3126408010012516,0.09987484355444304,0.004898689751341857,0.06344793948592396,0.8999999999999998
aluminum,0.1,7.0,SWV,5,0.006138836844615072,0.013862925551301324,0.06423557076340147,-0.005361865755046889,0.09999999999999992,1.4,4.095929760400029e-06,0.005323355935005257,-0.0036772358170212953,0.06423557076340147,-0.30387984981226535,0.10863579474342927,0.005190568854828905,0.062313814521373044,0.7714285714285712
aluminum,0.1,7.0,SWV,6,0.006147891986885714,0.013931132873675919,0.06547119857544867,-0.0045766875818927764,0.09999999999999992,1.4,3.004919314619557e-06,0.004550585871328478,-0.004529747606888842,0.06547119857544867,-0.3021276595744681,0.10513141426783479,0.005123510623475757,0.06365470795198247,0.7142857142857143
aluminum,0.1,7.0,SWV,7,0.005991703961594631,0.013793865687011719,0.06459517920581206,-0.004975971262099954,0.09999999999999992,1.4,-3.379333690016166e-06,0.0038455194105054893,-0.003632980798043894,0.06459517920581206,-0.31614518147684606,0.11038798498122654,0.005227760530747092,0.06288042147244899,0.8529411764705891
aluminum,0.1,7.0,SWV,8,0.0061515636308365484,0.013853388963109146,0.06613687474724972,-0.005139473507792093,0.09999999999999992,1.4,8.070198180364388e-06,0.0047340014615355405,-0.004269971136424361,0.06613687474724972,-0.31439299123904885,0.10513141426783479,0.005079781155221289,0.06423891220707209,0.9354838709677411
aluminum,0.1,7.0,SWV,9,0.006166887973326105,0.013828580256113238,0.06427389571041671,-0.003990092869363065,0.09999999999999992,1.4,4.590740792836468e-07,0.003804398467812014,-0.004898779235035448,0.06427389571041671,-0.3091364205256571,0.10863579474342933,0.005163736756191894,0.06229771158040356,0.8787878787878792
aluminum,0.1,7.5,SWV,0,0.006132776458456104,0.013852476257945855,0.06529915582732497,-0.006769004868037936,0.09999999999999992,1.4,2.4370596192847586e-06,0.005206354318925967,-0.0063749400971798535,0.06529915582732497,-0.3126408010012516,0.09812265331664577,0.004825219393738978,0.0633850839507088,0.7499999999999998
aluminum,0.1,7.5,SWV,1,0.006068091271555177,0.013875706931673542,0.06576693394698135,-0.005781468819174428,0.09999999999999992,1.4,-4.441973275684356e-07,0.004848958071499698,-0.0042435665337391786,0.06576693394698135,-0.3091364205256571,0.09637046307884856,0.0047691929627518455,0.06378952318421799,0.8965517241379298
aluminum,0.1,7.5,SWV,2,0.006098596143837768,0.013862320815595769,0.0641965152884353,-0.004829933961550366,0.09999999999999992,1.4,6.491311139110065e-07,0.003625525165022932,-0.004378791462595972,0.0641965152884353,-0.3073842302878598,0.09987484355444304,0.004894056471868762,0.06232568356893889,0.8999999999999998
aluminum,0.1,7.5,SWV,3,0.006227619122493287,0.013926159922631673,0.06526351340210411,-0.005383656719935124,0.09999999999999992,1.4,-4.646363416132651e-06,0.004209359706267558,-0.00543805878020843,0.06526351340210411,-0.3108886107634543,0.10162703379224025,0.004968126448702235,0.06327375611153391,0.7575757575757581
aluminum,0.1,7.5,SWV,4,0.0061730167579485355,0.013925096634436761,0.06543449037977295,-0.005324243303279384,0.09999999999999992,1.4,-5.995922528380729e-07,0.004639570235765028,-0.003886608848636227,0.06543449037977295,-0.3126408010012516,0.10162703379224025,0.004966372913121777,0.06352273952396349,0.7058823529411764
aluminum,0.1,7.5,SWV,5,0.006157791844709648,0.013922914938075329,0.06552511856406716,-0.005387186275935445,0.09999999999999992,1.4,4.102298861499023e-06,0.0053447721355864945,-0.00370047458985346,0.06552511856406716,-0.30387984981226535,0.09987484355444304,0.004913487213070244,0.06361620798066678,0.9655172413793109
aluminum,0.1,7.5,SWV,6,0.006166883498104432,0.013996290381678475,0.06700252413400416,-0.004599055038783873,0.09999999999999992,1.4,3.0068893663566798e-06,0.004568885546825416,-0.004650614378602919,0.06700252413400416,-0.3021276595744681,0.09812265331664577,0.004889518707334679,0.06515010877769287,0.9310344827586209
aluminum,0.1,7.5,SWV,7,0.006010065709060265,0.013859408931672942,0.06412992178292683,-0.00499660178613685,0.09999999999999992,1.4,-3.4031055037348106e-06,0.003777441047088756,-0.0036476046620126275,0.06412992178292683,-0.31614518147684606,0.10513141426783479,0.005070524898401132,0.06241800381770504,0.6666666666666675
aluminum,0.1,7.5,SWV,8,0.00617056994644421,0.013917168313103478,0.06594714323557872,-0.005163573684041333,0.09999999999999992,1.4,8.092591878683712e-06,0.005080070635487356,-0.0042871094917362644,0.06594714323557872,-0.31439299123904885,0.10162703379224025,0.0049639232725484286,0.06405338054486437,0.6571428571428565
aluminum,0.1,7.5,SWV,9,0.006185956078020489,0.013884437749386785,0.06482937904338136,-0.004011098214343728,0.09999999999999992,1.4,4.507790607812738e-07,0.0038197455210374604,-0.004758513648266353,0.06482937904338136,-0.3091364205256571,0.10337922403003752,0.005007320098390314,0.062864760506282,0.84375
aluminum,0.1,8.0,SWV,0,0.006151621685331078,0.013912325153446656,0.06540357561717479,-0.006801506203932064,0.09999999999999992,1.4,2.4369871445042837e-06,0.005227955334815511,-0.006506915561252634,0.06540357561717479,-0.3056320400500626,0.10337922403003758,0.005015660020687784,0.06348943679089565,0.7352941176470584
aluminum,0.1,8.0,SWV,1,0.006086662829328293,0.013938311271888895,0.06546180733799598,-0.005811690045798546,0.09999999999999992,1.4,-4.5645978028124283e-07,0.005096964661879914,-0.004209672927419358,0.06546180733799598,-0.3091364205256571,0.10688360450563206,0.00515245284259753,0.06351481884933347,0.605263157894737
aluminum,0.1,8.0,SWV,2,0.0061172967611591335,0.013924585424043179,0.0641422585432893,-0.004760151850834892,0.09999999999999992,1.4,6.414942984878579e-07,0.0036404108596547902,-0.004211629440800953,0.0641422585432893,-0.3073842302878598,0.09637046307884856,0.004804674006172281,0.062279992201695215,0.7187500000000003
aluminum,0.1,8.0,SWV,3,0.006246865608264288,0.013986392684454875,0.06489682627584323,-0.005404475777580646,0.09999999999999992,1.4,-4.676404329021837e-06,0.004199459847651146,-0.005460629015439509,0.06489682627584323,-0.2951188986232791,0.10337922403003752,0.005061530222001584,0.06288945896573186,0.9666666666666662
aluminum,0.1,8.0,SWV,4,0.006192032232868671,0.013983683276001899,0.06543088973408462,-0.005349939075663378,0.09999999999999992,1.4,-6.125121480298943e-07,0.004583293386061921,-0.0039027779553950496,0.06543088973408462,-0.3056320400500626,0.10337922403003752,0.005062620132838239,0.0635563840305521,0.6857142857142854
aluminum,0.1,8.0,SWV,5,0.006176742906299132,0.013983749111275458,0.06598017549468492,-0.005413479480662735,0.09999999999999992,1.4,4.1092716554984806e-06,0.005366947758534143,-0.0037078508382010766,0.06598017549468492,-0.30387984981226535,0.09812265331664577,0.004879145745086435,0.06409163155751599,0.7499999999999998
aluminum,0.1,8.0,SWV,6,0.0061858730245223925,0.014060731213260473,0.06771370184325158,-0.005027971801929295,0.09999999999999992,1.4,3.009227718576421e-06,0.004587782221862917,-0.004775788905116223,0.06771370184325158,-0.3021276595744681,0.09987484355444304,0.004979396519731024,0.06589387288091714,0.7812500000000001
aluminum,0.1,8.0,SWV,7,0.006028391773168854,0.013925179570793284,0.06381277727060053,-0.005018808907899083,0.09999999999999992,1.4,-3.4278864600162277e-06,0.0036663960079843586,-0.0036626288334432435,0.06381277727060053,-0.3073842302878598,0.10863579474342927,0.005230465488227828,0.062064490163229596,0.5897435897435901
aluminum,0.1,8.0,SWV,8,0.006189575069431561,0.013980676877247461,0.06546821405066294,-0.005188581243685589,0.09999999999999992,1.4,8.116446743501665e-06,0.005400659570030268,-0.0043047827045665085,0.06546821405066294,-0.30387984981226535,0.10513141426783479,0.005123933947058261,0.06356223500528038,0.7142857142857143
aluminum,0.1,8.0,SWV,9,0.006205026296418572,0.013940799343916507,0.06452028584141381,-0.004032845338800186,0.09999999999999992,1.4,4.4230306051794505e-07,0.0038359137925918084,-0.004583664389812923,0.06452028584141381,-0.3091364205256571,0.10513141426783479,0.0051000306623675,0.06253105389203129,0.5789473684210523
aluminum,0.2,6.0,SWV,0,0.01068054568532252,0.02701165422434906,0.12240292775458486,-0.013985675988209673,0.09999999999999992,1.4,2.3189358941596694e-06,0.010061190327648024,-0.011777685952633319,0.12240292775458486,-0.3126408010012516,0.10688360450563206,0.01009269463603915,0.11991230484744664,0.6944444444444442
aluminum,0.2,6.0,SWV,1,0.010556563038033415,0.027030553985208348,0.12290220420194606,-0.012504095532431102,0.09999999999999992,1.4,-3.203593774621016e-06,0.0102521810856658,-0.008323316882884658,0.12290220420194606,-0.31964956195244054,0.10513141426783479,0.009960888682247494,0.12026653322060929,0.8749999999999986
aluminum,0.2,6.0,SWV,2,0.01061503198590249,0.027016375492916227,0.11926703575715947,-0.011145812443778071,0.09999999999999992,1.4,-1.1080018620752335e-06,0.007025313842620921,-0.009162056100419494,0.11926703575715947,-0.3126408010012516,0.10688360450563206,0.010077892464776923,0.1167085678034323,0.6944444444444442
aluminum,0.2,6.0,SWV,3,0.010862331425252312,0.02714239827275962,0.12276533051201985,-0.011168073394380147,0.09999999999999992,1.4,-1.125792121757454e-05,0.007465586554329057,-0.010502901125494056,0.12276533051201985,-0.31964956195244054,0.106883604505632,0.010138571179770059,0.12003330045484224,0.8484848484848475
aluminum,0.2,6.0,SWV,4,0.010757674609235499,0.027159513294997543,0.12266232464104494,-0.01123856773533163,0.09999999999999992,1.4,-3.501440548098382e-06,0.008649181896893655,-0.008369812965450467,0.12266232464104494,-0.3126408010012516,0.10162703379224025,0.009781910308341147,0.12008562858445981,0.5263157894736845
aluminum,0.2,6.0,SWV,5,0.010728492888681837,0.027137955885143197,0.12282452701729767,-0.011258705862926691,0.09999999999999992,1.4,5.510714097346365e-06,0.010326485854434695,-0.007223702192926076,0.12282452701729767,-0.31789737171464333,0.10337922403003758,0.00993727319432669,0.12035209298372035,0.7878787878787881
aluminum,0.2,6.0,SWV,6,0.010745918937985011,0.027243595865318607,0.12149172326820121,-0.009796478577647233,0.09999999999999992,1.4,3.41113341156453e-06,0.008837756448560146,-0.00846130744808464,0.12149172326820121,-0.31964956195244054,0.10863579474342927,0.010332610600115186,0.11935430503624428,0.8787878787878782
aluminum,0.2,6.0,SWV,7,0.01044534494942253,0.026981503482271584,0.12306262416915956,-0.010288205006533262,0.09999999999999992,1.4,-8.874958214340084e-06,0.007448742243987602,-0.007077397905099536,0.12306262416915956,-0.31614518147684606,0.10513141426783479,0.009986169425082915,0.12079977928507525,0.7647058823529402
aluminum,0.2,6.0,SWV,8,0.010752984784837398,0.027102901869916436,0.12648538658481115,-0.01109161670392357,0.09999999999999992,1.4,1.3158942624343386e-05,0.008891349709542647,-0.008290885777906093,0.12648538658481115,-0.31964956195244054,0.1016270337922403,0.00975579552353919,0.12381713792015542,0.8709677419354833
aluminum,0.2,6.0,SWV,9,0.010782475513948024,0.027088344703553802,0.12075451061677728,-0.009193383607660071,0.09999999999999992,1.4,-1.4881849274796418e-06,0.0075887157276864035,-0.009953839856648855,0.12075451061677728,-0.31439299123904885,0.106883604505632,0.01010735315858017,0.11813743196448016,0.6944444444444449
aluminum,0.2,6.5,SWV,0,0.010717318432274142,0.027122179536663092,0.12583430628678655,-0.014142527630416304,0.09999999999999992,1.4,2.3346505648718642e-06,0.010156711777926467,-0.012056141224479944,0.12583430628678655,-0.3126408010012516,0.10337922403003752,0.009888799337705673,0.1233338866143566,0.7878787878787888
aluminum,0.2,6.5,SWV,1,0.010591795997296712,0.02715156654611206,0.12480259558021238,-0.012648118235754463,0.09999999999999992,1.4,-3.2564655019114585e-06,0.010092482169232407,-0.008354917278113397,0.12480259558021238,-0.3091364205256571,0.10863579474342927,0.010174188091943981,0.12214960302909855,0.722222222222223
aluminum,0.2,6.5,SWV,2,0.010650991093284467,0.027131126864456116,0.1226594684530274,-0.010941188442358972,0.09999999999999992,1.4,-1.1348476357564993e-06,0.007083051820357257,-0.009086724535246254,0.1226594684530274,-0.3126408010012516,0.10337922403003752,0.009876734126777491,0.12019102345517367,0.7352941176470591
aluminum,0.2,6.5,SWV,3,0.01090136183850141,0.027259530255676925,0.12479132763214273,-0.011255976265363104,0.09999999999999992,1.4,-1.1410822703105828e-05,0.007896097949893502,-0.010603875847622485,0.12479132763214273,-0.3108886107634543,0.10337922403003752,0.009914338532156867,0.12202647081656832,0.7352941176470591
aluminum,0.2,6.5,SWV,4,0.010795405249650853,0.027267249367088294,0.12609692472191408,-0.011372278642758003,0.09999999999999992,1.4,-3.5580113478384087e-06,0.008980450951547661,-0.008024835780430714,0.12609692472191408,-0.3126408010012516,0.10513141426783479,0.010017782834784366,0.12362591905354026,0.7647058823529418
aluminum,0.2,6.5,SWV,5,0.01076586111020217,0.02725237029587891,0.12483822870553259,-0.011380627716299833,0.09999999999999992,1.4,5.5660686764536965e-06,0.01042529784412016,-0.007283029746604844,0.12483822870553259,-0.31789737171464333,0.106883604505632,0.010157172259583552,0.12242856167479374,0.9677419354838696
aluminum,0.2,6.5,SWV,6,0.010783503580244531,0.027374458879686578,0.12348474668058454,-0.009900896059182858,0.09999999999999992,1.4,3.4404124989696185e-06,0.008918062038806473,-0.008703552064931029,0.12348474668058454,-0.3021276595744681,0.11038798498122648,0.010457499127840568,0.12142918280683825,0.5749999999999994
aluminum,0.2,6.5,SWV,7,0.010479196648910316,0.027105632518286883,0.1255616734740299,-0.010384909899155914,0.09999999999999992,1.4,-8.998264775304633e-06,0.007588541647924371,-0.00713591501671835,0.1255616734740299,-0.31614518147684606,0.10513141426783479,0.009974846543527857,0.12326180754623806,0.8750000000000003
aluminum,0.2,6.5,SWV,8,0.01079065718053846,0.02722686144498787,0.12807161554006655,-0.010901831727108088,0.09999999999999992,1.4,1.3309283464680427e-05,0.008976444305340947,-0.008364307609185356,0.12807161554006655,-0.31439299123904885,0.106883604505632,0.010099412419226442,0.12539015361081654,0.9677419354838716
aluminum,0.2,6.5,SWV,9,0.010820514166239002,0.02719480748522215,0.12369973078269725,-0.00917917928083163,0.09999999999999992,1.4,-1.5197523393596602e-06,0.007415889051141617,-0.009865843476526456,0.12369973078269725,-0.31439299123904885,0.10337922403003752,0.009886755618678297,0.12109335002020026,0.8437500000000018
aluminum,0.2,7.0,SWV,0,0.010754725050956336,0.02723202513955305,0.12763311855685378,-0.014204992469151093,0.09999999999999992,1.4,2.3340385254600036e-06,0.010198418509996709,-0.01229188966656971,0.12763311855685378,-0.3126408010012516,0.10513141426783479,0.00997997908777537,0.1251479585090422,1.0
aluminum,0.2,7.0,SWV,1,0.010628681452159424,0.0272707633056836,0.12755198689676633,-0.012706240931193113,0.09999999999999992,1.4,-3.2802916177955555e-06,0.009816063706770553,-0.008333135731586214,0.12755198689676633,-0.3091364205256571,0.10162703379224025,0.00974635403262223,0.12487176299709975,0.8709677419354842
aluminum,0.2,7.0,SWV,2,0.01068812232367189,0.02724556085993706,0.1244450989312342,-0.01071619907160339,0.09999999999999992,1.4,-1.1498648843587213e-06,0.007111970179710448,-0.008904792383256352,0.1244450989312342,-0.3126408010012516,0.106883604505632,0.0100964049920221,0.12198483384829031,0.9062499999999998
aluminum,0.2,7.0,SWV,3,0.010939532597590515,0.027373860672834434,0.12706723998295696,-0.011284574475832154,0.09999999999999992,1.4,-1.146850536379938e-05,0.008160472749417266,-0.010647428319860397,0.12706723998295696,-0.3108886107634543,0.10513141426783479,0.01001877753922146,0.12433731601232019,0.8749999999999986
aluminum,0.2,7.0,SWV,4,0.0108331360814827,0.027373685917449302,0.12789682737257138,-0.011426911159014053,0.09999999999999992,1.4,-3.583089469269027e-06,0.009117589077308856,-0.007739709291173492,0.12789682737257138,-0.3126408010012516,0.09987484355444304,0.009681238952410761,0.12542606711808085,0.8999999999999998
aluminum,0.2,7.0,SWV,5,0.010803469276021667,0.027364615104290002,0.1256107859211938,-0.011431270053594799,0.09999999999999992,1.4,5.578873347812954e-06,0.010468112645054949,-0.0072302987095319085,0.1256107859211938,-0.30387984981226535,0.10863579474342927,0.010261831183762659,0.12319638167379661,0.7714285714285712
aluminum,0.2,7.0,SWV,6,0.010821184996850424,0.02749976110986809,0.1280114159329517,-0.009945613784043471,0.09999999999999992,1.4,3.444391536149903e-06,0.008954618738965692,-0.008929828736956722,0.1280114159329517,-0.3021276595744681,0.10513141426783479,0.01013739215934615,0.12588436787171647,0.7142857142857143
aluminum,0.2,7.0,SWV,7,0.010515614596060263,0.027229262932147908,0.1263791410092964,-0.010423967502147118,0.09999999999999992,1.4,-9.045930597935687e-06,0.00756074884697374,-0.007165097085408331,0.1263791410092964,-0.31614518147684606,0.10863579474342933,0.010201784555643568,0.12411768930370476,0.8787878787878792
aluminum,0.2,7.0,SWV,8,0.01082836829858898,0.027348060266211206,0.1293919382479035,-0.01091940738150937,0.09999999999999992,1.4,1.3354237635010495e-05,0.009315474545307012,-0.008398534399764554,0.1293919382479035,-0.31439299123904885,0.10513141426783479,0.010023036407794802,0.12682696370616314,0.9354838709677411
aluminum,0.2,7.0,SWV,9,0.010858349249226218,0.027299383655729672,0.12572509576788338,-0.009224220820341536,0.09999999999999992,1.4,-1.5363676959455145e-06,0.007444778303100455,-0.009664502638741704,0.12572509576788338,-0.3091364205256571,0.10863579474342933,0.010202503251512028,0.12313690237907003,0.8787878787878792
aluminum,0.2,7.5,SWV,0,0.010792148901139583,0.027344110466848575,0.1277484270740185,-0.014265187878552264,0.09999999999999992,1.4,2.333103701112661e-06,0.01023883132495577,-0.012541331951222886,0.1277484270740185,-0.3126408010012516,0.09812265331664577,0.009532927711975296,0.12527650049905514,0.7499999999999998
aluminum,0.2,7.5,SWV,1,0.010665608630240277,0.027390491830534228,0.12866079673878988,-0.012762298253184621,0.09999999999999992,1.4,-3.3033495898662953e-06,0.009506781902369784,-0.00833849468797683,0.12866079673878988,-0.3091364205256571,0.09637046307884856,0.009419350010314891,0.1260312139018456,0.8965517241379298
aluminum,0.2,7.5,SWV,2,0.010725283727234277,0.027362306641281007,0.1255843080090693,-0.010532725790534242,0.09999999999999992,1.4,-1.1645279555000572e-06,0.007140195602287136,-0.008644078381475781,0.1255843080090693,-0.3073842302878598,0.09987484355444304,0.009660462726493827,0.12311901308585646,0.8999999999999998
aluminum,0.2,7.5,SWV,3,0.010977684677954435,0.027488792183883465,0.1276783416485052,-0.011318120055090175,0.09999999999999992,1.4,-1.1523828816821799e-05,0.008273475565893647,-0.010689600135761722,0.1276783416485052,-0.3108886107634543,0.10162703379224025,0.009806857619763342,0.12499061742375399,0.7575757575757581
aluminum,0.2,7.5,SWV,4,0.010870868908652909,0.02748281798654759,0.1280131750286783,-0.011479642320271563,0.09999999999999992,1.4,-3.60734060979045e-06,0.009114337247839572,-0.007650446635929953,0.1280131750286783,-0.3126408010012516,0.10162703379224025,0.009808484801615357,0.12552781636070556,0.7058823529411764
aluminum,0.2,7.5,SWV,5,0.010841085201780136,0.02747874505494937,0.12816870348491066,-0.011480198551468111,0.09999999999999992,1.4,5.590724725609272e-06,0.01050957572259427,-0.007276195221844209,0.12816870348491066,-0.30387984981226535,0.09987484355444304,0.009710411535154862,0.1257484410408371,0.9655172413793109
aluminum,0.2,7.5,SWV,6,0.01085887073102752,0.02762406369158095,0.13104859051359583,-0.010284121738861833,0.09999999999999992,1.4,3.447832034067885e-06,0.00899012354404186,-0.009169034368446932,0.13104859051359583,-0.3021276595744681,0.09812265331664577,0.009679207739855467,0.12890987788818098,0.9310344827586209
aluminum,0.2,7.5,SWV,7,0.010552096236615486,0.027354308701316978,0.1254553252073919,-0.010463780825275056,0.09999999999999992,1.4,-9.09170794696193e-06,0.007424999792453538,-0.007193573824492085,0.1254553252073919,-0.31614518147684606,0.10337922403003752,0.009891471712333748,0.12321322049211952,0.6388888888888894
aluminum,0.2,7.5,SWV,8,0.01086608233841278,0.027469639919732048,0.12901439942100595,-0.01096600260886737,0.09999999999999992,1.4,1.3396727669305405e-05,0.01000139765354735,-0.008431818787708573,0.12901439942100595,-0.31439299123904885,0.10162703379224025,0.009791619796477689,0.12644543391413468,0.6571428571428565
aluminum,0.2,7.5,SWV,9,0.010896181428344092,0.02740538271035399,0.12682670678452837,-0.009267704961832442,0.09999999999999992,1.4,-1.5525537731406734e-06,0.007474121511268205,-0.009385555849069797,0.12682670678452837,-0.3091364205256571,0.10337922403003752,0.009887933967132466,0.12422180272164927,0.84375
aluminum,0.2,8.0,SWV,0,0.010829550950883981,0.027458214515985707,0.12794440118055647,-0.014328432940998082,0.09999999999999992,1.4,2.3327427836798947e-06,0.010280982902254411,-0.012802392622015954,0.12794440118055647,-0.3056320400500626,0.10337922403003758,0.009906171055634697,0.12546416188065762,0.7352941176470584
aluminum,0.2,8.0,SWV,1,0.010702481095978617,0.02751002001977546,0.12805471850336567,-0.01282113101846846,0.09999999999999992,1.4,-3.3272996421456986e-06,0.010042903286717308,-0.008270612252750914,0.12805471850336567,-0.3091364205256571,0.10688360450563206,0.010168183124052476,0.12544644362533333,0.605263157894737
aluminum,0.2,8.0,SWV,2,0.01076240593937116,0.027481163547213867,0.12547634597090257,-0.01039348293127841,0.09999999999999992,1.4,-1.179526819977243e-06,0.007169352191443415,-0.008312029010966115,0.12547634597090257,-0.3073842302878598,0.09637046307884856,0.009484185323654038,0.12303477853654203,0.7187500000000003
aluminum,0.2,8.0,SWV,3,0.0110158632139451,0.02760366578949199,0.12691532520665896,-0.011358526777145246,0.09999999999999992,1.4,-1.1582182417392744e-05,0.008253289643308136,-0.010733627273940817,0.12691532520665896,-0.2951188986232791,0.10337922403003752,0.009998331561049038,0.12428343823396304,0.9666666666666662
aluminum,0.2,8.0,SWV,4,0.010908600409698772,0.027594452977544957,0.1279978319379031,-0.011534928517270594,0.09999999999999992,1.4,-3.632562895652053e-06,0.009002034009767089,-0.0076820957408372005,0.1279978319379031,-0.3056320400500626,0.10337922403003752,0.010000474282650527,0.1256217029341582,0.6857142857142854
aluminum,0.2,8.0,SWV,5,0.010878692054959449,0.027594801425985298,0.1290710279572017,-0.01153143010215424,0.09999999999999992,1.4,5.603997286120759e-06,0.010552838700381276,-0.007290318174167192,0.1290710279572017,-0.30387984981226535,0.09812265331664577,0.009639058473258931,0.126667681309002,0.7499999999999998
aluminum,0.2,8.0,SWV,6,0.010896552018470023,0.027747228329755264,0.1324587715639264,-0.011248770025002072,0.09999999999999992,1.4,3.452136368985462e-06,0.00902704188290608,-0.00941696497373204,0.1324587715639264,-0.3021276595744681,0.09987484355444304,0.009849002447837627,0.13032075177108948,0.7812500000000001
aluminum,0.2,8.0,SWV,7,0.010588493641349728,0.027480063511745513,0.12483182819317568,-0.010507041302391051,0.09999999999999992,1.4,-9.13988287236241e-06,0.007204182666512637,-0.0072229983836067345,0.12483182819317568,-0.3073842302878598,0.10863579474342927,0.010314702895949407,0.12255696830783985,0.5897435897435901
aluminum,0.2,8.0,SWV,8,0.010903793807171491,0.027590953694006166,0.12806954993846592,-0.01101474627521138,0.09999999999999992,1.4,1.3442669152372716e-05,0.010636978833745231,-0.008466369573890502,0.12806954993846592,-0.30387984981226535,0.10337922403003752,0.010000256092265389,0.12548573398058677,0.7352941176470591
aluminum,0.2,8.0,SWV,9,0.01093401886487979,0.027512634636717614,0.12621295269462288,-0.009312974723528392,0.09999999999999992,1.4,-1.5691765654433486e-06,0.007505409142800463,-0.009038163650676424,0.12621295269462288,-0.3091364205256571,0.10513141426783479,0.010071834902618669,0.12358904664348377,0.5789473684210523
aluminum,0.5,6.0,SWV,0,0.02406757036356445,0.06579179049554597,0.2962784567994336,-0.03538367466306356,0.09999999999999992,1.4,1.997022192763893e-06,0.024440464590032046,-0.028609207102463834,0.2962784567994336,-0.3126408010012516,0.10513141426783479,0.024334273026458842,0.2920402441448267,0.6666666666666661
aluminum,0.5,6.0,SWV,1,0.023767371971659484,0.06583868586087346,0.2975823219596784,-0.03243393009927892,0.09999999999999992,1.4,-1.1374643617449096e-05,0.024873718092516525,-0.020208953858838294,0.2975823219596784,-0.31964956195244054,0.10513141426783479,0.024272013403402296,0.2931119861343237,0.8749999999999986
aluminum,0.5,6.0,SWV,2,0.02390894246164703,0.06580157293953766,0.28868554153751314,-0.02861487413688757,0.09999999999999992,1.4,-6.300600305820395e-06,0.01708058759592994,-0.022312587299342657,0.28868554153751314,-0.3126408010012516,0.10688360450563206,0.02454402037621089,0.28428854398023223,0.6944444444444442
aluminum,0.5,6.0,SWV,3,0.02450772701444581,0.06610891236734025,0.29725091056858155,-0.02821055127460631,0.09999999999999992,1.4,-3.087653520565305e-05,0.018150161866554115,-0.025506256465370126,0.29725091056858155,-0.31964956195244054,0.106883604505632,0.024712850784020326,0.2926307895610056,0.8484848484848475
aluminum,0.5,6.0,SWV,4,0.024254322134350935,0.06614485903040389,0.29690653282364443,-0.029988304028830813,0.09999999999999992,1.4,-1.2095818107484735e-05,0.020991851033927963,-0.020297300170107196,0.29690653282364443,-0.3126408010012516,0.10162703379224025,0.023819685627941182,0.29240294745993045,0.5263157894736845
aluminum,0.5,6.0,SWV,5,0.024183664620781295,0.06609282632900383,0.2973745816368343,-0.028659284117262644,0.09999999999999992,1.4,9.725254367704318e-06,0.025082771142633423,-0.017546238262531183,0.2973745816368343,-0.31789737171464333,0.10337922403003758,0.024208644208591906,0.2932487512253833,0.7878787878787881
aluminum,0.5,6.0,SWV,6,0.02422585820264498,0.06635078881289488,0.2941671334846697,-0.025193828763093735,0.09999999999999992,1.4,4.641553064918704e-06,0.021475703561843102,-0.02058035479898078,0.2941671334846697,-0.31964956195244054,0.10863579474342927,0.02519848569826347,0.29112311045844397,0.8787878787878782
aluminum,0.5,6.0,SWV,7,0.02349808032414467,0.0657136110028999,0.29792865789142253,-0.02640864540510372,0.09999999999999992,1.4,-2.5106682107808635e-05,0.01809070132140546,-0.017221836975352876,0.29792865789142253,-0.31614518147684606,0.10513141426783479,0.024329428017907058,0.2943249221826068,0.7647058823529402
aluminum,0.5,6.0,SWV,8,0.024242966692493463,0.06601089458968606,0.3062582585746632,-0.02866308152002261,0.09999999999999992,1.4,2.8243861244780893e-05,0.021587922034893424,-0.020141044598702414,0.3062582585746632,-0.31964956195244054,0.1016270337922403,0.02378555239563097,0.3018355721320937,0.8709677419354833
aluminum,0.5,6.0,SWV,9,0.024314372406508196,0.06597570543877493,0.2923149095387215,-0.024624564592054286,0.09999999999999992,1.4,-7.221135133551413e-06,0.01842607766457713,-0.024229127616460566,0.2923149095387215,-0.31439299123904885,0.106883604505632,0.02462232241725399,0.2878333379378585,0.6944444444444449
aluminum,0.5,6.5,SWV,0,0.02415738072631168,0.0660538307590643,0.3046589389838495,-0.03576675463537591,0.09999999999999992,1.4,2.0354022539263263e-06,0.02467375736282747,-0.029289280554858486,0.3046589389838495,-0.3126408010012516,0.10337922403003752,0.024081825567259053,0.30039569148216183,0.7878787878787888
aluminum,0.5,6.5,SWV,1,0.023853421699090997,0.06612621150334658,0.3021161835294609,-0.03278567785547252,0.09999999999999992,1.4,-1.1503772643716207e-05,0.02448368420045805,-0.02028613174718541,0.3021161835294609,-0.3091364205256571,0.10513141426783479,0.024266177945600303,0.29767804572868944,0.6666666666666675
aluminum,0.5,6.5,SWV,2,0.023996765666214556,0.06607386420858938,0.2969709060062677,-0.02811511936419092,0.09999999999999992,1.4,-6.366165945388205e-06,0.017221601503093684,-0.022128604438246477,0.2969709060062677,-0.3126408010012516,0.10337922403003752,0.024053817886016602,0.29279157806706374,0.7352941176470591
aluminum,0.5,6.5,SWV,3,0.024603051292958034,0.06638706190353567,0.3021124578819776,-0.028425237132583926,0.09999999999999992,1.4,-3.124996767993144e-05,0.019170980456929068,-0.025752867805953025,0.3021124578819776,-0.3108886107634543,0.10337922403003752,0.024171606293586185,0.29747909308699305,0.7352941176470591
aluminum,0.5,6.5,SWV,4,0.02434647196767306,0.06640015152185945,0.30529488302115193,-0.03031486720658369,0.09999999999999992,1.4,-1.22339814068497e-05,0.021800911994332914,-0.019454759737462884,0.30529488302115193,-0.3126408010012516,0.10513141426783479,0.02441622206005848,0.30129970826215696,0.7647058823529418
aluminum,0.5,6.5,SWV,5,0.024274929315648265,0.06636432963425813,0.30229266076002353,-0.02895705479761629,0.09999999999999992,1.4,9.860447282062593e-06,0.025324100425134465,-0.017691134403246656,0.30229266076002353,-0.31789737171464333,0.106883604505632,0.024724074374714907,0.2981650546990346,0.9677419354838696
aluminum,0.5,6.5,SWV,6,0.02431765146354805,0.06666230644816552,0.29880516885918906,-0.025448848381459596,0.09999999999999992,1.4,4.7130616053119285e-06,0.021671834522637018,-0.02117199069012484,0.29880516885918906,-0.3021276595744681,0.11038798498122648,0.025473995234792747,0.2957258088719451,0.5749999999999994
aluminum,0.5,6.5,SWV,7,0.02358075659020138,0.06600863092567676,0.3040321052321638,-0.026170963006733414,0.09999999999999992,1.4,-2.5407834670164225e-05,0.018432134481020268,-0.017364753767191137,0.3040321052321638,-0.31614518147684606,0.10513141426783479,0.02429473925910847,0.30028479722545565,0.8750000000000003
aluminum,0.5,6.5,SWV,8,0.024334974274301823,0.06630558692869608,0.3100948068506767,-0.028199568211261718,0.09999999999999992,1.4,2.861103983560412e-05,0.021795749220785435,-0.02032036330201908,0.3100948068506767,-0.31964956195244054,0.106883604505632,0.024622033763850783,0.3056715527868127,0.8484848484848493
aluminum,0.5,6.5,SWV,9,0.024407274499603462,0.0662279003161643,0.29950804340548765,-0.024882688674849874,0.09999999999999992,1.4,-7.298232466412184e-06,0.01800398174301583,-0.02401421338039239,0.29950804340548765,-0.31439299123904885,0.10337922403003752,0.02408857422126411,0.295101358246443,0.8437500000000018
aluminum,0.5,7.0,SWV,0,0.024248752623555907,0.06631451476861674,0.309051261380093,-0.03591731517321756,0.09999999999999992,1.4,2.033559293379533e-06,0.024774478977540364,-0.029863748761272672,0.309051261380093,-0.3126408010012516,0.10513141426783479,0.024303444299237458,0.30484666504317703,1.0
aluminum,0.5,7.0,SWV,1,0.02394354231441648,0.06640961111657086,0.30883003251957203,-0.032925813177303496,0.09999999999999992,1.4,-1.156135115815996e-05,0.023807300801714767,-0.020233484692426057,0.30883003251957203,-0.3091364205256571,0.10162703379224025,0.023763440630826294,0.30442791626329196,0.8709677419354842
aluminum,0.5,7.0,SWV,2,0.02408747637328978,0.06634569263491315,0.3013315797400466,-0.027564379128054324,0.09999999999999992,1.4,-6.402594917322853e-06,0.017291619030237952,-0.021683696350552367,0.3013315797400466,-0.3126408010012516,0.106883604505632,0.024581835643833008,0.29715521713341525,0.9062499999999998
aluminum,0.5,7.0,SWV,3,0.024696257843796397,0.0666586602368953,0.30767006760571763,-0.02849363378961241,0.09999999999999992,1.4,-3.1388833652881676e-05,0.019815795698947092,-0.02585802092801958,0.30767006760571763,-0.3108886107634543,0.10513141426783479,0.024418967571192315,0.30307303824261383,0.8749999999999986
aluminum,0.5,7.0,SWV,4,0.02443862228052636,0.06665257740690005,0.30968982335338,-0.030446622825255888,0.09999999999999992,1.4,-1.2294565908747114e-05,0.022134825897865848,-0.018792463506993373,0.30968982335338,-0.3126408010012516,0.09987484355444304,0.023597255578468534,0.3057378663556769,0.8999999999999998
aluminum,0.5,7.0,SWV,5,0.02436678511503468,0.06663086187104691,0.3040710269184668,-0.029079230244757184,0.09999999999999992,1.4,9.890817009675276e-06,0.02542748215581482,-0.01756151235083199,0.3040710269184668,-0.30387984981226535,0.10863579474342927,0.024975650033806873,0.2999309575460707,0.7714285714285712
aluminum,0.5,7.0,SWV,6,0.024409683133517043,0.06696057209256844,0.3098591248647682,-0.025556799202604723,0.09999999999999992,1.4,4.722241534138177e-06,0.021760191231018508,-0.02172391079207718,0.3098591248647682,-0.3021276595744681,0.10337922403003752,0.024432607015219727,0.30667332278743786,0.6857142857142854
aluminum,0.5,7.0,SWV,7,0.023669754748583408,0.06630279425699356,0.30602789148404314,-0.026265064261668872,0.09999999999999992,1.4,-2.5522650837886142e-05,0.01836349290070452,-0.017435404444052616,0.30602789148404314,-0.31614518147684606,0.10863579474342933,0.024839395632405947,0.3023358347123249,0.8787878787878792
aluminum,0.5,7.0,SWV,8,0.024427077255592212,0.06659385955510277,0.31331819981134296,-0.0277256766450873,0.09999999999999992,1.4,2.8718598510827682e-05,0.022636988588888685,-0.020403126042399883,0.31331819981134296,-0.31439299123904885,0.10513141426783479,0.02442612834881113,0.3090955656493636,0.9354838709677411
aluminum,0.5,7.0,SWV,9,0.02449967511299731,0.06647579865260728,0.3044062774734404,-0.02499141152721223,0.09999999999999992,1.4,-7.338498396227263e-06,0.018029882747246845,-0.023521759920287627,0.3044062774734404,-0.3091364205256571,0.10863579474342933,0.02487042026315501,0.3001925910825747,0.8787878787878792
aluminum,0.5,7.5,SWV,0,0.02434017031140385,0.0665809986943137,0.30933169269901967,-0.03606178155527854,0.09999999999999992,1.4,2.0308318775045513e-06,0.02487172600402704,-0.030471302111440335,0.30933169269901967,-0.3126408010012516,0.09812265331664577,0.023228812027147917,0.3053122667686944,0.7499999999999998
aluminum,0.5,7.5,SWV,1,0.024033774488570785,0.06669466254556819,0.311536797779587,-0.0330604022997681,0.09999999999999992,1.4,-1.1616884629470861e-05,0.02305030042597666,-0.02024528578260623,0.311536797779587,-0.3091364205256571,0.09637046307884856,0.022955844172736252,0.30716933246916733,0.8965517241379298
aluminum,0.5,7.5,SWV,2,0.02417826762357181,0.06662349676350775,0.3040811206890667,-0.02711468972404121,0.09999999999999992,1.4,-6.438090480402982e-06,0.01735977579679382,-0.021046220345603217,0.3040811206890667,-0.3073842302878598,0.09987484355444304,0.02352506695916749,0.29994099117468925,0.8999999999999998
aluminum,0.5,7.5,SWV,3,0.02478941375460301,0.06693207078833513,0.30916145762650205,-0.02857371344500255,0.09999999999999992,1.4,-3.1521382058825744e-05,0.020090673988498717,-0.025959466538832056,0.30916145762650205,-0.3108886107634543,0.10162703379224025,0.023894337177064875,0.30462076996671056,0.7575757575757581
aluminum,0.5,7.5,SWV,4,0.02453077746993177,0.06691190181187912,0.3099727350078029,-0.030573272687435128,0.09999999999999992,1.4,-1.2352947370775054e-05,0.022125582867564025,-0.01859452881744555,0.3099727350078029,-0.3126408010012516,0.10162703379224025,0.023907265392388494,0.3060104849447547,0.7058823529411764
aluminum,0.5,7.5,SWV,5,0.02445866127080049,0.06690232671256009,0.3103169734855171,-0.029196803475709247,0.09999999999999992,1.4,9.918609161252989e-06,0.025527235383278408,-0.017673290597940414,0.3103169734855171,-0.30387984981226535,0.09987484355444304,0.023647183959905425,0.3062976414528674,0.9655172413793109
aluminum,0.5,7.5,SWV,6,0.024501725915988492,0.06725675771299476,0.31727484506348536,-0.026982006688668528,0.09999999999999992,1.4,4.729957637104928e-06,0.02184572325902505,-0.022307209415839517,0.31727484506348536,-0.3021276595744681,0.09812265331664577,0.023576403633495075,0.3140005162354622,0.9310344827586209
aluminum,0.5,7.5,SWV,7,0.023758923462891445,0.06660076144277999,0.30377072901083646,-0.026360655262153834,0.09999999999999992,1.4,-2.563241351265318e-05,0.018030978298206497,-0.017504161081547738,0.30377072901083646,-0.31614518147684606,0.10337922403003752,0.02407633150551306,0.30007136607749196,0.6388888888888894
aluminum,0.5,7.5,SWV,8,0.02451918760121369,0.06688341303545037,0.3123945750986327,-0.02783768055951539,0.09999999999999992,1.4,2.881952250665167e-05,0.02431110236759873,-0.02048335812522805,0.3123945750986327,-0.31439299123904885,0.10162703379224025,0.02385003845973433,0.30806859764067296,0.6571428571428565
aluminum,0.5,7.5,SWV,9,0.02459206744697733,0.06672750807610753,0.3070958597549404,-0.025095976706628248,0.09999999999999992,1.4,-7.377629244082872e-06,0.018099922467477596,-0.02283957086371366,0.3070958597549404,-0.3091364205256571,0.10337922403003752,0.024087935672268898,0.30271314868265214,0.84375
aluminum,0.5,8.0,SWV,0,0.024431529892260877,0.06685277293641206,0.3097938785879278,-0.036214419914928506,0.09999999999999992,1.4,2.0296322575905078e-06,0.024973632290653677,-0.031107702844850833,0.3097938785879278,-0.3056320400500626,0.10337922403003758,0.024122104817568223,0.3056272800207133,0.7352941176470584
aluminum,0.5,8.0,SWV,1,0.024123860363623413,0.06697961890085585,0.3100556448149792,-0.03320242861592406,0.09999999999999992,1.4,-1.1674818625105614e-05,0.024424170980475335,-0.020078574291022652,0.3100556448149792,-0.3091364205256571,0.10688360450563206,0.02478200262471376,0.3058016684665432,0.605263157894737
aluminum,0.5,8.0,SWV,2,0.02426895416524921,0.06690681752721553,0.30381700018350116,-0.026773476380568022,0.09999999999999992,1.4,-6.4744959182833726e-06,0.017430427756182653,-0.020234729299600213,0.30381700018350116,-0.3073842302878598,0.09637046307884856,0.02308093640999357,0.2995890222200249,0.7187500000000003
aluminum,0.5,8.0,SWV,3,0.02488264086738623,0.06720573605801072,0.30724603748241547,-0.028671075068186933,0.09999999999999992,1.4,-3.1662060243578846e-05,0.020040579356833843,-0.026065883748660004,0.30724603748241547,-0.2951188986232791,0.10337922403003752,0.024351915351234946,0.3027874492379627,0.9666666666666662
aluminum,0.5,8.0,SWV,4,0.024622929416173986,0.06717769828343174,0.30992324849977526,-0.030706769130032882,0.09999999999999992,1.4,-1.2413941223353439e-05,0.021850372131002126,-0.018671188993892075,0.30992324849977526,-0.3056320400500626,0.10337922403003752,0.024360480661758936,0.30611027768056304,0.6857142857142854
aluminum,0.5,8.0,SWV,5,0.024550513425679443,0.06717886379346294,0.31251981434821197,-0.029320548063106466,0.09999999999999992,1.4,9.950199504391612e-06,0.025631813900521407,-0.017707030889514835,0.31251981434821197,-0.30387984981226535,0.09812265331664577,0.023461364072282113,0.3084355649606563,0.7499999999999998
aluminum,0.5,8.0,SWV,6,0.024593757093179285,0.06755058260494201,0.32071751275173477,-0.02933693716593675,0.09999999999999992,1.4,4.739978444790267e-06,0.02193504305117005,-0.022912076927091844,0.32071751275173477,-0.3021276595744681,0.09987484355444304,0.02398402564134854,0.3174110624599348,0.7812500000000001
aluminum,0.5,8.0,SWV,7,0.023847866765752578,0.06690083938942934,0.30225645318343264,-0.026465132418683084,0.09999999999999992,1.4,-2.5748610902107396e-05,0.017490977719771747,-0.01757545753715904,0.30225645318343264,-0.3073842302878598,0.10863579474342927,0.02510763273114227,0.29853822287559206,0.5897435897435901
aluminum,0.5,8.0,SWV,8,0.024611291367676823,0.06717271667691357,0.310094972750693,-0.027955441520724836,0.09999999999999992,1.4,2.8929685079705347e-05,0.025862584077470316,-0.020566983701617192,0.310094972750693,-0.30387984981226535,0.10337922403003752,0.024361894343772485,0.30579792220525603,0.7352941176470591
aluminum,0.5,8.0,SWV,9,0.02468447417932856,0.0669826486791285,0.30559624554472326,-0.02520536753540315,0.09999999999999992,1.4,-7.417940400930895e-06,0.01817517254571486,-0.021990476886110222,0.30559624554472326,-0.3091364205256571,0.10513141426783479,0.024525607848231944,0.3011011823079373,0.5789473684210523
aluminum,1.0,6.0,SWV,0,0.045057102883770926,0.1265976848028726,0.5688981134499992,-0.06893362320264929,0.09999999999999992,1.4,1.49229330292103e-06,0.0469857464582144,-0.05499936989293883,0.5688981134499992,-0.3126408010012516,0.10513141426783479,0.04680403797370202,0.5617499761688859,0.6666666666666661
aluminum,1.0,6.0,SWV,1,0.044480615608332455,0.1266884669498396,0.5714634942464933,-0.06368194232137364,0.09999999999999992,1.4,-2.4186042753735084e-05,0.04779884401683801,-0.03884445874706191,0.5714634942464933,-0.31964956195244054,0.10513141426783479,0.04671213617368176,0.5641326854910965,0.8749999999999986
aluminum,1.0,6.0,SWV,2,0.04475248110880204,0.1266154107237311,0.5543170259091791,-0.056004637532256776,0.09999999999999992,1.4,-1.4442081816383846e-05,0.03284626372766136,-0.042931321401358,0.5543170259091791,-0.3126408010012516,0.10688360450563206,0.047233088151262946,0.5471085754075017,0.6944444444444442
aluminum,1.0,6.0,SWV,3,0.04590235960490968,0.12720701405156667,0.5708270669535611,-0.055195509603111245,0.09999999999999992,1.4,-6.16365842980726e-05,0.0349025206894255,-0.04903003582542273,0.5708270669535611,-0.31964956195244054,0.106883604505632,0.04757835440483685,0.5633820113930761,0.8484848484848475
aluminum,1.0,6.0,SWV,4,0.045415732451507235,0.1272725133425551,0.5701042419494488,-0.059386038711230764,0.09999999999999992,1.4,-2.557095329318928e-05,0.04034393721174723,-0.0389984220835814,0.5701042419494488,-0.3126408010012516,0.10162703379224025,0.04585652052003197,0.5628450598401006,0.5263157894736845
aluminum,1.0,6.0,SWV,5,0.04528004499086316,0.12717269951888985,0.5710518277687004,-0.05594167224443137,0.09999999999999992,1.4,1.633323726073479e-05,0.048219169063636366,-0.03373095530993678,0.5710518277687004,-0.31789737171464333,0.10337922403003758,0.04658950584054898,0.5643796927425551,0.7878787878787881
aluminum,1.0,6.0,SWV,6,0.04536107161760567,0.1276694680641208,0.5649051223425895,-0.04933535312792961,0.09999999999999992,1.4,6.5707295584494165e-06,0.04129075644316328,-0.03958182410223768,0.5649051223425895,-0.31964956195244054,0.10863579474342927,0.04844827634283592,0.559901750206957,0.8787878787878782
aluminum,1.0,6.0,SWV,7,0.043963480232659634,0.12644423024872387,0.572101328048551,-0.051807362016711364,0.09999999999999992,1.4,-5.055642203954328e-05,0.03477624209711008,-0.033127315517601945,0.572101328048551,-0.31614518147684606,0.10513141426783479,0.04682545318429405,0.5664638107752908,0.7647058823529402
aluminum,1.0,6.0,SWV,8,0.04539392597980605,0.1270172563243915,0.5881243665093696,-0.05621340289835074,0.09999999999999992,1.4,5.1895523773121226e-05,0.04149489345859156,-0.03872092324365468,0.5881243665093696,-0.31964956195244054,0.1016270337922403,0.04575821092160848,0.5807086897244069,0.8709677419354833
aluminum,1.0,6.0,SWV,9,0.04553105025039882,0.126949719280508,0.5613046708113997,-0.049007112577617834,0.09999999999999992,1.4,-1.620983483936785e-05,0.035417990824887294,-0.0466113689188814,0.5613046708113997,-0.31439299123904885,0.106883604505632,0.047395647246138047,0.5540427794941087,0.6944444444444449
aluminum,1.0,6.5,SWV,0,0.045230070989802626,0.1270972570970672,0.5850383013607258,-0.06967140685302863,0.09999999999999992,1.4,1.566210457752495e-06,0.047435051057672255,-0.05630914098643964,0.5850383013607258,-0.3126408010012516,0.10337922403003752,0.04634232373848825,0.578081097271861,0.7878787878787888
aluminum,1.0,6.5,SWV,1,0.04464634100931167,0.1272370390896597,0.5801263769807516,-0.06435938244441315,0.09999999999999992,1.4,-2.4434735693212446e-05,0.04704766763213278,-0.03899309764313785,0.5801263769807516,-0.3091364205256571,0.10513141426783479,0.04669787646500651,0.5728381970312042,0.6666666666666675
aluminum,1.0,6.5,SWV,2,0.044921622095376534,0.12713467978581167,0.5702740241452987,-0.05504214685891509,0.09999999999999992,1.4,-1.4568356381477335e-05,0.033117846067384125,-0.04257698403924681,0.5702740241452987,-0.3126408010012516,0.10337922403003752,0.04628769249323211,0.5634664425624395,0.7352941176470591
aluminum,1.0,6.5,SWV,3,0.046085947104266556,0.12773759407583127,0.5801344769156692,-0.05577767072381467,0.09999999999999992,1.4,-6.235578758186796e-05,0.03684888265931821,-0.04950499099987868,0.5801344769156692,-0.3108886107634543,0.10337922403003752,0.04651786885923464,0.5724967497354094,0.7352941176470591
aluminum,1.0,6.5,SWV,4,0.04559320620457206,0.12775913097243224,0.5862595830705741,-0.060014975201717786,0.09999999999999992,1.4,-2.5837045573447668e-05,0.04190212869104559,-0.03737575162071083,0.5862595830705741,-0.3126408010012516,0.10513141426783479,0.04696298995625894,0.5796029756409752,0.7647058823529418
aluminum,1.0,6.5,SWV,5,0.04545581403282917,0.12769047312854678,0.5805236838578054,-0.05651515651770504,0.09999999999999992,1.4,1.6593608799498697e-05,0.048683951385490226,-0.034010014543907285,0.5805236838578054,-0.31789737171464333,0.10513141426783473,0.04711156052292032,0.573941856534611,0.9999999999999989
aluminum,1.0,6.5,SWV,6,0.04553785863860416,0.12826420307282183,0.5736902752379887,-0.04982650202256015,0.09999999999999992,1.4,6.7084497103177484e-06,0.04166849014543304,-0.040721271003700314,0.5736902752379887,-0.3021276595744681,0.11038798498122648,0.04898856226987386,0.5687356044667414,0.5749999999999994
aluminum,1.0,6.5,SWV,7,0.04412270859691698,0.1270071592987246,0.5838561155196079,-0.05092193516305861,0.09999999999999992,1.4,-5.113641956704296e-05,0.03543381707118304,-0.0334025626722534,0.5838561155196079,-0.31614518147684606,0.10513141426783479,0.04676198119038039,0.5779826530337695,0.8750000000000003
aluminum,1.0,6.5,SWV,8,0.045571125766992536,0.12757961043964572,0.5955132743002103,-0.05532071059999642,0.09999999999999992,1.4,5.260268254063244e-05,0.0418951532240132,-0.03906627778337565,0.5955132743002103,-0.31964956195244054,0.106883604505632,0.04735505894666557,0.5880127906370646,0.8484848484848493
aluminum,1.0,6.5,SWV,9,0.045709972800063794,0.1274303795176533,0.5751581138140603,-0.04950424044077971,0.09999999999999992,1.4,-1.635831859154401e-05,0.03460506534632478,-0.04619746001978717,0.5751581138140603,-0.31439299123904885,0.10337922403003752,0.046354973463459265,0.567922444754435,0.8437500000000018
aluminum,1.0,7.0,SWV,0,0.045406055113928076,0.12759441282654768,0.5934969914856657,-0.06996009274626001,0.09999999999999992,1.4,1.5624375344388923e-06,0.04762830217973842,-0.057414688329510646,0.5934969914856657,-0.3126408010012516,0.10513141426783479,0.04675236536965904,0.5865122350990372,1.0
aluminum,1.0,7.0,SWV,1,0.044819929098449146,0.1277778634818501,0.5930561040516252,-0.06462810546441482,0.09999999999999992,1.4,-2.4545234635027563e-05,0.04574417871600998,-0.038892056519915674,0.5930561040516252,-0.3091364205256571,0.10162703379224025,0.045723908929195096,0.5857875517259279,0.8709677419354842
aluminum,1.0,7.0,SWV,2,0.045096340130098056,0.1276532584733705,0.578672111378555,-0.05398066143878602,0.09999999999999992,1.4,-1.4638356820859079e-05,0.03325230303044774,-0.04171975565730032,0.578672111378555,-0.3126408010012516,0.106883604505632,0.04730837465537553,0.5719436805431676,0.9062499999999998
aluminum,1.0,7.0,SWV,3,0.04626544434093401,0.12825574447510013,0.5908374640018978,-0.05601487350081861,0.09999999999999992,1.4,-6.262194097033176e-05,0.03809019094080254,-0.04970672785686175,0.5908374640018978,-0.3108886107634543,0.10513141426783479,0.046986860025355515,0.5832161354471379,0.8749999999999986
aluminum,1.0,7.0,SWV,4,0.04577068088890345,0.12824042587561596,0.5947232861874876,-0.060267652227881954,0.09999999999999992,1.4,-2.595330057311389e-05,0.04254456757947983,-0.03612209048735279,0.5947232861874876,-0.3126408010012516,0.09987484355444304,0.04540158190616155,0.5883026426574416,0.8999999999999998
aluminum,1.0,7.0,SWV,5,0.04563272476385756,0.1281988842596789,0.5838790590993762,-0.056749488816085845,0.09999999999999992,1.4,1.6651518800496284e-05,0.04888229608009263,-0.033759834973611125,0.5838790590993762,-0.30387984981226535,0.10863579474342927,0.04805668116878388,0.5771365649363591,0.7714285714285712
aluminum,1.0,7.0,SWV,6,0.045715106137920264,0.1288336282762004,0.5949783722023075,-0.050033596093435315,0.09999999999999992,1.4,6.725784123576351e-06,0.04183806415065687,-0.041783767841463565,0.5949783722023075,-0.3021276595744681,0.10337922403003752,0.04699274696053837,0.5898834409799963,0.6857142857142854
aluminum,1.0,7.0,SWV,7,0.04429414733340365,0.1275686713704677,0.5876993891419792,-0.0511023394278326,0.09999999999999992,1.4,-5.1356520843734543e-05,0.03530112863927001,-0.03353823203106279,0.5876993891419792,-0.31614518147684606,0.10863579474342933,0.047805674222676994,0.5819111068033966,0.8787878787878792
aluminum,1.0,7.0,SWV,8,0.04574850981780715,0.12812980881797587,0.6016964123861182,-0.05407624697193169,0.09999999999999992,1.4,5.2808398896368166e-05,0.04352380690413399,-0.03922514009937132,0.6016964123861182,-0.31439299123904885,0.10513141426783479,0.04698964282843355,0.5946929481605326,0.9354838709677411
aluminum,1.0,7.0,SWV,9,0.04588792677594705,0.12790296540405144,0.5845607228636345,-0.04971280930218232,0.09999999999999992,1.4,-1.6435666284323478e-05,0.034626281073254134,-0.04524857071974847,0.5845607228636345,-0.3091364205256571,0.10863579474342933,0.04785835927378437,0.5777072369121283,0.8787878787878792
aluminum,1.0,7.5,SWV,0,0.045582127839162156,0.12810295790790197,0.5940364554329159,-0.0702369804644972,0.09999999999999992,1.4,1.5569505356237499e-06,0.047814826562055705,-0.058583915269470654,0.5940364554329159,-0.3126408010012516,0.09812265331664577,0.044661502953253995,0.5871718169168971,0.7499999999999998
aluminum,1.0,7.5,SWV,1,0.044993733114785536,0.1283221044416973,0.5982684536804234,-0.06488609114309599,0.09999999999999992,1.4,-2.4651776196487816e-05,0.044285388073412174,-0.03891410605825904,0.5982684536804234,-0.3091364205256571,0.09637046307884856,0.044185457635023836,0.5912355960605665,0.8965517241379298
aluminum,1.0,7.5,SWV,2,0.04527121404633714,0.1281835654309419,0.5839465648618987,-0.053113754185855705,0.09999999999999992,1.4,-1.4706551983674747e-05,0.0333831575947814,-0.040491638130098095,0.5839465648618987,-0.3073842302878598,0.09987484355444304,0.04527371003083579,0.5772837230087151,0.8999999999999998
aluminum,1.0,7.5,SWV,3,0.04644484349074987,0.12877761719440275,0.593709186500217,-0.05624301393262064,0.09999999999999992,1.4,-6.287586544975964e-05,0.038619001387120544,-0.049901287039341075,0.593709186500217,-0.3108886107634543,0.10162703379224025,0.04598330432480239,0.5862749389587888,0.7575757575757581
aluminum,1.0,7.5,SWV,4,0.045948164965482104,0.12873522011822383,0.5952674967346631,-0.06051044460213537,0.09999999999999992,1.4,-2.6065292313610612e-05,0.04252608035663119,-0.03575387088888814,0.5952674967346631,-0.3126408010012516,0.10162703379224025,0.045996377748988654,0.5888284118268415,0.7058823529411764
aluminum,1.0,7.5,SWV,5,0.04580967485579788,0.12871701682299705,0.5959076173395468,-0.05697491130744639,0.09999999999999992,1.4,1.6704436875031456e-05,0.049073616191080055,-0.03397502992581872,0.5959076173395468,-0.30387984981226535,0.09987484355444304,0.0455252622748192,0.5896473841472124,0.9655172413793109
aluminum,1.0,7.5,SWV,6,0.0458923751021703,0.12939929417669618,0.6092594485530911,-0.05316280749907912,0.09999999999999992,1.4,6.7402828105003404e-06,0.04200216962593727,-0.042906675389426815,0.6092594485530911,-0.3021276595744681,0.09812265331664577,0.04533685714924568,0.6039092504752855,0.9310344827586209
aluminum,1.0,7.5,SWV,7,0.04446591621439865,0.1281377395969018,0.5833517764367204,-0.05128557327938951,0.09999999999999992,1.4,-5.156684043581316e-05,0.0346602169077561,-0.03367023456403206,0.5833517764367204,-0.31614518147684606,0.10337922403003752,0.04634582836206748,0.5776484675146973,0.6388888888888894
aluminum,1.0,7.5,SWV,8,0.045925908077164,0.12868271017620816,0.59991675794918,-0.054291011502933,0.09999999999999992,1.4,5.300126884715586e-05,0.04674743485269453,-0.03937910310827089,0.59991675794918,-0.31439299123904885,0.10162703379224025,0.04588662039924635,0.592780555770601,0.6571428571428565
aluminum,1.0,7.5,SWV,9,0.04606586467436628,0.1283831158011691,0.5897401895519359,-0.04991333145488053,0.09999999999999992,1.4,-1.6510818265065805e-05,0.0347603155743601,-0.04393424271605412,0.5897401895519359,-0.3091364205256571,0.10337922403003752,0.046355484342428796,0.5826024405514796,0.84375
aluminum,1.0,8.0,SWV,0,0.04575808946701231,0.1286219086396498,0.594915898720473,-0.07052948591109101,0.09999999999999992,1.4,1.554384889524453e-06,0.0480102554057982,-0.05980862134238207,0.594915898720473,-0.3056320400500626,0.10337922403003758,0.04639142570550648,0.5879131548054274,0.7352941176470584
aluminum,1.0,8.0,SWV,1,0.045167257486967705,0.12886639942307565,0.5954151218714596,-0.06515829028107048,0.09999999999999992,1.4,-2.4762903944067173e-05,0.04697257835216995,-0.03859229254855984,0.5954151218714596,-0.3091364205256571,0.10688360450563206,0.04768166791915828,0.5884558491678682,0.605263157894737
aluminum,1.0,8.0,SWV,2,0.045445887803354304,0.12872471335258004,0.5834375320970816,-0.052455688331923336,0.09999999999999992,1.4,-1.4776484504516567e-05,0.03351878080213182,-0.03892834580153265,0.5834375320970816,-0.3073842302878598,0.09637046307884856,0.04440963388256456,0.57651587771529,0.7187500000000003
aluminum,1.0,8.0,SWV,3,0.046624378669695175,0.12930021372641454,0.589986783890083,-0.0564831505626234,0.09999999999999992,1.4,-6.31453254772286e-05,0.0385218854508803,-0.05010534760408391,0.589986783890083,-0.2951188986232791,0.10337922403003752,0.046838472844008106,0.5824856949360179,0.9666666666666662
aluminum,1.0,8.0,SWV,4,0.04612564279669685,0.1292426883848791,0.5951643337264144,-0.060766321695721895,0.09999999999999992,1.4,-2.6182275144564123e-05,0.041995297333432366,-0.0359010018721386,0.5951643337264144,-0.3056320400500626,0.10337922403003752,0.046860149866455286,0.588949546319581,0.6857142857142854
aluminum,1.0,8.0,SWV,5,0.04598657903162314,0.12924513341294444,0.6001493930106602,-0.057212128075957484,0.09999999999999992,1.4,1.6764615328100346e-05,0.04927415773283987,-0.03403940761604754,0.6001493930106602,-0.30387984981226535,0.09812265331664577,0.04515756231147981,0.59367616425137,0.7499999999999998
aluminum,1.0,8.0,SWV,6,0.04606962183994565,0.12996065480958383,0.6158886254782984,-0.05769739675727877,0.09999999999999992,1.4,6.759187625373043e-06,0.04217351401869503,-0.0440710796193967,0.6158886254782984,-0.3021276595744681,0.09987484355444304,0.0461438871995892,0.6107255731780596,0.7812500000000001
aluminum,1.0,8.0,SWV,7,0.04463725425710026,0.1287111027573336,0.5804407417484034,-0.05148584318126441,0.09999999999999992,1.4,-5.178945608454708e-05,0.03361965638352371,-0.033807091024827464,0.5804407417484034,-0.3073842302878598,0.10863579474342927,0.04831422214257135,0.5745766891674545,0.5897435897435901
aluminum,1.0,8.0,SWV,8,0.04610329371562963,0.1292353663350805,0.595492857900728,-0.05451677851060395,0.09999999999999992,1.4,5.3211796471942994e-05,0.049734829336150366,-0.03953955153150965,0.595492857900728,-0.30387984981226535,0.10337922403003752,0.046858960141469806,0.5883107013252781,0.7352941176470591
aluminum,1.0,8.0,SWV,9,0.04624383004272355,0.12887009578196904,0.5868515318652509,-0.05012306984537961,0.09999999999999992,1.4,-1.658822443928785e-05,0.034904307757691745,-0.04229842479845711,0.5868515318652509,-0.3091364205256571,0.10513141426783479,0.04717006249871223,0.5792549479873329,0.5789473684210523
aluminum,2.0,6.0,SWV,0,0.08269350602345155,0.23562980967338037,1.05773335985791,-0.1290921516184582,0.09999999999999992,1.4,5.87262190099528e-07,0.08741176911840347,-0.10231966179310094,1.05773335985791,-0.3126408010012516,0.10513141426783479,0.08706173332618664,1.0450543170824544,0.6666666666666661
aluminum,2.0,6.0,SWV,1,0.08162160419822884,0.23579928269254524,1.0625607686918168,-0.11971286078857798,0.09999999999999992,1.4,-4.7158206722247886e-05,0.08890596636389736,-0.07225984682249725,1.0625607686918168,-0.31964956195244054,0.10513141426783479,0.08694364458322533,1.0500442106505163,0.8749999999999986
aluminum,2.0,6.0,SWV,2,0.08212710213128693,0.23566178192705703,1.0306217565066491,-0.10511731672395332,0.09999999999999992,1.4,-2.904060038704937e-05,0.06111575196386944,-0.07990284461876473,1.0306217565066491,-0.3126408010012516,0.10688360450563206,0.08791646130489165,1.0183676592268853,0.6944444444444442
aluminum,2.0,6.0,SWV,3,0.08426514907746563,0.23676309187093394,1.0613774163335246,-0.10470916639747943,0.09999999999999992,1.4,-0.00011679253439482477,0.06494123306147076,-0.09121060571241364,1.0613774163335246,-0.31964956195244054,0.106883604505632,0.08853879926355067,1.0484948876328528,0.8484848484848475
aluminum,2.0,6.0,SWV,4,0.08336033026158063,0.2368815914747917,1.0599759962439945,-0.11209921814174105,0.09999999999999992,1.4,-4.973326466065967e-05,0.07504422966852653,-0.07253146827325924,1.0599759962439945,-0.3126408010012516,0.10162703379224025,0.08536787953790367,1.0477465627365448,0.5263157894736845
aluminum,2.0,6.0,SWV,5,0.0831080373785962,0.23669610154110476,1.0617834415223912,-0.10486181647245807,0.09999999999999992,1.4,2.8182034172375442e-05,0.08970512395646926,-0.06275182725700884,1.0617834415223912,-0.31789737171464333,0.10337922403003758,0.0866940167449159,1.050287350371798,0.7878787878787881
aluminum,2.0,6.0,SWV,6,0.08325869567201796,0.2376210668303113,1.0503663437429975,-0.09262360371315258,0.09999999999999992,1.4,1.0029942581332258e-05,0.0768211960924271,-0.07365342423221559,1.0503663437429975,-0.31964956195244054,0.10863579474342927,0.09012840076554218,1.0417653802986138,0.8787878787878782
aluminum,2.0,6.0,SWV,7,0.08066005937896233,0.23534138950362654,1.0637212883302989,-0.09734988835476648,0.09999999999999992,1.4,-9.619043846886031e-05,0.06469514279837346,-0.06164748393818648,1.0637212883302989,-0.31614518147684606,0.10513141426783479,0.08714717756431127,1.0542850289071368,0.7647058823529402
aluminum,2.0,6.0,SWV,8,0.08331978401222864,0.2364088404933393,1.093539456599188,-0.10561397916293913,0.09999999999999992,1.4,9.430540141014523e-05,0.07719015256315376,-0.07203656771046565,1.093539456599188,-0.31964956195244054,0.1016270337922403,0.08516457542130262,1.0808270467427872,0.8709677419354833
aluminum,2.0,6.0,SWV,9,0.08357474845323724,0.2362833006836833,1.0436311393003403,-0.09272754344828353,0.09999999999999992,1.4,-3.2327503277383185e-05,0.06588624890544337,-0.08674504297839458,1.0436311393003403,-0.31439299123904885,0.106883604505632,0.08821180789741626,1.0312082670671083,0.6944444444444449
aluminum,2.0,6.5,SWV,0,0.08301558456571746,0.2365552916387475,1.0877875028640909,-0.1304659556570956,0.09999999999999992,1.4,7.249010301302837e-07,0.08824840526911809,-0.10475854589824038,1.0877875028640909,-0.3126408010012516,0.10337922403003752,0.08619848592225893,1.075426973071242,0.7878787878787888
aluminum,2.0,6.5,SWV,1,0.08193019632419014,0.23681592798283604,1.078627413514101,-0.12097430101768607,0.09999999999999992,1.4,-4.7621290126791776e-05,0.08750722413030829,-0.07253662269794903,1.078627413514101,-0.3091364205256571,0.10513141426783479,0.08692971046819467,1.066318967348515,0.6666666666666675
aluminum,2.0,6.5,SWV,2,0.08244205431318424,0.23662389762419647,1.060334787704941,-0.10332509271152396,0.09999999999999992,1.4,-2.9275732335844168e-05,0.061621457010249764,-0.07924304401345439,1.060334787704941,-0.3126408010012516,0.10337922403003752,0.08615674722882734,1.048828187188984,0.7352941176470591
aluminum,2.0,6.5,SWV,3,0.08460700166247496,0.2377462957995659,1.0786567179415998,-0.10579319055327202,0.09999999999999992,1.4,-0.00011813174050947833,0.06854719005670568,-0.09209500500277988,1.0786567179415998,-0.3108886107634543,0.10337922403003752,0.08656809764589422,1.0654487297698112,0.7352941176470591
aluminum,2.0,6.5,SWV,4,0.0836907986293565,0.23778298906581635,1.0900583555729868,-0.11327034126195827,0.09999999999999992,1.4,-5.0228746837692635e-05,0.07794568966446147,-0.06950994396308652,1.0900583555729868,-0.3126408010012516,0.10513141426783479,0.08739215488813068,1.0786340675932502,0.7647058823529418
aluminum,2.0,6.5,SWV,5,0.0834353314567398,0.23765545305664074,1.0794206907917598,-0.1059296837399332,0.09999999999999992,1.4,2.8666863934212323e-05,0.09057058069371438,-0.06327145479612634,1.0794206907917598,-0.31789737171464333,0.10513141426783473,0.08766542903991564,1.0681107645261687,0.9999999999999989
aluminum,2.0,6.5,SWV,6,0.08358788529732554,0.23872362907817943,1.0665877073654917,-0.09353815682729222,0.09999999999999992,1.4,1.0286387002052281e-05,0.07752456229665354,-0.07577515294528392,1.0665877073654917,-0.3021276595744681,0.11038798498122648,0.09114443078465818,1.0581962834480891,0.5749999999999994
aluminum,2.0,6.5,SWV,7,0.08095655357447602,0.23638469664336673,1.0856095132764052,-0.0960784605620343,0.09999999999999992,1.4,-9.727043386489439e-05,0.06591959275009546,-0.0621600131227099,1.0856095132764052,-0.31614518147684606,0.10513141426783479,0.08706885723242207,1.0761213604148772,0.8750000000000003
aluminum,2.0,6.5,SWV,8,0.08364974223664488,0.23745112936886179,1.1072981124855812,-0.10395172453841729,0.09999999999999992,1.4,9.562217980482138e-05,0.0779354638504906,-0.07267964168098057,1.1072981124855812,-0.31964956195244054,0.106883604505632,0.0881411436561749,1.0944989440545927,0.8484848484848493
aluminum,2.0,6.5,SWV,9,0.08390791458019957,0.23717361320756103,1.0694272055811567,-0.09365322981417117,0.09999999999999992,1.4,-3.2603990264194056e-05,0.06437252560053386,-0.08597431606283984,1.0694272055811567,-0.31439299123904885,0.10337922403003752,0.08626629395791674,1.056977292475683,0.8437500000000018
aluminum,2.0,7.0,SWV,0,0.0833432871656299,0.23747645593823785,1.1035376109853132,-0.13100231460137068,0.09999999999999992,1.4,7.17667483923802e-07,0.0886075713698867,-0.1068163730725581,1.1035376109853132,-0.3126408010012516,0.10513141426783479,0.08695911490908183,1.091125548296117,1.0
aluminum,2.0,7.0,SWV,1,0.08225345022843879,0.23781833157162022,1.102702853005652,-0.12147359508268346,0.09999999999999992,1.4,-4.7826680869410954e-05,0.08507927014853944,-0.07234880600369017,1.102702853005652,-0.3091364205256571,0.10162703379224025,0.08511374633417244,1.0904169514318636,0.8709677419354842
aluminum,2.0,7.0,SWV,2,0.08276740617678882,0.23758491513961527,1.0759723750062253,-0.10134778834078774,0.09999999999999992,1.4,-2.9405929889269027e-05,0.06187146054806532,-0.07764648269008978,1.0759723750062253,-0.3126408010012516,0.106883604505632,0.08805435202330356,1.064620498378393,0.9062499999999998
aluminum,2.0,7.0,SWV,3,0.08494122702545664,0.23870652969843906,1.0985858989191868,-0.10623396127906516,0.09999999999999992,1.4,-0.00011862613340162154,0.07085807206412947,-0.09246992648788913,1.0985858989191868,-0.3108886107634543,0.10513141426783479,0.08743091122483251,1.0853275325107137,0.8749999999999986
aluminum,2.0,7.0,SWV,4,0.08402126873840723,0.23867466016284775,1.1058177712693353,-0.11373984288086669,0.09999999999999992,1.4,-5.0444824798875215e-05,0.07914134576720155,-0.06719590438316975,1.1058177712693353,-0.3126408010012516,0.09812265331664577,0.0835486962315283,1.09473739672774,0.9310344827586209
aluminum,2.0,7.0,SWV,5,0.08376475447898826,0.23859756818561736,1.0856038064582487,-0.10636512487502006,0.09999999999999992,1.4,2.877415649438237e-05,0.09093920380638393,-0.06280510312480131,1.0856038064582487,-0.30387984981226535,0.10863579474342927,0.08942897409914749,1.0740624935118546,0.7714285714285712
aluminum,2.0,7.0,SWV,6,0.08391793359409157,0.23977926103590225,1.106226677773068,-0.0939230250011316,0.09999999999999992,1.4,1.0318343249465928e-05,0.077839767316905,-0.0777531666886392,1.106226677773068,-0.3021276595744681,0.10337922403003752,0.08742050865345066,1.0974675903492246,0.6857142857142854
aluminum,2.0,7.0,SWV,7,0.08127581679583995,0.23742558226793722,1.0927655228734512,-0.09628749539465636,0.09999999999999992,1.4,-9.767932223353201e-05,0.06567206168773232,-0.06241226770432244,1.0927655228734512,-0.31614518147684606,0.10863579474342933,0.08899834317025311,1.0833267024755588,0.8787878787878792
aluminum,2.0,7.0,SWV,8,0.08398004406729602,0.23847097751411347,1.1187883797615779,-0.1013667594135928,0.09999999999999992,1.4,9.600390303595826e-05,0.08097603284871197,-0.07297495840842358,1.1187883797615779,-0.31439299123904885,0.10513141426783479,0.08743241019944577,1.1066469013473794,0.9354838709677411
aluminum,2.0,7.0,SWV,9,0.08423927458537421,0.23804907762018793,1.0869066249426036,-0.09404083289868045,0.09999999999999992,1.4,-3.2747829394013155e-05,0.0643853401405776,-0.08420699008429888,1.0869066249426036,-0.3091364205256571,0.10863579474342933,0.08908327302389107,1.075367213038923,0.8787878787878792
aluminum,2.0,7.5,SWV,0,0.08367115445169335,0.23841903456270355,1.104541594276119,-0.13151674846435712,0.09999999999999992,1.4,7.07249867606249e-07,0.08895423686646235,-0.108992804680986,1.104541594276119,-0.3126408010012516,0.09812265331664577,0.0831109309841241,1.0927626778059876,0.7499999999999998
aluminum,2.0,7.5,SWV,1,0.08257710543466082,0.23882731907544735,1.1124080256907076,-0.12195293546150551,0.09999999999999992,1.4,-4.802471615965307e-05,0.08236216188833045,-0.0723892830587034,1.1124080256907076,-0.3091364205256571,0.09637046307884856,0.08222025774071401,1.1002628280353544,0.8965517241379298
aluminum,2.0,7.5,SWV,2,0.08309304775676597,0.23856797857541792,1.085774282423237,-0.09973282935869446,0.09999999999999992,1.4,-2.953277134195723e-05,0.062114769585669846,-0.07535931281804448,1.085774282423237,-0.3073842302878598,0.09987484355444304,0.08424694590310183,1.0743443426607657,0.8999999999999998
aluminum,2.0,7.5,SWV,3,0.08527527014392368,0.23967391477071126,1.103932744246531,-0.10665789103959755,0.09999999999999992,1.4,-0.00011909779948617402,0.07184225308297204,-0.09283150937639038,1.103932744246531,-0.3108886107634543,0.10162703379224025,0.08557783314161317,1.0911794223978248,0.7575757575757581
aluminum,2.0,7.5,SWV,4,0.0843517563362055,0.23959167027691106,1.106830567086896,-0.11419097540482953,0.09999999999999992,1.4,-5.065297887926912e-05,0.07910633429165545,-0.06652238154866588,1.106830567086896,-0.3126408010012516,0.10162703379224025,0.08558892257144236,1.0957975562088889,0.7058823529411764
aluminum,2.0,7.5,SWV,5,0.08409425068210692,0.23955799526132082,1.1080012361448643,-0.10678400851343635,0.09999999999999992,1.4,2.8872173606002608e-05,0.09129477272347139,-0.063205776545455,1.1080012361448643,-0.30387984981226535,0.09987484355444304,0.08470084127722545,1.0971813684345855,0.9655172413793109
aluminum,2.0,7.5,SWV,6,0.0842480218148239,0.24082812759440542,1.132818126930386,-0.1001077491033928,0.09999999999999992,1.4,1.0345031012380344e-05,0.07814480992105415,-0.07984368511166252,1.132818126930386,-0.3021276595744681,0.09812265331664577,0.08434666119929449,1.123654561198318,0.9310344827586209
aluminum,2.0,7.5,SWV,7,0.08159569357436039,0.23848075480889755,1.0846695530952697,-0.09638036198033462,0.09999999999999992,1.4,-9.807003158221719e-05,0.0644782005710299,-0.0626577080579162,1.0846695530952697,-0.31614518147684606,0.10337922403003752,0.08625887893880937,1.0751943879612484,0.6388888888888894
aluminum,2.0,7.5,SWV,8,0.0843103723370331,0.23949608242022982,1.1154738372225628,-0.10172464158219516,0.09999999999999992,1.4,9.636175448653906e-05,0.08697814442615859,-0.07326117053228284,1.1154738372225628,-0.31439299123904885,0.10162703379224025,0.08538606866460653,1.1031566909419237,0.6571428571428565
aluminum,2.0,7.5,SWV,9,0.08457060474778184,0.23893883988321868,1.0965507472342253,-0.09441348065903347,0.09999999999999992,1.4,-3.288758685923061e-05,0.06463418829413808,-0.08175920780852813,1.0965507472342253,-0.3091364205256571,0.10337922403003752,0.08625057957645545,1.0841544605175126,0.84375
aluminum,2.0,8.0,SWV,0,0.08399881698035973,0.23938118626936322,1.1061691761995196,-0.1320599490766238,0.09999999999999992,1.4,7.022171950615483e-07,0.08931730375019528,-0.11127233726898983,1.1061691761995196,-0.3056320400500626,0.10337922403003758,0.08632225221083606,1.0940773553891447,0.7352941176470584
aluminum,2.0,8.0,SWV,1,0.08290024543227476,0.23983662243785084,1.1070941841796316,-0.122458456025471,0.09999999999999992,1.4,-4.823119486082618e-05,0.08740420536348448,-0.07178930459655741,1.1070941841796316,-0.3091364205256571,0.10688360450563206,0.088764526840373,1.0954841605901122,0.605263157894737
aluminum,2.0,8.0,SWV,2,0.08341832053374965,0.23957142483802024,1.0848260720800538,-0.09850655114125012,0.09999999999999992,1.4,-2.9662808866038217e-05,0.062366862125902756,-0.07244793401189442,1.0848260720800538,-0.3073842302878598,0.09637046307884856,0.08264796753494998,1.0730097585357494,0.7187500000000003
aluminum,2.0,8.0,SWV,3,0.08560956369452502,0.24064285752441678,1.096970191241763,-0.10710391694741053,0.09999999999999992,1.4,-0.00011959807693067024,0.07166077913675675,-0.09321059313794748,1.096970191241763,-0.2951188986232791,0.10337922403003752,0.0871757930830885,1.0841741233706341,0.9666666666666662
aluminum,2.0,8.0,SWV,4,0.08468223230659992,0.24053246789042138,1.1066311072362502,-0.11466620905488842,0.09999999999999992,1.4,-5.087032217570104e-05,0.0781172321791693,-0.06679583875727031,1.1066311072362502,-0.3056320400500626,0.10337922403003752,0.08718596167228118,1.0959314098473327,0.6857142857142854
aluminum,2.0,8.0,SWV,5,0.08442366218710841,0.24053720667571973,1.1158989823364298,-0.10722461637486277,0.09999999999999992,1.4,2.898356783957779e-05,0.09166732598389371,-0.06332504864293387,1.1158989823364298,-0.30387984981226535,0.09812265331664577,0.08402507991269283,1.1047750739469644,0.7499999999999998
aluminum,2.0,8.0,SWV,6,0.08457806897207851,0.2418691927281965,1.145160965539723,-0.10855063464520241,0.09999999999999992,1.4,1.0379838569866371e-05,0.078463186098395,-0.08201136030904685,1.145160965539723,-0.3021276595744681,0.09987484355444304,0.08586769925601866,1.1365575733568147,0.7812500000000001
aluminum,2.0,8.0,SWV,7,0.08191477665537887,0.23954413410460043,1.0792539488304203,-0.096350565927962,0.09999999999999992,1.4,-9.848338537719752e-05,0.0625400457116306,-0.0629120890027157,1.0792539488304203,-0.3073842302878598,0.10863579474342927,0.08993311907464749,1.0696074000374811,0.5897435897435901
aluminum,2.0,8.0,SWV,8,0.08464067723609675,0.24052094339795752,1.1072407898938947,-0.10214400345797342,0.09999999999999992,1.4,9.675213414078305e-05,0.09254023462757671,-0.07355932832993753,1.1072407898938947,-0.30387984981226535,0.10337922403003752,0.08719033183744934,1.0948060727376236,0.7352941176470591
aluminum,2.0,8.0,SWV,9,0.08490198538398352,0.23984151959523226,1.091171355612404,-0.09480308778050985,0.09999999999999992,1.4,-3.303149237013489e-05,0.06490137779296065,-0.07871267622749278,1.091171355612404,-0.3091364205256571,0.10513141426783479,0.0878058673954701,1.0783173789939922,0.5789473684210523
aluminum,5.0,6.0,SWV,0,0.16979489614671234,0.48796187368086746,2.189037787259075,-0.2683161745236159,0.09999999999999992,1.4,-1.5072383852878652e-06,0.18096913584626956,-0.21183233733347606,2.189037787259075,-0.3126408010012516,0.10513141426783479,0.18027764599388965,2.164016204092924,0.6666666666666661
aluminum,5.0,6.0,SWV,1,0.16757646350627473,0.48831345808613735,2.1991001752652792,-0.2493844149555366,0.09999999999999992,1.4,-0.00010032235762080583,0.18403959236709166,-0.1495926020827908,2.1991001752652792,-0.31964956195244054,0.10513141426783479,0.18005642031727348,2.174635298347828,0.8749999999999986
aluminum,5.0,6.0,SWV,2,0.16862265364046616,0.4880268179248875,2.1329269901750796,-0.21877808856759384,0.09999999999999992,1.4,-6.282574336487521e-05,0.12653942473909385,-0.16546551263619202,2.1329269901750796,-0.3126408010012516,0.10688360450563206,0.1820664137327531,2.108967786000942,0.6944444444444442
aluminum,5.0,6.0,SWV,3,0.1730476047139522,0.49030772932001765,2.1966510820414396,-0.2192979149787315,0.09999999999999992,1.4,-0.00024443916176159397,0.13445939597963263,-0.18882849602230684,2.1966510820414396,-0.31964956195244054,0.106883604505632,0.18330741083985716,2.1709455407012177,0.8484848484848475
aluminum,5.0,6.0,SWV,4,0.17117497090775044,0.49054889305749766,2.1936791990399436,-0.23409257625235055,0.09999999999999992,1.4,-0.00010565175668251887,0.15535062078278716,-0.15013651802651395,2.1936791990399436,-0.3126408010012516,0.10162703379224025,0.17677537994606277,2.1696217455257862,0.5263157894736845
aluminum,5.0,6.0,SWV,5,0.17065281976163546,0.49016512437950027,2.1974766047809338,-0.21807700740017696,0.09999999999999992,1.4,5.5603535596458687e-05,0.18571547670845392,-0.12991441662023262,2.1974766047809338,-0.31789737171464333,0.10337922403003758,0.17947039561588796,2.1744593905105827,0.7878787878787881
aluminum,5.0,6.0,SWV,6,0.170964625626515,0.4920810544738628,2.1738623132696557,-0.19280498363895426,0.09999999999999992,1.4,1.803554986286083e-05,0.15904878499500902,-0.15250484167587874,2.1738623132696557,-0.31964956195244054,0.10863579474342927,0.18659493603585303,2.1569982627112325,0.8787878787878782
aluminum,5.0,6.0,SWV,7,0.16558642826040568,0.4873611114159124,2.2014703392680577,-0.2027483064514083,0.09999999999999992,1.4,-0.00020180059077670896,0.13393602727844,-0.12765130228296784,2.2014703392680577,-0.31614518147684606,0.10513141426783479,0.18051076585002535,2.1836954487808575,0.7647058823529402
aluminum,5.0,6.0,SWV,8,0.17109105545869238,0.489572796344155,2.263214379378482,-0.21994102708955793,0.09999999999999992,1.4,0.00019245397537011422,0.15979918077656907,-0.14913848776222816,2.263214379378482,-0.31964956195244054,0.1016270337922403,0.1763882592355261,2.2385006116936474,0.8709677419354833
aluminum,5.0,6.0,SWV,9,0.17161873572266323,0.4893130217950027,2.1598723949461736,-0.19390911203468125,0.09999999999999992,1.4,-6.962839309107551e-05,0.13639850332044473,-0.1796258315161252,2.1598723949461736,-0.31439299123904885,0.106883604505632,0.18265389896669637,2.135335573624421,0.6944444444444449
aluminum,5.0,6.5,SWV,0,0.17046205884140608,0.48987302582371617,2.2512927977718773,-0.2711619114607934,0.09999999999999992,1.4,-1.2221293595094177e-06,0.18270216787274987,-0.21688431155126486,2.2512927977718773,-0.3126408010012516,0.10337922403003752,0.17847135052299448,2.226759389125012,0.7878787878787888
aluminum,5.0,6.5,SWV,1,0.16821569005290887,0.4904133516316965,2.232301240919852,-0.25199739828726053,0.09999999999999992,1.4,-0.00010128160181593259,0.18114219774037144,-0.15016592353908353,2.232301240919852,-0.3091364205256571,0.10513141426783479,0.18002873714729298,2.208289503902131,0.6666666666666675
aluminum,5.0,6.5,SWV,2,0.1692750545886821,0.490013800597226,2.1944754119429692,-0.21506562454184736,0.09999999999999992,1.4,-6.331280240166403e-05,0.12758695662088168,-0.16409878281090617,2.1944754119429692,-0.3126408010012516,0.10337922403003752,0.1784183959169814,2.1720287893092176,0.7352941176470591
aluminum,5.0,6.5,SWV,3,0.1737557279257573,0.49233842763301744,2.2323796186016094,-0.221543393587159,0.09999999999999992,1.4,-0.000247213231570519,0.1419061300335165,-0.19066046598092265,2.2323796186016094,-0.3108886107634543,0.10337922403003752,0.17924718380778762,2.2061973998810855,0.7352941176470591
aluminum,5.0,6.5,SWV,4,0.17185951252671475,0.49241020342316566,2.255992657649998,-0.23651847414422905,0.09999999999999992,1.4,-0.00010667811262065909,0.1613607879172243,-0.1438776462411555,2.255992657649998,-0.3126408010012516,0.10513141426783479,0.18098500522873273,2.2338029397675387,0.7647058823529418
aluminum,5.0,6.5,SWV,5,0.1713307860663615,0.49214640658218883,2.234010906838911,-0.2202890181685183,0.09999999999999992,1.4,5.6607825817405705e-05,0.1875082085213188,-0.13099078795126173,2.234010906838911,-0.31789737171464333,0.10513141426783473,0.18150413930275364,2.2116206168810675,0.9999999999999989
aluminum,5.0,6.5,SWV,6,0.1716465184217949,0.4943588669068313,2.207293193146284,-0.1946994150896721,0.09999999999999992,1.4,1.856675616292384e-05,0.16050575784662094,-0.15689985115294894,2.207293193146284,-0.3021276595744681,0.11038798498122648,0.1887042093867337,2.1909395736901556,0.5749999999999994
aluminum,5.0,6.5,SWV,7,0.1662005948082555,0.48951614364734886,2.2468102337992777,-0.20095067076315012,0.09999999999999992,1.4,-0.00020403772409706506,0.13647238789272154,-0.12871296987948064,2.2468102337992777,-0.31614518147684606,0.10513141426783479,0.18034294517836788,2.228884939960637,0.8750000000000003
aluminum,5.0,6.5,SWV,8,0.17177454035212597,0.4917257844498061,2.2917144522860107,-0.21649778536733416,0.09999999999999992,1.4,0.00019518158775908706,0.16134303987176687,-0.15047056955829477,2.2917144522860107,-0.31964956195244054,0.106883604505632,0.18252803684030036,2.2666174349310544,0.8484848484848493
aluminum,5.0,6.5,SWV,9,0.17230886555708522,0.49115138032595973,2.213307103670722,-0.1958266052211628,0.09999999999999992,1.4,-7.02011161351845e-05,0.13326293361741792,-0.17802932576247577,2.213307103670722,-0.31439299123904885,0.10337922403003752,0.1786564844003798,2.1890220136124747,0.8437500000000018
aluminum,5.0,7.0,SWV,0,0.17114088134242553,0.4917754607034846,2.2839173303987836,-0.27227145660891255,0.09999999999999992,1.4,-1.2373717758383875e-06,0.1834453086385156,-0.2211459863350393,2.2839173303987836,-0.3126408010012516,0.10513141426783479,0.18004567088378298,2.2592935406034447,1.0
aluminum,5.0,7.0,SWV,1,0.1688853134149862,0.49248397471579214,2.2821710434421147,-0.2530302996278194,0.09999999999999992,1.4,-0.00010170659929755553,0.17611191032096468,-0.14977728338042562,2.2821710434421147,-0.3091364205256571,0.10162703379224025,0.17625836744849596,2.258128749530108,0.8709677419354842
aluminum,5.0,7.0,SWV,2,0.16994901617055885,0.4919987414227665,2.2268672708302626,-0.2109688534568488,0.09999999999999992,1.4,-6.358231327616044e-05,0.12810436794598024,-0.1607911938231169,2.2268672708302626,-0.3126408010012516,0.106883604505632,0.18231614861203946,2.2044782608482674,0.9062499999999998
aluminum,5.0,7.0,SWV,3,0.17444803838106618,0.494321762547823,2.273660848299198,-0.22245527870872145,0.09999999999999992,1.4,-0.00024823583588546325,0.1466923112352575,-0.19143618617683816,2.273660848299198,-0.3108886107634543,0.10513141426783479,0.18101367025728687,2.2472014278794896,0.8749999999999986
aluminum,5.0,7.0,SWV,4,0.17254405776154463,0.4942515959225678,2.28863643674447,-0.23748976982063136,0.09999999999999992,1.4,-0.00010712520943563682,0.16383674671592907,-0.139109587970632,2.28863643674447,-0.3126408010012516,0.09812265331664577,0.1729794921520137,2.2667084079024877,0.9310344827586209
aluminum,5.0,7.0,SWV,5,0.17201316610543355,0.49409223015139603,2.2467382217744967,-0.22118988261141062,0.09999999999999992,1.4,5.682940372880467e-05,0.18827090454437234,-0.13002415227469877,2.2467382217744967,-0.30387984981226535,0.10863579474342927,0.18515435667708297,2.2238892598911693,0.7714285714285712
aluminum,5.0,7.0,SWV,6,0.17233019142123085,0.4965397133491961,2.289401327808257,-0.19549570333037153,0.09999999999999992,1.4,1.863255151223795e-05,0.1611579946445078,-0.16099663259210284,2.289401327808257,-0.3021276595744681,0.10337922403003752,0.1810099222450011,2.2724333986694862,0.6857142857142854
aluminum,5.0,7.0,SWV,7,0.16686196612319257,0.4916664297706569,2.2616328609377154,-0.2013826767847742,0.09999999999999992,1.4,-0.0002048835197356337,0.13595907817131647,-0.12923503597672334,2.2616328609377154,-0.31614518147684606,0.10863579474342933,0.18433890801523417,2.2438281258868673,0.8787878787878792
aluminum,5.0,7.0,SWV,8,0.1724587376161131,0.4938325296028676,2.3154869328304986,-0.21191354010927782,0.09999999999999992,1.4,0.00019597064118758085,0.16765118432044968,-0.15108168078080164,2.3154869328304986,-0.31439299123904885,0.10513141426783479,0.1810285289723597,2.2914546215797955,0.9354838709677411
aluminum,5.0,7.0,SWV,9,0.1729952509443342,0.49295921448739377,2.249478569753933,-0.1966285446505761,0.09999999999999992,1.4,-7.049883544786664e-05,0.13325630541066902,-0.1743679034708301,2.249478569753933,-0.3091364205256571,0.10863579474342933,0.18446552239491468,2.2268738525451073,0.8787878787878792
aluminum,5.0,7.5,SWV,0,0.17182004461212258,0.49372251058637423,2.2859963441703886,-0.27333564012117584,0.09999999999999992,1.4,-1.2592002498057302e-06,0.18416258642808916,-0.22565337731906435,2.2859963441703886,-0.3126408010012516,0.09812265331664577,0.17208499331539087,2.2627536848592213,0.7499999999999998
aluminum,5.0,7.5,SWV,1,0.1695557670892293,0.4945685119383834,2.3022738923430803,-0.2540219180269676,0.09999999999999992,1.4,-0.00010211637721726504,0.17048269557428433,-0.1498604069740177,2.3022738923430803,-0.3091364205256571,0.09637046307884856,0.1702814367806674,2.2786893548030314,0.8965517241379298
aluminum,5.0,7.5,SWV,2,0.17062357720090124,0.4940296061861136,2.2471470002080487,-0.207622689044407,0.09999999999999992,1.4,-6.384487899969541e-05,0.1286079287645831,-0.1560530742387206,2.2471470002080487,-0.3073842302878598,0.09987484355444304,0.1744510282633101,2.2247735385408105,0.8999999999999998
aluminum,5.0,7.5,SWV,3,0.17513997182698304,0.49632018405817313,2.2847358350308564,-0.22333232091574412,0.09999999999999992,1.4,-0.0002492114182561617,0.14873034986479983,-0.19218430964213307,2.2847358350308564,-0.3108886107634543,0.10162703379224025,0.17721020670398263,2.259665975758737,0.7575757575757581
aluminum,5.0,7.5,SWV,4,0.17322863922273665,0.49614572785418326,2.290733672759207,-0.23842306097677882,0.09999999999999992,1.4,-0.00010755591064550755,0.16376349339842605,-0.13772950621843721,2.290733672759207,-0.3126408010012516,0.10162703379224025,0.17722835503748732,2.2691769640126083,0.7058823529411764
aluminum,5.0,7.5,SWV,5,0.17269569759442205,0.49607624661518146,2.2931321825228848,-0.2220564906187274,0.09999999999999992,1.4,5.703179289767975e-05,0.18900659212700566,-0.13085407586518483,2.2931321825228848,-0.30387984981226535,0.09987484355444304,0.17540279075831952,2.272145166293085,0.9655172413793109
aluminum,5.0,7.5,SWV,6,0.1730139470641079,0.4987068375551136,2.3444824968892677,-0.20875175681623304,0.09999999999999992,1.4,1.868744827958898e-05,0.16178920603261035,-0.1653264790402651,2.3444824968892677,-0.3021276595744681,0.09812265331664577,0.17463657561116103,2.3265964596780124,0.9310344827586209
aluminum,5.0,7.5,SWV,7,0.16752460689312895,0.49384657977316543,2.2448621219336258,-0.20157408517849654,0.09999999999999992,1.4,-0.00020569170252103793,0.13348553419174947,-0.12974300385804804,2.2448621219336258,-0.31614518147684606,0.10337922403003752,0.17864400221396454,2.226802131805333,0.6388888888888894
aluminum,5.0,7.5,SWV,8,0.17314298962415872,0.4959504417807212,2.30862022068382,-0.21274991672648516,0.09999999999999992,1.4,0.00019671030696625494,0.18008350086760427,-0.1516739551421391,2.30862022068382,-0.31439299123904885,0.10162703379224025,0.17680825398185543,2.2844031850868376,0.6571428571428565
aluminum,5.0,7.5,SWV,9,0.17368157463197217,0.49479692942176684,2.2694551807275234,-0.19739954024578749,0.09999999999999992,1.4,-7.078810846286934e-05,0.13377086515991,-0.16929698416539696,2.2694551807275234,-0.3091364205256571,0.10337922403003752,0.17858883126408842,2.244982023567816,0.84375
aluminum,5.0,8.0,SWV,0,0.1724987863683923,0.49571034966804856,2.2893553326510276,-0.27445902097399966,0.09999999999999992,1.4,-1.2699423264111997e-06,0.18491361563294284,-0.23037407984199634,2.2893553326510276,-0.3056320400500626,0.10337922403003758,0.1787233169730361,2.2653865272680513,0.7352941176470584
aluminum,5.0,8.0,SWV,1,0.1702251603914139,0.49665397110420045,2.2912657283785434,-0.25506741103394076,0.09999999999999992,1.4,-0.00010254352526818219,0.1809745421610981,-0.14861667533620937,2.2912657283785434,-0.3091364205256571,0.10688360450563206,0.18376939549741542,2.2682132495510774,0.605263157894737
aluminum,5.0,8.0,SWV,2,0.17129737913837886,0.49610293643911224,2.245182407469218,-0.2050814050714064,0.09999999999999992,1.4,-6.411401667413105e-05,0.12912956461805836,-0.1500218381558741,2.245182407469218,-0.3073842302878598,0.09637046307884856,0.17115992188227197,2.222220304862774,0.7187500000000003
aluminum,5.0,8.0,SWV,3,0.1758324204662741,0.4983220931789677,2.270274648255651,-0.22425483343791786,0.09999999999999992,1.4,-0.0002502458731514908,0.1483536473812137,-0.19296844708774602,2.270274648255651,-0.2951188986232791,0.10337922403003752,0.18054310658201878,2.245371803318467,0.9666666666666662
aluminum,5.0,8.0,SWV,4,0.17391319660094706,0.49808936711355706,2.2903113545018705,-0.23940594837181667,0.09999999999999992,1.4,-0.00010800551673347439,0.16171370996501788,-0.13829531840571802,2.2903113545018705,-0.3056320400500626,0.10337922403003752,0.1805261587944858,2.269374943012322,0.6857142857142854
aluminum,5.0,8.0,SWV,5,0.17337805463266004,0.4980994139409922,2.309490889061782,-0.22296780358090074,0.09999999999999992,1.4,5.726171508042629e-05,0.18977722965061827,-0.13110038930515633,2.309490889061782,-0.30387984981226535,0.09812265331664577,0.17395264136632,2.2873697898903607,0.7499999999999998
aluminum,5.0,8.0,SWV,6,0.17369761804930017,0.5008580693965307,2.3700483811104482,-0.22623955661439715,0.09999999999999992,1.4,1.8759059327121945e-05,0.1624478557685578,-0.16981600990509432,2.3700483811104482,-0.3021276595744681,0.09987484355444304,0.17776283120015382,2.353111406186431,0.7812500000000001
aluminum,5.0,8.0,SWV,7,0.16818561420568076,0.49604398972416774,2.233650228077374,-0.20149664854493776,0.09999999999999992,1.4,-0.00020654647888304528,0.12947008958524953,-0.13026937003725703,2.233650228077374,-0.3073842302878598,0.10863579474342927,0.18623735322022117,2.2151230153498305,0.5897435897435901
aluminum,5.0,8.0,SWV,8,0.17382719338346353,0.49806811310841864,2.291571718220937,-0.21362878079205228,0.09999999999999992,1.4,0.0001975169156029557,0.19160417258773466,-0.15229081177772774,2.291571718220937,-0.30387984981226535,0.10337922403003752,0.18053101761969403,2.267003985252259,0.7352941176470591
aluminum,5.0,8.0,SWV,9,0.17436800203089953,0.49666165095464393,2.2583115191415297,-0.19820541500181127,0.09999999999999992,1.4,-7.108591243866633e-05,0.13432316844601155,-0.16298565810611854,2.2583115191415297,-0.3091364205256571,0.10513141426783479,0.18184873015653827,2.233290433609403,0.5789473684210523
aluminum,10.0,6.0,SWV,0,0.26334824109391836,0.7589853508864145,3.404142542615881,-0.41785308801434085,0.09999999999999992,1.4,-3.7568871514442536e-06,0.2814566778873109,-0.32945706291387894,3.404142542615881,-0.3126408010012516,0.10513141426783479,0.2804131804597863,3.36600435637112,0.6666666666666661
aluminum,10.0,6.0,SWV,1,0.25989834942973133,0.7595325359489029,3.419827686029369,-0.3886612694311588,0.09999999999999992,1.4,-0.00015742459377110905,0.2862201536297816,-0.2326537095845873,3.419827686029369,-0.31964956195244054,0.10513141426783479,0.2800623503966999,3.3824905420429303,0.8749999999999986
aluminum,10.0,6.0,SWV,2,0.2615252830392142,0.7590857099860909,3.316884463374504,-0.34085817684409664,0.09999999999999992,1.4,-9.911348952624425e-05,0.19680929549766818,-0.2573661560623175,3.316884463374504,-0.3126408010012516,0.10688360450563206,0.2831985121055687,3.280428660517119,0.6944444444444442
aluminum,10.0,6.0,SWV,3,0.268406538545734,0.7626335993452928,3.416019093357349,-0.34237471901044664,0.09999999999999992,1.4,-0.000381541094859235,0.20912705244728796,-0.2936773411699699,3.416019093357349,-0.31964956195244054,0.106883604505632,0.285095919569964,3.376540686589462,0.8484848484848475
aluminum,10.0,6.0,SWV,4,0.2654943997499327,0.7630065150783922,3.4113604168578138,-0.3651224794081903,0.09999999999999992,1.4,-0.00016571235922451674,0.241605633461067,-0.23349008998371312,3.4113604168578138,-0.3126408010012516,0.10162703379224025,0.27497422452710857,3.3747997069477678,0.5263157894736845
aluminum,10.0,6.0,SWV,5,0.2646824008397146,0.7624097804070553,3.4172951875401085,-0.33967850876698613,0.09999999999999992,1.4,8.505625934825119e-05,0.28883770744206705,-0.2020520126029548,3.4172951875401085,-0.31789737171464333,0.10337922403003758,0.27911354391645404,3.3818497000869714,0.7878787878787881
aluminum,10.0,6.0,SWV,6,0.2651672911331969,0.7653900788604722,3.380580206464956,-0.30040720652222275,0.09999999999999992,1.4,2.663416509116872e-05,0.2473673064088933,-0.2371971048561095,3.380580206464956,-0.31964956195244054,0.10863579474342927,0.290212090805348,3.3548865553819054,0.8787878787878782
aluminum,10.0,6.0,SWV,7,0.2568036392812152,0.7580491118685347,3.4234970976826875,-0.3159540147774309,0.09999999999999992,1.4,-0.0003152337173295838,0.2083058661644377,-0.19854429235699225,3.4234970976826875,-0.31614518147684606,0.10513141426783479,0.28079865622579975,3.3968465677053215,0.7647058823529402
aluminum,10.0,6.0,SWV,8,0.265363902567857,0.7614897870972995,3.519531889030316,-0.34273674523296327,0.09999999999999992,1.4,0.0002978728140678603,0.24852739626505221,-0.23195166115115823,3.519531889030316,-0.31964956195244054,0.1016270337922403,0.27438001231334747,3.4820336450063447,0.8709677419354833
aluminum,10.0,6.0,SWV,9,0.2661844998268615,0.7610858345548123,3.358798188047253,-0.3025856116274788,0.09999999999999992,1.4,-0.00010969231177985601,0.21213388769211283,-0.27938667846405796,3.358798188047253,-0.31439299123904885,0.106883604505632,0.28409613464197714,3.3212915739177595,0.6944444444444449
aluminum,10.0,6.5,SWV,0,0.26438604973010854,0.7619551841334246,3.500983670080241,-0.42227978991661685,0.09999999999999992,1.4,-3.3133842224557576e-06,0.284152505484058,-0.3373156894748837,3.500983670080241,-0.3126408010012516,0.10337922403003752,0.27759044286115225,3.46348403389348,0.7878787878787888
aluminum,10.0,6.5,SWV,1,0.2608927018356067,0.7627959166147358,3.4714323888741774,-0.3927259101693959,0.09999999999999992,1.4,-0.0001589167514079727,0.2817130953215503,-0.23354554296104268,3.4714323888741774,-0.3091364205256571,0.10513141426783479,0.2800213704317738,3.4348255522748508,0.6666666666666675
aluminum,10.0,6.5,SWV,2,0.2625401289586612,0.7621734739812054,3.412626452791222,-0.3350832328040465,0.09999999999999992,1.4,-9.987113691680517e-05,0.1984387895360048,-0.25524013188965045,3.412626452791222,-0.3126408010012516,0.10337922403003752,0.2775005285095156,3.378296795310622,0.7352941176470591
aluminum,10.0,6.5,SWV,3,0.2695080635418753,0.765789382498273,3.471563474866064,-0.34586768573466714,0.09999999999999992,1.4,-0.00038585631456200753,0.2206990655641652,-0.29652707221670555,3.471563474866064,-0.3108886107634543,0.10337922403003752,0.2788087951363434,3.431614358054455,0.7352941176470591
aluminum,10.0,6.5,SWV,4,0.2665592422683217,0.7658988411703322,3.508292463584566,-0.3688960983511124,0.09999999999999992,1.4,-0.00016730891290606765,0.25095478233685786,-0.22375406720648927,3.508292463584566,-0.3126408010012516,0.10513141426783479,0.28152842859179134,3.4747088963750072,0.7647058823529418
aluminum,10.0,6.5,SWV,5,0.2657370150915107,0.765488690119196,3.4741263240747395,-0.3431194144066282,0.09999999999999992,1.4,8.661848858083606e-05,0.2916264013731902,-0.2037263680067779,3.4741263240747395,-0.31789737171464333,0.10513141426783473,0.28229386514061655,3.439834902743736,0.9999999999999989
aluminum,10.0,6.5,SWV,6,0.26622801325918793,0.7689301952000772,3.432495381577505,-0.30335409989000595,0.09999999999999992,1.4,2.7460486002379123e-05,0.24963370862251183,-0.24403378626488534,3.432495381577505,-0.3021276595744681,0.11038798498122648,0.2934906382556295,3.407589774320523,0.5749999999999994
aluminum,10.0,6.5,SWV,7,0.25775900946675934,0.761398217371945,3.4940258225090295,-0.3135911928310152,0.09999999999999992,1.4,-0.00031871370249458213,0.21225131600887537,-0.200195775284901,3.4940258225090295,-0.31614518147684606,0.10513141426783479,0.2805179582137469,3.4669597830780057,0.8750000000000003
aluminum,10.0,6.5,SWV,8,0.266427101290976,0.7648357466570906,3.5638653357753602,-0.3373805914428374,0.09999999999999992,1.4,0.0003021157666729281,0.25092895485758204,-0.2340237883894841,3.5638653357753602,-0.31964956195244054,0.106883604505632,0.2839085013320356,3.525577758036041,0.8484848484848493
aluminum,10.0,6.5,SWV,9,0.26725803512485125,0.76394246306,3.4419188460632175,-0.30556837880645005,0.09999999999999992,1.4,-0.00011058321429291445,0.20725633482073785,-0.2769032250694927,3.4419188460632175,-0.31439299123904885,0.10337922403003752,0.2778784632832976,3.404806505007842,0.8437500000000018
aluminum,10.0,7.0,SWV,0,0.26544200101379867,0.7649115746481199,3.5517325845836214,-0.4240049795059018,0.09999999999999992,1.4,-3.337228758545918e-06,0.2853080634825984,-0.3439444598391857,3.5517325845836214,-0.3126408010012516,0.10513141426783479,0.2800380099172089,3.514092204950424,1.0
aluminum,10.0,7.0,SWV,1,0.26193435165238893,0.7660138848444902,3.5490072479849806,-0.3943319452503728,0.09999999999999992,1.4,-0.00015957762279445134,0.2738877090246807,-0.23294120352580805,3.5490072479849806,-0.3091364205256571,0.10162703379224025,0.2741471222408791,3.512265692358896,0.8709677419354842
aluminum,10.0,7.0,SWV,2,0.2635885232009043,0.7652581825934025,3.4630136404190424,-0.32870999747039586,0.09999999999999992,1.4,-0.00010029028061763715,0.1992434166326296,-0.2500947724474798,3.4630136404190424,-0.3126408010012516,0.106883604505632,0.2835611906169981,3.4287782595247633,0.9062499999999998
aluminum,10.0,7.0,SWV,3,0.27058498391116526,0.7688716020043692,3.5357783865221726,-0.3472855826146485,0.09999999999999992,1.4,-0.0003874462570718119,0.22814390145609909,-0.2977332799168204,3.5357783865221726,-0.3108886107634543,0.10513141426783479,0.28153232959329294,3.4951766207511823,0.8749999999999986
aluminum,10.0,7.0,SWV,4,0.26762409041602536,0.7687603031597232,3.5590712996622056,-0.37040635801519334,0.09999999999999992,1.4,-0.00016800414108252858,0.25480588106826574,-0.21635021108309105,3.5590712996622056,-0.3126408010012516,0.09812265331664577,0.2690433562326412,3.5255793728234597,0.9310344827586209
aluminum,10.0,7.0,SWV,5,0.2667984971116155,0.7685125692131356,3.4938825937808353,-0.34452017795790413,0.09999999999999992,1.4,8.696281742503601e-05,0.292812360892582,-0.20222239025051447,3.4938825937808353,-0.30387984981226535,0.10863579474342927,0.28795935931204325,3.458785751809869,0.7714285714285712
aluminum,10.0,7.0,SWV,6,0.2672915053837138,0.7723196035724007,3.5602185445127175,-0.3045922837580736,0.09999999999999992,1.4,2.7562627053734635e-05,0.25064794251489597,-0.2504062811550821,3.5602185445127175,-0.3021276595744681,0.10337922403003752,0.28154174056278747,3.534529045468044,0.6857142857142854
aluminum,10.0,7.0,SWV,7,0.2587878302155342,0.7647400800317308,3.517082964784516,-0.31426268642601185,0.09999999999999992,1.4,-0.0003200287689045574,0.21145254032035143,-0.20100763893596868,3.517082964784516,-0.31614518147684606,0.10863579474342933,0.28674186338413526,3.4902937817842865,0.8787878787878792
aluminum,10.0,7.0,SWV,8,0.2674914084648425,0.768109897963555,3.600829823163783,-0.33089780555354464,0.09999999999999992,1.4,0.0003033423229059897,0.26074671738268584,-0.23497408629187436,3.600829823163783,-0.31439299123904885,0.10513141426783479,0.28155769358030414,3.564025876644242,0.9354838709677411
aluminum,10.0,7.0,SWV,9,0.26832574407062443,0.7667517297739629,3.4981669549216554,-0.3068153461618714,0.09999999999999992,1.4,-0.00011104621232052303,0.20722882366373013,-0.2712074030341416,3.4981669549216554,-0.3091364205256571,0.10863579474342933,0.28688956756450906,3.4634604454929825,0.8787878787878792
aluminum,10.0,7.5,SWV,0,0.2664984821918428,0.7679374994192333,3.554966260723493,-0.42565963486368474,0.09999999999999992,1.4,-3.371313338876511e-06,0.2864234063276142,-0.3509554738562596,3.554966260723493,-0.3126408010012516,0.09812265331664577,0.26764270357583686,3.5193391151346614,0.7499999999999998
aluminum,10.0,7.5,SWV,1,0.262977292570062,0.7692536404352056,3.580277971340071,-0.3958737881898712,0.09999999999999992,1.4,-0.00016021482798284653,0.2651306761999384,-0.23307013266083665,3.580277971340071,-0.3091364205256571,0.09637046307884856,0.2648595439110495,3.5443432075501176,0.8965517241379298
aluminum,10.0,7.5,SWV,2,0.26463784956682423,0.7684144619093717,3.49454732671766,-0.32350439018832033,0.09999999999999992,1.4,-0.00010069862426171173,0.2000265071419343,-0.24272415132018765,3.49454732671766,-0.3073842302878598,0.09987484355444304,0.27134236340471685,3.46047446945271,0.8999999999999998
aluminum,10.0,7.5,SWV,3,0.27166131807915783,0.7719774313564871,3.5530058214288363,-0.3486493011530866,0.09999999999999992,1.4,-0.0003889630828609632,0.23131386122305964,-0.29889657659422697,3.5530058214288363,-0.3108886107634543,0.10162703379224025,0.2756301634931943,3.514707088627866,0.7575757575757581
aluminum,10.0,7.5,SWV,4,0.26868899491567755,0.7717039346613058,3.5623333047776145,-0.37185752325776134,0.09999999999999992,1.4,-0.000168673874394429,0.2546915531797723,-0.21421123271559897,3.5623333047776145,-0.3126408010012516,0.10162703379224025,0.27565589361212817,3.5294733649869734,0.7058823529411764
aluminum,10.0,7.5,SWV,5,0.26786021464839016,0.7715959948230278,3.5660506064103874,-0.345867675102188,0.09999999999999992,1.4,8.727730991466516e-05,0.2939563240789497,-0.20351336031970968,3.5660506064103874,-0.30387984981226535,0.09987484355444304,0.2727967910950577,3.5338768653751242,0.9655172413793109
aluminum,10.0,7.5,SWV,6,0.26835512603556105,0.7756878175827404,3.6458997831413993,-0.32544346880409836,0.09999999999999992,1.4,2.7647822381405353e-05,0.2516294833376151,-0.25714133177839366,3.6458997831413993,-0.3021276595744681,0.09812265331664577,0.2716205498344345,3.61870547775471,0.9310344827586209
aluminum,10.0,7.5,SWV,7,0.2598186249021766,0.7681285373970588,3.490994881056304,-0.31455993602096666,0.09999999999999992,1.4,-0.0003212853490849564,0.20760452215474423,-0.20179758082855997,3.490994881056304,-0.31614518147684606,0.10337922403003752,0.2778729657783022,3.463718968487674,0.6388888888888894
aluminum,10.0,7.5,SWV,8,0.2685558007844048,0.7714015643777627,3.5901478177347976,-0.33219830385665083,0.09999999999999992,1.4,0.00030449208555557837,0.28008555037878624,-0.23589509416754018,3.5901478177347976,-0.31439299123904885,0.10162703379224025,0.2750174173803536,3.55329666730827,0.6571428571428565
aluminum,10.0,7.5,SWV,9,0.26939335710017653,0.7696076144867405,3.529241424109213,-0.3080141968389676,0.09999999999999992,1.4,-0.00011149607611122242,0.20802877734907235,-0.26331904025240394,3.529241424109213,-0.3091364205256571,0.10337922403003752,0.2777711935015202,3.4918378280807154,0.84375
aluminum,10.0,8.0,SWV,0,0.26755430904442723,0.7710270010851666,3.5601849080989427,-0.4274061722711811,0.09999999999999992,1.4,-3.3881877383621847e-06,0.28759113580330126,-0.358298173716707,3.5601849080989427,-0.3056320400500626,0.10337922403003758,0.2779689050509545,3.5234593415083575,0.7352941176470584
aluminum,10.0,8.0,SWV,1,0.2640185875697485,0.7724949689794465,3.5631536832588546,-0.39749925159859334,0.09999999999999992,1.4,-0.0001608789912612698,0.2814760150177942,-0.2311349624269463,3.5631536832588546,-0.3091364205256571,0.10688360450563206,0.28585842644990406,3.528248688360356,0.605263157894737
aluminum,10.0,8.0,SWV,2,0.2656859976396473,0.7716369251474804,3.4914910639983185,-0.3195506926260186,0.09999999999999992,1.4,-0.00010111716580134191,0.20083765248000318,-0.23334195742163,3.4914910639983185,-0.3073842302878598,0.09637046307884856,0.2662149601314342,3.4564189560968397,0.7187500000000003
aluminum,10.0,8.0,SWV,3,0.27273845181370815,0.7750888212361693,3.5304905465298257,-0.3500835955943886,0.09999999999999992,1.4,-0.00039057128390718773,0.23072746882896356,-0.30011577170049253,3.5304905465298257,-0.2951188986232791,0.10337922403003752,0.28082802400163775,3.49259869998996,0.9666666666666662
aluminum,10.0,8.0,SWV,4,0.2697538619541347,0.774724698509497,3.5616716200834615,-0.37338566837888765,0.09999999999999992,1.4,-0.00016937294792515652,0.25150251943870683,-0.2150910558059025,3.5616716200834615,-0.3056320400500626,0.10337922403003752,0.28077482484102806,3.529685858825642,0.6857142857142854
aluminum,10.0,8.0,SWV,5,0.2689216613334376,0.7747404464718164,3.591497011100122,-0.3472845602096081,0.09999999999999992,1.4,8.763453989466953e-05,0.29515453358895194,-0.20389612557198777,3.591497011100122,-0.30387984981226535,0.09812265331664577,0.27055971552192504,3.557749717368525,0.7499999999999998
aluminum,10.0,8.0,SWV,6,0.269418615206316,0.7790314490028033,3.6856681978345605,-0.35264617650723584,0.09999999999999992,1.4,2.775896310343355e-05,0.2526536120809548,-0.26412470761936746,3.6856681978345605,-0.3021276595744681,0.09987484355444304,0.27646500995496565,3.659780337744167,0.7812500000000001
aluminum,10.0,8.0,SWV,7,0.26084688416711616,0.7715439785430906,3.4735573428241,-0.31443884638040764,0.09999999999999992,1.4,-0.0003226142459819189,0.20135791448654394,-0.20261607929657913,3.4735573428241,-0.3073842302878598,0.10863579474342927,0.2897014584220756,3.44573303369629,0.5897435897435901
aluminum,10.0,8.0,SWV,8,0.2696201181343388,0.7746929932832095,3.5636308634610927,-0.3335647482614809,0.09999999999999992,1.4,0.0003057457549512148,0.2980061800264229,-0.23685425696239126,3.5636308634610927,-0.30387984981226535,0.10337922403003752,0.2807858282746975,3.526031372767978,0.7352941176470591
aluminum,10.0,8.0,SWV,9,0.2704611310220314,0.7725056386112105,3.5119065095987376,-0.30926717386913494,0.09999999999999992,1.4,-0.00011195917843819986,0.2088873139622514,-0.2535010830868647,3.5119065095987376,-0.3091364205256571,0.10513141426783479,0.2828543668107568,3.4737850489303406,0.5789473684210523
