substance,concentration,pH,method,seed,meanCurrent,stdCurrent,maxCurrent,minCurrent,meanVoltage,voltageRange,meanGradient,maxGradient,minGradient,peakCurrent,peakPotential,peakWidth,peakArea,peakProminence,peakSymmetry,split,label
glucose,1.0,6.5,SWV,7,0.0644417931850298,0.1384805172239244,0.5375551945101528,-0.0474905995779938,0.0999999999999999,1.4,-4.982929495339397e-05,0.0329365910517254,-0.0346146502806746,0.5375551945101528,0.4846057571964955,0.1524405506883603,0.0627164628214638,0.5259639826220819,0.6111111111111127,train,3
ascorbic_acid,0.1,7.5,SWV,7,0.010697753442578,0.0232553315190673,0.1025608641784559,-0.0073618865004545,0.0999999999999999,1.4,-6.47459116323623e-06,0.0056326117447234,-0.0052850789904008,0.1025608641784559,0.0325406758448059,0.1244055068836045,0.0094373362148293,0.0997798693933459,0.918918918918918,train,2
glucose,1.0,6.5,SWV,3,0.0664752781731851,0.1380032642980987,0.5433210035346353,-0.0520990307172737,0.0999999999999999,1.4,-6.145010228236994e-05,0.0373354934200636,-0.0533753433500027,0.5433210035346353,0.481101376720901,0.1454317897371715,0.0606145136348863,0.5306430164586882,0.5370370370370363,train,3
copper,10.0,7.5,SWV,4,0.2158552147672245,0.9457612204251302,5.634694245014526,-0.8535451585183642,0.0999999999999999,1.4,-0.0002186916387706,0.3688816173988118,-0.4143572281623191,5.634694245014526,-0.0375469336670839,0.057822277847309,0.2523027435981281,5.6068681228631005,0.9411764705882382,train,4
glucose,0.5,8.0,SWV,7,0.0350961813719553,0.0729538181756737,0.2785721491280251,-0.0245486134995363,0.0999999999999999,1.4,-2.559586809067684e-05,0.0176040943617097,-0.0172557783152387,0.2785721491280251,0.4530663329161452,0.1682102628285356,0.0354529629073191,0.2715723916154167,0.7142857142857161,train,3
aluminum,10.0,6.0,SWV,6,0.2651672911331969,0.7653900788604722,3.380580206464956,-0.3004072065222227,0.0999999999999999,1.4,2.663416509116872e-05,0.2473673064088933,-0.2371971048561095,3.380580206464956,-0.3196495619524405,0.1086357947434292,0.290212090805348,3.3548865553819054,0.8787878787878782,train,5
glucose,0.1,6.5,SWV,9,0.0090452822926867,0.014601171546877,0.0577324081599855,-0.003222319367172,0.0999999999999999,1.4,7.374336793491337e-07,0.0040188753989585,-0.0036099079649166,0.0577324081599855,0.4723404255319147,0.1524405506883603,0.0066029348789133,0.0543573577134192,0.3809523809523795,train,3
glucose,0.1,7.5,SWV,7,0.0089437064345172,0.0148451898000718,0.0592141264688698,-0.0039655347641712,0.0999999999999999,1.4,-3.3671697619746813e-06,0.0036989038087234,-0.0036519656535681,0.0592141264688698,0.4846057571964955,0.1541927409261578,0.0068064957173529,0.0560603161372559,0.9130434782608686,train,3
uric_acid,10.0,7.0,SWV,8,0.337137364827551,0.988164320514375,4.499962479500957,-0.3765735464682976,0.0999999999999999,1.4,0.0003447858518263,0.2881181989237327,-0.2747307664636177,4.499962479500957,0.3549436795994992,0.0981226533166457,0.3548770781014321,4.454899828842359,1.0,train,1
copper,5.0,6.0,SWV,8,0.1371142331836588,0.5934993224956902,3.288119867274688,-0.5350304928797662,0.0999999999999999,1.4,0.0001944213508653,0.2194809807500395,-0.22848022826229,3.288119867274688,-0.0568210262828535,0.0630788485607009,0.1659658654483544,3.2674251063986635,0.8000000000000006,train,4
aluminum,0.5,6.5,SWV,9,0.0244072744996034,0.0662279003161643,0.2995080434054876,-0.0248826886748498,0.0999999999999999,1.4,-7.298232466412184e-06,0.0180039817430158,-0.0240142133803923,0.2995080434054876,-0.3143929912390488,0.1033792240300375,0.0240885742212641,0.295101358246443,0.8437500000000018,train,5
uric_acid,10.0,7.0,SWV,2,0.3326959714744368,0.9830024567600122,4.586639785459505,-0.3591971736768704,0.0999999999999999,1.4,-0.0001145387352821,0.2311681239687449,-0.2315153554774019,4.586639785459505,0.3444305381727158,0.1033792240300375,0.3655679496925206,4.543061460493637,0.6388888888888908,train,1
glucose,2.0,7.5,SWV,8,0.122330772429883,0.2584970715484834,1.0235390619212985,-0.0967308338908058,0.0999999999999999,1.4,0.0001066152808163,0.0736313757204968,-0.0679850929079753,1.0235390619212985,0.4775969962453065,0.1594493116395494,0.1213785969827608,1.0027769428716422,0.9782608695652198,train,3
glucose,10.0,7.5,SWV,6,0.3890778643143718,0.83428258385675,3.212955558917558,-0.2988037801925147,0.0999999999999999,1.4,4.72881241387779e-05,0.243599502657808,-0.2068812570433663,3.212955558917558,0.4635794743429285,0.1524405506883606,0.3796350642198892,3.1514870964856736,0.6415094339622647,train,3
aluminum,2.0,6.5,SWV,4,0.0836907986293565,0.2377829890658163,1.0900583555729868,-0.1132703412619582,0.0999999999999999,1.4,-5.022874683769264e-05,0.0779456896644614,-0.0695099439630865,1.0900583555729868,-0.3126408010012516,0.1051314142678347,0.0873921548881306,1.0786340675932502,0.7647058823529418,train,5
aluminum,5.0,7.5,SWV,5,0.172695697594422,0.4960762466151814,2.2931321825228848,-0.2220564906187274,0.0999999999999999,1.4,5.703179289767975e-05,0.1890065921270056,-0.1308540758651848,2.2931321825228848,-0.3038798498122653,0.099874843554443,0.1754027907583195,2.272145166293085,0.9655172413793108,train,5
glucose,0.1,7.0,SWV,7,0.008903257982769,0.0147794529900032,0.0599837791750173,-0.0039356390858138,0.0999999999999999,1.4,-3.324432914418146e-06,0.0036791272671811,-0.003710261898234,0.0599837791750173,0.4846057571964955,0.1559449311639549,0.0068192786687179,0.0567965731308223,0.893617021276597,train,3
ascorbic_acid,0.5,6.0,SWV,4,0.0448374720835064,0.1076508361851364,0.4594005906407536,-0.044691853453065,0.0999999999999999,1.4,-1.8683784663549448e-05,0.0277271971674048,-0.0301253698876843,0.4594005906407536,0.104380475594493,0.1209011264080099,0.0430735095384031,0.4510028144581036,0.7249999999999996,train,2
copper,0.5,7.5,SWV,9,0.0200292622437871,0.0823103603504896,0.4975639197237363,-0.069842358723202,0.0999999999999999,1.4,-1.0932547707320696e-05,0.0303992651910269,-0.0290089179079354,0.4975639197237363,-0.0375469336670839,0.0560700876095118,0.0215342043074725,0.4934410664080726,0.999999999999996,train,4
ascorbic_acid,0.5,6.0,SWV,0,0.0445505677702213,0.1090044995529999,0.4625182020792949,-0.048643004435065,0.0999999999999999,1.4,2.966862350669147e-06,0.0353179757959554,-0.0390397413943612,0.4625182020792949,0.1061326658322903,0.1244055068836044,0.0444027217699024,0.4555176316400727,0.6511627906976742,train,2
glucose,2.0,7.5,SWV,9,0.1226035747220361,0.2593524419683093,1.0403199304816206,-0.0988093906317859,0.0999999999999999,1.4,-2.887712951387354e-05,0.0714029636831429,-0.0620534637743252,1.0403199304816206,0.4705882352941176,0.1594493116395494,0.1217855582749227,1.0194897463589574,0.8958333333333346,train,3
dopamine,1.0,7.0,SWV,6,0.0417959101213717,0.15486996855484,0.8693013608325736,-0.0629295668944059,0.0999999999999999,1.4,3.5978032164845146e-06,0.0643995282508368,-0.0442695008147525,0.8693013608325736,0.1989987484355443,0.0630788485607009,0.043290876169352,0.8649244899781882,0.7142857142857139,train,0
ascorbic_acid,0.1,7.0,SWV,0,0.0107996977899041,0.0229886386165729,0.1002371195870622,-0.009396285406782,0.0999999999999999,1.4,2.657285029216763e-06,0.0075945776403916,-0.0084015630057355,0.1002371195870622,0.0535669586983729,0.1244055068836045,0.0093251086466893,0.0972552728968478,0.8205128205128215,train,2
aluminum,0.1,8.0,SWV,9,0.0062050262964185,0.0139407993439165,0.0645202858414138,-0.0040328453388001,0.0999999999999999,1.4,4.423030605179451e-07,0.0038359137925918,-0.0045836643898129,0.0645202858414138,-0.3091364205256571,0.1051314142678347,0.0051000306623675,0.0625310538920312,0.5789473684210523,train,5
dopamine,10.0,8.0,SWV,2,0.2439753389274859,0.9440507856570924,5.1470060724503215,-0.5192288665121335,0.0999999999999999,1.4,-0.0001280453749639,0.3540831330582188,-0.3258110866626449,5.1470060724503215,0.1516896120150187,0.0700876095118898,0.2814808401182067,5.118684053073658,0.9047619047619035,train,0
aluminum,0.2,8.0,SWV,2,0.0107624059393711,0.0274811635472138,0.1254763459709025,-0.0103934829312784,0.0999999999999999,1.4,-1.179526819977243e-06,0.0071693521914434,-0.0083120290109661,0.1254763459709025,-0.3073842302878598,0.0963704630788485,0.009484185323654,0.123034778536542,0.7187500000000003,train,5
uric_acid,2.0,7.0,SWV,1,0.1039064118632609,0.3067291000730129,1.4331278241252658,-0.1380089309341688,0.0999999999999999,1.4,-5.477345176484741e-05,0.0977965770416068,-0.0860646211738476,1.4331278241252658,0.3409261576971213,0.0963704630788484,0.1092062640862768,1.418564727827783,0.4864864864864863,train,1
ascorbic_acid,5.0,8.0,SWV,2,0.3306142395345612,0.8420801509136414,3.4555928209712974,-0.2968196948341475,0.0999999999999999,1.4,-9.093614204838508e-05,0.2353694377591773,-0.187486180543756,3.4555928209712974,0.0097622027534417,0.1244055068836045,0.3440434289855709,3.409474652582853,0.7750000000000004,train,2
uric_acid,1.0,7.0,SWV,2,0.0569482610395824,0.1636818702786816,0.7655056518539582,-0.0583408453608372,0.0999999999999999,1.4,-1.700631504615197e-05,0.0385521327868551,-0.0386052785501096,0.7655056518539582,0.3444305381727158,0.1033792240300375,0.0608418282473402,0.7563578596722575,0.6388888888888908,train,1
ascorbic_acid,0.5,6.5,SWV,1,0.0445159269493182,0.1104507265365846,0.4610082450839931,-0.0489853507075683,0.0999999999999999,1.4,-1.7867941013283636e-05,0.0290690705526202,-0.0265981468018201,0.4610082450839931,0.0605757196495618,0.1226533166458072,0.0446889124766852,0.4540697915231034,0.5909090909090914,train,2
aluminum,0.1,6.5,SWV,9,0.0061478188134946,0.0137733247141689,0.0632365544838539,-0.0039692277848062,0.0999999999999999,1.4,4.675556408436049e-07,0.0037884431251573,-0.0050000019751968,0.0632365544838539,-0.3143929912390488,0.1033792240300375,0.0050031326518776,0.0612551334040777,0.8437500000000018,train,5
ascorbic_acid,10.0,6.0,SWV,2,0.4930130104788277,1.2547095634141172,5.347877699454476,-0.4562479075341958,0.0999999999999999,1.4,-0.0001393219311783,0.2795354278208667,-0.3100061399609762,5.347877699454476,0.1026282853566957,0.1244055068836045,0.5105273354099019,5.276364239323462,0.7750000000000004,train,2
ascorbic_acid,0.1,6.5,SWV,6,0.0107620439295136,0.0226891152861298,0.0983116923962292,-0.0067108077337215,0.0999999999999999,1.4,3.5092666689708584e-06,0.0065490805440417,-0.0058476249637273,0.0983116923962292,0.076345431789737,0.1191489361702127,0.0090380515647421,0.0953534672316258,0.9428571428571422,train,2
dopamine,2.0,7.5,SWV,2,0.075966425470461,0.2896047320154787,1.662397540401093,-0.1655901887395002,0.0999999999999999,1.4,-3.8258421144565793e-05,0.103390820645542,-0.1134514635996597,1.662397540401093,0.1727158948685856,0.0630788485607009,0.0810533474299509,1.652031861843842,0.7142857142857139,train,0
ascorbic_acid,0.5,8.0,SWV,3,0.0469850194271394,0.1132838305439143,0.468858774641089,-0.0418375552383986,0.0999999999999999,1.4,-4.799873696663773e-05,0.0274719139453482,-0.0389247772779501,0.468858774641089,0.0202753441802252,0.1226533166458072,0.04585685380122,0.4602654050401417,0.9444444444444438,train,2
aluminum,2.0,7.0,SWV,7,0.0812758167958399,0.2374255822679372,1.0927655228734512,-0.0962874953946563,0.0999999999999999,1.4,-9.7679322233532e-05,0.0656720616877323,-0.0624122677043224,1.0927655228734512,-0.316145181476846,0.1086357947434293,0.0889983431702531,1.0833267024755588,0.8787878787878792,train,5
aluminum,0.2,8.0,SWV,5,0.0108786920549594,0.0275948014259852,0.1290710279572017,-0.0115314301021542,0.0999999999999999,1.4,5.603997286120759e-06,0.0105528387003812,-0.0072903181741671,0.1290710279572017,-0.3038798498122653,0.0981226533166457,0.0096390584732589,0.126667681309002,0.7499999999999998,train,5
uric_acid,0.1,8.0,SWV,6,0.0078918059990059,0.0176667728431341,0.0864122586758295,-0.0049353656846891,0.0999999999999999,1.4,3.033164616970833e-06,0.0048012241564613,-0.0050257701745862,0.0864122586758295,0.3111389236545681,0.0981226533166458,0.0063326032203538,0.0837898723331449,0.6969696969696987,train,1
dopamine,2.0,6.5,SWV,1,0.073691904395559,0.2847784610158778,1.4845617545410406,-0.1411160363730589,0.0999999999999999,1.4,-5.491540517149103e-05,0.0907231851450659,-0.1074063011039557,1.4845617545410406,0.232290362953692,0.0735919899874844,0.087433861686007,1.473798720219767,0.909090909090908,train,0
dopamine,5.0,8.0,SWV,1,0.1563864546393587,0.6120503401399483,3.2080064464041627,-0.32669024564758,0.0999999999999999,1.4,-0.0001207469402033,0.19729572842636,-0.1871222618444861,3.2080064464041627,0.1464330413016269,0.0753441802252815,0.1901091566619937,3.187902154639696,0.7916666666666665,train,0
uric_acid,0.1,8.0,SWV,8,0.0078959485956405,0.0178212302350722,0.0830511596545962,-0.005138812326381,0.0999999999999999,1.4,8.748154268355877e-06,0.0052348558145171,-0.0058950873358135,0.0830511596545962,0.3128911138923653,0.1016270337922403,0.0065153592925774,0.0802901946338276,0.6571428571428582,train,1
aluminum,0.5,7.5,SWV,1,0.0240337744885707,0.0666946625455681,0.311536797779587,-0.0330604022997681,0.0999999999999999,1.4,-1.161688462947086e-05,0.0230503004259766,-0.0202452857826062,0.311536797779587,-0.3091364205256571,0.0963704630788485,0.0229558441727362,0.3071693324691673,0.8965517241379298,train,5
copper,0.5,7.0,SWV,9,0.0199343893013869,0.0817188219159506,0.4756136728667576,-0.0736918235794242,0.0999999999999999,1.4,-1.0705790935161826e-05,0.0303946522479698,-0.0279014077025555,0.4756136728667576,-0.0392991239048811,0.0595744680851064,0.0221397228513952,0.4717997303902014,0.7894736842105242,train,4
copper,2.0,6.0,SWV,9,0.067197475703089,0.2892465672297066,1.6017292622833996,-0.2574972987320957,0.0999999999999999,1.4,-4.39791827485591e-05,0.1260001103336183,-0.0955667634036283,1.6017292622833996,-0.0568210262828535,0.0665832290362953,0.0839185518154181,1.5932422654442049,0.8095238095238126,train,4
dopamine,1.0,6.0,SWV,5,0.0407105800892654,0.1505781498689884,0.8416762833188761,-0.0679156082338474,0.0999999999999999,1.4,1.3866072906629114e-05,0.0563587995903096,-0.0544845885058762,0.8416762833188761,0.2638297872340425,0.0648310387984981,0.0427692007402783,0.834960906117625,0.7619047619047621,train,0
aluminum,1.0,7.5,SWV,8,0.045925908077164,0.1286827101762081,0.59991675794918,-0.054291011502933,0.0999999999999999,1.4,5.300126884715586e-05,0.0467474348526945,-0.0393791031082708,0.59991675794918,-0.3143929912390488,0.1016270337922402,0.0458866203992463,0.592780555770601,0.6571428571428565,train,5
ascorbic_acid,0.2,6.0,SWV,1,0.0191135596882339,0.0447705137672552,0.1898919881110559,-0.0187319979616642,0.0999999999999999,1.4,-5.74345469292456e-06,0.0117349976610975,-0.0098948784273262,0.1898919881110559,0.1061326658322903,0.1244055068836045,0.0182248414259799,0.1858588630798734,0.7317073170731705,train,2
uric_acid,5.0,8.0,SWV,4,0.221353156277746,0.6454232433768953,2.969129772896704,-0.2722835153605413,0.0999999999999999,1.4,-0.0001234296545097,0.164428165287429,-0.1761891833242143,2.969129772896704,0.3058823529411764,0.0963704630788485,0.2283185002955752,2.935781772436771,0.8965517241379318,train,1
aluminum,0.5,8.0,SWV,1,0.0241238603636234,0.0669796189008558,0.3100556448149792,-0.033202428615924,0.0999999999999999,1.4,-1.1674818625105614e-05,0.0244241709804753,-0.0200785742910226,0.3100556448149792,-0.3091364205256571,0.106883604505632,0.0247820026247137,0.3058016684665432,0.605263157894737,train,5
ascorbic_acid,5.0,8.0,SWV,0,0.3324247737946004,0.8411502487284036,3.478874525042644,-0.3993744357215872,0.0999999999999999,1.4,3.770587530496916e-06,0.267219206765239,-0.2934333379420263,3.478874525042644,0.0150187734668334,0.1191489361702127,0.3349861418058628,3.435251282474836,0.9428571428571422,train,2
copper,0.5,6.5,SWV,7,0.0189395074639973,0.0811870828281118,0.4517836230833562,-0.0854104207499195,0.0999999999999999,1.4,-3.026700113403199e-05,0.03011874581974,-0.0283906343910233,0.4517836230833562,-0.0550688360450564,0.0613266583229036,0.0223941229747691,0.4491990334022278,0.6666666666666656,train,4
aluminum,5.0,8.0,SWV,7,0.1681856142056807,0.4960439897241677,2.233650228077374,-0.2014966485449377,0.0999999999999999,1.4,-0.000206546478883,0.1294700895852495,-0.130269370037257,2.233650228077374,-0.3073842302878598,0.1086357947434292,0.1862373532202211,2.2151230153498305,0.5897435897435901,train,5
copper,1.0,6.0,SWV,4,0.0366090943183739,0.1550395417844698,0.8715644772250432,-0.1406213356940598,0.0999999999999999,1.4,-3.275007888999629e-05,0.0567077031616971,-0.0545149087720034,0.8715644772250432,-0.0533166458072591,0.0648310387984981,0.0441663791730626,0.8667684735285638,0.9473684210526342,train,4
dopamine,2.0,6.5,SWV,3,0.0763692985595955,0.2835347101783014,1.496245440504755,-0.1603780904151381,0.0999999999999999,1.4,-0.0001254413659718,0.0837908680985546,-0.1037627995390313,1.496245440504755,0.2410513141426782,0.0735919899874844,0.0869065139084585,1.4801488378738223,0.680000000000001,train,0
uric_acid,0.1,7.5,SWV,0,0.007798817957921,0.0176402941622982,0.0864263169856912,-0.0064282308075614,0.0999999999999999,1.4,2.4235249162560127e-06,0.0066213105715268,-0.006512458257896,0.0864263169856912,0.3216520650813516,0.092866082603254,0.0060425667799424,0.0838476483007212,0.7666666666666658,train,1
aluminum,0.2,7.5,SWV,6,0.0108588707310275,0.0276240636915809,0.1310485905135958,-0.0102841217388618,0.0999999999999999,1.4,3.447832034067885e-06,0.0089901235440418,-0.0091690343684469,0.1310485905135958,-0.3021276595744681,0.0981226533166457,0.0096792077398554,0.1289098778881809,0.9310344827586208,train,5
ascorbic_acid,1.0,7.0,SWV,1,0.0848898546708083,0.21474517053283,0.935759954484996,-0.0975188290907261,0.0999999999999999,1.4,-3.729031275700109e-05,0.055635088394586,-0.0527703801686221,0.935759954484996,0.0483103879849812,0.1191489361702128,0.0846233863967296,0.9239438332305284,0.700000000000001,train,2
aluminum,0.1,6.5,SWV,5,0.0061198852723503,0.0138037736646389,0.0638089266762103,-0.0053358247518259,0.0999999999999999,1.4,4.089165981402997e-06,0.0053013710305438,-0.0037035228541089,0.0638089266762103,-0.3178973717146433,0.106883604505632,0.0051381621728449,0.0619037395717304,0.9677419354838696,train,5
aluminum,5.0,7.5,SWV,3,0.175139971826983,0.4963201840581731,2.2847358350308564,-0.2233323209157441,0.0999999999999999,1.4,-0.0002492114182561,0.1487303498647998,-0.192184309642133,2.2847358350308564,-0.3108886107634543,0.1016270337922402,0.1772102067039826,2.259665975758737,0.7575757575757581,train,5
aluminum,2.0,8.0,SWV,6,0.0845780689720785,0.2418691927281965,1.145160965539723,-0.1085506346452024,0.0999999999999999,1.4,1.0379838569866371e-05,0.078463186098395,-0.0820113603090468,1.145160965539723,-0.3021276595744681,0.099874843554443,0.0858676992560186,1.1365575733568147,0.7812500000000001,train,5
glucose,0.2,6.5,SWV,9,0.0157823573560295,0.0291153364045528,0.1127359217786615,-0.0088562718726538,0.0999999999999999,1.4,-9.803893750280146e-07,0.007855571805965,-0.0070478098536836,0.1127359217786615,0.4723404255319147,0.1524405506883603,0.0131800216729044,0.108351667351612,0.3809523809523795,train,3
glucose,10.0,6.0,SWV,4,0.3824572989661323,0.8204623705910403,3.066565503125655,-0.3205533280694716,0.0999999999999999,1.4,-0.0001499008924478,0.1987019034738282,-0.2125633228011857,3.066565503125655,0.4933667083854817,0.1524405506883606,0.3715303137098014,3.005786033158054,0.5818181818181816,train,3
uric_acid,10.0,7.5,SWV,5,0.3393484487651871,0.9880795128289676,4.698520553644595,-0.3656110507952274,0.0999999999999999,1.4,0.000101421011304,0.338937556521688,-0.2895781801048143,4.698520553644595,0.3321652065081351,0.092866082603254,0.3384407519516957,4.644597049156332,0.8928571428571437,train,1
aluminum,1.0,6.5,SWV,2,0.0449216220953765,0.1271346797858116,0.5702740241452987,-0.055042146858915,0.0999999999999999,1.4,-1.4568356381477336e-05,0.0331178460673841,-0.0425769840392468,0.5702740241452987,-0.3126408010012516,0.1033792240300375,0.0462876924932321,0.5634664425624395,0.7352941176470591,train,5
uric_acid,0.2,8.0,SWV,5,0.0138676703383169,0.0351927099601507,0.1629699216599827,-0.0107946259611221,0.0999999999999999,1.4,5.940704709701074e-06,0.011971134849165,-0.0116803309539123,0.1629699216599827,0.3006257822277847,0.0998748435544431,0.0127697652560862,0.1594507831851656,0.9000000000000008,train,1
glucose,0.1,8.0,SWV,4,0.0091560874410343,0.0148551054540045,0.0621099247088352,-0.0036798918939583,0.0999999999999999,1.4,-4.462782713060651e-07,0.0042829311483563,-0.0039535038404788,0.0621099247088352,0.4530663329161452,0.1541927409261576,0.0068132591609286,0.0586943688244008,0.6923076923076951,train,3
glucose,0.5,6.0,SWV,6,0.0350775312673944,0.0708406686845449,0.2647570846132098,-0.0231100205597646,0.0999999999999999,1.4,6.5198416196315055e-06,0.0199721705991286,-0.0173542876509942,0.2647570846132098,0.523153942428035,0.162953692115144,0.0336258982795902,0.2576114173840122,0.8979591836734657,train,3
ascorbic_acid,2.0,7.5,SWV,3,0.1623215458954171,0.4027714721008302,1.7193587548933709,-0.1613159484766138,0.0999999999999999,1.4,-0.00018431360261,0.102268732844665,-0.1469749601417518,1.7193587548933709,0.0325406758448059,0.1226533166458072,0.1616370538711262,1.6925663820294974,1.0,train,2
ascorbic_acid,0.2,6.5,SWV,4,0.0196014547948871,0.0445823836469901,0.1891983662387376,-0.0173239728581531,0.0999999999999999,1.4,-6.329063599567544e-06,0.0122152014606235,-0.0127217506508836,0.1891983662387376,0.0605757196495618,0.1209011264080099,0.0178957017400876,0.1847270961369966,0.5681818181818183,train,2
glucose,0.1,6.5,SWV,0,0.0089905008975982,0.014601936784035,0.0590153795214523,-0.0057038115004026,0.0999999999999999,1.4,2.783541209324452e-06,0.0048735627875731,-0.0053786114929162,0.0590153795214523,0.4846057571964955,0.1489361702127658,0.0064966438817351,0.0555996039453101,0.5740740740740751,train,3
dopamine,5.0,6.0,SWV,6,0.1522134076209606,0.5794491741895266,3.296010570727541,-0.2733728100718189,0.0999999999999999,1.4,6.535654152655529e-06,0.1828211934453232,-0.1781139614193714,3.296010570727541,0.2550688360450562,0.064831038798498,0.1647060032576758,3.2795378005460645,0.681818181818183,train,0
glucose,0.5,8.0,SWV,9,0.0359749182268201,0.0726378720090671,0.2884691218638702,-0.0259139096384248,0.0999999999999999,1.4,-6.3421112121492525e-06,0.0205839696391843,-0.0174864695566503,0.2884691218638702,0.4705882352941176,0.1612015018773466,0.0343707426638034,0.2809056010144621,0.9166666666666644,train,3
aluminum,2.0,8.0,SWV,1,0.0829002454322747,0.2398366224378508,1.1070941841796316,-0.122458456025471,0.0999999999999999,1.4,-4.823119486082618e-05,0.0874042053634844,-0.0717893045965574,1.1070941841796316,-0.3091364205256571,0.106883604505632,0.088764526840373,1.0954841605901122,0.605263157894737,train,5
glucose,10.0,6.0,SWV,8,0.3823228709179249,0.8203138907169211,3.083632805558337,-0.304526417844407,0.0999999999999999,1.4,0.0003276485000545,0.2297083568596089,-0.2122225008086273,3.083632805558337,0.5301627033792239,0.1506883604505633,0.3693532216945915,3.022349782176765,0.7200000000000015,train,3
glucose,5.0,6.0,SWV,5,0.2461132137164763,0.5305177635489295,2.019406187131888,-0.2042437467499961,0.0999999999999999,1.4,7.062964553818294e-05,0.1741416631930323,-0.1192563998537241,2.019406187131888,0.5266583229036294,0.1612015018773467,0.2498722449284794,1.9792024722645485,0.803921568627451,train,3
glucose,0.2,6.0,SWV,1,0.0154660085614535,0.028888757936135,0.1131111436131393,-0.00947471945097,0.0999999999999999,1.4,-2.644822049236502e-06,0.0079568331079062,-0.0064105448019459,0.1131111436131393,0.4986232790988735,0.1541927409261576,0.0132204925683172,0.1087829443935343,0.6000000000000014,train,3
ascorbic_acid,0.2,7.5,SWV,3,0.0201288092081521,0.0460493325636073,0.1981288585810569,-0.0169063867610855,0.0999999999999999,1.4,-1.898873925235696e-05,0.0117928297019681,-0.0169716154912882,0.1981288585810569,0.0325406758448059,0.1226533166458072,0.0184843449341227,0.1935380134977818,1.0,train,2
uric_acid,0.2,6.5,SWV,2,0.0134171665771258,0.0343331719503493,0.1588167050356898,-0.0108863077008212,0.0999999999999999,1.4,-1.6168953264043135e-06,0.0077568193005346,-0.0085125715547779,0.1588167050356898,0.3812265331664579,0.0981226533166458,0.0122948612884841,0.1554604355010974,0.8666666666666671,train,1
aluminum,2.0,7.5,SWV,3,0.0852752701439236,0.2396739147707112,1.103932744246531,-0.1066578910395975,0.0999999999999999,1.4,-0.0001190977994861,0.071842253082972,-0.0928315093763903,1.103932744246531,-0.3108886107634543,0.1016270337922402,0.0855778331416131,1.0911794223978248,0.7575757575757581,train,5
ascorbic_acid,0.5,6.5,SWV,6,0.0452321657321806,0.1098364728490077,0.4686691179573395,-0.0379659067609379,0.0999999999999999,1.4,7.152267757667627e-06,0.0314209076735388,-0.0278936832665427,0.4686691179573395,0.076345431789737,0.1191489361702127,0.0437520289187428,0.4611075702981326,0.9428571428571422,train,2
aluminum,10.0,8.0,SWV,0,0.2675543090444272,0.7710270010851666,3.5601849080989427,-0.4274061722711811,0.0999999999999999,1.4,-3.3881877383621847e-06,0.2875911358033012,-0.358298173716707,3.5601849080989427,-0.3056320400500626,0.1033792240300375,0.2779689050509545,3.523459341508357,0.7352941176470584,train,5
aluminum,1.0,6.5,SWV,4,0.045593206204572,0.1277591309724322,0.5862595830705741,-0.0600149752017177,0.0999999999999999,1.4,-2.5837045573447668e-05,0.0419021286910455,-0.0373757516207108,0.5862595830705741,-0.3126408010012516,0.1051314142678347,0.0469629899562589,0.5796029756409752,0.7647058823529418,train,5
uric_acid,0.2,7.5,SWV,3,0.0139171788024609,0.0351371554922727,0.1688562752854993,-0.012680051827819,0.0999999999999999,1.4,-1.3614591318880703e-05,0.0094947627930615,-0.014072522167085,0.1688562752854993,0.3216520650813516,0.0946182728410512,0.0121575925266262,0.16525537195679,0.6874999999999982,train,1
ascorbic_acid,10.0,8.0,SWV,8,0.5192193536599461,1.3093826012650172,5.397202820513856,-0.4861933205415887,0.0999999999999999,1.4,0.0004703508095955,0.3658468888949991,-0.4314800444258178,5.397202820513856,0.0080100125156444,0.1209011264080099,0.5267587224576693,5.3195344383412,0.6829268292682918,train,2
glucose,1.0,7.5,SWV,5,0.0665927801886318,0.1397440708003849,0.5556060367309872,-0.0490957302281941,0.0999999999999999,1.4,2.0464135472745265e-05,0.0467134157274629,-0.0308620002172674,0.5556060367309872,0.4775969962453065,0.1576971214017521,0.0652206555277212,0.5430790107647558,0.9565217391304368,train,3
ascorbic_acid,5.0,7.5,SWV,5,0.3304537018263032,0.8310676650422131,3.506524212849007,-0.333437752048341,0.0999999999999999,1.4,9.850773392304584e-05,0.3428871198350699,-0.1929658756477505,3.506524212849007,0.0307884856070087,0.1226533166458072,0.3333958490820799,3.4560469842839203,0.8918918918918939,train,2
aluminum,10.0,7.0,SWV,5,0.2667984971116155,0.7685125692131356,3.4938825937808358,-0.3445201779579041,0.0999999999999999,1.4,8.696281742503601e-05,0.292812360892582,-0.2022223902505144,3.4938825937808358,-0.3038798498122653,0.1086357947434292,0.2879593593120432,3.458785751809869,0.7714285714285712,train,5
copper,0.5,6.5,SWV,1,0.019236654475669,0.0810099446808964,0.4562158605121829,-0.0810910393644738,0.0999999999999999,1.4,-1.511452893807613e-05,0.0339033709945249,-0.0245482225933377,0.4562158605121829,-0.0550688360450564,0.0648310387984981,0.0230684433083641,0.4532015610740001,0.681818181818181,train,4
ascorbic_acid,0.1,6.0,SWV,7,0.0104373050663904,0.0224317779028878,0.0944258207062326,-0.0070203085788977,0.0999999999999999,1.4,-6.094601064985452e-06,0.0064547426979297,-0.0054038437300025,0.0944258207062326,0.1061326658322903,0.1261576971214016,0.009231661521753,0.0915890818716466,0.6744186046511629,train,2
glucose,5.0,6.5,SWV,1,0.2443771032816115,0.5300316961103111,2.038403376457206,-0.1972271967900373,0.0999999999999999,1.4,-9.253284270253536e-05,0.1415366969522087,-0.1174267489801349,2.038403376457206,0.4986232790988735,0.1401752190237797,0.2273615154690785,2.000104428528102,0.8604651162790681,train,3
dopamine,0.2,7.5,SWV,8,0.0104169627570836,0.0333358768460345,0.1872260325378138,-0.0159253456761226,0.0999999999999999,1.4,1.3392529097584105e-05,0.0109523352487028,-0.0153367483034261,0.1872260325378138,0.1814768460575718,0.0630788485607009,0.0093136035511241,0.184359893766365,0.8000000000000006,train,0
dopamine,0.5,7.5,SWV,3,0.023134871799423,0.0808891857704967,0.4498054681408327,-0.0420336568269678,0.0999999999999999,1.4,-3.57410249003602e-05,0.0257177309243074,-0.0306745415026201,0.4498054681408327,0.1779724655819774,0.0665832290362953,0.0233134133213943,0.4440838726650444,1.0,train,0
glucose,0.2,7.5,SWV,1,0.0157053411264986,0.0294221895706031,0.1195277672945651,-0.0098274763045645,0.0999999999999999,1.4,-2.933876883359327e-06,0.007915377375352,-0.0065462574247121,0.1195277672945651,0.4688360450563203,0.1576971214017521,0.0136787435717641,0.1151443070832945,0.8367346938775515,train,3
aluminum,2.0,7.0,SWV,4,0.0840212687384072,0.2386746601628477,1.1058177712693351,-0.1137398428808666,0.0999999999999999,1.4,-5.0444824798875215e-05,0.0791413457672015,-0.0671959043831697,1.1058177712693351,-0.3126408010012516,0.0981226533166457,0.0835486962315283,1.09473739672774,0.9310344827586208,train,5
uric_acid,0.5,7.5,SWV,2,0.0306869881832563,0.0856292082428246,0.4063372162913658,-0.0299509503976849,0.0999999999999999,1.4,-7.767117613923634e-06,0.0200481512654058,-0.0228636560703292,0.4063372162913658,0.3339173967459323,0.0963704630788485,0.0300210021546646,0.4006699606731104,0.8333333333333334,train,1
uric_acid,0.1,7.5,SWV,7,0.0076586609639101,0.0174628431221621,0.0836582327579989,-0.0054024262154562,0.0999999999999999,1.4,-4.246958250047389e-06,0.0046926767550667,-0.0043166220939576,0.0836582327579989,0.3216520650813516,0.0981226533166458,0.0062032348140103,0.0812744924895913,0.749999999999999,train,1
dopamine,0.2,7.5,SWV,4,0.0104220731525691,0.0329185834868403,0.1814285422818085,-0.0182360204074999,0.0999999999999999,1.4,-4.761913313023264e-06,0.0122445041286165,-0.0115311714810649,0.1814285422818085,0.1744680851063829,0.064831038798498,0.0093391818989138,0.178398111418408,0.8499999999999981,train,0
dopamine,0.1,6.0,SWV,8,0.0059818187401104,0.016075432857804,0.0916390316533811,-0.0070572386870862,0.0999999999999999,1.4,7.839610653855997e-06,0.0059702383982726,-0.0057504066676824,0.0916390316533811,0.2568210262828535,0.0630788485607009,0.0044898452698997,0.0894338799551919,0.8000000000000006,train,0
ascorbic_acid,2.0,7.0,SWV,0,0.1582290547455228,0.3986880314530945,1.709196587035852,-0.1834683289204661,0.0999999999999999,1.4,4.489222347555111e-06,0.1302630274301692,-0.1440443600890399,1.709196587035852,0.0535669586983729,0.1244055068836045,0.1620225826123644,1.6885212872847788,0.8205128205128215,train,2
copper,5.0,6.0,SWV,3,0.1392657057150592,0.5953912161603191,3.4009914396114214,-0.5033411685548718,0.0999999999999999,1.4,-0.000285997724284,0.2611336448806829,-0.2347482772518622,3.4009914396114214,-0.0568210262828535,0.0648310387984981,0.169237296609358,3.3751295870908176,0.8500000000000013,train,4
dopamine,0.1,7.0,SWV,7,0.0059209325473919,0.0163624222287436,0.0926441195416061,-0.0065536134578234,0.0999999999999999,1.4,-4.059999102936958e-06,0.0068853189057659,-0.0051874567549156,0.0926441195416061,0.1989987484355443,0.0648310387984981,0.0046555623468561,0.0907003151083174,0.7619047619047621,train,0
ascorbic_acid,1.0,6.0,SWV,1,0.0832489915159971,0.2105721613756072,0.8862743153604696,-0.0944430511488835,0.0999999999999999,1.4,-3.612788667712544e-05,0.0550944188405763,-0.046337483028104,0.8862743153604696,0.1061326658322903,0.1244055068836045,0.0857740706195357,0.8744229676122263,0.7317073170731705,train,2
glucose,1.0,7.5,SWV,7,0.0651839973250824,0.1399624203160043,0.5373007630864874,-0.048404209639696,0.0999999999999999,1.4,-5.111077581340848e-05,0.0336039595870753,-0.0336640650101362,0.5373007630864874,0.4846057571964955,0.1594493116395495,0.0655155850065134,0.5259135187115658,0.8571428571428568,train,3
ascorbic_acid,0.2,7.0,SWV,8,0.0197738253881639,0.0457126622150303,0.197010628061375,-0.0162631038075781,0.0999999999999999,1.4,1.9965039000605194e-05,0.0132213998853472,-0.013550614451236,0.197010628061375,0.0640801001251564,0.1244055068836045,0.0185481900140801,0.1929100945910843,0.918918918918918,train,2
dopamine,0.1,8.0,SWV,8,0.0061964095325838,0.016967281595327,0.0915083106832689,-0.0072253701638032,0.0999999999999999,1.4,7.740893241495683e-06,0.0067657270202523,-0.0063386957935214,0.0915083106832689,0.1481852315394242,0.0735919899874842,0.0052120713198195,0.089249735870991,0.8260869565217395,train,0
ascorbic_acid,0.1,7.0,SWV,6,0.0108524927718464,0.0229324126541596,0.1002421145461835,-0.0068395615757245,0.0999999999999999,1.4,3.539336110667101e-06,0.0066530603660542,-0.0067143373814114,0.1002421145461835,0.0395494367959949,0.1226533166458072,0.0092362717985619,0.0972057671086682,0.5217391304347843,train,2
uric_acid,0.2,7.5,SWV,7,0.0134278529644811,0.0348183883552963,0.1647345420022462,-0.0117047711198039,0.0999999999999999,1.4,-1.0818228760329497e-05,0.009276252994072,-0.0085203098984141,0.1647345420022462,0.3216520650813516,0.0981226533166458,0.0123440339016765,0.1616149341526251,0.749999999999999,train,1
uric_acid,2.0,6.5,SWV,9,0.1052268694453222,0.3039960615210224,1.4279707470667302,-0.1162853234875845,0.0999999999999999,1.4,-3.734461844601704e-05,0.1050041838011076,-0.0989241847998197,1.4279707470667302,0.3812265331664579,0.0981226533166458,0.108925961020189,1.41423314861754,0.931034482758622,train,1
ascorbic_acid,2.0,7.0,SWV,9,0.1596325958390915,0.3984542748217337,1.694458234675916,-0.1542206632871552,0.0999999999999999,1.4,-4.793361200237794e-05,0.1138922197149497,-0.0995833797006289,1.694458234675916,0.0500625782227783,0.1261576971214018,0.1632928421491494,1.6708389973305124,0.7142857142857139,train,2
aluminum,1.0,8.0,SWV,2,0.0454458878033543,0.12872471335258,0.5834375320970816,-0.0524556883319233,0.0999999999999999,1.4,-1.4776484504516569e-05,0.0335187808021318,-0.0389283458015326,0.5834375320970816,-0.3073842302878598,0.0963704630788485,0.0444096338825645,0.57651587771529,0.7187500000000003,train,5
copper,0.5,6.5,SWV,4,0.0197739744668836,0.0809147476298621,0.4573059102908302,-0.0721736294320844,0.0999999999999999,1.4,-1.5910301278531564e-05,0.0298544607019875,-0.0308553675232382,0.4573059102908302,-0.0533166458072591,0.0613266583229036,0.022273375737211,0.4536942636751731,0.75,train,4
ascorbic_acid,1.0,6.5,SWV,6,0.085447307835292,0.2115120298679999,0.9007527811119684,-0.0746950763604661,0.0999999999999999,1.4,1.1402435694480294e-05,0.0604380393246187,-0.0536140846198274,0.9007527811119684,0.076345431789737,0.1191489361702127,0.0842464077445783,0.8877765321917764,0.9428571428571422,train,2
ascorbic_acid,0.1,7.0,SWV,2,0.0107467893841419,0.0229674180453577,0.0991988606168269,-0.0066765487265223,0.0999999999999999,1.4,-1.1028595110583808e-07,0.0057244656010029,-0.0052974445416355,0.0991988606168269,0.0588235294117646,0.1191489361702128,0.0090580710401506,0.096224710177913,0.999999999999998,train,2
ascorbic_acid,2.0,7.0,SWV,3,0.1607321861610937,0.399336847912472,1.7040757870295675,-0.1596882331404456,0.0999999999999999,1.4,-0.0001824597516161,0.1012536644098255,-0.1455148827211715,1.7040757870295675,0.0605757196495618,0.1226533166458072,0.1605843055356365,1.678265817118246,1.0,train,2
ascorbic_acid,0.5,7.0,SWV,9,0.0458113016534726,0.1111428245829185,0.4739328870624342,-0.0414850052227469,0.0999999999999999,1.4,-1.1574991146290624e-05,0.0317970800561738,-0.0278503147473748,0.4739328870624342,0.0500625782227783,0.1261576971214018,0.0455443294268663,0.4660464531449676,0.7142857142857139,train,2
dopamine,10.0,6.0,SWV,1,0.2302152055430427,0.9067682272220084,5.005719005177366,-0.4579836843174942,0.0999999999999999,1.4,-0.0001855137843618,0.3498676177201789,-0.3282063501132064,5.005719005177366,0.2620775969962452,0.064831038798498,0.2576210573689148,4.984382506640038,0.9473684210526307,train,0
glucose,10.0,8.0,SWV,4,0.3917409584441892,0.8419414378753253,3.377613968450153,-0.3460668380885064,0.0999999999999999,1.4,-0.0001597971810667,0.2343873022513044,-0.2152373665155271,3.377613968450153,0.4530663329161452,0.1541927409261576,0.3860185834155343,3.311467397341224,0.6923076923076951,train,3
copper,2.0,7.5,SWV,8,0.0679072914455119,0.291918071773351,1.7803109936800114,-0.244038160044872,0.0999999999999999,1.4,0.000103552717966,0.1171251030833145,-0.1380803627226048,1.7803109936800114,-0.0357947434292866,0.0595744680851063,0.079334708182424,1.7688904026029648,0.8888888888888908,train,4
copper,10.0,7.0,SWV,5,0.213865808970054,0.9386559663279458,5.509937878677669,-0.8061135164233564,0.0999999999999999,1.4,7.122567951960853e-05,0.3450670073196303,-0.3045386615803436,5.509937878677669,-0.0392991239048811,0.0595744680851064,0.2539757323184671,5.476585304921135,0.7894736842105242,train,4
glucose,10.0,7.5,SWV,3,0.3925435222958528,0.8389616098979599,3.301892554722746,-0.3356322045661322,0.0999999999999999,1.4,-0.0003894169703887,0.2414898024845281,-0.3263043036452432,3.301892554722746,0.481101376720901,0.1594493116395494,0.3945060899188031,3.238884162287437,0.8958333333333346,train,3
dopamine,0.5,6.5,SWV,5,0.0222663978394579,0.0791104010554083,0.4206135850304895,-0.0449544398128035,0.0999999999999999,1.4,7.807986485004578e-06,0.028547092030852,-0.0298489195386367,0.4206135850304895,0.2287859824780975,0.0718397997496871,0.0239449290471345,0.4157214830572889,0.7826086956521764,train,0
uric_acid,0.5,7.5,SWV,8,0.0310805536182526,0.0862692232362739,0.4165594313522675,-0.0306887738056284,0.0999999999999999,1.4,3.2935037443573526e-05,0.0253045670786051,-0.0283572039028948,0.4165594313522675,0.3251564455569461,0.0911138923654568,0.0291861623963921,0.4106644966022326,0.7931034482758638,train,1
copper,1.0,8.0,SWV,0,0.0368948001256349,0.1590189174392169,0.934042932156146,-0.1322883724120079,0.0999999999999999,1.4,-2.513649743698574e-06,0.075863232117823,-0.0784287197363675,0.934042932156146,-0.0322903629536921,0.0578222778473092,0.0425028766959683,0.9279931417119324,0.9411764705882346,train,4
dopamine,5.0,7.0,SWV,6,0.1560702396462007,0.5975871852026148,3.348540749355224,-0.2473700421208467,0.0999999999999999,1.4,6.618696238775458e-06,0.248378522283495,-0.17065922429439,3.348540749355224,0.1989987484355443,0.0630788485607009,0.1670318190989615,3.336793100977957,0.7142857142857139,train,0
glucose,0.2,6.0,SWV,3,0.0157817545406791,0.0290476432181828,0.1102786317750733,-0.0097089137116078,0.0999999999999999,1.4,-1.096197193058727e-05,0.0076325265938251,-0.0112996515429031,0.1102786317750733,0.481101376720901,0.164705882352941,0.0138826984712089,0.1058531069250992,0.4029850746268653,train,3
dopamine,0.2,8.0,SWV,8,0.0105236302959215,0.0337015915087476,0.1799082619811784,-0.0161795633842651,0.0999999999999999,1.4,1.27622962174183e-05,0.013373061078391,-0.0125345585722482,0.1799082619811784,0.1481852315394242,0.0735919899874842,0.0103489287065561,0.177145329490608,0.8260869565217395,train,0
aluminum,2.0,6.5,SWV,0,0.0830155845657174,0.2365552916387475,1.0877875028640909,-0.1304659556570956,0.0999999999999999,1.4,7.249010301302837e-07,0.088248405269118,-0.1047585458982403,1.0877875028640909,-0.3126408010012516,0.1033792240300375,0.0861984859222589,1.075426973071242,0.7878787878787888,train,5
uric_acid,1.0,6.0,SWV,6,0.0566454770074786,0.1608418359124018,0.7673050460514159,-0.0570270775426126,0.0999999999999999,1.4,7.385714418082869e-06,0.0518332558248786,-0.0406589305969081,0.7673050460514159,0.3987484355444304,0.0911138923654568,0.0545899156889579,0.7595082067906578,0.7931034482758598,train,1
copper,5.0,6.0,SWV,4,0.1372065087975352,0.597746668551678,3.3564570428360945,-0.5477958806697616,0.0999999999999999,1.4,-0.0001333834780905,0.2186509346266454,-0.2101929613139847,3.3564570428360945,-0.0533166458072591,0.0648310387984981,0.1702279628553281,3.341163351018868,0.9473684210526342,train,4
uric_acid,5.0,7.5,SWV,7,0.2128111285042136,0.6347064196802796,2.966731789483432,-0.2342948132157571,0.0999999999999999,1.4,-0.0002379213375956,0.1676846478140941,-0.1537997604204308,2.966731789483432,0.3216520650813516,0.0981226533166458,0.2250935521039715,2.943515775122825,0.749999999999999,train,1
ascorbic_acid,10.0,6.5,SWV,9,0.5052765068299613,1.2707180115036436,5.306608042274804,-0.4936532023346396,0.0999999999999999,1.4,-0.0001577185450625,0.3983500496137815,-0.3322816361414595,5.306608042274804,0.0623279098873591,0.1209011264080101,0.511167932668034,5.237144904290981,0.6428571428571431,train,2
ascorbic_acid,1.0,6.0,SWV,3,0.085435303871028,0.2104330304463519,0.8805918472849193,-0.0818783008180432,0.0999999999999999,1.4,-9.371812927924188e-05,0.0616841241835175,-0.0752693844800827,0.8805918472849193,0.104380475594493,0.1173967459324154,0.0827524301669927,0.8668032581179289,0.7631578947368423,train,2
dopamine,0.5,6.5,SWV,8,0.0223263465302511,0.0791748046820915,0.4182255214057738,-0.0413897674383464,0.0999999999999999,1.4,2.6528516907338907e-05,0.0265475962881147,-0.0293578779526804,0.4182255214057738,0.232290362953692,0.0718397997496871,0.0239107592817698,0.4132919598264659,0.9523809523809518,train,0
dopamine,10.0,7.5,SWV,3,0.2483259784267599,0.935416404705319,5.1810085173344,-0.5047604595868053,0.0999999999999999,1.4,-0.0004383911885097,0.2967990474750545,-0.3537851202481304,5.1810085173344,0.1779724655819774,0.0665832290362953,0.2695345587256715,5.133485025578249,1.0,train,0
uric_acid,10.0,6.5,SWV,6,0.3338921292937293,0.9751539405808752,4.630488634612612,-0.3524061787334909,0.0999999999999999,1.4,3.11552868599187e-05,0.3635589956630137,-0.2719059075719354,4.630488634612612,0.3812265331664579,0.0946182728410512,0.341407976911896,4.590964163094373,0.8620689655172418,train,1
uric_acid,0.5,6.0,SWV,6,0.0302774084060773,0.0834285886189843,0.3990260761909022,-0.0287670160608449,0.0999999999999999,1.4,5.056339188873897e-06,0.0269352743899267,-0.0211284544569861,0.3990260761909022,0.3987484355444304,0.0911138923654568,0.0283199526397661,0.3940983125312822,0.7931034482758598,train,1
copper,0.2,7.5,SWV,8,0.008993307444255,0.0334029577969602,0.2049287733623642,-0.0261775067169851,0.0999999999999999,1.4,1.416969378183167e-05,0.0133980066730819,-0.0157978427965275,0.2049287733623642,-0.0357947434292866,0.0595744680851063,0.0090842535475471,0.2024984758208321,0.8888888888888908,train,4
ascorbic_acid,1.0,6.0,SWV,8,0.0846534509362146,0.2107111428115402,0.8685313485398285,-0.0781228079042811,0.0999999999999999,1.4,8.08679081271603e-05,0.0600328837939339,-0.0577256817041961,0.8685313485398285,0.1026282853566957,0.1279098873591989,0.0871691688622181,0.854701931611026,0.7804878048780504,train,2
glucose,0.5,7.0,SWV,2,0.035142184535854,0.0719400332611873,0.2787857000865812,-0.0232124026704329,0.0999999999999999,1.4,-5.177957975446236e-06,0.0187801503585689,-0.0167108898432272,0.2787857000865812,0.4688360450563203,0.1524405506883603,0.0326571028681458,0.2719588048745897,0.6111111111111127,train,3
glucose,0.5,6.0,SWV,2,0.0347507583241386,0.0711334696418525,0.2724832903806932,-0.0225629067122335,0.0999999999999999,1.4,-4.762651484855281e-06,0.0196941849151322,-0.016428808882331,0.2724832903806932,0.4951188986232789,0.1612015018773467,0.0335880829266052,0.2659878969862553,0.5333333333333338,train,3
aluminum,10.0,7.0,SWV,2,0.2635885232009043,0.7652581825934025,3.4630136404190424,-0.3287099974703958,0.0999999999999999,1.4,-0.0001002902806176,0.1992434166326296,-0.2500947724474798,3.4630136404190424,-0.3126408010012516,0.106883604505632,0.2835611906169981,3.428778259524764,0.9062499999999998,train,5
uric_acid,0.1,7.0,SWV,1,0.0076734685425729,0.0174824435608601,0.0836974598437195,-0.0062705703655768,0.0999999999999999,1.4,-8.130655800771296e-07,0.0056456098415248,-0.0049973193804479,0.0836974598437195,0.3409261576971213,0.0963704630788484,0.0062285293083803,0.081095233950119,0.4864864864864863,train,1
aluminum,5.0,7.5,SWV,9,0.1736815746319721,0.4947969294217668,2.2694551807275234,-0.1973995402457874,0.0999999999999999,1.4,-7.078810846286934e-05,0.13377086515991,-0.1692969841653969,2.2694551807275234,-0.3091364205256571,0.1033792240300375,0.1785888312640884,2.244982023567816,0.84375,train,5
dopamine,2.0,6.5,SWV,7,0.0727180474704187,0.2810722212070689,1.4826354068171743,-0.1516897691119912,0.0999999999999999,1.4,-0.0001045754703964,0.0934756839575872,-0.1038342415617409,1.4826354068171743,0.2375469336670838,0.0700876095118898,0.0837951541700079,1.473721832537629,0.7391304347826059,train,0
copper,1.0,6.0,SWV,2,0.0358803144830163,0.1553172274079438,0.8789710775889664,-0.1392442018774488,0.0999999999999999,1.4,-2.0521687328056733e-05,0.0637501850194459,-0.0504621405321901,0.8789710775889664,-0.0585732165206508,0.0630788485607009,0.0434692143454579,0.8733743672858386,0.7142857142857139,train,4
copper,5.0,7.0,SWV,9,0.1390823479153838,0.606500263335718,3.521314182730741,-0.5595199038844787,0.0999999999999999,1.4,-9.556035315907912e-05,0.2255023451706991,-0.2069821549841074,3.521314182730741,-0.0392991239048811,0.0595744680851064,0.164201699113175,3.5000854890978585,0.7894736842105242,train,4
dopamine,10.0,8.0,SWV,3,0.2511927989210177,0.948732244285314,5.012601440529568,-0.5035675017761363,0.0999999999999999,1.4,-0.0004242718325673,0.3055643558454448,-0.3463402905711904,5.012601440529568,0.1464330413016269,0.0718397997496871,0.2863044642856641,4.973360627948895,0.7826086956521715,train,0
ascorbic_acid,0.5,7.0,SWV,3,0.0461188524713257,0.1113886729338133,0.4766192812126755,-0.0426348878385763,0.0999999999999999,1.4,-4.9201390208697126e-05,0.0283265567017732,-0.0407272296994729,0.4766192812126755,0.0605757196495618,0.1226533166458072,0.04479376750523,0.4681593406720259,1.0,train,2
uric_acid,2.0,7.0,SWV,3,0.1069634074868782,0.3059007426461415,1.4277766324903785,-0.1207998435140557,0.0999999999999999,1.4,-0.0001352985968533,0.0919431772922461,-0.1330685227594449,1.4277766324903785,0.3409261576971213,0.0981226533166457,0.1097126177894011,1.4107963081398074,0.5135135135135137,train,1
copper,10.0,8.0,SWV,2,0.2122075005258273,0.9531447947381766,5.604462622483521,-0.7365410411967559,0.0999999999999999,1.4,-0.000141020577104,0.3787422093608303,-0.3693755722184844,5.604462622483521,-0.0357947434292866,0.0578222778473092,0.2552250744870089,5.5793794307287605,0.8333333333333316,train,4
ascorbic_acid,1.0,8.0,SWV,3,0.0888213373312137,0.2180914222491748,0.9009925026331854,-0.0829995135026324,0.0999999999999999,1.4,-9.458477606371314e-05,0.0527838185589241,-0.0747605001973156,0.9009925026331854,0.0202753441802252,0.1226533166458072,0.0883042030647267,0.8862263690512721,0.9444444444444438,train,2
aluminum,10.0,7.5,SWV,1,0.262977292570062,0.7692536404352056,3.580277971340071,-0.3958737881898712,0.0999999999999999,1.4,-0.0001602148279828,0.2651306761999384,-0.2330701326608366,3.580277971340071,-0.3091364205256571,0.0963704630788485,0.2648595439110495,3.5443432075501176,0.8965517241379298,train,5
copper,0.2,7.0,SWV,9,0.0089890387725421,0.0335121425872009,0.1958249121180977,-0.0290619474359153,0.0999999999999999,1.4,-2.910752410655109e-06,0.0124713733705538,-0.0114504204194734,0.1958249121180977,-0.0392991239048811,0.0595744680851064,0.0090814474993349,0.1934770924711293,0.7894736842105242,train,4
uric_acid,10.0,7.5,SWV,0,0.3377723791395549,0.9972900863495676,4.766894054835028,-0.477987482616382,0.0999999999999999,1.4,-3.495737230793973e-06,0.3677335394634155,-0.3610256061231613,4.766894054835028,0.3216520650813516,0.0946182728410512,0.3449702584690196,4.721561215811641,0.7419354838709666,train,1
glucose,0.1,8.0,SWV,8,0.0091535046175527,0.0147762108979822,0.0594457379477,-0.0037907051745807,0.0999999999999999,1.4,8.729082087382905e-06,0.0043536688451467,-0.0040130649790734,0.0594457379477,0.4653316645807258,0.1559449311639548,0.0068327629667616,0.0560470958767715,0.9777777777777787,train,3
dopamine,5.0,7.5,SWV,3,0.160281335234117,0.6013151684868961,3.331214843965487,-0.3238447171543878,0.0999999999999999,1.4,-0.000280964056873,0.1908123673198752,-0.2274561721671791,3.331214843965487,0.1779724655819774,0.0665832290362953,0.1732771059155385,3.300177046334569,1.0,train,0
ascorbic_acid,5.0,6.0,SWV,2,0.3175790306607985,0.8065991081520526,3.438589377690719,-0.2926648757871733,0.0999999999999999,1.4,-8.867421887947868e-05,0.1797209815079413,-0.199320336792413,3.438589377690719,0.1026282853566957,0.1244055068836045,0.3281958671347306,3.391967489220015,0.7750000000000004,train,2
copper,10.0,7.5,SWV,6,0.2154696190163491,0.9437455171235724,5.476878467686205,-0.8721065685371933,0.0999999999999999,1.4,8.046510813666565e-06,0.4100625022779789,-0.4003573809869751,5.476878467686205,-0.0357947434292866,0.0613266583229036,0.2614483109055309,5.452532210917308,0.8421052631578959,train,4
uric_acid,0.5,7.0,SWV,1,0.0302706779053256,0.0854000194425504,0.4005677478126656,-0.0372050841833029,0.0999999999999999,1.4,-1.348392549390977e-05,0.0272842984957951,-0.0240333659554162,0.4005677478126656,0.3409261576971213,0.0963704630788484,0.0304013394971271,0.3950718459570658,0.4864864864864863,train,1
copper,1.0,7.0,SWV,9,0.0370956179083412,0.1573042100017051,0.9142948162628044,-0.1436670614834444,0.0999999999999999,1.4,-2.292764146124027e-05,0.0584965833273753,-0.0536949309735609,0.9142948162628044,-0.0392991239048811,0.0595744680851064,0.0425973455711704,0.9079057893044808,0.7894736842105242,train,4
glucose,10.0,6.0,SWV,1,0.3766926831311483,0.8190945818023871,3.139579070806034,-0.3029778745961483,0.0999999999999999,1.4,-0.0001413634810173,0.2228758197907155,-0.1787555489285163,3.139579070806034,0.4986232790988735,0.1541927409261576,0.3752841772561051,3.082082287454033,0.6000000000000014,train,3
copper,1.0,6.0,SWV,0,0.0362150325494776,0.1550514128012584,0.8730691415093664,-0.1473939444778594,0.0999999999999999,1.4,-3.0130137253657094e-06,0.0603235257615476,-0.0634710064530204,0.8730691415093664,-0.0533166458072591,0.0613266583229036,0.0426243685937051,0.8665505189113807,0.9444444444444472,train,4
ascorbic_acid,0.5,8.0,SWV,1,0.0458429478135816,0.1135143823978451,0.4588400277873927,-0.0488321752327778,0.0999999999999999,1.4,-1.7915120989974824e-05,0.0304251445168575,-0.0240749193369995,0.4588400277873927,0.011514392991239,0.1244055068836045,0.0463533951682975,0.4513968064301049,0.7750000000000004,train,2
ascorbic_acid,2.0,7.5,SWV,2,0.1588821713721455,0.4025996332141298,1.7025701090951952,-0.1462481498303234,0.0999999999999999,1.4,-4.315123630489553e-05,0.1096521093448347,-0.0921650885200775,1.7025701090951952,0.0395494367959949,0.1226533166458072,0.1616631207729637,1.6778494404793014,0.8421052631578929,train,2
glucose,1.0,7.5,SWV,1,0.0657373551837396,0.1390597297500881,0.5554237407764007,-0.0511016889118443,0.0999999999999999,1.4,-2.2893296793357705e-05,0.036756693619801,-0.0305188084888397,0.5554237407764007,0.4688360450563203,0.1576971214017521,0.0647559890648476,0.5439475022084977,0.8367346938775515,train,3
ascorbic_acid,10.0,7.5,SWV,0,0.5108924443715892,1.296793185557182,5.645085013591514,-0.6302541735700609,0.0999999999999999,1.4,8.872648773813884e-06,0.4251175643527253,-0.4685196346180277,5.645085013591514,0.0325406758448059,0.1226533166458072,0.520969859702332,5.578489051293943,0.9444444444444438,train,2
ascorbic_acid,0.2,6.0,SWV,0,0.0193034880879002,0.0446340275674458,0.1904845440572717,-0.018688219415124,0.0999999999999999,1.4,2.7164809919061337e-06,0.0145182232248421,-0.0160501207376832,0.1904845440572717,0.1061326658322903,0.1244055068836044,0.0181729159515386,0.1864809391253898,0.6511627906976742,train,2
dopamine,0.2,6.5,SWV,4,0.0102091881701319,0.0322717225403274,0.1734431697112844,-0.0179579171071501,0.0999999999999999,1.4,-4.369916059777967e-06,0.0114604366220893,-0.0132878670774857,0.1734431697112844,0.2305381727158948,0.0718397997496871,0.0097559940314439,0.1703918399823459,0.8636363636363674,train,0
glucose,1.0,7.5,SWV,4,0.0667379718080815,0.1392960059233836,0.547422057992039,-0.0534503331772904,0.0999999999999999,1.4,-2.4375212683461195e-05,0.0381181980163612,-0.0357541370148396,0.547422057992039,0.4530663329161452,0.1576971214017523,0.064914378858462,0.5346495272278977,0.5254237288135607,train,3
dopamine,10.0,6.0,SWV,7,0.2269488024520015,0.8980357926559858,5.015394473278015,-0.4795398414795383,0.0999999999999999,1.4,-0.0003520780777038,0.3252645560478888,-0.3162253434284781,5.015394473278015,0.2585732165206507,0.064831038798498,0.2558222269148278,5.002300619383612,0.8499999999999981,train,0
dopamine,5.0,7.5,SWV,9,0.1587153894245709,0.5995331536685685,3.3411983127795506,-0.3674732557208823,0.0999999999999999,1.4,-8.938302856882247e-05,0.1989321805365749,-0.2494862061958833,3.3411983127795506,0.1762202753441801,0.0630788485607009,0.1674951691081339,3.312555492703984,0.894736842105265,train,0
copper,1.0,6.0,SWV,5,0.0364600010880082,0.1547507880339334,0.888300110706131,-0.1469603498247391,0.0999999999999999,1.4,1.329419893704882e-05,0.0578650164256156,-0.0478493368986598,0.888300110706131,-0.0585732165206508,0.0613266583229036,0.0427504168065868,0.8838674576081101,0.75,train,4
glucose,2.0,7.5,SWV,1,0.1205137843670983,0.2590960639718024,1.0326546772608245,-0.0962898354732628,0.0999999999999999,1.4,-4.474542031551076e-05,0.0683329622667408,-0.0567646187056001,1.0326546772608245,0.4688360450563203,0.1576971214017521,0.1206070496192851,1.0129709759975862,0.8367346938775515,train,3
glucose,0.1,6.0,SWV,4,0.0089903077133322,0.0145231638502505,0.0566267148944543,-0.0032681038450606,0.0999999999999999,1.4,-2.747548229466948e-07,0.0036539992373113,-0.0038514990658362,0.0566267148944543,0.4933667083854817,0.1524405506883606,0.0065787881271054,0.0533638888101955,0.5818181818181816,train,3
aluminum,2.0,7.0,SWV,1,0.0822534502284387,0.2378183315716202,1.102702853005652,-0.1214735950826834,0.0999999999999999,1.4,-4.782668086941096e-05,0.0850792701485394,-0.0723488060036901,1.102702853005652,-0.3091364205256571,0.1016270337922402,0.0851137463341724,1.0904169514318636,0.8709677419354842,train,5
ascorbic_acid,1.0,8.0,SWV,2,0.087046320767933,0.218385472868433,0.8974850394205798,-0.0756440074719041,0.0999999999999999,1.4,-2.173271048951826e-05,0.0610930390078161,-0.0486469448826637,0.8974850394205798,0.0097622027534417,0.1244055068836045,0.0892392883729282,0.8843617024163252,0.7750000000000004,train,2
glucose,2.0,7.0,SWV,8,0.1216121709146725,0.2571692881564369,1.0238249946167524,-0.0959510208338841,0.0999999999999999,1.4,0.0001061831543484,0.0731928723299358,-0.0675801698424361,1.0238249946167524,0.4775969962453065,0.143679599499374,0.1121520171753375,1.0030734882819976,0.7446808510638291,train,3
aluminum,0.1,7.0,SWV,2,0.006079878867454,0.0138009964110141,0.0636111240498966,-0.0049218514331414,0.0999999999999999,1.4,6.566295714225995e-07,0.0036110327443438,-0.0045099312304826,0.0636111240498966,-0.3126408010012516,0.106883604505632,0.0051154011550668,0.0617481433202816,0.9062499999999998,train,5
uric_acid,0.2,6.0,SWV,3,0.0135929489961198,0.0341329980546114,0.163557584880576,-0.0123107252538357,0.0999999999999999,1.4,-1.318480182624579e-05,0.0117778212392319,-0.0136620109536654,0.163557584880576,0.4127659574468084,0.0946182728410514,0.0118203633164481,0.159933286709991,0.7419354838709686,train,1
ascorbic_acid,10.0,8.0,SWV,1,0.5107771985931369,1.3107578908994262,5.279930830667004,-0.5820870166232577,0.0999999999999999,1.4,-0.0002329067054911,0.3511963106170712,-0.277218245688377,5.279930830667004,0.011514392991239,0.1244055068836045,0.5352118418408136,5.211966489564675,0.7750000000000004,train,2
uric_acid,0.5,7.0,SWV,3,0.0311250887417078,0.0851687146279561,0.3990721237806639,-0.0319692015420082,0.0999999999999999,1.4,-3.5990191460848016e-05,0.0256483104895011,-0.0371499838145222,0.3990721237806639,0.3409261576971213,0.0981226533166457,0.0305499585972705,0.3929901901587208,0.5135135135135137,train,1
aluminum,5.0,8.0,SWV,1,0.1702251603914139,0.4966539711042004,2.291265728378544,-0.2550674110339407,0.0999999999999999,1.4,-0.0001025435252681,0.1809745421610981,-0.1486166753362093,2.291265728378544,-0.3091364205256571,0.106883604505632,0.1837693954974154,2.2682132495510774,0.605263157894737,train,5
uric_acid,0.1,7.5,SWV,8,0.0078419846869621,0.017667881350227,0.0870094927904384,-0.0051903698465012,0.0999999999999999,1.4,8.883125276545357e-06,0.005268308599325,-0.0059028374184238,0.0870094927904384,0.3251564455569461,0.0911138923654568,0.005978710280513,0.0842945033820928,0.7931034482758638,train,1
glucose,0.1,7.0,SWV,8,0.0090708636320984,0.014643615617639,0.0606545412070155,-0.0037313557733433,0.0999999999999999,1.4,8.679884576994726e-06,0.0043054579461663,-0.0039684632358513,0.0606545412070155,0.4775969962453065,0.143679599499374,0.0063804647476466,0.0572761349142024,0.7446808510638291,train,3
aluminum,5.0,6.0,SWV,2,0.1686226536404661,0.4880268179248875,2.13292699017508,-0.2187780885675938,0.0999999999999999,1.4,-6.282574336487521e-05,0.1265394247390938,-0.165465512636192,2.13292699017508,-0.3126408010012516,0.106883604505632,0.1820664137327531,2.108967786000942,0.6944444444444442,train,5
ascorbic_acid,5.0,7.0,SWV,8,0.3278978698939878,0.828468066246635,3.539705016634486,-0.3170843611670175,0.0999999999999999,1.4,0.0003155719357428,0.2382061251547421,-0.2444297460187445,3.539705016634486,0.0640801001251564,0.1244055068836045,0.3357686553756032,3.4922380561610646,0.918918918918918,train,2
ascorbic_acid,5.0,7.5,SWV,8,0.3311588478854185,0.8355337284012316,3.5106938529785934,-0.3202864116186593,0.0999999999999999,1.4,0.0003187078430028,0.2405903142947948,-0.2708021641833826,3.5106938529785934,0.0395494367959949,0.1261576971214018,0.3419566160619524,3.461264625139692,0.8947368421052619,train,2
ascorbic_acid,10.0,7.0,SWV,0,0.5058519595671921,1.2845569503427323,5.502953647125631,-0.5939118841527321,0.0999999999999999,1.4,8.808737708690395e-06,0.4195023195660659,-0.4638757974223053,5.502953647125631,0.0535669586983729,0.1244055068836045,0.521921140776853,5.439385369350941,0.8205128205128215,train,2
ascorbic_acid,5.0,7.0,SWV,4,0.3280315558036723,0.8177696340412547,3.573557005592213,-0.356888245988837,0.0999999999999999,1.4,-0.0001593410441551,0.243152631241179,-0.2252248546566432,3.573557005592213,0.0413016270337921,0.1261576971214016,0.3349075744171221,3.521773657943456,0.5652173913043466,train,2
aluminum,10.0,7.5,SWV,2,0.2646378495668242,0.7684144619093717,3.49454732671766,-0.3235043901883203,0.0999999999999999,1.4,-0.0001006986242617,0.2000265071419343,-0.2427241513201876,3.49454732671766,-0.3073842302878598,0.099874843554443,0.2713423634047168,3.46047446945271,0.8999999999999998,train,5
copper,0.2,7.5,SWV,2,0.0088315621724328,0.0336344780045894,0.1964610757762954,-0.0262162689908769,0.0999999999999999,1.4,-2.5578451433981443e-06,0.0136334826997197,-0.0123612877031838,0.1964610757762954,-0.0375469336670839,0.0613266583229036,0.0093021595916243,0.1942488627290043,0.9444444444444472,train,4
aluminum,0.2,7.5,SWV,8,0.0108660823384127,0.027469639919732,0.1290143994210059,-0.0109660026088673,0.0999999999999999,1.4,1.3396727669305405e-05,0.0100013976535473,-0.0084318187877085,0.1290143994210059,-0.3143929912390488,0.1016270337922402,0.0097916197964776,0.1264454339141346,0.6571428571428565,train,5
aluminum,2.0,6.5,SWV,2,0.0824420543131842,0.2366238976241964,1.060334787704941,-0.1033250927115239,0.0999999999999999,1.4,-2.9275732335844168e-05,0.0616214570102497,-0.0792430440134543,1.060334787704941,-0.3126408010012516,0.1033792240300375,0.0861567472288273,1.048828187188984,0.7352941176470591,train,5
uric_acid,0.1,6.5,SWV,5,0.0077199866748163,0.017151302370919,0.0821448517664024,-0.0042922897937005,0.0999999999999999,1.4,4.271581339555328e-06,0.0059720962008679,-0.0052898494924321,0.0821448517664024,0.3829787234042552,0.0963704630788485,0.006057639882084,0.0793196954255191,0.7741935483870961,train,1
uric_acid,0.5,7.5,SWV,4,0.0310939332147054,0.0858950498651693,0.4100574883412183,-0.0351024035843532,0.0999999999999999,1.4,-1.4595357018083669e-05,0.0222898514792332,-0.0217276796034031,0.4100574883412183,0.3216520650813516,0.0946182728410512,0.0297686595397586,0.4045399465678881,0.7419354838709666,train,1
ascorbic_acid,5.0,6.0,SWV,3,0.32438884865552,0.8116629902321705,3.391282482782266,-0.3233506165594328,0.0999999999999999,1.4,-0.00036816981197,0.2376817842934712,-0.2897760811292638,3.391282482782266,0.104380475594493,0.1173967459324154,0.3191052243381508,3.3425953344564965,0.7631578947368423,train,2
dopamine,1.0,6.5,SWV,9,0.0414710528006177,0.1519798904098035,0.807491391082598,-0.0991641530433101,0.0999999999999999,1.4,-2.026857767082787e-05,0.0572015257851517,-0.0501290113985308,0.807491391082598,0.2340425531914892,0.0718397997496871,0.045800173040429,0.7978826330842165,0.9523809523809518,train,0
dopamine,1.0,6.0,SWV,8,0.0408306317772144,0.1509384671665062,0.8435539851331133,-0.0788652662410064,0.0999999999999999,1.4,5.135531990710612e-05,0.0556731336584271,-0.053501241405761,0.8435539851331133,0.2568210262828535,0.0630788485607009,0.0420674792247916,0.8369880300830674,0.8000000000000006,train,0
ascorbic_acid,0.1,8.0,SWV,8,0.011039551047756,0.0234763794766451,0.0985034204317192,-0.007499585409572,0.0999999999999999,1.4,1.108380696255685e-05,0.006633551658202,-0.0077906388975911,0.0985034204317192,0.0080100125156444,0.1226533166458072,0.0095408309831801,0.0955495102454604,0.7073170731707312,train,2
copper,1.0,6.5,SWV,3,0.0373243927170401,0.1552206412735317,0.871152712612231,-0.1330815924474217,0.0999999999999999,1.4,-7.276519586760902e-05,0.062358266944756,-0.0612282903712164,0.871152712612231,-0.0480600750938673,0.0630788485607009,0.0433715247324569,0.8633017241184461,0.9999999999999964,train,4
dopamine,0.1,7.5,SWV,2,0.0060662555228024,0.0166061596703524,0.0972170317759381,-0.0078514088391824,0.0999999999999999,1.4,1.544362990332359e-07,0.0059796263001551,-0.0065485013301425,0.0972170317759381,0.1727158948685856,0.0630788485607009,0.0046456552133682,0.0948582611064225,0.7142857142857139,train,0
dopamine,2.0,8.0,SWV,2,0.0769568966939475,0.2929491342225885,1.5985414810284722,-0.1598576057711974,0.0999999999999999,1.4,-3.8014800270237263e-05,0.1099161056254139,-0.1011538923477645,1.5985414810284722,0.1516896120150187,0.0700876095118898,0.0873312094256337,1.5882614529805132,0.9047619047619035,train,0
glucose,10.0,8.0,SWV,1,0.3857179671296994,0.8405975039726157,3.318483555405355,-0.3150731110350551,0.0999999999999999,1.4,-0.0001508771148618,0.2212138530991476,-0.1821949101103685,3.318483555405355,0.4548185231539422,0.1612015018773466,0.3981002960124158,3.262195474929614,0.8399999999999992,train,3
glucose,1.0,7.5,SWV,6,0.0666794822840167,0.1388971805275194,0.5369669115372605,-0.0480526869262182,0.0999999999999999,1.4,1.0017817909896262e-05,0.0406709836127318,-0.0345797101549273,0.5369669115372605,0.4635794743429285,0.1524405506883606,0.0632050255952646,0.52480768854529,0.6415094339622647,train,3
uric_acid,1.0,8.0,SWV,2,0.057951576065062,0.166424942761712,0.7617438006858204,-0.0588519739147674,0.0999999999999999,1.4,-1.7251301076952077e-05,0.0426030101448658,-0.04399053920703,0.7617438006858204,0.3058823529411764,0.0998748435544431,0.0603090783001319,0.7521541114133187,0.9000000000000008,train,1
uric_acid,0.1,6.5,SWV,2,0.0076540529301428,0.0172151169873879,0.0806514738776303,-0.0047118312443902,0.0999999999999999,1.4,4.253513392197942e-07,0.0039286045868195,-0.0043026034794343,0.0806514738776303,0.3812265331664579,0.0981226533166458,0.0061708561268602,0.0780788580389841,0.8666666666666671,train,1
uric_acid,0.5,6.0,SWV,1,0.0297516061393629,0.0835705254885887,0.4049659104075874,-0.0368431317347065,0.0999999999999999,1.4,-1.3311393472651556e-05,0.0223007206703004,-0.0216651995798775,0.4049659104075874,0.4005006257822278,0.0911138923654568,0.0281458089785359,0.3997188173571753,0.8571428571428598,train,1
copper,0.5,7.0,SWV,5,0.0197861807403164,0.0813093819822176,0.4785107512684215,-0.068022719118399,0.0999999999999999,1.4,8.50959083688509e-06,0.0298825052754272,-0.0263567467402092,0.4785107512684215,-0.0392991239048811,0.0595744680851064,0.0220073845482012,0.4744725519676461,0.7894736842105242,train,4
dopamine,1.0,7.0,SWV,2,0.0411380614356713,0.1538662169200478,0.8567275268858859,-0.0598412956349737,0.0999999999999999,1.4,-1.9115745788706147e-05,0.0708009317452464,-0.0433467248845605,0.8567275268858859,0.2025031289111388,0.0665832290362954,0.0443930712990235,0.8514685586679916,0.9000000000000019,train,0
dopamine,0.1,6.0,SWV,4,0.0059843159077899,0.0160822161213781,0.0904447435456939,-0.0064769982164888,0.0999999999999999,1.4,-1.0314614493263716e-06,0.0052481438826192,-0.0064139350896526,0.0904447435456939,0.2568210262828535,0.064831038798498,0.0045684279983174,0.0881681169124854,0.7619047619047643,train,0
aluminum,5.0,8.0,SWV,9,0.1743680020308995,0.4966616509546439,2.2583115191415297,-0.1982054150018112,0.0999999999999999,1.4,-7.108591243866633e-05,0.1343231684460115,-0.1629856581061185,2.2583115191415297,-0.3091364205256571,0.1051314142678347,0.1818487301565382,2.233290433609403,0.5789473684210523,train,5
dopamine,0.2,6.0,SWV,3,0.0102124719038304,0.0320511723229505,0.1807481731732928,-0.0140728509461535,0.0999999999999999,1.4,-1.2622193611726898e-05,0.0141499035890458,-0.0121254896902883,0.1807481731732928,0.2620775969962452,0.0630788485607009,0.0089481072683321,0.1778831593748195,0.894736842105265,train,0
dopamine,0.5,6.0,SWV,1,0.0215652012671281,0.0783652545149383,0.434459941610999,-0.0382026174095088,0.0999999999999999,1.4,-1.3784820607987604e-05,0.0302864103684829,-0.0284228741961595,0.434459941610999,0.2620775969962452,0.064831038798498,0.0222716714110577,0.431013292699257,0.9473684210526307,train,0
aluminum,0.1,6.0,SWV,3,0.0061694705083339,0.0137438260414131,0.0627570622385991,-0.0053069037530325,0.0999999999999999,1.4,-4.510778840722105e-06,0.0038013963688712,-0.0053430170138964,0.0627570622385991,-0.3196495619524405,0.106883604505632,0.0051316879545739,0.0607252268081587,0.8484848484848475,train,5
copper,0.5,7.5,SWV,1,0.0193858126569892,0.0819479131271718,0.4788267051929969,-0.0778662611160659,0.0999999999999999,1.4,-1.5818418261453853e-05,0.0305029165378991,-0.0291656150575466,0.4788267051929969,-0.0392991239048811,0.0595744680851063,0.0223311873828319,0.4757985636989447,0.8888888888888908,train,4
dopamine,0.5,8.0,SWV,5,0.0230437794211952,0.0822993245561925,0.4362050931324114,-0.042017939637465,0.0999999999999999,1.4,7.977715437153288e-06,0.0295897697568917,-0.0300637081461061,0.4362050931324114,0.1481852315394242,0.0718397997496871,0.0249227301077154,0.4318009445820405,0.8636363636363621,train,0
copper,1.0,6.5,SWV,5,0.0366370480823536,0.1555610427002862,0.8597721130676712,-0.1408587546812169,0.0999999999999999,1.4,1.335223943964392e-05,0.0585280362884796,-0.0474617297465962,0.8597721130676712,-0.0585732165206508,0.0630788485607009,0.0435702891644529,0.8541042965838057,0.5000000000000013,train,4
uric_acid,0.2,6.5,SWV,1,0.0133502597154828,0.0344879805115297,0.1627164796466313,-0.0140970790286274,0.0999999999999999,1.4,-4.0149114231994e-06,0.0099549245267228,-0.0096103982331347,0.1627164796466313,0.3829787234042552,0.0963704630788485,0.0122161125160251,0.1593910506894696,0.8333333333333334,train,1
glucose,1.0,7.5,SWV,8,0.0667146379132194,0.1387384514820532,0.5505343436137752,-0.0505388250518368,0.0999999999999999,1.4,5.851736416135707e-05,0.0395882984943631,-0.036549209828314,0.5505343436137752,0.4775969962453065,0.1594493116395494,0.065154639183301,0.538380141170219,0.9782608695652198,train,3
ascorbic_acid,0.2,8.0,SWV,6,0.020122800144837,0.0463092254655701,0.1901727692553466,-0.0145702166131161,0.0999999999999999,1.4,4.296168450378633e-06,0.0129639774192467,-0.0139439021698242,0.1901727692553466,0.0150187734668334,0.1261576971214018,0.0191097319578957,0.1858708045260578,0.9459459459459452,train,2
dopamine,10.0,7.0,SWV,3,0.2452814008062316,0.9265796448199018,5.16653993283914,-0.4018397485934591,0.0999999999999999,1.4,-0.0004328303581751,0.3379042940782726,-0.3493463954038712,5.16653993283914,0.2007509386733416,0.0665832290362954,0.2667427421210047,5.132962781404665,0.8095238095238102,train,0
ascorbic_acid,0.1,6.5,SWV,4,0.0107713675461289,0.0224827068418205,0.0963221754908296,-0.0077433993709882,0.0999999999999999,1.4,-1.973209665335606e-06,0.0061866919675991,-0.0064388447997259,0.0963221754908296,0.0605757196495618,0.1209011264080099,0.0090269133397448,0.0932149846899106,0.5681818181818183,train,2
copper,2.0,8.0,SWV,2,0.0668219777088182,0.2958578289525565,1.7405513042736271,-0.2273278700071057,0.0999999999999999,1.4,-4.204231180318714e-05,0.1175618705357491,-0.1146395335060317,1.7405513042736271,-0.0357947434292866,0.0578222778473092,0.0792220050696554,1.7317935585142237,0.8333333333333316,train,4
aluminum,2.0,7.5,SWV,5,0.0840942506821069,0.2395579952613208,1.1080012361448643,-0.1067840085134363,0.0999999999999999,1.4,2.8872173606002608e-05,0.0912947727234713,-0.063205776545455,1.1080012361448643,-0.3038798498122653,0.099874843554443,0.0847008412772254,1.0971813684345857,0.9655172413793108,train,5
aluminum,1.0,8.0,SWV,8,0.0461032937156296,0.1292353663350805,0.595492857900728,-0.0545167785106039,0.0999999999999999,1.4,5.3211796471942994e-05,0.0497348293361503,-0.0395395515315096,0.595492857900728,-0.3038798498122653,0.1033792240300375,0.0468589601414698,0.5883107013252781,0.7352941176470591,train,5
copper,10.0,7.5,SWV,0,0.2133253221990566,0.947164598273662,5.555728012665356,-0.8717597997269725,0.0999999999999999,1.4,-2.7778472111952767e-05,0.4595093476124576,-0.4520511645252461,5.555728012665356,-0.0392991239048811,0.057822277847309,0.2524288705686877,5.52420652693634,0.9411764705882382,train,4
dopamine,10.0,7.0,SWV,2,0.2378347175397148,0.9236222146203252,5.132758902513578,-0.3682029050831797,0.0999999999999999,1.4,-0.0001271958819312,0.4247189446809922,-0.2599158611593992,5.132758902513578,0.2025031289111388,0.0665832290362954,0.2664894438904695,5.110648452755271,0.9000000000000019,train,0
copper,0.2,7.5,SWV,7,0.0086326095157846,0.0336950653160807,0.1990237818428103,-0.0328646166541211,0.0999999999999999,1.4,-1.1664354588132548e-05,0.0136326603831786,-0.0136264904299405,0.1990237818428103,-0.0357947434292866,0.057822277847309,0.0090053109405244,0.1972082682443686,0.8333333333333345,train,4
uric_acid,1.0,6.0,SWV,2,0.0559465899512574,0.1608225047501091,0.7735479801635482,-0.0577391854591926,0.0999999999999999,1.4,-1.6744766869832014e-05,0.0361375030767239,-0.0451252157220286,0.7735479801635482,0.3987484355444304,0.0893617021276595,0.0537514674034997,0.7655179074706552,0.7586206896551698,train,1
uric_acid,5.0,7.0,SWV,1,0.213308073743622,0.6355617679286008,2.967217080361129,-0.2877746461068838,0.0999999999999999,1.4,-0.0001161178907959,0.202557676595384,-0.17822534321266,2.967217080361129,0.3409261576971213,0.0963704630788484,0.2262967196146537,2.939274590919221,0.4864864864864863,train,1
copper,2.0,6.5,SWV,5,0.0670140851430755,0.2895884850136316,1.5993232759202338,-0.2639106859577566,0.0999999999999999,1.4,2.2648243190477173e-05,0.1089631529798788,-0.088349353079262,1.5993232759202338,-0.0585732165206508,0.0630788485607009,0.0811096170549222,1.5899828862866734,0.5000000000000013,train,4
copper,0.2,8.0,SWV,8,0.0090310712182815,0.0336675940848815,0.2101359810404863,-0.0240821220806057,0.0999999999999999,1.4,1.426662554273368e-05,0.0132123726737734,-0.0164450705865779,0.2101359810404863,-0.0357947434292866,0.0560700876095119,0.0088384525941852,0.2076755119337229,0.7777777777777755,train,4
glucose,0.5,8.0,SWV,8,0.0358980501131775,0.0723286140424398,0.2812341805357335,-0.0249714230577724,0.0999999999999999,1.4,3.183588910000698e-05,0.02072433885336,-0.0191299748273156,0.2812341805357335,0.4653316645807258,0.1612015018773466,0.0341859397307905,0.2736117608483364,0.9574468085106363,train,3
ascorbic_acid,1.0,7.5,SWV,7,0.0848891433205896,0.2164059517727827,0.9397866845884804,-0.0765807729102715,0.0999999999999999,1.4,-8.009256595733871e-05,0.0519891802070127,-0.0488983726524677,0.9397866845884804,0.0325406758448059,0.1244055068836045,0.0878190010801429,0.9283004369682264,0.918918918918918,train,2
aluminum,0.5,6.0,SWV,0,0.0240675703635644,0.0657917904955459,0.2962784567994336,-0.0353836746630635,0.0999999999999999,1.4,1.997022192763893e-06,0.024440464590032,-0.0286092071024638,0.2962784567994336,-0.3126408010012516,0.1051314142678347,0.0243342730264588,0.2920402441448267,0.6666666666666661,train,5
glucose,5.0,7.0,SWV,3,0.2516347026782237,0.5360645177678502,2.1376379253568936,-0.2129673393452628,0.0999999999999999,1.4,-0.0002476169073717,0.1504011852503103,-0.2085890991495204,2.1376379253568936,0.481101376720901,0.143679599499374,0.2337258704066711,2.095712482227186,0.8222222222222225,train,3
aluminum,1.0,6.0,SWV,7,0.0439634802326596,0.1264442302487238,0.572101328048551,-0.0518073620167113,0.0999999999999999,1.4,-5.055642203954328e-05,0.03477624209711,-0.0331273155176019,0.572101328048551,-0.316145181476846,0.1051314142678347,0.046825453184294,0.5664638107752908,0.7647058823529402,train,5
copper,5.0,6.5,SWV,5,0.1373152280550317,0.5997667694966262,3.310855967093305,-0.5486880126263196,0.0999999999999999,1.4,4.416185187097663e-05,0.2256844230371172,-0.182974995649146,3.310855967093305,-0.0585732165206508,0.0630788485607009,0.1680114356050162,3.293413922915404,0.5000000000000013,train,4
glucose,0.2,7.5,SWV,0,0.0158380887252579,0.029423962596872,0.1181070291857257,-0.0131121066142684,0.0999999999999999,1.4,2.9790679410748147e-06,0.0097436223912971,-0.0107382389312173,0.1181070291857257,0.4565707133917395,0.1594493116395494,0.0137918386533528,0.11372250233838,0.5964912280701732,train,3
copper,5.0,7.0,SWV,6,0.1383392684746635,0.6029380801052391,3.4608569603396453,-0.587518008634586,0.0999999999999999,1.4,4.027276026173053e-06,0.2550965952355537,-0.2505765681899428,3.4608569603396453,-0.0428035043804756,0.0595744680851063,0.1633963200284088,3.4464436003376098,0.8888888888888908,train,4
dopamine,0.5,8.0,SWV,0,0.0229222519658539,0.0824270417500174,0.4353429415281527,-0.0464073590988676,0.0999999999999999,1.4,-1.1219713064196045e-07,0.0293926861794191,-0.0312957155653838,0.4353429415281527,0.1534418022528159,0.0718397997496871,0.0249338110828755,0.4311974716585791,0.8636363636363674,train,0
copper,0.2,6.0,SWV,6,0.0088725282463917,0.0329820248036601,0.1845465750698207,-0.028825921235124,0.0999999999999999,1.4,2.550867936838351e-06,0.0123578089745307,-0.0125141243160413,0.1845465750698207,-0.0603254067584481,0.0630788485607009,0.009244655348926,0.1823250968019029,0.636363636363635,train,4
uric_acid,0.1,6.5,SWV,9,0.0077513567463028,0.0173261969706106,0.0833687200303665,-0.0046482098854216,0.0999999999999999,1.4,2.0442155151734632e-07,0.0061016403191803,-0.0057186242391326,0.0833687200303665,0.3812265331664579,0.0981226533166458,0.0062124131919201,0.0808270599261036,0.931034482758622,train,1
aluminum,1.0,6.5,SWV,0,0.0452300709898026,0.1270972570970672,0.5850383013607258,-0.0696714068530286,0.0999999999999999,1.4,1.566210457752495e-06,0.0474350510576722,-0.0563091409864396,0.5850383013607258,-0.3126408010012516,0.1033792240300375,0.0463423237384882,0.578081097271861,0.7878787878787888,train,5
dopamine,10.0,8.0,SWV,8,0.2480015057878967,0.9522354503228508,5.0312975892104514,-0.5075856873232133,0.0999999999999999,1.4,0.000288336891536,0.3759835541890419,-0.3525635078687789,5.0312975892104514,0.1481852315394242,0.0735919899874842,0.2920258715765488,4.997678660043074,0.8260869565217395,train,0
glucose,2.0,6.5,SWV,4,0.1209346545755467,0.2562129031875657,0.9949945569893256,-0.0992684753227061,0.0999999999999999,1.4,-4.610203476637214e-05,0.0650842823472454,-0.0654214508635577,0.9949945569893256,0.4846057571964955,0.148936170212766,0.1143629592013938,0.9735689856598037,0.7000000000000013,train,3
copper,0.1,7.0,SWV,5,0.0051937274899602,0.0168516764040313,0.1002079597338916,-0.0125271704488534,0.0999999999999999,1.4,3.794095447206716e-06,0.0061844224149609,-0.0054408132935825,0.1002079597338916,-0.0392991239048811,0.0595744680851064,0.0045669498783323,0.0983871847495397,0.7894736842105242,train,4
uric_acid,0.2,6.0,SWV,5,0.0134400742191936,0.0339404162992912,0.1637287771366514,-0.0116539120025251,0.0999999999999999,1.4,5.968884763677131e-06,0.0122842363969277,-0.0086125317475047,0.1637287771366514,0.4075093867334166,0.0963704630788486,0.0119320879849005,0.1603878892010737,0.896551724137934,train,1
copper,5.0,8.0,SWV,6,0.1397001357138404,0.6106646066455369,3.614714319373575,-0.5109026138536589,0.0999999999999999,1.4,6.275207617479177e-06,0.2557719309466127,-0.2510089394270467,3.614714319373575,-0.0357947434292866,0.0560700876095119,0.1605689246240251,3.5986750143783706,0.8823529411764692,train,4
copper,2.0,6.5,SWV,2,0.0659301240970679,0.2904667854049051,1.620777769616885,-0.2568635821029087,0.0999999999999999,1.4,-4.058437790503716e-05,0.1232549205336008,-0.0987572726297151,1.620777769616885,-0.0515644555694618,0.0613266583229036,0.0799740500807349,1.6122485897007173,0.8421052631578959,train,4
glucose,0.1,6.5,SWV,6,0.0090256352447331,0.0145836800158617,0.0567711995473339,-0.0031817976524061,0.0999999999999999,1.4,3.3705342860558824e-06,0.0042698815660023,-0.0037400218554335,0.0567711995473339,0.4846057571964955,0.1541927409261576,0.0066602555010783,0.0534558909896861,0.6000000000000014,train,3
dopamine,10.0,8.0,SWV,4,0.2481383788032946,0.943563864641643,4.986770878932006,-0.561232876978029,0.0999999999999999,1.4,-0.0001978981332587,0.3340767361787087,-0.2592996040805226,4.986770878932006,0.1534418022528159,0.0718397997496871,0.2850668744855301,4.948152715806753,0.8636363636363674,train,0
aluminum,5.0,7.5,SWV,1,0.1695557670892293,0.4945685119383834,2.3022738923430803,-0.2540219180269676,0.0999999999999999,1.4,-0.0001021163772172,0.1704826955742843,-0.1498604069740177,2.3022738923430803,-0.3091364205256571,0.0963704630788485,0.1702814367806674,2.278689354803032,0.8965517241379298,train,5
copper,10.0,6.5,SWV,2,0.2093338140902961,0.9357553198585682,5.218447438254478,-0.8318773329940796,0.0999999999999999,1.4,-0.0001363221502323,0.3970671750434356,-0.3181212711162473,5.218447438254478,-0.0515644555694618,0.0613266583229036,0.2575983761092751,5.193411188240038,0.8421052631578959,train,4
ascorbic_acid,2.0,7.5,SWV,5,0.1604601552908825,0.4012421771195657,1.6938560769439832,-0.1603558199345472,0.0999999999999999,1.4,4.8900096716543854e-05,0.165588557139767,-0.0931890366236972,1.6938560769439832,0.0307884856070087,0.1226533166458072,0.1609539210487835,1.668493444887427,0.8918918918918939,train,2
uric_acid,5.0,7.5,SWV,9,0.2199362356315758,0.6412819583460858,3.0786211352342243,-0.2489300048304978,0.0999999999999999,1.4,-8.180511280753082e-05,0.1849860052489346,-0.1764131597623958,3.0786211352342243,0.3216520650813516,0.0911138923654568,0.2168826876233456,3.0506125874389234,0.6774193548387099,train,1
dopamine,2.0,6.0,SWV,0,0.0738170987319896,0.2799959716896621,1.562789646293088,-0.1411397289967052,0.0999999999999999,1.4,-5.493110376206465e-06,0.1560071984000124,-0.1103102245487016,1.562789646293088,0.2550688360450562,0.0648310387984981,0.0795715594520421,1.5533407200994584,0.7619047619047621,train,0
aluminum,1.0,7.0,SWV,1,0.0448199290984491,0.1277778634818501,0.5930561040516252,-0.0646281054644148,0.0999999999999999,1.4,-2.4545234635027563e-05,0.0457441787160099,-0.0388920565199156,0.5930561040516252,-0.3091364205256571,0.1016270337922402,0.045723908929195,0.5857875517259279,0.8709677419354842,train,5
copper,10.0,8.0,SWV,0,0.2143728782264652,0.953723412608008,5.595256311579998,-0.8030922543337243,0.0999999999999999,1.4,-2.7752441362709524e-05,0.4549040940061635,-0.4703764998456612,5.595256311579998,-0.0322903629536921,0.0578222778473092,0.2547927639676789,5.563912960548679,0.9411764705882346,train,4
aluminum,1.0,6.0,SWV,4,0.0454157324515072,0.1272725133425551,0.5701042419494488,-0.0593860387112307,0.0999999999999999,1.4,-2.557095329318928e-05,0.0403439372117472,-0.0389984220835814,0.5701042419494488,-0.3126408010012516,0.1016270337922402,0.0458565205200319,0.5628450598401006,0.5263157894736845,train,5
dopamine,1.0,7.0,SWV,8,0.0418314236541665,0.1551731348973225,0.8846048475217851,-0.0625706199909259,0.0999999999999999,1.4,5.259110145634431e-05,0.0677672882104262,-0.0473839157313351,0.8846048475217851,0.2042553191489361,0.0665832290362954,0.0446686685310865,0.8784034458678392,0.9999999999999968,train,0
copper,0.1,7.0,SWV,9,0.0052247647811404,0.0169353396776698,0.0996012642415744,-0.0137130482331212,0.0999999999999999,1.4,-2.2991905566598905e-07,0.0063072827513366,-0.0057926734702652,0.0996012642415744,-0.0392991239048811,0.0595744680851064,0.0045925102568599,0.0977913055746208,0.7894736842105242,train,4
uric_acid,2.0,6.5,SWV,8,0.1049333322137119,0.3024835043790703,1.4160243440892966,-0.1143193544974352,0.0999999999999999,1.4,0.0001084461911496,0.0885920105616611,-0.0879985721538779,1.4160243440892966,0.3812265331664579,0.0946182728410512,0.1057075532322202,1.399802882742239,0.7999999999999996,train,1
copper,5.0,7.0,SWV,7,0.1322295509906733,0.605912596455743,3.39100408886668,-0.652771509474929,0.0999999999999999,1.4,-0.0002457100654373,0.2336330358136076,-0.2298921145632851,3.39100408886668,-0.0375469336670839,0.0613266583229036,0.1670677095328842,3.382760467931146,0.6666666666666707,train,4
dopamine,10.0,7.5,SWV,4,0.2451340821331898,0.930738856134226,5.077778758184369,-0.5632714417159183,0.0999999999999999,1.4,-0.000201828651617,0.3443401466974607,-0.3251785078864373,5.077778758184369,0.1744680851063829,0.064831038798498,0.2641734670465834,5.044061365338232,0.8499999999999981,train,0
ascorbic_acid,10.0,6.5,SWV,3,0.5087535376353884,1.2750484712691377,5.398750564067675,-0.5120810560460358,0.0999999999999999,1.4,-0.0005831056389762,0.358850482371877,-0.4590153233901813,5.398750564067675,0.0605757196495618,0.1244055068836045,0.5211938857663972,5.321116982997496,0.5777777777777781,train,2
aluminum,0.1,8.0,SWV,5,0.0061767429062991,0.0139837491112754,0.0659801754946849,-0.0054134794806627,0.0999999999999999,1.4,4.1092716554984806e-06,0.0053669477585341,-0.003707850838201,0.0659801754946849,-0.3038798498122653,0.0981226533166457,0.0048791457450864,0.0640916315575159,0.7499999999999998,train,5
ascorbic_acid,0.5,6.5,SWV,3,0.0456724960213959,0.1103645607804491,0.46902739500299,-0.0419133991838815,0.0999999999999999,1.4,-4.8333438449544506e-05,0.0311370792651159,-0.0399094105189068,0.46902739500299,0.0605757196495618,0.1244055068836045,0.0451160325873054,0.4606960952774043,0.5777777777777781,train,2
copper,5.0,6.0,SWV,5,0.1366323377946404,0.5966346361785851,3.4208914176078125,-0.5722220269863233,0.0999999999999999,1.4,4.393704218178463e-05,0.2231284948009699,-0.1844695814585439,3.4208914176078125,-0.0585732165206508,0.0613266583229036,0.1647932129984015,3.407323744208857,0.75,train,4
uric_acid,2.0,7.5,SWV,0,0.1060668063975925,0.3093824643854931,1.480296019480008,-0.1468612368321318,0.0999999999999999,1.4,6.607352486389783e-07,0.1141625699593933,-0.1120884740798402,1.480296019480008,0.3216520650813516,0.0946182728410512,0.1070254989078352,1.4649823556106334,0.7419354838709666,train,1
uric_acid,1.0,8.0,SWV,9,0.0588549986675808,0.1672834208941518,0.7762669793677519,-0.0623431279348708,0.0999999999999999,1.4,-1.930253577315265e-05,0.0476972677086266,-0.0415706499877805,0.7762669793677519,0.3111389236545681,0.0981226533166458,0.0601333546646468,0.7677667277220843,0.6969696969696987,train,1
dopamine,0.2,6.5,SWV,1,0.0100066383477271,0.0324274386320217,0.1707771624311535,-0.0146755772241455,0.0999999999999999,1.4,-4.069939232432365e-06,0.0103761631437084,-0.0122831616526179,0.1707771624311535,0.232290362953692,0.0735919899874844,0.0099674514921213,0.1680713527261546,0.909090909090908,train,0
uric_acid,0.5,7.5,SWV,7,0.0302028881661413,0.0852885046009741,0.4004795027278268,-0.0300300509185997,0.0999999999999999,1.4,-2.9925461474842025e-05,0.0226038823659489,-0.0207433405913722,0.4004795027278268,0.3216520650813516,0.0981226533166458,0.0302220718711133,0.3954493570924406,0.749999999999999,train,1
ascorbic_acid,0.2,7.5,SWV,5,0.0199143097301016,0.0458764406058702,0.1951934448965225,-0.0172565847223554,0.0999999999999999,1.4,7.885908474948265e-06,0.0190031312893198,-0.0106963744384563,0.1951934448965225,0.0307884856070087,0.1226533166458072,0.01840255515037,0.1907475731337535,0.8918918918918939,train,2
aluminum,10.0,8.0,SWV,1,0.2640185875697485,0.7724949689794465,3.5631536832588546,-0.3974992515985933,0.0999999999999999,1.4,-0.0001608789912612,0.2814760150177942,-0.2311349624269463,3.5631536832588546,-0.3091364205256571,0.106883604505632,0.285858426449904,3.528248688360356,0.605263157894737,train,5
uric_acid,0.1,7.5,SWV,9,0.0078595583222125,0.017648263847885,0.0868130307956577,-0.004808886925052,0.0999999999999999,1.4,1.548474473897466e-07,0.005179976733819,-0.0049283475867703,0.0868130307956577,0.3216520650813516,0.0893617021276595,0.0058950665055981,0.08416956067129,0.7000000000000004,train,1
glucose,0.5,6.5,SWV,0,0.0351127826480497,0.0713344707958418,0.2789273382803076,-0.0338928103264115,0.0999999999999999,1.4,3.6953300430873785e-06,0.0232111864798118,-0.0255883237034283,0.2789273382803076,0.4846057571964955,0.1524405506883603,0.032260111324291,0.2713577814794033,0.6111111111111127,train,3
dopamine,1.0,7.5,SWV,1,0.0413318400681246,0.1574032614962913,0.8776987181477273,-0.0922944579538937,0.0999999999999999,1.4,-3.005740504392962e-05,0.0465769379704802,-0.0612574995145865,0.8776987181477273,0.1762202753441801,0.0665832290362953,0.0455029136918259,0.8717258894119365,0.8999999999999987,train,0
uric_acid,0.2,8.0,SWV,2,0.0137367036971766,0.0352504221781937,0.1630046564054567,-0.011071865772459,0.0999999999999999,1.4,-1.6992045157074298e-06,0.0090645213992227,-0.009362732319874,0.1630046564054567,0.3058823529411764,0.0981226533166458,0.0126535966965061,0.1596071184720778,0.931034482758622,train,1
ascorbic_acid,0.1,8.0,SWV,2,0.0109313461533617,0.023484412330033,0.0980763576859806,-0.006557088973761,0.0999999999999999,1.4,-1.0663812737232715e-07,0.0066316643980156,-0.0052596837385723,0.0980763576859806,0.0097622027534417,0.1244055068836045,0.0095907960260481,0.0950854696146575,0.7750000000000004,train,2
dopamine,0.2,7.5,SWV,9,0.0104490981370292,0.0329846198188726,0.1856652059881876,-0.018580426124304,0.0999999999999999,1.4,-2.568114236252217e-06,0.0109876692438828,-0.0137783323560291,0.1856652059881876,0.1762202753441801,0.0630788485607009,0.0092248391437618,0.1824928260537791,0.894736842105265,train,0
dopamine,5.0,6.0,SWV,3,0.1544116491477708,0.5834224249403177,3.2551316556271344,-0.2822780102530521,0.0999999999999999,1.4,-0.0002704631953846,0.2563106813779272,-0.2190351062980234,3.2551316556271344,0.2620775969962452,0.0630788485607009,0.1627544708122214,3.233257476484415,0.894736842105265,train,0
ascorbic_acid,10.0,7.5,SWV,6,0.5138196442679611,1.2930434346699236,5.622104892150619,-0.4686202338035921,0.0999999999999999,1.4,5.777767230493891e-05,0.3716757536578468,-0.3983281214475889,5.622104892150619,0.0395494367959949,0.1173967459324154,0.5047117848938272,5.543967505401862,0.9142857142857131,train,2
dopamine,2.0,8.0,SWV,5,0.0779853316085849,0.295246777842747,1.5599482315857494,-0.1554902287137577,0.0999999999999999,1.4,2.1978716580014946e-05,0.105951763713129,-0.1077124369996682,1.5599482315857494,0.1481852315394242,0.0718397997496871,0.0893580524574714,1.5481546557556245,0.8636363636363621,train,0
copper,1.0,7.0,SWV,1,0.0359033017454906,0.1567824868928077,0.887268919772377,-0.1561228198710496,0.0999999999999999,1.4,-3.1981190567207594e-05,0.0632849717976761,-0.0520934279138782,0.887268919772377,-0.0392991239048811,0.0595744680851064,0.0424616108336594,0.8826904303611556,0.7894736842105242,train,4
ascorbic_acid,0.5,7.5,SWV,2,0.0456000418329583,0.1123147719592864,0.4762259996488833,-0.0395034213826669,0.0999999999999999,1.4,-1.0237473434443582e-05,0.0306434770739518,-0.0257369768774121,0.4762259996488833,0.0395494367959949,0.1226533166458072,0.0451136865132202,0.4681758968355661,0.8421052631578929,train,2
ascorbic_acid,5.0,6.5,SWV,4,0.3247692701119719,0.8084216981186653,3.3989995184864377,-0.3511407178767213,0.0999999999999999,1.4,-0.0001568673755666,0.2205604895395448,-0.2298589768668941,3.3989995184864377,0.0605757196495618,0.1209011264080099,0.3247951569993033,3.350645588934118,0.5681818181818183,train,2
aluminum,1.0,7.0,SWV,2,0.045096340130098,0.1276532584733705,0.578672111378555,-0.053980661438786,0.0999999999999999,1.4,-1.463835682085908e-05,0.0332523030304477,-0.0417197556573003,0.578672111378555,-0.3126408010012516,0.106883604505632,0.0473083746553755,0.5719436805431676,0.9062499999999998,train,5
glucose,10.0,8.0,SWV,0,0.3894310623201268,0.840121814091157,3.351730889954953,-0.4138620818038206,0.0999999999999999,1.4,1.4514404036192422e-05,0.2741119203737459,-0.3015362871729341,3.351730889954953,0.4565707133917395,0.1629536921151438,0.4009642121229335,3.292545510485822,0.7884615384615371,train,3
dopamine,2.0,7.5,SWV,9,0.077552376521477,0.2893953261723252,1.6138159655273818,-0.1764845084848244,0.0999999999999999,1.4,-4.185934701607876e-05,0.0960487627168685,-0.1204564649128596,1.6138159655273818,0.1762202753441801,0.0630788485607009,0.0808504223393812,1.599030644656464,0.894736842105265,train,0
glucose,10.0,6.0,SWV,2,0.3783686236089951,0.823420530561817,3.128287382017673,-0.2791386768429624,0.0999999999999999,1.4,-8.129591627939245e-05,0.2268983022989728,-0.1892654840930426,3.128287382017673,0.4951188986232789,0.1612015018773467,0.3890284745601798,3.078548349002251,0.5333333333333338,train,3
copper,0.2,8.0,SWV,5,0.0090021381223601,0.0337992414193193,0.2046410587476266,-0.0241532260899233,0.0999999999999999,1.4,5.23151743207229e-06,0.0159911756215416,-0.0124657005622045,0.2046410587476266,-0.0392991239048811,0.0578222778473092,0.0090648072370839,0.2022319794827884,0.6500000000000019,train,4
aluminum,10.0,7.5,SWV,8,0.2685558007844048,0.7714015643777627,3.5901478177347976,-0.3321983038566508,0.0999999999999999,1.4,0.0003044920855555,0.2800855503787862,-0.2358950941675401,3.5901478177347976,-0.3143929912390488,0.1016270337922402,0.2750174173803536,3.55329666730827,0.6571428571428565,train,5
glucose,0.5,7.5,SWV,0,0.0355102368633377,0.0721200600406541,0.2858287430733177,-0.0343733968557166,0.0999999999999999,1.4,3.6039351363986856e-06,0.0236474200668996,-0.0260506156848157,0.2858287430733177,0.4565707133917395,0.1594493116395494,0.0338052523132296,0.2784212754321395,0.5964912280701732,train,3
copper,0.2,6.5,SWV,4,0.0089232017039878,0.0331852470753658,0.188336988034523,-0.0284353052341132,0.0999999999999999,1.4,-5.054698666469537e-06,0.0122363340839872,-0.0126499075851681,0.188336988034523,-0.0533166458072591,0.0613266583229036,0.0091368762086276,0.1860724772792341,0.75,train,4
dopamine,2.0,7.0,SWV,9,0.0766170831058172,0.2871118551298466,1.6191071826095642,-0.1523074688069272,0.0999999999999999,1.4,-4.130543620601052e-05,0.1289435415807505,-0.0816654191178587,1.6191071826095642,0.2007509386733416,0.0665832290362954,0.0827294212563506,1.6075491308624528,0.8095238095238102,train,0
ascorbic_acid,2.0,6.5,SWV,1,0.1549964123565076,0.3960325858858822,1.648183025501189,-0.1800688245392621,0.0999999999999999,1.4,-7.043261623236152e-05,0.1041701041361177,-0.095163246376714,1.648183025501189,0.0605757196495618,0.1226533166458072,0.1602188340929309,1.6277791356231646,0.5909090909090914,train,2
ascorbic_acid,5.0,8.0,SWV,8,0.3344266981646042,0.8417789239466271,3.470403038665806,-0.311610825252205,0.0999999999999999,1.4,0.0003033446268199,0.2352238571725274,-0.2774111696882806,3.470403038665806,0.0080100125156444,0.1209011264080099,0.3386191688928945,3.4196495036373,0.6829268292682918,train,2
uric_acid,0.2,8.0,SWV,7,0.0135408358636899,0.0351067178805177,0.1637881640990414,-0.0115987806792261,0.0999999999999999,1.4,-1.0664514683542308e-05,0.0091716721726961,-0.0082214020668512,0.1637881640990414,0.3041301627033791,0.0963704630788485,0.0124682525162187,0.1605796738674825,0.964285714285716,train,1
dopamine,0.1,6.5,SWV,8,0.0060355636844576,0.016263945854231,0.0874560126840837,-0.0072514469424989,0.0999999999999999,1.4,7.5539066403552915e-06,0.0054974924207817,-0.0060744543164395,0.0874560126840837,0.232290362953692,0.0718397997496871,0.0049157713885993,0.0850464298212243,0.9523809523809518,train,0
ascorbic_acid,1.0,6.5,SWV,1,0.0840706686383119,0.2126958853369226,0.8860461294308902,-0.0959164709682982,0.0999999999999999,1.4,-3.668739263492898e-05,0.0559570949220205,-0.0511461454150537,0.8860461294308902,0.0605757196495618,0.1226533166458072,0.0860539013703645,0.8743064831799917,0.5909090909090914,train,2
glucose,10.0,6.5,SWV,0,0.3825391299290536,0.8259390626133142,3.2037563897730816,-0.4088064947123305,0.0999999999999999,1.4,1.5822121532134432e-05,0.2671015815865865,-0.2943774961032393,3.2037563897730816,0.4846057571964955,0.1524405506883603,0.3736089624741671,3.140896592213416,0.6111111111111127,train,3
copper,5.0,6.5,SWV,2,0.1350711889152315,0.6015879824841581,3.3553685027100104,-0.5341023548540089,0.0999999999999999,1.4,-8.674366099142988e-05,0.2552715432436997,-0.2045220576142932,3.3553685027100104,-0.0515644555694618,0.0613266583229036,0.1656143501302096,3.338880556853604,0.8421052631578959,train,4
uric_acid,2.0,7.0,SWV,2,0.1044909697352469,0.3049438798133896,1.4243218817859489,-0.1102126261049809,0.0999999999999999,1.4,-3.382224956959237e-05,0.0717617864389051,-0.0718656366410221,1.4243218817859489,0.3444305381727158,0.1033792240300375,0.1133763944832458,1.4091950335129113,0.6388888888888908,train,1
aluminum,0.1,6.0,SWV,6,0.0061099609898215,0.0137966489345013,0.0621060001778813,-0.0045010935932344,0.0999999999999999,1.4,2.9879732133210125e-06,0.0044913725207115,-0.0042933811104748,0.0621060001778813,-0.3196495619524405,0.1086357947434292,0.005221372170577,0.0602929340409074,0.8787878787878782,train,5
uric_acid,1.0,7.0,SWV,6,0.0576515581679117,0.16376954062106,0.7674722572935699,-0.0576224647506313,0.0999999999999999,1.4,7.276432851274542e-06,0.0681210902539119,-0.0473057645773386,0.7674722572935699,0.339173967459324,0.0963704630788484,0.0584600024975626,0.7589570304066036,0.4864864864864863,train,1
ascorbic_acid,2.0,7.0,SWV,7,0.1549904159434691,0.3985655147831802,1.7378704204399749,-0.1419796813825047,0.0999999999999999,1.4,-0.000149647114289,0.1022204191090907,-0.0946140607438196,1.7378704204399749,0.0570713391739674,0.1191489361702128,0.1571197014664514,1.7192036572699791,0.999999999999998,train,2
copper,5.0,6.0,SWV,6,0.1369752076465567,0.5967960927840499,3.3164083100950403,-0.555309480837807,0.0999999999999999,1.4,2.62630638068374e-06,0.2236857934276013,-0.2260325005438993,3.3164083100950403,-0.0603254067584481,0.0630788485607009,0.1673191476722079,3.300703158903862,0.636363636363635,train,4
dopamine,5.0,6.0,SWV,0,0.1509789507158747,0.5801169870273405,3.235693204290695,-0.2946707326505406,0.0999999999999999,1.4,-1.4088541709815823e-05,0.3231046651012588,-0.2284356524141817,3.235693204290695,0.2550688360450562,0.0648310387984981,0.1648394455749822,3.2177865921174087,0.7619047619047621,train,0
aluminum,0.5,8.0,SWV,2,0.0242689541652492,0.0669068175272155,0.3038170001835011,-0.026773476380568,0.0999999999999999,1.4,-6.4744959182833726e-06,0.0174304277561826,-0.0202347292996002,0.3038170001835011,-0.3073842302878598,0.0963704630788485,0.0230809364099935,0.2995890222200249,0.7187500000000003,train,5
dopamine,10.0,6.5,SWV,8,0.2389937583793047,0.9159492679523314,4.817459987404252,-0.4954294300331182,0.0999999999999999,1.4,0.0002788908334582,0.3065139777236445,-0.3390274123146848,4.817459987404252,0.232290362953692,0.0718397997496871,0.2767261289630494,4.781491350899441,0.9523809523809518,train,0
dopamine,0.1,6.0,SWV,7,0.0058180112734075,0.0159281301165577,0.0909288858712809,-0.0070296353769433,0.0999999999999999,1.4,-3.892671913189183e-06,0.0058406956141283,-0.0056655480895807,0.0909288858712809,0.2585732165206507,0.064831038798498,0.004533891282576,0.088826774131099,0.8499999999999981,train,0
aluminum,0.2,6.0,SWV,1,0.0105565630380334,0.0270305539852083,0.122902204201946,-0.0125040955324311,0.0999999999999999,1.4,-3.203593774621016e-06,0.0102521810856658,-0.0083233168828846,0.122902204201946,-0.3196495619524405,0.1051314142678347,0.0099608886822474,0.1202665332206092,0.8749999999999986,train,5
uric_acid,5.0,7.0,SWV,6,0.2172277419204882,0.6321979232463985,2.9564719281887464,-0.2272682386061309,0.0999999999999999,1.4,2.080699856302994e-05,0.2626223123774437,-0.1823224956537139,2.9564719281887464,0.339173967459324,0.0963704630788484,0.2257191109219624,2.929625595733093,0.4864864864864863,train,1
aluminum,5.0,6.0,SWV,1,0.1675764635062747,0.4883134580861373,2.1991001752652792,-0.2493844149555366,0.0999999999999999,1.4,-0.0001003223576208,0.1840395923670916,-0.1495926020827908,2.1991001752652792,-0.3196495619524405,0.1051314142678347,0.1800564203172734,2.174635298347828,0.8749999999999986,train,5
ascorbic_acid,2.0,7.0,SWV,5,0.1588892723790061,0.3980684511824278,1.7123590465944798,-0.157875976082898,0.0999999999999999,1.4,4.843898592646195e-05,0.1534437883528546,-0.0948274896885027,1.7123590465944798,0.0500625782227783,0.1209011264080099,0.1581498038159016,1.688639448868047,0.6829268292682918,train,2
copper,0.5,7.0,SWV,1,0.0193141496813596,0.0814465584915517,0.4615548751313953,-0.080171069105405,0.0999999999999999,1.4,-1.541542251807899e-05,0.0328773847047568,-0.0270714211384942,0.4615548751313953,-0.0392991239048811,0.0595744680851064,0.0220523574028218,0.458401497722913,0.7894736842105242,train,4
ascorbic_acid,0.1,8.0,SWV,0,0.0109827325912002,0.0234570916198819,0.0987289462126077,-0.0099072712926458,0.0999999999999999,1.4,2.581320659055834e-06,0.0075283508610063,-0.0082747122299761,0.0987289462126077,0.0150187734668334,0.1191489361702127,0.0093395397378921,0.0958215609500892,0.9428571428571422,train,2
aluminum,1.0,6.5,SWV,8,0.0455711257669925,0.1275796104396457,0.5955132743002103,-0.0553207105999964,0.0999999999999999,1.4,5.260268254063244e-05,0.0418951532240132,-0.0390662777833756,0.5955132743002103,-0.3196495619524405,0.106883604505632,0.0473550589466655,0.5880127906370646,0.8484848484848493,train,5
aluminum,0.1,7.0,SWV,8,0.0061515636308365,0.0138533889631091,0.0661368747472497,-0.005139473507792,0.0999999999999999,1.4,8.070198180364388e-06,0.0047340014615355,-0.0042699711364243,0.0661368747472497,-0.3143929912390488,0.1051314142678347,0.0050797811552212,0.064238912207072,0.9354838709677412,train,5
dopamine,1.0,7.5,SWV,0,0.0419630238516183,0.1570807637077427,0.8870573776879552,-0.0857744444318259,0.0999999999999999,1.4,-1.942735394482994e-06,0.0564591008289087,-0.0721057622960724,0.8870573776879552,0.1762202753441801,0.0613266583229036,0.0430660470331849,0.8798316801806374,0.9444444444444472,train,0
aluminum,5.0,6.5,SWV,9,0.1723088655570852,0.4911513803259597,2.213307103670722,-0.1958266052211628,0.0999999999999999,1.4,-7.02011161351845e-05,0.1332629336174179,-0.1780293257624757,2.213307103670722,-0.3143929912390488,0.1033792240300375,0.1786564844003798,2.1890220136124747,0.8437500000000018,train,5
uric_acid,0.5,7.0,SWV,7,0.0299599003884764,0.0846381737714358,0.3865315133868809,-0.0295069010490995,0.0999999999999999,1.4,-2.933146054631474e-05,0.0211662084704125,-0.0230959932640556,0.3865315133868809,0.3426783479349186,0.0963704630788484,0.0301155454470133,0.3815985846167791,0.5714285714285725,train,1
glucose,0.5,6.5,SWV,9,0.0353716986940568,0.0713250036028169,0.2726692152237347,-0.0252380722347468,0.0999999999999999,1.4,-5.975290256217091e-06,0.0190115044355684,-0.0170441707302522,0.2726692152237347,0.4723404255319147,0.1524405506883603,0.0322849967460318,0.2652247547974396,0.3809523809523795,train,3
uric_acid,0.2,8.0,SWV,1,0.0136692136497167,0.0354658288518041,0.1651526172750092,-0.0143103546767786,0.0999999999999999,1.4,-4.118122638724898e-06,0.0095739122819197,-0.0098256170642369,0.1651526172750092,0.3111389236545681,0.1016270337922403,0.0129663868957702,0.161773392780924,0.7058823529411782,train,1
dopamine,5.0,6.0,SWV,8,0.1523468334959471,0.5825161730125521,3.2496818362682567,-0.3086509544135509,0.0999999999999999,1.4,0.0001906055895175,0.2147223984909223,-0.2063039125676131,3.2496818362682567,0.2568210262828535,0.0630788485607009,0.162385998537503,3.230272469916649,0.8000000000000006,train,0
uric_acid,0.5,6.5,SWV,2,0.0301745277968146,0.0841127037420026,0.3860971464029703,-0.0292285580849836,0.0999999999999999,1.4,-7.555120246449821e-06,0.0188880897757983,-0.0207538633430846,0.3860971464029703,0.3812265331664579,0.0981226533166458,0.0301250878667859,0.3807017887359327,0.8666666666666671,train,1
copper,5.0,6.0,SWV,1,0.1332494963136926,0.5985700869555793,3.3926742071898324,-0.6374510222781284,0.0999999999999999,1.4,-0.0001275231320454,0.2473052900436217,-0.1634896479312368,3.3926742071898324,-0.0550688360450564,0.0630788485607009,0.1674425842204925,3.377133880536427,0.8947368421052587,train,4
uric_acid,0.2,6.5,SWV,5,0.0135470015271429,0.0342056659836246,0.1617509208377558,-0.010608932578947,0.0999999999999999,1.4,5.9569969547153e-06,0.0117941997626886,-0.0104751240303067,0.1617509208377558,0.3829787234042552,0.0963704630788485,0.0120876238591445,0.1580802884562152,0.7741935483870961,train,1
copper,10.0,7.0,SWV,1,0.2084304832124525,0.9402814752042448,5.3146949840385895,-0.946021027833754,0.0999999999999999,1.4,-0.0002042651782781,0.3795238775640361,-0.3123222983778727,5.3146949840385895,-0.0392991239048811,0.0595744680851064,0.2545797006279061,5.292976452418952,0.7894736842105242,train,4
ascorbic_acid,0.5,8.0,SWV,9,0.0466867506286383,0.1133525177315021,0.4623414501846494,-0.040738341609837,0.0999999999999999,1.4,-1.150791922596924e-05,0.031191457823679,-0.0270468516449986,0.4623414501846494,0.0167709637046307,0.1261576971214018,0.0468777504625339,0.4544362637600918,0.9459459459459452,train,2
dopamine,2.0,7.5,SWV,0,0.0765869422599955,0.2925502012853858,1.6503581346571417,-0.1612552037223137,0.0999999999999999,1.4,-5.799982172896203e-06,0.1050783803111612,-0.13422969046804,1.6503581346571417,0.1762202753441801,0.0613266583229036,0.0802008186181763,1.6384088025624086,0.9444444444444472,train,0
aluminum,2.0,6.0,SWV,6,0.0832586956720179,0.2376210668303113,1.0503663437429975,-0.0926236037131525,0.0999999999999999,1.4,1.0029942581332258e-05,0.0768211960924271,-0.0736534242322155,1.0503663437429975,-0.3196495619524405,0.1086357947434292,0.0901284007655421,1.0417653802986138,0.8787878787878782,train,5
uric_acid,0.5,8.0,SWV,0,0.0311388182768306,0.0868044528262417,0.3985709514056229,-0.0389704340822451,0.0999999999999999,1.4,1.859992689947196e-06,0.0365349338475135,-0.0310401711339329,0.3985709514056229,0.3041301627033791,0.0998748435544431,0.031483152415047,0.3929355202111983,0.965517241379312,train,1
dopamine,10.0,8.0,SWV,5,0.2472867072378748,0.9514428505904436,5.022741902671591,-0.505152986163667,0.0999999999999999,1.4,6.512254232394432e-05,0.3412598339782751,-0.3469855570224965,5.022741902671591,0.1481852315394242,0.0718397997496871,0.2879465461250986,4.988626735049032,0.8636363636363621,train,0
dopamine,0.2,6.0,SWV,1,0.0098918690759766,0.0320202663708169,0.1787119210633573,-0.0147171453694848,0.0999999999999999,1.4,-4.177108172522669e-06,0.0124068152617779,-0.0116509018593168,0.1787119210633573,0.2620775969962452,0.064831038798498,0.0091075394560561,0.1763116470741974,0.9473684210526307,train,0
copper,2.0,6.5,SWV,4,0.0672928758768066,0.2899436602676606,1.635204293965004,-0.2637173250576824,0.0999999999999999,1.4,-6.345035409687203e-05,0.1070097048566782,-0.1105827265623726,1.635204293965004,-0.0533166458072591,0.0613266583229036,0.0798090260580486,1.6258046884901778,0.75,train,4
glucose,1.0,6.5,SWV,9,0.066085851162322,0.1375078010130116,0.5234288234647754,-0.0509231172469174,0.0999999999999999,1.4,-1.3806801514377507e-05,0.03650290497828,-0.0327631360697902,0.5234288234647754,0.4723404255319147,0.1524405506883603,0.0622533864841445,0.5112759741947499,0.3809523809523795,train,3
ascorbic_acid,0.1,6.5,SWV,0,0.0107101953254032,0.0227437429381109,0.0980899653477751,-0.0079137694280712,0.0999999999999999,1.4,2.6430268172887223e-06,0.0074771163920683,-0.0082695993904195,0.0980899653477751,0.0640801001251564,0.1173967459324155,0.0089616331675023,0.095258798808794,0.6341463414634148,train,2
dopamine,10.0,7.5,SWV,2,0.240783668294414,0.9333193454288268,5.352928423896194,-0.5375216276623546,0.0999999999999999,1.4,-0.0001288318955378,0.3330761631020333,-0.3655173956877848,5.352928423896194,0.1727158948685856,0.0630788485607009,0.2612073747705742,5.323568078640013,0.7142857142857139,train,0
copper,0.5,8.0,SWV,4,0.0200509559776053,0.082497788759096,0.4960126741090954,-0.0670695774650109,0.0999999999999999,1.4,-1.679099556584156e-05,0.030286748933494,-0.037443361712214,0.4960126741090954,-0.0375469336670839,0.0560700876095119,0.021664624177158,0.492403746865331,0.7777777777777755,train,4
dopamine,5.0,7.0,SWV,1,0.1524041392666442,0.6008842677846071,3.353202644897928,-0.2898452151048485,0.0999999999999999,1.4,-0.0001214483661244,0.2381930157369618,-0.1652829100276678,3.353202644897928,0.2007509386733416,0.0665832290362954,0.1734127761516527,3.343056784354148,0.8095238095238102,train,0
copper,5.0,7.0,SWV,3,0.1407055657454733,0.6021808241836901,3.39385231989556,-0.5135395277339273,0.0999999999999999,1.4,-0.0002941481581485,0.2289390338898147,-0.2473230699071198,3.39385231989556,-0.0392991239048811,0.0613266583229036,0.1657946404903695,3.3675171305912106,0.8421052631578898,train,4
copper,0.5,6.0,SWV,5,0.0196040790460269,0.0803958280439702,0.4621429196409445,-0.0754018945331265,0.0999999999999999,1.4,8.137951275674904e-06,0.0300562580451473,-0.0248603534390639,0.4621429196409445,-0.0585732165206508,0.0613266583229036,0.0222053148511888,0.4590997652820029,0.75,train,4
uric_acid,10.0,6.0,SWV,0,0.3287819004225802,0.9664660811224478,4.5870165110598045,-0.4787231862033567,0.0999999999999999,1.4,-3.331517967394247e-06,0.3213587167159769,-0.3513776605611369,4.5870165110598045,0.4022528160200248,0.0946182728410514,0.3341997868406191,4.542589660735738,0.8620689655172358,train,1
dopamine,0.2,8.0,SWV,3,0.0106377439993692,0.0335750062633689,0.179248177365214,-0.0161058363119496,0.0999999999999999,1.4,-1.2719042294737145e-05,0.0108338987014717,-0.0123369320147952,0.179248177365214,0.1464330413016269,0.0718397997496871,0.0101384744552586,0.1761816033192564,0.7826086956521715,train,0
uric_acid,10.0,6.0,SWV,8,0.3310994484859433,0.9624595645177716,4.564485594783642,-0.3728582273764542,0.0999999999999999,1.4,0.0003434734088279,0.2839883223687578,-0.2644720412070385,4.564485594783642,0.4057571964956193,0.0893617021276595,0.320108008627739,4.516825143997064,0.961538461538466,train,1
ascorbic_acid,5.0,6.0,SWV,8,0.3213777996959366,0.8127301648802097,3.3448508601787914,-0.3073997353393035,0.0999999999999999,1.4,0.000304190785379,0.2312970695131899,-0.2224729685290056,3.3448508601787914,0.1026282853566957,0.1279098873591989,0.3362130134812329,3.296628088819342,0.7804878048780504,train,2
copper,0.5,7.0,SWV,0,0.0196545423477374,0.0814810086243667,0.4650240976809774,-0.0761845317614521,0.0999999999999999,1.4,-2.5339266786031724e-07,0.0378056145952745,-0.0366498205750335,0.4650240976809774,-0.0392991239048811,0.0595744680851064,0.0219980586416104,0.4610570497450266,0.7894736842105242,train,4
copper,0.1,8.0,SWV,4,0.0052486093834986,0.017092957257152,0.1038052665813248,-0.0123460512727759,0.0999999999999999,1.4,-1.5024085176726268e-06,0.0062709994241276,-0.0077478557569407,0.1038052665813248,-0.0375469336670839,0.0578222778473092,0.0045710573836404,0.1019737148623143,0.7368421052631553,train,4
aluminum,0.2,7.0,SWV,7,0.0105156145960602,0.0272292629321479,0.1263791410092964,-0.0104239675021471,0.0999999999999999,1.4,-9.045930597935688e-06,0.0075607488469737,-0.0071650970854083,0.1263791410092964,-0.316145181476846,0.1086357947434293,0.0102017845556435,0.1241176893037047,0.8787878787878792,train,5
glucose,0.2,7.0,SWV,2,0.0156867335197794,0.0293596664924005,0.1152166272874407,-0.0084702349439771,0.0999999999999999,1.4,-6.501055030236965e-07,0.0077255511233844,-0.0068992224312505,0.1152166272874407,0.4688360450563203,0.1524405506883603,0.013336218648815,0.111136804680033,0.6111111111111127,train,3
ascorbic_acid,0.2,7.0,SWV,1,0.0194622022862801,0.0456937240494069,0.2005612321132097,-0.0193964183455926,0.0999999999999999,1.4,-5.994125044611401e-06,0.011887947653332,-0.0112882519166258,0.2005612321132097,0.0483103879849812,0.1191489361702128,0.017988565873849,0.1965147986124814,0.700000000000001,train,2
uric_acid,5.0,6.5,SWV,8,0.2154333764090734,0.6267686345750807,2.9318362742934183,-0.2397035115399876,0.0999999999999999,1.4,0.0002218235855117,0.183449984363485,-0.1822630345697993,2.9318362742934183,0.3812265331664579,0.0946182728410512,0.2190151658133028,2.9001043818572176,0.7999999999999996,train,1
ascorbic_acid,10.0,7.0,SWV,7,0.4954248251621846,1.2841553376675086,5.595275665169036,-0.4595963616207825,0.0999999999999999,1.4,-0.0004874492265282,0.3292841641553212,-0.3047802121655045,5.595275665169036,0.0570713391739674,0.1191489361702128,0.5062787645808123,5.53943858670181,0.999999999999998,train,2
aluminum,5.0,6.5,SWV,1,0.1682156900529088,0.4904133516316965,2.232301240919852,-0.2519973982872605,0.0999999999999999,1.4,-0.0001012816018159,0.1811421977403714,-0.1501659235390835,2.232301240919852,-0.3091364205256571,0.1051314142678347,0.1800287371472929,2.208289503902131,0.6666666666666675,train,5
copper,5.0,8.0,SWV,4,0.1399499633898699,0.6123122178893484,3.6728926750840367,-0.5103301396221146,0.0999999999999999,1.4,-0.000140628550656,0.2248143199593615,-0.2779769599499276,3.6728926750840367,-0.0375469336670839,0.0560700876095119,0.1607531847666947,3.654170937043373,0.7777777777777755,train,4
dopamine,0.5,8.0,SWV,6,0.0230879476579242,0.0818133419777536,0.4333384791529892,-0.0437043410277476,0.0999999999999999,1.4,2.6560974876201765e-06,0.0294027421490534,-0.0290070309945243,0.4333384791529892,0.1516896120150187,0.0735919899874844,0.0250880704038672,0.4292166369239928,0.909090909090908,train,0
ascorbic_acid,2.0,8.0,SWV,2,0.1605366410854501,0.4065691073111003,1.669327904543641,-0.142378051072581,0.0999999999999999,1.4,-4.26130562184869e-05,0.1136764351827955,-0.0905380935735105,1.669327904543641,0.0097622027534417,0.1244055068836045,0.1661327241541948,1.6463527316388769,0.7750000000000004,train,2
dopamine,0.5,6.0,SWV,6,0.0220478752363782,0.0779041567668211,0.4449390631655979,-0.0354360825400996,0.0999999999999999,1.4,3.076320910598519e-06,0.0246334825049245,-0.0239839129962148,0.4449390631655979,0.2550688360450562,0.064831038798498,0.0221419847767871,0.4410757567903606,0.681818181818183,train,0
uric_acid,1.0,7.5,SWV,4,0.058217946032621,0.1655871858179969,0.7885225672756141,-0.0696546678704299,0.0999999999999999,1.4,-3.0404271289819848e-05,0.0428855861321226,-0.0418056908966948,0.7885225672756141,0.3216520650813516,0.0946182728410512,0.05738302191059,0.7796171119529246,0.7419354838709666,train,1
ascorbic_acid,0.1,6.0,SWV,3,0.0107623211258743,0.0225524796588489,0.0960010236919984,-0.0076340780535459,0.0999999999999999,1.4,-7.95197843835426e-06,0.006684855399157,-0.0082360417772136,0.0960010236919984,0.104380475594493,0.1173967459324154,0.0088674622106393,0.0929076681372303,0.7631578947368423,train,2
uric_acid,10.0,7.0,SWV,4,0.3372883538257432,0.9846260380918714,4.568404433634883,-0.4214674444312324,0.0999999999999999,1.4,-0.0001915955456785,0.2531321179213147,-0.2548888086334022,4.568404433634883,0.3426783479349186,0.1051314142678347,0.3695325460690226,4.524991178277329,0.5789473684210537,train,1
copper,1.0,7.5,SWV,9,0.0372783361677785,0.1584458139079208,0.9565468318548488,-0.1362532773159054,0.0999999999999999,1.4,-2.336435820762028e-05,0.0585256002731374,-0.0558279135913294,0.9565468318548488,-0.0375469336670839,0.0560700876095118,0.0414497536562934,0.9498397569979462,0.999999999999996,train,4
uric_acid,0.5,8.0,SWV,4,0.0313552320254034,0.0867421601497263,0.4008678902659069,-0.0347384466214738,0.0999999999999999,1.4,-1.4471228077438916e-05,0.0221751665960476,-0.0237318215693135,0.4008678902659069,0.3058823529411764,0.0963704630788485,0.0307057548260126,0.394943370550382,0.8965517241379318,train,1
uric_acid,1.0,6.5,SWV,1,0.0561356330050689,0.1628906158749709,0.7606567832705301,-0.0728757916321482,0.0999999999999999,1.4,-2.807612895327504e-05,0.0466433806775985,-0.045036782301443,0.7606567832705301,0.3829787234042552,0.0963704630788485,0.0577402779837109,0.7525782303765814,0.8333333333333334,train,1
dopamine,1.0,8.0,SWV,6,0.0427991178904526,0.1576062993770042,0.8330227510028515,-0.0858856515154603,0.0999999999999999,1.4,2.7604802071419347e-06,0.0565797860643652,-0.0558304702746661,0.8330227510028515,0.1516896120150187,0.0735919899874844,0.048335921792477,0.8268556717999874,0.909090909090908,train,0
uric_acid,0.5,6.0,SWV,8,0.0302970288049779,0.0831245027083892,0.3961776319357473,-0.0297951399758684,0.0999999999999999,1.4,3.212399422834468e-05,0.0246289734549022,-0.0229307634337211,0.3961776319357473,0.4057571964956193,0.0893617021276595,0.0276587686325663,0.3904273553281362,0.961538461538466,train,1
ascorbic_acid,2.0,7.5,SWV,7,0.1565222094097043,0.4028996274506851,1.748142649122297,-0.143412801168026,0.0999999999999999,1.4,-0.0001511719898964,0.0967472463085333,-0.0910077596365323,1.748142649122297,0.0325406758448059,0.1244055068836045,0.1634718281439337,1.7280421608295693,0.918918918918918,train,2
copper,2.0,8.0,SWV,9,0.0685407674551893,0.2970428809951349,1.8038837494207751,-0.2315381132810405,0.0999999999999999,1.4,-4.594484994358876e-05,0.1121702326223093,-0.10304371079675,1.8038837494207751,-0.0375469336670839,0.0578222778473092,0.0792762730521837,1.791726074156151,0.7368421052631553,train,4
dopamine,10.0,7.0,SWV,4,0.2421299736836781,0.9227865467441194,5.147054397664617,-0.4264182686325203,0.0999999999999999,1.4,-0.0001992671323129,0.3198969276578458,-0.2871322478154111,5.147054397664617,0.2025031289111388,0.0683354192740927,0.2704827239930425,5.120371341807425,0.8571428571428584,train,0
copper,0.5,8.0,SWV,0,0.0198296003082474,0.0826055322885778,0.4858493379807756,-0.0677879991503044,0.0999999999999999,1.4,-8.68428572552496e-08,0.0394169953977902,-0.040741433187397,0.4858493379807756,-0.0322903629536921,0.0578222778473092,0.0220818611178421,0.4820841616333476,0.9411764705882346,train,4
uric_acid,2.0,8.0,SWV,0,0.1070169076758217,0.3117303951835991,1.4258651222358798,-0.1453018514166802,0.0999999999999999,1.4,1.236906537017534e-07,0.1308761328823632,-0.1111417297338482,1.4258651222358798,0.3041301627033791,0.0998748435544431,0.1130574801917252,1.410564883510308,0.965517241379312,train,1
glucose,10.0,6.0,SWV,0,0.3802464932254857,0.8212425171829812,3.052376748185265,-0.4027601730155593,0.0999999999999999,1.4,1.693303960323661e-05,0.2632484433494372,-0.2900838054228423,3.052376748185265,0.5143929912390487,0.1612015018773467,0.3862170367204343,2.9912067051638385,0.8775510204081642,train,3
copper,10.0,7.0,SWV,0,0.2123500240819676,0.940671990121464,5.354642259381588,-0.9001169952535383,0.0999999999999999,1.4,-2.9677998433367583e-05,0.4362809879316076,-0.4230940338070192,5.354642259381588,-0.0392991239048811,0.0595744680851064,0.2537452097794135,5.32004203531367,0.7894736842105242,train,4
ascorbic_acid,0.2,8.0,SWV,7,0.0196600759115027,0.0465611820853693,0.1916420988709623,-0.0151154455985807,0.0999999999999999,1.4,-1.4617884477028457e-05,0.0106356294172622,-0.0105126634703538,0.1916420988709623,0.0080100125156444,0.1209011264080099,0.0187422363165122,0.1880199892092975,0.7249999999999996,train,2
aluminum,0.2,7.5,SWV,5,0.0108410852017801,0.0274787450549493,0.1281687034849106,-0.0114801985514681,0.0999999999999999,1.4,5.590724725609272e-06,0.0105095757225942,-0.0072761952218442,0.1281687034849106,-0.3038798498122653,0.099874843554443,0.0097104115351548,0.1257484410408371,0.9655172413793108,train,5
copper,0.5,7.0,SWV,8,0.0198534229070174,0.0808666070096885,0.4690143477021871,-0.0688790489692324,0.0999999999999999,1.4,2.9507697896982545e-05,0.0309278346008217,-0.0360465202450831,0.4690143477021871,-0.0357947434292866,0.0630788485607007,0.0225896374546506,0.4648397745099243,0.6363636363636369,train,4
ascorbic_acid,10.0,8.0,SWV,9,0.5204868574482799,1.308872352254562,5.320255683582379,-0.492901307957175,0.0999999999999999,1.4,-0.0001591788839735,0.3600160612497363,-0.3118337164375852,5.320255683582379,0.0167709637046307,0.1261576971214018,0.5412315521498101,5.246780624379404,0.9459459459459452,train,2
dopamine,0.5,7.0,SWV,0,0.0223961725727424,0.0801856481198251,0.4476290794771632,-0.0396905274160423,0.0999999999999999,1.4,2.345032887149075e-07,0.0363905642174688,-0.0315894584682848,0.4476290794771632,0.2007509386733416,0.0665832290362954,0.0231465857899797,0.443994175197204,0.8095238095238102,train,0
glucose,0.1,7.0,SWV,1,0.0089638508508339,0.0146587909901129,0.0599023635031275,-0.0042681072541445,0.0999999999999999,1.4,-2.346096533289668e-07,0.0040310735834855,-0.0033606733427304,0.0599023635031275,0.4688360450563203,0.1471839799749688,0.0064731977321834,0.0565533890515154,0.6470588235294124,train,3
ascorbic_acid,10.0,6.5,SWV,1,0.4954399822038468,1.2760496051439136,5.306440126638622,-0.5840001216798891,0.0999999999999999,1.4,-0.0002324096895,0.335592548363784,-0.3064453309926833,5.306440126638622,0.0605757196495618,0.1226533166458072,0.5162590628420811,5.244843712176768,0.5909090909090914,train,2
ascorbic_acid,0.1,6.0,SWV,2,0.0105695659792473,0.0224100475000189,0.0973348146041448,-0.0064275532488296,0.0999999999999999,1.4,-4.072235639486152e-08,0.0050457004603216,-0.0056201812474281,0.0973348146041448,0.1026282853566957,0.1244055068836045,0.0091241050114011,0.0943399529898676,0.7750000000000004,train,2
ascorbic_acid,0.2,6.5,SWV,1,0.0192880995728734,0.045240258323639,0.189921090500539,-0.0190529039271028,0.0999999999999999,1.4,-5.864983679793497e-06,0.011920015639853,-0.0109415492610962,0.189921090500539,0.0605757196495618,0.1226533166458072,0.0182931678522156,0.185935970500996,0.5909090909090914,train,2
copper,0.1,7.0,SWV,4,0.0052105055098045,0.0168662139950033,0.0976340309737318,-0.0135963806309394,0.0999999999999999,1.4,-1.3874396580669166e-06,0.0065435449777842,-0.0069331461499561,0.0976340309737318,-0.0375469336670839,0.0595744680851064,0.0045689796826251,0.0958340919926177,0.7000000000000025,train,4
glucose,0.5,8.0,SWV,6,0.0358796328567986,0.0724401745871727,0.2804344605823048,-0.0240963445531752,0.0999999999999999,1.4,6.428049791473685e-06,0.0216572422828451,-0.0181180795481681,0.2804344605823048,0.4635794743429285,0.1664580725907384,0.0350530718470989,0.27330991602262,0.9,train,3
copper,0.5,6.0,SWV,0,0.0194766342173093,0.080550449386046,0.4542163179310877,-0.0756279517184808,0.0999999999999999,1.4,-3.4587255365503685e-07,0.0313373111765058,-0.0329944762126062,0.4542163179310877,-0.0533166458072591,0.0613266583229036,0.0221535938720072,0.4503138691148883,0.9444444444444472,train,4
ascorbic_acid,0.5,6.0,SWV,5,0.0447289218656222,0.1092273990071928,0.4649541036781157,-0.0389225219696927,0.0999999999999999,1.4,1.4839644791878256e-05,0.0376128363110687,-0.0285737869019214,0.4649541036781157,0.1008760951188986,0.1191489361702127,0.04329052196169,0.4574843974906536,0.7894736842105239,train,2
dopamine,2.0,6.5,SWV,5,0.0751973706176777,0.2839563916100961,1.50459465650184,-0.1654000783718103,0.0999999999999999,1.4,2.1389530247880083e-05,0.1022380889830068,-0.1069863556162998,1.50459465650184,0.2287859824780975,0.0718397997496871,0.0858986607480836,1.4911421176332114,0.7826086956521764,train,0
ascorbic_acid,2.0,7.5,SWV,8,0.1608007820383006,0.4033982847476182,1.695868533856143,-0.1532546477882543,0.0999999999999999,1.4,0.0001552696154387,0.1161986641373868,-0.1307759834933869,1.695868533856143,0.0395494367959949,0.1261576971214018,0.1650987503115389,1.6711031373331384,0.8947368421052619,train,2
uric_acid,10.0,6.5,SWV,7,0.3242579086396543,0.9727690508495566,4.503471662268158,-0.3573554294645519,0.0999999999999999,1.4,-0.0003626476442128,0.2164867578899969,-0.2600078942298736,4.503471662268158,0.3847309136420525,0.0963704630788485,0.3441829010460167,4.468393028517317,0.7187499999999987,train,1
copper,10.0,8.0,SWV,3,0.2203813129664146,0.9502259439127496,5.527370881603484,-0.7152771842500691,0.0999999999999999,1.4,-0.0004764986409324,0.4043941912745969,-0.4141042785470488,5.527370881603484,-0.0375469336670839,0.0595744680851064,0.2591587429718354,5.4903464740178425,0.7894736842105242,train,4
glucose,2.0,7.0,SWV,2,0.120343642433836,0.2584193794919734,0.9951054326897142,-0.0877729303000843,0.0999999999999999,1.4,-2.500682914777932e-05,0.0671916711471353,-0.0596792264405046,0.9951054326897142,0.4688360450563203,0.1524405506883603,0.1173642799396997,0.9768716375982042,0.6111111111111127,train,3
uric_acid,0.2,7.0,SWV,0,0.013598727958035,0.0348303132224469,0.1597028727958886,-0.0145633604812567,0.0999999999999999,1.4,2.292135599462633e-06,0.0118792216486227,-0.0126402244137289,0.1597028727958886,0.3409261576971213,0.0981226533166457,0.0125203365037665,0.1563103618814073,0.5135135135135137,train,1
glucose,5.0,6.0,SWV,6,0.2464344280577882,0.5271242091661942,1.9546762659625083,-0.1851008025063011,0.0999999999999999,1.4,3.1928077828751944e-05,0.1477756179491063,-0.1280966790172799,1.9546762659625083,0.523153942428035,0.162953692115144,0.250278568905003,1.916561677453516,0.8979591836734657,train,3
ascorbic_acid,10.0,7.0,SWV,3,0.5139110514569711,1.286645602286818,5.486460279028287,-0.5203859490336133,0.0999999999999999,1.4,-0.0005930929245455,0.3259771963101942,-0.4684160949954428,5.486460279028287,0.0605757196495618,0.1226533166458072,0.5174288965083745,5.407497899078583,1.0,train,2
aluminum,0.5,7.0,SWV,3,0.0246962578437963,0.0666586602368953,0.3076700676057176,-0.0284936337896124,0.0999999999999999,1.4,-3.138883365288168e-05,0.019815795698947,-0.0258580209280195,0.3076700676057176,-0.3108886107634543,0.1051314142678347,0.0244189675711923,0.3030730382426138,0.8749999999999986,train,5
dopamine,0.1,7.5,SWV,0,0.0061025369286562,0.0167779798032947,0.0964958793984408,-0.0075979437381064,0.0999999999999999,1.4,2.0522701974449502e-06,0.0061034185080043,-0.0077631224036775,0.0964958793984408,0.1762202753441801,0.0613266583229036,0.0046045756027331,0.0941550494585315,0.9444444444444472,train,0
dopamine,5.0,7.0,SWV,7,0.1502508571298102,0.5918024104712336,3.281403072806924,-0.2933908910152918,0.0999999999999999,1.4,-0.0002312510780038,0.2476425073047562,-0.1850308791199952,3.281403072806924,0.1989987484355443,0.0648310387984981,0.1682489423342293,3.2736873071648787,0.7619047619047621,train,0
uric_acid,10.0,6.0,SWV,4,0.3312494902938085,0.9689663519255682,4.5978166255377255,-0.417473492019135,0.0999999999999999,1.4,-0.0001895431390689,0.2764246962313144,-0.2750075422705682,4.5978166255377255,0.4075093867334166,0.0981226533166457,0.344486186469263,4.5544159017328445,1.0,train,1
dopamine,0.5,8.0,SWV,3,0.0233830078982792,0.0820609659791586,0.4353324358138748,-0.0419328868761824,0.0999999999999999,1.4,-3.4524233302115e-05,0.0264426572890651,-0.0300333422993765,0.4353324358138748,0.1464330413016269,0.0718397997496871,0.0247659295210328,0.430285590181705,0.7826086956521715,train,0
ascorbic_acid,1.0,6.0,SWV,0,0.0841354951733669,0.2099326580885901,0.8890401103360475,-0.0956091488490466,0.0999999999999999,1.4,3.359435592186072e-06,0.0679299335309108,-0.0750851960042145,0.8890401103360475,0.1061326658322903,0.1244055068836044,0.0855283207106706,0.8773394205224542,0.6511627906976742,train,2
aluminum,1.0,8.0,SWV,6,0.0460696218399456,0.1299606548095838,0.6158886254782984,-0.0576973967572787,0.0999999999999999,1.4,6.759187625373043e-06,0.042173514018695,-0.0440710796193967,0.6158886254782984,-0.3021276595744681,0.099874843554443,0.0461438871995892,0.6107255731780596,0.7812500000000001,train,5
dopamine,1.0,8.0,SWV,8,0.0428335453288433,0.1586702721727003,0.8399612316722358,-0.0830375394303805,0.0999999999999999,1.4,5.0255438437640766e-05,0.0627078220458265,-0.0587970006534089,0.8399612316722358,0.1481852315394242,0.0735919899874842,0.0486627781918594,0.8328705149763479,0.8260869565217395,train,0
dopamine,10.0,7.0,SWV,8,0.2419887536430662,0.9314464764242406,5.299799117667184,-0.3843980843673907,0.0999999999999999,1.4,0.0003024104974874,0.4065439353825487,-0.2840649170360459,5.299799117667184,0.2042553191489361,0.0665832290362954,0.2681551494840763,5.27226110706392,0.9999999999999968,train,0
glucose,0.5,7.5,SWV,8,0.0356979475096954,0.0719503918360629,0.2867432507115027,-0.0247778970454888,0.0999999999999999,1.4,3.169352602683456e-05,0.0206027361951731,-0.0190176596492722,0.2867432507115027,0.4775969962453065,0.1594493116395494,0.0337969339437492,0.2793768452688043,0.9782608695652198,train,3
uric_acid,2.0,6.0,SWV,5,0.1037530231967789,0.2986451860258424,1.423965911706928,-0.1118058551071018,0.0999999999999999,1.4,3.2421948978710385e-05,0.1072749263193639,-0.0752655413830102,1.423965911706928,0.4075093867334166,0.0963704630788486,0.1048668979438195,1.4082030996594863,0.896551724137934,train,1
copper,2.0,8.0,SWV,0,0.0674944687637091,0.2960367417160348,1.7377004113671557,-0.2479442141226487,0.0999999999999999,1.4,-6.865165540079591e-06,0.1412151048571921,-0.146005923203487,1.7377004113671557,-0.0322903629536921,0.0578222778473092,0.0790967440498279,1.7271541201841565,0.9411764705882346,train,4
glucose,5.0,7.0,SWV,4,0.249643113621978,0.5343738794171661,2.0856484015903107,-0.2109234175859787,0.0999999999999999,1.4,-0.0001000133149422,0.1414403852808962,-0.1367632302373034,2.0856484015903107,0.4846057571964955,0.148936170212766,0.2384462775893102,2.043200033189341,0.7708333333333356,train,3
glucose,5.0,6.5,SWV,6,0.2479297973273927,0.5301772309401547,1.9818703640787256,-0.1878728372869845,0.0999999999999999,1.4,3.157262163649892e-05,0.1506704904709464,-0.1303828688610562,1.9818703640787256,0.4846057571964955,0.1559449311639549,0.243830323638685,1.941912606346749,0.6181818181818198,train,3
uric_acid,0.5,6.0,SWV,0,0.0300958803710849,0.0834715694424091,0.3981252794857604,-0.0402267875410823,0.0999999999999999,1.4,2.0235320225905104e-06,0.0278598256451437,-0.0304676603155821,0.3981252794857604,0.4022528160200248,0.0893617021276595,0.0278355822613547,0.3926901122264312,0.9615384615384562,train,1
ascorbic_acid,5.0,8.0,SWV,6,0.3342314266730584,0.8385751787520508,3.4140531895546404,-0.2928009407456753,0.0999999999999999,1.4,3.3954519158491405e-05,0.2336725806124579,-0.2508452181426923,3.4140531895546404,0.0150187734668334,0.1261576971214018,0.3461709753359553,3.366731626913018,0.9459459459459452,train,2
uric_acid,0.2,6.5,SWV,4,0.0135803945915086,0.0344091484367529,0.1645483808539532,-0.012711761066349,0.0999999999999999,1.4,-4.355741788549261e-06,0.00895476530912,-0.0094729789743066,0.1645483808539532,0.3847309136420525,0.0963704630788485,0.0121699097900266,0.1612606224679478,0.7741935483870961,train,1
glucose,0.5,7.5,SWV,5,0.035634481927038,0.0724757809696989,0.2893846750433017,-0.0247277475701002,0.0999999999999999,1.4,1.1874755088094817e-05,0.0243069884887365,-0.0160477117186999,0.2893846750433017,0.4775969962453065,0.1576971214017521,0.0338269803314577,0.2817906042618627,0.9565217391304368,train,3
ascorbic_acid,2.0,6.5,SWV,8,0.157652774694169,0.3962865649091462,1.718725705438411,-0.1492697106054442,0.0999999999999999,1.4,0.00015085054689,0.1133137719688972,-0.1030616808564052,1.718725705438411,0.0640801001251564,0.1191489361702127,0.1571668589543867,1.6954445504450446,0.61904761904762,train,2
aluminum,10.0,7.0,SWV,6,0.2672915053837138,0.7723196035724007,3.560218544512717,-0.3045922837580736,0.0999999999999999,1.4,2.7562627053734635e-05,0.2506479425148959,-0.2504062811550821,3.560218544512717,-0.3021276595744681,0.1033792240300375,0.2815417405627874,3.534529045468044,0.6857142857142854,train,5
dopamine,1.0,6.0,SWV,4,0.0408536198436181,0.150982474344425,0.8325597797580776,-0.0735548301520738,0.0999999999999999,1.4,-3.0308717414682872e-05,0.0486764097581501,-0.0596094557439584,0.8325597797580776,0.2568210262828535,0.064831038798498,0.0429390487120439,0.8273898600399133,0.7619047619047643,train,0
glucose,0.1,7.0,SWV,0,0.0090313979943189,0.0146714783912696,0.0597532018232896,-0.0057845218786885,0.0999999999999999,1.4,2.7741267472362057e-06,0.0049315132593196,-0.0054419698152495,0.0597532018232896,0.4846057571964955,0.143679599499374,0.006374742273957,0.0563198103146314,0.8636363636363645,train,3
dopamine,2.0,7.5,SWV,6,0.0772061287999507,0.2908512413766945,1.5910784308273556,-0.154755954995518,0.0999999999999999,1.4,4.544829721977936e-06,0.0940282974726483,-0.1282378473804027,1.5910784308273556,0.1814768460575718,0.0648310387984981,0.0828944210448308,1.581660277146844,0.8500000000000013,train,0
dopamine,0.5,6.0,SWV,8,0.0220658862956968,0.0783177102839616,0.4386767024901806,-0.040199405250434,0.0999999999999999,1.4,2.792378415535611e-05,0.0289100362106516,-0.0277892534698726,0.4386767024901806,0.2568210262828535,0.0630788485607009,0.0218337050054534,0.4344642048821066,0.8000000000000006,train,0
glucose,0.1,8.0,SWV,1,0.0090453294159048,0.01482529222567,0.0610242761163148,-0.0043317464888232,0.0999999999999999,1.4,-2.822453406080473e-07,0.0040747852247617,-0.0033122625001446,0.0610242761163148,0.4548185231539422,0.1594493116395493,0.0069626389347776,0.0576992610636243,0.819999999999999,train,3
dopamine,0.5,7.0,SWV,7,0.0217813638201851,0.0795935534101715,0.4430571913290036,-0.0380741934091935,0.0999999999999999,1.4,-2.902605172941021e-05,0.0333421527957648,-0.0249504702016276,0.4430571913290036,0.1989987484355443,0.0648310387984981,0.0226247235246309,0.4403536512407407,0.7619047619047621,train,0
uric_acid,1.0,7.0,SWV,4,0.0577147251200066,0.1639552808359163,0.7624713606490161,-0.0683986695339447,0.0999999999999999,1.4,-2.9867020623977983e-05,0.0422270106015389,-0.0425172222096835,0.7624713606490161,0.3426783479349186,0.1051314142678347,0.0615288184438191,0.7536138153151608,0.5789473684210537,train,1
ascorbic_acid,0.2,7.0,SWV,7,0.0192857547883709,0.0455517489188594,0.200223644735969,-0.0153706700670495,0.0999999999999999,1.4,-1.4991744744952754e-05,0.0117078042038514,-0.0108371992026953,0.200223644735969,0.0570713391739674,0.1191489361702128,0.0179419956215479,0.1964140300421659,0.999999999999998,train,2
dopamine,1.0,6.0,SWV,1,0.0398678332211557,0.1510317124499147,0.8354475787659434,-0.0750255180154725,0.0999999999999999,1.4,-2.8848764796926505e-05,0.0583198496098596,-0.0547196703292338,0.8354475787659434,0.2620775969962452,0.064831038798498,0.0429191555822763,0.8304748523818518,0.9473684210526307,train,0
glucose,1.0,7.0,SWV,4,0.0663519174919248,0.1384195326435043,0.5420843661774527,-0.052825456490021,0.0999999999999999,1.4,-2.411507874408388e-05,0.0367452438688854,-0.0355424612136224,0.5420843661774527,0.4846057571964955,0.148936170212766,0.0617645605606718,0.5293761711186483,0.7708333333333356,train,3
copper,5.0,7.5,SWV,1,0.135022616117003,0.6082384622975092,3.545531694096397,-0.5903717936432188,0.0999999999999999,1.4,-0.0001334228662099,0.2263540115675104,-0.2163525087205509,3.545531694096397,-0.0392991239048811,0.0595744680851063,0.1656883418197551,3.531105999667553,0.8888888888888908,train,4
glucose,1.0,6.5,SWV,2,0.0652692925438037,0.1379221612231371,0.5329633478685941,-0.045752943187988,0.0999999999999999,1.4,-1.1952792808909627e-05,0.0374226988303813,-0.0315676982754462,0.5329633478685941,0.4951188986232789,0.1454317897371715,0.0608197919503431,0.5221959064654291,0.8444444444444427,train,3
ascorbic_acid,0.2,8.0,SWV,5,0.0200959732881871,0.0462804433470539,0.1898419887151503,-0.0167834558075199,0.0999999999999999,1.4,7.528407100830248e-06,0.0193732247013523,-0.0103673196060041,0.1898419887151503,-0.0060075093867334,0.1209011264080099,0.0185885686225557,0.1855065350498024,0.4375000000000005,train,2
glucose,5.0,6.5,SWV,7,0.2422904302954936,0.5345601056385201,2.068154734959886,-0.1905653185254832,0.0999999999999999,1.4,-0.0001989389419135,0.1267197428890963,-0.1333660171140905,2.068154734959886,0.4846057571964955,0.1524405506883603,0.2422125672190692,2.030675241081436,0.6111111111111127,train,3
copper,5.0,6.5,SWV,1,0.1339147852178601,0.6012349106286,3.377041818823733,-0.6142564027105553,0.0999999999999999,1.4,-0.0001281904515387,0.2516107456143396,-0.1820478026137492,3.377041818823733,-0.0550688360450564,0.0648310387984981,0.171054776730357,3.3614408684720387,0.681818181818181,train,4
copper,0.2,6.5,SWV,2,0.0087662516096098,0.033242997747864,0.1866673209965837,-0.0276504235291644,0.0999999999999999,1.4,-2.421191101326661e-06,0.0141073190803693,-0.0113139464613631,0.1866673209965837,-0.0515644555694618,0.0613266583229036,0.0091555130856677,0.1844970385434988,0.8421052631578959,train,4
uric_acid,2.0,8.0,SWV,1,0.1057722882836645,0.3119182773256433,1.4363049728788253,-0.1390728687181953,0.0999999999999999,1.4,-5.531509590083773e-05,0.0837604830329595,-0.0859267944138092,1.4363049728788253,0.3111389236545681,0.1016270337922403,0.1140346346735111,1.421447842000028,0.7058823529411782,train,1
aluminum,0.2,8.0,SWV,6,0.01089655201847,0.0277472283297552,0.1324587715639264,-0.011248770025002,0.0999999999999999,1.4,3.452136368985462e-06,0.009027041882906,-0.009416964973732,0.1324587715639264,-0.3021276595744681,0.099874843554443,0.0098490024478376,0.1303207517710894,0.7812500000000001,train,5
aluminum,0.2,6.5,SWV,5,0.0107658611102021,0.0272523702958789,0.1248382287055325,-0.0113806277162998,0.0999999999999999,1.4,5.5660686764536965e-06,0.0104252978441201,-0.0072830297466048,0.1248382287055325,-0.3178973717146433,0.106883604505632,0.0101571722595835,0.1224285616747937,0.9677419354838696,train,5
dopamine,2.0,6.5,SWV,9,0.0756700576968151,0.2830835802749191,1.502342507145236,-0.1860110560143388,0.0999999999999999,1.4,-3.9894801903616245e-05,0.1064826708595417,-0.0933341562386193,1.502342507145236,0.2340425531914892,0.0718397997496871,0.0853004399933649,1.485925237886231,0.9523809523809518,train,0
ascorbic_acid,5.0,6.5,SWV,8,0.3246379713921362,0.8208498618163951,3.558055657237518,-0.3120390676701595,0.0999999999999999,1.4,0.0003095652233596,0.2346191441599,-0.2134122203976026,3.558055657237518,0.0640801001251564,0.1191489361702127,0.3255679302548471,3.5119004739658743,0.61904761904762,train,2
aluminum,5.0,7.0,SWV,7,0.1668619661231925,0.4916664297706569,2.2616328609377154,-0.2013826767847742,0.0999999999999999,1.4,-0.0002048835197356,0.1359590781713164,-0.1292350359767233,2.2616328609377154,-0.316145181476846,0.1086357947434293,0.1843389080152341,2.2438281258868678,0.8787878787878792,train,5
uric_acid,10.0,6.5,SWV,1,0.3278227533939402,0.9782587843811196,4.557577711282288,-0.4461206166645054,0.0999999999999999,1.4,-0.0001808648602692,0.2796150772356591,-0.2699943211351999,4.557577711282288,0.3829787234042552,0.0963704630788485,0.3466428196902449,4.517491479810475,0.8333333333333334,train,1
glucose,0.5,6.0,SWV,9,0.0351687985765701,0.0708998662888494,0.2675965133418296,-0.0248331855024293,0.0999999999999999,1.4,-5.711818206836127e-06,0.0185252071496872,-0.0168237932935814,0.2675965133418296,0.5038798498122653,0.1594493116395494,0.0331609205359119,0.26032454695948,0.6851851851851878,train,3
dopamine,0.2,7.5,SWV,6,0.0104092632637145,0.0331534383834318,0.1830587381908645,-0.0160724869489757,0.0999999999999999,1.4,2.77056205449083e-06,0.0107777069635252,-0.0146733012958003,0.1830587381908645,0.1814768460575718,0.0648310387984981,0.0094516205304189,0.1803976004335937,0.8500000000000013,train,0
ascorbic_acid,0.1,8.0,SWV,5,0.011020340542007,0.0233726694864353,0.0967493450734011,-0.0078714692237544,0.0999999999999999,1.4,5.084829294418813e-06,0.0098196429546276,-0.0052573967719686,0.0967493450734011,-0.0060075093867334,0.1209011264080099,0.0093795216784899,0.0936501907112439,0.4375000000000005,train,2
copper,5.0,7.0,SWV,5,0.1379850520682018,0.6034524250401403,3.5427633626981136,-0.517536663341719,0.0999999999999999,1.4,4.67051034932805e-05,0.2218369764452048,-0.1957758076578851,3.5427633626981136,-0.0392991239048811,0.0595744680851064,0.1632830930248982,3.520901462000626,0.7894736842105242,train,4
glucose,1.0,7.0,SWV,7,0.0648071418394131,0.1392390985539407,0.5444735479470016,-0.048101038061611,0.0999999999999999,1.4,-5.0692379356911175e-05,0.0334050358106671,-0.0342005810444087,0.5444735479470016,0.4846057571964955,0.1559449311639549,0.0641392748943598,0.5328533430712302,0.893617021276597,train,3
dopamine,0.5,6.0,SWV,0,0.0218812368197593,0.0779921768553028,0.4367968668716219,-0.0378015534604698,0.0999999999999999,1.4,2.92276098339218e-07,0.0435377496587891,-0.0308027250238593,0.4367968668716219,0.2550688360450562,0.0648310387984981,0.0221812841633325,0.4330648483160339,0.7619047619047621,train,0
glucose,0.2,7.5,SWV,2,0.0157679435357979,0.0295108885824482,0.1196962824920487,-0.0085299352523068,0.0999999999999999,1.4,-6.901371306402724e-07,0.0072668585282343,-0.0072624125247196,0.1196962824920487,0.4583229036295367,0.1612015018773467,0.0139830144478398,0.115543174683877,0.6428571428571411,train,3
glucose,5.0,6.5,SWV,5,0.2476028499145226,0.5337294975641909,2.069151872459366,-0.2046854955914443,0.0999999999999999,1.4,7.096493950418053e-05,0.1766785230809752,-0.1191363170195732,2.069151872459366,0.4775969962453065,0.1524405506883603,0.2426902842106041,2.0298787545188044,0.5,train,3
copper,1.0,7.0,SWV,4,0.0369647242096982,0.1566474607326034,0.8959879889684507,-0.1425823945602946,0.0999999999999999,1.4,-3.355316006837061e-05,0.0608477804049988,-0.064483336663405,0.8959879889684507,-0.0375469336670839,0.0595744680851064,0.0423953747550093,0.889926429603757,0.7000000000000025,train,4
uric_acid,1.0,6.0,SWV,0,0.0562964084457774,0.1609268333974271,0.7655718787466416,-0.078691383914966,0.0999999999999999,1.4,1.5537907953989009e-06,0.0536053424057431,-0.058617660337122,0.7655718787466416,0.4022528160200248,0.0946182728410514,0.0556718465052603,0.7568200258463208,0.8620689655172358,train,1
uric_acid,0.2,8.0,SWV,3,0.0140221586524444,0.0355026551213131,0.1643141276364756,-0.0125564532313381,0.0999999999999999,1.4,-1.341514201727802e-05,0.0114928420634834,-0.0128729612273893,0.1643141276364756,0.2988735919899874,0.0963704630788485,0.0126126895537221,0.1606759190738566,0.8965517241379318,train,1
ascorbic_acid,0.1,7.5,SWV,0,0.0108896712219973,0.0232289407389695,0.1028676284137579,-0.0100504969472362,0.0999999999999999,1.4,2.6593398686446025e-06,0.007694937792164,-0.008487905066246,0.1028676284137579,0.0325406758448059,0.1226533166458072,0.0093272440778852,0.099919694869099,0.9444444444444438,train,2
ascorbic_acid,0.1,7.0,SWV,5,0.0108384196162236,0.0229558913155384,0.1004300191879516,-0.0079613358689343,0.0999999999999999,1.4,5.234942798078845e-06,0.0089296977922137,-0.0055150883360346,0.1004300191879516,0.0500625782227783,0.1209011264080099,0.0091163666822062,0.0973991515666819,0.6829268292682918,train,2
dopamine,0.2,7.0,SWV,7,0.0099797043297996,0.0325418933992142,0.182316756022633,-0.0146199036028591,0.0999999999999999,1.4,-1.0448949578215544e-05,0.0136557685232853,-0.0102449208259245,0.182316756022633,0.1989987484355443,0.0648310387984981,0.0092565471654939,0.1802182871687408,0.7619047619047621,train,0
glucose,0.2,8.0,SWV,8,0.0159975812207637,0.0295025682015996,0.1162026228619606,-0.0089702232618252,0.0999999999999999,1.4,1.464224136226701e-05,0.0085430135322879,-0.0078815655307889,0.1162026228619606,0.4653316645807258,0.1612015018773466,0.0139470573498227,0.1117441809350047,0.9574468085106363,train,3
glucose,5.0,8.0,SWV,8,0.2525288686277386,0.5385374330106112,2.077720565498805,-0.2050801510673612,0.0999999999999999,1.4,0.0002190010259022,0.153326765919888,-0.1415769445980778,2.077720565498805,0.4653316645807258,0.1612015018773466,0.2545830466862793,2.036167247993263,0.9574468085106363,train,3
dopamine,5.0,6.5,SWV,5,0.1538376730310327,0.5883001170203231,3.115080819830703,-0.344347884230906,0.0999999999999999,1.4,4.1567823838437774e-05,0.2117218558833511,-0.2215905463602563,3.115080819830703,0.2287859824780975,0.0718397997496871,0.1779464879577582,3.0889416961746408,0.7826086956521764,train,0
copper,10.0,6.5,SWV,1,0.2075353135955629,0.935207088253665,5.252139964900285,-0.9565354014018668,0.0999999999999999,1.4,-0.0002007824018502,0.3913735046295292,-0.2831586441083343,5.252139964900285,-0.0550688360450564,0.0648310387984981,0.266056014598118,5.228422690997904,0.681818181818181,train,4
aluminum,0.5,7.0,SWV,6,0.024409683133517,0.0669605720925684,0.3098591248647682,-0.0255567992026047,0.0999999999999999,1.4,4.722241534138177e-06,0.0217601912310185,-0.0217239107920771,0.3098591248647682,-0.3021276595744681,0.1033792240300375,0.0244326070152197,0.3066733227874378,0.6857142857142854,train,5
uric_acid,0.1,7.5,SWV,5,0.0078273898748768,0.0174752769347018,0.0851836457525082,-0.0044426792535544,0.0999999999999999,1.4,4.325517428295612e-06,0.0061094991847257,-0.0052019100107739,0.0851836457525082,0.3321652065081351,0.092866082603254,0.0059854518960636,0.0823434780393767,0.8928571428571437,train,1
aluminum,0.2,7.0,SWV,9,0.0108583492492262,0.0272993836557296,0.1257250957678833,-0.0092242208203415,0.0999999999999999,1.4,-1.5363676959455143e-06,0.0074447783031004,-0.0096645026387417,0.1257250957678833,-0.3091364205256571,0.1086357947434293,0.010202503251512,0.12313690237907,0.8787878787878792,train,5
aluminum,2.0,7.0,SWV,2,0.0827674061767888,0.2375849151396152,1.0759723750062251,-0.1013477883407877,0.0999999999999999,1.4,-2.9405929889269027e-05,0.0618714605480653,-0.0776464826900897,1.0759723750062251,-0.3126408010012516,0.106883604505632,0.0880543520233035,1.064620498378393,0.9062499999999998,train,5
copper,2.0,7.0,SWV,7,0.0645573791422971,0.2925544440369706,1.637967690552626,-0.3141830950830683,0.0999999999999999,1.4,-0.0001173692902616,0.112804324153522,-0.1109913666689047,1.637967690552626,-0.0375469336670839,0.0613266583229036,0.0806705042767504,1.6333402663887633,0.6666666666666707,train,4
copper,1.0,7.5,SWV,0,0.0367202044667461,0.1579280760837261,0.9274522637283252,-0.1437331100063303,0.0999999999999999,1.4,-2.5179107165288624e-06,0.0766309879926385,-0.0753746242238595,0.9274522637283252,-0.0392991239048811,0.057822277847309,0.0421094708308932,0.9213719901458328,0.9411764705882382,train,4
copper,2.0,8.0,SWV,3,0.0693604797673881,0.2949508873415954,1.7166131796043431,-0.220667049638264,0.0999999999999999,1.4,-0.0001462301386983,0.125526786351021,-0.1285628106352214,1.7166131796043431,-0.0375469336670839,0.0595744680851064,0.0804648431265217,1.7045103916355455,0.7894736842105242,train,4
copper,10.0,6.5,SWV,5,0.2128238630345402,0.9329213501463784,5.149168857612531,-0.8545599560851467,0.0999999999999999,1.4,6.726906119447662e-05,0.3510517130985953,-0.2846099450760582,5.149168857612531,-0.0585732165206508,0.0630788485607009,0.2613445808604708,5.1229323739061785,0.5000000000000013,train,4
aluminum,0.2,7.0,SWV,2,0.0106881223236718,0.027245560859937,0.1244450989312342,-0.0107161990716033,0.0999999999999999,1.4,-1.1498648843587213e-06,0.0071119701797104,-0.0089047923832563,0.1244450989312342,-0.3126408010012516,0.106883604505632,0.0100964049920221,0.1219848338482903,0.9062499999999998,train,5
aluminum,1.0,6.0,SWV,6,0.0453610716176056,0.1276694680641208,0.5649051223425895,-0.0493353531279296,0.0999999999999999,1.4,6.5707295584494165e-06,0.0412907564431632,-0.0395818241022376,0.5649051223425895,-0.3196495619524405,0.1086357947434292,0.0484482763428359,0.559901750206957,0.8787878787878782,train,5
uric_acid,1.0,6.0,SWV,7,0.0550405250493135,0.16093777548391,0.7639442912286692,-0.0574404402651798,0.0999999999999999,1.4,-5.821739018686518e-05,0.0360637557877426,-0.0386169675307703,0.7639442912286692,0.4005006257822278,0.0911138923654568,0.0545908538984865,0.7564797558956321,0.8571428571428598,train,1
glucose,5.0,7.0,SWV,1,0.2458160183640246,0.5334953728408831,2.092172930710525,-0.1996602590826329,0.0999999999999999,1.4,-9.434537665528624e-05,0.1405650018903452,-0.1183622267355469,2.092172930710525,0.4688360450563203,0.1471839799749688,0.2359968908699531,2.0537328897666263,0.6470588235294124,train,3
aluminum,1.0,7.5,SWV,1,0.0449937331147855,0.1283221044416973,0.5982684536804234,-0.0648860911430959,0.0999999999999999,1.4,-2.4651776196487816e-05,0.0442853880734121,-0.038914106058259,0.5982684536804234,-0.3091364205256571,0.0963704630788485,0.0441854576350238,0.5912355960605665,0.8965517241379298,train,5
copper,0.5,8.0,SWV,8,0.0200374964456147,0.082109015211117,0.5105065302321968,-0.0615597205035806,0.0999999999999999,1.4,3.102336617809766e-05,0.032227434489046,-0.0401107842756926,0.5105065302321968,-0.0357947434292866,0.0560700876095119,0.0215458492098672,0.50631610054873,0.7777777777777755,train,4
copper,5.0,7.5,SWV,7,0.1326770226353018,0.6098381006506509,3.5795559342113066,-0.6276767595705096,0.0999999999999999,1.4,-0.0002530321458541,0.2468063823100845,-0.2469262926434985,3.5795559342113066,-0.0357947434292866,0.057822277847309,0.1629676758319819,3.569979006172143,0.8333333333333345,train,4
aluminum,1.0,6.0,SWV,5,0.0452800449908631,0.1271726995188898,0.5710518277687004,-0.0559416722444313,0.0999999999999999,1.4,1.633323726073479e-05,0.0482191690636363,-0.0337309553099367,0.5710518277687004,-0.3178973717146433,0.1033792240300375,0.0465895058405489,0.5643796927425551,0.7878787878787881,train,5
dopamine,5.0,8.0,SWV,5,0.1596127805727068,0.6116269653401101,3.22950946585928,-0.3240776296271068,0.0999999999999999,1.4,4.278020399226687e-05,0.2194038690195387,-0.2230762627249605,3.22950946585928,0.1481852315394242,0.0718397997496871,0.1851023614971513,3.2069019859785706,0.8636363636363621,train,0
glucose,1.0,7.0,SWV,5,0.0662075853416042,0.1390343777394184,0.5557303025117746,-0.0512236209186814,0.0999999999999999,1.4,2.0458840624603235e-05,0.0464362985366907,-0.0309243225535242,0.5557303025117746,0.4775969962453065,0.1454317897371713,0.0613421597393418,0.5434481320749306,0.7291666666666657,train,3
copper,5.0,8.0,SWV,8,0.139850296777441,0.6094458202688512,3.780254508576247,-0.4695301490508212,0.0999999999999999,1.4,0.0002134324570944,0.2392199645352982,-0.2977289818629124,3.780254508576247,-0.0357947434292866,0.0560700876095119,0.1599448542784657,3.758479165182599,0.7777777777777755,train,4
copper,2.0,6.0,SWV,6,0.0668500340093974,0.2881551685103735,1.601983998249338,-0.2671051184690968,0.0999999999999999,1.4,2.5850103359920803e-06,0.1080019398692394,-0.1091495963157184,1.601983998249338,-0.0603254067584481,0.0630788485607009,0.0807978925520277,1.5938328319078134,0.636363636363635,train,4
dopamine,2.0,6.5,SWV,6,0.0753499580160379,0.2834847667792056,1.5003184080376175,-0.1605317489642295,0.0999999999999999,1.4,3.0050101012248607e-06,0.0996521982629733,-0.0921578390827537,1.5003184080376175,0.2340425531914892,0.0735919899874844,0.0871696226723198,1.4901764616505315,1.0,train,0
dopamine,1.0,6.5,SWV,8,0.0413322598503435,0.1525755971059675,0.8041232815810787,-0.0812178080168351,0.0999999999999999,1.4,4.866556221881953e-05,0.0511060508000033,-0.0565218721949615,0.8041232815810787,0.232290362953692,0.0718397997496871,0.0460920736531211,0.7965303679735665,0.9523809523809518,train,0
uric_acid,0.5,6.5,SWV,9,0.0306403435339268,0.0846386477691021,0.3991052284032778,-0.0308625928365368,0.0999999999999999,1.4,-8.612761929685147e-06,0.0293257193554223,-0.0276049502007515,0.3991052284032778,0.3812265331664579,0.0981226533166458,0.0303522996176995,0.3941477210652265,0.931034482758622,train,1
dopamine,0.2,7.0,SWV,3,0.0104281913295544,0.0327521000742431,0.1845525332648604,-0.0127135151558425,0.0999999999999999,1.4,-1.30119294104046e-05,0.01196495872696,-0.0124371871588683,0.1845525332648604,0.2007509386733416,0.0665832290362954,0.0094352692962684,0.1816723021014944,0.8095238095238102,train,0
dopamine,0.1,6.5,SWV,1,0.0059350494690077,0.0162965745837796,0.0867829975916767,-0.0065918618023675,0.0999999999999999,1.4,-8.192370449704747e-07,0.0052393385448562,-0.0062016558234979,0.0867829975916767,0.232290362953692,0.0735919899874844,0.005006585188904,0.0844807790688554,0.909090909090908,train,0
ascorbic_acid,1.0,7.0,SWV,4,0.0863785506730918,0.212049210893144,0.928027203475813,-0.0909374474895883,0.0999999999999999,1.4,-3.949507550793846e-05,0.0630863558876163,-0.0584334869061789,0.928027203475813,0.0413016270337921,0.1261576971214016,0.0868178536429672,0.913104454495654,0.5652173913043466,train,2
ascorbic_acid,0.2,6.0,SWV,3,0.0195819647571916,0.0447413810684938,0.1886692312029734,-0.0161763864844891,0.0999999999999999,1.4,-1.8081838773892117e-05,0.0131808320272311,-0.0161533657184974,0.1886692312029734,0.104380475594493,0.1173967459324154,0.0175863273028839,0.184247019047299,0.7631578947368423,train,2
aluminum,0.5,6.5,SWV,3,0.024603051292958,0.0663870619035356,0.3021124578819776,-0.0284252371325839,0.0999999999999999,1.4,-3.124996767993144e-05,0.019170980456929,-0.025752867805953,0.3021124578819776,-0.3108886107634543,0.1033792240300375,0.0241716062935861,0.297479093086993,0.7352941176470591,train,5
glucose,5.0,7.5,SWV,6,0.2509071291585054,0.536260108017822,2.06610328146886,-0.1913390259355306,0.0999999999999999,1.4,3.131513575497109e-05,0.1566301373527754,-0.1330377369483211,2.06610328146886,0.4635794743429285,0.1524405506883606,0.2440152973069097,2.0257221311766367,0.6415094339622647,train,3
uric_acid,10.0,6.0,SWV,2,0.3266859170623306,0.9658363660723652,4.63481169058824,-0.3555887144339439,0.0999999999999999,1.4,-0.0001129697245908,0.2166287599194475,-0.2706243503651257,4.63481169058824,0.3987484355444304,0.0893617021276595,0.3226194929479705,4.594171657510263,0.7586206896551698,train,1
uric_acid,0.2,7.0,SWV,7,0.0133283819089745,0.0345494466868637,0.1590046379328998,-0.0114900932495653,0.0999999999999999,1.4,-1.057442722932862e-05,0.0086664564734092,-0.0094832729798015,0.1590046379328998,0.3426783479349186,0.0963704630788484,0.0122930772123609,0.1558532315457747,0.5714285714285725,train,1
uric_acid,0.2,6.5,SWV,6,0.0135669424070835,0.0343796955613681,0.1653130004370115,-0.0107948758607721,0.0999999999999999,1.4,3.55441644708759e-06,0.012925677867022,-0.0096491073979532,0.1653130004370115,0.3812265331664579,0.0946182728410512,0.0120460592780129,0.1621617457061836,0.8620689655172418,train,1
uric_acid,10.0,6.5,SWV,3,0.3376234687705308,0.9762263975914562,4.659739502620639,-0.3929405029478595,0.0999999999999999,1.4,-0.0004390281437147,0.2593372457617415,-0.4367388389445299,4.659739502620639,0.3812265331664579,0.0946182728410512,0.3406968795558447,4.605955460961563,0.8620689655172418,train,1
uric_acid,0.2,6.5,SWV,0,0.0134921348497314,0.0344432867789788,0.1624555518944748,-0.0156652694299865,0.0999999999999999,1.4,2.3045990508968098e-06,0.0115222214883883,-0.0125656274014063,0.1624555518944748,0.3864831038798497,0.0963704630788485,0.0121832385918109,0.1590793776402044,0.6666666666666647,train,1
aluminum,1.0,6.5,SWV,6,0.0455378586386041,0.1282642030728218,0.5736902752379887,-0.0498265020225601,0.0999999999999999,1.4,6.7084497103177484e-06,0.041668490145433,-0.0407212710037003,0.5736902752379887,-0.3021276595744681,0.1103879849812264,0.0489885622698738,0.5687356044667414,0.5749999999999994,train,5
glucose,0.5,6.0,SWV,5,0.0350340253156588,0.0713018885716193,0.2735805516481713,-0.026127631010285,0.0999999999999999,1.4,1.176166404256788e-05,0.0235426875526528,-0.0160991640504383,0.2735805516481713,0.5196495619524405,0.1612015018773467,0.033576117240206,0.266173835191799,0.9574468085106352,train,3
dopamine,2.0,6.0,SWV,9,0.0747467245002916,0.2804147014615438,1.5660084666552023,-0.1473176459719972,0.0999999999999999,1.4,-4.021501334180602e-05,0.1131662659539325,-0.093063180180657,1.5660084666552023,0.2550688360450562,0.0630788485607007,0.0779892659951726,1.5523783403328797,0.6363636363636369,train,0
uric_acid,0.1,7.0,SWV,2,0.0077075984619298,0.017378778362296,0.0831602708529679,-0.0047488719673077,0.0999999999999999,1.4,4.101885674109569e-07,0.0041564200758034,-0.0041570505273788,0.0831602708529679,0.3444305381727158,0.1033792240300375,0.0064708040534987,0.0805898359649088,0.6388888888888908,train,1
glucose,2.0,6.5,SWV,1,0.1191113423126882,0.2557962007487666,0.985053931860931,-0.094533489717658,0.0999999999999999,1.4,-4.340170444083141e-05,0.0683585383330658,-0.0567277002130056,0.985053931860931,0.4986232790988735,0.1401752190237797,0.1097017294447864,0.9652045728837014,0.8604651162790681,train,3
aluminum,0.5,6.0,SWV,1,0.0237673719716594,0.0658386858608734,0.2975823219596784,-0.0324339300992789,0.0999999999999999,1.4,-1.1374643617449096e-05,0.0248737180925165,-0.0202089538588382,0.2975823219596784,-0.3196495619524405,0.1051314142678347,0.0242720134034022,0.2931119861343237,0.8749999999999986,train,5
uric_acid,0.1,6.0,SWV,7,0.0075018490857294,0.0170888824793534,0.0829928521175871,-0.0052302029816109,0.0999999999999999,1.4,-4.067212904726364e-06,0.0039173514912656,-0.0041504745365986,0.0829928521175871,0.4005006257822278,0.0911138923654568,0.0058004290255351,0.0805328009972432,0.8571428571428598,train,1
glucose,0.1,7.0,SWV,6,0.0090670140791035,0.0146545770712953,0.0582147242363624,-0.0032454724399567,0.0999999999999999,1.4,3.3691682634094337e-06,0.0043544967273073,-0.0037912294554808,0.0582147242363624,0.4793491864831037,0.1576971214017521,0.0067834660310938,0.0547628932752101,0.7647058823529408,train,3
dopamine,1.0,7.0,SWV,3,0.0423810089454289,0.1543593837084974,0.8623739481729256,-0.0647313030583724,0.0999999999999999,1.4,-7.013008298383686e-05,0.0563104465298597,-0.0582751746751952,0.8623739481729256,0.2007509386733416,0.0665832290362954,0.0444329930071124,0.8551656396864068,0.8095238095238102,train,0
dopamine,1.0,6.0,SWV,6,0.0407959971847749,0.150142727058862,0.8555872226909806,-0.0697068046125694,0.0999999999999999,1.4,3.5745787849689788e-06,0.0474177207062164,-0.0461837142094265,0.8555872226909806,0.2550688360450562,0.064831038798498,0.0426785656353578,0.8499489028148409,0.681818181818183,train,0
dopamine,0.1,7.5,SWV,3,0.0062032096469916,0.0166435416052944,0.0940759155698878,-0.0072421678976567,0.0999999999999999,1.4,-5.466576508674009e-06,0.0053356770483115,-0.0063805130255141,0.0940759155698878,0.1779724655819774,0.0665832290362953,0.0048099839186563,0.0916390773246617,1.0,train,0
uric_acid,10.0,7.5,SWV,6,0.3399212593793055,0.9907934334282522,4.756311604864647,-0.3606173635379889,0.0999999999999999,1.4,3.2405821395530794e-05,0.3677679333890877,-0.2567535417657848,4.756311604864647,0.3198998748435543,0.092866082603254,0.3397602710366001,4.712827789521289,0.6562499999999979,train,1
uric_acid,1.0,6.0,SWV,8,0.0566832059699749,0.1602587590491284,0.7618186813083696,-0.0598883932566215,0.0999999999999999,1.4,5.943534638620874e-05,0.0473797935350649,-0.0441185948173454,0.7618186813083696,0.4057571964956193,0.0893617021276595,0.0533254210271984,0.7525399030658187,0.961538461538466,train,1
glucose,1.0,7.0,SWV,1,0.0653572240682602,0.1381875084269737,0.5437763080763172,-0.0507900481656894,0.0999999999999999,1.4,-2.264193512998543e-05,0.0365391517517854,-0.0307419955791153,0.5437763080763172,0.4688360450563203,0.1471839799749688,0.0611121449488921,0.53200742520484,0.6470588235294124,train,3
dopamine,0.1,6.0,SWV,9,0.0059975215232702,0.016031862818809,0.0914420326274093,-0.0070058905699297,0.0999999999999999,1.4,4.052684696853192e-08,0.0065251152804444,-0.0053975606062412,0.0914420326274093,0.2550688360450562,0.0630788485607007,0.0044721811331666,0.0891257955482718,0.6363636363636369,train,0
dopamine,0.2,6.0,SWV,2,0.0099531746615506,0.0318509150600706,0.1786293529817339,-0.0139912161368587,0.0999999999999999,1.4,-1.9798480198283007e-06,0.012471022849706,-0.0086198176107262,0.1786293529817339,0.2585732165206507,0.064831038798498,0.0090481786546263,0.1758995072132677,0.8499999999999981,train,0
uric_acid,0.1,6.0,SWV,2,0.0076002815385658,0.0170742776458922,0.0840366033019965,-0.0046861283974723,0.0999999999999999,1.4,4.382612946333824e-07,0.0039069214976661,-0.0048575131071898,0.0840366033019965,0.3987484355444304,0.0893617021276595,0.0057100358054314,0.0815020339082489,0.7586206896551698,train,1
copper,0.5,6.0,SWV,9,0.019747566172465,0.080720959596968,0.4479521492218897,-0.070431585023193,0.0999999999999999,1.4,-1.046529197807317e-05,0.0351674898580425,-0.0266769057779557,0.4479521492218897,-0.0568210262828535,0.0665832290362953,0.023426488306494,0.4446657237381682,0.8095238095238126,train,4
ascorbic_acid,10.0,7.5,SWV,4,0.5143460246798994,1.2872719831743134,5.619441940782361,-0.561942455911214,0.0999999999999999,1.4,-0.0002517447233888,0.4158211602463052,-0.3329726148337185,5.619441940782361,0.0413016270337921,0.1244055068836045,0.5217391046393639,5.539469614819953,0.8205128205128215,train,2
copper,1.0,7.5,SWV,3,0.0377155989024929,0.1572817686460335,0.9142365978892212,-0.1274996809340232,0.0999999999999999,1.4,-7.685997973233384e-05,0.0656504453228721,-0.0680780436315539,0.9142365978892212,-0.0392991239048811,0.057822277847309,0.0420140532637271,0.9073033815014996,0.9411764705882382,train,4
ascorbic_acid,0.5,6.0,SWV,6,0.0447937433159284,0.1086920019831995,0.4619939427399978,-0.0373795910094915,0.0999999999999999,1.4,7.02962068833482e-06,0.0309249234193562,-0.0277389915563306,0.4619939427399978,0.1061326658322903,0.1279098873591989,0.0451372923410184,0.4543335624846444,0.6976744186046516,train,2
uric_acid,0.1,7.0,SWV,8,0.0077881252727294,0.0174737385513225,0.0816362980639038,-0.0050836327197603,0.0999999999999999,1.4,8.738193132857348e-06,0.0051844893239398,-0.0049241448623317,0.0816362980639038,0.3549436795994992,0.0981226533166457,0.0062693174342782,0.0788998712053804,1.0,train,1
dopamine,10.0,7.5,SWV,9,0.2458904773575236,0.9326442817960264,5.196534907976322,-0.5726093175670184,0.0999999999999999,1.4,-0.0001404269828291,0.3094365922688522,-0.3880737060924644,5.196534907976322,0.1762202753441801,0.0630788485607009,0.2605669561856109,5.153149373619547,0.894736842105265,train,0
aluminum,2.0,6.0,SWV,1,0.0816216041982288,0.2357992826925452,1.0625607686918168,-0.1197128607885779,0.0999999999999999,1.4,-4.7158206722247886e-05,0.0889059663638973,-0.0722598468224972,1.0625607686918168,-0.3196495619524405,0.1051314142678347,0.0869436445832253,1.0500442106505163,0.8749999999999986,train,5
uric_acid,0.2,6.0,SWV,2,0.0133104754455766,0.0340505131091853,0.1654749548998175,-0.0108337478253735,0.0999999999999999,1.4,-1.5912302208546362e-06,0.0077136831014918,-0.0096135409750842,0.1654749548998175,0.3987484355444304,0.0893617021276595,0.01138300421563,0.1622776979469976,0.7586206896551698,train,1
aluminum,1.0,8.0,SWV,3,0.0466243786696951,0.1293002137264145,0.589986783890083,-0.0564831505626234,0.0999999999999999,1.4,-6.31453254772286e-05,0.0385218854508803,-0.0501053476040839,0.589986783890083,-0.2951188986232791,0.1033792240300375,0.0468384728440081,0.5824856949360179,0.9666666666666662,train,5
glucose,1.0,8.0,SWV,2,0.0664095746505493,0.1402219977442979,0.5649011744783491,-0.0469022226699584,0.0999999999999999,1.4,-1.2611342188636035e-05,0.0313379808980932,-0.0352782998862592,0.5649011744783491,0.4583229036295367,0.157697121401752,0.0656234621650189,0.5539551868955032,0.8367346938775502,train,3
uric_acid,2.0,7.5,SWV,3,0.1079224009755004,0.3091022029613705,1.4687329708026056,-0.1229696756632779,0.0999999999999999,1.4,-0.0001379262763139,0.0829515069525934,-0.1227729880864423,1.4687329708026056,0.3216520650813516,0.0946182728410512,0.1069154590431515,1.4516823038267093,0.6874999999999982,train,1
glucose,1.0,6.5,SWV,0,0.0655887780235763,0.1375273670447508,0.5354912901656385,-0.0667799756234219,0.0999999999999999,1.4,4.759083682477506e-06,0.0446050807874236,-0.0491663212823591,0.5354912901656385,0.4846057571964955,0.1524405506883603,0.062216940164757,0.5231632047033542,0.6111111111111127,train,3
dopamine,5.0,6.5,SWV,1,0.1507207499962699,0.5900059488108026,3.0736154992834748,-0.2940487822007923,0.0999999999999999,1.4,-0.0001164142068311,0.1879048212800415,-0.2224600031070024,3.0736154992834748,0.232290362953692,0.0735919899874844,0.1811274153576523,3.0530538762245967,0.909090909090908,train,0
glucose,10.0,7.5,SWV,0,0.3871316698795352,0.8353018508691697,3.2836990809307958,-0.4143992735417483,0.0999999999999999,1.4,1.4772857672075373e-05,0.2721649296315565,-0.299745172028764,3.2836990809307958,0.4565707133917395,0.1594493116395494,0.3918584122930534,3.22434102126066,0.5964912280701732,train,3
ascorbic_acid,0.1,7.0,SWV,4,0.0108619865697854,0.0227653823384433,0.1012991403144381,-0.0078899479018838,0.0999999999999999,1.4,-2.0432103056750723e-06,0.0068156448396279,-0.0063111844841588,0.1012991403144381,0.0413016270337921,0.1261576971214016,0.0093223088794072,0.0981528868479019,0.5652173913043466,train,2
ascorbic_acid,0.1,8.0,SWV,7,0.0107982501378827,0.0235151819074764,0.0976453456458256,-0.0071510460558021,0.0999999999999999,1.4,-6.19874135652807e-06,0.0053957206185286,-0.0053144076533757,0.0976453456458256,0.0080100125156444,0.1209011264080099,0.0094593243789645,0.0949221205292206,0.7249999999999996,train,2
ascorbic_acid,2.0,6.5,SWV,3,0.1591315534041346,0.3957222425538426,1.6768543057538654,-0.1571087416092732,0.0999999999999999,1.4,-0.0001793574803208,0.1114298368321081,-0.1425941623113243,1.6768543057538654,0.0605757196495618,0.1244055068836045,0.1617546728097867,1.6515051050248233,0.5777777777777781,train,2
ascorbic_acid,2.0,8.0,SWV,9,0.1627720762559552,0.4062653063512973,1.6525745200733852,-0.1515223714771522,0.0999999999999999,1.4,-4.768864561603206e-05,0.1117564695523862,-0.0968222177920025,1.6525745200733852,0.0167709637046307,0.1261576971214018,0.1679667782958528,1.6283493628674213,0.9459459459459452,train,2
aluminum,0.1,7.0,SWV,1,0.0060494964995313,0.0138128667038653,0.0652076854920977,-0.0057524197883509,0.0999999999999999,1.4,-4.3230817798765883e-07,0.0050042625894616,-0.0042404231260063,0.0652076854920977,-0.3091364205256571,0.1016270337922402,0.0049358106764249,0.0632195001655031,0.8709677419354842,train,5
uric_acid,2.0,7.5,SWV,9,0.10710726445221,0.3094942274119792,1.4869202717890757,-0.1190527598364675,0.0999999999999999,1.4,-3.820079897732689e-05,0.0893256551029619,-0.0851798606738857,1.4869202717890757,0.3216520650813516,0.0911138923654568,0.1046910799883242,1.4726175586378611,0.6774193548387099,train,1
glucose,0.2,7.5,SWV,7,0.01558626047671,0.0296205572822448,0.1156810520536278,-0.009193811376597,0.0999999999999999,1.4,-9.006178350726684e-06,0.007230997010891,-0.0071967017980447,0.1156810520536278,0.4846057571964955,0.1541927409261578,0.0135576183159062,0.1115053817462163,0.9130434782608686,train,3
glucose,0.5,7.0,SWV,3,0.035779257327736,0.0720191265891755,0.2893795644840439,-0.0265060093352429,0.0999999999999999,1.4,-3.132535838276282e-05,0.0203399862622573,-0.0282657062689475,0.2893795644840439,0.481101376720901,0.143679599499374,0.0313818496383969,0.2816212313521647,0.8222222222222225,train,3
copper,10.0,6.0,SWV,7,0.203097082100208,0.9329768990560248,5.225692659553386,-0.9245343874098596,0.0999999999999999,1.4,-0.0003732916084272,0.3800207962887545,-0.2988007013865361,5.225692659553386,-0.0550688360450564,0.0630788485607009,0.2620701000838341,5.213944695479614,0.8947368421052587,train,4
dopamine,0.1,7.0,SWV,5,0.0060756596256412,0.0165513682451996,0.094922105801475,-0.0052519738508617,0.0999999999999999,1.4,3.801096588811585e-06,0.0068677425689355,-0.0045883957893324,0.094922105801475,0.2025031289111388,0.0665832290362954,0.0047848900217492,0.0927691002494759,0.9000000000000019,train,0
aluminum,2.0,8.0,SWV,2,0.0834183205337496,0.2395714248380202,1.0848260720800538,-0.0985065511412501,0.0999999999999999,1.4,-2.9662808866038217e-05,0.0623668621259027,-0.0724479340118944,1.0848260720800538,-0.3073842302878598,0.0963704630788485,0.0826479675349499,1.0730097585357494,0.7187500000000003,train,5
glucose,2.0,8.0,SWV,4,0.1230920208118799,0.2611624428862295,1.049485737108287,-0.1056446564346544,0.0999999999999999,1.4,-4.790187628249218e-05,0.0728093112573847,-0.0668750303424525,1.049485737108287,0.4530663329161452,0.1541927409261576,0.1197549218447623,1.0274675061328844,0.6923076923076951,train,3
dopamine,10.0,8.0,SWV,9,0.2488621958003595,0.9432101639120842,5.021565401606093,-0.427910766546038,0.0999999999999999,1.4,-0.0001391410574774,0.3875105045224485,-0.3430156618408413,5.021565401606093,0.1516896120150187,0.0718397997496871,0.2847218698524365,4.978613837917454,0.9523809523809518,train,0
dopamine,5.0,6.5,SWV,6,0.1541535905652662,0.5873247545428287,3.10623581605634,-0.3342738714815713,0.0999999999999999,1.4,3.504442882917708e-06,0.2063906940564144,-0.1908895289108406,3.10623581605634,0.2340425531914892,0.0735919899874844,0.1806162505176157,3.0874481465927115,1.0,train,0
copper,0.2,6.5,SWV,9,0.0089504902117587,0.0332935707318984,0.1856167456360744,-0.0288418043337749,0.0999999999999999,1.4,-2.839507636748472e-06,0.0136617217561974,-0.0110511618491121,0.1856167456360744,-0.0515644555694618,0.0613266583229036,0.0091726955284815,0.183203074209114,0.8421052631578959,train,4
uric_acid,0.5,7.5,SWV,1,0.0305201821664192,0.0861586312599358,0.4126376855528482,-0.0379063911427633,0.0999999999999999,1.4,-1.3745630184913984e-05,0.0229237881029447,-0.0225434499575727,0.4126376855528482,0.3181476846057571,0.092866082603254,0.0294719345263986,0.4073126916417808,0.6060606060606065,train,1
copper,0.1,7.5,SWV,3,0.0052919478154602,0.0169280461927397,0.0995356230704005,-0.0119575566118087,0.0999999999999999,1.4,-6.100935541065726e-06,0.0070666807804803,-0.0073560714034209,0.0995356230704005,-0.0392991239048811,0.057822277847309,0.0045236159529281,0.0975868112388254,0.9411764705882382,train,4
uric_acid,0.5,7.0,SWV,0,0.030617123521665,0.0853234711112127,0.3882096809865616,-0.0386645228800447,0.0999999999999999,1.4,1.9477194716329403e-06,0.0289765818862269,-0.0307761930081752,0.3882096809865616,0.3409261576971213,0.0981226533166457,0.0306471652032042,0.3824448569182608,0.5135135135135137,train,1
dopamine,5.0,7.5,SWV,1,0.1542853267128119,0.6073092138927549,3.380805574118405,-0.3610713196765046,0.0999999999999999,1.4,-0.0001230215814569,0.1795254364082541,-0.236215812725877,3.380805574118405,0.1762202753441801,0.0665832290362953,0.1755117702620112,3.362287498786931,0.8999999999999987,train,0
copper,1.0,8.0,SWV,8,0.0372944841477295,0.1580624591055573,0.9814578851377184,-0.1203208933396029,0.0999999999999999,1.4,5.729628050761885e-05,0.0620411733845967,-0.077216285985786,0.9814578851377184,-0.0357947434292866,0.0560700876095119,0.0414804442527282,0.9747450282327502,0.7777777777777755,train,4
glucose,0.1,7.5,SWV,0,0.0090725351327966,0.0147423384515299,0.0604249582720036,-0.0058000226687969,0.0999999999999999,1.4,2.7641665246935805e-06,0.0049618930319629,-0.0054720776138422,0.0604249582720036,0.4565707133917395,0.1594493116395494,0.0068948145060793,0.0569916120429457,0.5964912280701732,train,3
dopamine,2.0,6.0,SWV,4,0.0745205339885556,0.2812357175930765,1.5490846423079654,-0.1383196334002249,0.0999999999999999,1.4,-5.857641282950946e-05,0.0906071492241801,-0.11097064809984,1.5490846423079654,0.2568210262828535,0.064831038798498,0.0799734695517966,1.540919519807217,0.7619047619047643,train,0
dopamine,2.0,7.0,SWV,5,0.0761122784653161,0.2888677890434806,1.6242912030623682,-0.1176150926877435,0.0999999999999999,1.4,2.414296851142807e-05,0.1192541619807742,-0.0793557255533102,1.6242912030623682,0.2025031289111388,0.0665832290362954,0.0833497440097274,1.6144231146750512,0.9000000000000019,train,0
ascorbic_acid,0.5,7.5,SWV,3,0.0465620743615539,0.1123621695135398,0.4809215957160382,-0.0430917265359428,0.0999999999999999,1.4,-4.9722207440650936e-05,0.0286120681067002,-0.0411389039199,0.4809215957160382,0.0325406758448059,0.1226533166458072,0.0450611426708519,0.4719188076948449,1.0,train,2
glucose,2.0,6.5,SWV,2,0.1196414318993236,0.2569514570430492,0.9907540796785224,-0.0867041896565243,0.0999999999999999,1.4,-2.4402705978170225e-05,0.0696308246214131,-0.0587367201475775,0.9907540796785224,0.4951188986232789,0.1454317897371715,0.113336517392199,0.9728622709414568,0.8444444444444427,train,3
copper,10.0,6.0,SWV,8,0.2125110580277038,0.9231724805272976,5.113847736598278,-0.8333232673418965,0.0999999999999999,1.4,0.000300959864255,0.3414008696607047,-0.3553927688210982,5.113847736598278,-0.0568210262828535,0.0630788485607009,0.2581466390864426,5.082299812201051,0.8000000000000006,train,4
aluminum,0.5,7.0,SWV,9,0.0244996751129973,0.0664757986526072,0.3044062774734404,-0.0249914115272122,0.0999999999999999,1.4,-7.338498396227263e-06,0.0180298827472468,-0.0235217599202876,0.3044062774734404,-0.3091364205256571,0.1086357947434293,0.024870420263155,0.3001925910825747,0.8787878787878792,train,5
aluminum,1.0,6.0,SWV,1,0.0444806156083324,0.1266884669498396,0.5714634942464933,-0.0636819423213736,0.0999999999999999,1.4,-2.4186042753735084e-05,0.047798844016838,-0.0388444587470619,0.5714634942464933,-0.3196495619524405,0.1051314142678347,0.0467121361736817,0.5641326854910965,0.8749999999999986,train,5
aluminum,2.0,6.0,SWV,4,0.0833603302615806,0.2368815914747917,1.0599759962439943,-0.112099218141741,0.0999999999999999,1.4,-4.973326466065967e-05,0.0750442296685265,-0.0725314682732592,1.0599759962439943,-0.3126408010012516,0.1016270337922402,0.0853678795379036,1.0477465627365448,0.5263157894736845,train,5
dopamine,0.5,7.0,SWV,6,0.0225670565955591,0.0803747804642504,0.4521216560330893,-0.0318939100053414,0.0999999999999999,1.4,3.0894798713874004e-06,0.0334415244472645,-0.0230019992676981,0.4521216560330893,0.1989987484355443,0.0630788485607009,0.022474343378575,0.449068455719385,0.7142857142857139,train,0
aluminum,1.0,7.5,SWV,5,0.0458096748557978,0.128717016822997,0.5959076173395468,-0.0569749113074463,0.0999999999999999,1.4,1.6704436875031456e-05,0.04907361619108,-0.0339750299258187,0.5959076173395468,-0.3038798498122653,0.099874843554443,0.0455252622748192,0.5896473841472124,0.9655172413793108,train,5
glucose,2.0,6.0,SWV,0,0.1195238362134275,0.2547721179154028,0.9486157962409696,-0.1238805054841986,0.0999999999999999,1.4,7.012471574317333e-06,0.081774670424835,-0.0901160724916415,0.9486157962409696,0.5143929912390487,0.1612015018773467,0.1198050115502979,0.928000920654099,0.8775510204081642,train,3
aluminum,1.0,7.5,SWV,9,0.0460658646743662,0.1283831158011691,0.5897401895519359,-0.0499133314548805,0.0999999999999999,1.4,-1.6510818265065805e-05,0.0347603155743601,-0.0439342427160541,0.5897401895519359,-0.3091364205256571,0.1033792240300375,0.0463554843424287,0.5826024405514796,0.84375,train,5
dopamine,10.0,6.0,SWV,4,0.2361217218842558,0.9064524297813494,4.9884039825474265,-0.4491906889913502,0.0999999999999999,1.4,-0.0001942613508206,0.2918746986611236,-0.3575043714080719,4.9884039825474265,0.2568210262828535,0.064831038798498,0.2576850883541876,4.965035103263453,0.7619047619047643,train,0
dopamine,1.0,8.0,SWV,7,0.0413346094331846,0.1574830675697258,0.8293080353916713,-0.0873154314522748,0.0999999999999999,1.4,-5.710193562917201e-05,0.0603036620877714,-0.0411157465288693,0.8293080353916713,0.1446808510638297,0.071839799749687,0.0477452570617131,0.8242931472346695,0.6400000000000021,train,0
copper,2.0,7.5,SWV,7,0.0647733999362557,0.2944481483614128,1.7290060059751038,-0.302068388232659,0.0999999999999999,1.4,-0.0001209040877042,0.1191638707380282,-0.1192147629834905,1.7290060059751038,-0.0357947434292866,0.057822277847309,0.0786812485242597,1.723586034062088,0.8333333333333345,train,4
copper,0.1,8.0,SWV,8,0.0052457927009447,0.0170100648800968,0.1068339403131784,-0.0111930009298472,0.0999999999999999,1.4,8.503725324222265e-06,0.0066728011500025,-0.008306068524184,0.1068339403131784,-0.0357947434292866,0.0560700876095119,0.0044681208303198,0.104967306056392,0.7777777777777755,train,4
glucose,0.2,6.5,SWV,7,0.0154283892569493,0.0293270026402127,0.1157364235200691,-0.0090074639824284,0.0999999999999999,1.4,-8.73608516121802e-06,0.0070908405453634,-0.0073997066651663,0.1157364235200691,0.4846057571964955,0.1524405506883603,0.0132801158197687,0.1114836822305666,0.6111111111111127,train,3
dopamine,0.2,6.5,SWV,2,0.0100655254368006,0.0322033629010882,0.1767539529711629,-0.0157909867068514,0.0999999999999999,1.4,-1.9593606755545868e-06,0.0103583193748247,-0.0087053280022036,0.1767539529711629,0.2270337922403003,0.0700876095118898,0.0095937859577798,0.1736315323344075,0.6666666666666675,train,0
copper,1.0,7.5,SWV,2,0.0363614746131664,0.1578934432149684,0.9174773927098367,-0.130324382698223,0.0999999999999999,1.4,-2.1282610167235525e-05,0.0640135394435357,-0.0581129725501231,0.9174773927098367,-0.0375469336670839,0.0613266583229036,0.0436582740104185,0.9120943621861192,0.9444444444444472,train,4
copper,0.2,6.5,SWV,0,0.0088383365241099,0.0332094489337827,0.1886610326773278,-0.0291698351186726,0.0999999999999999,1.4,1.3494785042999017e-06,0.013936203372578,-0.0139143496923141,0.1886610326773278,-0.0533166458072591,0.0630788485607009,0.0092875111109062,0.186296377948207,0.7142857142857139,train,4
ascorbic_acid,10.0,8.0,SWV,2,0.5132901786095324,1.3098513617497407,5.374173657134336,-0.4627014603558301,0.0999999999999999,1.4,-0.0001428387157175,0.3660767368226985,-0.2916156072895753,5.374173657134336,0.0097622027534417,0.1244055068836045,0.535132704545197,5.303198197300458,0.7750000000000004,train,2
uric_acid,10.0,8.0,SWV,4,0.3433271323409783,1.00408320816956,4.61789048767203,-0.4247815841806832,0.0999999999999999,1.4,-0.0001933782739477,0.255751078027575,-0.274063045191558,4.61789048767203,0.3058823529411764,0.0963704630788485,0.355171113213024,4.566834661291683,0.8965517241379318,train,1
uric_acid,2.0,7.5,SWV,7,0.1036659733596187,0.3063183336155713,1.4328798479743343,-0.1119468913100597,0.0999999999999999,1.4,-0.0001136019633625,0.0809697075462372,-0.0742717853501888,1.4328798479743343,0.3216520650813516,0.0981226533166458,0.1086324999935214,1.4206747553501884,0.749999999999999,train,1
uric_acid,10.0,7.5,SWV,1,0.3336969530290164,0.997466435419129,4.754081247776351,-0.4567261434376408,0.0999999999999999,1.4,-0.0001850264764147,0.2646879787810532,-0.259989789875266,4.754081247776351,0.3181476846057571,0.092866082603254,0.3412006395260432,4.712894670810451,0.6060606060606065,train,1
copper,2.0,6.0,SWV,5,0.0666844130253541,0.2880776630602594,1.652444039512673,-0.275272062761424,0.0999999999999999,1.4,2.253988439882254e-05,0.1077289969699036,-0.0890709624124177,1.652444039512673,-0.0585732165206508,0.0613266583229036,0.0795710682856685,1.6452126366551538,0.75,train,4
glucose,10.0,7.0,SWV,4,0.387111510719518,0.8313399315740088,3.2433214281499536,-0.3294968884079469,0.0999999999999999,1.4,-0.0001569369920909,0.2199617413399041,-0.2126788070050642,3.2433214281499536,0.4846057571964955,0.148936170212766,0.3709584767478596,3.1785740490555487,0.7708333333333356,train,3
ascorbic_acid,5.0,6.0,SWV,9,0.3221898779533845,0.8079768600638626,3.4396514848852955,-0.3118899246637691,0.0999999999999999,1.4,-9.91432174622764e-05,0.2501065616955199,-0.2237743560182767,3.4396514848852955,0.1008760951188986,0.1191489361702127,0.3209965127696788,3.392376902593176,0.8378378378378359,train,2
glucose,5.0,6.0,SWV,3,0.2485802592652804,0.5293184383426731,1.9685514785448164,-0.2051467469625844,0.0999999999999999,1.4,-0.00023846658469,0.1365160994981486,-0.2010974966279908,1.9685514785448164,0.481101376720901,0.164705882352941,0.2530722522217445,1.9275604971509703,0.4029850746268653,train,3
aluminum,1.0,7.0,SWV,9,0.045887926775947,0.1279029654040514,0.5845607228636345,-0.0497128093021823,0.0999999999999999,1.4,-1.6435666284323478e-05,0.0346262810732541,-0.0452485707197484,0.5845607228636345,-0.3091364205256571,0.1086357947434293,0.0478583592737843,0.5777072369121283,0.8787878787878792,train,5
aluminum,0.5,7.0,SWV,5,0.0243667851150346,0.0666308618710469,0.3040710269184668,-0.0290792302447571,0.0999999999999999,1.4,9.890817009675276e-06,0.0254274821558148,-0.0175615123508319,0.3040710269184668,-0.3038798498122653,0.1086357947434292,0.0249756500338068,0.2999309575460707,0.7714285714285712,train,5
aluminum,5.0,6.0,SWV,4,0.1711749709077504,0.4905488930574976,2.193679199039944,-0.2340925762523505,0.0999999999999999,1.4,-0.0001056517566825,0.1553506207827871,-0.1501365180265139,2.193679199039944,-0.3126408010012516,0.1016270337922402,0.1767753799460627,2.1696217455257862,0.5263157894736845,train,5
dopamine,1.0,6.5,SWV,5,0.04121699303166,0.1524500568036843,0.8087055735819604,-0.0880769523833121,0.0999999999999999,1.4,1.267051449887363e-05,0.0549302884705124,-0.0574660262824914,0.8087055735819604,0.2287859824780975,0.0718397997496871,0.0461277425166067,0.8007743449326183,0.7826086956521764,train,0
uric_acid,0.5,8.0,SWV,6,0.031322247137851,0.0862417602136752,0.4135561699868367,-0.0293407755781964,0.0999999999999999,1.4,4.924557148154205e-06,0.0231262000242768,-0.0241595120190023,0.4135561699868367,0.3111389236545681,0.0981226533166458,0.0309003237222186,0.4080073445163906,0.6969696969696987,train,1
ascorbic_acid,0.5,6.0,SWV,8,0.0448200268660691,0.1094102438600557,0.451842969177503,-0.0400200792127247,0.0999999999999999,1.4,4.32895393588089e-05,0.031214391004636,-0.0300037824788675,0.451842969177503,0.1026282853566957,0.1279098873591989,0.045272345182495,0.443875889605158,0.7804878048780504,train,2
copper,1.0,6.5,SWV,4,0.0367869144778436,0.1557519957589312,0.8790226155568923,-0.1407510019400144,0.0999999999999999,1.4,-3.293081401596223e-05,0.0574779431771237,-0.0593997306360147,0.8790226155568923,-0.0533166458072591,0.0613266583229036,0.0428763207635583,0.8734000735109411,0.75,train,4
dopamine,5.0,7.5,SWV,0,0.156716582005097,0.6060656735497401,3.416854172214402,-0.3359392466517283,0.0999999999999999,1.4,-1.472675328865282e-05,0.2175972842558027,-0.2780022099517366,3.416854172214402,0.1762202753441801,0.0613266583229036,0.1661407466231486,3.3939641396954965,0.9444444444444472,train,0
uric_acid,0.2,7.5,SWV,8,0.0137888625630797,0.0352219419689592,0.1713431384853946,-0.0114048437832292,0.0999999999999999,1.4,1.5038142169682498e-05,0.0103956975802431,-0.0116490335660247,0.1713431384853946,0.3251564455569461,0.0911138923654568,0.0119181006763235,0.1678196021073065,0.7931034482758638,train,1
ascorbic_acid,1.0,8.0,SWV,8,0.0880364908374818,0.2183076246558052,0.9013366628684064,-0.0792698430289844,0.0999999999999999,1.4,8.066971645240846e-05,0.0610598148758985,-0.0719860033715646,0.9013366628684064,0.0080100125156444,0.1209011264080099,0.0878153616728007,0.8868743087334644,0.6829268292682918,train,2
uric_acid,2.0,7.0,SWV,5,0.1056253233759319,0.3038092511270304,1.411611718737643,-0.1100681418193624,0.0999999999999999,1.4,3.2350012075730613e-05,0.103479316315368,-0.0888713829161572,1.411611718737643,0.3409261576971213,0.0998748435544429,0.1103696308808385,1.3946111739616998,0.5405405405405411,train,1
aluminum,2.0,6.0,SWV,8,0.0833197840122286,0.2364088404933393,1.093539456599188,-0.1056139791629391,0.0999999999999999,1.4,9.430540141014523e-05,0.0771901525631537,-0.0720365677104656,1.093539456599188,-0.3196495619524405,0.1016270337922403,0.0851645754213026,1.0808270467427872,0.8709677419354833,train,5
ascorbic_acid,1.0,6.0,SWV,7,0.082453757308025,0.2093005859400044,0.8660863240411133,-0.074265875087001,0.0999999999999999,1.4,-7.667941084618337e-05,0.0599271328319057,-0.0501307582324497,0.8660863240411133,0.1061326658322903,0.1261576971214016,0.086068611356708,0.8539921653089764,0.6744186046511629,train,2
aluminum,2.0,7.5,SWV,6,0.0842480218148239,0.2408281275944054,1.132818126930386,-0.1001077491033928,0.0999999999999999,1.4,1.0345031012380344e-05,0.0781448099210541,-0.0798436851116625,1.132818126930386,-0.3021276595744681,0.0981226533166457,0.0843466611992944,1.123654561198318,0.9310344827586208,train,5
uric_acid,0.2,7.0,SWV,5,0.0136538397626053,0.0345279849257029,0.1623126372709893,-0.0106845837938451,0.0999999999999999,1.4,5.9608512750633525e-06,0.0118653618073233,-0.0101660435039986,0.1623126372709893,0.3409261576971213,0.0998748435544429,0.0125573363203817,0.1588189569669274,0.5405405405405411,train,1
aluminum,2.0,7.0,SWV,6,0.0839179335940915,0.2397792610359022,1.106226677773068,-0.0939230250011316,0.0999999999999999,1.4,1.0318343249465928e-05,0.077839767316905,-0.0777531666886392,1.106226677773068,-0.3021276595744681,0.1033792240300375,0.0874205086534506,1.0974675903492246,0.6857142857142854,train,5
aluminum,10.0,6.0,SWV,3,0.268406538545734,0.7626335993452928,3.416019093357349,-0.3423747190104466,0.0999999999999999,1.4,-0.0003815410948592,0.2091270524472879,-0.2936773411699699,3.416019093357349,-0.3196495619524405,0.106883604505632,0.285095919569964,3.376540686589462,0.8484848484848475,train,5
aluminum,2.0,6.5,SWV,5,0.0834353314567398,0.2376554530566407,1.0794206907917598,-0.1059296837399332,0.0999999999999999,1.4,2.8666863934212323e-05,0.0905705806937143,-0.0632714547961263,1.0794206907917598,-0.3178973717146433,0.1051314142678347,0.0876654290399156,1.0681107645261687,0.9999999999999988,train,5
ascorbic_acid,0.5,7.0,SWV,6,0.0456705105128833,0.110928029084651,0.4777543600567169,-0.0385983280269775,0.0999999999999999,1.4,7.293860733113833e-06,0.0319177058977411,-0.0320846342923301,0.4777543600567169,0.0395494367959949,0.1226533166458072,0.0447091653524448,0.4700260017400263,0.5217391304347843,train,2
dopamine,1.0,6.5,SWV,4,0.041354331687294,0.1521495086865847,0.8103818735121929,-0.0903720530289565,0.0999999999999999,1.4,-2.974361256038732e-05,0.0537663318433985,-0.0623866330044885,0.8103818735121929,0.2305381727158948,0.0718397997496871,0.0459851103493126,0.8026658742211759,0.8636363636363674,train,0
uric_acid,2.0,8.0,SWV,7,0.104655807930402,0.3087794105144071,1.424092677662982,-0.1109642071476644,0.0999999999999999,1.4,-0.000112247983817,0.080064797712757,-0.0718163528758401,1.424092677662982,0.3041301627033791,0.0963704630788485,0.1096987913293487,1.4111827720534735,0.964285714285716,train,1
aluminum,0.1,6.0,SWV,7,0.0059563089739889,0.0136635935170198,0.0629235120424553,-0.0049071078197122,0.0999999999999999,1.4,-3.2926193091789405e-06,0.0037888092279444,-0.0035885696534251,0.0629235120424553,-0.316145181476846,0.106883604505632,0.0051105090365053,0.0611756897644229,0.7941176470588229,train,5
uric_acid,1.0,7.5,SWV,5,0.0580578533431056,0.1645329439485316,0.7841740863422181,-0.0591651597901715,0.0999999999999999,1.4,1.90369558943176e-05,0.0565379927206291,-0.0482892236613859,0.7841740863422181,0.3321652065081351,0.092866082603254,0.0563905522615913,0.7739502870322746,0.8928571428571437,train,1
aluminum,10.0,8.0,SWV,8,0.2696201181343388,0.7746929932832095,3.5636308634610927,-0.3335647482614809,0.0999999999999999,1.4,0.0003057457549512,0.2980061800264229,-0.2368542569623912,3.5636308634610927,-0.3038798498122653,0.1033792240300375,0.2807858282746975,3.526031372767978,0.7352941176470591,train,5
uric_acid,2.0,8.0,SWV,8,0.1077440990205619,0.3123536887154395,1.4218850438178487,-0.115975482542652,0.0999999999999999,1.4,0.0001089428107684,0.0900042858046967,-0.1013803758880228,1.4218850438178487,0.3128911138923653,0.1016270337922403,0.1142717276593389,1.405601933907302,0.6571428571428582,train,1
dopamine,0.1,8.0,SWV,0,0.0061579578960107,0.0169788769758676,0.0911781302671948,-0.0081032331888617,0.0999999999999999,1.4,1.986873630117464e-06,0.0060971408421023,-0.0065152388086812,0.0911781302671948,0.1534418022528159,0.0718397997496871,0.0051345569116678,0.0888634713143522,0.8636363636363674,train,0
ascorbic_acid,1.0,7.0,SWV,8,0.0863438350036197,0.2148252269737766,0.9191976873209976,-0.0806469353779619,0.0999999999999999,1.4,8.383072656837381e-05,0.06182921090034,-0.0634319083084138,0.9191976873209976,0.0640801001251564,0.1244055068836045,0.0870602050855481,0.9055408092051668,0.918918918918918,train,2
aluminum,0.5,7.0,SWV,1,0.0239435423144164,0.0664096111165708,0.308830032519572,-0.0329258131773034,0.0999999999999999,1.4,-1.156135115815996e-05,0.0238073008017147,-0.020233484692426,0.308830032519572,-0.3091364205256571,0.1016270337922402,0.0237634406308262,0.3044279162632919,0.8709677419354842,train,5
copper,2.0,7.0,SWV,6,0.067508547472413,0.2911175987512437,1.6717255707429988,-0.2826637874205083,0.0999999999999999,1.4,3.260990091887069e-06,0.1231704621508894,-0.1210020337478204,1.6717255707429988,-0.0428035043804756,0.0595744680851063,0.0788918698842639,1.664023280935218,0.8888888888888908,train,4
ascorbic_acid,5.0,8.0,SWV,9,0.3352417029022546,0.8414508028639854,3.4209207953366496,-0.3161157872800203,0.0999999999999999,1.4,-0.0001014428676812,0.2314530584064654,-0.2004884760675512,3.4209207953366496,0.0167709637046307,0.1261576971214018,0.3479337228325823,3.3729501496678416,0.9459459459459452,train,2
aluminum,0.5,6.0,SWV,7,0.0234980803241446,0.0657136110028999,0.2979286578914225,-0.0264086454051037,0.0999999999999999,1.4,-2.5106682107808635e-05,0.0180907013214054,-0.0172218369753528,0.2979286578914225,-0.316145181476846,0.1051314142678347,0.024329428017907,0.2943249221826068,0.7647058823529402,train,5
aluminum,2.0,8.0,SWV,4,0.0846822323065999,0.2405324678904213,1.1066311072362502,-0.1146662090548884,0.0999999999999999,1.4,-5.087032217570104e-05,0.0781172321791693,-0.0667958387572703,1.1066311072362502,-0.3056320400500626,0.1033792240300375,0.0871859616722811,1.0959314098473327,0.6857142857142854,train,5
uric_acid,10.0,6.0,SWV,7,0.3212571104453847,0.966515639372762,4.57727235025073,-0.3558708326736153,0.0999999999999999,1.4,-0.0003614583829668,0.2160836198480138,-0.2316293282981321,4.57727235025073,0.4005006257822278,0.0911138923654568,0.327819685242441,4.541809615308559,0.8571428571428598,train,1
uric_acid,0.2,8.0,SWV,4,0.0139013544694139,0.0354211102891087,0.1649383209953614,-0.0129167211467564,0.0999999999999999,1.4,-4.461923812003655e-06,0.0091073058238735,-0.0097265521167635,0.1649383209953614,0.3058823529411764,0.0963704630788485,0.0125507997281175,0.1615169008372683,0.8965517241379318,train,1
aluminum,0.1,7.5,SWV,5,0.0061577918447096,0.0139229149380753,0.0655251185640671,-0.0053871862759354,0.0999999999999999,1.4,4.102298861499023e-06,0.0053447721355864,-0.0037004745898534,0.0655251185640671,-0.3038798498122653,0.099874843554443,0.0049134872130702,0.0636162079806667,0.9655172413793108,train,5
ascorbic_acid,0.2,7.5,SWV,7,0.0194605160265952,0.0460667544278442,0.2014458035969628,-0.015537345525236,0.0999999999999999,1.4,-1.5169627556240462e-05,0.0111077969961749,-0.0104362554071803,0.2014458035969628,0.0325406758448059,0.1244055068836045,0.0186876794587041,0.1975776793102545,0.918918918918918,train,2
uric_acid,0.2,7.0,SWV,1,0.013456218970049,0.0348615417487665,0.1647863130641191,-0.0141868829567272,0.0999999999999999,1.4,-4.055608471412206e-06,0.0111830695365152,-0.0098687486220736,0.1647863130641191,0.3409261576971213,0.0963704630788484,0.0124121574752492,0.1614194311019536,0.4864864864864863,train,1
ascorbic_acid,0.2,7.5,SWV,4,0.0199610785007992,0.0456815225224578,0.2011349221298109,-0.0178463438659484,0.0999999999999999,1.4,-6.557633102034742e-06,0.0147965938123458,-0.0118541638197947,0.2011349221298109,0.0413016270337921,0.1244055068836045,0.0185129434574093,0.1965993024203578,0.8205128205128215,train,2
ascorbic_acid,0.5,8.0,SWV,7,0.0454275385455669,0.1135765316202906,0.4649557351717442,-0.0382734688845062,0.0999999999999999,1.4,-3.909816216586797e-05,0.0258716719243493,-0.025627591922798,0.4649557351717442,0.0080100125156444,0.1209011264080099,0.0456711491482377,0.4581993650580458,0.7249999999999996,train,2
dopamine,10.0,6.5,SWV,0,0.2369512600732388,0.9095102332684142,4.847610531203413,-0.4950211936117826,0.0999999999999999,1.4,-2.675481278006292e-05,0.3200430583766357,-0.3482626130389737,4.847610531203413,0.2287859824780975,0.0683354192740925,0.2662987921869312,4.812977802194815,0.7727272727272753,train,0
copper,2.0,7.5,SWV,4,0.0679550661455643,0.2935700551913035,1.7499613560488982,-0.2635954346846073,0.0999999999999999,1.4,-6.616468321078974e-05,0.1144991479696441,-0.1286123282492315,1.7499613560488982,-0.0375469336670839,0.057822277847309,0.0783208863344182,1.7404455356291202,0.9411764705882382,train,4
uric_acid,0.5,6.5,SWV,7,0.0297024707821368,0.0840163037753402,0.390880011077372,-0.0293264044869884,0.0999999999999999,1.4,-2.916222886736037e-05,0.018788827040969,-0.0225115345258898,0.390880011077372,0.3847309136420525,0.0963704630788485,0.0297205480285005,0.3860320326598986,0.7187499999999987,train,1
uric_acid,1.0,7.0,SWV,0,0.0573002869362454,0.1644934815385142,0.7464857876558886,-0.0764527651596258,0.0999999999999999,1.4,1.4077089996036158e-06,0.0557835541106187,-0.0592116005574923,0.7464857876558886,0.3409261576971213,0.0981226533166457,0.059057287924004,0.7368897712437121,0.5135135135135137,train,1
uric_acid,10.0,6.5,SWV,0,0.3317967372605159,0.9769969753937428,4.549762643714649,-0.4779161149307236,0.0999999999999999,1.4,-3.852638911821145e-06,0.3237006902070183,-0.3528495590267279,4.549762643714649,0.3864831038798497,0.0963704630788485,0.3452490189705597,4.503350236178719,0.6666666666666647,train,1
dopamine,1.0,6.0,SWV,3,0.0413666151355459,0.1511729138652101,0.8449668267898632,-0.0720184100556687,0.0999999999999999,1.4,-6.832858288365905e-05,0.0664685901483719,-0.0568281846364039,0.8449668267898632,0.2620775969962452,0.0630788485607009,0.0421581630129212,0.8376823625818283,0.894736842105265,train,0
glucose,0.2,6.5,SWV,3,0.0158662015638795,0.0292213931415766,0.1169841525974996,-0.0098694056042657,0.0999999999999999,1.4,-1.1238062060347538e-05,0.0080230531161071,-0.0115178623001783,0.1169841525974996,0.481101376720901,0.1454317897371715,0.0128346474131948,0.1124955495150774,0.5370370370370363,train,3
uric_acid,10.0,6.5,SWV,4,0.3342689307970983,0.9759459563831406,4.608660519474816,-0.4190729940972184,0.0999999999999999,1.4,-0.0001904116662004,0.2514801220548868,-0.2669822605336527,4.608660519474816,0.3847309136420525,0.0963704630788485,0.3449239397247574,4.565222280607003,0.7741935483870961,train,1
uric_acid,0.2,8.0,SWV,6,0.0138877850306001,0.0352140678575689,0.1701301887357329,-0.0110903444721262,0.0999999999999999,1.4,3.517182390698879e-06,0.0094906864848393,-0.0099222001741415,0.1701301887357329,0.3111389236545681,0.0981226533166458,0.0126221006902088,0.166784209243531,0.6969696969696987,train,1
aluminum,0.5,6.5,SWV,6,0.024317651463548,0.0666623064481655,0.298805168859189,-0.0254488483814595,0.0999999999999999,1.4,4.7130616053119285e-06,0.021671834522637,-0.0211719906901248,0.298805168859189,-0.3021276595744681,0.1103879849812264,0.0254739952347927,0.2957258088719451,0.5749999999999994,train,5
ascorbic_acid,1.0,7.5,SWV,0,0.0866476671537537,0.2161901240849316,0.9425975352588722,-0.1040207509809976,0.0999999999999999,1.4,3.6007503088216627e-06,0.07094079030134,-0.0781896822710614,0.9425975352588722,0.0325406758448059,0.1226533166458072,0.0868769712427822,0.9302352147779884,0.9444444444444438,train,2
aluminum,5.0,6.5,SWV,7,0.1662005948082555,0.4895161436473488,2.2468102337992777,-0.2009506707631501,0.0999999999999999,1.4,-0.000204037724097,0.1364723878927215,-0.1287129698794806,2.2468102337992777,-0.316145181476846,0.1051314142678347,0.1803429451783678,2.228884939960637,0.8750000000000003,train,5
aluminum,0.5,7.5,SWV,7,0.0237589234628914,0.0666007614427799,0.3037707290108364,-0.0263606552621538,0.0999999999999999,1.4,-2.563241351265318e-05,0.0180309782982064,-0.0175041610815477,0.3037707290108364,-0.316145181476846,0.1033792240300375,0.024076331505513,0.3000713660774919,0.6388888888888894,train,5
ascorbic_acid,10.0,6.0,SWV,3,0.5036040072438891,1.2625856779223872,5.274300459405277,-0.5044548533654751,0.0999999999999999,1.4,-0.0005740085739882,0.3696800293759361,-0.4506561036161497,5.274300459405277,0.104380475594493,0.1173967459324154,0.4963700162342851,5.199441063543523,0.7631578947368423,train,2
dopamine,1.0,7.5,SWV,5,0.0422071184720026,0.1568439272635553,0.8863046028972977,-0.0861074479382943,0.0999999999999999,1.4,1.4306301760388333e-05,0.0581300305076207,-0.0696683256773673,0.8863046028972977,0.1744680851063829,0.0630788485607009,0.0437821602808415,0.8791279329152305,0.8000000000000006,train,0
ascorbic_acid,5.0,6.0,SWV,1,0.3159689870053091,0.8122012312782895,3.4131473313797707,-0.369166015571079,0.0999999999999999,1.4,-0.0001463799684483,0.2124271756918279,-0.1785720768652122,3.4131473313797707,0.1061326658322903,0.1244055068836045,0.3308693037883159,3.372830787216356,0.7317073170731705,train,2
copper,0.1,7.5,SWV,0,0.0051835763002621,0.0169979078547736,0.1009744514181416,-0.0137283439847871,0.0999999999999999,1.4,1.9929038183683485e-06,0.0082598523462421,-0.0081109563128976,0.1009744514181416,-0.0392991239048811,0.057822277847309,0.0045329212920339,0.0990997712764146,0.9411764705882382,train,4
copper,5.0,7.0,SWV,4,0.138578224049358,0.6039632831560573,3.4507206545515525,-0.5553376391342317,0.0999999999999999,1.4,-0.0001364834653813,0.2346213337720858,-0.2486439463064418,3.4507206545515525,-0.0375469336670839,0.0595744680851064,0.1634589117191849,3.431342059398569,0.7000000000000025,train,4
uric_acid,2.0,7.5,SWV,8,0.1068062351357336,0.3098265819696048,1.4904376794244345,-0.1170503199192728,0.0999999999999999,1.4,0.0001113110960568,0.0905951335024662,-0.1015274671022915,1.4904376794244345,0.3251564455569461,0.0911138923654568,0.1047615277150525,1.47364361720684,0.7931034482758638,train,1
ascorbic_acid,10.0,6.5,SWV,7,0.4905974011863033,1.2700844856015845,5.38001340432527,-0.4614326987071765,0.0999999999999999,1.4,-0.0004793483136247,0.365021374240515,-0.3116119687238743,5.38001340432527,0.0570713391739674,0.1209011264080099,0.5112871365297629,5.324967356687632,0.5000000000000013,train,2
copper,5.0,7.5,SWV,5,0.1386486228397201,0.6075738745181664,3.675781853902172,-0.5088152086234676,0.0999999999999999,1.4,5.036219966667555e-05,0.2403141285221783,-0.2128712975451082,3.675781853902172,-0.0392991239048811,0.0595744680851063,0.1652209154558061,3.65360901606805,0.8888888888888908,train,4
copper,10.0,7.0,SWV,7,0.2049144763092995,0.9424825895638208,5.2738950352039975,-1.0164405471550757,0.0999999999999999,1.4,-0.0003835575647002,0.3634120224114774,-0.3576003252646565,5.2738950352039975,-0.0375469336670839,0.0613266583229036,0.2598531049734282,5.261578154432058,0.6666666666666707,train,4
copper,0.2,8.0,SWV,7,0.0086676459934327,0.0339163449567403,0.2041863409085758,-0.030188200062344,0.0999999999999999,1.4,-1.1762758317121275e-05,0.013448800639177,-0.0143607833625668,0.2041863409085758,-0.0357947434292866,0.0578222778473092,0.0090986061875555,0.2023781211944984,0.8333333333333316,train,4
copper,5.0,6.5,SWV,6,0.1376598819025729,0.5995949379573711,3.335764643677925,-0.5827598316307405,0.0999999999999999,1.4,2.6361710360052125e-06,0.232452057728405,-0.2373839897150568,3.335764643677925,-0.0498122653316646,0.0648310387984981,0.1708207111059731,3.318385050162543,0.9473684210526342,train,4
copper,5.0,6.5,SWV,7,0.1317151046425877,0.6025233760519006,3.344231438122494,-0.646251724495932,0.0999999999999999,1.4,-0.0002403591675196,0.2234728726895874,-0.2107892025865715,3.344231438122494,-0.0550688360450564,0.0613266583229036,0.1661463302614354,3.3332145205479047,0.6666666666666656,train,4
aluminum,5.0,7.5,SWV,4,0.1732286392227366,0.4961457278541832,2.290733672759207,-0.2384230609767788,0.0999999999999999,1.4,-0.0001075559106455,0.163763493398426,-0.1377295062184372,2.290733672759207,-0.3126408010012516,0.1016270337922402,0.1772283550374873,2.2691769640126083,0.7058823529411764,train,5
glucose,0.2,7.0,SWV,9,0.0158649996132079,0.0292839308777957,0.1185067625644649,-0.0089957511123508,0.0999999999999999,1.4,-1.0548613669761558e-06,0.0080663611793824,-0.0071462258496507,0.1185067625644649,0.4705882352941176,0.1489361702127658,0.0130360947542486,0.1140439688592966,0.5740740740740751,train,3
glucose,10.0,7.0,SWV,2,0.3828903571416917,0.8330544512623547,3.2024314235260345,-0.2867150006255284,0.0999999999999999,1.4,-8.610912846400494e-05,0.2163708759474585,-0.1920853599550778,3.2024314235260345,0.4688360450563203,0.1524405506883603,0.3782792954762787,3.1483351871820977,0.6111111111111127,train,3
uric_acid,0.5,7.0,SWV,2,0.0304340581131541,0.0849014706112334,0.3980889082380403,-0.0294123522535264,0.0999999999999999,1.4,-7.628197715771937e-06,0.0200313644039811,-0.0200562326917161,0.3980889082380403,0.3444305381727158,0.1033792240300375,0.0315632813321607,0.3924649561526049,0.6388888888888908,train,1
glucose,0.2,7.0,SWV,3,0.0159500169412082,0.0293919069229277,0.1195920510180341,-0.0100080504019786,0.0999999999999999,1.4,-1.1456055982202074e-05,0.0083921070901265,-0.0117005651906797,0.1195920510180341,0.481101376720901,0.143679599499374,0.0128110541666995,0.1150924035852913,0.8222222222222225,train,3
copper,0.2,8.0,SWV,4,0.0090366114646676,0.0338287639038856,0.2041733039407937,-0.0263501032511038,0.0999999999999999,1.4,-5.414842211101699e-06,0.0124167620938474,-0.0153470994069122,0.2041733039407937,-0.0375469336670839,0.0560700876095119,0.0088836289131155,0.2018843691353593,0.7777777777777755,train,4
ascorbic_acid,10.0,8.0,SWV,6,0.5189156654188182,1.3043993299104917,5.309575473712097,-0.4564080378399821,0.0999999999999999,1.4,5.13925309174268e-05,0.3634410648973553,-0.390134417811925,5.309575473712097,0.0150187734668334,0.1261576971214018,0.5384573621245445,5.236852885184299,0.9459459459459452,train,2
dopamine,5.0,6.0,SWV,1,0.148637760262234,0.5828809886973262,3.2184598224296144,-0.2938587559023421,0.0999999999999999,1.4,-0.0001183716331197,0.2249185742443282,-0.2109977730629326,3.2184598224296144,0.2620775969962452,0.064831038798498,0.1655933941581805,3.203942597023969,0.9473684210526307,train,0
dopamine,0.1,6.5,SWV,9,0.0060506548724133,0.0161988091317022,0.0878241637320087,-0.0092155749661733,0.0999999999999999,1.4,5.8583141703190703e-08,0.0061603398152479,-0.0053808256712964,0.0878241637320087,0.2340425531914892,0.0718397997496871,0.0048978445067582,0.0853876552704794,0.9523809523809518,train,0
dopamine,0.2,8.0,SWV,1,0.0103186453701806,0.0336949748318834,0.1784147593797086,-0.0162522396008337,0.0999999999999999,1.4,-4.31357935771154e-06,0.0109042669225354,-0.0103355521178032,0.1784147593797086,0.1464330413016269,0.0753441802252815,0.0104906446483188,0.175907961968515,0.7916666666666665,train,0
uric_acid,0.5,6.5,SWV,6,0.0305386457939349,0.0842231819289096,0.401890202404714,-0.0288943758167442,0.0999999999999999,1.4,5.0167859548317724e-06,0.0315031888177515,-0.0235441890398243,0.401890202404714,0.3812265331664579,0.0946182728410512,0.0294822108205455,0.3966602122722066,0.8620689655172418,train,1
glucose,10.0,7.0,SWV,1,0.3811601140858479,0.8299765531361488,3.25347039768618,-0.3113129172703405,0.0999999999999999,1.4,-0.0001481229577992,0.218584389494265,-0.1840774001028705,3.25347039768618,0.4688360450563203,0.1471839799749688,0.367140704711895,3.19489283229099,0.6470588235294124,train,3
uric_acid,0.1,7.5,SWV,6,0.0078377741225215,0.0175240244126284,0.0862428909795155,-0.0049093561449969,0.0999999999999999,1.4,3.074369482365976e-06,0.006612698679546,-0.0046345040780789,0.0862428909795155,0.3198998748435543,0.092866082603254,0.0060171791128541,0.0836760387547709,0.6562499999999979,train,1
glucose,5.0,8.0,SWV,7,0.2466042157592251,0.5431357660016858,2.058257337971217,-0.1952716266994691,0.0999999999999999,1.4,-0.0002053367833817,0.1300725657527002,-0.1278654628634963,2.058257337971217,0.4530663329161452,0.1682102628285356,0.2640091707531134,2.0213493976323256,0.7142857142857161,train,3
ascorbic_acid,0.2,7.5,SWV,0,0.0198374660170867,0.0460180088640355,0.2020483260726298,-0.0211493458488616,0.0999999999999999,1.4,2.7705300781143486e-06,0.015164920371988,-0.0167203984368935,0.2020483260726298,0.0325406758448059,0.1226533166458072,0.0184800186729157,0.1979343044365349,0.9444444444444438,train,2
uric_acid,0.2,6.5,SWV,8,0.0135750279577044,0.034375757335453,0.1627940080937628,-0.0111203766256998,0.0999999999999999,1.4,1.470897533843856e-05,0.0101661267097594,-0.0100633866918955,0.1627940080937628,0.3812265331664579,0.0946182728410512,0.0120221487845088,0.1593339634397163,0.7999999999999996,train,1
dopamine,0.1,7.0,SWV,6,0.0060851821448626,0.0165258864778305,0.0945390519192456,-0.0052919183861433,0.0999999999999999,1.4,2.653774147018596e-06,0.0069060926156312,-0.0047727122273658,0.0945390519192456,0.1989987484355443,0.0630788485607009,0.0046184375017188,0.0924117433323856,0.7142857142857139,train,0
aluminum,0.2,6.0,SWV,6,0.010745918937985,0.0272435958653186,0.1214917232682012,-0.0097964785776472,0.0999999999999999,1.4,3.41113341156453e-06,0.0088377564485601,-0.0084613074480846,0.1214917232682012,-0.3196495619524405,0.1086357947434292,0.0103326106001151,0.1193543050362442,0.8787878787878782,train,5
ascorbic_acid,5.0,8.0,SWV,3,0.3374485980182836,0.8409500424856083,3.469101514700501,-0.3276191511872217,0.0999999999999999,1.4,-0.0003714389512691,0.2032088516910329,-0.2877270821181167,3.469101514700501,0.0202753441802252,0.1226533166458072,0.3404938608675543,3.417089984811699,0.9444444444444438,train,2
ascorbic_acid,2.0,8.0,SWV,4,0.1624409746881499,0.4043083101430196,1.6754469956038447,-0.1679644155939331,0.0999999999999999,1.4,-7.456637850950257e-05,0.133080352275683,-0.0959455013877565,1.6754469956038447,0.0097622027534417,0.1156445556946182,0.1581443223098151,1.6507717393711627,0.7837837837837829,train,2
copper,10.0,7.0,SWV,8,0.2146400865810958,0.9335745479292122,5.399882085227536,-0.815996092531544,0.0999999999999999,1.4,0.0003130139051013,0.3570849815468129,-0.4161471735088946,5.399882085227536,-0.0357947434292866,0.0630788485607007,0.2606516512677529,5.364330170664057,0.6363636363636369,train,4
aluminum,0.1,6.0,SWV,2,0.006043052192657,0.0136801849053818,0.0610014120760854,-0.0051379340837139,0.0999999999999999,1.4,6.778124175197103e-07,0.0035671509115887,-0.0046393866404723,0.0610014120760854,-0.3126408010012516,0.106883604505632,0.0051048635414537,0.0590948381145081,0.6944444444444442,train,5
dopamine,0.1,8.0,SWV,6,0.0061926588871855,0.0168520940179383,0.0907519604245357,-0.0075489320382796,0.0999999999999999,1.4,2.566626585173001e-06,0.0061081330787861,-0.0060155116115456,0.0907519604245357,0.1516896120150187,0.0735919899874844,0.0051710890186191,0.0885156436418061,0.909090909090908,train,0
dopamine,10.0,8.0,SWV,6,0.2477952883087483,0.945858554840042,4.989739178241421,-0.5245712805876726,0.0999999999999999,1.4,3.846060490168418e-06,0.3392210427836085,-0.3347942387881409,4.989739178241421,0.1516896120150187,0.0735919899874844,0.290127560736789,4.962491662022464,0.909090909090908,train,0
ascorbic_acid,0.1,7.0,SWV,7,0.0106097513194603,0.0229845439348459,0.1019173032557745,-0.007276178602878,0.0999999999999999,1.4,-6.3828256162491885e-06,0.0059210629510915,-0.0054810947390873,0.1019173032557745,0.0570713391739674,0.1191489361702128,0.0090570138012196,0.099167192512586,0.999999999999998,train,2
copper,0.2,6.5,SWV,5,0.008891092971773,0.0331442944586733,0.1842765627456462,-0.0284648646963461,0.0999999999999999,1.4,4.861401368017106e-06,0.0124613155309809,-0.0101155541041613,0.1842765627456462,-0.0585732165206508,0.0630788485607009,0.0092760039584313,0.1818618388677064,0.5000000000000013,train,4
copper,0.1,7.5,SWV,2,0.0051445203276917,0.0169951404670543,0.0998963904726961,-0.0122732180479287,0.0999999999999999,1.4,-5.006411341994754e-08,0.0068861536715301,-0.006233829911183,0.0998963904726961,-0.0375469336670839,0.0613266583229036,0.0047033382259649,0.0981486919633608,0.9444444444444472,train,4
dopamine,2.0,6.0,SWV,1,0.0726863456904466,0.2813309174802951,1.554459893664465,-0.1410527880675452,0.0999999999999999,1.4,-5.58599750667471e-05,0.1085867061806044,-0.1018725461540566,1.554459893664465,0.2620775969962452,0.064831038798498,0.0799327879847715,1.546605102157824,0.9473684210526307,train,0
glucose,5.0,7.5,SWV,8,0.2510423980255905,0.535653211356834,2.118207124290137,-0.203632340060991,0.0999999999999999,1.4,0.0002179276022179,0.1524167830152634,-0.1407367080351915,2.118207124290137,0.4775969962453065,0.1594493116395494,0.251556069038791,2.077894914771464,0.9782608695652198,train,3
glucose,1.0,8.0,SWV,6,0.0670646557325606,0.1396905133701422,0.5384583862335199,-0.0483512739687512,0.0999999999999999,1.4,1.0006649732706226e-05,0.0416322293771731,-0.0347847596815353,0.5384583862335199,0.4635794743429285,0.1664580725907384,0.0675621267723031,0.5266704884819164,0.9,train,3
dopamine,0.1,6.0,SWV,3,0.0060400420067257,0.0160999115971961,0.0917903177782163,-0.0063122849939863,0.0999999999999999,1.4,-5.16151647709307e-06,0.007142936639136,-0.0061385216171478,0.0917903177782163,0.2620775969962452,0.0630788485607009,0.0044983079150792,0.0894851073535795,0.894736842105265,train,0
aluminum,5.0,6.0,SWV,9,0.1716187357226632,0.4893130217950027,2.1598723949461736,-0.1939091120346812,0.0999999999999999,1.4,-6.962839309107551e-05,0.1363985033204447,-0.1796258315161252,2.1598723949461736,-0.3143929912390488,0.106883604505632,0.1826538989666963,2.135335573624421,0.6944444444444449,train,5
glucose,0.2,8.0,SWV,0,0.0159195775741241,0.0295837618897508,0.1205163609887217,-0.0130909421634545,0.0999999999999999,1.4,2.969538909923585e-06,0.0098113957750706,-0.010800315404044,0.1205163609887217,0.4565707133917395,0.1629536921151438,0.0141074147743817,0.1161222574709728,0.7884615384615371,train,3
copper,0.2,7.0,SWV,0,0.0088738170953043,0.0334135130966744,0.1914648553148015,-0.0300880201280366,0.0999999999999999,1.4,1.392824397346158e-06,0.0155121312134242,-0.0150294439540977,0.1914648553148015,-0.0392991239048811,0.0595744680851064,0.009028428626146,0.1891431073704755,0.7894736842105242,train,4
copper,2.0,7.5,SWV,1,0.0659063657730867,0.293673562130383,1.712558597280571,-0.2840466477649204,0.0999999999999999,1.4,-6.313055249361102e-05,0.1092935869521106,-0.1044706872208242,1.712558597280571,-0.0392991239048811,0.0595744680851063,0.0799881415543701,1.704685654354136,0.8888888888888908,train,4
ascorbic_acid,5.0,6.5,SWV,3,0.3276992958013462,0.8196830567166815,3.471340001726595,-0.3282561074984266,0.0999999999999999,1.4,-0.0003740217711011,0.2307219337887822,-0.2951543649743446,3.471340001726595,0.0605757196495618,0.1244055068836045,0.3350526316506656,3.4207574202314897,0.5777777777777781,train,2
glucose,10.0,8.0,SWV,6,0.3913888936404862,0.8390992080390616,3.221907213006158,-0.3006025398907416,0.0999999999999999,1.4,4.722408912152584e-05,0.2493720951581844,-0.2081182330685541,3.221907213006158,0.4635794743429285,0.1664580725907384,0.4058547073927588,3.162812390248575,0.9,train,3
glucose,0.1,6.5,SWV,3,0.0090882002322761,0.0146550511773959,0.0598854672041331,-0.0042645640099557,0.0999999999999999,1.4,-4.513235244898117e-06,0.0040972798611129,-0.0059119496595768,0.0598854672041331,0.481101376720901,0.1454317897371715,0.0064354012053926,0.0564925772029045,0.5370370370370363,train,3
aluminum,0.5,6.0,SWV,9,0.0243143724065081,0.0659757054387749,0.2923149095387215,-0.0246245645920542,0.0999999999999999,1.4,-7.221135133551413e-06,0.0184260776645771,-0.0242291276164605,0.2923149095387215,-0.3143929912390488,0.106883604505632,0.0246223224172539,0.2878333379378585,0.6944444444444449,train,5
ascorbic_acid,10.0,7.0,SWV,5,0.5079775988933565,1.2825538426442151,5.513118016479347,-0.5113589172189811,0.0999999999999999,1.4,0.0001503095718291,0.4941928018853131,-0.3054167307722169,5.513118016479347,0.0500625782227783,0.1209011264080099,0.5096440483078133,5.441353433050694,0.6829268292682918,train,2
copper,2.0,7.0,SWV,3,0.0686515367486852,0.2907506012233054,1.6393277610317227,-0.2469298427665097,0.0999999999999999,1.4,-0.0001407662747466,0.1105412382754588,-0.1194332586117361,1.6393277610317227,-0.0392991239048811,0.0613266583229036,0.080064080517652,1.6261024440277525,0.8421052631578898,train,4
ascorbic_acid,5.0,7.0,SWV,5,0.3271997155198536,0.8245167187455906,3.5448678356461114,-0.3283052512735094,0.0999999999999999,1.4,9.755516127241348e-05,0.3177334913060043,-0.1963615880681506,3.5448678356461114,0.0500625782227783,0.1209011264080099,0.3276228700275508,3.498005418938884,0.6829268292682918,train,2
ascorbic_acid,1.0,7.5,SWV,6,0.0871364429325307,0.2155664325671927,0.9387608183126612,-0.0766904673225369,0.0999999999999999,1.4,1.1766776480167175e-05,0.0620182309810929,-0.0664890941093697,0.9387608183126612,0.0395494367959949,0.1173967459324154,0.0841592082091322,0.924429725567486,0.9142857142857131,train,2
glucose,0.2,6.5,SWV,2,0.0156065510852187,0.0292045931906705,0.1148237818059827,-0.0083486550749943,0.0999999999999999,1.4,-5.812185755691118e-07,0.0080042532259743,-0.0067518987701925,0.1148237818059827,0.4951188986232789,0.1454317897371715,0.0128996828096566,0.1108931624844307,0.8444444444444427,train,3
dopamine,0.2,6.0,SWV,8,0.0100978202799258,0.0320018812420279,0.1804478844265779,-0.015538501784006,0.0999999999999999,1.4,1.2979261353058789e-05,0.0118406590982908,-0.0113902690383216,0.1804478844265779,0.2568210262828535,0.0630788485607009,0.0089306195358898,0.1777668510900671,0.8000000000000006,train,0
glucose,10.0,6.5,SWV,8,0.3846526146765091,0.8247114745806596,3.187902434296608,-0.3109998206919923,0.0999999999999999,1.4,0.0003320903943293,0.2329228735629143,-0.2151246115209152,3.187902434296608,0.4775969962453065,0.1524405506883603,0.3735369798719529,3.1272244553027937,0.5,train,3
copper,10.0,7.5,SWV,7,0.2056105433120549,0.9485903968080368,5.56718363490945,-0.9774042695259788,0.0999999999999999,1.4,-0.0003949474675708,0.3839038947393298,-0.3840979356116554,5.56718363490945,-0.0357947434292866,0.057822277847309,0.2535007860191405,5.553197927892033,0.8333333333333345,train,4
uric_acid,2.0,8.0,SWV,9,0.1080401463638191,0.3116364675080036,1.4443225270082731,-0.1179536705746819,0.0999999999999999,1.4,-3.8094693180677177e-05,0.0888012025287469,-0.0773779952979226,1.4443225270082731,0.3111389236545681,0.0981226533166458,0.1119955558029193,1.4298592841008295,0.6969696969696987,train,1
copper,2.0,7.0,SWV,0,0.0668666839704617,0.2919900142943633,1.6630249176983682,-0.2780554620181338,0.0999999999999999,1.4,-7.462688091351387e-06,0.1354356969916536,-0.1313321595701662,1.6630249176983682,-0.0392991239048811,0.0595744680851064,0.0787771443791384,1.651534515340274,0.7894736842105242,train,4
ascorbic_acid,0.5,7.5,SWV,5,0.0460414220458877,0.1119371081066193,0.4737909854694479,-0.0438583656271859,0.0999999999999999,1.4,1.5510340904475763e-05,0.0462529860948516,-0.026031548819046,0.4737909854694479,0.0307884856070087,0.1226533166458072,0.0448925245656056,0.4653755045887793,0.8918918918918939,train,2
aluminum,0.2,8.0,SWV,0,0.0108295509508839,0.0274582145159857,0.1279444011805564,-0.014328432940998,0.0999999999999999,1.4,2.3327427836798947e-06,0.0102809829022544,-0.0128023926220159,0.1279444011805564,-0.3056320400500626,0.1033792240300375,0.0099061710556346,0.1254641618806576,0.7352941176470584,train,5
copper,2.0,6.5,SWV,6,0.0671805667959421,0.2895050240612322,1.6113079512646706,-0.2803670979229093,0.0999999999999999,1.4,2.5896712896058152e-06,0.1122389397640757,-0.1146336693609925,1.6113079512646706,-0.0498122653316646,0.0648310387984981,0.0824770525888396,1.602169462191973,0.9473684210526342,train,4
uric_acid,0.1,6.0,SWV,1,0.00756636473459,0.0171051144308412,0.084598857155021,-0.0061955575254214,0.0999999999999999,1.4,-7.773545613265693e-07,0.0046359471034325,-0.0045066736940109,0.084598857155021,0.4005006257822278,0.0911138923654568,0.0057636828795268,0.0820330881828692,0.8571428571428598,train,1
glucose,5.0,6.5,SWV,0,0.2467032648267062,0.530905311455631,2.060214204227035,-0.262223700817084,0.0999999999999999,1.4,1.1080819596566947e-05,0.1717459383869453,-0.1892869926085764,2.060214204227035,0.4846057571964955,0.1524405506883603,0.2401491340168338,2.018970808865556,0.6111111111111127,train,3
copper,0.2,7.5,SWV,5,0.0089645914745051,0.0335698623971429,0.2043494570827155,-0.0262480771317863,0.0999999999999999,1.4,5.202388938374532e-06,0.0133103612566355,-0.011735587043393,0.2043494570827155,-0.0392991239048811,0.0595744680851063,0.0091321088098355,0.2018738532650953,0.8888888888888908,train,4
glucose,0.1,7.5,SWV,6,0.009108342635739,0.0147262275613704,0.059111795933636,-0.0032757059858081,0.0999999999999999,1.4,3.3624060833104896e-06,0.0044337480689683,-0.0038115767819918,0.059111795933636,0.4635794743429285,0.1524405506883606,0.0067032365960247,0.0557812463035256,0.6415094339622647,train,3
glucose,1.0,7.5,SWV,9,0.066861366983236,0.1391987384317453,0.5595484705986781,-0.0519048127953686,0.0999999999999999,1.4,-1.4358399473759802e-05,0.0384008582390277,-0.0333781674695213,0.5595484705986781,0.4705882352941176,0.1541927409261576,0.0638777256652314,0.5472918680064288,0.8333333333333338,train,3
glucose,10.0,6.5,SWV,1,0.3789218095074921,0.8245810612835861,3.16977870583839,-0.3075278451270372,0.0999999999999999,1.4,-0.0001453033245391,0.2201354599135101,-0.1826220235818663,3.16977870583839,0.4986232790988735,0.1401752190237797,0.3537368411988736,3.111663532738755,0.8604651162790681,train,3
dopamine,0.1,8.0,SWV,7,0.0060331102201129,0.0168391148600107,0.0903684362569243,-0.0076991810496321,0.0999999999999999,1.4,-3.9549941040280605e-06,0.006480985350885,-0.0044293505050111,0.0903684362569243,0.1446808510638297,0.071839799749687,0.0051105417873406,0.0882975349219154,0.6400000000000021,train,0
aluminum,1.0,8.0,SWV,5,0.0459865790316231,0.1292451334129444,0.6001493930106602,-0.0572121280759574,0.0999999999999999,1.4,1.6764615328100346e-05,0.0492741577328398,-0.0340394076160475,0.6001493930106602,-0.3038798498122653,0.0981226533166457,0.0451575623114798,0.59367616425137,0.7499999999999998,train,5
aluminum,0.1,7.5,SWV,8,0.0061705699464442,0.0139171683131034,0.0659471432355787,-0.0051635736840413,0.0999999999999999,1.4,8.092591878683712e-06,0.0050800706354873,-0.0042871094917362,0.0659471432355787,-0.3143929912390488,0.1016270337922402,0.0049639232725484,0.0640533805448643,0.6571428571428565,train,5
uric_acid,1.0,6.0,SWV,1,0.0556343877782646,0.1611174819778039,0.7787274725355816,-0.0725986349788725,0.0999999999999999,1.4,-2.79344388691974e-05,0.0429096231649796,-0.0416834797800551,0.7787274725355816,0.4005006257822278,0.0911138923654568,0.0542882984704241,0.770681525552186,0.8571428571428598,train,1
copper,5.0,7.5,SWV,6,0.1390161388451455,0.6067229226706422,3.521492179905394,-0.5599732158289228,0.0999999999999999,1.4,6.081967625412091e-06,0.263625681680559,-0.257396102635141,3.521492179905394,-0.0357947434292866,0.0613266583229036,0.168068703593148,3.505121102220728,0.8421052631578959,train,4
uric_acid,1.0,8.0,SWV,3,0.0592858521980763,0.1676026567190301,0.7678571121403703,-0.0641651794040221,0.0999999999999999,1.4,-7.201404208303101e-05,0.0539575566793894,-0.0603172982252515,0.7678571121403703,0.2988735919899874,0.0963704630788485,0.0594935310149213,0.7573501549907959,0.8965517241379318,train,1
uric_acid,0.5,8.0,SWV,3,0.0316488854658876,0.0869447644942664,0.3993476937173192,-0.0322429503379547,0.0999999999999999,1.4,-3.62349059851915e-05,0.0280295818898699,-0.0313488809236722,0.3993476937173192,0.2988735919899874,0.0963704630788485,0.0308684506087212,0.3930271598417762,0.8965517241379318,train,1
copper,0.2,6.0,SWV,9,0.0089125474607477,0.0331063778422106,0.1844912336409152,-0.0277157921290341,0.0999999999999999,1.4,-2.8125137706394797e-06,0.0144261828203126,-0.0109461508870541,0.1844912336409152,-0.0568210262828535,0.0665832290362953,0.0096029795901233,0.1822367401144829,0.8095238095238126,train,4
ascorbic_acid,5.0,7.0,SWV,9,0.3287385186291537,0.8253178231375827,3.50781017970166,-0.3217136409828476,0.0999999999999999,1.4,-0.0001019521344171,0.2358621414937027,-0.2061582190597493,3.50781017970166,0.0500625782227783,0.1261576971214018,0.3382559175772726,3.460994268692472,0.7142857142857139,train,2
uric_acid,1.0,7.5,SWV,1,0.0571146357508575,0.1660975264824457,0.7934660682040325,-0.0746449659054718,0.0999999999999999,1.4,-2.8770265819107967e-05,0.0441311732501472,-0.0433720762661423,0.7934660682040325,0.3181476846057571,0.092866082603254,0.0568056023094315,0.7848773508465533,0.6060606060606065,train,1
copper,0.1,7.5,SWV,7,0.0050433614509837,0.0170269781751508,0.1012074579895552,-0.0156536171484386,0.0999999999999999,1.4,-4.680332850109775e-06,0.0068857355589047,-0.0068759174492242,0.1012074579895552,-0.0357947434292866,0.057822277847309,0.0045484238489619,0.0995826677242712,0.8333333333333345,train,4
copper,5.0,6.0,SWV,0,0.1356889426377923,0.5978029057632679,3.362251635917425,-0.5738889871621674,0.0999999999999999,1.4,-1.886345268867441e-05,0.2325844581526532,-0.2445886718817679,3.362251635917425,-0.0533166458072591,0.0613266583229036,0.1642776527856903,3.34015928544567,0.9444444444444472,train,4
ascorbic_acid,5.0,6.5,SWV,1,0.3191388478186175,0.8203264599907663,3.4119855564067363,-0.3748214142320644,0.0999999999999999,1.4,-0.0001485287051292,0.2157487826030282,-0.1970313943165564,3.4119855564067363,0.0605757196495618,0.1226533166458072,0.3318845840006674,3.371749494338029,0.5909090909090914,train,2
copper,0.1,8.0,SWV,5,0.0052310830037884,0.0170779005355342,0.1040497390313802,-0.0112291504814368,0.0999999999999999,1.4,3.910241638857879e-06,0.0080928535463681,-0.0062836460533323,0.1040497390313802,-0.0392991239048811,0.0578222778473092,0.0045852470039133,0.1022496382230237,0.6500000000000019,train,4
glucose,0.1,6.0,SWV,7,0.0088250389868144,0.0146408372308898,0.0567610481391132,-0.0038031325603572,0.0999999999999999,1.4,-3.1181428705400425e-06,0.0035733384363748,-0.0037924843576893,0.0567610481391132,0.4986232790988735,0.162953692115144,0.006937671250297,0.0536823168520903,0.6034482758620703,train,3
copper,0.5,8.0,SWV,7,0.0191545874377532,0.0827116803656483,0.4960524128324418,-0.0763727904612272,0.0999999999999999,1.4,-3.2212688744911014e-05,0.0328018150385853,-0.0350451466996138,0.4960524128324418,-0.0357947434292866,0.0578222778473092,0.0221814594620989,0.493494184546913,0.8333333333333316,train,4
glucose,2.0,6.0,SWV,5,0.1199509401895509,0.2560434247891454,0.975919714777552,-0.0977835396412033,0.0999999999999999,1.4,3.544418533390738e-05,0.0841284823505066,-0.0575992014425648,0.975919714777552,0.5196495619524405,0.1612015018773467,0.1205970523332197,0.9553513810478034,0.9574468085106352,train,3
dopamine,2.0,6.0,SWV,7,0.071672008646343,0.2786209836234704,1.557462524754164,-0.1477458409560861,0.0999999999999999,1.4,-0.0001075842504402,0.1009669236429912,-0.0981520075165249,1.557462524754164,0.2585732165206507,0.064831038798498,0.079362808079096,1.5519918785437403,0.8499999999999981,train,0
dopamine,10.0,7.5,SWV,5,0.2442440777434109,0.9413689745006572,5.309659246775942,-0.5255096013095615,0.0999999999999999,1.4,7.303030267457045e-05,0.3484808816422123,-0.4178208431536037,5.309659246775942,0.1744680851063829,0.0630788485607009,0.2626353752109018,5.273556239549038,0.8000000000000006,train,0
glucose,5.0,8.0,SWV,3,0.2546347106293861,0.5424446958621839,2.085431847005776,-0.2162163203421423,0.0999999999999999,1.4,-0.0002512288525074,0.1584713362696071,-0.2110968648917466,2.085431847005776,0.4618272841051313,0.1612015018773466,0.2565825924308388,2.044687751893504,0.877551020408163,train,3
dopamine,1.0,7.5,SWV,4,0.0423556798165992,0.1550690556884598,0.8475986396835175,-0.0923904994970806,0.0999999999999999,1.4,-3.1573714442828544e-05,0.0574275847502279,-0.0542042784749932,0.8475986396835175,0.1744680851063829,0.064831038798498,0.0440092716337914,0.840373960974754,0.8499999999999981,train,0
copper,5.0,6.5,SWV,3,0.139962297725029,0.5984647898831713,3.354923062747764,-0.5187633628440007,0.0999999999999999,1.4,-0.0002874896073184,0.2403800575352502,-0.2359548692249384,3.354923062747764,-0.0480600750938673,0.0630788485607009,0.1671974484487411,3.3283041741210933,0.9999999999999964,train,4
copper,0.2,6.0,SWV,8,0.0088802633701648,0.0327980189595092,0.1829449084251147,-0.0276979000937806,0.0999999999999999,1.4,1.3221989509640896e-05,0.0121211696893803,-0.0126289781780177,0.1829449084251147,-0.0568210262828535,0.0630788485607009,0.0091791843649099,0.1806015453950892,0.8000000000000006,train,4
uric_acid,10.0,6.5,SWV,5,0.3333335766228263,0.97027899587033,4.530531991473629,-0.3572662886332756,0.0999999999999999,1.4,9.84526059146957e-05,0.3313112432354074,-0.2950429906688652,4.530531991473629,0.3829787234042552,0.0963704630788485,0.3428072348464309,4.478324986846292,0.7741935483870961,train,1
copper,0.2,6.5,SWV,1,0.0087019180557827,0.0332218422488687,0.1878985152604657,-0.0321125939127341,0.0999999999999999,1.4,-4.726976993135439e-06,0.0139040058719698,-0.0100797572371319,0.1878985152604657,-0.0550688360450564,0.0648310387984981,0.0094697712676172,0.185976812437576,0.681818181818181,train,4
glucose,0.2,8.0,SWV,1,0.0157860709641116,0.0296002960602204,0.119318107170163,-0.0098926155751909,0.0999999999999999,1.4,-2.9772143728415184e-06,0.0079605953155704,-0.0065134551918093,0.119318107170163,0.4548185231539422,0.1612015018773466,0.0139929865042482,0.1149476507888004,0.8399999999999992,train,3
glucose,10.0,7.0,SWV,6,0.3867636308740744,0.8295585143409523,3.162238020804216,-0.2970051622536209,0.0999999999999999,1.4,4.762343746385911e-05,0.23908679600166,-0.2056444127942387,3.162238020804216,0.4793491864831037,0.162953692115144,0.3928994060870293,3.098239240517469,0.8235294117647062,train,3
dopamine,0.2,7.0,SWV,0,0.0102326728995212,0.0327839988950369,0.1841893158991568,-0.0152757941641335,0.0999999999999999,1.4,1.5905679488311255e-06,0.0149095438625649,-0.0129728660602932,0.1841893158991568,0.2007509386733416,0.0665832290362954,0.0094690912888367,0.1816908570138042,0.8095238095238102,train,0
uric_acid,0.5,6.0,SWV,3,0.0306006618652758,0.0836188924993364,0.3975419694381357,-0.0316458698038248,0.0999999999999999,1.4,-3.5676599032379346e-05,0.0287140587264521,-0.0332785522504232,0.3975419694381357,0.4127659574468084,0.0963704630788484,0.0292942886753306,0.3914641019632518,0.774193548387094,train,1
copper,0.1,6.5,SWV,4,0.0051914544574892,0.0167725838603237,0.0958344486342056,-0.0133930244252871,0.0999999999999999,1.4,-1.3212903607339432e-06,0.0061771900090136,-0.0063887705694297,0.0958344486342056,-0.0533166458072591,0.0613266583229036,0.0046204080962788,0.0940556699400697,0.75,train,4
aluminum,5.0,6.5,SWV,0,0.170462058841406,0.4898730258237161,2.2512927977718773,-0.2711619114607934,0.0999999999999999,1.4,-1.2221293595094177e-06,0.1827021678727498,-0.2168843115512648,2.2512927977718773,-0.3126408010012516,0.1033792240300375,0.1784713505229944,2.226759389125012,0.7878787878787888,train,5
ascorbic_acid,0.5,7.0,SWV,8,0.0456977233634135,0.1115683858443489,0.4782469347922858,-0.0413356536018141,0.0999999999999999,1.4,4.483581156305344e-05,0.0321504032133011,-0.0329755413860024,0.4782469347922858,0.0640801001251564,0.1244055068836045,0.0452254118368562,0.4704013247317499,0.918918918918918,train,2
uric_acid,10.0,7.5,SWV,8,0.340153520404416,0.9987164187912396,4.799573614224595,-0.3831718249805774,0.0999999999999999,1.4,0.000352825469265,0.291786804853031,-0.3270002781463585,4.799573614224595,0.3251564455569461,0.0911138923654568,0.3376518197068279,4.749262175540344,0.7931034482758638,train,1
dopamine,1.0,7.5,SWV,3,0.0428884776439262,0.1558472356976576,0.8648232794736016,-0.0826237272444975,0.0999999999999999,1.4,-7.106121469066083e-05,0.0494967937796361,-0.0590175747259105,0.8648232794736016,0.1779724655819774,0.0665832290362953,0.0449249935319882,0.8556336115899563,1.0,train,0
aluminum,0.2,7.5,SWV,0,0.0107921489011395,0.0273441104668485,0.1277484270740185,-0.0142651878785522,0.0999999999999999,1.4,2.333103701112661e-06,0.0102388313249557,-0.0125413319512228,0.1277484270740185,-0.3126408010012516,0.0981226533166457,0.0095329277119752,0.1252765004990551,0.7499999999999998,train,5
ascorbic_acid,0.1,7.5,SWV,6,0.0109430141226324,0.0231635298855774,0.1024493765558834,-0.006924025656839,0.0999999999999999,1.4,3.5505450828865555e-06,0.0067222447888154,-0.0072321249418306,0.1024493765558834,0.0395494367959949,0.1173967459324154,0.0090473807309274,0.0994002254040058,0.9142857142857131,train,2
dopamine,5.0,7.0,SWV,8,0.1562070407906806,0.5987577383136945,3.4075730018905843,-0.2461466606367662,0.0999999999999999,1.4,0.0001953450420455,0.2613539437373534,-0.1826302021911699,3.4075730018905843,0.2042553191489361,0.0665832290362954,0.1723803145136989,3.3892556294272422,0.9999999999999968,train,0
copper,0.2,7.5,SWV,0,0.0089083749026027,0.0336410150406109,0.1985899410610768,-0.0290832376093788,0.0999999999999999,1.4,1.4601304481048753e-06,0.0163351833281,-0.0160554840189168,0.1985899410610768,-0.0392991239048811,0.057822277847309,0.0089775606180244,0.1963303312824681,0.9411764705882382,train,4
aluminum,1.0,7.5,SWV,4,0.0459481649654821,0.1287352201182238,0.5952674967346631,-0.0605104446021353,0.0999999999999999,1.4,-2.606529231361061e-05,0.0425260803566311,-0.0357538708888881,0.5952674967346631,-0.3126408010012516,0.1016270337922402,0.0459963777489886,0.5888284118268415,0.7058823529411764,train,5
ascorbic_acid,0.5,8.0,SWV,4,0.0465941170849278,0.1128069824426819,0.4687461721508616,-0.0452957079561633,0.0999999999999999,1.4,-1.902760468481396e-05,0.037157321517467,-0.0268397061604216,0.4687461721508616,0.0097622027534417,0.1156445556946182,0.0441188820905553,0.4605768740017484,0.7837837837837829,train,2
ascorbic_acid,0.5,6.0,SWV,2,0.0443068697904067,0.108581622709264,0.4645056457125596,-0.0378528455658498,0.0999999999999999,1.4,-9.780667029261476e-06,0.0242407862897304,-0.0269059126259978,0.4645056457125596,0.1026282853566957,0.1244055068836045,0.0441785113910445,0.4566488862714092,0.7750000000000004,train,2
uric_acid,10.0,6.0,SWV,3,0.334597781519153,0.968158076083937,4.579796191196591,-0.3913887941442409,0.0999999999999999,1.4,-0.0004376966483538,0.331433622109138,-0.383906064465805,4.579796191196591,0.4127659574468084,0.0963704630788484,0.3389502420923172,4.527469875692403,0.774193548387094,train,1
dopamine,0.2,6.0,SWV,9,0.010128741760182,0.0319163963643861,0.1800504590401859,-0.0154373885116204,0.0999999999999999,1.4,-2.3784757752329786e-06,0.0129333070946407,-0.0106654905019272,0.1800504590401859,0.2550688360450562,0.0630788485607007,0.0088871780292671,0.1770110627790156,0.6363636363636369,train,0
uric_acid,5.0,8.0,SWV,2,0.2183883986571033,0.6424075465152767,2.9343115527888544,-0.2322255091740008,0.0999999999999999,1.4,-7.368319431346828e-05,0.1642998121647708,-0.1696400099118529,2.9343115527888544,0.3058823529411764,0.0998748435544431,0.2328562282280254,2.9034029318877086,0.9000000000000008,train,1
aluminum,1.0,6.0,SWV,9,0.0455310502503988,0.126949719280508,0.5613046708113997,-0.0490071125776178,0.0999999999999999,1.4,-1.620983483936785e-05,0.0354179908248872,-0.0466113689188814,0.5613046708113997,-0.3143929912390488,0.106883604505632,0.047395647246138,0.5540427794941087,0.6944444444444449,train,5
copper,2.0,7.0,SWV,1,0.0656493675156564,0.2918683256447114,1.650618241197586,-0.2923121660715159,0.0999999999999999,1.4,-6.168532637943853e-05,0.1178089210677382,-0.0969604745456013,1.650618241197586,-0.0392991239048811,0.0595744680851064,0.0790338130567368,1.643086549046077,0.7894736842105242,train,4
dopamine,1.0,8.0,SWV,2,0.0421613878952936,0.1573031969849415,0.8592780244822533,-0.0849885931168357,0.0999999999999999,1.4,-1.9258430542374617e-05,0.0590479749102462,-0.0543503101988311,0.8592780244822533,0.1516896120150187,0.0700876095118898,0.0468899434619282,0.8528505381521884,0.9047619047619035,train,0
dopamine,1.0,8.0,SWV,1,0.0418765053974722,0.1586466065078358,0.8329561732430164,-0.0833221791788345,0.0999999999999999,1.4,-2.9468935095957328e-05,0.051174027123979,-0.0485302116266545,0.8329561732430164,0.1464330413016269,0.0753441802252815,0.0493072180389042,0.8267815625208252,0.7916666666666665,train,0
aluminum,0.2,7.0,SWV,1,0.0106286814521594,0.0272707633056836,0.1275519868967663,-0.0127062409311931,0.0999999999999999,1.4,-3.2802916177955555e-06,0.0098160637067705,-0.0083331357315862,0.1275519868967663,-0.3091364205256571,0.1016270337922402,0.0097463540326222,0.1248717629970997,0.8709677419354842,train,5
dopamine,2.0,8.0,SWV,6,0.0781432852039519,0.2935116611576964,1.549697997078467,-0.1615211048037728,0.0999999999999999,1.4,2.9476492214567177e-06,0.1053110372228554,-0.1039276717425066,1.549697997078467,0.1516896120150187,0.0735919899874844,0.0900245789303269,1.5399023866041168,0.909090909090908,train,0
uric_acid,10.0,6.5,SWV,9,0.3350638678093259,0.9799438551412882,4.598400789762999,-0.3795138860863688,0.0999999999999999,1.4,-0.0001258813022296,0.3382059705374413,-0.3186930854902821,4.598400789762999,0.3812265331664579,0.0981226533166458,0.3510134263036827,4.557242477752191,0.931034482758622,train,1
aluminum,10.0,7.0,SWV,4,0.2676240904160253,0.7687603031597232,3.5590712996622056,-0.3704063580151933,0.0999999999999999,1.4,-0.0001680041410825,0.2548058810682657,-0.216350211083091,3.5590712996622056,-0.3126408010012516,0.0981226533166457,0.2690433562326412,3.52557937282346,0.9310344827586208,train,5
glucose,10.0,7.0,SWV,0,0.3848290720940793,0.8306202896968446,3.2450919836859278,-0.4133702142186538,0.0999999999999999,1.4,1.5302569054679497e-05,0.2703718594771201,-0.2979541978354626,3.2450919836859278,0.4846057571964955,0.143679599499374,0.3617486349039079,3.184128132214968,0.8636363636363645,train,3
copper,0.5,6.0,SWV,1,0.0191470853356093,0.0806534632341756,0.458320452312156,-0.0842137885438563,0.0999999999999999,1.4,-1.5024890273434492e-05,0.0333239975949895,-0.0220502325816061,0.458320452312156,-0.0550688360450564,0.0630788485607009,0.0225815582377891,0.4553148152708678,0.8947368421052587,train,4
dopamine,5.0,8.0,SWV,4,0.1601603861307116,0.6065608801272894,3.2063836141863105,-0.3601506624686348,0.0999999999999999,1.4,-0.0001263361428101,0.2147826753956858,-0.166707761223819,3.2063836141863105,0.1534418022528159,0.0718397997496871,0.1832526099263947,3.1809060352656675,0.8636363636363674,train,0
ascorbic_acid,0.5,8.0,SWV,2,0.04606133443701,0.1134371990364584,0.4670342107942571,-0.0384269446946035,0.0999999999999999,1.4,-1.0087902294516513e-05,0.0317676834486927,-0.0252845734973837,0.4670342107942571,0.0097622027534417,0.1244055068836045,0.0463508040932105,0.4593600994905183,0.7750000000000004,train,2
uric_acid,0.5,7.0,SWV,4,0.0308326454367627,0.0850450631942079,0.3965162574772983,-0.034449748870744,0.0999999999999999,1.4,-1.431620090718969e-05,0.0219476733592528,-0.022096877361249,0.3965162574772983,0.3426783479349186,0.1051314142678347,0.0319288656625953,0.3911315720148608,0.5789473684210537,train,1
copper,0.1,6.0,SWV,5,0.0051561458671857,0.016667070241026,0.096865327299356,-0.0140660757117442,0.0999999999999999,1.4,3.7183104230688814e-06,0.0062201794333173,-0.0051555104736961,0.096865327299356,-0.0585732165206508,0.0613266583229036,0.0046022398625355,0.0951275169402088,0.75,train,4
ascorbic_acid,5.0,7.5,SWV,0,0.3290732541353741,0.833677469480441,3.629733237163239,-0.4047255638890338,0.0999999999999999,1.4,6.61326371738824e-06,0.273327518330703,-0.3012353693264707,3.629733237163239,0.0325406758448059,0.1226533166458072,0.3349365445211745,3.5864332114887474,0.9444444444444438,train,2
dopamine,0.1,7.0,SWV,9,0.0061051586002956,0.0164463330412753,0.0946281344852175,-0.0072121195135635,0.0999999999999999,1.4,-2.3473704392382948e-08,0.0074331219247873,-0.0047300224776173,0.0946281344852175,0.2007509386733416,0.0665832290362954,0.0047485385095883,0.0923748405175915,0.8095238095238102,train,0
uric_acid,5.0,7.5,SWV,6,0.2191636283768386,0.6368756234798227,3.058104799815508,-0.2311994695469154,0.0999999999999999,1.4,2.1739838881653337e-05,0.2364387571310731,-0.165073891697528,3.058104799815508,0.3198998748435543,0.092866082603254,0.2183935928065166,3.0294400747413164,0.6562499999999979,train,1
uric_acid,1.0,6.5,SWV,4,0.0572114879528133,0.1625078021709122,0.7691894881493085,-0.0679990036555829,0.0999999999999999,1.4,-2.9669473001059076e-05,0.0419514124854148,-0.0445082553769387,0.7691894881493085,0.3847309136420525,0.0963704630788485,0.0574345108931036,0.760355484959056,0.7741935483870961,train,1
aluminum,10.0,6.5,SWV,3,0.2695080635418753,0.765789382498273,3.471563474866064,-0.3458676857346671,0.0999999999999999,1.4,-0.000385856314562,0.2206990655641652,-0.2965270722167055,3.471563474866064,-0.3108886107634543,0.1033792240300375,0.2788087951363434,3.431614358054455,0.7352941176470591,train,5
uric_acid,5.0,8.0,SWV,9,0.2218686310322564,0.6457110654012821,2.9903939372620503,-0.246652354969673,0.0999999999999999,1.4,-8.158511460951957e-05,0.1839274516838825,-0.1602464230156803,2.9903939372620503,0.3111389236545681,0.0981226533166458,0.2319848309861605,2.9617772341952437,0.6969696969696987,train,1
glucose,0.1,7.5,SWV,5,0.0090987977028148,0.0148213425612983,0.0611949364538569,-0.003840905291734,0.0999999999999999,1.4,4.512429044108993e-06,0.005101479426971,-0.0033718918942806,0.0611949364538569,0.4775969962453065,0.155944931163955,0.0068609185013038,0.0577748368987315,0.9777777777777787,train,3
glucose,0.5,8.0,SWV,3,0.0361830640899537,0.0728573861374876,0.2822661569486561,-0.0268386274308551,0.0999999999999999,1.4,-3.1807103840448e-05,0.0214238489884759,-0.0285980509769071,0.2822661569486561,0.4618272841051313,0.1612015018773466,0.034468839055165,0.2748243557664753,0.877551020408163,train,3
dopamine,0.2,6.5,SWV,7,0.0098946248819594,0.0320031677179439,0.1705737444781548,-0.0158763372401439,0.0999999999999999,1.4,-9.781862485738396e-06,0.0107003459161829,-0.0118723017419646,0.1705737444781548,0.2375469336670838,0.0700876095118898,0.0095438701445643,0.1679632625174243,0.7391304347826059,train,0
dopamine,5.0,6.0,SWV,4,0.1524353924382682,0.5826794282569822,3.2073278956377056,-0.288203892345946,0.0999999999999999,1.4,-0.0001239959365038,0.1876468605598494,-0.2298351218377374,3.2073278956377056,0.2568210262828535,0.064831038798498,0.1656548994775556,3.1918176179856763,0.7619047619047643,train,0
copper,2.0,6.0,SWV,3,0.0679564437503952,0.2874754126813826,1.642826121349318,-0.2420059292466164,0.0999999999999999,1.4,-0.000136832893309,0.126090873536935,-0.1133652528650572,1.642826121349318,-0.0568210262828535,0.0648310387984981,0.0817122141591114,1.6295811735611734,0.8500000000000013,train,4
aluminum,0.5,7.0,SWV,7,0.0236697547485834,0.0663027942569935,0.3060278914840431,-0.0262650642616688,0.0999999999999999,1.4,-2.5522650837886145e-05,0.0183634929007045,-0.0174354044440526,0.3060278914840431,-0.316145181476846,0.1086357947434293,0.0248393956324059,0.3023358347123249,0.8787878787878792,train,5
dopamine,0.5,7.0,SWV,8,0.0225855265398493,0.0805319895728326,0.4600669369308816,-0.0319213687320183,0.0999999999999999,1.4,2.857000568412706e-05,0.0351926105977221,-0.0246261271443436,0.4600669369308816,0.2042553191489361,0.0665832290362954,0.0231911927340252,0.4560914841532399,0.9999999999999968,train,0
dopamine,1.0,6.0,SWV,2,0.0401544298913238,0.1502362531745172,0.8350719967771213,-0.0716367765667349,0.0999999999999999,1.4,-1.857682240604232e-05,0.0586316017751417,-0.0404699835446803,0.8350719967771213,0.2585732165206507,0.064831038798498,0.0426682616616337,0.8289690282177483,0.8499999999999981,train,0
dopamine,2.0,7.0,SWV,7,0.073464493312563,0.2856541380553209,1.5849204769810408,-0.1407878073886583,0.0999999999999999,1.4,-0.000110380947357,0.1195549390924854,-0.0893506347090169,1.5849204769810408,0.1989987484355443,0.0648310387984981,0.0812191211819533,1.580353873921586,0.7619047619047621,train,0
aluminum,1.0,7.5,SWV,0,0.0455821278391621,0.1281029579079019,0.5940364554329159,-0.0702369804644972,0.0999999999999999,1.4,1.55695053562375e-06,0.0478148265620557,-0.0585839152694706,0.5940364554329159,-0.3126408010012516,0.0981226533166457,0.0446615029532539,0.5871718169168971,0.7499999999999998,train,5
aluminum,0.2,6.0,SWV,8,0.0107529847848373,0.0271029018699164,0.1264853865848111,-0.0110916167039235,0.0999999999999999,1.4,1.3158942624343386e-05,0.0088913497095426,-0.008290885777906,0.1264853865848111,-0.3196495619524405,0.1016270337922403,0.0097557955235391,0.1238171379201554,0.8709677419354833,train,5
ascorbic_acid,0.2,6.5,SWV,9,0.019640097489367,0.0450516493812644,0.1899103333811264,-0.0154573523887684,0.0999999999999999,1.4,-3.192177152911875e-06,0.0141652831374497,-0.0118810213074033,0.1899103333811264,0.0623279098873591,0.1209011264080101,0.0181122641759596,0.1856382901023611,0.6428571428571431,train,2
copper,5.0,6.0,SWV,2,0.1343999142396835,0.5988240574207074,3.384964499344756,-0.5424563699117878,0.0999999999999999,1.4,-8.629087818050328e-05,0.2457802701880842,-0.1945148160657547,3.384964499344756,-0.0585732165206508,0.0630788485607009,0.1676195249332818,3.367805533561297,0.7142857142857139,train,4
uric_acid,5.0,6.0,SWV,6,0.2133471418386636,0.6209001782205188,2.95593435265104,-0.2249725857771179,0.0999999999999999,1.4,2.122885863738216e-05,0.199798402638307,-0.1567257602284448,2.95593435265104,0.3987484355444304,0.0911138923654568,0.210757454980181,2.9316237170108046,0.7931034482758598,train,1
uric_acid,0.5,8.0,SWV,5,0.0312733519055414,0.0861886853993335,0.3960852167253309,-0.0294260948353366,0.0999999999999999,1.4,1.0815708010750348e-05,0.0291523702421912,-0.0284811097403132,0.3960852167253309,0.3006257822277847,0.0998748435544431,0.0312398481137176,0.3898908535110078,0.9000000000000008,train,1
copper,0.2,7.0,SWV,1,0.0087336668688036,0.0333989820966842,0.1900364687068321,-0.0317294012942459,0.0999999999999999,1.4,-4.849853919815711e-06,0.0134835693147847,-0.0111125034313594,0.1900364687068321,-0.0392991239048811,0.0595744680851064,0.0090507759259645,0.1880495799880534,0.7894736842105242,train,4
dopamine,2.0,8.0,SWV,3,0.0791984739383331,0.2944027015007206,1.5568048779855963,-0.1550375565885123,0.0999999999999999,1.4,-0.0001300159318516,0.0948300063001563,-0.1075314149249571,1.5568048779855963,0.1464330413016269,0.0718397997496871,0.0888453036534835,1.543381032668545,0.7826086956521715,train,0
aluminum,0.5,7.0,SWV,2,0.0240874763732897,0.0663456926349131,0.3013315797400466,-0.0275643791280543,0.0999999999999999,1.4,-6.402594917322853e-06,0.0172916190302379,-0.0216836963505523,0.3013315797400466,-0.3126408010012516,0.106883604505632,0.024581835643833,0.2971552171334152,0.9062499999999998,train,5
dopamine,0.5,6.5,SWV,2,0.0219886801595103,0.0787918014219897,0.4294995244794972,-0.040925054201336,0.0999999999999999,1.4,-8.392611213896822e-06,0.0252695075906146,-0.0212219164441665,0.4294995244794972,0.2270337922403003,0.0700876095118898,0.0234929080143668,0.424817579477515,0.6666666666666675,train,0
aluminum,2.0,6.0,SWV,2,0.0821271021312869,0.235661781927057,1.0306217565066491,-0.1051173167239533,0.0999999999999999,1.4,-2.904060038704937e-05,0.0611157519638694,-0.0799028446187647,1.0306217565066491,-0.3126408010012516,0.106883604505632,0.0879164613048916,1.018367659226885,0.6944444444444442,train,5
aluminum,0.1,6.0,SWV,9,0.0061286485403162,0.0137170121996529,0.0617522570192831,-0.0041049124053912,0.0999999999999999,1.4,4.834646142910662e-07,0.0038615806700255,-0.0050443493572427,0.0617522570192831,-0.3143929912390488,0.106883604505632,0.0051108348490253,0.0597333904757385,0.6944444444444449,train,5
glucose,0.1,6.5,SWV,4,0.0090319532389845,0.0146054790680303,0.058983223707183,-0.0033479703573856,0.0999999999999999,1.4,-3.445749245541868e-07,0.0038414075475507,-0.0038580091445453,0.058983223707183,0.4846057571964955,0.148936170212766,0.0065150728395874,0.05560588590819,0.7000000000000013,train,3
ascorbic_acid,0.2,6.0,SWV,8,0.0194144571835353,0.044802042966227,0.1860810894267285,-0.0157183388661416,0.0999999999999999,1.4,1.9322233293954764e-05,0.0128340924539815,-0.0123228861225557,0.1860810894267285,0.1026282853566957,0.1279098873591989,0.0185592846193441,0.1819197126070238,0.7804878048780504,train,2
glucose,0.5,8.0,SWV,0,0.0357092363028173,0.0725268146896031,0.2917149329708416,-0.0343248918696748,0.0999999999999999,1.4,3.581217399737716e-06,0.0238147595195059,-0.0262043013494129,0.2917149329708416,0.4565707133917395,0.1629536921151438,0.0346112480957678,0.2844614299891944,0.7884615384615371,train,3
copper,2.0,7.5,SWV,2,0.066501982199142,0.2939377586250105,1.7068659465939735,-0.24430481753299,0.0999999999999999,1.4,-4.178299946057508e-05,0.1191710153613341,-0.1082031792359964,1.7068659465939735,-0.0375469336670839,0.0613266583229036,0.0812801160086533,1.6981389344007043,0.9444444444444472,train,4
aluminum,0.1,6.0,SWV,5,0.0061010528749968,0.0137434167806085,0.0627940849523776,-0.0052743800082608,0.0999999999999999,1.4,4.061269030821112e-06,0.0052515729246308,-0.0036736236504692,0.0627940849523776,-0.3178973717146433,0.1033792240300375,0.0050278499622437,0.0608779000110396,0.7878787878787881,train,5
glucose,10.0,7.5,SWV,4,0.3894278365282923,0.8366603627625003,3.275384863354951,-0.3334193747167455,0.0999999999999999,1.4,-0.0001585026606665,0.2282072442917785,-0.2139580191103898,3.275384863354951,0.4530663329161452,0.1576971214017523,0.3898145317605662,3.209673947116825,0.5254237288135607,train,3
dopamine,2.0,6.0,SWV,2,0.0732195972549547,0.2798499983533717,1.553763511966899,-0.1347487263477201,0.0999999999999999,1.4,-3.67476478116384e-05,0.1091694769779892,-0.0753404238344404,1.553763511966899,0.2585732165206507,0.064831038798498,0.0794766510668005,1.5439705645542054,0.8499999999999981,train,0
glucose,0.5,7.0,SWV,5,0.0354344733266945,0.0721135855736103,0.2894500821542665,-0.02583367679402,0.0999999999999999,1.4,1.1872642163512225e-05,0.0241639356876346,-0.016080502861993,0.2894500821542665,0.4775969962453065,0.1454317897371713,0.0318136986851492,0.2819535011611757,0.7291666666666657,train,3
ascorbic_acid,10.0,6.0,SWV,7,0.4857458898611789,1.2557878763081665,5.187385142716446,-0.4565920991640235,0.0999999999999999,1.4,-0.0004719543456208,0.3593725175821709,-0.3006014794461542,5.187385142716446,0.1061326658322903,0.1261576971214016,0.5164114760444551,5.123892890335678,0.6744186046511629,train,2
aluminum,5.0,8.0,SWV,2,0.1712973791383788,0.4961029364391122,2.245182407469218,-0.2050814050714064,0.0999999999999999,1.4,-6.411401667413105e-05,0.1291295646180583,-0.1500218381558741,2.245182407469218,-0.3073842302878598,0.0963704630788485,0.1711599218822719,2.222220304862774,0.7187500000000003,train,5
uric_acid,10.0,7.0,SWV,6,0.3369098797349207,0.9835194449519892,4.598221681360129,-0.3545025689977556,0.0999999999999999,1.4,3.0954922846845933e-05,0.4084982289700929,-0.2835850439609955,4.598221681360129,0.339173967459324,0.0963704630788484,0.3511598554874196,4.557589801344566,0.4864864864864863,train,1
copper,1.0,7.0,SWV,5,0.0368107095323987,0.1565147491730805,0.919864008058706,-0.1327675258995356,0.0999999999999999,1.4,1.4011002124843275e-05,0.057530268612638,-0.0507586690946069,0.919864008058706,-0.0392991239048811,0.0595744680851064,0.042353310823616,0.9132178734411596,0.7894736842105242,train,4
copper,10.0,6.0,SWV,2,0.2082896140571838,0.9314544633184962,5.264459565661598,-0.8448654959375419,0.0999999999999999,1.4,-0.0001356177713198,0.3823028340645631,-0.3025543227159277,5.264459565661598,-0.0585732165206508,0.0630788485607009,0.2607300685014008,5.23859419975943,0.7142857142857139,train,4
aluminum,10.0,8.0,SWV,2,0.2656859976396473,0.7716369251474804,3.4914910639983185,-0.3195506926260186,0.0999999999999999,1.4,-0.0001011171658013,0.2008376524800031,-0.23334195742163,3.4914910639983185,-0.3073842302878598,0.0963704630788485,0.2662149601314342,3.45641895609684,0.7187500000000003,train,5
glucose,1.0,8.0,SWV,1,0.0661169411907221,0.1399382791010704,0.5545787123722298,-0.0514137714200704,0.0999999999999999,1.4,-2.309964981351848e-05,0.0369746439936081,-0.0304156939562391,0.5545787123722298,0.4548185231539422,0.1612015018773466,0.0662680741399568,0.5432413433313223,0.8399999999999992,train,3
copper,0.5,6.0,SWV,7,0.0188514649602751,0.0808231907908867,0.4539109861529353,-0.0783351692082148,0.0999999999999999,1.4,-3.009951442196265e-05,0.0329245031871351,-0.025892368130807,0.4539109861529353,-0.0550688360450564,0.0630788485607009,0.0227198203597962,0.4518806288775481,0.8947368421052587,train,4
copper,1.0,6.5,SWV,6,0.036726541749867,0.1555157661647399,0.8661723434317823,-0.1497035710121179,0.0999999999999999,1.4,2.5695788065937827e-06,0.0602949999029454,-0.0615934074796066,0.8661723434317823,-0.0498122653316646,0.0648310387984981,0.0443147609695099,0.8607628646729283,0.9473684210526342,train,4
copper,0.5,7.0,SWV,3,0.0201536326162317,0.0811348386666251,0.4583977694887559,-0.0674810163461327,0.0999999999999999,1.4,-3.752846861067832e-05,0.0308504143042576,-0.0333535779321512,0.4583977694887559,-0.0392991239048811,0.0613266583229036,0.0223597003466388,0.4539781641358595,0.8421052631578898,train,4
aluminum,0.2,6.0,SWV,4,0.0107576746092354,0.0271595132949975,0.1226623246410449,-0.0112385677353316,0.0999999999999999,1.4,-3.501440548098382e-06,0.0086491818968936,-0.0083698129654504,0.1226623246410449,-0.3126408010012516,0.1016270337922402,0.0097819103083411,0.1200856285844598,0.5263157894736845,train,5
glucose,10.0,8.0,SWV,5,0.3908670094795124,0.8434939380357979,3.323434574235076,-0.305119116185537,0.0999999999999999,1.4,0.0001101033961596,0.2814117741557186,-0.1868992756251224,3.323434574235076,0.4513141426783479,0.1594493116395493,0.3970486132205024,3.261397985834527,0.6545454545454555,train,3
ascorbic_acid,0.5,6.0,SWV,9,0.0449297265345528,0.1087680713714506,0.4646456473016802,-0.0401533095562673,0.0999999999999999,1.4,-1.1194872696457317e-05,0.0337106064149106,-0.0302143033652676,0.4646456473016802,0.1008760951188986,0.1191489361702127,0.0432218347383365,0.4568001323897641,0.8378378378378359,train,2
aluminum,2.0,6.5,SWV,9,0.0839079145801995,0.237173613207561,1.069427205581157,-0.0936532298141711,0.0999999999999999,1.4,-3.2603990264194056e-05,0.0643725256005338,-0.0859743160628398,1.069427205581157,-0.3143929912390488,0.1033792240300375,0.0862662939579167,1.056977292475683,0.8437500000000018,train,5
uric_acid,2.0,7.5,SWV,1,0.1048012421781263,0.3094368341156356,1.4763307543371906,-0.1405210309972251,0.0999999999999999,1.4,-5.57109917838696e-05,0.08215820868651,-0.0807199579228878,1.4763307543371906,0.3181476846057571,0.092866082603254,0.1058204263893611,1.4619192417203752,0.6060606060606065,train,1
dopamine,1.0,6.5,SWV,1,0.040407835308832,0.1528902499939129,0.7979335932325808,-0.0750339857067544,0.0999999999999999,1.4,-2.8341848898814377e-05,0.0487311201484717,-0.0576917385100466,0.7979335932325808,0.232290362953692,0.0735919899874844,0.046948068329001,0.7913919546821746,0.909090909090908,train,0
aluminum,1.0,7.0,SWV,3,0.046265444340934,0.1282557444751001,0.5908374640018978,-0.0560148735008186,0.0999999999999999,1.4,-6.262194097033176e-05,0.0380901909408025,-0.0497067278568617,0.5908374640018978,-0.3108886107634543,0.1051314142678347,0.0469868600253555,0.5832161354471379,0.8749999999999986,train,5
dopamine,0.5,6.5,SWV,9,0.0223985308392769,0.0788647842634796,0.41997826866305,-0.0507303033094672,0.0999999999999999,1.4,-9.323183387157262e-06,0.0297178102628958,-0.0260338344684815,0.41997826866305,0.2340425531914892,0.0718397997496871,0.0237627789819236,0.4140496517354703,0.9523809523809518,train,0
uric_acid,0.2,7.0,SWV,6,0.0136738697321622,0.034676887709591,0.1642046314563165,-0.0108696924282496,0.0999999999999999,1.4,3.547536788979744e-06,0.0145183912434897,-0.0100964292413297,0.1642046314563165,0.339173967459324,0.0963704630788484,0.012392686239575,0.1610288578824882,0.4864864864864863,train,1
aluminum,5.0,7.0,SWV,5,0.1720131661054335,0.494092230151396,2.2467382217744967,-0.2211898826114106,0.0999999999999999,1.4,5.682940372880467e-05,0.1882709045443723,-0.1300241522746987,2.2467382217744967,-0.3038798498122653,0.1086357947434292,0.1851543566770829,2.2238892598911693,0.7714285714285712,train,5
glucose,5.0,6.5,SWV,3,0.2501139275840938,0.5327341415944404,2.0903147197922425,-0.2095853307923667,0.0999999999999999,1.4,-0.0002436480768022,0.1436977768087061,-0.2052582031593658,2.0903147197922425,0.481101376720901,0.1454317897371715,0.2340608304698883,2.0484274555663284,0.5370370370370363,train,3
glucose,2.0,7.0,SWV,7,0.1187833055630696,0.2594118489395444,1.012256772968228,-0.0917968359563397,0.0999999999999999,1.4,-9.642694833587012e-05,0.0621059130250674,-0.063639509875198,1.012256772968228,0.4846057571964955,0.1559449311639549,0.1195164817690557,0.9927108633849556,0.893617021276597,train,3
uric_acid,0.2,7.0,SWV,2,0.0135234247506289,0.0346568109576591,0.1637522449869432,-0.0109618960197297,0.0999999999999999,1.4,-1.646878788521658e-06,0.0082189058290772,-0.0082257388765203,0.1637522449869432,0.3444305381727158,0.1033792240300375,0.0128869462132467,0.1603504744452354,0.6388888888888908,train,1
glucose,2.0,7.5,SWV,0,0.1216606787094115,0.2591059556368318,1.020334179753462,-0.1274831851544721,0.0999999999999999,1.4,6.340422509023631e-06,0.0845364650600551,-0.0931082656057468,1.020334179753462,0.4565707133917395,0.1594493116395494,0.1215455838040265,1.0002865126884035,0.5964912280701732,train,3
glucose,2.0,6.5,SWV,6,0.1208280756282437,0.2558683389994207,0.9576796755595616,-0.0896135649690807,0.0999999999999999,1.4,1.6568555459908376e-05,0.072782481792454,-0.0630063788285082,0.9576796755595616,0.4846057571964955,0.1559449311639549,0.1176371878011729,0.9369739907229868,0.6181818181818198,train,3
uric_acid,2.0,6.0,SWV,4,0.1040429448370876,0.3005920376556562,1.4278063099113862,-0.1280328343895636,0.0999999999999999,1.4,-5.711419241219257e-05,0.0858247211379916,-0.085379393889533,1.4278063099113862,0.4075093867334166,0.0981226533166457,0.1068781901799121,1.4131431171483746,1.0,train,1
aluminum,2.0,6.0,SWV,0,0.0826935060234515,0.2356298096733803,1.05773335985791,-0.1290921516184582,0.0999999999999999,1.4,5.87262190099528e-07,0.0874117691184034,-0.1023196617931009,1.05773335985791,-0.3126408010012516,0.1051314142678347,0.0870617333261866,1.0450543170824544,0.6666666666666661,train,5
aluminum,0.5,7.5,SWV,8,0.0245191876012136,0.0668834130354503,0.3123945750986327,-0.0278376805595153,0.0999999999999999,1.4,2.881952250665167e-05,0.0243111023675987,-0.020483358125228,0.3123945750986327,-0.3143929912390488,0.1016270337922402,0.0238500384597343,0.3080685976406729,0.6571428571428565,train,5
uric_acid,0.5,8.0,SWV,8,0.0313420729869176,0.0869799504784375,0.3974332053285583,-0.0303896979158718,0.0999999999999999,1.4,3.227564445866668e-05,0.0251402280389318,-0.0283167340403808,0.3974332053285583,0.3128911138923653,0.1016270337922403,0.0318203346619805,0.391515307241658,0.6571428571428582,train,1
glucose,0.1,8.0,SWV,9,0.0091697460247298,0.0148421037002307,0.0609953530805049,-0.0033583384355592,0.0999999999999999,1.4,6.624804902504084e-07,0.0043403492174846,-0.0036984256899561,0.0609953530805049,0.4705882352941176,0.1612015018773466,0.0070215744421572,0.0576076722136385,0.9166666666666644,train,3
dopamine,0.1,7.5,SWV,8,0.0061426536125322,0.0167730920086337,0.0951577560576669,-0.007132516518848,0.0999999999999999,1.4,8.055452541251634e-06,0.005544352840946,-0.007749960199764,0.0951577560576669,0.1814768460575718,0.0630788485607009,0.0046905155670278,0.0928803156518639,0.8000000000000006,train,0
aluminum,10.0,7.0,SWV,0,0.2654420010137986,0.7649115746481199,3.5517325845836214,-0.4240049795059018,0.0999999999999999,1.4,-3.337228758545918e-06,0.2853080634825984,-0.3439444598391857,3.5517325845836214,-0.3126408010012516,0.1051314142678347,0.2800380099172089,3.514092204950424,1.0,train,5
copper,2.0,6.0,SWV,8,0.0669171893633409,0.2865623630468181,1.5883042648009993,-0.2573096338977826,0.0999999999999999,1.4,9.523032115769313e-05,0.1059693600401096,-0.1103202767075375,1.5883042648009993,-0.0568210262828535,0.0630788485607009,0.0801423865439275,1.5777141734102322,0.8000000000000006,train,4
uric_acid,0.2,6.0,SWV,1,0.0132436902909295,0.0341125645520305,0.1665825518850085,-0.0140384406892148,0.0999999999999999,1.4,-3.984884203988469e-06,0.0091564600240877,-0.0088976350427563,0.1665825518850085,0.4005006257822278,0.0911138923654568,0.0114907829686833,0.1633239295665942,0.8571428571428598,train,1
uric_acid,1.0,6.5,SWV,5,0.0570553790911815,0.1615609903464609,0.7561429032371942,-0.0577731987087876,0.0999999999999999,1.4,1.854143354790996e-05,0.0552659063576163,-0.0491918405797705,0.7561429032371942,0.3829787234042552,0.0963704630788485,0.057101427228425,0.7460548179266618,0.7741935483870961,train,1
dopamine,10.0,7.5,SWV,1,0.2390004416963273,0.944738961845217,5.258135716096411,-0.5626539659684626,0.0999999999999999,1.4,-0.0001927447137667,0.2792368102365844,-0.3674345476343448,5.258135716096411,0.1762202753441801,0.0665832290362953,0.2730288394043951,5.230365302530228,0.8999999999999987,train,0
glucose,5.0,7.0,SWV,2,0.2469286655965522,0.535475513530471,2.059351892557226,-0.1836914284927092,0.0999999999999999,1.4,-5.44668663181028e-05,0.1391173591758623,-0.1235178979564597,2.059351892557226,0.4688360450563203,0.1524405506883603,0.2431602288561367,2.0238117820545773,0.6111111111111127,train,3
ascorbic_acid,2.0,6.0,SWV,4,0.1561412818707609,0.3860574351933485,1.6427074521502436,-0.1658542986426119,0.0999999999999999,1.4,-7.33553576894394e-05,0.0992857702211532,-0.1079001019442352,1.6427074521502436,0.104380475594493,0.1209011264080099,0.1545466376388474,1.6178829205537275,0.7249999999999996,train,2
glucose,5.0,8.0,SWV,4,0.2526191871703148,0.5411808280975954,2.1719761343624016,-0.2215624940177616,0.0999999999999999,1.4,-0.000101851398232,0.150712985486596,-0.1384068709973278,2.1719761343624016,0.4530663329161452,0.1541927409261576,0.2481192636122037,2.1285988510846985,0.6923076923076951,train,3
copper,10.0,8.0,SWV,1,0.2102749679865834,0.9521656399795791,5.520964731057869,-0.8510852747982893,0.0999999999999999,1.4,-0.0002102846857902,0.3408045919073974,-0.3465371661351517,5.520964731057869,-0.0392991239048811,0.0578222778473092,0.2550567642126435,5.49796273356333,0.6500000000000019,train,4
copper,10.0,6.5,SWV,8,0.2135772319415943,0.9277793138486228,5.201053604495276,-0.8039713318356032,0.0999999999999999,1.4,0.0003025280027515,0.3559523036590086,-0.3848504204321108,5.201053604495276,-0.0515644555694618,0.0630788485607009,0.2589913176871332,5.168605269729823,0.8000000000000006,train,4
dopamine,2.0,6.5,SWV,8,0.0754118285622334,0.2841915503459262,1.4960778860333503,-0.1526336049161943,0.0999999999999999,1.4,8.835957450147443e-05,0.0951419002695965,-0.1052297239397413,1.4960778860333503,0.232290362953692,0.0718397997496871,0.0858675974968906,1.483746164033008,0.9523809523809518,train,0
ascorbic_acid,5.0,7.5,SWV,1,0.3255036703604262,0.8356339039008346,3.5455175668664736,-0.384824484187223,0.0999999999999999,1.4,-0.0001523858602195,0.2165201413640122,-0.1972657456089704,3.5455175668664736,0.0325406758448059,0.1173967459324155,0.3265173808880628,3.5023442825024507,0.9705882352941154,train,2
glucose,5.0,7.5,SWV,7,0.2451529281748908,0.5403535311745528,2.067178000262864,-0.1940963790775962,0.0999999999999999,1.4,-0.0002038903151779,0.1293001380778013,-0.1297027829511539,2.067178000262864,0.4846057571964955,0.1594493116395495,0.2530477337854501,2.0304738725644578,0.8571428571428568,train,3
dopamine,2.0,6.0,SWV,5,0.0742543893304522,0.2804837983727047,1.5660423830293215,-0.1278305515173159,0.0999999999999999,1.4,2.361671257158349e-05,0.1049159667543808,-0.1014351448750421,1.5660423830293215,0.2638297872340425,0.0648310387984981,0.0796744217075918,1.5552670696436648,0.7619047619047621,train,0
dopamine,5.0,7.5,SWV,4,0.1582290525689367,0.5983087751751465,3.264844421684004,-0.3614653236221309,0.0999999999999999,1.4,-0.0001288622499709,0.2213776201486466,-0.2090466952815328,3.264844421684004,0.1744680851063829,0.064831038798498,0.1698167657733038,3.2424715240390736,0.8499999999999981,train,0
ascorbic_acid,1.0,8.0,SWV,5,0.0878606977929987,0.2173388013048533,0.8849337279068772,-0.0833262889663022,0.0999999999999999,1.4,2.577378805536913e-05,0.090706635076897,-0.0485214101001356,0.8849337279068772,-0.0060075093867334,0.1209011264080099,0.0873797994424401,0.871618245963187,0.4375000000000005,train,2
ascorbic_acid,1.0,8.0,SWV,1,0.0866266540223145,0.2185354087444446,0.8817427297943762,-0.0956089157056269,0.0999999999999999,1.4,-3.677403191113357e-05,0.0585629661045954,-0.0462804742801028,0.8817427297943762,0.011514392991239,0.1244055068836045,0.0892296360693506,0.8689417740282982,0.7750000000000004,train,2
aluminum,0.5,6.5,SWV,8,0.0243349742743018,0.066305586928696,0.3100948068506767,-0.0281995682112617,0.0999999999999999,1.4,2.861103983560412e-05,0.0217957492207854,-0.020320363302019,0.3100948068506767,-0.3196495619524405,0.106883604505632,0.0246220337638507,0.3056715527868127,0.8484848484848493,train,5
copper,0.2,8.0,SWV,3,0.0091602460610832,0.033746228523019,0.1975611428822436,-0.0235045451916291,0.0999999999999999,1.4,-1.4577832197553962e-05,0.0143640904907374,-0.014739686123125,0.1975611428822436,-0.0375469336670839,0.0595744680851064,0.0092138854532486,0.1950631669870222,0.7894736842105242,train,4
copper,5.0,8.0,SWV,9,0.1404770240957825,0.615217326081686,3.734621312011516,-0.4816306395467494,0.0999999999999999,1.4,-9.78435014456953e-05,0.2323282938269738,-0.2134515622652941,3.734621312011516,-0.0375469336670839,0.0578222778473092,0.1641958313457082,3.711002714893565,0.7368421052631553,train,4
copper,5.0,7.5,SWV,0,0.137637414599495,0.6089202145231604,3.572181263120915,-0.5597483612752688,0.0999999999999999,1.4,-1.6952517228200072e-05,0.2954186220611068,-0.2906183615389374,3.572181263120915,-0.0392991239048811,0.057822277847309,0.1622955626384332,3.551625027611714,0.9411764705882382,train,4
uric_acid,0.1,7.5,SWV,4,0.0078447793707778,0.0175909217709178,0.0856588492545933,-0.0054861770534302,0.0999999999999999,1.4,-1.044859070881309e-06,0.0046363646338994,-0.0045179556377244,0.0856588492545933,0.3216520650813516,0.0946182728410512,0.0061044023876372,0.0831001520389721,0.7419354838709666,train,1
ascorbic_acid,10.0,7.5,SWV,9,0.5154565278711547,1.2965007200945586,5.562243208061743,-0.5066561711048058,0.0999999999999999,1.4,-0.0001615977381306,0.3443015961103185,-0.3179251911835464,5.562243208061743,0.0307884856070087,0.1191489361702127,0.5112764508655916,5.485832560845664,0.8888888888888908,train,2
dopamine,5.0,8.0,SWV,8,0.1600723798768738,0.6121359245318095,3.2350105788369303,-0.3256364810834278,0.0999999999999999,1.4,0.0001863019830653,0.2417225261276634,-0.2266635762050488,3.2350105788369303,0.1481852315394242,0.0735919899874842,0.1877177408202878,3.212629589910814,0.8260869565217395,train,0
dopamine,0.1,6.0,SWV,0,0.0059432474498685,0.0160058913151136,0.0912541091655635,-0.0064854342351329,0.0999999999999999,1.4,2.067685704284247e-06,0.009023315653546,-0.0064035981855479,0.0912541091655635,0.2550688360450562,0.0648310387984981,0.0045535294226078,0.0890308589278378,0.7619047619047621,train,0
glucose,5.0,6.0,SWV,7,0.2408939481663412,0.531480504056515,1.9770820873786616,-0.1877374205010152,0.0999999999999999,1.4,-0.0001945414311375,0.1244976831442532,-0.1346123239303704,1.9770820873786616,0.4986232790988735,0.162953692115144,0.2515094146358497,1.9423910087091127,0.6034482758620703,train,3
copper,2.0,6.5,SWV,1,0.0653715346593091,0.2902954136021899,1.6312607862697035,-0.2955828522048515,0.0999999999999999,1.4,-6.06048426279884e-05,0.1214867975657147,-0.0879101226015492,1.6312607862697035,-0.0550688360450564,0.0648310387984981,0.0826053483707174,1.6232164130169235,0.681818181818181,train,4
dopamine,5.0,7.0,SWV,3,0.1583240900087447,0.5956279413538933,3.3218973679821904,-0.2573647005069934,0.0999999999999999,1.4,-0.0002773873830931,0.2172212165575242,-0.224601586520153,3.3218973679821904,0.2007509386733416,0.0665832290362954,0.1714758890689511,3.2997526194487845,0.8095238095238102,train,0
copper,10.0,8.0,SWV,9,0.2177418923393825,0.9569603723867094,5.8083764718312,-0.750248538128437,0.0999999999999999,1.4,-0.0001535864975035,0.3613869521579098,-0.3320377731018784,5.8083764718312,-0.0375469336670839,0.0578222778473092,0.2554057272906047,5.772447995685602,0.7368421052631553,train,4
copper,0.1,8.0,SWV,0,0.0052022861790581,0.017112303659601,0.1016834001161723,-0.0125019649259871,0.0999999999999999,1.4,1.9932773311247405e-06,0.0081773639234765,-0.0084380447168508,0.1016834001161723,-0.0322903629536921,0.0578222778473092,0.0045762984042715,0.0998447279498373,0.9411764705882346,train,4
uric_acid,5.0,8.0,SWV,8,0.221255680556262,0.6471955816858834,2.9439277752876523,-0.2431315054167254,0.0999999999999999,1.4,0.0002228483150001,0.1863737430566903,-0.2099320723473765,2.9439277752876523,0.3128911138923653,0.1016270337922403,0.2367785627055835,2.912319927660642,0.6571428571428582,train,1
dopamine,0.5,8.0,SWV,8,0.0231058568231651,0.0823664518063758,0.4369481203704844,-0.0422156021329927,0.0999999999999999,1.4,2.736299102433183e-05,0.0325851554935942,-0.0305502211134694,0.4369481203704844,0.1481852315394242,0.0735919899874842,0.0252675180090505,0.4324766417904746,0.8260869565217395,train,0
dopamine,0.1,6.0,SWV,2,0.0059083636932774,0.0159982972592369,0.090712927473423,-0.0062708285792859,0.0999999999999999,1.4,2.429610497538823e-07,0.0062888024579066,-0.0043541703874288,0.090712927473423,0.2585732165206507,0.064831038798498,0.0045434223347461,0.0884029620300522,0.8499999999999981,train,0
glucose,1.0,7.5,SWV,2,0.0660282633641883,0.1394632013956654,0.5562032933721859,-0.0466142458691602,0.0999999999999999,1.4,-1.2466825094110143e-05,0.0339584267671226,-0.0338086497641346,0.5562032933721859,0.4583229036295367,0.1612015018773467,0.0661066311296685,0.5452824339717139,0.6428571428571411,train,3
glucose,0.2,6.0,SWV,2,0.0155263854217533,0.0290470745911747,0.1127097502352343,-0.0082082739034278,0.0999999999999999,1.4,-4.808484399889085e-07,0.0081017456914196,-0.0067591233649476,0.1127097502352343,0.4951188986232789,0.1612015018773467,0.0137209653944674,0.1087496467940627,0.5333333333333338,train,3
uric_acid,1.0,7.5,SWV,7,0.0565044865687443,0.1644224219237704,0.7701043176926258,-0.0590805053014251,0.0999999999999999,1.4,-5.988371523710242e-05,0.043500288911978,-0.0399078455050227,0.7701043176926258,0.3216520650813516,0.0981226533166458,0.0582942781425924,0.7624986064528515,0.749999999999999,train,1
copper,0.5,8.0,SWV,2,0.01964157967926,0.082556334031488,0.4866377755276275,-0.0620784033950798,0.0999999999999999,1.4,-9.921961284880464e-06,0.0328038278881865,-0.0319727901738656,0.4866377755276275,-0.0357947434292866,0.0578222778473092,0.0220982794903032,0.4830509258725619,0.8333333333333316,train,4
dopamine,0.2,6.0,SWV,0,0.010021866776809,0.0318668353547753,0.1796804054289249,-0.0144161887629066,0.0999999999999999,1.4,1.6133486004006906e-06,0.0178557495525255,-0.012647469226848,0.1796804054289249,0.2550688360450562,0.0648310387984981,0.009070824264442,0.1771675383718988,0.7619047619047621,train,0
uric_acid,5.0,6.5,SWV,7,0.2090933765449859,0.6252864687102604,2.895541091877775,-0.2289263816111273,0.0999999999999999,1.4,-0.0002322623690401,0.1391913262798507,-0.1671521746463611,2.895541091877775,0.3847309136420525,0.0963704630788485,0.2212442353346991,2.8723755718835964,0.7187499999999987,train,1
ascorbic_acid,0.2,8.0,SWV,0,0.0200221600716108,0.0464499422425582,0.1937836587781319,-0.020859666242841,0.0999999999999999,1.4,2.614764609321345e-06,0.0148312433217552,-0.0162937961926322,0.1937836587781319,0.0150187734668334,0.1191489361702127,0.0185051887977919,0.189798284044536,0.9428571428571422,train,2
dopamine,2.0,7.0,SWV,8,0.0763413081350113,0.2890131692364515,1.6458452389261642,-0.1175278981103464,0.0999999999999999,1.4,9.566341111687144e-05,0.1261770549642405,-0.0881909849218025,1.6458452389261642,0.2042553191489361,0.0665832290362954,0.083205799831211,1.6360398963644336,0.9999999999999968,train,0
uric_acid,0.1,8.0,SWV,5,0.0078815893760439,0.0176563320150733,0.0827979947856565,-0.0043869779355986,0.0999999999999999,1.4,4.264116272832269e-06,0.0060622443700819,-0.0059022853395416,0.0827979947856565,0.3006257822277847,0.0998748435544431,0.0063960022135955,0.0799824547994779,0.9000000000000008,train,1
glucose,0.1,6.0,SWV,5,0.0089748662538295,0.0146134473723645,0.0580478984127,-0.0041379870918021,0.0999999999999999,1.4,4.494012006072232e-06,0.0049502214242108,-0.0033637028401561,0.0580478984127,0.5196495619524405,0.1594493116395494,0.0068241720173271,0.0546776228125526,0.9782608695652144,train,3
glucose,0.5,8.0,SWV,5,0.0358342115471676,0.0728244740939108,0.2892476320828914,-0.0241491179232099,0.0999999999999999,1.4,1.1900644455073707e-05,0.0244504421294394,-0.0162806788048242,0.2892476320828914,0.4513141426783479,0.1594493116395493,0.0342957376597323,0.281872595432896,0.6545454545454555,train,3
aluminum,2.0,8.0,SWV,8,0.0846406772360967,0.2405209433979575,1.1072407898938947,-0.1021440034579734,0.0999999999999999,1.4,9.675213414078303e-05,0.0925402346275767,-0.0735593283299375,1.1072407898938947,-0.3038798498122653,0.1033792240300375,0.0871903318374493,1.0948060727376236,0.7352941176470591,train,5
glucose,0.1,7.0,SWV,3,0.0091304369140955,0.0147340470089089,0.0611995199318403,-0.0043341491815438,0.0999999999999999,1.4,-4.62269801375523e-06,0.0042830481155841,-0.006003558999741,0.0611995199318403,0.481101376720901,0.1419274092615767,0.0063715719821915,0.0577824280162388,0.8,train,3
glucose,0.1,6.0,SWV,9,0.0090034310713277,0.0145258277301291,0.0567234445291397,-0.0031445570366451,0.0999999999999999,1.4,7.905560821203192e-07,0.003923580109341,-0.0035542957040504,0.0567234445291397,0.5038798498122653,0.1594493116395494,0.00678400701917,0.0533752463900292,0.6851851851851878,train,3
copper,5.0,6.0,SWV,7,0.1310612017146704,0.5998036552946422,3.3600336594268936,-0.593689580293427,0.0999999999999999,1.4,-0.0002391112408462,0.2443139749257153,-0.192099698910612,3.3600336594268936,-0.0550688360450564,0.0630788485607009,0.1684825573258251,3.351974369360489,0.8947368421052587,train,4
copper,0.5,6.0,SWV,2,0.0193024972162695,0.0806891642601568,0.4572894921973675,-0.0713960005255169,0.0999999999999999,1.4,-9.45475617500094e-06,0.0331201226112615,-0.0262225076299076,0.4572894921973675,-0.0585732165206508,0.0630788485607009,0.0225914346068435,0.4538428204259845,0.7142857142857139,train,4
glucose,0.5,7.5,SWV,9,0.0357743665135205,0.0721903438879887,0.2914259256639603,-0.0257464905404435,0.0999999999999999,1.4,-6.261415412926901e-06,0.0199958378951943,-0.0173861752995344,0.2914259256639603,0.4705882352941176,0.1541927409261576,0.0331276051779581,0.2839563965607303,0.8333333333333338,train,3
glucose,0.5,7.0,SWV,6,0.0354793649039266,0.0716365861973777,0.2752792904299185,-0.0237881080912619,0.0999999999999999,1.4,6.463872403300974e-06,0.0207693428304089,-0.0179068366819673,0.2752792904299185,0.4793491864831037,0.162953692115144,0.0339717343294454,0.267930444569256,0.8235294117647062,train,3
ascorbic_acid,2.0,6.5,SWV,6,0.157557217813285,0.3938273872400337,1.6755234874581997,-0.1405542770216893,0.0999999999999999,1.4,1.9023426477731145e-05,0.1124687581472448,-0.0997334249774412,1.6755234874581997,0.076345431789737,0.1191489361702127,0.156875092788162,1.6529898177058886,0.9428571428571422,train,2
ascorbic_acid,2.0,6.0,SWV,3,0.1575333561766937,0.3918385090800416,1.6381278148918772,-0.1547363271193245,0.0999999999999999,1.4,-0.0001765268266428,0.1147868664580724,-0.1399912326069908,1.6381278148918772,0.104380475594493,0.1173967459324154,0.1540558951538517,1.6137253453233846,0.7631578947368423,train,2
aluminum,5.0,8.0,SWV,5,0.17337805463266,0.4980994139409922,2.309490889061782,-0.2229678035809007,0.0999999999999999,1.4,5.726171508042629e-05,0.1897772296506182,-0.1311003893051563,2.309490889061782,-0.3038798498122653,0.0981226533166457,0.17395264136632,2.2873697898903607,0.7499999999999998,train,5
dopamine,5.0,6.5,SWV,8,0.1542816875811785,0.5887889601826986,3.097458542051464,-0.3179101634547112,0.0999999999999999,1.4,0.0001802228600699,0.1970534376135124,-0.2179536094062318,3.097458542051464,0.232290362953692,0.0718397997496871,0.1778886751680742,3.073730450557896,0.9523809523809518,train,0
ascorbic_acid,0.5,7.0,SWV,5,0.0456033971880511,0.1110365226239596,0.4789396693481889,-0.0431639639353711,0.0999999999999999,1.4,1.5380021751302472e-05,0.042864180595927,-0.0264872311637396,0.4789396693481889,0.0500625782227783,0.1209011264080099,0.0441032007869758,0.4709773388890412,0.6829268292682918,train,2
copper,10.0,6.5,SWV,7,0.2041142534485964,0.9372090023981992,5.201111516913051,-1.0062979935674463,0.0999999999999999,1.4,-0.0003752331508783,0.3476014479640568,-0.3278845796997629,5.201111516913051,-0.0550688360450564,0.0613266583229036,0.2584478911677434,5.184945302406337,0.6666666666666656,train,4
uric_acid,2.0,8.0,SWV,3,0.1088417925454491,0.3122312082926366,1.4286326210368758,-0.1217970457128679,0.0999999999999999,1.4,-0.0001361697343963,0.1004490976812865,-0.1122606671798075,1.4286326210368758,0.2988735919899874,0.0963704630788485,0.1108405636817434,1.4108192664027095,0.8965517241379318,train,1
uric_acid,0.2,7.5,SWV,6,0.013780570923824,0.0349388579336766,0.1698160605193353,-0.0110871459085544,0.0999999999999999,1.4,3.5992701966316336e-06,0.0130757486922436,-0.0091462978806506,0.1698160605193353,0.3198998748435543,0.092866082603254,0.0119775972777415,0.1663869197280246,0.6562499999999979,train,1
glucose,1.0,6.0,SWV,2,0.0648926763315821,0.137123053527835,0.5229924212260423,-0.0450695532149291,0.0999999999999999,1.4,-1.147609576507776e-05,0.0378699846856445,-0.0315899207429197,0.5229924212260423,0.4951188986232789,0.1612015018773467,0.0647357755527185,0.5125096268262423,0.5333333333333338,train,3
copper,2.0,8.0,SWV,5,0.0679866416321567,0.2953853279705357,1.7780280457576036,-0.2263035949178359,0.0999999999999999,1.4,2.5898093287315005e-05,0.1395318271146005,-0.109161560052701,1.7780280457576036,-0.0392991239048811,0.0578222778473092,0.0791920580382419,1.767144337455069,0.6500000000000019,train,4
dopamine,0.2,7.0,SWV,2,0.0101622100807038,0.0326470180236147,0.1833367590705013,-0.0112804122573035,0.0999999999999999,1.4,-2.0952519079923883e-06,0.0150658115978848,-0.0092413490932474,0.1833367590705013,0.2025031289111388,0.0665832290362954,0.0094163462363576,0.180717774880552,0.9000000000000019,train,0
uric_acid,10.0,8.0,SWV,0,0.3408338350090091,1.0048374995895537,4.591453085683191,-0.4729601448324211,0.0999999999999999,1.4,-5.226691917245667e-06,0.4215867906490113,-0.3579731991972906,4.591453085683191,0.3041301627033791,0.0998748435544431,0.364337171267646,4.54546889926717,0.965517241379312,train,1
glucose,2.0,7.5,SWV,3,0.1233422772330542,0.2602438251620459,1.0260155488671217,-0.1020761761556036,0.0999999999999999,1.4,-0.0001192515127198,0.075018624913589,-0.10141302510245,1.0260155488671217,0.481101376720901,0.1594493116395494,0.1223295873903364,1.004590944052211,0.8958333333333346,train,3
copper,5.0,7.0,SWV,1,0.1344902625837546,0.6044960339686518,3.417226670781641,-0.6074932244211665,0.0999999999999999,1.4,-0.0001304291835448,0.243992917949882,-0.2007956396075892,3.417226670781641,-0.0392991239048811,0.0595744680851064,0.1636732618434775,3.4028759277060074,0.7894736842105242,train,4
dopamine,5.0,6.5,SWV,4,0.154366709592425,0.5871425481590209,3.1215594558754898,-0.3531319176595113,0.0999999999999999,1.4,-0.0001218138827197,0.2072762945035773,-0.2405450122253271,3.1215594558754898,0.2305381727158948,0.0718397997496871,0.177460151617021,3.0971276281896123,0.8636363636363674,train,0
uric_acid,2.0,8.0,SWV,5,0.1074982332516625,0.309521471730667,1.416969439942546,-0.1110190792155173,0.0999999999999999,1.4,3.216486039810424e-05,0.1043943321357888,-0.1020569340807587,1.416969439942546,0.3006257822277847,0.0998748435544431,0.1121884075092537,1.39968356315832,0.9000000000000008,train,1
uric_acid,10.0,8.0,SWV,5,0.3423837935478582,0.9977193335428352,4.562805268523001,-0.362446349601852,0.0999999999999999,1.4,9.795187812506104e-05,0.336251044341245,-0.3287794742705761,4.562805268523001,0.3006257822277847,0.0998748435544431,0.3616856847170819,4.511899701979113,0.9000000000000008,train,1
dopamine,5.0,6.5,SWV,0,0.1529684362926799,0.584648149270569,3.1168478606593406,-0.3176490512949583,0.0999999999999999,1.4,-1.6296048932033963e-05,0.2057614074601412,-0.2239050538901735,3.1168478606593406,0.2287859824780975,0.0683354192740925,0.171188487333087,3.094022342172513,0.7727272727272753,train,0
glucose,0.5,6.5,SWV,1,0.034797849352836,0.0712153748053906,0.2760687287672846,-0.0254127253420181,0.0999999999999999,1.4,-1.0332669072376686e-05,0.0191040084932583,-0.0158725712351302,0.2760687287672846,0.4986232790988735,0.1401752190237797,0.0305486692643167,0.2689300429498278,0.8604651162790681,train,3
glucose,1.0,6.0,SWV,7,0.064079541172416,0.1376937389360714,0.5139803431961484,-0.0467623972962359,0.0999999999999999,1.4,-4.869511626745611e-05,0.0323648490811077,-0.0349400652083277,0.5139803431961484,0.4986232790988735,0.162953692115144,0.0651656735860084,0.5033542116529609,0.6034482758620703,train,3
uric_acid,1.0,8.0,SWV,8,0.0586958847767408,0.1676690948345428,0.7642122586148473,-0.0610315220415091,0.0999999999999999,1.4,5.972438301402925e-05,0.0483631623007488,-0.0544753218623761,0.7642122586148473,0.3128911138923653,0.1016270337922403,0.0613369887377729,0.7545540313889662,0.6571428571428582,train,1
glucose,0.1,8.0,SWV,5,0.0091400162139086,0.0148837697069803,0.0611132755300956,-0.0034155692750248,0.0999999999999999,1.4,4.516978913376617e-06,0.0051300412252079,-0.0034522128784859,0.0611132755300956,0.4513141426783479,0.1594493116395493,0.0070013397963539,0.0577242939852766,0.6545454545454555,train,3
aluminum,0.1,7.0,SWV,7,0.0059917039615946,0.0137938656870117,0.064595179205812,-0.0049759712620999,0.0999999999999999,1.4,-3.379333690016166e-06,0.0038455194105054,-0.0036329807980438,0.064595179205812,-0.316145181476846,0.1103879849812265,0.005227760530747,0.0628804214724489,0.8529411764705891,train,5
copper,0.1,7.5,SWV,4,0.0052295566854852,0.0169763787315545,0.1024183897465112,-0.0133935428801122,0.0999999999999999,1.4,-1.4769118795780962e-06,0.0066137256670951,-0.0074258751610918,0.1024183897465112,-0.0375469336670839,0.057822277847309,0.0045281864999795,0.1005686315111032,0.9411764705882382,train,4
ascorbic_acid,0.2,7.0,SWV,9,0.0198206124299849,0.0455374048037574,0.1952302486310093,-0.0157422171607954,0.0999999999999999,1.4,-3.2726289035621416e-06,0.0130509458033825,-0.0114703235375766,0.1952302486310093,0.0500625782227783,0.1261576971214018,0.0186478653857614,0.1908649389187615,0.7142857142857139,train,2
dopamine,0.1,7.0,SWV,0,0.0060494587261912,0.0164841224143704,0.09358833900725,-0.0068791927812018,0.0999999999999999,1.4,2.0569393927864374e-06,0.0075218913595555,-0.0065703342797671,0.09358833900725,0.2007509386733416,0.0665832290362954,0.0047581418967565,0.0913748511251983,0.8095238095238102,train,0
copper,0.5,7.5,SWV,4,0.0199586236842083,0.0819222548423283,0.4892908271778408,-0.0721454041135564,0.0999999999999999,1.4,-1.6666752920915274e-05,0.0319471446693131,-0.0358826131332055,0.4892908271778408,-0.0375469336670839,0.057822277847309,0.0218626274194363,0.4857550920089062,0.9411764705882382,train,4
dopamine,0.5,7.5,SWV,2,0.0224800606117262,0.0807077504403662,0.4647492969591728,-0.0448912842813623,0.0999999999999999,1.4,-8.865586906346292e-06,0.0288535099925941,-0.0316512212152923,0.4647492969591728,0.1727158948685856,0.0630788485607009,0.0225834801531906,0.460445961312347,0.7142857142857139,train,0
uric_acid,5.0,7.5,SWV,5,0.2187953364414379,0.6351308482049813,3.0209434962292905,-0.2342770975073463,0.0999999999999999,1.4,6.61135589855882e-05,0.2179091720355198,-0.1861686273433447,3.0209434962292905,0.3321652065081351,0.092866082603254,0.2175641675508602,2.985770755075646,0.8928571428571437,train,1
uric_acid,0.1,6.5,SWV,8,0.0077342192640884,0.0172370758978141,0.0826712573356709,-0.0050463514646189,0.0999999999999999,1.4,8.716075738515554e-06,0.0051521261989455,-0.0050807579917247,0.0826712573356709,0.3812265331664579,0.0946182728410512,0.0060256192014475,0.0799537149659154,0.7999999999999996,train,1
dopamine,2.0,7.5,SWV,4,0.0773174733194596,0.28880502722877,1.576940039425044,-0.1735768688451561,0.0999999999999999,1.4,-6.0928013955632816e-05,0.1068952678445785,-0.1009239732011041,1.576940039425044,0.1744680851063829,0.064831038798498,0.0819674232085262,1.565129258001926,0.8499999999999981,train,0
uric_acid,1.0,6.0,SWV,4,0.0567082478669374,0.1613475899645251,0.7673874941558986,-0.0677326973834029,0.0999999999999999,1.4,-2.952482852537468e-05,0.0461163929935493,-0.045873529643484,0.7673874941558986,0.4075093867334166,0.0981226533166457,0.0573730156147949,0.7586755290096404,1.0,train,1
glucose,0.5,7.5,SWV,1,0.035188961985328,0.0721167841787711,0.2892757185062414,-0.0259006071756687,0.0999999999999999,1.4,-1.0706535598310591e-05,0.0191468514897768,-0.0158817220218003,0.2892757185062414,0.4688360450563203,0.1576971214017521,0.0335670655409078,0.2821153526829922,0.8367346938775515,train,3
glucose,0.1,8.0,SWV,3,0.0092137250110115,0.0148878514702134,0.0596531087934561,-0.0043998283543644,0.0999999999999999,1.4,-4.717999066741889e-06,0.0045044061142622,-0.006067333209643,0.0596531087934561,0.4618272841051313,0.1612015018773466,0.0070481004262591,0.056327121269107,0.877551020408163,train,3
ascorbic_acid,0.1,7.5,SWV,5,0.0109287949125031,0.0231588306071723,0.0993794759164158,-0.00810782409371,0.0999999999999999,1.4,5.263749173788071e-06,0.0096314881022321,-0.0054223726673541,0.0993794759164158,0.0307884856070087,0.1226533166458072,0.0092941398151182,0.0963142360222129,0.8918918918918939,train,2
dopamine,2.0,7.0,SWV,6,0.0762752336848977,0.2884482905534701,1.6173477280592354,-0.118579710281694,0.0999999999999999,1.4,4.509279559416924e-06,0.1199104316227596,-0.082404331174988,1.6173477280592354,0.1989987484355443,0.0630788485607009,0.0806172967057415,1.610600927062853,0.7142857142857139,train,0
glucose,2.0,8.0,SWV,0,0.1223742934939911,0.2605940043034138,1.0414466102718491,-0.1273149474796743,0.0999999999999999,1.4,6.259947337889159e-06,0.085139835227895,-0.0936631363515461,1.0414466102718491,0.4565707133917395,0.1629536921151438,0.124344093352605,1.0213039089560263,0.7884615384615371,train,3
glucose,1.0,8.0,SWV,9,0.0672476191292587,0.1400708215690746,0.5538551854444629,-0.0522287427084347,0.0999999999999999,1.4,-1.4514134864948804e-05,0.0395348601311674,-0.0335725207344602,0.5538551854444629,0.4705882352941176,0.1612015018773466,0.0662919935732201,0.5415060042273232,0.9166666666666644,train,3
uric_acid,5.0,7.5,SWV,8,0.2193129619617055,0.6419698460998658,3.085913933703083,-0.2453589027166875,0.0999999999999999,1.4,0.0002277555259965,0.1875982607607742,-0.2102375724271094,3.085913933703083,0.3251564455569461,0.0911138923654568,0.2170479184968013,3.052959707831922,0.7931034482758638,train,1
dopamine,0.5,7.5,SWV,0,0.0226535308931002,0.0815309114287273,0.4613704170705244,-0.0436794055967462,0.0999999999999999,1.4,2.0842146270902163e-07,0.029344502656114,-0.0374597254309367,0.4613704170705244,0.1762202753441801,0.0613266583229036,0.0223587238896108,0.4568190583290362,0.9444444444444472,train,0
uric_acid,10.0,6.0,SWV,9,0.3320429469915186,0.9699903476891164,4.622365790624168,-0.3779881608208915,0.0999999999999999,1.4,-0.0001251329421467,0.2857115117063713,-0.2660801332614535,4.622365790624168,0.3987484355444304,0.0911138923654568,0.3280122191228192,4.581060137892326,0.7931034482758598,train,1
aluminum,0.1,7.5,SWV,7,0.0060100657090602,0.0138594089316729,0.0641299217829268,-0.0049966017861368,0.0999999999999999,1.4,-3.4031055037348102e-06,0.0037774410470887,-0.0036476046620126,0.0641299217829268,-0.316145181476846,0.1051314142678347,0.0050705248984011,0.062418003817705,0.6666666666666675,train,5
dopamine,1.0,6.5,SWV,2,0.0406830091691911,0.1518399976396137,0.8257796180789841,-0.0803327896556512,0.0999999999999999,1.4,-1.8479312675248357e-05,0.0486487780030257,-0.0408466909148984,0.8257796180789841,0.2270337922403003,0.0700876095118898,0.04529179448158,0.8187443184778007,0.6666666666666675,train,0
ascorbic_acid,0.2,6.0,SWV,6,0.0194036330479462,0.0445069363154131,0.1902686426991191,-0.0143281755898386,0.0999999999999999,1.4,4.38961292718764e-06,0.0127079123919384,-0.0113901961360256,0.1902686426991191,0.1061326658322903,0.1279098873591989,0.0184817590930879,0.1860622957330251,0.6976744186046516,train,2
ascorbic_acid,0.2,7.0,SWV,3,0.0199473038335047,0.0456378501278688,0.1963339373647239,-0.0167248729828756,0.0999999999999999,1.4,-1.877231555661248e-05,0.011673910059777,-0.0167993404268016,0.1963339373647239,0.0605757196495618,0.1226533166458072,0.0183512473339434,0.1918181950269534,1.0,train,2
dopamine,10.0,7.0,SWV,6,0.2417759867898223,0.9296253848132,5.207970290747211,-0.385700398540677,0.0999999999999999,1.4,8.884366005493076e-06,0.3863627678079884,-0.2654515169041183,5.207970290747211,0.1989987484355443,0.0630788485607009,0.2598474172250126,5.190851361849735,0.7142857142857139,train,0
copper,1.0,8.0,SWV,5,0.0371593496743618,0.158670570896543,0.955722912628932,-0.120652990633289,0.0999999999999999,1.4,1.5097043354739876e-05,0.074965313782837,-0.0586250408951164,0.955722912628932,-0.0392991239048811,0.0578222778473092,0.0425440404351893,0.9493176221203689,0.6500000000000019,train,4
aluminum,10.0,6.5,SWV,5,0.2657370150915107,0.765488690119196,3.4741263240747395,-0.3431194144066282,0.0999999999999999,1.4,8.661848858083606e-05,0.2916264013731902,-0.2037263680067779,3.4741263240747395,-0.3178973717146433,0.1051314142678347,0.2822938651406165,3.439834902743736,0.9999999999999988,train,5
uric_acid,2.0,8.0,SWV,4,0.1077911785637021,0.3114985472142262,1.4340766936231242,-0.1303025547348917,0.0999999999999999,1.4,-5.830507779158602e-05,0.0794033844603964,-0.0850652429649632,1.4340766936231242,0.3058823529411764,0.0963704630788485,0.1102067649986092,1.417136651063176,0.8965517241379318,train,1
glucose,0.5,8.0,SWV,2,0.0355384736718469,0.0727165079804858,0.2941976794369723,-0.0235097084135144,0.0999999999999999,1.4,-5.351157242619496e-06,0.0163002308594591,-0.0183626597434084,0.2941976794369723,0.4583229036295367,0.157697121401752,0.034021758260073,0.2873453010405822,0.8367346938775502,train,3
copper,0.1,7.0,SWV,3,0.0052706779089179,0.0168125486589314,0.0959959731422369,-0.0124120643229482,0.0999999999999999,1.4,-5.847025457849124e-06,0.0063950291702383,-0.0069375912685748,0.0959959731422369,-0.0392991239048811,0.0613266583229036,0.004639190576624,0.0940782917195577,0.8421052631578898,train,4
aluminum,5.0,7.0,SWV,3,0.1744480383810661,0.494321762547823,2.273660848299198,-0.2224552787087214,0.0999999999999999,1.4,-0.0002482358358854,0.1466923112352575,-0.1914361861768381,2.273660848299198,-0.3108886107634543,0.1051314142678347,0.1810136702572868,2.2472014278794896,0.8749999999999986,train,5
aluminum,0.1,8.0,SWV,4,0.0061920322328686,0.0139836832760018,0.0654308897340846,-0.0053499390756633,0.0999999999999999,1.4,-6.125121480298943e-07,0.0045832933860619,-0.003902777955395,0.0654308897340846,-0.3056320400500626,0.1033792240300375,0.0050626201328382,0.0635563840305521,0.6857142857142854,train,5
glucose,1.0,6.0,SWV,0,0.0652066160025821,0.1367577036420122,0.5103322645859079,-0.0657805747484984,0.0999999999999999,1.4,4.945686568292376e-06,0.0439676343988762,-0.0484561281309747,0.5103322645859079,0.5143929912390487,0.1612015018773467,0.0643046804584588,0.4981798693838211,0.8775510204081642,train,3
ascorbic_acid,5.0,6.0,SWV,5,0.3207033729539938,0.8113634628107653,3.441934907616984,-0.2968686314842501,0.0999999999999999,1.4,9.358357823045117e-05,0.2787794641598596,-0.2118909769472502,3.441934907616984,0.1008760951188986,0.1191489361702127,0.3215695945085841,3.3980186628675444,0.7894736842105239,train,2
dopamine,2.0,7.5,SWV,3,0.0783087363995872,0.2902555154158273,1.6089931480702917,-0.1554059224759299,0.0999999999999999,1.4,-0.0001343939687974,0.0921351133822944,-0.1098395653331898,1.6089931480702917,0.1779724655819774,0.0665832290362953,0.0836545451904902,1.593250739313104,1.0,train,0
dopamine,0.5,8.0,SWV,9,0.0231806043165302,0.081582216195186,0.4361024596632072,-0.0353097610658883,0.0999999999999999,1.4,-9.761763178603826e-06,0.0335628350322735,-0.0297485520715711,0.4361024596632072,0.1516896120150187,0.0718397997496871,0.0246293670590278,0.4307455933148255,0.9523809523809518,train,0
glucose,0.2,7.5,SWV,6,0.0159080835390788,0.0293898429556489,0.1155513765167413,-0.0085643257819195,0.0999999999999999,1.4,4.14847834629306e-06,0.0087137365190191,-0.0074456082827322,0.1155513765167413,0.4635794743429285,0.1524405506883606,0.0133814794197947,0.1112095787237978,0.6415094339622647,train,3
glucose,2.0,6.0,SWV,8,0.1201691090398266,0.2544845487854633,0.9583481134627988,-0.0924157397533296,0.0999999999999999,1.4,0.0001035730559522,0.0713610416426147,-0.0659237268362828,0.9583481134627988,0.5301627033792239,0.1506883604505633,0.1145821582467962,0.9377511372754376,0.7200000000000015,train,3
copper,1.0,6.5,SWV,2,0.0360543553484787,0.1560319096442242,0.8712632553173857,-0.137069050667248,0.0999999999999999,1.4,-2.0639008670176312e-05,0.0662107008440519,-0.0530564396116875,0.8712632553173857,-0.0515644555694618,0.0613266583229036,0.0429689821581223,0.8661730483383581,0.8421052631578959,train,4
copper,2.0,6.5,SWV,0,0.0665560163331738,0.2901828375816064,1.6380178788529076,-0.2700703907457736,0.0999999999999999,1.4,-7.844756204025025e-06,0.1216260773391838,-0.1215615076756839,1.6380178788529076,-0.0533166458072591,0.0630788485607009,0.0810572464461958,1.6266980425492086,0.7142857142857139,train,4
aluminum,0.2,6.0,SWV,0,0.0106805456853225,0.027011654224349,0.1224029277545848,-0.0139856759882096,0.0999999999999999,1.4,2.318935894159669e-06,0.010061190327648,-0.0117776859526333,0.1224029277545848,-0.3126408010012516,0.106883604505632,0.0100926946360391,0.1199123048474466,0.6944444444444442,train,5
aluminum,0.5,7.0,SWV,4,0.0244386222805263,0.0666525774069,0.30968982335338,-0.0304466228252558,0.0999999999999999,1.4,-1.2294565908747114e-05,0.0221348258978658,-0.0187924635069933,0.30968982335338,-0.3126408010012516,0.099874843554443,0.0235972555784685,0.3057378663556769,0.8999999999999998,train,5
aluminum,0.2,7.0,SWV,0,0.0107547250509563,0.027232025139553,0.1276331185568537,-0.014204992469151,0.0999999999999999,1.4,2.334038525460004e-06,0.0101984185099967,-0.0122918896665697,0.1276331185568537,-0.3126408010012516,0.1051314142678347,0.0099799790877753,0.1251479585090422,1.0,train,5
ascorbic_acid,0.2,6.0,SWV,5,0.01937693816984,0.0447279645607357,0.1914781768070911,-0.0152266851376467,0.0999999999999999,1.4,7.605950119043623e-06,0.01545842167929,-0.0117336250867337,0.1914781768070911,0.1008760951188986,0.1191489361702127,0.0177160390380649,0.1872660306985726,0.7894736842105239,train,2
glucose,5.0,7.0,SWV,8,0.249553867614862,0.5328887731637794,2.118797720598348,-0.2020147617551517,0.0999999999999999,1.4,0.0002170289768255,0.1515069855241158,-0.1398966363004482,2.118797720598348,0.4775969962453065,0.143679599499374,0.2323845507959823,2.078205119345633,0.7446808510638291,train,3
uric_acid,10.0,7.0,SWV,7,0.327232893655426,0.9799522951458614,4.453363739093966,-0.3594759787385204,0.0999999999999999,1.4,-0.000364596063464,0.2445877015724056,-0.2664107639744641,4.453363739093966,0.3426783479349186,0.0963704630788484,0.3486528758800489,4.416351295418343,0.5714285714285725,train,1
glucose,0.1,7.5,SWV,3,0.0091721063358852,0.0148106728806739,0.0607998544194239,-0.004366731214844,0.0999999999999999,1.4,-4.672412369230079e-06,0.0044170094259139,-0.0060350275061761,0.0607998544194239,0.481101376720901,0.1594493116395494,0.0069560370573877,0.0573777957752882,0.8958333333333346,train,3
copper,5.0,7.5,SWV,3,0.1414712823809974,0.6064293647725261,3.521279717309449,-0.4972344787651095,0.0999999999999999,1.4,-0.0003032889211443,0.253118491858526,-0.2623883547615794,3.521279717309449,-0.0392991239048811,0.057822277847309,0.1619069966996021,3.497074148528489,0.9411764705882382,train,4
copper,0.5,6.5,SWV,6,0.0197425662434021,0.0807913983127424,0.4506159467557489,-0.0768335271580228,0.0999999999999999,1.4,2.558373383375625e-06,0.0313262642111613,-0.0320132614303723,0.4506159467557489,-0.0498122653316646,0.0648310387984981,0.0230236325045175,0.447157898402836,0.9473684210526342,train,4
uric_acid,0.2,6.0,SWV,9,0.0135017349486586,0.0341999553224486,0.1650306048263623,-0.0113028336993239,0.0999999999999999,1.4,-2.0254878181364477e-06,0.0101454263803107,-0.00945532752083,0.1650306048263623,0.3987484355444304,0.0911138923654568,0.0115794149791358,0.161874729387504,0.7931034482758598,train,1
dopamine,0.5,7.5,SWV,8,0.0228453385773947,0.0815020024289195,0.4549322518416254,-0.0414921873795828,0.0999999999999999,1.4,2.8911105545996888e-05,0.0266770840958726,-0.0373967937125361,0.4549322518416254,0.1814768460575718,0.0630788485607009,0.0227565845048885,0.4503617086488055,0.8000000000000006,train,0
dopamine,0.2,7.5,SWV,2,0.0102666387148498,0.0330083992265784,0.1912705642047186,-0.01733011712163,0.0999999999999999,1.4,-2.153837355886692e-06,0.0118331792135745,-0.0129724257102005,0.1912705642047186,0.1727158948685856,0.0630788485607009,0.0092337559561683,0.1883779040395911,0.7142857142857139,train,0
glucose,0.2,7.5,SWV,4,0.0159206702773396,0.0294770440000078,0.1178216162026041,-0.0093607203364314,0.0999999999999999,1.4,-3.252779930211871e-06,0.0081829151383427,-0.0076905335352254,0.1178216162026041,0.4530663329161452,0.1576971214017523,0.0137378950580195,0.113315416777531,0.5254237288135607,train,3
uric_acid,2.0,6.5,SWV,7,0.1018712259740876,0.3017683006168588,1.398502284962592,-0.109354509471732,0.0999999999999999,1.4,-0.0001108691818104,0.0672266140910938,-0.0807002977927461,1.398502284962592,0.3847309136420525,0.0963704630788485,0.1067748950601736,1.386332786190682,0.7187499999999987,train,1
uric_acid,0.5,8.0,SWV,1,0.0307909390624378,0.0868566151448245,0.4014565808167443,-0.0375033861331958,0.0999999999999999,1.4,-1.3635508693861384e-05,0.0233650055625617,-0.0239726308022985,0.4014565808167443,0.3111389236545681,0.1016270337922403,0.0317520253126747,0.395917176616322,0.7058823529411782,train,1
uric_acid,0.2,7.5,SWV,5,0.0137601217805731,0.0348424040078621,0.1677415718064109,-0.0109059643563045,0.0999999999999999,1.4,6.063088900660411e-06,0.0120656204684938,-0.0102909628041533,0.1677415718064109,0.3321652065081351,0.092866082603254,0.0119365078199862,0.1640045290715352,0.8928571428571437,train,1
dopamine,5.0,7.5,SWV,8,0.158137086792781,0.6058423905139277,3.3691056676916897,-0.3198055213515353,0.0999999999999999,1.4,0.0001978418948844,0.1978522072607786,-0.2775361451659901,3.3691056676916897,0.1814768460575718,0.0630788485607009,0.1691246214020136,3.346482220532413,0.8000000000000006,train,0
glucose,2.0,6.5,SWV,8,0.1208921358170058,0.2558383525156224,0.9906255013473438,-0.0944197852834938,0.0999999999999999,1.4,0.0001049438785078,0.0723554257033448,-0.0668215228102264,0.9906255013473438,0.4775969962453065,0.1524405506883603,0.1158866169901422,0.9702877295615294,0.5,train,3
aluminum,10.0,7.5,SWV,4,0.2686889949156775,0.7717039346613058,3.5623333047776145,-0.3718575232577613,0.0999999999999999,1.4,-0.0001686738743944,0.2546915531797723,-0.2142112327155989,3.5623333047776145,-0.3126408010012516,0.1016270337922402,0.2756558936121281,3.5294733649869734,0.7058823529411764,train,5
uric_acid,0.2,6.0,SWV,0,0.0133853073470684,0.0340720932990597,0.1637695744453561,-0.0156942496963219,0.0999999999999999,1.4,2.3231307580433226e-06,0.0114394566875961,-0.0125137232939701,0.1637695744453561,0.4022528160200248,0.0893617021276595,0.0113705820070846,0.1605021457195618,0.9615384615384562,train,1
dopamine,10.0,7.5,SWV,8,0.244991048610066,0.9424565776260284,5.239933045768273,-0.4984758098273564,0.0999999999999999,1.4,0.0003062912905091,0.3077424097863974,-0.4316996794324046,5.239933045768273,0.1814768460575718,0.0630788485607009,0.2630753075295586,5.205498460007082,0.8000000000000006,train,0
uric_acid,0.1,6.0,SWV,9,0.0076974125717843,0.0171507551219067,0.0838109403621166,-0.0046212497503158,0.0999999999999999,1.4,2.1772381321522298e-07,0.0051241784698504,-0.0047792195445067,0.0838109403621166,0.3987484355444304,0.0911138923654568,0.0057984392856802,0.081184796474995,0.7931034482758598,train,1
aluminum,0.1,8.0,SWV,8,0.0061895750694315,0.0139806768772474,0.0654682140506629,-0.0051885812436855,0.0999999999999999,1.4,8.116446743501665e-06,0.0054006595700302,-0.0043047827045665,0.0654682140506629,-0.3038798498122653,0.1051314142678347,0.0051239339470582,0.0635622350052803,0.7142857142857143,train,5
dopamine,5.0,8.0,SWV,9,0.1606257840923962,0.6063327002066625,3.228752822801356,-0.2744126290650772,0.0999999999999999,1.4,-8.85566717365216e-05,0.2491249495338086,-0.2205352880964649,3.228752822801356,0.1516896120150187,0.0718397997496871,0.1830456774849886,3.2006963397197428,0.9523809523809518,train,0
uric_acid,2.0,7.5,SWV,2,0.1053980693147529,0.3075411242022227,1.453830991656006,-0.1121419973750745,0.0999999999999999,1.4,-3.4320045541719765e-05,0.0718264423834278,-0.0818787402006709,1.453830991656006,0.3339173967459323,0.0963704630788485,0.1078593528737225,1.4388595912864368,0.8333333333333334,train,1
copper,0.2,8.0,SWV,6,0.0090227240971175,0.0337363112099564,0.2009339683239318,-0.0263958660636112,0.0999999999999999,1.4,2.7512125593641957e-06,0.0141347219652942,-0.013897058815063,0.2009339683239318,-0.0357947434292866,0.0560700876095119,0.0088666711146254,0.1986743799090505,0.8823529411764692,train,4
glucose,1.0,6.0,SWV,9,0.0656950606660196,0.1366747307761487,0.5136150936233012,-0.0501365853791775,0.0999999999999999,1.4,-1.329792154395177e-05,0.0355604386967578,-0.0323376348191224,0.5136150936233012,0.5038798498122653,0.1594493116395494,0.0639540845420815,0.5018914454344607,0.6851851851851878,train,3
glucose,2.0,6.0,SWV,1,0.1184194239032737,0.254103882494365,0.9756864500966876,-0.093126216870954,0.0999999999999999,1.4,-4.218110416188278e-05,0.0692110129858357,-0.0555306902426643,0.9756864500966876,0.4986232790988735,0.1541927409261576,0.1164408703071174,0.95638886504288,0.6000000000000014,train,3
aluminum,10.0,7.0,SWV,8,0.2674914084648425,0.768109897963555,3.600829823163783,-0.3308978055535446,0.0999999999999999,1.4,0.0003033423229059,0.2607467173826858,-0.2349740862918743,3.600829823163783,-0.3143929912390488,0.1051314142678347,0.2815576935803041,3.564025876644242,0.9354838709677412,train,5
aluminum,0.2,7.5,SWV,2,0.0107252837272342,0.027362306641281,0.1255843080090693,-0.0105327257905342,0.0999999999999999,1.4,-1.1645279555000572e-06,0.0071401956022871,-0.0086440783814757,0.1255843080090693,-0.3073842302878598,0.099874843554443,0.0096604627264938,0.1231190130858564,0.8999999999999998,train,5
dopamine,1.0,6.0,SWV,9,0.0409751861957899,0.1505400456537329,0.8416600429222513,-0.0783925731429114,0.0999999999999999,1.4,-2.0440362021004656e-05,0.0607811393073067,-0.0499993670563826,0.8416600429222513,0.2550688360450562,0.0630788485607007,0.0418765739721173,0.8336028942617136,0.6363636363636369,train,0
ascorbic_acid,0.1,7.0,SWV,1,0.010699570270495,0.0230547779490558,0.1020971175098454,-0.0089335954779408,0.0999999999999999,1.4,-1.802671333130564e-06,0.0060289555897712,-0.0057326097400191,0.1020971175098454,0.0483103879849812,0.1191489361702128,0.0090690301315658,0.0991313059679282,0.700000000000001,train,2
glucose,2.0,8.0,SWV,3,0.1240659103989207,0.2617714063112436,1.0076776414543938,-0.1028152583248692,0.0999999999999999,1.4,-0.0001200802211202,0.0765578955958276,-0.1020171140460954,1.0076776414543938,0.4618272841051313,0.1612015018773466,0.1238093073136478,0.986741347863448,0.877551020408163,train,3
copper,5.0,8.0,SWV,7,0.1333124357316424,0.6139010146587977,3.6732230814893856,-0.5791250459462127,0.0999999999999999,1.4,-0.0002548247885445,0.2434732003578587,-0.2602092161686115,3.6732230814893856,-0.0357947434292866,0.0578222778473092,0.1646603894583484,3.663585301865259,0.8333333333333316,train,4
ascorbic_acid,1.0,6.5,SWV,8,0.0854986773555412,0.2128334485678359,0.923953504043735,-0.079348699883926,0.0999999999999999,1.4,8.227013113162082e-05,0.0608978704048837,-0.0553793489558878,0.923953504043735,0.0640801001251564,0.1191489361702127,0.0844271939121724,0.9107763327719076,0.61904761904762,train,2
copper,0.5,8.0,SWV,6,0.0200172178629476,0.0822744924860497,0.4881510651670506,-0.0671596549401777,0.0999999999999999,1.4,3.047702528195975e-06,0.0344647756055493,-0.033846375693475,0.4881510651670506,-0.0357947434292866,0.0560700876095119,0.0216233640494116,0.4846123145273058,0.8823529411764692,train,4
copper,10.0,7.5,SWV,2,0.2111764186118249,0.9469515952930612,5.495931005237827,-0.7914109047398714,0.0999999999999999,1.4,-0.0001401848680686,0.3839268997667668,-0.3486361713281879,5.495931005237827,-0.0375469336670839,0.0613266583229036,0.2618664715907218,5.4711775683458725,0.9444444444444472,train,4
ascorbic_acid,0.2,6.0,SWV,4,0.0194216415021648,0.0440788698480465,0.1891966616346497,-0.0170248384097826,0.0999999999999999,1.4,-6.199724681259337e-06,0.0113870505645803,-0.0123657854023302,0.1891966616346497,0.104380475594493,0.1209011264080099,0.0176318328303586,0.1846558900033104,0.7249999999999996,train,2
glucose,5.0,7.5,SWV,5,0.2505735241432464,0.5395128235485142,2.137721557617805,-0.1940916850658879,0.0999999999999999,1.4,7.15095960443803e-05,0.1798716118890367,-0.1189012004373257,2.137721557617805,0.4775969962453065,0.1576971214017521,0.2518188554885788,2.09606938521278,0.9565217391304368,train,3
copper,5.0,6.5,SWV,8,0.1377996308072985,0.5964599771975245,3.3441845782521025,-0.5161574893821095,0.0999999999999999,1.4,0.0001954291496298,0.228835415244215,-0.2474172207826598,3.3441845782521025,-0.0515644555694618,0.0630788485607009,0.1664948964072526,3.322694000742253,0.8000000000000006,train,4
ascorbic_acid,10.0,7.0,SWV,9,0.5103708060703316,1.2838009883332393,5.455484491025609,-0.5016135059152581,0.0999999999999999,1.4,-0.0001599720288626,0.3668668722931039,-0.3206274909639898,5.455484491025609,0.0500625782227783,0.1261576971214018,0.5262059845466758,5.38396577928594,0.7142857142857139,train,2
ascorbic_acid,10.0,6.5,SWV,5,0.50292603273302,1.2725929316667046,5.273546991584007,-0.4943944405533305,0.0999999999999999,1.4,0.000147022670909,0.4577832805356675,-0.3147851259258821,5.273546991584007,0.0623279098873591,0.1209011264080099,0.5116484892473648,5.20633834536668,0.5681818181818183,train,2
copper,10.0,7.0,SWV,6,0.2144167095511548,0.937856501168034,5.3825166010175245,-0.9149540240126692,0.0999999999999999,1.4,4.85032388151882e-06,0.3967950344746374,-0.3897492162944449,5.3825166010175245,-0.0428035043804756,0.0595744680851063,0.25416035907212,5.360895054510548,0.8888888888888908,train,4
glucose,0.5,7.0,SWV,4,0.0355096489123485,0.0717931058656477,0.2823500332954815,-0.0262224341902204,0.0999999999999999,1.4,-1.1343740922273526e-05,0.0191282729582105,-0.0185101202721376,0.2823500332954815,0.4846057571964955,0.148936170212766,0.0320135303447239,0.2745056401527718,0.7708333333333356,train,3
aluminum,5.0,7.5,SWV,8,0.1731429896241587,0.4959504417807212,2.30862022068382,-0.2127499167264851,0.0999999999999999,1.4,0.0001967103069662,0.1800835008676042,-0.1516739551421391,2.30862022068382,-0.3143929912390488,0.1016270337922402,0.1768082539818554,2.2844031850868376,0.6571428571428565,train,5
dopamine,0.5,7.5,SWV,1,0.0223252437577205,0.081698424258512,0.4565028529603537,-0.0470675821832621,0.0999999999999999,1.4,-1.4414394589814927e-05,0.0242057964064318,-0.0318173987338406,0.4565028529603537,0.1762202753441801,0.0665832290362953,0.0236364254738929,0.4527912222826593,0.8999999999999987,train,0
copper,0.5,6.0,SWV,8,0.0196691790996655,0.0799709228957507,0.4441976092898623,-0.0703821326599092,0.0999999999999999,1.4,2.846712808524032e-05,0.0295673076391953,-0.0307895400841463,0.4441976092898623,-0.0568210262828535,0.0630788485607009,0.0223805461253249,0.4404715589637306,0.8000000000000006,train,4
ascorbic_acid,5.0,7.0,SWV,7,0.3191284346739212,0.8255462762259023,3.597690806291487,-0.2951162950688172,0.0999999999999999,1.4,-0.0003125159898329,0.2116975818992368,-0.195944169464989,3.597690806291487,0.0570713391739674,0.1191489361702128,0.3254642497537326,3.561102641103184,0.999999999999998,train,2
uric_acid,10.0,8.0,SWV,7,0.3332306514360306,0.9953314218702344,4.585745482060424,-0.3625372803952868,0.0999999999999999,1.4,-0.0003670845384828,0.2579102682033787,-0.2313533158929577,4.585745482060424,0.3041301627033791,0.0963704630788485,0.3536530662283424,4.5488890232431,0.964285714285716,train,1
uric_acid,0.1,7.0,SWV,7,0.0076085475112622,0.0173250637994128,0.0807546543111602,-0.0052938365989319,0.0999999999999999,1.4,-4.123595665285784e-06,0.0043675999665033,-0.0048016496016189,0.0807546543111602,0.3426783479349186,0.0963704630788484,0.0061680565858889,0.0782615944827731,0.5714285714285725,train,1
copper,0.1,6.5,SWV,3,0.0052500474020436,0.016711788114926,0.0949744781948774,-0.0125560391984909,0.0999999999999999,1.4,-5.663817289227165e-06,0.0067264573852267,-0.0066262344794284,0.0949744781948774,-0.0480600750938673,0.0630788485607009,0.0046754176784748,0.0929804384882147,0.9999999999999964,train,4
uric_acid,5.0,7.0,SWV,2,0.2145183812880707,0.6318649295691396,2.9490108710571272,-0.2302587472557133,0.0999999999999999,1.4,-7.273912660955319e-05,0.1486184134622206,-0.1488396082228481,2.9490108710571272,0.3444305381727158,0.1033792240300375,0.2349687514591461,2.9201663465214747,0.6388888888888908,train,1
ascorbic_acid,1.0,7.5,SWV,5,0.0870061537015032,0.2155152708015896,0.9106044132813184,-0.0855673307495745,0.0999999999999999,1.4,2.7464697923611363e-05,0.0889780670862411,-0.0500755876626866,0.9106044132813184,0.0307884856070087,0.1226533166458072,0.0864516819583923,0.8961728938204252,0.8918918918918939,train,2
ascorbic_acid,5.0,7.5,SWV,2,0.3271870495446522,0.8338808001990303,3.5245670717011444,-0.3048403178096987,0.0999999999999999,1.4,-9.205168399813724e-05,0.2270363630044324,-0.1908582829606089,3.5245670717011444,0.0395494367959949,0.1226533166458072,0.3348751768702181,3.475509974748797,0.8421052631578929,train,2
glucose,2.0,8.0,SWV,8,0.1230483794006446,0.2598834680479244,1.003958588279498,-0.0974289573145035,0.0999999999999999,1.4,0.0001071322085032,0.0740701428456414,-0.0683902500224498,1.003958588279498,0.4653316645807258,0.1612015018773466,0.122871361965199,0.9828093759532412,0.9574468085106363,train,3
dopamine,0.2,8.0,SWV,5,0.010498070653996,0.0336750649398487,0.1796023292336178,-0.0161069444940596,0.0999999999999999,1.4,4.78063643602737e-06,0.0121527790109792,-0.0123328960456864,0.1796023292336178,0.1481852315394242,0.0718397997496871,0.0101962013555435,0.1767052512128817,0.8636363636363621,train,0
copper,5.0,7.0,SWV,8,0.1384828947686741,0.6001846110121313,3.472024022435671,-0.5238901807628208,0.0999999999999999,1.4,0.0002021693729612,0.2295648940190565,-0.2675363917816903,3.472024022435671,-0.0357947434292866,0.0630788485607007,0.1675614156070305,3.4485281726195467,0.6363636363636369,train,4
dopamine,0.2,6.0,SWV,4,0.010102737632494,0.0320130426320672,0.178096125775503,-0.0143995767915579,0.0999999999999999,1.4,-4.489405067281862e-06,0.0103774666238236,-0.0126968706000036,0.178096125775503,0.2568210262828535,0.064831038798498,0.009102224211575,0.1755060472173962,0.7619047619047643,train,0
glucose,2.0,7.0,SWV,3,0.1226176548825299,0.2587036123043006,1.0329317786282937,-0.1012488252327342,0.0999999999999999,1.4,-0.00011833919993,0.07266345711952,-0.1008095999565343,1.0329317786282937,0.481101376720901,0.143679599499374,0.1127907016314414,1.0114704077132075,0.8222222222222225,train,3
uric_acid,10.0,8.0,SWV,6,0.342947114284491,0.9983392001559512,4.764570190423233,-0.3575415694699748,0.0999999999999999,1.4,3.0080077812892834e-05,0.2668483790662237,-0.2786382785497368,4.764570190423233,0.3111389236545681,0.0981226533166458,0.3577860164820519,4.721475656415029,0.6969696969696987,train,1
aluminum,0.2,8.0,SWV,9,0.0109340188648797,0.0275126346367176,0.1262129526946228,-0.0093129747235283,0.0999999999999999,1.4,-1.5691765654433486e-06,0.0075054091428004,-0.0090381636506764,0.1262129526946228,-0.3091364205256571,0.1051314142678347,0.0100718349026186,0.1235890466434837,0.5789473684210523,train,5
uric_acid,0.5,8.0,SWV,7,0.0304788755427582,0.0859807332979923,0.3980755416205433,-0.0297700415191354,0.0999999999999999,1.4,-2.9548621125025944e-05,0.0223505224333484,-0.0200435403582658,0.3980755416205433,0.3041301627033791,0.0963704630788485,0.0305466235916388,0.393099519666262,0.964285714285716,train,1
aluminum,0.2,8.0,SWV,3,0.0110158632139451,0.0276036657894919,0.1269153252066589,-0.0113585267771452,0.0999999999999999,1.4,-1.1582182417392744e-05,0.0082532896433081,-0.0107336272739408,0.1269153252066589,-0.2951188986232791,0.1033792240300375,0.009998331561049,0.124283438233963,0.9666666666666662,train,5
ascorbic_acid,2.0,7.0,SWV,6,0.159129223496607,0.3976828968847156,1.7079235738755243,-0.1428155154371336,0.0999999999999999,1.4,1.952843234763857e-05,0.1142456025440999,-0.1147568087089444,1.7079235738755243,0.0395494367959949,0.1226533166458072,0.1602084466042077,1.684144043461666,0.5217391304347843,train,2
aluminum,0.2,7.0,SWV,4,0.0108331360814827,0.0273736859174493,0.1278968273725713,-0.011426911159014,0.0999999999999999,1.4,-3.583089469269027e-06,0.0091175890773088,-0.0077397092911734,0.1278968273725713,-0.3126408010012516,0.099874843554443,0.0096812389524107,0.1254260671180808,0.8999999999999998,train,5
aluminum,0.1,7.5,SWV,4,0.0061730167579485,0.0139250966344367,0.0654344903797729,-0.0053242433032793,0.0999999999999999,1.4,-5.995922528380729e-07,0.004639570235765,-0.0038866088486362,0.0654344903797729,-0.3126408010012516,0.1016270337922402,0.0049663729131217,0.0635227395239634,0.7058823529411764,train,5
copper,10.0,6.0,SWV,5,0.2117615903246145,0.9280478087164749,5.320334897784074,-0.8911682848575111,0.0999999999999999,1.4,6.691917461533594e-05,0.3470761035824858,-0.2869347648784563,5.320334897784074,-0.0585732165206508,0.0613266583229036,0.2563376923394846,5.300117864783508,0.75,train,4
copper,0.1,8.0,SWV,3,0.0053114656874438,0.0170492573239792,0.100443618488635,-0.0108993586198645,0.0999999999999999,1.4,-6.160907840138893e-06,0.0072571280128973,-0.0074626345119019,0.100443618488635,-0.0375469336670839,0.0595744680851064,0.0046562798125953,0.0985207716205844,0.7894736842105242,train,4
uric_acid,0.1,8.0,SWV,0,0.0078534786729074,0.0177831254079039,0.0833166555952794,-0.006339628762683,0.0999999999999999,1.4,2.3928261190595047e-06,0.0075836664188294,-0.0064587404524774,0.0833166555952794,0.3041301627033791,0.0998748435544431,0.0064631636669513,0.0807813405752398,0.965517241379312,train,1
aluminum,2.0,6.0,SWV,9,0.0835747484532372,0.2362833006836833,1.0436311393003403,-0.0927275434482835,0.0999999999999999,1.4,-3.2327503277383185e-05,0.0658862489054433,-0.0867450429783945,1.0436311393003403,-0.3143929912390488,0.106883604505632,0.0882118078974162,1.0312082670671083,0.6944444444444449,train,5
copper,0.1,6.5,SWV,9,0.0052053394397582,0.0168264158297981,0.0944458100681277,-0.0136023433997344,0.0999999999999999,1.4,-1.9415330992144563e-07,0.0069075249400609,-0.0055903798860173,0.0944458100681277,-0.0515644555694618,0.0613266583229036,0.004641005004328,0.0926298013279687,0.8421052631578959,train,4
aluminum,5.0,8.0,SWV,8,0.1738271933834635,0.4980681131084186,2.291571718220937,-0.2136287807920522,0.0999999999999999,1.4,0.0001975169156029,0.1916041725877346,-0.1522908117777277,2.291571718220937,-0.3038798498122653,0.1033792240300375,0.180531017619694,2.267003985252259,0.7352941176470591,train,5
uric_acid,0.1,6.5,SWV,4,0.0077369445877625,0.0172552326352713,0.0835696611268967,-0.0053072196481481,0.0999999999999999,1.4,-9.655099297309907e-07,0.0045355714908662,-0.004780754456097,0.0835696611268967,0.3847309136420525,0.0963704630788485,0.0061043427674507,0.080990007478022,0.7741935483870961,train,1
dopamine,0.2,6.0,SWV,6,0.0100904116314954,0.0318320945334519,0.1830296070903539,-0.0135783779112015,0.0999999999999999,1.4,2.758534392299408e-06,0.0101018030222107,-0.0098249846633788,0.1830296070903539,0.2550688360450562,0.064831038798498,0.0090495425226541,0.1803861933030952,0.681818181818183,train,0
aluminum,2.0,6.0,SWV,7,0.0806600593789623,0.2353413895036265,1.0637212883302989,-0.0973498883547664,0.0999999999999999,1.4,-9.619043846886033e-05,0.0646951427983734,-0.0616474839381864,1.0637212883302989,-0.316145181476846,0.1051314142678347,0.0871471775643112,1.0542850289071368,0.7647058823529402,train,5
aluminum,10.0,7.5,SWV,9,0.2693933571001765,0.7696076144867405,3.529241424109213,-0.3080141968389676,0.0999999999999999,1.4,-0.0001114960761112,0.2080287773490723,-0.2633190402524039,3.529241424109213,-0.3091364205256571,0.1033792240300375,0.2777711935015202,3.4918378280807154,0.84375,train,5
aluminum,10.0,7.0,SWV,9,0.2683257440706244,0.7667517297739629,3.4981669549216554,-0.3068153461618714,0.0999999999999999,1.4,-0.0001110462123205,0.2072288236637301,-0.2712074030341416,3.4981669549216554,-0.3091364205256571,0.1086357947434293,0.286889567564509,3.4634604454929825,0.8787878787878792,train,5
glucose,2.0,6.0,SWV,7,0.1174287156964452,0.2565085510476744,0.95543345566501,-0.0892979646425055,0.0999999999999999,1.4,-9.270046989206478e-05,0.0601635490139534,-0.065013591546875,0.95543345566501,0.4986232790988735,0.162953692115144,0.1214076481560603,0.9376541703886436,0.6034482758620703,train,3
uric_acid,2.0,7.0,SWV,8,0.1058701872091182,0.3065477857218637,1.3974387658899856,-0.1150019617477481,0.0999999999999999,1.4,0.0001088150820854,0.0894242919063595,-0.0852740791950031,1.3974387658899856,0.3549436795994992,0.0981226533166457,0.11007291621335,1.3819571240782165,1.0,train,1
ascorbic_acid,1.0,6.5,SWV,0,0.0849720367607057,0.2120357994820082,0.8991432659917454,-0.0877672072485874,0.0999999999999999,1.4,3.462033976402018e-06,0.0689272857543162,-0.0762027925017859,0.8991432659917454,0.0640801001251564,0.1173967459324155,0.0835846396364366,0.8877871332160547,0.6341463414634148,train,2
ascorbic_acid,10.0,7.0,SWV,6,0.5087501464686741,1.2813145255637226,5.498667225346813,-0.4639588484936148,0.0999999999999999,1.4,5.722903821165304e-05,0.3679374914691761,-0.3695095832075492,5.498667225346813,0.0395494367959949,0.1226533166458072,0.5161614716715166,5.425786089886998,0.5217391304347843,train,2
copper,0.2,6.0,SWV,1,0.0086652365580951,0.0330774163834945,0.1887603960897973,-0.0333914704842775,0.0999999999999999,1.4,-4.690406121149277e-06,0.0136669234855351,-0.0090571104366269,0.1887603960897973,-0.0550688360450564,0.0630788485607009,0.0092732205366762,0.1868920611277794,0.8947368421052587,train,4
ascorbic_acid,2.0,7.5,SWV,4,0.1608660068628932,0.3995465928929242,1.7454096178048866,-0.1729194792483077,0.0999999999999999,1.4,-7.643854201558887e-05,0.1290928284398995,-0.1033763120679574,1.7454096178048866,0.0413016270337921,0.1244055068836045,0.1619677088582624,1.7196148667751787,0.8205128205128215,train,2
dopamine,2.0,6.5,SWV,4,0.0754528939862559,0.2833972593865898,1.5077199371562913,-0.1696530466674859,0.0999999999999999,1.4,-5.752343545329589e-05,0.1000839929908662,-0.1161413163900864,1.5077199371562913,0.2305381727158948,0.0718397997496871,0.0856556296534786,1.4949788241578643,0.8636363636363674,train,0
uric_acid,2.0,6.5,SWV,6,0.1048630020053183,0.3025088128977125,1.4379351903322388,-0.1081577032101395,0.0999999999999999,1.4,1.1420955868056373e-05,0.1128598747054292,-0.0843950638162944,1.4379351903322388,0.3812265331664579,0.0946182728410512,0.1059077055661218,1.4243117404915266,0.8620689655172418,train,1
aluminum,1.0,7.5,SWV,3,0.0464448434907498,0.1287776171944027,0.593709186500217,-0.0562430139326206,0.0999999999999999,1.4,-6.287586544975964e-05,0.0386190013871205,-0.049901287039341,0.593709186500217,-0.3108886107634543,0.1016270337922402,0.0459833043248023,0.5862749389587888,0.7575757575757581,train,5
aluminum,1.0,7.0,SWV,7,0.0442941473334036,0.1275686713704677,0.5876993891419792,-0.0511023394278326,0.0999999999999999,1.4,-5.1356520843734543e-05,0.03530112863927,-0.0335382320310627,0.5876993891419792,-0.316145181476846,0.1086357947434293,0.0478056742226769,0.5819111068033966,0.8787878787878792,train,5
copper,2.0,8.0,SWV,7,0.0650801585904673,0.2964081042020552,1.7742245209128218,-0.2786294449666812,0.0999999999999999,1.4,-0.0001217692806183,0.1175546712015114,-0.1256283930377162,1.7742245209128218,-0.0357947434292866,0.0578222778473092,0.0794950618486415,1.7687229505454165,0.8333333333333316,train,4
dopamine,10.0,6.5,SWV,5,0.2383031830305623,0.9151879499485398,4.84486225451726,-0.5365510831166015,0.0999999999999999,1.4,6.324080584311217e-05,0.3293155314429802,-0.3446839364185801,4.84486225451726,0.2287859824780975,0.0718397997496871,0.2768094593226354,4.8050520687512215,0.7826086956521764,train,0
ascorbic_acid,0.2,7.5,SWV,2,0.0197324689460573,0.0460303555244552,0.1961946675705917,-0.0151286408709973,0.0999999999999999,1.4,-2.721732306545256e-06,0.0126021358467423,-0.0105683529590082,0.1961946675705917,0.0395494367959949,0.1226533166458072,0.0185091759541507,0.1920257466054969,0.8421052631578929,train,2
copper,0.5,6.5,SWV,2,0.0193928689309962,0.0810590208855512,0.453264776188819,-0.0702605619819758,0.0999999999999999,1.4,-9.515629673811449e-06,0.0343975783248803,-0.0275694365824029,0.453264776188819,-0.0515644555694618,0.0613266583229036,0.0223290233263823,0.4500514137299635,0.8421052631578959,train,4
uric_acid,0.5,7.5,SWV,6,0.0310603954691498,0.085581347683382,0.4128211227197345,-0.0296062115992819,0.0999999999999999,1.4,5.1255199658040975e-06,0.0318683094983951,-0.0222652060142821,0.4128211227197345,0.3198998748435543,0.092866082603254,0.0293371095155538,0.4071910692543935,0.6562499999999979,train,1
glucose,1.0,7.0,SWV,0,0.0659704395245856,0.1382957864740694,0.5423802899842953,-0.0675399298089863,0.0999999999999999,1.4,4.672375581697323e-06,0.0451497475347439,-0.0497620043637666,0.5423802899842953,0.4846057571964955,0.143679599499374,0.0602250011432058,0.5302700403113644,0.8636363636363645,train,3
uric_acid,5.0,6.5,SWV,3,0.21768684818211,0.6275085610344955,2.996009060604276,-0.2516437734414377,0.0999999999999999,1.4,-0.0002813716955234,0.1667299790443829,-0.2807824562010443,2.996009060604276,0.3812265331664579,0.0946182728410512,0.2190091967333001,2.960876476113365,0.8620689655172418,train,1
aluminum,1.0,8.0,SWV,1,0.0451672574869677,0.1288663994230756,0.5954151218714596,-0.0651582902810704,0.0999999999999999,1.4,-2.4762903944067173e-05,0.0469725783521699,-0.0385922925485598,0.5954151218714596,-0.3091364205256571,0.106883604505632,0.0476816679191582,0.5884558491678682,0.605263157894737,train,5
aluminum,10.0,7.5,SWV,0,0.2664984821918428,0.7679374994192333,3.554966260723493,-0.4256596348636847,0.0999999999999999,1.4,-3.371313338876511e-06,0.2864234063276142,-0.3509554738562596,3.554966260723493,-0.3126408010012516,0.0981226533166457,0.2676427035758368,3.5193391151346614,0.7499999999999998,train,5
copper,1.0,7.0,SWV,0,0.0365576547805646,0.1568481703073064,0.893937971514364,-0.1484593092607579,0.0999999999999999,1.4,-2.8344984367645493e-06,0.0727595947124966,-0.0705484357708217,0.893937971514364,-0.0392991239048811,0.0595744680851064,0.0423261149905615,0.8872730412200709,0.7894736842105242,train,4
copper,2.0,7.5,SWV,5,0.0676577953251412,0.2933548460418194,1.775471878057038,-0.2446513047465559,0.0999999999999999,1.4,2.5641096380062104e-05,0.1160491352345749,-0.1027668353308072,1.775471878057038,-0.0392991239048811,0.0595744680851063,0.0797898709284645,1.7643186118976903,0.8888888888888908,train,4
glucose,0.1,7.5,SWV,4,0.0091147816794724,0.0147717181928883,0.0602858427486619,-0.0034558614738163,0.0999999999999999,1.4,-4.238826864730945e-07,0.0041737254671796,-0.0039320152120628,0.0602858427486619,0.4530663329161452,0.1576971214017523,0.0068797354840202,0.0568603222224758,0.5254237288135607,train,3
aluminum,0.5,6.0,SWV,8,0.0242429666924934,0.066010894589686,0.3062582585746632,-0.0286630815200226,0.0999999999999999,1.4,2.8243861244780893e-05,0.0215879220348934,-0.0201410445987024,0.3062582585746632,-0.3196495619524405,0.1016270337922403,0.0237855523956309,0.3018355721320937,0.8709677419354833,train,5
dopamine,5.0,7.0,SWV,0,0.1548045547298075,0.596204088668304,3.3153590772834605,-0.30546233795825,0.0999999999999999,1.4,-1.4527229154265072e-05,0.2702268143665667,-0.2342443643952781,3.3153590772834605,0.2007509386733416,0.0665832290362954,0.1719117495916159,3.2974888175668395,0.8095238095238102,train,0
glucose,0.2,7.0,SWV,5,0.0158075278683662,0.0294332091409635,0.119617815627037,-0.0096400903838028,0.0999999999999999,1.4,6.396405349745376e-06,0.0099587278862681,-0.0066131847910164,0.119617815627037,0.4775969962453065,0.1454317897371713,0.0129749517934175,0.1151347216021176,0.7291666666666657,train,3
uric_acid,5.0,7.0,SWV,8,0.217374004989434,0.6351842793191927,2.8932984135238478,-0.2411168329522987,0.0999999999999999,1.4,0.0002225867032105,0.1852231399325928,-0.1766192676995136,2.8932984135238478,0.3549436795994992,0.0981226533166457,0.2281034942665324,2.8635544995895,1.0,train,1
glucose,0.2,7.0,SWV,0,0.015756481639626,0.0292705052839801,0.1167564012123847,-0.0130784676972276,0.0999999999999999,1.4,2.9983293654796386e-06,0.0096816984099602,-0.0106766195650743,0.1167564012123847,0.4846057571964955,0.143679599499374,0.0127362997726391,0.1123071671399352,0.8636363636363645,train,3
uric_acid,0.5,7.0,SWV,8,0.0308195406262134,0.0853507522872076,0.3906101569056557,-0.0301169522831467,0.0999999999999999,1.4,3.2238029405127854e-05,0.0249442980425485,-0.0237917407785056,0.3906101569056557,0.3549436795994992,0.0981226533166457,0.0306459669889334,0.384898409026761,1.0,train,1
uric_acid,1.0,7.5,SWV,2,0.0574353999463847,0.1650789370417815,0.7813658519157429,-0.0593773746241577,0.0999999999999999,1.4,-1.7273721439924757e-05,0.0385860579619815,-0.0439925133515625,0.7813658519157429,0.3339173967459323,0.0963704630788485,0.0578827291195618,0.7723018555086795,0.8333333333333334,train,1
aluminum,2.0,7.0,SWV,8,0.083980044067296,0.2384709775141134,1.118788379761578,-0.1013667594135928,0.0999999999999999,1.4,9.600390303595826e-05,0.0809760328487119,-0.0729749584084235,1.118788379761578,-0.3143929912390488,0.1051314142678347,0.0874324101994457,1.1066469013473794,0.9354838709677412,train,5
uric_acid,2.0,6.0,SWV,8,0.1039963512313488,0.2985690782350061,1.4174509077696236,-0.1138487094841789,0.0999999999999999,1.4,0.0001084074261175,0.0881743674719085,-0.0821105683328098,1.4174509077696236,0.4057571964956193,0.0893617021276595,0.0993112226180885,1.40142930817101,0.961538461538466,train,1
dopamine,2.0,7.5,SWV,5,0.077041076967073,0.2921066673618721,1.6489519552901677,-0.1618664398988577,0.0999999999999999,1.4,2.443112950421288e-05,0.1081905220825503,-0.1296946217939597,1.6489519552901677,0.1744680851063829,0.0630788485607009,0.0815130031924832,1.6367488283255875,0.8000000000000006,train,0
aluminum,0.1,6.0,SWV,1,0.0060131631402255,0.013686459611772,0.0628270314281227,-0.0056499196231977,0.0999999999999999,1.4,-3.934443577753935e-07,0.0052236101573838,-0.0042356639546466,0.0628270314281227,-0.3196495619524405,0.1051314142678347,0.005039725779442,0.0608285361412904,0.8749999999999986,train,5
ascorbic_acid,10.0,7.0,SWV,8,0.5090633960617637,1.2887004080657003,5.505085513619602,-0.4947120595414175,0.0999999999999999,1.4,0.0004893778426237,0.3704888108455438,-0.380178124301493,5.505085513619602,0.0640801001251564,0.1244055068836045,0.5222816097988714,5.432113222241929,0.918918918918918,train,2
aluminum,0.1,6.5,SWV,0,0.0060950747861765,0.0137355818278897,0.0643337712322411,-0.0067056241631021,0.0999999999999999,1.4,2.437566650646782e-06,0.0051640770529605,-0.0061294001849317,0.0643337712322411,-0.3126408010012516,0.1033792240300375,0.0050030119721188,0.0623952360789776,0.7878787878787888,train,5
ascorbic_acid,1.0,6.0,SWV,5,0.0844783284009844,0.2103577800978837,0.8937373470437964,-0.0760752537927771,0.0999999999999999,1.4,2.618136359990336e-05,0.0723487703633637,-0.0549774974022774,0.8937373470437964,0.1008760951188986,0.1191489361702127,0.0833972805014704,0.8812314073062486,0.7894736842105239,train,2
ascorbic_acid,5.0,6.5,SWV,0,0.3226099293536736,0.8177824365370736,3.462513828052451,-0.3444452044688759,0.0999999999999999,1.4,6.082856885565868e-06,0.2655678277135097,-0.2935890104581583,3.462513828052451,0.0640801001251564,0.1173967459324155,0.322316518200691,3.423351876166495,0.6341463414634148,train,2
copper,10.0,7.0,SWV,9,0.2155723954206657,0.943397584564014,5.476578707581694,-0.8714095356852543,0.0999999999999999,1.4,-0.0001500348869324,0.3507566665531917,-0.3219475729920169,5.476578707581694,-0.0392991239048811,0.0595744680851064,0.2554130147656205,5.444355397267633,0.7894736842105242,train,4
copper,0.2,6.0,SWV,2,0.0087292436839349,0.0330930721411024,0.188342969231072,-0.0281227382459382,0.0999999999999999,1.4,-2.396319770295912e-06,0.0135844135162778,-0.0107625842827826,0.188342969231072,-0.0585732165206508,0.0630788485607009,0.0092712809078133,0.1861977578870884,0.7142857142857139,train,4
ascorbic_acid,5.0,6.5,SWV,7,0.3160251293896081,0.8164923779438388,3.4593071003079827,-0.295852375598037,0.0999999999999999,1.4,-0.0003073071214295,0.2346711459345911,-0.2003357531616522,3.4593071003079827,0.0570713391739674,0.1209011264080099,0.3286943315502966,3.423334252197689,0.5000000000000013,train,2
ascorbic_acid,0.5,7.5,SWV,0,0.0458549001135772,0.1122863615835478,0.4904352777268875,-0.0534213834243568,0.0999999999999999,1.4,3.093836994880229e-06,0.0368853312579376,-0.0406579560838531,0.4904352777268875,0.0325406758448059,0.1226533166458072,0.0451118581187292,0.483080542373147,0.9444444444444438,train,2
dopamine,2.0,6.0,SWV,3,0.075475030570269,0.2815928790256307,1.5721717320424882,-0.1354588066669482,0.0999999999999999,1.4,-0.0001293174745865,0.1237485314676341,-0.1057699282412029,1.5721717320424882,0.2620775969962452,0.0630788485607009,0.0785475112123869,1.5605253260868936,0.894736842105265,train,0
dopamine,1.0,7.0,SWV,4,0.0418549951008797,0.1537288491573039,0.8591136294583734,-0.0692231739224194,0.0999999999999999,1.4,-3.1145367296832e-05,0.0533055220279549,-0.047882838143457,0.8591136294583734,0.2025031289111388,0.0683354192740927,0.0450478865162144,0.8529455121139617,0.8571428571428584,train,0
ascorbic_acid,0.1,6.0,SWV,5,0.0106580019781689,0.0225473739453796,0.0974256093646751,-0.0070773232641917,0.0999999999999999,1.4,5.118171527857054e-06,0.0078391785519587,-0.0059420350444734,0.0974256093646751,0.1008760951188986,0.1191489361702127,0.0089348110455237,0.0944532109344131,0.7894736842105239,train,2
aluminum,0.2,6.5,SWV,1,0.0105917959972967,0.027151566546112,0.1248025955802123,-0.0126481182357544,0.0999999999999999,1.4,-3.2564655019114585e-06,0.0100924821692324,-0.0083549172781133,0.1248025955802123,-0.3091364205256571,0.1086357947434292,0.0101741880919439,0.1221496030290985,0.722222222222223,train,5
uric_acid,2.0,7.0,SWV,7,0.1027944813159505,0.3039977701283906,1.3829423127887983,-0.1100130021319957,0.0999999999999999,1.4,-0.0001114743305896,0.0759065016986684,-0.082710320026134,1.3829423127887983,0.3426783479349186,0.0963704630788484,0.108172474753525,1.370278207307173,0.5714285714285725,train,1
glucose,5.0,6.5,SWV,9,0.2486156715451549,0.5308257624128201,2.013657352440104,-0.2035656704621028,0.0999999999999999,1.4,-6.034835413430258e-05,0.140451799632109,-0.1261856373754811,2.013657352440104,0.4723404255319147,0.1524405506883603,0.2402745939713379,1.973020391910479,0.3809523809523795,train,3
copper,1.0,6.5,SWV,7,0.0351829062345761,0.1562762525201677,0.868391333068417,-0.1661900324005797,0.0999999999999999,1.4,-6.0527189708096805e-05,0.0579681056569608,-0.0546620331023162,0.868391333068417,-0.0550688360450564,0.0613266583229036,0.0431015616784332,0.864631154009478,0.6666666666666656,train,4
glucose,2.0,6.5,SWV,5,0.1206700880534974,0.2575858910545392,0.9998670830171964,-0.097992898099661,0.0999999999999999,1.4,3.560371683011135e-05,0.0853501099724833,-0.0575396474381942,0.9998670830171964,0.4775969962453065,0.1524405506883603,0.1171270356828802,0.9797385699508808,0.5,train,3
aluminum,2.0,8.0,SWV,5,0.0844236621871084,0.2405372066757197,1.1158989823364298,-0.1072246163748627,0.0999999999999999,1.4,2.898356783957779e-05,0.0916673259838937,-0.0633250486429338,1.1158989823364298,-0.3038798498122653,0.0981226533166457,0.0840250799126928,1.1047750739469644,0.7499999999999998,train,5
copper,1.0,8.0,SWV,3,0.0378978061842576,0.1584354838402576,0.922705325021188,-0.1176232715941379,0.0999999999999999,1.4,-7.74242007329195e-05,0.067429410325276,-0.0690750048202575,0.922705325021188,-0.0375469336670839,0.0595744680851064,0.0432234418800897,0.9155678425927068,0.7894736842105242,train,4
uric_acid,2.0,7.0,SWV,4,0.1059170748968578,0.305450076116378,1.418666718060373,-0.1292725962403736,0.0999999999999999,1.4,-5.775124908166743e-05,0.0785899601394313,-0.0791330129723937,1.418666718060373,0.3426783479349186,0.1051314142678347,0.1146368849441267,1.4038891065549186,0.5789473684210537,train,1
ascorbic_acid,5.0,7.5,SWV,4,0.3312938725960926,0.827557003383896,3.6132466306690256,-0.3604841287107803,0.0999999999999999,1.4,-0.0001609611651776,0.2673368455608452,-0.2140745294728778,3.6132466306690256,0.0413016270337921,0.1244055068836045,0.3354289175384363,3.5613305488681943,0.8205128205128215,train,2
uric_acid,0.5,6.5,SWV,0,0.0303567821517156,0.0843810713697727,0.394907065786046,-0.0401565818878356,0.0999999999999999,1.4,1.978371764803095e-06,0.0280622894934963,-0.0305947996029049,0.394907065786046,0.3864831038798497,0.0963704630788485,0.0298136518207132,0.389081351211741,0.6666666666666647,train,1
glucose,0.1,7.5,SWV,1,0.0090046249581181,0.0147410705087636,0.0611488422746763,-0.0042996799732323,0.0999999999999999,1.4,-2.607402882702872e-07,0.0040527010926133,-0.003335647907195,0.0611488422746763,0.4688360450563203,0.1576971214017521,0.0068516311842858,0.0578014864425146,0.8367346938775515,train,3
ascorbic_acid,0.2,7.5,SWV,6,0.0199422379978172,0.0458866346056329,0.2012263184956604,-0.0149827367986891,0.0999999999999999,1.4,4.520966114061452e-06,0.0132532667800293,-0.0142309795679179,0.2012263184956604,0.0395494367959949,0.1173967459324154,0.0179237899324143,0.1968866788487801,0.9142857142857131,train,2
uric_acid,0.2,6.0,SWV,6,0.0134599788256559,0.0340559265553776,0.1641394891145117,-0.0107428823598749,0.0999999999999999,1.4,3.5706746726068423e-06,0.0110554594589731,-0.0086720090449098,0.1641394891145117,0.3987484355444304,0.0911138923654568,0.0115745973493234,0.1611459067084986,0.7931034482758598,train,1
uric_acid,2.0,6.5,SWV,1,0.1029782399686674,0.3034711744035037,1.415298322582902,-0.1372283476722098,0.0999999999999999,1.4,-5.4419013662926525e-05,0.0868109145669193,-0.0838225648589873,1.415298322582902,0.3829787234042552,0.0963704630788485,0.1075425242738882,1.4016126216457905,0.8333333333333334,train,1
uric_acid,5.0,8.0,SWV,7,0.2148615360491873,0.6397955078409469,2.948460994068892,-0.2322583674634824,0.0999999999999999,1.4,-0.000235115608388,0.1658117209850211,-0.1487359600448075,2.948460994068892,0.3041301627033791,0.0963704630788485,0.2273196024413636,2.924005428877044,0.964285714285716,train,1
dopamine,0.1,6.5,SWV,2,0.005964969579784,0.0161831740076773,0.089830872822794,-0.0071469952404943,0.0999999999999999,1.4,2.531328958330374e-07,0.0052301329514049,-0.0044006811835391,0.089830872822794,0.2270337922403003,0.0700876095118898,0.0048224166048151,0.087369668676753,0.6666666666666675,train,0
aluminum,1.0,6.5,SWV,9,0.0457099728000637,0.1274303795176533,0.5751581138140603,-0.0495042404407797,0.0999999999999999,1.4,-1.635831859154401e-05,0.0346050653463247,-0.0461974600197871,0.5751581138140603,-0.3143929912390488,0.1033792240300375,0.0463549734634592,0.567922444754435,0.8437500000000018,train,5
uric_acid,10.0,6.5,SWV,8,0.3341186090633506,0.9750749898491472,4.559930569697846,-0.3743753839190253,0.0999999999999999,1.4,0.0003435993053822,0.2853344747432219,-0.2835100497572704,4.559930569697846,0.3812265331664579,0.0946182728410512,0.3407103699622941,4.511480510923258,0.7999999999999996,train,1
copper,0.5,7.5,SWV,0,0.0197389431463316,0.0820404599067086,0.4824257494074573,-0.0737305436870378,0.0999999999999999,1.4,-8.901058235349446e-08,0.0398157611061174,-0.0391557261179569,0.4824257494074573,-0.0392991239048811,0.057822277847309,0.0218777775933207,0.4786417342847016,0.9411764705882382,train,4
dopamine,5.0,6.0,SWV,2,0.1497418417250721,0.5798137241117477,3.217021018548956,-0.2808078101265715,0.0999999999999999,1.4,-7.880012946458936e-05,0.2261285595902937,-0.1560405856478852,3.217021018548956,0.2585732165206507,0.064831038798498,0.1646367172607906,3.1983018074457914,0.8499999999999981,train,0
aluminum,10.0,6.5,SWV,2,0.2625401289586612,0.7621734739812054,3.412626452791222,-0.3350832328040465,0.0999999999999999,1.4,-9.987113691680516e-05,0.1984387895360048,-0.2552401318896504,3.412626452791222,-0.3126408010012516,0.1033792240300375,0.2775005285095156,3.378296795310622,0.7352941176470591,train,5
uric_acid,1.0,6.5,SWV,8,0.0571863995367039,0.1623604740075996,0.7610438804208488,-0.0601410150346039,0.0999999999999999,1.4,5.945595901786373e-05,0.0476039971905026,-0.0472670143198378,0.7610438804208488,0.3812265331664579,0.0946182728410512,0.056750592610339,0.7515574200543136,0.7999999999999996,train,1
ascorbic_acid,0.5,7.5,SWV,6,0.0461092120348931,0.1119632584988756,0.4884392727513194,-0.0390049128532047,0.0999999999999999,1.4,7.342651881631391e-06,0.0322434691852512,-0.0345814953268487,0.4884392727513194,0.0395494367959949,0.1173967459324154,0.04369911234502,0.4800530366530402,0.9142857142857131,train,2
aluminum,5.0,7.0,SWV,4,0.1725440577615446,0.4942515959225678,2.28863643674447,-0.2374897698206313,0.0999999999999999,1.4,-0.0001071252094356,0.163836746715929,-0.139109587970632,2.28863643674447,-0.3126408010012516,0.0981226533166457,0.1729794921520137,2.266708407902488,0.9310344827586208,train,5
ascorbic_acid,0.1,8.0,SWV,1,0.0108854853489534,0.0234992119451069,0.0963519974956926,-0.00873782625605,0.0999999999999999,1.4,-1.750340200410254e-06,0.0063070117273678,-0.0050415865286253,0.0963519974956926,0.011514392991239,0.1244055068836045,0.0095780099067176,0.093305617059697,0.7750000000000004,train,2
uric_acid,1.0,7.0,SWV,9,0.0578479882511802,0.1647853592353722,0.7670776157970357,-0.061816319224929,0.0999999999999999,1.4,-1.9049159301321012e-05,0.0589581356769514,-0.051702015275487,0.7670776157970357,0.3409261576971213,0.0981226533166457,0.0593735609695631,0.7584160324828424,0.5135135135135137,train,1
glucose,5.0,7.0,SWV,6,0.2494194065849941,0.5332277639492901,2.033502276597724,-0.190183456866834,0.0999999999999999,1.4,3.1530975936422555e-05,0.1537295962655318,-0.1322432552165086,2.033502276597724,0.4793491864831037,0.162953692115144,0.2525820562406797,1.9917460731505656,0.8235294117647062,train,3
uric_acid,10.0,6.5,SWV,2,0.3296968435235496,0.9739001241917328,4.448524590989992,-0.357079300136717,0.0999999999999999,1.4,-0.0001136953923358,0.2178492427892157,-0.239555619529634,4.448524590989992,0.3812265331664579,0.0981226533166458,0.3487424287421294,4.405852340075907,0.8666666666666671,train,1
copper,0.2,6.5,SWV,8,0.0089180414765277,0.0329588666213805,0.1860451320432394,-0.0266473321383723,0.0999999999999999,1.4,1.3276769517369876e-05,0.0126366129009434,-0.0136725662607587,0.1860451320432394,-0.0515644555694618,0.0630788485607009,0.0091943470348472,0.1834481697515231,0.8000000000000006,train,4
dopamine,0.5,6.0,SWV,4,0.0220778408012491,0.078341655781846,0.4329593756437171,-0.0374359975713742,0.0999999999999999,1.4,-1.454404112564475e-05,0.025291958902095,-0.0309657138531784,0.4329593756437171,0.2568210262828535,0.064831038798498,0.0222758607878518,0.4293152307338303,0.7619047619047643,train,0
aluminum,1.0,7.0,SWV,8,0.0457485098178071,0.1281298088179758,0.6016964123861182,-0.0540762469719316,0.0999999999999999,1.4,5.2808398896368166e-05,0.0435238069041339,-0.0392251400993713,0.6016964123861182,-0.3143929912390488,0.1051314142678347,0.0469896428284335,0.5946929481605326,0.9354838709677412,train,5
ascorbic_acid,0.1,6.0,SWV,1,0.0105239929255871,0.0225668719341629,0.096626497854438,-0.0085921247669474,0.0999999999999999,1.4,-1.6741111236120467e-06,0.0059279323245601,-0.0050141724540077,0.096626497854438,0.1061326658322903,0.1209011264080099,0.0090119805396149,0.0936624330501893,0.6829268292682918,train,2
copper,0.5,6.5,SWV,9,0.0198402363026526,0.081181454793246,0.4507137736721039,-0.0731534676650617,0.0999999999999999,1.4,-1.0531384063983973e-05,0.0333008478831171,-0.0269294355571877,0.4507137736721039,-0.0515644555694618,0.0613266583229036,0.0223569499181458,0.4466844601232601,0.8421052631578959,train,4
aluminum,0.5,7.5,SWV,0,0.0243401703114038,0.0665809986943137,0.3093316926990196,-0.0360617815552785,0.0999999999999999,1.4,2.0308318775045517e-06,0.024871726004027,-0.0304713021114403,0.3093316926990196,-0.3126408010012516,0.0981226533166457,0.0232288120271479,0.3053122667686944,0.7499999999999998,train,5
dopamine,0.1,7.0,SWV,1,0.0059817080202569,0.0166162416269644,0.0946564576143402,-0.0063272839924925,0.0999999999999999,1.4,-9.608642417046691e-07,0.0066186110236252,-0.0046146033203679,0.0946564576143402,0.2007509386733416,0.0665832290362954,0.0047968778672954,0.0926064713948574,0.8095238095238102,train,0
glucose,5.0,6.5,SWV,4,0.2481503571476385,0.5308887814921557,2.059091651667972,-0.2083149441253863,0.0999999999999999,1.4,-9.81210417444383e-05,0.1347077610668982,-0.1354584993412362,2.059091651667972,0.4846057571964955,0.148936170212766,0.2369755261276708,2.0171920586906564,0.7000000000000013,train,3
uric_acid,5.0,6.0,SWV,3,0.2157417648123739,0.6223229025630796,2.9446291270504275,-0.2506463553519256,0.0999999999999999,1.4,-0.0002805158771905,0.2130771010873362,-0.2468186160808436,2.9446291270504275,0.4127659574468084,0.0963704630788484,0.2178801145848165,2.910367951536349,0.774193548387094,train,1
ascorbic_acid,0.2,8.0,SWV,8,0.020133677794574,0.0464863560214627,0.1933262443415642,-0.0159763874906049,0.0999999999999999,1.4,1.930261517001963e-05,0.0130618504634417,-0.0153727685598715,0.1933262443415642,0.0080100125156444,0.1226533166458072,0.0188839381396961,0.1890887269373695,0.7073170731707312,train,2
ascorbic_acid,0.1,7.5,SWV,9,0.0109728433527798,0.023225108926715,0.1013617782384182,-0.0069827528288267,0.0999999999999999,1.4,-4.471732605520074e-07,0.0061859807255192,-0.0057411173742855,0.1013617782384182,0.0307884856070087,0.1191489361702127,0.0091562608544903,0.0982583800102277,0.8888888888888908,train,2
aluminum,1.0,6.0,SWV,3,0.0459023596049096,0.1272070140515666,0.5708270669535611,-0.0551955096031112,0.0999999999999999,1.4,-6.16365842980726e-05,0.0349025206894255,-0.0490300358254227,0.5708270669535611,-0.3196495619524405,0.106883604505632,0.0475783544048368,0.5633820113930761,0.8484848484848475,train,5
dopamine,2.0,7.5,SWV,8,0.077273053376688,0.2924430933746712,1.6273008674134903,-0.1534573217361154,0.0999999999999999,1.4,9.687176792352852e-05,0.0955406393920992,-0.1340045787800173,1.6273008674134903,0.1814768460575718,0.0630788485607009,0.0816429945028289,1.615510734675401,0.8000000000000006,train,0
aluminum,5.0,8.0,SWV,0,0.1724987863683923,0.4957103496680485,2.289355332651028,-0.2744590209739996,0.0999999999999999,1.4,-1.2699423264111997e-06,0.1849136156329428,-0.2303740798419963,2.289355332651028,-0.3056320400500626,0.1033792240300375,0.1787233169730361,2.265386527268052,0.7352941176470584,train,5
dopamine,2.0,8.0,SWV,8,0.078207331614887,0.2954916569963714,1.5626054312477904,-0.1562354959636275,0.0999999999999999,1.4,9.13039648339188e-05,0.1167208793118981,-0.1094463984491623,1.5626054312477904,0.1481852315394242,0.0735919899874842,0.0906179928478349,1.550887354861049,0.8260869565217395,train,0
glucose,5.0,6.0,SWV,9,0.2471082753690339,0.527568505619926,1.9756683707246183,-0.2005110760752813,0.0999999999999999,1.4,-5.838104994738328e-05,0.1367983861764914,-0.1245341787423374,1.9756683707246183,0.5038798498122653,0.1594493116395494,0.2469120532028046,1.937229332214456,0.6851851851851878,train,3
ascorbic_acid,0.1,7.5,SWV,4,0.0109526064494308,0.0230598674685944,0.1024048379706901,-0.0079842333860283,0.0999999999999999,1.4,-2.0899383081787305e-06,0.0074892948612897,-0.0060028800914069,0.1024048379706901,0.0413016270337921,0.1244055068836045,0.0093520188769505,0.0993133110516601,0.8205128205128215,train,2
aluminum,1.0,7.0,SWV,0,0.045406055113928,0.1275944128265476,0.5934969914856657,-0.06996009274626,0.0999999999999999,1.4,1.5624375344388923e-06,0.0476283021797384,-0.0574146883295106,0.5934969914856657,-0.3126408010012516,0.1051314142678347,0.046752365369659,0.5865122350990372,1.0,train,5
aluminum,5.0,6.5,SWV,5,0.1713307860663615,0.4921464065821888,2.234010906838911,-0.2202890181685183,0.0999999999999999,1.4,5.6607825817405705e-05,0.1875082085213188,-0.1309907879512617,2.234010906838911,-0.3178973717146433,0.1051314142678347,0.1815041393027536,2.2116206168810675,0.9999999999999988,train,5
aluminum,0.5,7.5,SWV,2,0.0241782676235718,0.0666234967635077,0.3040811206890667,-0.0271146897240412,0.0999999999999999,1.4,-6.438090480402982e-06,0.0173597757967938,-0.0210462203456032,0.3040811206890667,-0.3073842302878598,0.099874843554443,0.0235250669591674,0.2999409911746892,0.8999999999999998,train,5
ascorbic_acid,10.0,7.5,SWV,3,0.5190322137330995,1.2976641076414157,5.535579926876856,-0.5256216990493481,0.0999999999999999,1.4,-0.0005990544943914,0.3292403812223938,-0.4731068074624211,5.535579926876856,0.0325406758448059,0.1226533166458072,0.5207593200737033,5.453119359053241,1.0,train,2
aluminum,10.0,7.0,SWV,1,0.2619343516523889,0.7660138848444902,3.549007247984981,-0.3943319452503728,0.0999999999999999,1.4,-0.0001595776227944,0.2738877090246807,-0.232941203525808,3.549007247984981,-0.3091364205256571,0.1016270337922402,0.2741471222408791,3.512265692358896,0.8709677419354842,train,5
glucose,10.0,8.0,SWV,3,0.3948752738398858,0.8439087179708412,3.243019697412815,-0.3380174610273616,0.0999999999999999,1.4,-0.0003920921973307,0.2464524392155184,-0.32825659728152,3.243019697412815,0.4618272841051313,0.1612015018773466,0.3992117152296595,3.181129460261801,0.877551020408163,train,3
ascorbic_acid,1.0,7.0,SWV,9,0.0865621353742498,0.2140072205272911,0.9109110979363968,-0.0818471544063005,0.0999999999999999,1.4,-2.459227515649462e-05,0.061189167094501,-0.0535325231874287,0.9109110979363968,0.0500625782227783,0.1261576971214018,0.0876960263963767,0.8973508884091392,0.7142857142857139,train,2
aluminum,0.2,7.0,SWV,6,0.0108211849968504,0.027499761109868,0.1280114159329517,-0.0099456137840434,0.0999999999999999,1.4,3.444391536149903e-06,0.0089546187389656,-0.0089298287369567,0.1280114159329517,-0.3021276595744681,0.1051314142678347,0.0101373921593461,0.1258843678717164,0.7142857142857143,train,5
glucose,0.2,6.5,SWV,5,0.0157256786408387,0.0292807541138197,0.115812729541387,-0.0097824828505488,0.0999999999999999,1.4,6.368060288557482e-06,0.0098423668512892,-0.0066132670756367,0.115812729541387,0.4775969962453065,0.1524405506883603,0.0132912033786771,0.1113569777828648,0.5,train,3
glucose,0.5,6.5,SWV,6,0.0352788398692012,0.0712381305379536,0.2683205582870474,-0.0234775162935686,0.0999999999999999,1.4,6.469664764126506e-06,0.0203578605665456,-0.0176568182296777,0.2683205582870474,0.4846057571964955,0.1559449311639549,0.0327483162585743,0.260886033275912,0.6181818181818198,train,3
uric_acid,10.0,6.0,SWV,5,0.3303158779158571,0.962699957494754,4.585449686332609,-0.3630512234879658,0.0999999999999999,1.4,9.878321624407892e-05,0.345572558322315,-0.2424740791352906,4.585449686332609,0.4075093867334166,0.0981226533166457,0.3420043992845978,4.538822002956694,0.9310344827586198,train,1
uric_acid,0.5,7.5,SWV,5,0.031010680706367,0.0853462065776295,0.4077946183323744,-0.0296992087319931,0.0999999999999999,1.4,1.1115412104921204e-05,0.0293841885089888,-0.0250883624649026,0.4077946183323744,0.3321652065081351,0.092866082603254,0.0292501389460984,0.4015551767746136,0.8928571428571437,train,1
glucose,0.5,7.0,SWV,9,0.0355735389949462,0.0717567968888518,0.2867538648722347,-0.0255795648371243,0.0999999999999999,1.4,-6.15735480521757e-06,0.0195270515913808,-0.0172852056699324,0.2867538648722347,0.4705882352941176,0.1489361702127658,0.031965498731399,0.2792879363446581,0.5740740740740751,train,3
copper,0.2,7.5,SWV,4,0.0089988061142923,0.033594728789779,0.2014211788529539,-0.028428467998907,0.0999999999999999,1.4,-5.364075925589581e-06,0.0130966872227808,-0.0147081112563178,0.2014211788529539,-0.0375469336670839,0.057822277847309,0.0089627828506554,0.1991160581998569,0.9411764705882382,train,4
glucose,5.0,6.0,SWV,8,0.2465646728024812,0.5272950587845356,1.983038947151719,-0.1946833881186705,0.0999999999999999,1.4,0.0002116094307873,0.1477070686222369,-0.136460635715806,1.983038947151719,0.5301627033792239,0.1506883604505633,0.2373969101082974,1.9426841552478136,0.7200000000000015,train,3
aluminum,0.5,6.5,SWV,7,0.0235807565902013,0.0660086309256767,0.3040321052321638,-0.0261709630067334,0.0999999999999999,1.4,-2.5407834670164225e-05,0.0184321344810202,-0.0173647537671911,0.3040321052321638,-0.316145181476846,0.1051314142678347,0.0242947392591084,0.3002847972254556,0.8750000000000003,train,5
uric_acid,5.0,6.5,SWV,0,0.2139405142104587,0.6280039912902359,2.925307831291436,-0.3067620117861358,0.0999999999999999,1.4,-1.5728452638173046e-06,0.2081127440633856,-0.226855216996361,2.925307831291436,0.3864831038798497,0.0963704630788485,0.2219332233087307,2.894891722492406,0.6666666666666647,train,1
ascorbic_acid,0.5,8.0,SWV,8,0.0465766001814756,0.1133969395418563,0.4690418400178825,-0.0406243196954546,0.0999999999999999,1.4,4.320038057325774e-05,0.031753365450985,-0.0374192686548097,0.4690418400178825,0.0080100125156444,0.1209011264080099,0.0456387647498828,0.4609009520647313,0.6829268292682918,train,2
aluminum,0.1,6.5,SWV,8,0.0061325587091383,0.0137896814801284,0.0654710539172559,-0.0051147012182838,0.0999999999999999,1.4,8.046774659865406e-06,0.0045676886465901,-0.0042524366037134,0.0654710539172559,-0.3143929912390488,0.106883604505632,0.0051226660191138,0.0635552126616425,0.9677419354838716,train,5
aluminum,0.1,6.5,SWV,4,0.0061349854789024,0.0138114498011688,0.0644679972645042,-0.0052740384311755,0.0999999999999999,1.4,-5.742121211942776e-07,0.0045712976828649,-0.0040939095518217,0.0644679972645042,-0.3126408010012516,0.1051314142678347,0.0050691931545052,0.0625521332055263,0.7647058823529418,train,5
uric_acid,0.2,7.0,SWV,8,0.013681991406495,0.0348424410956667,0.1607044115470293,-0.0111938254837934,0.0999999999999999,1.4,1.4751930761587998e-05,0.0102299532145329,-0.0097524666519038,0.1607044115470293,0.3549436795994992,0.0981226533166457,0.0124998778305407,0.1571295516396878,1.0,train,1
ascorbic_acid,5.0,7.0,SWV,3,0.3310148533573203,0.8271463805873586,3.527725452814664,-0.33359606044608,0.0999999999999999,1.4,-0.0003804436028499,0.2096025101475032,-0.3011993957819807,3.527725452814664,0.0605757196495618,0.1226533166458072,0.3326343761832067,3.476288428063408,1.0,train,2
aluminum,0.1,7.0,SWV,9,0.0061668879733261,0.0138285802561132,0.0642738957104167,-0.003990092869363,0.0999999999999999,1.4,4.590740792836468e-07,0.003804398467812,-0.0048987792350354,0.0642738957104167,-0.3091364205256571,0.1086357947434293,0.0051637367561918,0.0622977115804035,0.8787878787878792,train,5
uric_acid,5.0,7.5,SWV,0,0.2177819932553243,0.6410521610306302,3.0649057865261784,-0.3065113910495382,0.0999999999999999,1.4,-1.3432782682308748e-06,0.2364200016845468,-0.2321117341721557,3.0649057865261784,0.3216520650813516,0.0946182728410512,0.2217562160411517,3.0351962820188865,0.7419354838709666,train,1
aluminum,0.1,6.5,SWV,1,0.0060309194331875,0.0137501735054311,0.063821731999783,-0.0057225024935233,0.0999999999999999,1.4,-4.200900298622571e-07,0.0051431269733082,-0.0042515895506547,0.063821731999783,-0.3091364205256571,0.1086357947434292,0.00514762115878,0.0618044315090003,0.722222222222223,train,5
glucose,0.2,6.5,SWV,0,0.0156753367786193,0.0291183474637084,0.1152920618810018,-0.0129175316724127,0.0999999999999999,1.4,3.0168729974921287e-06,0.0095662617639334,-0.0105503882397008,0.1152920618810018,0.4846057571964955,0.1524405506883603,0.0131724560074524,0.11087993689862,0.6111111111111127,train,3
uric_acid,1.0,6.0,SWV,9,0.0568406753626531,0.1615167791230183,0.7714707661593968,-0.0611919938519181,0.0999999999999999,1.4,-1.8774801332229224e-05,0.0476374107784142,-0.0443702670773774,0.7714707661593968,0.3987484355444304,0.0911138923654568,0.0546517157303145,0.7633463490233674,0.7931034482758598,train,1
uric_acid,10.0,7.0,SWV,1,0.3308135624299357,0.988752513639784,4.614942577799649,-0.4486341179590593,0.0999999999999999,1.4,-0.0001820063623478,0.3150788575975898,-0.2772127854024957,4.614942577799649,0.3409261576971213,0.0963704630788484,0.352067652370102,4.57270340841246,0.4864864864864863,train,1
uric_acid,1.0,7.5,SWV,0,0.0577948120763504,0.1660685697459836,0.7955880954477118,-0.0778766022937463,0.0999999999999999,1.4,1.526667015187698e-06,0.0613352846460553,-0.0602265715708149,0.7955880954477118,0.3216520650813516,0.0946182728410512,0.057465343590811,0.7866517597837448,0.7419354838709666,train,1
copper,0.2,7.5,SWV,9,0.0090278843867532,0.0337528453968908,0.2048267867897197,-0.0274857885971471,0.0999999999999999,1.4,-3.003597703192578e-06,0.01246042155598,-0.0119038891649832,0.2048267867897197,-0.0375469336670839,0.0560700876095118,0.0088383938352762,0.2024632988758423,0.999999999999996,train,4
dopamine,0.5,8.0,SWV,4,0.0231177436984189,0.0816148804062901,0.433088067178593,-0.046926443713617,0.0999999999999999,1.4,-1.4864580765103843e-05,0.0289592345605924,-0.0224781598508769,0.433088067178593,0.1534418022528159,0.0718397997496871,0.024663549906759,0.4281662891517395,0.8636363636363674,train,0
aluminum,2.0,7.0,SWV,5,0.0837647544789882,0.2385975681856173,1.0856038064582487,-0.10636512487502,0.0999999999999999,1.4,2.877415649438237e-05,0.0909392038063839,-0.0628051031248013,1.0856038064582487,-0.3038798498122653,0.1086357947434292,0.0894289740991474,1.0740624935118546,0.7714285714285712,train,5
dopamine,10.0,7.0,SWV,9,0.2428767787819944,0.9253253423788116,5.213668306608024,-0.4944270292460165,0.0999999999999999,1.4,-0.000138643958315,0.4154523205590213,-0.2630709859327437,5.213668306608024,0.2007509386733416,0.0665832290362954,0.2666727711803268,5.181261534636992,0.8095238095238102,train,0
uric_acid,1.0,7.5,SWV,6,0.0581534537068827,0.1649855238579989,0.7938290597499899,-0.0586422775588176,0.0999999999999999,1.4,7.518528863148612e-06,0.0613331887870524,-0.0428343582731858,0.7938290597499899,0.3198998748435543,0.092866082603254,0.0565582533357848,0.7847820386465567,0.6562499999999979,train,1
aluminum,0.5,8.0,SWV,6,0.0245937570931792,0.067550582604942,0.3207175127517347,-0.0293369371659367,0.0999999999999999,1.4,4.739978444790267e-06,0.02193504305117,-0.0229120769270918,0.3207175127517347,-0.3021276595744681,0.099874843554443,0.0239840256413485,0.3174110624599348,0.7812500000000001,train,5
aluminum,0.2,8.0,SWV,4,0.0109086004096987,0.0275944529775449,0.1279978319379031,-0.0115349285172705,0.0999999999999999,1.4,-3.632562895652053e-06,0.009002034009767,-0.0076820957408372,0.1279978319379031,-0.3056320400500626,0.1033792240300375,0.0100004742826505,0.1256217029341582,0.6857142857142854,train,5
copper,0.1,6.0,SWV,4,0.0051724022936359,0.016698539953665,0.09503555047159,-0.0133792903891531,0.0999999999999999,1.4,-1.3021416398152224e-06,0.0061004433289008,-0.0058655173526343,0.09503555047159,-0.0533166458072591,0.0648310387984981,0.0047553242400719,0.0932607844326534,0.9473684210526342,train,4
glucose,0.1,7.5,SWV,9,0.0091283661109073,0.0147586003500931,0.0616066014342021,-0.0033250714647935,0.0999999999999999,1.4,6.788566392156784e-07,0.0042201061719085,-0.0036787534395457,0.0616066014342021,0.4705882352941176,0.1541927409261576,0.0067654473944743,0.0582084242048663,0.8333333333333338,train,3
glucose,5.0,6.0,SWV,4,0.2466511203287504,0.5273913722763763,1.972042307405219,-0.2051768828969585,0.0999999999999999,1.4,-9.549138785695208e-05,0.1277753928423675,-0.1366681141701495,1.972042307405219,0.4933667083854817,0.1524405506883606,0.2387970065220993,1.932022762642534,0.5818181818181816,train,3
dopamine,0.2,8.0,SWV,4,0.0105285245773421,0.0333931463686989,0.1783233843826085,-0.0181525653502952,0.0999999999999999,1.4,-4.624411023435117e-06,0.0118888397332217,-0.0092287214045437,0.1783233843826085,0.1534418022528159,0.0718397997496871,0.0101007447027378,0.175369884865536,0.8636363636363674,train,0
ascorbic_acid,0.2,6.5,SWV,8,0.0195941475029363,0.0452715029754899,0.1980198397777318,-0.0159848904947154,0.0999999999999999,1.4,1.962975138372857e-05,0.0130219288188556,-0.0118269828105333,0.1980198397777318,0.0640801001251564,0.1191489361702127,0.017969879539097,0.1939209757932727,0.61904761904762,train,2
dopamine,10.0,6.5,SWV,1,0.2334554360118482,0.917843005855388,4.780376928821645,-0.4583098795713206,0.0999999999999999,1.4,-0.0001824684752803,0.2922850971287183,-0.3460362015547195,4.780376928821645,0.232290362953692,0.0735919899874844,0.2817517889964666,4.749162576403408,0.909090909090908,train,0
ascorbic_acid,2.0,6.0,SWV,0,0.1551153649996968,0.3909078514371487,1.653838014796431,-0.1798243043499791,0.0999999999999999,1.4,4.063360025250707e-06,0.126406547400486,-0.1397184249598134,1.653838014796431,0.1061326658322903,0.1244055068836044,0.1592507295475447,1.633548402949229,0.6511627906976742,train,2
aluminum,1.0,8.0,SWV,4,0.0461256427966968,0.1292426883848791,0.5951643337264144,-0.0607663216957218,0.0999999999999999,1.4,-2.6182275144564123e-05,0.0419952973334323,-0.0359010018721386,0.5951643337264144,-0.3056320400500626,0.1033792240300375,0.0468601498664552,0.588949546319581,0.6857142857142854,train,5
dopamine,5.0,6.5,SWV,2,0.151780735855294,0.5859579357260196,3.180815602898794,-0.3145273317841534,0.0999999999999999,1.4,-7.842313850270885e-05,0.1875884421682128,-0.1574739220552484,3.180815602898794,0.2270337922403003,0.0700876095118898,0.1747551131930428,3.1585911673973364,0.6666666666666675,train,0
dopamine,10.0,6.0,SWV,9,0.2368501083619,0.9038141859456738,5.0428809005733655,-0.4781579955516088,0.0999999999999999,1.4,-0.0001351333396816,0.3646148738577361,-0.2997694831771746,5.0428809005733655,0.2550688360450562,0.064831038798498,0.2557473152400425,5.003243236166309,0.681818181818183,train,0
dopamine,0.2,6.5,SWV,0,0.0101315076580288,0.0321294561753215,0.1731885154820199,-0.0159767462521706,0.0999999999999999,1.4,1.492084856737851e-06,0.0113926153501979,-0.0123992839993007,0.1731885154820199,0.2287859824780975,0.0683354192740925,0.0094211478568147,0.1703723898926605,0.7727272727272753,train,0
glucose,10.0,6.0,SWV,6,0.3821203371084112,0.8200476279068099,3.0395626539892184,-0.2890948847435838,0.0999999999999999,1.4,4.8239538111150125e-05,0.2298222755071167,-0.1991905598944016,3.0395626539892184,0.523153942428035,0.162953692115144,0.3893399562881145,2.9814177973523903,0.8979591836734657,train,3
aluminum,0.5,8.0,SWV,8,0.0246112913676768,0.0671727166769135,0.310094972750693,-0.0279554415207248,0.0999999999999999,1.4,2.8929685079705347e-05,0.0258625840774703,-0.0205669837016171,0.310094972750693,-0.3038798498122653,0.1033792240300375,0.0243618943437724,0.305797922205256,0.7352941176470591,train,5
copper,0.2,8.0,SWV,1,0.0087990316405683,0.0338145775749458,0.1973452499601699,-0.028365301187143,0.0999999999999999,1.4,-5.062985857793104e-06,0.0120921053174646,-0.0123246587735925,0.1973452499601699,-0.0392991239048811,0.0578222778473092,0.0090674401355606,0.19534518825153,0.6500000000000019,train,4
aluminum,1.0,6.5,SWV,5,0.0454558140328291,0.1276904731285467,0.5805236838578054,-0.056515156517705,0.0999999999999999,1.4,1.6593608799498697e-05,0.0486839513854902,-0.0340100145439072,0.5805236838578054,-0.3178973717146433,0.1051314142678347,0.0471115605229203,0.573941856534611,0.9999999999999988,train,5
dopamine,0.2,7.5,SWV,1,0.0102029264258879,0.0334155801419923,0.1878661200455722,-0.0182220944870324,0.0999999999999999,1.4,-4.437356426167003e-06,0.0099375880073142,-0.0130406415429712,0.1878661200455722,0.1762202753441801,0.0665832290362953,0.0096664352563367,0.1852415162316326,0.8999999999999987,train,0
glucose,2.0,8.0,SWV,7,0.1201856204932708,0.26210705013791,0.9945374549844817,-0.0929296492039297,0.0999999999999999,1.4,-9.790543171353414e-05,0.0628500311282002,-0.0617539272714342,0.9945374549844817,0.4530663329161452,0.1682102628285356,0.1273802862059428,0.9753833443686608,0.7142857142857161,train,3
ascorbic_acid,0.5,7.5,SWV,1,0.0453725887100936,0.1125499874737582,0.4790563101225385,-0.0503392598293396,0.0999999999999999,1.4,-1.838964552117049e-05,0.0292147286449362,-0.0266332753721784,0.4790563101225385,0.0325406758448059,0.1173967459324155,0.0439954669131879,0.4718650776365675,0.9705882352941154,train,2
copper,2.0,8.0,SWV,4,0.0682861888446083,0.2956410879256485,1.7740678469151068,-0.2453927921259147,0.0999999999999999,1.4,-6.66107016365989e-05,0.1085449671622913,-0.1342097518078459,1.7740678469151068,-0.0375469336670839,0.0560700876095119,0.0776138026845317,1.7642722307774423,0.7777777777777755,train,4
uric_acid,5.0,6.0,SWV,0,0.2120024038610932,0.6212348397915478,2.9492545257827345,-0.3072809852226179,0.0999999999999999,1.4,-1.237814211911617e-06,0.2066072705830196,-0.225909089036559,2.9492545257827345,0.4022528160200248,0.0946182728410514,0.2148166692124894,2.919968993496142,0.8620689655172358,train,1
ascorbic_acid,1.0,7.5,SWV,9,0.0874097652495032,0.2161425395666428,0.9287680554843764,-0.0826908465070054,0.0999999999999999,1.4,-2.486392551359837e-05,0.0574156194201858,-0.0530417346181129,0.9287680554843764,0.0307884856070087,0.1191489361702127,0.0852222260551645,0.9144496377863596,0.8888888888888908,train,2
uric_acid,0.1,8.0,SWV,4,0.0078986981670895,0.0177729334902333,0.0837985220398827,-0.0054118949252927,0.0999999999999999,1.4,-1.0195704932032578e-06,0.0046130679921734,-0.0049099250563628,0.0837985220398827,0.3058823529411764,0.0963704630788485,0.0063004900041935,0.0811700713433881,0.8965517241379318,train,1
dopamine,5.0,8.0,SWV,3,0.1621243091978417,0.6098829554666545,3.222992506355012,-0.3230787801611168,0.0999999999999999,1.4,-0.0002718893125538,0.1964340676880634,-0.2226714085401053,3.222992506355012,0.1464330413016269,0.0718397997496871,0.1840529389567052,3.1971784251694197,0.7826086956521715,train,0
ascorbic_acid,10.0,6.0,SWV,5,0.497872156368751,1.2621179460456389,5.353083078046875,-0.4624636647528549,0.0999999999999999,1.4,0.0001441352392033,0.4336024845072315,-0.3295760866059799,5.353083078046875,0.1008760951188986,0.1191489361702127,0.5002192315422141,5.285780331650992,0.7894736842105239,train,2
glucose,10.0,7.0,SWV,9,0.3878454317959426,0.8309498104009488,3.294015034269632,-0.321999879784372,0.0999999999999999,1.4,-9.735970048282176e-05,0.2243762809554705,-0.1985100820131904,3.294015034269632,0.4705882352941176,0.1489361702127658,0.3701369667402344,3.2317018885760778,0.5740740740740751,train,3
aluminum,2.0,6.0,SWV,3,0.0842651490774656,0.2367630918709339,1.0613774163335246,-0.1047091663974794,0.0999999999999999,1.4,-0.0001167925343948,0.0649412330614707,-0.0912106057124136,1.0613774163335246,-0.3196495619524405,0.106883604505632,0.0885387992635506,1.0484948876328528,0.8484848484848475,train,5
ascorbic_acid,10.0,8.0,SWV,3,0.5239190435335861,1.3080942095711776,5.395183273750988,-0.5110838794506638,0.0999999999999999,1.4,-0.0005790795826732,0.3160276265401145,-0.4474520185587175,5.395183273750988,0.0202753441802252,0.1226533166458072,0.5296162723892919,5.315076006504713,0.9444444444444438,train,2
aluminum,0.2,8.0,SWV,7,0.0105884936413497,0.0274800635117455,0.1248318281931756,-0.010507041302391,0.0999999999999999,1.4,-9.13988287236241e-06,0.0072041826665126,-0.0072229983836067,0.1248318281931756,-0.3073842302878598,0.1086357947434292,0.0103147028959494,0.1225569683078398,0.5897435897435901,train,5
ascorbic_acid,0.2,6.5,SWV,7,0.0191148088534966,0.0450306623731833,0.1925940163100761,-0.0151134585821978,0.0999999999999999,1.4,-1.470162919206694e-05,0.0129731198394768,-0.0110785676385036,0.1925940163100761,0.0570713391739674,0.1209011264080099,0.0181438111345634,0.1890690781204087,0.5000000000000013,train,2
uric_acid,1.0,6.5,SWV,9,0.0573441614528215,0.1631738002363635,0.7674644881716745,-0.0614460396128378,0.0999999999999999,1.4,-1.8899475991087847e-05,0.056420478231038,-0.0531389971559735,0.7674644881716745,0.3812265331664579,0.0981226533166458,0.0584911301740622,0.7594401269771531,0.931034482758622,train,1
copper,0.1,6.0,SWV,2,0.0050929395590579,0.0167262754275604,0.0958481332902825,-0.013240399366718,0.0999999999999999,1.4,3.1184813332715595e-08,0.0068657834042463,-0.0054456794279513,0.0958481332902825,-0.0585732165206508,0.0630788485607009,0.0046849431853706,0.0940659773880025,0.7142857142857139,train,4
aluminum,0.5,7.5,SWV,9,0.0245920674469773,0.0667275080761075,0.3070958597549404,-0.0250959767066282,0.0999999999999999,1.4,-7.377629244082872e-06,0.0180999224674775,-0.0228395708637136,0.3070958597549404,-0.3091364205256571,0.1033792240300375,0.0240879356722688,0.3027131486826521,0.84375,train,5
glucose,0.2,7.0,SWV,6,0.0158260802350622,0.029234848532389,0.1137627431441622,-0.0085024461302513,0.0999999999999999,1.4,4.161120110232082e-06,0.0085551463206207,-0.0074034911472982,0.1137627431441622,0.4793491864831037,0.162953692115144,0.0138554267091203,0.1093660631679571,0.8235294117647062,train,3
glucose,2.0,6.0,SWV,9,0.1204318064815843,0.2546166597492674,0.9547518582659396,-0.0955081989512778,0.0999999999999999,1.4,-2.6900589596711104e-05,0.0661063711259878,-0.0601555575545752,0.9547518582659396,0.5038798498122653,0.1594493116395494,0.1191309172829902,0.934804454238746,0.6851851851851878,train,3
ascorbic_acid,2.0,6.5,SWV,4,0.157716198796154,0.3902844885715302,1.6419100946267051,-0.1684048272846602,0.0999999999999999,1.4,-7.446062720534608e-05,0.1065094051170319,-0.1109950642400263,1.6419100946267051,0.0605757196495618,0.1209011264080099,0.1567978120074621,1.6176083273745918,0.5681818181818183,train,2
dopamine,0.2,6.5,SWV,8,0.0102044648064126,0.0323614800675582,0.1721017531049886,-0.0159876313213575,0.0999999999999999,1.4,1.2409613992142423e-05,0.0108843300246267,-0.0120328107587846,0.1721017531049886,0.232290362953692,0.0718397997496871,0.0097758444882061,0.1690344522285989,0.9523809523809518,train,0
dopamine,10.0,8.0,SWV,7,0.2390230050263862,0.9451179815967872,4.967369790546257,-0.5331664337070741,0.0999999999999999,1.4,-0.0003547248081699,0.3617106518143357,-0.2465595642624752,4.967369790546257,0.1446808510638297,0.071839799749687,0.2866441874857761,4.947880342478326,0.6400000000000021,train,0
aluminum,0.1,6.5,SWV,2,0.0060611744412185,0.0137407240108113,0.0627110904585268,-0.0050348100829987,0.0999999999999999,1.4,6.642829998311203e-07,0.0035962490194161,-0.0046014219231033,0.0627110904585268,-0.3126408010012516,0.1033792240300375,0.0050023214259814,0.0608436574895931,0.7352941176470591,train,5
copper,10.0,6.5,SWV,9,0.2144843645791488,0.937162175881666,5.189077689604989,-0.865183420393915,0.0999999999999999,1.4,-0.000148016553093,0.3843320430257643,-0.3107388759837539,5.189077689604989,-0.0515644555694618,0.0613266583229036,0.2580569640219179,5.156882431350571,0.8421052631578959,train,4
dopamine,0.1,7.0,SWV,4,0.0060916060682371,0.0164022637403131,0.0934099208501158,-0.0058184633407007,0.0999999999999999,1.4,-1.123623543950289e-06,0.00569991387976,-0.0051597292734652,0.0934099208501158,0.2025031289111388,0.0683354192740927,0.0048068329189479,0.0911271402769434,0.8571428571428584,train,0
glucose,5.0,7.5,SWV,4,0.2511321802196306,0.537789762362012,2.106257946770846,-0.2134326426284077,0.0999999999999999,1.4,-0.0001010194686738,0.1467405101737425,-0.1375849267837255,2.106257946770846,0.4530663329161452,0.1576971214017523,0.2505705487417592,2.063228186078437,0.5254237288135607,train,3
ascorbic_acid,0.5,6.5,SWV,4,0.0452766315643534,0.1088465584792623,0.4592537516441931,-0.0454095163092346,0.0999999999999999,1.4,-1.899454657756483e-05,0.0297442521403404,-0.0309905076642499,0.4592537516441931,0.0605757196495618,0.1209011264080099,0.0436983392123553,0.4509396451945028,0.5681818181818183,train,2
uric_acid,5.0,6.5,SWV,5,0.2149286348235499,0.623685429218065,2.912936667943728,-0.2289121072370665,0.0999999999999999,1.4,6.420496061464439e-05,0.2130060988592112,-0.189678212059253,2.912936667943728,0.3829787234042552,0.0963704630788485,0.2203622846815802,2.878784737436117,0.7741935483870961,train,1
glucose,0.5,6.5,SWV,3,0.035574543897311,0.0715827120034388,0.2830095608951342,-0.0261665603938746,0.0999999999999999,1.4,-3.079178926219278e-05,0.0194379938113979,-0.0278181313628503,0.2830095608951342,0.481101376720901,0.1454317897371715,0.0314291001512795,0.2752484174075033,0.5370370370370363,train,3
ascorbic_acid,0.2,7.0,SWV,0,0.0196589007565699,0.0455629858514024,0.1969213809961275,-0.0198564786556358,0.0999999999999999,1.4,2.767368291197378e-06,0.0149658686555254,-0.0165524977662325,0.1969213809961275,0.0535669586983729,0.1244055068836045,0.0185001642915132,0.1928705694276991,0.8205128205128215,train,2
copper,10.0,8.0,SWV,6,0.2165336138403395,0.9498786078406772,5.621890729481467,-0.7957746368598443,0.0999999999999999,1.4,8.347186193315426e-06,0.3978456603013693,-0.3904219433053881,5.621890729481467,-0.0357947434292866,0.0560700876095119,0.2497741336343255,5.597926071685643,0.8823529411764692,train,4
glucose,5.0,7.5,SWV,3,0.2531357346740465,0.5392684124141179,2.1233133909760835,-0.2146835469963942,0.0999999999999999,1.4,-0.0002495098583816,0.1552815140995776,-0.2098427486855824,2.1233133909760835,0.481101376720901,0.1594493116395494,0.2535567278702755,2.081834341769372,0.8958333333333346,train,3
dopamine,5.0,7.5,SWV,5,0.157656809484236,0.6051437893216488,3.413935827970809,-0.3371943927218757,0.0999999999999999,1.4,4.786287371134942e-05,0.2240448025845303,-0.2686126213780738,3.413935827970809,0.1744680851063829,0.0630788485607009,0.1688318584469021,3.390082676519765,0.8000000000000006,train,0
dopamine,0.5,6.0,SWV,7,0.0212817029642183,0.0776097536028198,0.4352971087668567,-0.0400723071323695,0.0999999999999999,1.4,-2.824130168876275e-05,0.028178028511594,-0.027383016295098,0.4352971087668567,0.2585732165206507,0.064831038798498,0.0221058744387081,0.4324166612182415,0.8499999999999981,train,0
ascorbic_acid,10.0,7.5,SWV,1,0.5053409079631088,1.2998363586827708,5.5141099786033205,-0.5995557393305556,0.0999999999999999,1.4,-0.0002384081215073,0.3367655915046535,-0.3068075783535777,5.5141099786033205,0.0325406758448059,0.1173967459324155,0.5079155921849915,5.448059584925738,0.9705882352941154,train,2
aluminum,0.2,6.5,SWV,8,0.0107906571805384,0.0272268614449878,0.1280716155400665,-0.010901831727108,0.0999999999999999,1.4,1.3309283464680428e-05,0.0089764443053409,-0.0083643076091853,0.1280716155400665,-0.3143929912390488,0.106883604505632,0.0100994124192264,0.1253901536108165,0.9677419354838716,train,5
uric_acid,5.0,6.0,SWV,9,0.2140991162934334,0.6235015392327734,2.971982208710694,-0.2422183749770457,0.0999999999999999,1.4,-7.955088179765143e-05,0.1836797541658186,-0.1710616191825638,2.971982208710694,0.3987484355444304,0.0911138923654568,0.2108545247817884,2.944862042706824,0.7931034482758598,train,1
dopamine,0.5,7.0,SWV,4,0.0225977856217645,0.0797815234052048,0.4468116325154654,-0.0348774917387559,0.0999999999999999,1.4,-1.4979812968357294e-05,0.0276717330250807,-0.0248780872134615,0.4468116325154654,0.2025031289111388,0.0683354192740927,0.0233796320280946,0.4427356948207842,0.8571428571428584,train,0
copper,0.2,7.0,SWV,5,0.0089280167075711,0.0333450929863688,0.1970177292210745,-0.026728787234367,0.0999999999999999,1.4,5.00081670834488e-06,0.0122488924383086,-0.0107933159472468,0.1970177292210745,-0.0392991239048811,0.0595744680851064,0.0090253285381357,0.1945501956578333,0.7894736842105242,train,4
copper,0.1,6.5,SWV,6,0.0051848729521464,0.016745986075427,0.094424749604863,-0.0143734895687984,0.0999999999999999,1.4,2.548768734902915e-06,0.0064959193324893,-0.0066588505310285,0.094424749604863,-0.0498122653316646,0.0648310387984981,0.004768664049055,0.0925556032374381,0.9473684210526342,train,4
ascorbic_acid,10.0,6.0,SWV,6,0.4986184549947524,1.2559635206250737,5.318832083470667,-0.4499771856000852,0.0999999999999999,1.4,5.421731496720983e-05,0.3565371279316454,-0.319958571920745,5.318832083470667,0.1061326658322903,0.1279098873591989,0.521315305908989,5.247362580914352,0.6976744186046516,train,2
ascorbic_acid,0.5,8.0,SWV,5,0.0464851208116955,0.1128939230348532,0.4605267525350054,-0.0426967706433919,0.0999999999999999,1.4,1.463357949178054e-05,0.0471521008572135,-0.0252254029234303,0.4605267525350054,-0.0060075093867334,0.1209011264080099,0.0453858749707801,0.4527638591860544,0.4375000000000005,train,2
ascorbic_acid,1.0,7.5,SWV,4,0.0872243364843503,0.2146039802984918,0.9383195505179128,-0.0918730257768688,0.0999999999999999,1.4,-3.9916420896159365e-05,0.0693577593135648,-0.0555437489917571,0.9383195505179128,0.0413016270337921,0.1244055068836045,0.0869865753177725,0.923580619455768,0.8205128205128215,train,2
copper,0.5,8.0,SWV,3,0.0203513151475117,0.0823022968388005,0.4799490215036595,-0.0601565492233753,0.0999999999999999,1.4,-3.9051658406037646e-05,0.0350289506186106,-0.0358991131157583,0.4799490215036595,-0.0375469336670839,0.0595744680851064,0.0224524842349537,0.4755518702843001,0.7894736842105242,train,4
ascorbic_acid,0.2,7.5,SWV,9,0.0200008262539676,0.0460089987999759,0.1990869290942401,-0.0159246536569581,0.0999999999999999,1.4,-3.331041636896077e-06,0.0122367254532357,-0.0113278044503281,0.1990869290942401,0.0307884856070087,0.1191489361702127,0.0181437585453888,0.1946868585024838,0.8888888888888908,train,2
ascorbic_acid,10.0,6.5,SWV,8,0.5039924419195824,1.2768623878983132,5.533632272132856,-0.486865414147076,0.0999999999999999,1.4,0.0004800365425307,0.3649100994761622,-0.3319368739788888,5.533632272132856,0.0640801001251564,0.1191489361702127,0.5064217922389125,5.462729393642028,0.61904761904762,train,2
aluminum,0.2,6.5,SWV,2,0.0106509910932844,0.0271311268644561,0.1226594684530274,-0.0109411884423589,0.0999999999999999,1.4,-1.1348476357564991e-06,0.0070830518203572,-0.0090867245352462,0.1226594684530274,-0.3126408010012516,0.1033792240300375,0.0098767341267774,0.1201910234551736,0.7352941176470591,train,5
dopamine,10.0,8.0,SWV,0,0.2458873630947687,0.9529473281699112,5.012734931298893,-0.5558522337019467,0.0999999999999999,1.4,-2.802983824874205e-05,0.3392234391657338,-0.3608760564295279,5.012734931298893,0.1534418022528159,0.0718397997496871,0.2879387310907284,4.979713487823937,0.8636363636363674,train,0
uric_acid,0.5,6.5,SWV,5,0.0304901677900618,0.0838000783701304,0.3932208755221525,-0.0289757862160484,0.0999999999999999,1.4,1.0857666974180553e-05,0.0287230855039826,-0.0255523069173575,0.3932208755221525,0.3829787234042552,0.0963704630788485,0.0296225668662597,0.3871085132494972,0.7741935483870961,train,1
copper,5.0,8.0,SWV,3,0.1421740957740616,0.6108870153221808,3.553942785925358,-0.459139793111813,0.0999999999999999,1.4,-0.0003054667379898,0.2599807137248879,-0.2662345898069951,3.553942785925358,-0.0375469336670839,0.0595744680851064,0.1666208305519408,3.529824217069868,0.7894736842105242,train,4
dopamine,2.0,8.0,SWV,9,0.0784746421573958,0.2926882845037286,1.5595824908107383,-0.1315005700310793,0.0999999999999999,1.4,-4.146086432259416e-05,0.1202832259236957,-0.106501836679287,1.5595824908107383,0.1516896120150187,0.0718397997496871,0.0883737937642535,1.5452846741802668,0.9523809523809518,train,0
aluminum,5.0,6.0,SWV,8,0.1710910554586923,0.489572796344155,2.263214379378482,-0.2199410270895579,0.0999999999999999,1.4,0.0001924539753701,0.159799180776569,-0.1491384877622281,2.263214379378482,-0.3196495619524405,0.1016270337922403,0.1763882592355261,2.2385006116936474,0.8709677419354833,train,5
aluminum,5.0,7.0,SWV,6,0.1723301914212308,0.4965397133491961,2.289401327808257,-0.1954957033303715,0.0999999999999999,1.4,1.863255151223795e-05,0.1611579946445078,-0.1609966325921028,2.289401327808257,-0.3021276595744681,0.1033792240300375,0.1810099222450011,2.2724333986694862,0.6857142857142854,train,5
copper,1.0,7.0,SWV,8,0.036939972352112,0.1556650748991712,0.901546605379849,-0.1344156317378562,0.0999999999999999,1.4,5.437666344122201e-05,0.0595381106487156,-0.0693886828120841,0.901546605379849,-0.0357947434292866,0.0630788485607007,0.0434579907331675,0.8943932582230251,0.6363636363636369,train,4
copper,1.0,8.0,SWV,9,0.0374571997709824,0.1595603023358799,0.9696144322519358,-0.1234734414378329,0.0999999999999999,1.4,-2.351950670193747e-05,0.0602500827190592,-0.0553366144831816,0.9696144322519358,-0.0375469336670839,0.0578222778473092,0.0425859045457904,0.962465521604374,0.7368421052631553,train,4
uric_acid,5.0,6.0,SWV,5,0.2129886852934773,0.6188143991928282,2.9482527316157383,-0.2329420148621612,0.0999999999999999,1.4,6.441755998165586e-05,0.2221684274636439,-0.1558839435135741,2.9482527316157383,0.4075093867334166,0.0981226533166457,0.2198380598755124,2.9176040024775243,0.9310344827586198,train,1
ascorbic_acid,5.0,7.0,SWV,6,0.3276964542152822,0.8237195289526027,3.5356035486920385,-0.2976524795893656,0.0999999999999999,1.4,3.770551017493129e-05,0.2365613347044044,-0.2375840392707715,3.5356035486920385,0.0395494367959949,0.1226533166458072,0.3318422568631617,3.4882609259855384,0.5217391304347843,train,2
uric_acid,10.0,7.5,SWV,4,0.3403076793389425,0.994389901425626,4.724559388193331,-0.4289982164456283,0.0999999999999999,1.4,-0.0001948169797158,0.2570812265221727,-0.2506170083469292,4.724559388193331,0.3216520650813516,0.0946182728410512,0.3445576021065146,4.680263335924014,0.7419354838709666,train,1
glucose,0.2,7.0,SWV,7,0.0155060789107191,0.0294770846328536,0.1172069802110784,-0.009132631080279,0.0999999999999999,1.4,-8.91907225801965e-06,0.0071900613471204,-0.0073114806950263,0.1172069802110784,0.4846057571964955,0.1559449311639549,0.0135759105598044,0.1129375253520101,0.893617021276597,train,3
copper,0.1,6.0,SWV,0,0.0051294356468793,0.0166965014151474,0.0951996120068486,-0.0141142436390133,0.0999999999999999,1.4,1.940248450668469e-06,0.0064919843893271,-0.0068717360065369,0.0951996120068486,-0.0533166458072591,0.0630788485607009,0.004675022724985,0.0933461211481809,0.9999999999999964,train,4
ascorbic_acid,2.0,7.0,SWV,2,0.1573269520875702,0.3983074883683234,1.6914961420718833,-0.1447786343194413,0.0999999999999999,1.4,-4.2698612958726457e-05,0.0980006034335997,-0.0912511795556479,1.6914961420718833,0.0588235294117646,0.1173967459324155,0.1554632367584195,1.6670012115296515,0.9705882352941154,train,2
aluminum,1.0,6.5,SWV,3,0.0460859471042665,0.1277375940758312,0.5801344769156692,-0.0557776707238146,0.0999999999999999,1.4,-6.235578758186796e-05,0.0368488826593182,-0.0495049909998786,0.5801344769156692,-0.3108886107634543,0.1033792240300375,0.0465178688592346,0.5724967497354094,0.7352941176470591,train,5
dopamine,10.0,7.0,SWV,1,0.2360740999788655,0.9347548341855532,5.215229037631407,-0.4518554614547662,0.0999999999999999,1.4,-0.0001902983672002,0.3705212470017252,-0.2570933710032677,5.215229037631407,0.2007509386733416,0.0665832290362954,0.2697453573236291,5.200166188693017,0.8095238095238102,train,0
glucose,0.2,6.0,SWV,7,0.0153511612922004,0.0291721766127526,0.1107633270828575,-0.0088628553241614,0.0999999999999999,1.4,-8.501249964664004e-06,0.0069739105597684,-0.0074713324896545,0.1107633270828575,0.4986232790988735,0.162953692115144,0.0138209750001214,0.1068298720342164,0.6034482758620703,train,3
aluminum,0.1,7.0,SWV,0,0.0061139219175226,0.0137935212526773,0.0652406355753164,-0.0067377915391811,0.0999999999999999,1.4,2.437377943900345e-06,0.0051854876613705,-0.0062486577027829,0.0652406355753164,-0.3126408010012516,0.1051314142678347,0.0050514483592649,0.0633233096200164,1.0,train,5
aluminum,5.0,6.5,SWV,4,0.1718595125267147,0.4924102034231656,2.255992657649998,-0.236518474144229,0.0999999999999999,1.4,-0.0001066781126206,0.1613607879172243,-0.1438776462411555,2.255992657649998,-0.3126408010012516,0.1051314142678347,0.1809850052287327,2.2338029397675387,0.7647058823529418,train,5
ascorbic_acid,0.2,6.0,SWV,7,0.0189431852524103,0.0445011501714235,0.185566825037124,-0.0148722806760376,0.0999999999999999,1.4,-1.4431389621819869e-05,0.0127703793279269,-0.0106865501672995,0.185566825037124,0.1061326658322903,0.1261576971214016,0.0183087945957228,0.1816517726915632,0.6744186046511629,train,2
aluminum,0.1,7.5,SWV,1,0.0060680912715551,0.0138757069316735,0.0657669339469813,-0.0057814688191744,0.0999999999999999,1.4,-4.441973275684356e-07,0.0048489580714996,-0.0042435665337391,0.0657669339469813,-0.3091364205256571,0.0963704630788485,0.0047691929627518,0.0637895231842179,0.8965517241379298,train,5
copper,0.5,8.0,SWV,1,0.0194737770906122,0.0824698016830129,0.4794051518236665,-0.0719552526932281,0.0999999999999999,1.4,-1.5936192094402208e-05,0.0295081907529595,-0.0300321503331728,0.4794051518236665,-0.0392991239048811,0.0578222778473092,0.0220957589518193,0.4762081697194928,0.6500000000000019,train,4
dopamine,2.0,8.0,SWV,4,0.0782498412286516,0.2927996011170041,1.5487816780437669,-0.1729361868909231,0.0999999999999999,1.4,-5.970946204758368e-05,0.1037157912183886,-0.0805015627020605,1.5487816780437669,0.1534418022528159,0.0718397997496871,0.0884600187851306,1.5355384361412088,0.8636363636363674,train,0
uric_acid,0.1,7.0,SWV,0,0.0077458405948819,0.017466807334936,0.0811158752699957,-0.0064950912540249,0.0999999999999999,1.4,2.410585590515166e-06,0.0060037121166431,-0.006402986537332,0.0811158752699957,0.3409261576971213,0.0981226533166457,0.0062822345201754,0.0784983979434827,0.5135135135135137,train,1
ascorbic_acid,0.1,8.0,SWV,9,0.0110626824467103,0.0234669823017446,0.0970847409066248,-0.0067411260949996,0.0999999999999999,1.4,-4.0483916975947443e-07,0.0064678034307423,-0.0056343054199921,0.0970847409066248,0.0167709637046307,0.1261576971214018,0.0097009215355736,0.0940511999395122,0.9459459459459452,train,2
ascorbic_acid,0.5,6.0,SWV,3,0.0452267747005606,0.1092649046386912,0.4581198653502696,-0.0412459399961747,0.0999999999999999,1.4,-4.753635574953306e-05,0.0320691332996311,-0.0391745076400763,0.4581198653502696,0.104380475594493,0.1173967459324154,0.0429742609045671,0.4501417338188825,0.7631578947368423,train,2
glucose,10.0,7.0,SWV,3,0.3902085688291541,0.8339708017536513,3.3241741570283523,-0.3329612989476081,0.0999999999999999,1.4,-0.0003864707412905,0.2338972636130109,-0.3243522649493943,3.3241741570283523,0.481101376720901,0.143679599499374,0.3636197000054995,3.260272265656215,0.8222222222222225,train,3
uric_acid,2.0,6.0,SWV,2,0.1026257842807528,0.299617833971213,1.439283102650564,-0.1090925525238049,0.0999999999999999,1.4,-3.3335276821729424e-05,0.0672566852909866,-0.0840043768673902,1.439283102650564,0.3987484355444304,0.0893617021276595,0.1001161338693074,1.4257213815328635,0.7586206896551698,train,1
dopamine,10.0,6.5,SWV,3,0.2420769044884802,0.9138373457778683,4.818055209012512,-0.5203199768840284,0.0999999999999999,1.4,-0.0004095688985173,0.2699581453807732,-0.3342195177160951,4.818055209012512,0.2410513141426782,0.0735919899874844,0.2800718166997301,4.769912725529454,0.680000000000001,train,0
glucose,2.0,7.0,SWV,5,0.1213869586097183,0.259031037453069,1.033198283842479,-0.0967504172801433,0.0999999999999999,1.4,3.5854782692766494e-05,0.0863729491625844,-0.057540826827994,1.033198283842479,0.4775969962453065,0.1454317897371713,0.1142628889415597,1.012150391644718,0.7291666666666657,train,3
copper,0.2,7.5,SWV,3,0.0091215129044798,0.0335030574034341,0.1957601476553007,-0.0256042642089207,0.0999999999999999,1.4,-1.4458302965231246e-05,0.0139860230492668,-0.0145279578870587,0.1957601476553007,-0.0392991239048811,0.057822277847309,0.008953697145011,0.1932585433222595,0.9411764705882382,train,4
dopamine,0.2,7.5,SWV,0,0.0103380275101084,0.0333469210185558,0.189869284708226,-0.0168313887019316,0.0999999999999999,1.4,1.5804191432802392e-06,0.0120509400419694,-0.015362646800417,0.189869284708226,0.1762202753441801,0.0613266583229036,0.0091450338821393,0.1869150545160545,0.9444444444444472,train,0
dopamine,10.0,6.0,SWV,2,0.2319324006003834,0.9019971112677408,5.003482784877833,-0.437686085296449,0.0999999999999999,1.4,-0.0001239676097584,0.3517512779516576,-0.2427185372252888,5.003482784877833,0.2585732165206507,0.064831038798498,0.2561083926619551,4.975229415568285,0.8499999999999981,train,0
dopamine,0.2,6.5,SWV,6,0.0101973484280932,0.0322809255592604,0.1725914171559975,-0.016886687040443,0.0999999999999999,1.4,2.59209323447081e-06,0.0114038355991048,-0.0105292766264613,0.1725914171559975,0.2340425531914892,0.0735919899874844,0.0099183350567769,0.1697026215996591,1.0,train,0
glucose,0.2,8.0,SWV,9,0.0160293373362883,0.0296307380383874,0.1192071443045944,-0.0091304334284185,0.0999999999999999,1.4,-1.1300331343794224e-06,0.0084971812151636,-0.0072268621125353,0.1192071443045944,0.4705882352941176,0.1612015018773466,0.0140291236164602,0.1148050998025696,0.9166666666666644,train,3
ascorbic_acid,1.0,6.0,SWV,9,0.0848643162450841,0.2094768301294711,0.8931444304927358,-0.0792923281931503,0.0999999999999999,1.4,-2.3862329761492885e-05,0.0648787481219943,-0.0580933232947134,0.8931444304927358,0.1008760951188986,0.1191489361702127,0.0832290375725982,0.8796072790449774,0.8378378378378359,train,2
ascorbic_acid,2.0,7.5,SWV,6,0.1607025121282946,0.4013381845222205,1.7462339344916196,-0.1442645649916844,0.0999999999999999,1.4,1.9699689553403782e-05,0.1154074590288091,-0.1237027195125111,1.7462339344916196,0.0395494367959949,0.1173967459324154,0.1566656218149767,1.7208791721331758,0.9142857142857131,train,2
ascorbic_acid,0.2,6.5,SWV,5,0.0195559862797332,0.0451208040936345,0.1887272507983454,-0.0163658761932891,0.0999999999999999,1.4,7.71292166694932e-06,0.0163213375781249,-0.0112127339613732,0.1887272507983454,0.0623279098873591,0.1209011264080099,0.0181217412546724,0.1844821024345687,0.5681818181818183,train,2
dopamine,0.2,8.0,SWV,6,0.0105162564072564,0.0334743207195619,0.1784217388392974,-0.0168013004804663,0.0999999999999999,1.4,2.5895226822559563e-06,0.0120693519353506,-0.0118991681465598,0.1784217388392974,0.1516896120150187,0.0735919899874844,0.0102660419262019,0.1756769190759456,0.909090909090908,train,0
glucose,1.0,7.0,SWV,9,0.0664745822231037,0.138352196299916,0.5505487042930589,-0.0515813468500408,0.0999999999999999,1.4,-1.4157560566410997e-05,0.0374962822373536,-0.0331821246474112,0.5505487042930589,0.4705882352941176,0.1489361702127658,0.0616479794185792,0.5383946007731774,0.5740740740740751,train,3
copper,10.0,7.0,SWV,2,0.2102788985817098,0.9409773757683884,5.304536767856897,-0.8371790842508702,0.0999999999999999,1.4,-0.0001380159222197,0.3923595642754912,-0.3242462663197909,5.304536767856897,-0.0410513141426783,0.0613266583229036,0.2593764891427587,5.281103140915255,0.8421052631578959,train,4
glucose,2.0,7.5,SWV,5,0.1221042115542483,0.2603638067094883,1.032968478377872,-0.0927900439599488,0.0999999999999999,1.4,3.5865783059014606e-05,0.0868904576727653,-0.0574255520078022,1.032968478377872,0.4775969962453065,0.1576971214017521,0.1215284862780586,1.0116958604277744,0.9565217391304368,train,3
uric_acid,0.1,6.5,SWV,1,0.0076200757927704,0.0172933037069517,0.0826351889827163,-0.0062249300192272,0.0999999999999999,1.4,-7.92426932564288e-07,0.0050412920065163,-0.0048657932239863,0.0826351889827163,0.3829787234042552,0.0963704630788485,0.0061294951849329,0.0800539355302419,0.8333333333333334,train,1
uric_acid,0.1,7.0,SWV,4,0.0077908628511251,0.0174111461708551,0.0828404547586828,-0.0053506740165719,0.0999999999999999,1.4,-9.869268642283582e-07,0.0045653842944361,-0.0045937246340194,0.0828404547586828,0.3426783479349186,0.1051314142678347,0.0065400278147602,0.0802665259721631,0.5789473684210537,train,1
copper,0.2,8.0,SWV,9,0.0090659096027305,0.0339876323113485,0.2076046622394531,-0.0247687018015174,0.0999999999999999,1.4,-3.036516024524068e-06,0.012826953673571,-0.011761628873938,0.2076046622394531,-0.0375469336670839,0.0578222778473092,0.0090789369517071,0.2051257184098852,0.7368421052631553,train,4
dopamine,0.2,7.0,SWV,9,0.0103423028411993,0.0327083834353098,0.1862358684172648,-0.0159310692224477,0.0999999999999999,1.4,-2.504155247175085e-06,0.0147348255510263,-0.0093531606926339,0.1862358684172648,0.2007509386733416,0.0665832290362954,0.0094308081629115,0.1833679755038017,0.8095238095238102,train,0
aluminum,0.1,8.0,SWV,3,0.0062468656082642,0.0139863926844548,0.0648968262758432,-0.0054044757775806,0.0999999999999999,1.4,-4.676404329021837e-06,0.0041994598476511,-0.0054606290154395,0.0648968262758432,-0.2951188986232791,0.1033792240300375,0.0050615302220015,0.0628894589657318,0.9666666666666662,train,5
ascorbic_acid,5.0,6.5,SWV,5,0.3239522837546893,0.8181054170810387,3.3908294782318813,-0.3173984415045688,0.0999999999999999,1.4,9.544151011097678e-05,0.29432652614614,-0.2023836863355246,3.3908294782318813,0.0623279098873591,0.1209011264080099,0.3289239308511811,3.3470151961697825,0.5681818181818183,train,2
uric_acid,0.1,6.0,SWV,0,0.0076382848784913,0.0170847633292185,0.0831710515478625,-0.0072571335063249,0.0999999999999999,1.4,2.42616736018323e-06,0.0057922398503443,-0.0063390888685479,0.0831710515478625,0.4022528160200248,0.0893617021276595,0.0057000124275114,0.0805595800167037,0.9615384615384562,train,1
dopamine,0.2,8.0,SWV,2,0.0103796633232948,0.0334081652833733,0.1840452610227152,-0.0166042980939542,0.0999999999999999,1.4,-2.1266282712561515e-06,0.0125857452806442,-0.0116005816218525,0.1840452610227152,0.1516896120150187,0.0700876095118898,0.0099536052964498,0.181167178926892,0.9047619047619035,train,0
glucose,2.0,7.0,SWV,1,0.1198059982092236,0.2574612871138147,1.010964944215949,-0.0957077842182154,0.0999999999999999,1.4,-4.427659421089512e-05,0.0679262617073853,-0.0571791342901076,1.010964944215949,0.4688360450563203,0.1471839799749688,0.11386661428547,0.991063938256478,0.6470588235294124,train,3
ascorbic_acid,1.0,7.0,SWV,0,0.0858076162410083,0.2141321831180183,0.9188305328504814,-0.0979592549137441,0.0999999999999999,1.4,3.589323313985676e-06,0.070004841568524,-0.0774128106446097,0.9188305328504814,0.0535669586983729,0.1244055068836045,0.0870197810287232,0.906898872761114,0.8205128205128215,train,2
dopamine,0.1,7.0,SWV,8,0.0060890432990059,0.0165579668210899,0.0961772992815356,-0.005650581938669,0.0999999999999999,1.4,7.980495022226631e-06,0.0072714583582615,-0.0051194512126367,0.0961772992815356,0.2042553191489361,0.0665832290362954,0.0047750679646364,0.0940067767327787,0.9999999999999968,train,0
glucose,1.0,8.0,SWV,0,0.0667374666552128,0.1398592654620629,0.5601373853378688,-0.0676176278288104,0.0999999999999999,1.4,4.540268859076022e-06,0.0457706508225094,-0.0503562299304236,0.5601373853378688,0.4565707133917395,0.1629536921151438,0.0667278212295589,0.5482078572599287,0.7884615384615371,train,3
aluminum,0.1,8.0,SWV,0,0.006151621685331,0.0139123251534466,0.0654035756171747,-0.006801506203932,0.0999999999999999,1.4,2.436987144504284e-06,0.0052279553348155,-0.0065069155612526,0.0654035756171747,-0.3056320400500626,0.1033792240300375,0.0050156600206877,0.0634894367908956,0.7352941176470584,train,5
dopamine,5.0,6.0,SWV,7,0.1465376056597855,0.5772673479200617,3.22467971422102,-0.3077179483513219,0.0999999999999999,1.4,-0.0002254652028709,0.2091104249810667,-0.2032945087597881,3.22467971422102,0.2585732165206507,0.064831038798498,0.1644414564463239,3.2155335928772497,0.8499999999999981,train,0
dopamine,1.0,6.0,SWV,0,0.0404755577512985,0.1503142609638109,0.8399300841953565,-0.0747991718623319,0.0999999999999999,1.4,-1.779035108596628e-06,0.0838045893315728,-0.0592683730018892,0.8399300841953565,0.2550688360450562,0.0648310387984981,0.0427338394950351,0.8342348693825365,0.7619047619047621,train,0
glucose,0.1,8.0,SWV,7,0.0089840783611813,0.0149109761042075,0.0588579282831866,-0.0039958888315605,0.0999999999999999,1.4,-3.4056316349851898e-06,0.0037190978936862,-0.0036002617043427,0.0588579282831866,0.4530663329161452,0.1682102628285356,0.0072638421611471,0.0557151843687296,0.7142857142857161,train,3
copper,1.0,7.0,SWV,3,0.0375170797747644,0.1561821957984394,0.8811998652263611,-0.1317281270398479,0.0999999999999999,1.4,-7.449015228897894e-05,0.0593816969606135,-0.0641722290396569,0.8811998652263611,-0.0392991239048811,0.0613266583229036,0.0430228944035752,0.8736863185714102,0.8421052631578898,train,4
uric_acid,5.0,7.0,SWV,9,0.2179844632452215,0.6361113879486388,2.9549968445822654,-0.2446255505576017,0.0999999999999999,1.4,-8.060891816730354e-05,0.2272273252669178,-0.1993408502485567,2.9549968445822654,0.3409261576971213,0.0981226533166457,0.2291546584023106,2.9266570436518697,0.5135135135135137,train,1
uric_acid,10.0,8.0,SWV,3,0.346710306212839,1.0064491928724004,4.600355063740103,-0.3984300039953276,0.0999999999999999,1.4,-0.0004441170575005,0.3236084944903925,-0.3615888381616764,4.600355063740103,0.2988735919899874,0.0963704630788485,0.3572975390299087,4.547379879353769,0.8965517241379318,train,1
glucose,1.0,6.0,SWV,1,0.0646124948974664,0.1363977377981555,0.5248754874489071,-0.0494071215115385,0.0999999999999999,1.4,-2.15181089836685e-05,0.0371975115681524,-0.0298588446831119,0.5248754874489071,0.4986232790988735,0.1541927409261576,0.0625217872294225,0.513578910347959,0.6000000000000014,train,3
dopamine,2.0,7.5,SWV,1,0.0754126334522975,0.2931506003929049,1.632946476414742,-0.1733909248529574,0.0999999999999999,1.4,-5.810694103061808e-05,0.086690709050843,-0.1140466457421309,1.632946476414742,0.1762202753441801,0.0665832290362953,0.0847368431232918,1.6232953666768106,0.8999999999999987,train,0
dopamine,1.0,6.5,SWV,6,0.0412990056799515,0.152196095894476,0.806403478646812,-0.0854579923209336,0.0999999999999999,1.4,2.7892058128391706e-06,0.0535306260065483,-0.0494959977990124,0.806403478646812,0.2340425531914892,0.0735919899874844,0.0467795521078944,0.7998356627976831,1.0,train,0
dopamine,1.0,7.0,SWV,9,0.0419796465066136,0.1541509509986411,0.8702402817765515,-0.0810325603821169,0.0999999999999999,1.4,-2.1026577433285853e-05,0.069254212626944,-0.043872592698091,0.8702402817765515,0.2007509386733416,0.0665832290362954,0.0444166908836449,0.8631578917609911,0.8095238095238102,train,0
aluminum,2.0,6.5,SWV,6,0.0835878852973255,0.2387236290781794,1.0665877073654917,-0.0935381568272922,0.0999999999999999,1.4,1.028638700205228e-05,0.0775245622966535,-0.0757751529452839,1.0665877073654917,-0.3021276595744681,0.1103879849812264,0.0911444307846581,1.0581962834480891,0.5749999999999994,train,5
uric_acid,0.1,7.0,SWV,9,0.0078053398155424,0.0175000971383591,0.0833528568016516,-0.0046884344334688,0.0999999999999999,1.4,1.8826534429845428e-07,0.0063740139300869,-0.0055648793464027,0.0833528568016516,0.3409261576971213,0.0963704630788484,0.0062324451884862,0.0806809257182072,0.5277777777777781,train,1
copper,0.5,6.5,SWV,3,0.0200535913935804,0.0806367802977059,0.4532105863875023,-0.0681832176210744,0.0999999999999999,1.4,-3.6633684325403466e-05,0.0324026771819325,-0.0318271833525613,0.4532105863875023,-0.0480600750938673,0.0630788485607009,0.0225394278434463,0.4485810079957712,0.9999999999999964,train,4
glucose,10.0,6.5,SWV,7,0.3756769081283412,0.8316200968020651,3.2161043902971853,-0.2978713577361002,0.0999999999999999,1.4,-0.0003107711771337,0.1970571067671244,-0.2074295422391525,3.2161043902971853,0.4846057571964955,0.1524405506883603,0.3768244917819807,3.159142077089344,0.6111111111111127,train,3
ascorbic_acid,1.0,7.0,SWV,6,0.0862915312107597,0.2135931532776439,0.9181853131523392,-0.0759106543837001,0.0999999999999999,1.4,1.1674139459301458e-05,0.061393125684709,-0.0616833140217352,0.9181853131523392,0.0395494367959949,0.1226533166458072,0.0860685243294465,0.9047735429747048,0.5217391304347843,train,2
copper,0.1,7.0,SWV,0,0.0051661602624569,0.0168845779046802,0.0973836343952172,-0.0142347224763329,0.0999999999999999,1.4,1.9589837054859736e-06,0.0078450602090841,-0.0075938646929293,0.0973836343952172,-0.0392991239048811,0.0613266583229036,0.0046394807384218,0.0954823397354157,0.75,train,4
aluminum,0.5,7.0,SWV,8,0.0244270772555922,0.0665938595551027,0.3133181998113429,-0.0277256766450873,0.0999999999999999,1.4,2.871859851082768e-05,0.0226369885888886,-0.0204031260423998,0.3133181998113429,-0.3143929912390488,0.1051314142678347,0.0244261283488111,0.3090955656493636,0.9354838709677412,train,5
glucose,0.2,7.5,SWV,3,0.0160327258054623,0.0295565591910916,0.1188007975171927,-0.0100747912116185,0.0999999999999999,1.4,-1.1557604889265095e-05,0.008659543303126,-0.0117664032423798,0.1188007975171927,0.481101376720901,0.1594493116395494,0.0138922893758234,0.1143177687271357,0.8958333333333346,train,3
aluminum,0.1,6.0,SWV,8,0.006113573017654,0.0137244725936402,0.064658737487772,-0.0050569019935779,0.0999999999999999,1.4,7.97100764906064e-06,0.0045248036717235,-0.0042154343316004,0.064658737487772,-0.3196495619524405,0.1016270337922403,0.004940853035454,0.0626933106280329,0.8709677419354833,train,5
dopamine,0.1,8.0,SWV,5,0.0061834089086629,0.016954735473485,0.0913527014377363,-0.0071957556881265,0.0999999999999999,1.4,3.681111911830637e-06,0.0061559303417501,-0.0062349977042722,0.0913527014377363,0.1481852315394242,0.0718397997496871,0.0051393551440199,0.0890829622111052,0.8636363636363621,train,0
copper,0.5,7.0,SWV,4,0.0198662987559093,0.0813784628032903,0.466105088509756,-0.0731283870598726,0.0999999999999999,1.4,-1.62331567705148e-05,0.0316070382518832,-0.0334947725407787,0.466105088509756,-0.0375469336670839,0.0595744680851064,0.0220325545493384,0.4624261827897771,0.7000000000000025,train,4
copper,10.0,6.0,SWV,4,0.2126545696569062,0.9297772995195924,5.220126467044382,-0.8531767894015378,0.0999999999999999,1.4,-0.000208858527491,0.3401083582253564,-0.3269515007204704,5.220126467044382,-0.0533166458072591,0.0648310387984981,0.26476751360198,5.196857135101405,0.9473684210526342,train,4
ascorbic_acid,1.0,7.5,SWV,2,0.0861578412976056,0.2162437274127128,0.9152874709321308,-0.0777206698392352,0.0999999999999999,1.4,-2.202141322756819e-05,0.0589305182573543,-0.0495198810457738,0.9152874709321308,0.0395494367959949,0.1226533166458072,0.0868429632538832,0.9012827664729997,0.8421052631578929,train,2
ascorbic_acid,0.5,6.0,SWV,1,0.0440893768903917,0.1093368759519194,0.4610793367033757,-0.0482156292509179,0.0999999999999999,1.4,-1.7575853686772057e-05,0.0286201568704137,-0.0240864696420522,0.4610793367033757,0.1061326658322903,0.1244055068836045,0.044548739946577,0.4541516878162303,0.7317073170731705,train,2
copper,10.0,7.5,SWV,8,0.2157013846437268,0.9404460956859798,5.732380958723788,-0.7905725397513733,0.0999999999999999,1.4,0.0003277827243144,0.3773392511149107,-0.4448434250556778,5.732380958723788,-0.0357947434292866,0.0595744680851063,0.2556290161521197,5.699432021463926,0.8888888888888908,train,4
copper,10.0,8.0,SWV,4,0.2169221656792249,0.9524405937812046,5.712371194228443,-0.7948924758217366,0.0999999999999999,1.4,-0.0002201292033064,0.3496962174080665,-0.4323935909173491,5.712371194228443,-0.0375469336670839,0.0560700876095119,0.2500380979781041,5.683831328631197,0.7777777777777755,train,4
aluminum,0.1,7.5,SWV,9,0.0061859560780204,0.0138844377493867,0.0648293790433813,-0.0040110982143437,0.0999999999999999,1.4,4.507790607812738e-07,0.0038197455210374,-0.0047585136482663,0.0648293790433813,-0.3091364205256571,0.1033792240300375,0.0050073200983903,0.062864760506282,0.84375,train,5
aluminum,0.5,7.0,SWV,0,0.0242487526235559,0.0663145147686167,0.309051261380093,-0.0359173151732175,0.0999999999999999,1.4,2.033559293379533e-06,0.0247744789775403,-0.0298637487612726,0.309051261380093,-0.3126408010012516,0.1051314142678347,0.0243034442992374,0.304846665043177,1.0,train,5
glucose,1.0,6.5,SWV,8,0.0659420360546092,0.1373233657310868,0.5328594736495803,-0.0492989445733899,0.0999999999999999,1.4,5.762168771169933e-05,0.0389038740659345,-0.0359250459954996,0.5328594736495803,0.4775969962453065,0.1506883604505631,0.0617410800330924,0.5208442672886875,0.5087719298245615,train,3
copper,1.0,6.0,SWV,9,0.0367358053871328,0.1553780136918244,0.8610328440216894,-0.1374057294374915,0.0999999999999999,1.4,-2.246409237738309e-05,0.0676878107690511,-0.0513411757920854,0.8610328440216894,-0.0568210262828535,0.0665832290362953,0.0450915370684603,0.8559955705321189,0.8095238095238126,train,4
aluminum,5.0,6.5,SWV,8,0.1717745403521259,0.4917257844498061,2.2917144522860107,-0.2164977853673341,0.0999999999999999,1.4,0.000195181587759,0.1613430398717668,-0.1504705695582947,2.2917144522860107,-0.3196495619524405,0.106883604505632,0.1825280368403003,2.2666174349310544,0.8484848484848493,train,5
aluminum,5.0,7.0,SWV,2,0.1699490161705588,0.4919987414227665,2.2268672708302626,-0.2109688534568488,0.0999999999999999,1.4,-6.358231327616044e-05,0.1281043679459802,-0.1607911938231169,2.2268672708302626,-0.3126408010012516,0.106883604505632,0.1823161486120394,2.204478260848268,0.9062499999999998,train,5
glucose,0.5,8.0,SWV,4,0.0359102742244717,0.0726892438428353,0.2939633543410953,-0.0276230349844861,0.0999999999999999,1.4,-1.1589698047212024e-05,0.0203741459108002,-0.0187285991324403,0.2939633543410953,0.4530663329161452,0.1541927409261576,0.0333139122498391,0.2860494540981089,0.6923076923076951,train,3
aluminum,0.1,7.0,SWV,6,0.0061478919868857,0.0139311328736759,0.0654711985754486,-0.0045766875818927,0.0999999999999999,1.4,3.004919314619557e-06,0.0045505858713284,-0.0045297476068888,0.0654711985754486,-0.3021276595744681,0.1051314142678347,0.0051235106234757,0.0636547079519824,0.7142857142857143,train,5
aluminum,1.0,6.0,SWV,8,0.045393925979806,0.1270172563243915,0.5881243665093696,-0.0562134028983507,0.0999999999999999,1.4,5.1895523773121226e-05,0.0414948934585915,-0.0387209232436546,0.5881243665093696,-0.3196495619524405,0.1016270337922403,0.0457582109216084,0.5807086897244069,0.8709677419354833,train,5
copper,1.0,6.5,SWV,0,0.0363908091901651,0.1558788302471659,0.8805350827035303,-0.1441676312204986,0.0999999999999999,1.4,-3.0395388873284214e-06,0.0653437152249495,-0.0653014703757334,0.8805350827035303,-0.0533166458072591,0.0630788485607009,0.0435539767236918,0.8739908963760048,0.7142857142857139,train,4
aluminum,0.2,6.0,SWV,9,0.010782475513948,0.0270883447035538,0.1207545106167772,-0.00919338360766,0.0999999999999999,1.4,-1.4881849274796418e-06,0.0075887157276864,-0.0099538398566488,0.1207545106167772,-0.3143929912390488,0.106883604505632,0.0101073531585801,0.1181374319644801,0.6944444444444449,train,5
uric_acid,0.1,7.0,SWV,5,0.0077738286850337,0.0173142868098099,0.0824412233324246,-0.0043306967066758,0.0999999999999999,1.4,4.273713569553345e-06,0.0060082086311035,-0.0051341765662725,0.0824412233324246,0.3409261576971213,0.0998748435544429,0.0062845346108864,0.0796171326089869,0.5405405405405411,train,1
aluminum,1.0,6.5,SWV,1,0.0446463410093116,0.1272370390896597,0.5801263769807516,-0.0643593824444131,0.0999999999999999,1.4,-2.443473569321245e-05,0.0470476676321327,-0.0389930976431378,0.5801263769807516,-0.3091364205256571,0.1051314142678347,0.0466978764650065,0.5728381970312042,0.6666666666666675,train,5
glucose,1.0,6.0,SWV,4,0.065576215478908,0.1366304560552436,0.5126780464446363,-0.051341622666941,0.0999999999999999,1.4,-2.294538173580509e-05,0.0332067120004199,-0.0354745026621013,0.5126780464446363,0.4933667083854817,0.1524405506883606,0.0618487177275962,0.5005316190637454,0.5818181818181816,train,3
dopamine,10.0,6.5,SWV,7,0.2303195224083809,0.9059036183831154,4.7741283671540735,-0.4923970451164279,0.0999999999999999,1.4,-0.0003423786941922,0.3011293714886169,-0.3345338239244388,4.7741283671540735,0.2375469336670838,0.0700876095118898,0.2700092077438311,4.7486059557642655,0.7391304347826059,train,0
glucose,2.0,7.0,SWV,0,0.1209460658296707,0.2576618845375933,1.008365064760439,-0.1271658409141014,0.0999999999999999,1.4,6.505167559797678e-06,0.0839811461454984,-0.0925537618588866,1.008365064760439,0.4846057571964955,0.143679599499374,0.1121817532114969,0.9876224162734684,0.8636363636363645,train,3
copper,10.0,6.5,SWV,4,0.2137214905918285,0.9340647906954016,5.264876350323939,-0.853955676022488,0.0999999999999999,1.4,-0.0002099441464852,0.3447621609185396,-0.3562611070088906,5.264876350323939,-0.0533166458072591,0.0613266583229036,0.2571169960002492,5.237852077908653,0.75,train,4
dopamine,10.0,6.0,SWV,6,0.2357764654480998,0.9014292953457632,5.12632808175496,-0.426122314166256,0.0999999999999999,1.4,8.756460678419445e-06,0.2843737979996529,-0.2770616468268299,5.12632808175496,0.2550688360450562,0.064831038798498,0.2562323729403091,5.101818805528845,0.681818181818183,train,0
ascorbic_acid,1.0,6.5,SWV,2,0.0844957446220195,0.2115407484165265,0.8845198478525071,-0.0756946542423316,0.0999999999999999,1.4,-2.1452198123310395e-05,0.0472755192147264,-0.0491676517244287,0.8845198478525071,0.0588235294117646,0.1209011264080099,0.0847951948636637,0.8714610427734619,0.4999999999999993,train,2
aluminum,10.0,7.0,SWV,3,0.2705849839111652,0.7688716020043692,3.5357783865221726,-0.3472855826146485,0.0999999999999999,1.4,-0.0003874462570718,0.228143901456099,-0.2977332799168204,3.5357783865221726,-0.3108886107634543,0.1051314142678347,0.2815323295932929,3.4951766207511823,0.8749999999999986,train,5
uric_acid,0.2,8.0,SWV,0,0.0138123254219429,0.0354446616711975,0.1639919675152492,-0.0146900316987914,0.0999999999999999,1.4,2.256471107672496e-06,0.0149924553277446,-0.0127492640520625,0.1639919675152492,0.3041301627033791,0.0998748435544431,0.0128678665180441,0.1606828383628807,0.965517241379312,train,1
copper,2.0,7.0,SWV,5,0.0673374508147531,0.2913664870660604,1.7112560547171478,-0.2488616621967461,0.0999999999999999,1.4,2.3875601675664872e-05,0.1071055683897057,-0.0945138402128373,1.7112560547171478,-0.0392991239048811,0.0595744680851064,0.0788451185101961,1.700092366867739,0.7894736842105242,train,4
copper,0.5,6.0,SWV,3,0.0199598251203329,0.0802251299029111,0.4594456186729023,-0.0661072104814447,0.0999999999999999,1.4,-3.643348784501168e-05,0.0351967005171046,-0.0316651402970154,0.4594456186729023,-0.0568210262828535,0.0648310387984981,0.0228141225178267,0.4548936718830494,0.8500000000000013,train,4
copper,1.0,8.0,SWV,4,0.0373203603373965,0.1588080921813107,0.9535879828914944,-0.1309136913559518,0.0999999999999999,1.4,-3.4627680455372054e-05,0.0583051233610881,-0.0720881186600328,0.9535879828914944,-0.0375469336670839,0.0560700876095119,0.0416984980583994,0.9478119817706222,0.7777777777777755,train,4
glucose,0.5,6.0,SWV,0,0.0349143201157644,0.0709424099557892,0.265904910393662,-0.0333786902997426,0.0999999999999999,1.4,3.793056468778296e-06,0.022882941230553,-0.0252226976221413,0.265904910393662,0.5143929912390487,0.1612015018773467,0.033356721035721,0.2584977090470362,0.8775510204081642,train,3
glucose,2.0,8.0,SWV,9,0.1233228069543213,0.2609857741622028,1.029719851175181,-0.0994139606270732,0.0999999999999999,1.4,-2.916741865617568e-05,0.0735157672202405,-0.0624164745705331,1.029719851175181,0.4705882352941176,0.1612015018773466,0.1235803375881212,1.0091011388769502,0.9166666666666644,train,3
aluminum,10.0,6.0,SWV,0,0.2633482410939183,0.7589853508864145,3.404142542615881,-0.4178530880143408,0.0999999999999999,1.4,-3.7568871514442536e-06,0.2814566778873109,-0.3294570629138789,3.404142542615881,-0.3126408010012516,0.1051314142678347,0.2804131804597863,3.36600435637112,0.6666666666666661,train,5
aluminum,1.0,7.5,SWV,7,0.0444659162143986,0.1281377395969018,0.5833517764367204,-0.0512855732793895,0.0999999999999999,1.4,-5.156684043581316e-05,0.0346602169077561,-0.033670234564032,0.5833517764367204,-0.316145181476846,0.1033792240300375,0.0463458283620674,0.5776484675146973,0.6388888888888894,train,5
ascorbic_acid,1.0,6.0,SWV,2,0.0836670575700928,0.2091187945733881,0.8928716153390434,-0.0745541667911433,0.0999999999999999,1.4,-2.114393581427246e-05,0.0466350530907073,-0.0517392659009959,0.8928716153390434,0.1026282853566957,0.1244055068836045,0.0850832344611745,0.8794062693937335,0.7750000000000004,train,2
uric_acid,0.2,8.0,SWV,8,0.0138959410579751,0.0355179159441401,0.1635032579569881,-0.0113017732467723,0.0999999999999999,1.4,1.476896868713621e-05,0.0103287502813949,-0.0116329103113917,0.1635032579569881,0.3128911138923653,0.1016270337922403,0.0129842014039795,0.1598671059093208,0.6571428571428582,train,1
ascorbic_acid,10.0,8.0,SWV,5,0.5181666983985521,1.303569444914476,5.298766271774343,-0.5058732795245704,0.0999999999999999,1.4,0.0001416319571166,0.543673790961607,-0.2907998847378707,5.298766271774343,-0.0060075093867334,0.1209011264080099,0.5241465016282034,5.227951076071854,0.4375000000000005,train,2
dopamine,5.0,6.5,SWV,3,0.1562640371324506,0.5874305628230031,3.0978322931781386,-0.3339214999626388,0.0999999999999999,1.4,-0.0002624314263062,0.17355009107391,-0.2148758600886871,3.0978322931781386,0.2410513141426782,0.0735919899874844,0.1800397848971072,3.0662849979935025,0.680000000000001,train,0
ascorbic_acid,0.1,7.5,SWV,8,0.0109487796727802,0.023282972532735,0.0994944105539877,-0.0077318448357188,0.0999999999999999,1.4,1.1504507859240465e-05,0.0067800829804075,-0.0076048060345947,0.0994944105539877,0.0395494367959949,0.1261576971214018,0.0095496496965282,0.0965851058699435,0.8947368421052619,train,2
ascorbic_acid,0.2,8.0,SWV,9,0.0201790778475974,0.0464679958303057,0.190555946036828,-0.0154412009314737,0.0999999999999999,1.4,-3.246178554222618e-06,0.0127947228620057,-0.0111138940208795,0.190555946036828,0.0167709637046307,0.1261576971214018,0.0192047354764108,0.1861969220315906,0.9459459459459452,train,2
glucose,1.0,7.5,SWV,0,0.0663542222156357,0.1390653728652404,0.5487998253415175,-0.0677090000737895,0.0999999999999999,1.4,4.5836651833878965e-06,0.0454472016076589,-0.0500589101009515,0.5487998253415175,0.4565707133917395,0.1594493116395494,0.0652206623101676,0.5368806823923865,0.5964912280701732,train,3
copper,1.0,6.5,SWV,8,0.0367628292949041,0.1547012430357522,0.8683592099278702,-0.1324056994441179,0.0999999999999999,1.4,5.263067880093724e-05,0.0593462306911564,-0.0641729545833916,0.8683592099278702,-0.0515644555694618,0.0630788485607009,0.0431754188568384,0.861622988138162,0.8000000000000006,train,4
glucose,0.2,7.0,SWV,1,0.0156244854828134,0.029246539616557,0.1170528293975987,-0.0097628246846419,0.0999999999999999,1.4,-2.8811441584458685e-06,0.007870610375017,-0.0065946877800987,0.1170528293975987,0.4688360450563203,0.1471839799749688,0.0129190540284955,0.1126579951724839,0.6470588235294124,train,3
ascorbic_acid,10.0,7.5,SWV,7,0.5003609266374546,1.2980701089634397,5.628251278884617,-0.4642065368052473,0.0999999999999999,1.4,-0.0004923532248043,0.3115859635958322,-0.2931328171600424,5.628251278884617,0.0325406758448059,0.1244055068836045,0.5267017462810186,5.567576904543899,0.918918918918918,train,2
glucose,0.2,7.0,SWV,4,0.0158385957237999,0.0293004756691353,0.1166927028746967,-0.0092551522509776,0.0999999999999999,1.4,-3.198241996551917e-06,0.0078922521411659,-0.0076469736874111,0.1166927028746967,0.4846057571964955,0.148936170212766,0.0130745723394813,0.1121928624712969,0.7708333333333356,train,3
copper,5.0,8.0,SWV,0,0.1383108447546808,0.613135612604961,3.597593434684062,-0.5156048763672745,0.0999999999999999,1.4,-1.69358163831323e-05,0.2924580103397318,-0.3023988797988209,3.597593434684062,-0.0322903629536921,0.0578222778473092,0.163814938110585,3.5771516522023306,0.9411764705882346,train,4
uric_acid,10.0,8.0,SWV,1,0.3368259273653708,1.0054435935204469,4.625171129159015,-0.4520573483875271,0.0999999999999999,1.4,-0.0001837499720349,0.2698680284232224,-0.2768374022833537,4.625171129159015,0.3111389236545681,0.1016270337922403,0.36763306939062,4.582055193131023,0.7058823529411782,train,1
glucose,2.0,6.5,SWV,3,0.1218834913575109,0.2571029461459842,1.0100863489571892,-0.0996164488433793,0.0999999999999999,1.4,-0.0001164236290771,0.0694275616838782,-0.099202068292483,1.0100863489571892,0.481101376720901,0.1454317897371715,0.112945191189306,0.9885796582485408,0.5370370370370363,train,3
uric_acid,0.5,6.5,SWV,3,0.0308624968809159,0.0843142371490487,0.404428949001863,-0.0317773470863431,0.0999999999999999,1.4,-3.579145891774993e-05,0.022476352042343,-0.0378503984659999,0.404428949001863,0.3812265331664579,0.0946182728410512,0.0294445273897152,0.3982153525603951,0.8620689655172418,train,1
glucose,0.2,6.0,SWV,8,0.0156688397872382,0.0289351665831987,0.1111627785231403,-0.0085843565113014,0.0999999999999999,1.4,1.4251643687118102e-05,0.0082403106752106,-0.0076058100461257,0.1111627785231403,0.5301627033792239,0.1506883604505633,0.0130234715206147,0.106775372504989,0.7200000000000015,train,3
dopamine,10.0,6.0,SWV,8,0.2359839847849967,0.906199736113368,5.054277724619614,-0.4809902205429593,0.0999999999999999,1.4,0.0002950432917253,0.3340093471152929,-0.320905915939002,5.054277724619614,0.2568210262828535,0.0630788485607009,0.2526187358580608,5.025138268462142,0.8000000000000006,train,0
dopamine,5.0,6.0,SWV,5,0.1518843478600561,0.5811230759532159,3.242432499502067,-0.266490848830486,0.0999999999999999,1.4,4.618247865333446e-05,0.2172911250483736,-0.210092146757969,3.242432499502067,0.2638297872340425,0.0648310387984981,0.1650893560354089,3.2223493882406875,0.7619047619047621,train,0
copper,0.2,8.0,SWV,0,0.0089454964877089,0.0338707485399403,0.1999935810657755,-0.0266499658101628,0.0999999999999999,1.4,1.4609631096888948e-06,0.0161717578046985,-0.0167046598766363,0.1999935810657755,-0.0322903629536921,0.0578222778473092,0.009062970620646,0.1977812756069456,0.9411764705882346,train,4
uric_acid,10.0,7.5,SWV,2,0.33561888228292,0.991360555748786,4.681663662409267,-0.3654121865794751,0.0999999999999999,1.4,-0.0001161424012303,0.2313802876063693,-0.2637326290763908,4.681663662409267,0.3339173967459323,0.0963704630788485,0.347771139127406,4.638585681392861,0.8333333333333334,train,1
glucose,0.5,6.0,SWV,8,0.0350951718918861,0.0708628860138396,0.2686523600183332,-0.0235817456612732,0.0999999999999999,1.4,3.08562651979531e-05,0.0199742927140229,-0.0184469612442959,0.2686523600183332,0.5301627033792239,0.1506883604505633,0.0319001066385275,0.2612326281154152,0.7200000000000015,train,3
glucose,2.0,8.0,SWV,6,0.1229826277856512,0.2602780319965553,1.0011219770563888,-0.0918428715415081,0.0999999999999999,1.4,1.6423449627330392e-05,0.0774494476152785,-0.0646698412999868,1.0011219770563888,0.4635794743429285,0.1664580725907384,0.1258734440674812,0.9810876619697776,0.9,train,3
aluminum,0.1,7.0,SWV,4,0.0061540006162031,0.0138676480361482,0.0653754266384308,-0.0052994898699697,0.0999999999999999,1.4,-5.870790535755333e-07,0.0046407615993395,-0.003938497523828,0.0653754266384308,-0.3126408010012516,0.099874843554443,0.0048986897513418,0.0634479394859239,0.8999999999999998,train,5
uric_acid,0.1,6.0,SWV,3,0.0077437355755106,0.0171159492834444,0.0830867647946429,-0.0056610723662733,0.0999999999999999,1.4,-5.44952765482416e-06,0.0059531892991826,-0.0069155814071614,0.0830867647946429,0.4127659574468084,0.0946182728410514,0.0059293722164014,0.080339828096053,0.7419354838709686,train,1
aluminum,2.0,7.0,SWV,3,0.0849412270254566,0.238706529698439,1.0985858989191868,-0.1062339612790651,0.0999999999999999,1.4,-0.0001186261334016,0.0708580720641294,-0.0924699264878891,1.0985858989191868,-0.3108886107634543,0.1051314142678347,0.0874309112248325,1.0853275325107137,0.8749999999999986,train,5
uric_acid,2.0,7.5,SWV,6,0.1067341098573004,0.3073660356447376,1.4770157054594133,-0.1107069475552264,0.0999999999999999,1.4,1.180944136873194e-05,0.1141667654425756,-0.0797169761167373,1.4770157054594133,0.3198998748435543,0.092866082603254,0.1053970303164389,1.4621480644289275,0.6562499999999979,train,1
glucose,0.2,6.5,SWV,6,0.0157439750108371,0.0290800741402449,0.1109078464689141,-0.0083755839188453,0.0999999999999999,1.4,4.163618857215689e-06,0.0083868840661414,-0.0073014067543543,0.1109078464689141,0.4846057571964955,0.1541927409261576,0.0132762393794417,0.1065156754655028,0.6000000000000014,train,3
ascorbic_acid,0.5,7.0,SWV,4,0.045715785386696,0.1101254780660127,0.4828659386966111,-0.046186111203657,0.0999999999999999,1.4,-1.9328686552873565e-05,0.0327867422463918,-0.0303676317558604,0.4828659386966111,0.0413016270337921,0.1261576971214016,0.0450802369016858,0.4742110865459032,0.5652173913043466,train,2
ascorbic_acid,0.2,6.0,SWV,9,0.0194596338845289,0.0445375404684548,0.191351147786125,-0.0151906283784129,0.0999999999999999,1.4,-3.1156284266313507e-06,0.0138317128851959,-0.0124331961661723,0.191351147786125,0.1008760951188986,0.1191489361702127,0.0176945490913577,0.1870444116929332,0.8378378378378359,train,2
glucose,0.2,7.0,SWV,8,0.0158336027767205,0.0292146856162421,0.1185325833721261,-0.0088492634376907,0.0999999999999999,1.4,1.453897041075647e-05,0.0084449834686059,-0.0077909652905363,0.1185325833721261,0.4775969962453065,0.143679599499374,0.0127373476604642,0.11411679314497,0.7446808510638291,train,3
dopamine,0.2,7.0,SWV,5,0.0102842421916391,0.0329126154392746,0.1868236885212551,-0.0119705078818851,0.0999999999999999,1.4,5.023463529872259e-06,0.0136211743197505,-0.0090812523230152,0.1868236885212551,0.2025031289111388,0.0665832290362954,0.0095048133813116,0.1841900904586366,0.9000000000000019,train,0
glucose,2.0,6.5,SWV,9,0.1211595038640388,0.2561811706557352,0.97306674169009,-0.0969790600273613,0.0999999999999999,1.4,-2.7849511356596268e-05,0.0678667956065905,-0.0609509597396107,0.97306674169009,0.4723404255319147,0.1524405506883603,0.1159762650813622,0.9523824138957376,0.3809523809523795,train,3
ascorbic_acid,0.1,6.5,SWV,2,0.0106582353306546,0.0226907861849312,0.0965410895918314,-0.0065491815272838,0.0999999999999999,1.4,-7.493399692229745e-08,0.0051260054189844,-0.0053491510056616,0.0965410895918314,0.0588235294117646,0.1191489361702127,0.0090224373041668,0.0936128473450534,0.5111111111111105,train,2
uric_acid,5.0,8.0,SWV,0,0.2197500690686084,0.6459069846896468,2.952130747469405,-0.3032799571706982,0.0999999999999999,1.4,-2.455958085862079e-06,0.2710402000198543,-0.2301497596537223,2.952130747469405,0.3041301627033791,0.0998748435544431,0.2342105607327708,2.922040190639166,0.965517241379312,train,1
copper,5.0,8.0,SWV,1,0.1356760061325195,0.6121338261796356,3.5498286549663005,-0.5464630105166113,0.0999999999999999,1.4,-0.0001342988085557,0.2190947207793466,-0.2227908441674609,3.5498286549663005,-0.0392991239048811,0.0578222778473092,0.1639742659151784,3.534569971759724,0.6500000000000019,train,4
aluminum,2.0,8.0,SWV,7,0.0819147766553788,0.2395441341046004,1.0792539488304205,-0.096350565927962,0.0999999999999999,1.4,-9.848338537719752e-05,0.0625400457116306,-0.0629120890027157,1.0792539488304205,-0.3073842302878598,0.1086357947434292,0.0899331190746474,1.0696074000374811,0.5897435897435901,train,5
copper,0.5,6.0,SWV,4,0.0196816447665919,0.0805460484032733,0.4534335166654916,-0.072106388222187,0.0999999999999999,1.4,-1.581657421682189e-05,0.0294576401748068,-0.0283190826231124,0.4534335166654916,-0.0533166458072591,0.0648310387984981,0.0229321092028676,0.4500648501154718,0.9473684210526342,train,4
uric_acid,2.0,7.0,SWV,6,0.1057995446449822,0.3051055690860962,1.4279462959257354,-0.1088086896208252,0.0999999999999999,1.4,1.1358931126373194e-05,0.1268068038256672,-0.0880435713676243,1.4279462959257354,0.339173967459324,0.0963704630788484,0.1089215954554354,1.4138532572509863,0.4864864864864863,train,1
glucose,10.0,7.0,SWV,8,0.3869727270335841,0.8290320511712995,3.2948795373933946,-0.3159350760779945,0.0999999999999999,1.4,0.0003360856009676,0.2356221441400868,-0.2175698780516464,3.2948795373933946,0.4775969962453065,0.143679599499374,0.3615592278312455,3.233226895476369,0.7446808510638291,train,3
copper,0.1,6.0,SWV,3,0.0052307040592556,0.0166287824791138,0.0962918136187643,-0.0121277094847253,0.0999999999999999,1.4,-5.623088284630643e-06,0.0073032505956751,-0.0065931480803676,0.0962918136187643,-0.0568210262828535,0.0648310387984981,0.0047328925634224,0.0943044720867325,0.8500000000000013,train,4
glucose,10.0,8.0,SWV,2,0.3874690248290545,0.8422842047657134,3.3802175229086693,-0.2901843709369763,0.0999999999999999,1.4,-8.811726562720775e-05,0.187730581299889,-0.2112009573719078,3.3802175229086693,0.4583229036295367,0.157697121401752,0.3941599372076968,3.325929148918117,0.8367346938775502,train,3
copper,10.0,6.0,SWV,0,0.2102943752040283,0.9298668087231308,5.229138506723468,-0.8937602691753981,0.0999999999999999,1.4,-3.075128191115675e-05,0.3617801574459828,-0.3804269209533283,5.229138506723468,-0.0533166458072591,0.0613266583229036,0.2555272223824651,5.195522504341815,0.9444444444444472,train,4
copper,5.0,7.5,SWV,4,0.1392640663738648,0.608019306352098,3.622957570371612,-0.5480354801044544,0.0999999999999999,1.4,-0.0001397044653557,0.2371478385872782,-0.2663821907073272,3.622957570371612,-0.0375469336670839,0.057822277847309,0.1622107486083483,3.604713055013159,0.9411764705882382,train,4
uric_acid,0.5,6.0,SWV,9,0.0303789184752622,0.083779372281902,0.4011923984223997,-0.0307308239510553,0.0999999999999999,1.4,-8.548057023143682e-06,0.0247456703045721,-0.0230520107135239,0.4011923984223997,0.3987484355444304,0.0911138923654568,0.0283571515836103,0.3961498255495423,0.7931034482758598,train,1
copper,1.0,6.0,SWV,3,0.0371437996915898,0.1544255850467209,0.8831250579027301,-0.1290832949776172,0.0999999999999999,1.4,-7.237895399878972e-05,0.0677390587587722,-0.0609157978831044,0.8831250579027301,-0.0568210262828535,0.0648310387984981,0.0438981093239579,0.8754147705309053,0.8500000000000013,train,4
glucose,1.0,8.0,SWV,4,0.067123492138482,0.1401670478287512,0.5644590222453982,-0.0555567019234353,0.0999999999999999,1.4,-2.4590354452435807e-05,0.0391472298003182,-0.0359662103063952,0.5644590222453982,0.4530663329161452,0.1541927409261576,0.0642629007277421,0.5515017316641748,0.6923076923076951,train,3
aluminum,2.0,7.5,SWV,7,0.0815956935743603,0.2384807548088975,1.0846695530952697,-0.0963803619803346,0.0999999999999999,1.4,-9.80700315822172e-05,0.0644782005710299,-0.0626577080579162,1.0846695530952697,-0.316145181476846,0.1033792240300375,0.0862588789388093,1.0751943879612484,0.6388888888888894,train,5
glucose,10.0,7.5,SWV,2,0.3851812942744675,0.8376740430588755,3.328022812461056,-0.2884496182861792,0.0999999999999999,1.4,-8.724879366214428e-05,0.2034498850840633,-0.2023772562344195,3.328022812461056,0.4583229036295367,0.1612015018773467,0.3970190417542535,3.2736766396985733,0.6428571428571411,train,3
aluminum,10.0,8.0,SWV,4,0.2697538619541347,0.774724698509497,3.561671620083461,-0.3733856683788876,0.0999999999999999,1.4,-0.0001693729479251,0.2515025194387068,-0.2150910558059025,3.561671620083461,-0.3056320400500626,0.1033792240300375,0.280774824841028,3.529685858825642,0.6857142857142854,train,5
dopamine,10.0,6.5,SWV,9,0.2398252811985625,0.912382436244388,4.837627864245899,-0.6028761902752764,0.0999999999999999,1.4,-0.000134100678221,0.3430321672166132,-0.3007188514710435,4.837627864245899,0.2340425531914892,0.0718397997496871,0.2749306776897214,4.7889328089060905,0.9523809523809518,train,0
ascorbic_acid,2.0,8.0,SWV,8,0.1623783637379067,0.4064238600529926,1.676486000393484,-0.1490685020517444,0.0999999999999999,1.4,0.0001478561118219,0.1136093103964331,-0.1339677345878153,1.676486000393484,0.0080100125156444,0.1209011264080099,0.163471147539509,1.6509266863241272,0.6829268292682918,train,2
copper,1.0,7.5,SWV,4,0.0371425351827185,0.1576971315290863,0.9406420041810586,-0.1406892422192412,0.0999999999999999,1.4,-3.438823413580863e-05,0.0615028001719007,-0.0690821407673383,0.9406420041810586,-0.0375469336670839,0.057822277847309,0.0420807437697649,0.935045939937994,0.9411764705882382,train,4
ascorbic_acid,2.0,8.0,SWV,3,0.1638381832281745,0.4060227980737318,1.675852980412117,-0.1568071628040171,0.0999999999999999,1.4,-0.0001781183634101,0.098170682003957,-0.1390176585354884,1.675852980412117,0.0202753441802252,0.1226533166458072,0.1643993505473936,1.649877061423342,0.9444444444444438,train,2
ascorbic_acid,0.1,6.0,SWV,8,0.0106770919488015,0.0225840275867385,0.0946815011526525,-0.007360597477105,0.0999999999999999,1.4,1.107950898593616e-05,0.0065128257566664,-0.0062421545714431,0.0946815011526525,0.1026282853566957,0.1279098873591989,0.0093603275450829,0.0917357290188407,0.7804878048780504,train,2
aluminum,2.0,6.5,SWV,3,0.0846070016624749,0.2377462957995659,1.0786567179415998,-0.105793190553272,0.0999999999999999,1.4,-0.0001181317405094,0.0685471900567056,-0.0920950050027798,1.0786567179415998,-0.3108886107634543,0.1033792240300375,0.0865680976458942,1.0654487297698112,0.7352941176470591,train,5
ascorbic_acid,1.0,7.0,SWV,2,0.0853226616367633,0.2139281390413583,0.9093150213571184,-0.0769298340376052,0.0999999999999999,1.4,-2.177803127077244e-05,0.0526719743228504,-0.0490282921803435,0.9093150213571184,0.0588235294117646,0.1173967459324155,0.08349681741771,0.8953329074221491,0.9705882352941154,train,2
copper,0.2,7.0,SWV,8,0.0089557023947917,0.0331618387122154,0.1931473172148592,-0.027080126101055,0.0999999999999999,1.4,1.3646389164042449e-05,0.0126803357041335,-0.0147810464818777,0.1931473172148592,-0.0357947434292866,0.0630788485607007,0.0092631357680054,0.1906068205468305,0.6363636363636369,train,4
uric_acid,1.0,7.0,SWV,1,0.056634088828537,0.1646410811803797,0.7702497504431026,-0.0732953503039832,0.0999999999999999,1.4,-2.826659539338125e-05,0.0525294352591104,-0.046242086959546,0.7702497504431026,0.3409261576971213,0.0963704630788484,0.0586090036115237,0.7614406949841239,0.4864864864864863,train,1
ascorbic_acid,5.0,6.0,SWV,4,0.3215069421261106,0.7996909631445478,3.4007633606786287,-0.3458670743527959,0.0999999999999999,1.4,-0.0001545816947564,0.2056013644724366,-0.2234511324282539,3.4007633606786287,0.104380475594493,0.1209011264080099,0.3201598989159514,3.351500629585523,0.7249999999999996,train,2
dopamine,1.0,7.0,SWV,1,0.0408441916503491,0.1557238894998026,0.8705007879199562,-0.0738315533049582,0.0999999999999999,1.4,-2.9648364689966507e-05,0.0617553740506101,-0.0428689620602012,0.8705007879199562,0.2007509386733416,0.0665832290362954,0.0449559003518558,0.8667091458216408,0.8095238095238102,train,0
aluminum,0.5,6.5,SWV,4,0.024346471967673,0.0664001515218594,0.3052948830211519,-0.0303148672065836,0.0999999999999999,1.4,-1.22339814068497e-05,0.0218009119943329,-0.0194547597374628,0.3052948830211519,-0.3126408010012516,0.1051314142678347,0.0244162220600584,0.3012997082621569,0.7647058823529418,train,5
aluminum,0.2,7.5,SWV,1,0.0106656086302402,0.0273904918305342,0.1286607967387898,-0.0127622982531846,0.0999999999999999,1.4,-3.3033495898662957e-06,0.0095067819023697,-0.0083384946879768,0.1286607967387898,-0.3091364205256571,0.0963704630788485,0.0094193500103148,0.1260312139018456,0.8965517241379298,train,5
ascorbic_acid,0.2,7.0,SWV,6,0.0197626154221118,0.0454497115001816,0.1968495789484854,-0.0148184615251439,0.0999999999999999,1.4,4.500139655781409e-06,0.0131184224115646,-0.0132067361971977,0.1968495789484854,0.0395494367959949,0.1226533166458072,0.0183223764821833,0.1926809707485155,0.5217391304347843,train,2
copper,0.1,7.5,SWV,9,0.0052443417375087,0.0170553742917526,0.1041499950399255,-0.0129187142151706,0.0999999999999999,1.4,-2.767101356352731e-07,0.0062909779777893,-0.006021207322169,0.1041499950399255,-0.0375469336670839,0.0560700876095118,0.0044647354364466,0.1022600592398364,0.999999999999996,train,4
glucose,0.5,7.0,SWV,7,0.0347050505319894,0.0722201006420251,0.2835944416851639,-0.0242438847257237,0.0999999999999999,1.4,-2.5186562041722644e-05,0.0173987773641746,-0.0177827168887762,0.2835944416851639,0.4846057571964955,0.1559449311639549,0.0332597153969636,0.276419239878575,0.893617021276597,train,3
dopamine,5.0,8.0,SWV,2,0.1574836456279749,0.6068730829976995,3.309408337606864,-0.333125892199863,0.0999999999999999,1.4,-8.142239878329002e-05,0.2276394938519447,-0.2094707538924387,3.309408337606864,0.1516896120150187,0.0700876095118898,0.1809397421083599,3.2904391235053407,0.9047619047619035,train,0
glucose,0.1,6.0,SWV,8,0.0089878261004546,0.0145180456257506,0.0569996949401375,-0.0036012321575705,0.0999999999999999,1.4,8.541059569635159e-06,0.004204814206836,-0.0038773718033688,0.0569996949401375,0.5301627033792239,0.1506883604505633,0.0065224152474741,0.053594817106686,0.7200000000000015,train,3
glucose,10.0,7.5,SWV,1,0.3834406444472203,0.835271560260216,3.323363172386057,-0.3131929389680716,0.0999999999999999,1.4,-0.0001496356132218,0.2198990517720521,-0.1827445077460499,3.323363172386057,0.4688360450563203,0.1576971214017521,0.3887653910560718,3.264748153118654,0.8367346938775515,train,3
uric_acid,5.0,8.0,SWV,6,0.2211088203624965,0.6417293692968578,3.063421851605996,-0.2292224620837156,0.0999999999999999,1.4,2.0244836650739043e-05,0.171558504553583,-0.1791428209587729,3.063421851605996,0.3111389236545681,0.0981226533166458,0.2299661053427801,3.0348541906140665,0.6969696969696987,train,1
copper,5.0,7.5,SWV,8,0.139165157808937,0.6046011654293282,3.68577329825469,-0.5075458074033636,0.0999999999999999,1.4,0.000211663613884,0.2425854958842628,-0.285983982061765,3.68577329825469,-0.0357947434292866,0.0595744680851063,0.1643329538952874,3.663959613627208,0.8888888888888908,train,4
glucose,0.1,6.5,SWV,2,0.0089552910684439,0.014646880370232,0.0588229470654544,-0.0033391522027183,0.0999999999999999,1.4,9.417601163961592e-07,0.0040642828325269,-0.003428354193596,0.0588229470654544,0.4951188986232789,0.1454317897371715,0.0064657716062293,0.0556976851301114,0.8444444444444427,train,3
uric_acid,0.5,6.0,SWV,5,0.0302290198624627,0.0831473041345029,0.3980036290759975,-0.0302719014258118,0.0999999999999999,1.4,1.088644157288203e-05,0.029942762087637,-0.0210031553335922,0.3980036290759975,0.4075093867334166,0.0963704630788486,0.0292103751173061,0.3923737121054269,0.896551724137934,train,1
dopamine,0.5,7.5,SWV,4,0.022857756516927,0.080485953663015,0.4408505513661279,-0.0471134858221924,0.0999999999999999,1.4,-1.5203047406841704e-05,0.0298398384091479,-0.0281490641085082,0.4408505513661279,0.1744680851063829,0.064831038798498,0.0228466488606292,0.4362813978490555,0.8499999999999981,train,0
copper,2.0,8.0,SWV,8,0.0682380483032459,0.2942555689670372,1.8259223835889988,-0.2256857549766084,0.0999999999999999,1.4,0.0001044063337881,0.115500291404205,-0.1437502890521603,1.8259223835889988,-0.0357947434292866,0.0560700876095119,0.0772160998917412,1.8145236242175669,0.7777777777777755,train,4
uric_acid,0.5,6.5,SWV,1,0.0300118714292159,0.0844902554248061,0.3955682325001688,-0.0369868661482677,0.0999999999999999,1.4,-1.338490478827688e-05,0.0242422560085542,-0.023406249721274,0.3955682325001688,0.3829787234042552,0.0963704630788485,0.0299301360913989,0.3902451329099922,0.8333333333333334,train,1
glucose,10.0,7.0,SWV,5,0.3862479502966656,0.8350161717726872,3.3250445942298588,-0.3152790398151605,0.0999999999999999,1.4,0.0001097553046199,0.2780688721668741,-0.1853000473454487,3.3250445942298588,0.4775969962453065,0.1454317897371713,0.368408044770489,3.262785255402145,0.7291666666666657,train,3
ascorbic_acid,2.0,7.5,SWV,9,0.1612109312187535,0.4024110476692201,1.7276430817908186,-0.1557883162652468,0.0999999999999999,1.4,-4.843872079240197e-05,0.1068787188495191,-0.0987112960949118,1.7276430817908186,0.0307884856070087,0.1191489361702127,0.1586719170874558,1.702552518896108,0.8888888888888908,train,2
uric_acid,0.2,7.5,SWV,0,0.013703856633326,0.0351693410314191,0.1701855821583708,-0.0148670148413627,0.0999999999999999,1.4,2.3175968177046224e-06,0.0130835909740301,-0.012856644869658,0.1701855821583708,0.3216520650813516,0.0946182728410512,0.0121785495014666,0.166870751744286,0.7419354838709666,train,1
copper,2.0,6.0,SWV,2,0.0656060557889073,0.2891337968113092,1.6350897824290755,-0.2609030456809132,0.0999999999999999,1.4,-4.0365839740433165e-05,0.1186730555444661,-0.0939263098742138,1.6350897824290755,-0.0585732165206508,0.0630788485607009,0.0809232562445952,1.625923553297924,0.7142857142857139,train,4
uric_acid,0.2,7.0,SWV,3,0.0138076773747004,0.0347665772002382,0.1641710942327764,-0.0124433053243084,0.0999999999999999,1.4,-1.331346896963952e-05,0.0105101125581657,-0.0152473253152879,0.1641710942327764,0.3409261576971213,0.0981226533166457,0.0124709272840618,0.160552101802404,0.5135135135135137,train,1
dopamine,10.0,6.5,SWV,2,0.2351040308698712,0.911546675122054,4.947092591513652,-0.4901732383805299,0.0999999999999999,1.4,-0.0001233810078733,0.2917931902921027,-0.2449443454105107,4.947092591513652,0.2270337922403003,0.0700876095118898,0.2718569316475976,4.913538075646724,0.6666666666666675,train,0
glucose,5.0,6.0,SWV,0,0.2452294029870984,0.5278917098921672,1.9629291123569697,-0.258340345186819,0.0999999999999999,1.4,1.17956025882608e-05,0.1692709537991968,-0.1865290865834705,1.9629291123569697,0.5143929912390487,0.1612015018773467,0.2482734210546107,1.922883397927376,0.8775510204081642,train,3
glucose,1.0,6.5,SWV,6,0.0659075785977472,0.1373400267692643,0.5151281434833794,-0.0471558547082581,0.0999999999999999,1.4,1.0085316988542271e-05,0.0391271694005128,-0.033893080666296,0.5151281434833794,0.4846057571964955,0.1559449311639549,0.0631438244318256,0.5029627108803307,0.6181818181818198,train,3
copper,10.0,6.0,SWV,3,0.2158571352326613,0.9261157242778448,5.289391225892938,-0.7840345737378125,0.0999999999999999,1.4,-0.000446211801998,0.406179584472116,-0.3651226367784305,5.289391225892938,-0.0568210262828535,0.0648310387984981,0.263250959699904,5.250058727089326,0.8500000000000013,train,4
glucose,10.0,8.0,SWV,8,0.3916005052049876,0.8378325518450965,3.2310204669565783,-0.3207055073204305,0.0999999999999999,1.4,0.0003391564223679,0.2384542499625972,-0.2201848758089374,3.2310204669565783,0.4653316645807258,0.1612015018773466,0.3960329843095924,3.167438924241097,0.9574468085106363,train,3
uric_acid,0.5,8.0,SWV,2,0.0309549953404396,0.0863321243085199,0.396167496245406,-0.0296785425009541,0.0999999999999999,1.4,-7.75554981119207e-06,0.022125182881901,-0.0228475994249684,0.396167496245406,0.3058823529411764,0.0998748435544431,0.0312808029386501,0.3902262119334404,0.9000000000000008,train,1
aluminum,0.1,8.0,SWV,7,0.0060283917731688,0.0139251795707932,0.0638127772706005,-0.005018808907899,0.0999999999999999,1.4,-3.427886460016228e-06,0.0036663960079843,-0.0036626288334432,0.0638127772706005,-0.3073842302878598,0.1086357947434292,0.0052304654882278,0.0620644901632295,0.5897435897435901,train,5
uric_acid,0.5,6.0,SWV,2,0.0299139623444234,0.0834177611876146,0.4022726233919433,-0.0290998076731588,0.0999999999999999,1.4,-7.492367088965963e-06,0.0187825745341543,-0.0234426066217308,0.4022726233919433,0.3987484355444304,0.0893617021276595,0.0278793308523658,0.3971605609557635,0.7586206896551698,train,1
aluminum,2.0,6.5,SWV,1,0.0819301963241901,0.236815927982836,1.078627413514101,-0.120974301017686,0.0999999999999999,1.4,-4.7621290126791776e-05,0.0875072241303082,-0.072536622697949,1.078627413514101,-0.3091364205256571,0.1051314142678347,0.0869297104681946,1.066318967348515,0.6666666666666675,train,5
ascorbic_acid,1.0,6.5,SWV,4,0.0855327729189487,0.2096080810030237,0.8826739238231172,-0.0894448745596956,0.0999999999999999,1.4,-3.885277297516573e-05,0.0572280723418719,-0.0596341143395278,0.8826739238231172,0.0605757196495618,0.1209011264080099,0.0841990084309998,0.8687042048250699,0.5681818181818183,train,2
copper,5.0,6.5,SWV,0,0.1363669242927083,0.6010011670403627,3.391049492798609,-0.5614453485042673,0.0999999999999999,1.4,-1.8965401994094912e-05,0.2518795439464119,-0.2517633082841407,3.391049492798609,-0.0533166458072591,0.0630788485607009,0.167862313271823,3.3688642750579465,0.7142857142857139,train,4
aluminum,10.0,6.0,SWV,2,0.2615252830392142,0.7590857099860909,3.316884463374504,-0.3408581768440966,0.0999999999999999,1.4,-9.911348952624425e-05,0.1968092954976681,-0.2573661560623175,3.316884463374504,-0.3126408010012516,0.106883604505632,0.2831985121055687,3.280428660517119,0.6944444444444442,train,5
uric_acid,10.0,7.5,SWV,9,0.3411229083797834,0.9976466620335088,4.788225766341976,-0.3884277864907526,0.0999999999999999,1.4,-0.0001286393758103,0.2877323072575724,-0.2744044810056104,4.788225766341976,0.3216520650813516,0.0911138923654568,0.3374059129304173,4.74572802488458,0.6774193548387099,train,1
copper,1.0,8.0,SWV,6,0.0372554982118416,0.1583796474152453,0.9384791058963854,-0.1310732498454116,0.0999999999999999,1.4,3.5125695163644618e-06,0.0663402918069371,-0.0651249342559236,0.9384791058963854,-0.0357947434292866,0.0560700876095119,0.0416406574837175,0.933221161641314,0.8823529411764692,train,4
aluminum,0.1,6.5,SWV,3,0.0061891405975507,0.0138055498358432,0.0638078701388132,-0.0053512040094406,0.0999999999999999,1.4,-4.587836335414463e-06,0.0040184928548812,-0.0053939050683024,0.0638078701388132,-0.3108886107634543,0.1033792240300375,0.0050171672385292,0.061744839316377,0.7352941176470591,train,5
ascorbic_acid,10.0,7.0,SWV,2,0.502947546251443,1.2833292169993158,5.445965521502752,-0.4704528756722547,0.0999999999999999,1.4,-0.0001431174050609,0.3155780231651963,-0.2939210389571086,5.445965521502752,0.0588235294117646,0.1173967459324155,0.5009887986934722,5.37174801080449,0.9705882352941154,train,2
ascorbic_acid,2.0,6.0,SWV,7,0.1519868836102929,0.3897292760580045,1.6111378445023774,-0.1401841895830394,0.0999999999999999,1.4,-0.0001448302616694,0.1115556474440205,-0.0933153653382607,1.6111378445023774,0.1061326658322903,0.1261576971214016,0.1602375934957307,1.5899594977286542,0.6744186046511629,train,2
aluminum,1.0,8.0,SWV,9,0.0462438300427235,0.128870095781969,0.5868515318652509,-0.0501230698453796,0.0999999999999999,1.4,-1.658822443928785e-05,0.0349043077576917,-0.0422984247984571,0.5868515318652509,-0.3091364205256571,0.1051314142678347,0.0471700624987122,0.5792549479873329,0.5789473684210523,train,5
glucose,2.0,8.0,SWV,2,0.121764652267533,0.2612670205934646,1.05030054489737,-0.0888474206470305,0.0999999999999999,1.4,-2.56296048504586e-05,0.0583022223466787,-0.0656097925561987,1.05030054489737,0.4583229036295367,0.157697121401752,0.1222753669420132,1.0319304643630685,0.8367346938775502,train,3
ascorbic_acid,2.0,8.0,SWV,5,0.1620513875525769,0.4046198047611545,1.6459393389185095,-0.1561792183729002,0.0999999999999999,1.4,4.574933444525212e-05,0.168804420574261,-0.0902935608997451,1.6459393389185095,-0.0060075093867334,0.1209011264080099,0.162669927105675,1.62259037768132,0.4375000000000005,train,2
copper,2.0,7.5,SWV,9,0.0682077101004528,0.2949652811150341,1.7795506742968448,-0.2553349244476494,0.0999999999999999,1.4,-4.565588048402011e-05,0.1089590286962325,-0.1039171472305188,1.7795506742968448,-0.0375469336670839,0.0560700876095118,0.0771550684558644,1.7681148451092623,0.999999999999996,train,4
aluminum,10.0,6.5,SWV,6,0.2662280132591879,0.7689301952000772,3.432495381577505,-0.3033540998900059,0.0999999999999999,1.4,2.7460486002379123e-05,0.2496337086225118,-0.2440337862648853,3.432495381577505,-0.3021276595744681,0.1103879849812264,0.2934906382556295,3.407589774320523,0.5749999999999994,train,5
copper,0.5,7.5,SWV,7,0.0190690385042055,0.0821671802376228,0.4834435542776597,-0.0829089075244903,0.0999999999999999,1.4,-3.1971740872537225e-05,0.0332506417952981,-0.0332550795584851,0.4834435542776597,-0.0357947434292866,0.057822277847309,0.0219544987666845,0.4808993477612057,0.8333333333333345,train,4
glucose,0.2,8.0,SWV,2,0.0158490313153516,0.0296631048232458,0.1215442692137318,-0.0085900733365698,0.0999999999999999,1.4,-7.206455841365738e-07,0.0067092249293065,-0.0075739443767083,0.1215442692137318,0.4583229036295367,0.157697121401752,0.0138983591845153,0.1175058125763158,0.8367346938775502,train,3
aluminum,2.0,7.5,SWV,9,0.0845706047477818,0.2389388398832186,1.0965507472342253,-0.0944134806590334,0.0999999999999999,1.4,-3.288758685923061e-05,0.064634188294138,-0.0817592078085281,1.0965507472342253,-0.3091364205256571,0.1033792240300375,0.0862505795764554,1.0841544605175126,0.84375,train,5
dopamine,2.0,7.0,SWV,2,0.075051278005334,0.2865825704604174,1.5939743157872124,-0.1130070903674231,0.0999999999999999,1.4,-3.775025202017723e-05,0.1318212788031336,-0.0806862311388429,1.5939743157872124,0.2025031289111388,0.0665832290362954,0.0826921386223988,1.5859088829318748,0.9000000000000019,train,0
aluminum,5.0,7.5,SWV,0,0.1718200446121225,0.4937225105863742,2.285996344170389,-0.2733356401211758,0.0999999999999999,1.4,-1.2592002498057302e-06,0.1841625864280891,-0.2256533773190643,2.285996344170389,-0.3126408010012516,0.0981226533166457,0.1720849933153908,2.2627536848592213,0.7499999999999998,train,5
copper,1.0,8.0,SWV,2,0.0365333271219413,0.1589232773387142,0.9355697796465656,-0.1212417926759286,0.0999999999999999,1.4,-2.1421839865508625e-05,0.0631492999471904,-0.0615695254409375,0.9355697796465656,-0.0357947434292866,0.0578222778473092,0.0425541155284045,0.930203078714207,0.8333333333333316,train,4
aluminum,0.2,7.0,SWV,3,0.0109395325975905,0.0273738606728344,0.1270672399829569,-0.0112845744758321,0.0999999999999999,1.4,-1.146850536379938e-05,0.0081604727494172,-0.0106474283198603,0.1270672399829569,-0.3108886107634543,0.1051314142678347,0.0100187775392214,0.1243373160123201,0.8749999999999986,train,5
ascorbic_acid,1.0,6.5,SWV,5,0.0853206184502484,0.2121223561731741,0.8805394604290475,-0.0814037761062199,0.0999999999999999,1.4,2.6666629046831892e-05,0.0763841869601035,-0.0525151002150478,0.8805394604290475,0.0623279098873591,0.1209011264080099,0.0853047939735961,0.8680302158003915,0.5681818181818183,train,2
ascorbic_acid,1.0,7.5,SWV,1,0.0857206868901827,0.2166975719394097,0.9207276845506772,-0.0985161439961129,0.0999999999999999,1.4,-3.768951183574836e-05,0.0561928745098237,-0.0512099686161608,0.9207276845506772,0.0325406758448059,0.1173967459324155,0.0846961549460915,0.90842396712527,0.9705882352941154,train,2
dopamine,0.5,7.5,SWV,5,0.0227804877728287,0.0814093542230322,0.4609820409858897,-0.0438572408833648,0.0999999999999999,1.4,8.659763210947714e-06,0.0302116794369869,-0.036192122073883,0.4609820409858897,0.1744680851063829,0.0630788485607009,0.0227246569908388,0.4563659952171382,0.8000000000000006,train,0
copper,0.2,7.0,SWV,6,0.0089477151477177,0.0333156738608622,0.1925224533599447,-0.0306189588576883,0.0999999999999999,1.4,2.6274466029098734e-06,0.014097674954907,-0.0138734816500026,0.1925224533599447,-0.0428035043804756,0.0595744680851063,0.0090277238382567,0.1903978585742362,0.8888888888888908,train,4
aluminum,0.5,7.5,SWV,3,0.024789413754603,0.0669320707883351,0.309161457626502,-0.0285737134450025,0.0999999999999999,1.4,-3.1521382058825744e-05,0.0200906739884987,-0.025959466538832,0.309161457626502,-0.3108886107634543,0.1016270337922402,0.0238943371770648,0.3046207699667105,0.7575757575757581,train,5
glucose,0.2,8.0,SWV,4,0.0160026313029376,0.0296535272340379,0.1214424952840198,-0.0098070741809044,0.0999999999999999,1.4,-3.2979408123843806e-06,0.0084007616978006,-0.0077345321632249,0.1214424952840198,0.4530663329161452,0.1541927409261576,0.0135921270258735,0.1168576594988818,0.6923076923076951,train,3
dopamine,5.0,6.0,SWV,9,0.1529037131478529,0.5809822491968699,3.242357675865746,-0.3068299573764528,0.0999999999999999,1.4,-8.597920639851923e-05,0.2344004161932669,-0.1927251476968354,3.242357675865746,0.2550688360450562,0.064831038798498,0.1643951169395566,3.2161731997835594,0.681818181818183,train,0
uric_acid,1.0,7.0,SWV,3,0.0582770794035589,0.1641960158530735,0.7673737380100678,-0.0636287633391602,0.0999999999999999,1.4,-7.154505265076754e-05,0.0493835097151753,-0.0714911891157908,0.7673737380100678,0.3409261576971213,0.0981226533166457,0.0588868058769924,0.7573354964067153,0.5135135135135137,train,1
glucose,0.2,6.0,SWV,0,0.015594036912361,0.0289671651805734,0.1100102986647492,-0.0127129214780952,0.0999999999999999,1.4,3.0579144368049103e-06,0.0094352235405201,-0.0104045254078459,0.1100102986647492,0.5143929912390487,0.1612015018773467,0.0136182075572069,0.1056292421150471,0.8775510204081642,train,3
uric_acid,0.5,6.0,SWV,7,0.0294427764535375,0.0834788059654285,0.3972781317073173,-0.0291996371031713,0.0999999999999999,1.4,-2.9059602419559716e-05,0.018754153474255,-0.0200580866877548,0.3972781317073173,0.4005006257822278,0.0911138923654568,0.0283077354752899,0.3923837362807285,0.8571428571428598,train,1
dopamine,10.0,7.0,SWV,7,0.2327250997483349,0.9206284614048348,5.103551046101392,-0.4572979067624164,0.0999999999999999,1.4,-0.0003610745516615,0.3852180435327501,-0.2877985490428978,5.103551046101392,0.1989987484355443,0.0648310387984981,0.2617213196277102,5.09238964725565,0.7619047619047621,train,0
glucose,0.1,6.0,SWV,1,0.0088838898557375,0.0144929597797113,0.0579641332779918,-0.0041266298892867,0.0999999999999999,1.4,-1.171496919465196e-07,0.0040406708141233,-0.0032701474964326,0.0579641332779918,0.4986232790988735,0.1541927409261576,0.0066354660340478,0.0546848038070072,0.6000000000000014,train,3
aluminum,10.0,7.5,SWV,6,0.268355126035561,0.7756878175827404,3.6458997831413993,-0.3254434688040983,0.0999999999999999,1.4,2.7647822381405357e-05,0.2516294833376151,-0.2571413317783936,3.6458997831413993,-0.3021276595744681,0.0981226533166457,0.2716205498344345,3.61870547775471,0.9310344827586208,train,5
glucose,0.2,8.0,SWV,5,0.0159712079330497,0.0297094640276913,0.1194941148054174,-0.0084297023552803,0.0999999999999999,1.4,6.406499622866065e-06,0.0100742383069994,-0.0067350880171158,0.1194941148054174,0.4513141426783479,0.1594493116395493,0.0139717096805118,0.1149946625239326,0.6545454545454555,train,3
uric_acid,0.1,6.0,SWV,6,0.0076762067477333,0.0170778453363822,0.0833583877390334,-0.0045441062193297,0.0999999999999999,1.4,3.059731849551984e-06,0.0055941474456822,-0.0043880463370529,0.0833583877390334,0.3987484355444304,0.0911138923654568,0.0058044051260332,0.0809069934595044,0.7931034482758598,train,1
copper,0.1,8.0,SWV,7,0.0050610259199891,0.017137088546374,0.1038091204056588,-0.0143046107717228,0.0999999999999999,1.4,-4.729713461003079e-06,0.0067930020362059,-0.0072471134318363,0.1038091204056588,-0.0357947434292866,0.0578222778473092,0.0045990281120337,0.1022556563880995,0.8333333333333316,train,4
aluminum,5.0,7.5,SWV,7,0.1675246068931289,0.4938465797731654,2.2448621219336258,-0.2015740851784965,0.0999999999999999,1.4,-0.000205691702521,0.1334855341917494,-0.129743003858048,2.2448621219336258,-0.316145181476846,0.1033792240300375,0.1786440022139645,2.226802131805333,0.6388888888888894,train,5
dopamine,0.2,6.0,SWV,5,0.0100721401524333,0.031926208300768,0.1800505544494931,-0.0131901482268997,0.0999999999999999,1.4,4.959976834702558e-06,0.0120073713144652,-0.0116006157592366,0.1800505544494931,0.2638297872340425,0.0648310387984981,0.0090743060474179,0.1772564972115632,0.7619047619047621,train,0
ascorbic_acid,0.5,7.0,SWV,7,0.044512903336434,0.1111751749695197,0.4860682376553033,-0.0389069606321021,0.0999999999999999,1.4,-4.002383267302914e-05,0.0285338672311074,-0.0264111029507248,0.4860682376553033,0.0570713391739674,0.1191489361702128,0.0438201893037145,0.479542164740928,0.999999999999998,train,2
copper,0.5,7.5,SWV,3,0.0202567098556291,0.0817045347885706,0.475551457602164,-0.0652846909143693,0.0999999999999999,1.4,-3.87589559370357e-05,0.0341053413385073,-0.0353815970471746,0.475551457602164,-0.0392991239048811,0.057822277847309,0.0218348306244294,0.4714393979882874,0.9411764705882382,train,4
ascorbic_acid,2.0,6.5,SWV,9,0.1580516005033999,0.3943781531581367,1.648223192003181,-0.1517482174331581,0.0999999999999999,1.4,-4.723382317924408e-05,0.1236619970170517,-0.1031985786668634,1.648223192003181,0.0623279098873591,0.1209011264080101,0.15861457758565,1.625174500991009,0.6428571428571431,train,2
ascorbic_acid,1.0,7.5,SWV,3,0.0880068234292333,0.2163356788724441,0.9243126773968116,-0.0854189171072941,0.0999999999999999,1.4,-9.790925015563042e-05,0.0549829727659715,-0.079030825283279,0.9243126773968116,0.0325406758448059,0.1226533166458072,0.0868069281752241,0.9090119621285802,1.0,train,2
glucose,10.0,6.5,SWV,2,0.380627700805819,0.8282932585397339,3.1881495923661776,-0.2832701727054985,0.0999999999999999,1.4,-8.416228919062195e-05,0.2242298284183659,-0.1891480251338076,3.1881495923661776,0.4951188986232789,0.1454317897371715,0.3652530991715866,3.1349352044808207,0.8444444444444427,train,3
uric_acid,2.0,6.0,SWV,7,0.1009399363244982,0.2998303446159369,1.4214146462324733,-0.1088939561976687,0.0999999999999999,1.4,-0.0001105003199765,0.0671016633843411,-0.0718949607665223,1.4214146462324733,0.4005006257822278,0.0911138923654568,0.1017149707050049,1.4092951206791888,0.8571428571428598,train,1
ascorbic_acid,0.1,8.0,SWV,6,0.0110340088679788,0.0233868444255933,0.0968891922790938,-0.0067178766039152,0.0999999999999999,1.4,3.4379985803522326e-06,0.0065777331138876,-0.0070891187215352,0.0968891922790938,0.0150187734668334,0.1261576971214018,0.009645419956924,0.0938261866376696,0.9459459459459452,train,2
ascorbic_acid,10.0,6.5,SWV,2,0.4979857966536629,1.2691220090653834,5.297200894112292,-0.4630551138511196,0.0999999999999999,1.4,-0.000141164877231,0.2833619070514308,-0.2945512557495243,5.297200894112292,0.0588235294117646,0.1209011264080099,0.5087270160844513,5.227780752822788,0.4999999999999993,train,2
dopamine,0.5,7.0,SWV,1,0.0220720850802995,0.080817584796835,0.4527384562169322,-0.0374831005982459,0.0999999999999999,1.4,-1.420124906397929e-05,0.0320663478053105,-0.022270461200291,0.4527384562169322,0.2007509386733416,0.0665832290362954,0.0233304158542368,0.4498636705799461,0.8095238095238102,train,0
dopamine,2.0,8.0,SWV,1,0.0764269211170069,0.2954493100056284,1.5495661694554312,-0.1567521992340594,0.0999999999999999,1.4,-5.700971249903684e-05,0.095262471482456,-0.0903467785027244,1.5495661694554312,0.1464330413016269,0.0753441802252815,0.09179184933342,1.5392057292210009,0.7916666666666665,train,0
uric_acid,5.0,8.0,SWV,1,0.2171731499837729,0.6462965048190225,2.973794012513917,-0.2899760999873375,0.0999999999999999,1.4,-0.0001172390540369,0.1734909067032649,-0.1779729803509112,2.973794012513917,0.3111389236545681,0.1016270337922403,0.2363053085549743,2.9453121005810434,0.7058823529411782,train,1
aluminum,0.2,6.5,SWV,0,0.0107173184322741,0.027122179536663,0.1258343062867865,-0.0141425276304163,0.0999999999999999,1.4,2.334650564871864e-06,0.0101567117779264,-0.0120561412244799,0.1258343062867865,-0.3126408010012516,0.1033792240300375,0.0098887993377056,0.1233338866143566,0.7878787878787888,train,5
aluminum,5.0,6.0,SWV,7,0.1655864282604056,0.4873611114159124,2.2014703392680577,-0.2027483064514083,0.0999999999999999,1.4,-0.0002018005907767,0.13393602727844,-0.1276513022829678,2.2014703392680577,-0.316145181476846,0.1051314142678347,0.1805107658500253,2.183695448780857,0.7647058823529402,train,5
glucose,2.0,6.0,SWV,6,0.1201061679072079,0.2544025331318238,0.944609628834192,-0.0882787259405552,0.0999999999999999,1.4,1.674154584169144e-05,0.0713873505675104,-0.0619058244075459,0.944609628834192,0.523153942428035,0.162953692115144,0.120770094433582,0.9249136145651384,0.8979591836734657,train,3
ascorbic_acid,0.2,6.5,SWV,0,0.019481278959494,0.0450993782467738,0.1927025599120236,-0.0170291765185866,0.0999999999999999,1.4,2.7397599463178934e-06,0.0147350104112314,-0.016293204876014,0.1927025599120236,0.0640801001251564,0.1173967459324155,0.017768953041951,0.1888098123239604,0.6341463414634148,train,2
ascorbic_acid,1.0,7.0,SWV,5,0.0861625376885165,0.2138008408419018,0.9205342612017992,-0.0842336966795474,0.0999999999999999,1.4,2.721594719672954e-05,0.0824544105335924,-0.0509547311293955,0.9205342612017992,0.0500625782227783,0.1209011264080099,0.0849304202115322,0.9068950356466786,0.6829268292682918,train,2
ascorbic_acid,0.2,7.0,SWV,4,0.0197812657945853,0.0451200303943377,0.1989441871445217,-0.017643920344126,0.0999999999999999,1.4,-6.466658951611651e-06,0.0134617918137998,-0.0124673619355785,0.1989441871445217,0.0413016270337921,0.1261576971214016,0.0184609109140365,0.1942927467522943,0.5652173913043466,train,2
dopamine,0.1,7.5,SWV,7,0.0059722830515,0.0165900043294643,0.0954726837627978,-0.0087045477721243,0.0999999999999999,1.4,-4.146894539554123e-06,0.0057991070143321,-0.0050299750199293,0.0954726837627978,0.1779724655819774,0.0630788485607009,0.0046463135178337,0.0933401788194291,0.9999999999999964,train,0
copper,10.0,6.0,SWV,1,0.206500426818141,0.9310603670936588,5.276456864642167,-0.99261566615692,0.0999999999999999,1.4,-0.0001997442255287,0.3846759963069412,-0.2542902602544566,5.276456864642167,-0.0550688360450564,0.0630788485607009,0.2604375259506244,5.252833746436639,0.8947368421052587,train,4
copper,0.2,6.0,SWV,7,0.0085434838935983,0.033149426599361,0.1869443363771124,-0.0309929004733528,0.0999999999999999,1.4,-1.0898962125771671e-05,0.013505522843696,-0.0106239781641583,0.1869443363771124,-0.0550688360450564,0.0630788485607009,0.0093198380012575,0.1853139680142753,0.8947368421052587,train,4
glucose,0.5,7.5,SWV,4,0.0357101002003689,0.0722422590863211,0.285117942091759,-0.0265302330292659,0.0999999999999999,1.4,-1.147834268508302e-05,0.0198404051052634,-0.018619148351806,0.285117942091759,0.4530663329161452,0.1576971214017523,0.0336614681466136,0.2773563025725262,0.5254237288135607,train,3
glucose,1.0,8.0,SWV,7,0.0655603015511917,0.1406750916944866,0.5349054067803365,-0.0487078070762275,0.0999999999999999,1.4,-5.14844772889839e-05,0.0338032569077371,-0.033187214361284,0.5349054067803365,0.4530663329161452,0.1682102628285356,0.0683597032207047,0.5235213267675918,0.7142857142857161,train,3
ascorbic_acid,2.0,6.0,SWV,9,0.1564711667605196,0.3900586218810237,1.6614870762146292,-0.1494726374730784,0.0999999999999999,1.4,-4.6576390705695135e-05,0.1207664504933166,-0.1080832900647541,1.6614870762146292,0.1008760951188986,0.1191489361702127,0.1549738239033719,1.63780913340401,0.8378378378378359,train,2
glucose,0.1,7.0,SWV,4,0.0090734187012832,0.0146889659441664,0.0597206051109347,-0.0034198436475342,0.0999999999999999,1.4,-3.9687993215034253e-07,0.0040280121776321,-0.0039109708937221,0.0597206051109347,0.4846057571964955,0.148936170212766,0.0065535321329328,0.0563196974721845,0.7708333333333356,train,3
ascorbic_acid,2.0,6.0,SWV,2,0.1542439460026333,0.3893929132853036,1.660976112600325,-0.1403634324364972,0.0999999999999999,1.4,-4.1519452256360833e-05,0.0867902901131486,-0.0962680372906477,1.660976112600325,0.1026282853566957,0.1244055068836045,0.1584187983361317,1.6373668876937209,0.7750000000000004,train,2
glucose,5.0,7.5,SWV,0,0.2496556208807211,0.5369146320775036,2.1115993999639624,-0.2658177277697661,0.0999999999999999,1.4,1.0406060891209072e-05,0.1750001890498861,-0.1927367740597015,2.1115993999639624,0.4565707133917395,0.1594493116395494,0.2518830452969409,2.072649069684372,0.5964912280701732,train,3
uric_acid,5.0,7.0,SWV,5,0.2168670226034793,0.6295137916223168,2.9226687029877856,-0.2302749215264168,0.0999999999999999,1.4,6.426833037748988e-05,0.2142885755774792,-0.1840673648718154,2.9226687029877856,0.3409261576971213,0.0998748435544429,0.2287023397514973,2.8895957123464613,0.5405405405405411,train,1
copper,0.1,7.0,SWV,8,0.0052078090969363,0.0167576793728647,0.0982724125499052,-0.0127048351675549,0.0999999999999999,1.4,8.191441716205896e-06,0.0064047408454841,-0.0074675237590823,0.0982724125499052,-0.0357947434292866,0.0630788485607007,0.0046848866014413,0.0963722025721954,0.6363636363636369,train,4
glucose,2.0,7.0,SWV,4,0.1216552956346133,0.2578883654432061,1.0078148941037464,-0.100527427510353,0.0999999999999999,1.4,-4.701540863146817e-05,0.0683342951569921,-0.0660832104880089,1.0078148941037464,0.4846057571964955,0.148936170212766,0.1150728507865228,0.9861276735897684,0.7708333333333356,train,3
aluminum,0.1,6.5,SWV,7,0.0059733691558737,0.0137289168580484,0.0641829535572114,-0.0049558440155975,0.0999999999999999,1.4,-3.3547619014110687e-06,0.0038592636894522,-0.0036180604199949,0.0641829535572114,-0.316145181476846,0.1051314142678347,0.005055160009764,0.062429817207673,0.8750000000000003,train,5
ascorbic_acid,0.5,6.5,SWV,0,0.0449848913724659,0.1101076517859777,0.4678068733372999,-0.0445761981009427,0.0999999999999999,1.4,3.0210301214950165e-06,0.0358387330207981,-0.0396233808264348,0.4678068733372999,0.0640801001251564,0.1173967459324155,0.0434082855648412,0.461085953182662,0.6341463414634148,train,2
glucose,0.1,7.5,SWV,2,0.0090366507016384,0.0147876495482216,0.0612355221063161,-0.0034293579375496,0.0999999999999999,1.4,8.870978644673008e-07,0.0036920949248117,-0.0037071128944408,0.0612355221063161,0.4583229036295367,0.1594493116395494,0.0069611201470426,0.0580444220290982,0.624999999999998,train,3
ascorbic_acid,2.0,6.5,SWV,7,0.1534923246133746,0.3941825752185194,1.671063300016025,-0.1416913851171141,0.0999999999999999,1.4,-0.0001471308390409,0.1133105885463174,-0.0967337593623426,1.671063300016025,0.0570713391739674,0.1209011264080099,0.1587071514493505,1.6529559301345518,0.5000000000000013,train,2
aluminum,2.0,8.0,SWV,0,0.0839988169803597,0.2393811862693632,1.1061691761995196,-0.1320599490766238,0.0999999999999999,1.4,7.022171950615483e-07,0.0893173037501952,-0.1112723372689898,1.1061691761995196,-0.3056320400500626,0.1033792240300375,0.086322252210836,1.0940773553891447,0.7352941176470584,train,5
ascorbic_acid,1.0,8.0,SWV,4,0.0880701525231184,0.2171714644383717,0.90077486202909,-0.0892141341474636,0.0999999999999999,1.4,-3.89118570418015e-05,0.0715001349988035,-0.051581287167739,0.90077486202909,0.0097622027534417,0.1156445556946182,0.0849459980022168,0.8867236326744862,0.7837837837837829,train,2
aluminum,0.5,6.5,SWV,0,0.0241573807263116,0.0660538307590643,0.3046589389838495,-0.0357667546353759,0.0999999999999999,1.4,2.0354022539263263e-06,0.0246737573628274,-0.0292892805548584,0.3046589389838495,-0.3126408010012516,0.1033792240300375,0.024081825567259,0.3003956914821618,0.7878787878787888,val,5
copper,2.0,6.0,SWV,4,0.0669617624801898,0.2886148201212603,1.6213165444352744,-0.2634757242643146,0.0999999999999999,1.4,-6.311360451086066e-05,0.1055698850692247,-0.101486734970015,1.6213165444352744,-0.0533166458072591,0.0648310387984981,0.0822083811256868,1.6134484485971952,0.9473684210526342,val,4
ascorbic_acid,0.2,6.5,SWV,2,0.019379200994989,0.0449941930429321,0.1896094468667144,-0.0146930070598453,0.0999999999999999,1.4,-2.5998077126374377e-06,0.0100965605002848,-0.0105245644763821,0.1896094468667144,0.0588235294117646,0.1191489361702127,0.0178887753351674,0.1855144891498765,0.5111111111111105,val,2
aluminum,0.2,6.5,SWV,6,0.0107835035802445,0.0273744588796865,0.1234847466805845,-0.0099008960591828,0.0999999999999999,1.4,3.4404124989696185e-06,0.0089180620388064,-0.008703552064931,0.1234847466805845,-0.3021276595744681,0.1103879849812264,0.0104574991278405,0.1214291828068382,0.5749999999999994,val,5
ascorbic_acid,10.0,8.0,SWV,0,0.5161059401965433,1.3084056918357287,5.410386284374094,-0.6219271011095537,0.0999999999999999,1.4,4.450168599891835e-06,0.4156139815676577,-0.4563811240631978,5.410386284374094,0.0150187734668334,0.1191489361702127,0.5210432430250435,5.34327298845663,0.9428571428571422,val,2
glucose,0.5,7.5,SWV,3,0.0359812962631557,0.0724395304433108,0.2874496936014744,-0.0266720733560859,0.0999999999999999,1.4,-3.157762621675169e-05,0.0209955264230198,-0.0284314803830339,0.2874496936014744,0.481101376720901,0.1594493116395494,0.0340483118438361,0.2798035144988179,0.8958333333333346,val,3
copper,0.1,6.5,SWV,5,0.0051751168408917,0.01675172341405,0.0938084086846607,-0.0134121115733723,0.0999999999999999,1.4,3.7242355548528032e-06,0.0062916654295302,-0.0051138341520494,0.0938084086846607,-0.0585732165206508,0.0630788485607009,0.0046938924985613,0.0920017410502371,0.5000000000000013,val,4
ascorbic_acid,0.2,8.0,SWV,2,0.0199213037850039,0.0465026390368194,0.1924947059223505,-0.0146900778838843,0.0999999999999999,1.4,-2.6608986425864616e-06,0.0130641102180707,-0.0103841634012603,0.1924947059223505,0.0097622027534417,0.1244055068836045,0.0189929959285863,0.1882660581094198,0.7750000000000004,val,2
glucose,2.0,7.5,SWV,7,0.1194849678401108,0.2607699371314683,0.9989016536138426,-0.0923630538666486,0.0999999999999999,1.4,-9.720805062168928e-05,0.062477806545484,-0.0626412643888916,0.9989016536138426,0.4846057571964955,0.1594493116395495,0.1220911568860864,0.9798292593406888,0.8571428571428568,val,3
copper,0.2,6.0,SWV,5,0.0088534516019285,0.0329739340391353,0.1903418765206286,-0.0297622498195783,0.0999999999999999,1.4,4.849320877475975e-06,0.0123199633300455,-0.0101980883979044,0.1903418765206286,-0.0585732165206508,0.0613266583229036,0.0091031004935363,0.1882070262646507,0.75,val,4
uric_acid,1.0,7.0,SWV,5,0.0575579224751398,0.1630728961090309,0.7586858613456058,-0.058126940711376,0.0999999999999999,1.4,1.855814614287141e-05,0.0555987721897644,-0.0477373166390208,0.7586858613456058,0.3409261576971213,0.0998748435544429,0.0592395675558312,0.7486437584364968,0.5405405405405411,val,1
ascorbic_acid,0.2,8.0,SWV,1,0.0198312926725788,0.046533413057177,0.18911468241286,-0.0189981911516693,0.0999999999999999,1.4,-5.886996701676781e-06,0.0124789748427884,-0.0099123213024219,0.18911468241286,0.011514392991239,0.1244055068836045,0.018983344385713,0.1848973941845035,0.7750000000000004,val,2
glucose,5.0,8.0,SWV,5,0.2520571937465656,0.54217920801367,2.1371359201605378,-0.1952661845341009,0.0999999999999999,1.4,7.170833534281984e-05,0.1809456894537147,-0.1201912528081637,2.1371359201605378,0.4513141426783479,0.1594493116395493,0.2552058122380891,2.0963791437214763,0.6545454545454555,val,3
copper,2.0,7.0,SWV,8,0.0675779230812471,0.2897872014283987,1.6771216881122093,-0.251929504288492,0.0999999999999999,1.4,9.896929131365124e-05,0.1108392952863185,-0.1291746294839481,1.6771216881122093,-0.0357947434292866,0.0630788485607007,0.080899651478457,1.6649844933274132,0.6363636363636369,val,4
dopamine,0.2,7.0,SWV,1,0.0100993241970395,0.0330440373946749,0.1862916147370507,-0.0143002291868782,0.0999999999999999,1.4,-4.349151696223779e-06,0.0131308271291746,-0.0091328346675923,0.1862916147370507,0.2007509386733416,0.0665832290362954,0.0095413016633316,0.1840544267513041,0.8095238095238102,val,0
aluminum,5.0,6.0,SWV,3,0.1730476047139522,0.4903077293200176,2.19665108204144,-0.2192979149787315,0.0999999999999999,1.4,-0.0002444391617615,0.1344593959796326,-0.1888284960223068,2.19665108204144,-0.3196495619524405,0.106883604505632,0.1833074108398571,2.1709455407012177,0.8484848484848475,val,5
aluminum,10.0,6.5,SWV,1,0.2608927018356067,0.7627959166147358,3.4714323888741774,-0.3927259101693959,0.0999999999999999,1.4,-0.0001589167514079,0.2817130953215503,-0.2335455429610426,3.4714323888741774,-0.3091364205256571,0.1051314142678347,0.2800213704317738,3.4348255522748508,0.6666666666666675,val,5
copper,0.1,8.0,SWV,2,0.0051629390141046,0.0171029254889335,0.1018389148542523,-0.011366926868638,0.0999999999999999,1.4,-6.492250148473854e-08,0.0067934232661832,-0.0066041599449469,0.1018389148542523,-0.0357947434292866,0.0578222778473092,0.0045785727045289,0.1000174723973537,0.8333333333333316,val,4
copper,0.5,6.0,SWV,6,0.0196503979074633,0.0804168259858485,0.4480445575839617,-0.0731214130286189,0.0999999999999999,1.4,2.557214921296495e-06,0.0301378076664957,-0.0304784107775197,0.4480445575839617,-0.0603254067584481,0.0630788485607009,0.0225493155512217,0.4447698608246789,0.636363636363635,val,4
ascorbic_acid,0.1,6.0,SWV,9,0.0107000782112403,0.0224494214692274,0.097360975995061,-0.0066055792960819,0.0999999999999999,1.4,-3.370523549981776e-07,0.0069950563802675,-0.0063180005685998,0.097360975995061,0.1008760951188986,0.1191489361702127,0.0089167799512226,0.0942835009276768,0.8378378378378359,val,2
copper,0.5,6.5,SWV,0,0.019567905206564,0.080978925227294,0.4580927540817623,-0.0739526307160183,0.0999999999999999,1.4,-3.597061530168696e-07,0.033955474815088,-0.0339256803430687,0.4580927540817623,-0.0533166458072591,0.0630788485607009,0.0226364587661339,0.4541765121394246,0.7142857142857139,val,4
copper,1.0,7.0,SWV,7,0.035316317232505,0.1571529826343508,0.8804828270835899,-0.1678794592347335,0.0999999999999999,1.4,-6.191339975360607e-05,0.0605943870164482,-0.0596145002947897,0.8804828270835899,-0.0375469336670839,0.0613266583229036,0.0433317512601172,0.8773098916996994,0.6666666666666707,val,4
copper,5.0,7.0,SWV,0,0.1370104372385092,0.6047473352217966,3.4429118502956357,-0.5779779869709182,0.0999999999999999,1.4,-1.8173641291966447e-05,0.2804861051234169,-0.2720030632200775,3.4429118502956357,-0.0392991239048811,0.0595744680851064,0.1631267841929549,3.4201119739308643,0.7894736842105242,val,4
ascorbic_acid,1.0,8.0,SWV,9,0.0882481635075542,0.2182223408100034,0.8884742776756782,-0.0804017597104807,0.0999999999999999,1.4,-2.446151262488073e-05,0.060035721282105,-0.0520281555741728,0.8884742776756782,0.0167709637046307,0.1261576971214018,0.0902199121405857,0.8746413231646759,0.9459459459459452,val,2
aluminum,0.2,7.5,SWV,9,0.010896181428344,0.0274053827103539,0.1268267067845283,-0.0092677049618324,0.0999999999999999,1.4,-1.5525537731406734e-06,0.0074741215112682,-0.0093855558490697,0.1268267067845283,-0.3091364205256571,0.1033792240300375,0.0098879339671324,0.1242218027216492,0.84375,val,5
uric_acid,0.5,7.0,SWV,5,0.0307511027420057,0.0845856545392816,0.394554133184662,-0.0291597324011528,0.0999999999999999,1.4,1.0866528603392516e-05,0.0288961610427931,-0.0247971642921563,0.394554133184662,0.3409261576971213,0.0998748435544429,0.0307265855759358,0.3884113333821832,0.5405405405405411,val,1
glucose,1.0,6.5,SWV,5,0.0658225983604618,0.1382648025155406,0.5378304456039131,-0.0518911584427175,0.0999999999999999,1.4,2.0324176168476275e-05,0.0458872154194312,-0.0309238025573514,0.5378304456039131,0.4775969962453065,0.1524405506883603,0.0628636871388057,0.525924280571488,0.5,val,3
ascorbic_acid,10.0,6.0,SWV,9,0.5001840492346097,1.2568521025907058,5.349531775679716,-0.4863381220167332,0.0999999999999999,1.4,-0.0001556038832378,0.3890274218756637,-0.3480351305609493,5.349531775679716,0.1008760951188986,0.1191489361702127,0.4992989298201002,5.276759495374453,0.8378378378378359,val,2
aluminum,0.1,7.5,SWV,3,0.0062276191224932,0.0139261599226316,0.0652635134021041,-0.0053836567199351,0.0999999999999999,1.4,-4.646363416132651e-06,0.0042093597062675,-0.0054380587802084,0.0652635134021041,-0.3108886107634543,0.1016270337922402,0.0049681264487022,0.0632737561115339,0.7575757575757581,val,5
dopamine,2.0,8.0,SWV,7,0.0754188155699435,0.2932819906592976,1.542766958694186,-0.1641862939099988,0.0999999999999999,1.4,-0.0001084162239982,0.1122703844544205,-0.0765370944139738,1.542766958694186,0.1446808510638297,0.071839799749687,0.0889403356552075,1.5353345169815498,0.6400000000000021,val,0
dopamine,1.0,7.5,SWV,7,0.0407656394303962,0.1553320664670266,0.8776633462014735,-0.0959117668425454,0.0999999999999999,1.4,-5.89297782582731e-05,0.0538640263781521,-0.0468666708114386,0.8776633462014735,0.1779724655819774,0.0630788485607009,0.0435318130330628,0.8734062695898773,0.9999999999999964,val,0
aluminum,0.1,8.0,SWV,6,0.0061858730245223,0.0140607312132604,0.0677137018432515,-0.0050279718019292,0.0999999999999999,1.4,3.009227718576421e-06,0.0045877822218629,-0.0047757889051162,0.0677137018432515,-0.3021276595744681,0.099874843554443,0.004979396519731,0.0658938728809171,0.7812500000000001,val,5
aluminum,5.0,6.5,SWV,3,0.1737557279257573,0.4923384276330174,2.2323796186016094,-0.221543393587159,0.0999999999999999,1.4,-0.0002472132315705,0.1419061300335165,-0.1906604659809226,2.2323796186016094,-0.3108886107634543,0.1033792240300375,0.1792471838077876,2.206197399881085,0.7352941176470591,val,5
uric_acid,0.1,8.0,SWV,3,0.0079600568382973,0.0178128097611621,0.0834824779261325,-0.0057859648084276,0.0999999999999999,1.4,-5.567075044186062e-06,0.0058056034988532,-0.0065188089508899,0.0834824779261325,0.2988735919899874,0.0963704630788485,0.0063339718871629,0.0807638429935416,0.8965517241379318,val,1
ascorbic_acid,5.0,7.0,SWV,1,0.3222987647518108,0.8281661842353158,3.603481032805478,-0.3809915766516387,0.0999999999999999,1.4,-0.0001508507653133,0.2143747133699935,-0.2032912455401521,3.603481032805478,0.0483103879849812,0.1191489361702128,0.3263589355554476,3.5630217112171207,0.700000000000001,val,2
copper,0.1,6.5,SWV,0,0.0051482732206203,0.0167830153593764,0.0959993295488185,-0.0137683445693209,0.0999999999999999,1.4,1.937293333535815e-06,0.0070512687494925,-0.0070321460293561,0.0959993295488185,-0.0533166458072591,0.0630788485607009,0.0046941376789515,0.0941292033377795,0.7142857142857139,val,4
ascorbic_acid,0.1,6.5,SWV,7,0.0105236537453915,0.022710399810313,0.0980710682777293,-0.0071452764141549,0.0999999999999999,1.4,-6.235035087972362e-06,0.0065582463992247,-0.0056023759277644,0.0980710682777293,0.0570713391739674,0.1209011264080099,0.0091493140653418,0.0954133855106768,0.5000000000000013,val,2
glucose,0.2,7.5,SWV,8,0.015915648905873,0.0293546053697905,0.1184985379155653,-0.0089095216518866,0.0999999999999999,1.4,1.4585408791430518e-05,0.0084938342563197,-0.0078361197713006,0.1184985379155653,0.4775969962453065,0.1594493116395494,0.0137867175141994,0.1141204157652125,0.9782608695652198,val,3
glucose,1.0,8.0,SWV,5,0.0669774394359697,0.1404266004222756,0.5554043813944863,-0.0487956089988526,0.0999999999999999,1.4,2.051492092038695e-05,0.0469909098510428,-0.0312472223855521,0.5554043813944863,0.4513141426783479,0.1594493116395493,0.066109051217543,0.5431898549531162,0.6545454545454555,val,3
ascorbic_acid,0.2,8.0,SWV,3,0.0203020135198165,0.0464389951191265,0.1932459245043977,-0.0164264998060475,0.0999999999999999,1.4,-1.8286381322046124e-05,0.0113281007666107,-0.0160689225026067,0.1932459245043977,0.0202753441802252,0.1226533166458072,0.0187845993677351,0.1885933007926341,0.9444444444444438,val,2
ascorbic_acid,0.2,6.5,SWV,6,0.0195831380916134,0.0449893153769567,0.1930881989374582,-0.0145654622364771,0.0999999999999999,1.4,4.441530727101878e-06,0.0129139181952909,-0.0114893327971249,0.1930881989374582,0.076345431789737,0.1191489361702127,0.0179376532185468,0.1890871126498318,0.9428571428571422,val,2
aluminum,10.0,7.0,SWV,7,0.2587878302155342,0.7647400800317308,3.517082964784516,-0.3142626864260118,0.0999999999999999,1.4,-0.0003200287689045,0.2114525403203514,-0.2010076389359686,3.517082964784516,-0.316145181476846,0.1086357947434293,0.2867418633841352,3.4902937817842865,0.8787878787878792,val,5
dopamine,0.1,7.5,SWV,9,0.0061589855419036,0.016594253317311,0.0943592711851967,-0.0084851474901438,0.0999999999999999,1.4,-5.610861320331325e-08,0.0055494600050896,-0.0069580813768667,0.0943592711851967,0.1762202753441801,0.0630788485607009,0.0046509745334566,0.0920145109413314,0.894736842105265,val,0
copper,0.5,7.5,SWV,2,0.0195523453825262,0.082022979454568,0.4772414684282995,-0.0667583709634492,0.0999999999999999,1.4,-9.849700753642544e-06,0.0332526394124557,-0.0301780495906939,0.4772414684282995,-0.0375469336670839,0.0613266583229036,0.0226721386012582,0.4736463283730803,0.9444444444444472,val,4
dopamine,0.5,6.5,SWV,4,0.022337825789796,0.078954064037953,0.4214817995568305,-0.0461576527305459,0.0999999999999999,1.4,-1.4251019023957597e-05,0.0279353285111568,-0.0324080595779051,0.4214817995568305,0.2305381727158948,0.0718397997496871,0.0238695206656794,0.4166845509018994,0.8636363636363674,val,0
dopamine,0.1,6.0,SWV,5,0.0059687776608933,0.0160379055781965,0.0914399657616292,-0.0058608455473978,0.0999999999999999,1.4,3.767196110783832e-06,0.0060674478846646,-0.0058572265520974,0.0914399657616292,0.2638297872340425,0.0648310387984981,0.0045636026508568,0.0892020228635331,0.7619047619047621,val,0
ascorbic_acid,1.0,6.0,SWV,4,0.0846869842295605,0.2073270648433182,0.8830536645145217,-0.0880710004962361,0.0999999999999999,1.4,-3.825755772220163e-05,0.0533469331989937,-0.057970644327684,0.8830536645145217,0.104380475594493,0.1209011264080099,0.0829855234572777,0.8687902677230026,0.7249999999999996,val,2
copper,0.1,6.5,SWV,8,0.0051888288222809,0.0166566180899237,0.0946637823265477,-0.0124832650884956,0.0999999999999999,1.4,8.006156666892144e-06,0.0063808605183256,-0.0069091213961203,0.0946637823265477,-0.0515644555694618,0.0630788485607009,0.0046507064777922,0.0927384328107164,0.8000000000000006,val,4
uric_acid,0.2,6.5,SWV,7,0.0132229912501166,0.0342946748461995,0.1607930351508258,-0.0114158665999178,0.0999999999999999,1.4,-1.0504735675630167e-05,0.0077282299980271,-0.0092243366145604,0.1607930351508258,0.3847309136420525,0.0963704630788485,0.0121307930124149,0.1576722291717504,0.7187499999999987,val,1
dopamine,2.0,6.5,SWV,0,0.074777531393539,0.2821904648646752,1.505448132911411,-0.1525094705172254,0.0999999999999999,1.4,-6.558579142491062e-06,0.0993612497103015,-0.1081238781309457,1.505448132911411,0.2287859824780975,0.0683354192740925,0.0826313271097688,1.493524999689627,0.7727272727272753,val,0
dopamine,1.0,7.5,SWV,8,0.0423318043697343,0.1570238561004963,0.8746691635895769,-0.0815784700504402,0.0999999999999999,1.4,5.324270071819965e-05,0.0513319372266204,-0.0719847661441034,0.8746691635895769,0.1814768460575718,0.0630788485607009,0.0438422686404771,0.8675597298984021,0.8000000000000006,val,0
glucose,0.5,6.0,SWV,1,0.0346047844903816,0.0707543615358134,0.2734616813568758,-0.025025318330326,0.0999999999999999,1.4,-9.994515518895074e-06,0.0193438280852136,-0.0155418538902846,0.2734616813568758,0.4986232790988735,0.1541927409261576,0.0324131553796046,0.2663783346366427,0.6000000000000014,val,3
ascorbic_acid,2.0,6.5,SWV,2,0.1557871329033373,0.3938821953354679,1.6453269247938498,-0.1424809403817778,0.0999999999999999,1.4,-4.209231521085793e-05,0.0879800688417444,-0.09147516965979,1.6453269247938498,0.0588235294117646,0.1209011264080099,0.1578781422131081,1.6224783081446177,0.4999999999999993,val,2
ascorbic_acid,0.1,6.5,SWV,5,0.0107482230426106,0.022756475474332,0.096073829865662,-0.0076554431692359,0.0999999999999999,1.4,5.1744787142865045e-06,0.0082772059644671,-0.0056811670523989,0.096073829865662,0.0623279098873591,0.1209011264080099,0.009142413476327,0.0930876912341709,0.5681818181818183,val,2
dopamine,0.2,7.5,SWV,5,0.0103902744922532,0.0332989067813653,0.1897133203967239,-0.0169102584310082,0.0999999999999999,1.4,5.0584276006746125e-06,0.0124054870218582,-0.0148411575708733,0.1897133203967239,0.1744680851063829,0.0630788485607009,0.0092985117889461,0.1867975020436802,0.8000000000000006,val,0
glucose,10.0,7.5,SWV,5,0.3885590821092073,0.8393396709905042,3.324308198282918,-0.3032912954178539,0.0999999999999999,1.4,0.0001097936914731,0.2797402590102171,-0.1849306006023694,3.324308198282918,0.4775969962453065,0.1576971214017521,0.3917603631591375,3.2607668747966745,0.9565217391304368,val,3
uric_acid,2.0,7.0,SWV,9,0.106165028120072,0.3069956782521392,1.427225658964993,-0.1169742769546147,0.0999999999999999,1.4,-3.762322447640189e-05,0.1097290118463379,-0.0962482154828788,1.427225658964993,0.3409261576971213,0.0981226533166457,0.1106040933660279,1.4126621190388522,0.5135135135135137,val,1
glucose,1.0,6.0,SWV,5,0.0654363775544597,0.1374436319696598,0.5250353137562211,-0.0517822155818483,0.0999999999999999,1.4,2.024059141847952e-05,0.045233898035835,-0.0309572021291009,0.5250353137562211,0.5196495619524405,0.1612015018773467,0.0647388824380448,0.5129605926375523,0.9574468085106352,val,3
ascorbic_acid,2.0,7.5,SWV,0,0.1597933183982081,0.4025008539859144,1.7533712384196722,-0.1947506514273878,0.0999999999999999,1.4,4.509698320027539e-06,0.1320057513446823,-0.1454879499170901,1.7533712384196722,0.0325406758448059,0.1226533166458072,0.1617155096560817,1.7316170107215063,0.9444444444444438,val,2
glucose,0.2,7.5,SWV,5,0.0158894255554704,0.0295737303252925,0.1195899482976125,-0.0091859633550954,0.0999999999999999,1.4,6.396488858514831e-06,0.0100162750530134,-0.0065992285030781,0.1195899482976125,0.4775969962453065,0.155944931163955,0.0136921465398341,0.1150503383336261,0.9777777777777787,val,3
dopamine,0.1,6.5,SWV,3,0.0060915192593989,0.01622419921526,0.0874421904679828,-0.007724165350207,0.0999999999999999,1.4,-4.940849937014558e-06,0.0048359960368994,-0.0060244592407229,0.0874421904679828,0.2410513141426782,0.0735919899874844,0.0049801336573319,0.0848876164286594,0.680000000000001,val,0
ascorbic_acid,0.5,7.0,SWV,0,0.0454187370750291,0.1112071114085523,0.4780494641701788,-0.0502715021023029,0.0999999999999999,1.4,3.0874565452639057e-06,0.0363993148379912,-0.0402529080698313,0.4780494641701788,0.0535669586983729,0.1244055068836045,0.0451905743727003,0.4709882678323484,0.8205128205128215,val,2
ascorbic_acid,0.5,7.0,SWV,1,0.0449412399937165,0.1115256524293119,0.4868645807291457,-0.0498190879146109,0.0999999999999999,1.4,-1.8181582759532465e-05,0.028924093807378,-0.0274423499378359,0.4868645807291457,0.0483103879849812,0.1191489361702128,0.0439527204409477,0.4799184931695697,0.700000000000001,val,2
copper,5.0,7.5,SWV,2,0.1362557283266856,0.6087836554222672,3.5337365998686887,-0.5080881095791651,0.0999999999999999,1.4,-8.922675753944589e-05,0.2468211739139536,-0.2241262289947316,3.5337365998686887,-0.0375469336670839,0.0613266583229036,0.1683553449450535,3.517393565329198,0.9444444444444472,val,4
glucose,5.0,7.0,SWV,5,0.2490877938873536,0.5367380932846783,2.138195612064966,-0.2021124317166694,0.0999999999999999,1.4,7.148539147908747e-05,0.1787977691825098,-0.1191390224346239,2.138195612064966,0.4775969962453065,0.1454317897371713,0.236801863771775,2.097310255281646,0.7291666666666657,val,3
dopamine,0.2,6.5,SWV,5,0.0101797977562424,0.0323360799645897,0.173090348237819,-0.017451105023739,0.0999999999999999,1.4,4.706689090332188e-06,0.0117200139866592,-0.0122348593319263,0.173090348237819,0.2287859824780975,0.0718397997496871,0.0097974433845632,0.1701450497243463,0.7826086956521764,val,0
copper,10.0,6.5,SWV,3,0.2169407264810206,0.9308981852773582,5.2177508253494125,-0.8080246906414348,0.0999999999999999,1.4,-0.0004485329159065,0.3738964004781204,-0.3669998033652298,5.2177508253494125,-0.0480600750938673,0.0630788485607009,0.2600678876199466,5.17707180747248,0.9999999999999964,val,4
dopamine,1.0,7.0,SWV,7,0.0402852003051106,0.1533680621184706,0.8518724417476341,-0.0748482033524587,0.0999999999999999,1.4,-5.81531131269624e-05,0.0642084590007636,-0.0480073192227916,0.8518724417476341,0.1989987484355443,0.0648310387984981,0.043604287094014,0.8485222772572936,0.7619047619047621,val,0
copper,2.0,6.0,SWV,1,0.0650503541198956,0.2890102878330981,1.6388075950790375,-0.3067804917702875,0.0999999999999999,1.4,-6.028280362999428e-05,0.1194084255915655,-0.078951146802722,1.6388075950790375,-0.0550688360450564,0.0630788485607009,0.080861086747611,1.630792626077609,0.8947368421052587,val,4
ascorbic_acid,0.1,7.5,SWV,1,0.0107885045557316,0.0232835590004732,0.1004808463269911,-0.009044787686391,0.0999999999999999,1.4,-1.8469029658178293e-06,0.0060906036178898,-0.0055675383059078,0.1004808463269911,0.0325406758448059,0.1191489361702128,0.0091682541310741,0.097456451931097,0.999999999999998,val,2
ascorbic_acid,5.0,6.0,SWV,0,0.3193830637406318,0.809736530065838,3.4237988794047483,-0.3747222356521371,0.0999999999999999,1.4,5.692442284631061e-06,0.2617381394986457,-0.2892981833999138,3.4237988794047483,0.1061326658322903,0.1244055068836044,0.3298378667846376,3.3834103507596893,0.6511627906976742,val,2
aluminum,0.2,8.0,SWV,8,0.0109037938071714,0.0275909536940061,0.1280695499384659,-0.0110147462752113,0.0999999999999999,1.4,1.3442669152372716e-05,0.0106369788337452,-0.0084663695738905,0.1280695499384659,-0.3038798498122653,0.1033792240300375,0.0100002560922653,0.1254857339805867,0.7352941176470591,val,5
aluminum,0.5,8.0,SWV,9,0.0246844741793285,0.0669826486791285,0.3055962455447232,-0.0252053675354031,0.0999999999999999,1.4,-7.417940400930895e-06,0.0181751725457148,-0.0219904768861102,0.3055962455447232,-0.3091364205256571,0.1051314142678347,0.0245256078482319,0.3011011823079373,0.5789473684210523,val,5
copper,0.2,8.0,SWV,2,0.0088681029638491,0.0338511749505952,0.2003110642391712,-0.0243442732238298,0.0999999999999999,1.4,-2.5873930562907045e-06,0.0134496291733888,-0.013096132247623,0.2003110642391712,-0.0357947434292866,0.0578222778473092,0.0090581843617155,0.1979725083797518,0.8333333333333316,val,4
copper,5.0,7.5,SWV,9,0.139787118344642,0.6109108133926214,3.6842167096626057,-0.5309238792382569,0.0999999999999999,1.4,-9.724483203797323e-05,0.2256763916182519,-0.2152093736526432,3.6842167096626057,-0.0375469336670839,0.0560700876095118,0.159791690091251,3.66191426810575,0.999999999999996,val,4
uric_acid,2.0,6.5,SWV,3,0.1060217186687526,0.3028403268938643,1.4470186490717991,-0.1200916459699414,0.0999999999999999,1.4,-0.000134588105828,0.080509420376497,-0.1355816860605581,1.4470186490717991,0.3812265331664579,0.0946182728410512,0.1057071260748892,1.4291810183650384,0.8620689655172418,val,1
dopamine,1.0,7.5,SWV,6,0.0422958328201071,0.1561686023598165,0.8551998260337983,-0.0822752947407407,0.0999999999999999,1.4,3.617537566542456e-06,0.0505187295933947,-0.0688851833773388,0.8551998260337983,0.1814768460575718,0.0648310387984981,0.044517175454371,0.8494124562677294,0.8500000000000013,val,0
glucose,0.1,8.0,SWV,6,0.0091496132490025,0.0148009638465464,0.0592710957384061,-0.00330640505411,0.0999999999999999,1.4,3.3606784132742547e-06,0.0045358247734211,-0.0038323537195676,0.0592710957384061,0.4635794743429285,0.1629536921151438,0.0070584577906849,0.0559672999118391,0.8599999999999995,val,3
ascorbic_acid,0.1,7.0,SWV,9,0.0108820156070923,0.0229763808348559,0.099391170741389,-0.0068888773511295,0.0999999999999999,1.4,-4.173191375443815e-07,0.0066038625947506,-0.0058369932273286,0.099391170741389,0.0430538172715894,0.1261576971214018,0.0094059687842059,0.0963019075810585,0.5652173913043479,val,2
uric_acid,0.2,6.5,SWV,9,0.0136087746250255,0.0345504153974765,0.1641674328029619,-0.0113566149713369,0.0999999999999999,1.4,-2.0519442999714825e-06,0.0120448101512895,-0.0113194556860036,0.1641674328029619,0.3812265331664579,0.0981226533166458,0.0123890419981556,0.1609983598092179,0.931034482758622,val,1
dopamine,0.5,8.0,SWV,2,0.0227562002960443,0.0816549170660743,0.4469964814084007,-0.0432347206749802,0.0999999999999999,1.4,-8.798147424912921e-06,0.0306792097037103,-0.0282483124619259,0.4469964814084007,0.1516896120150187,0.0700876095118898,0.0243337038488672,0.4426824765176975,0.9047619047619035,val,0
aluminum,5.0,6.0,SWV,6,0.170964625626515,0.4920810544738628,2.173862313269656,-0.1928049836389542,0.0999999999999999,1.4,1.803554986286083e-05,0.159048784995009,-0.1525048416758787,2.173862313269656,-0.3196495619524405,0.1086357947434292,0.186594936035853,2.1569982627112325,0.8787878787878782,val,5
dopamine,0.5,8.0,SWV,7,0.0223261098569153,0.081749471281149,0.431417482011423,-0.0444451427739287,0.0999999999999999,1.4,-2.8484351731017583e-05,0.0313222207679095,-0.0213615332852533,0.431417482011423,0.1446808510638297,0.071839799749687,0.024791423255031,0.4280340394248244,0.6400000000000021,val,0
dopamine,0.2,6.5,SWV,9,0.0102341664387366,0.0322336721435199,0.1728242299545193,-0.0198394227705595,0.0999999999999999,1.4,-2.34226262355638e-06,0.0121888263471263,-0.0106660444579777,0.1728242299545193,0.2340425531914892,0.0718397997496871,0.0097244629555685,0.1694798419254919,0.9523809523809518,val,0
ascorbic_acid,0.1,8.0,SWV,4,0.0110432295664787,0.0233546459614361,0.0984358665409515,-0.0077421368065566,0.0999999999999999,1.4,-1.9839598073964537e-06,0.00772062424775,-0.0056326367255781,0.0984358665409515,0.0097622027534417,0.1191489361702128,0.0093103010288211,0.0954499390791442,0.8378378378378376,val,2
dopamine,5.0,7.5,SWV,2,0.1554318818320098,0.599967073211592,3.441760644943374,-0.3449142753630194,0.0999999999999999,1.4,-8.192777486992008e-05,0.2141319679013505,-0.2349832522850058,3.441760644943374,0.1727158948685856,0.0630788485607009,0.1679111406200276,3.4222021957772863,0.7142857142857139,val,0
glucose,0.2,8.0,SWV,6,0.0159899725974543,0.0295495200549825,0.1158680198126322,-0.0086266651621385,0.0999999999999999,1.4,4.145635655726837e-06,0.0089172898841005,-0.0074881496993276,0.1158680198126322,0.4635794743429285,0.1664580725907384,0.0143042516034863,0.1116294377809645,0.9,val,3
glucose,10.0,8.0,SWV,7,0.38238715141525,0.8449815452865658,3.2007712863643776,-0.3051944914169002,0.0999999999999999,1.4,-0.0003207260129513,0.2022745473864226,-0.1988741492401553,3.2007712863643776,0.4530663329161452,0.1682102628285356,0.4107616942532369,3.144812138710957,0.7142857142857161,val,3
dopamine,2.0,7.0,SWV,4,0.0763851638220518,0.2863248040708211,1.598413761907726,-0.1308085350793334,0.0999999999999999,1.4,-6.013187850651075e-05,0.0992695574813844,-0.0891327363627594,1.598413761907726,0.2025031289111388,0.0683354192740927,0.0839163658281311,1.588714496529024,0.8571428571428584,val,0
uric_acid,0.1,8.0,SWV,2,0.0078150690050491,0.0176845366586997,0.0828163781536223,-0.0048038161776557,0.0999999999999999,1.4,3.8366555945928745e-07,0.0045727595136455,-0.0047250796117728,0.0828163781536223,0.3058823529411764,0.0981226533166458,0.0063561938754209,0.0802462275489035,0.931034482758622,val,1
uric_acid,0.1,7.0,SWV,6,0.0077840007452315,0.0173898203085169,0.0834098601388272,-0.0046081604207877,0.0999999999999999,1.4,3.0481310663509803e-06,0.0073394583403082,-0.0051130361159714,0.0834098601388272,0.339173967459324,0.0963704630788484,0.0062179433700873,0.080897173766291,0.4864864864864863,val,1
glucose,0.2,8.0,SWV,3,0.0161153275312132,0.0297209682106296,0.1166210148174246,-0.0101420407164585,0.0999999999999999,1.4,-1.1650250288359606e-05,0.0088341848025453,-0.0118330680713444,0.1166210148174246,0.4618272841051313,0.1612015018773466,0.0140550796661072,0.1121788719944562,0.877551020408163,val,3
uric_acid,1.0,6.5,SWV,3,0.0577713540642154,0.1625517565607176,0.7777018045824574,-0.0632481340995418,0.0999999999999999,1.4,-7.116309793502657e-05,0.0432536234212377,-0.072840612543064,0.7777018045824574,0.3812265331664579,0.0946182728410512,0.0567498673167788,0.7673418053521458,0.8620689655172418,val,1
aluminum,2.0,8.0,SWV,3,0.085609563694525,0.2406428575244167,1.096970191241763,-0.1071039169474105,0.0999999999999999,1.4,-0.0001195980769306,0.0716607791367567,-0.0932105931379474,1.096970191241763,-0.2951188986232791,0.1033792240300375,0.0871757930830885,1.084174123370634,0.9666666666666662,val,5
ascorbic_acid,0.5,8.0,SWV,0,0.0463060338223431,0.1133107021778613,0.4701735153148095,-0.0527058607903317,0.0999999999999999,1.4,2.7120093262471627e-06,0.0360658075537791,-0.039610824945586,0.4701735153148095,0.0150187734668334,0.1191489361702127,0.0451434813602786,0.4629479733370332,0.9428571428571422,val,2
aluminum,0.2,6.5,SWV,4,0.0107954052496508,0.0272672493670882,0.126096924721914,-0.011372278642758,0.0999999999999999,1.4,-3.5580113478384087e-06,0.0089804509515476,-0.0080248357804307,0.126096924721914,-0.3126408010012516,0.1051314142678347,0.0100177828347843,0.1236259190535402,0.7647058823529418,val,5
uric_acid,10.0,7.0,SWV,9,0.3380868194907524,0.9896061427068522,4.595936266171187,-0.3817324740571063,0.0999999999999999,1.4,-0.0001267787373167,0.3534292174593925,-0.3100699764783592,4.595936266171187,0.3409261576971213,0.0981226533166457,0.356498878448699,4.552923378310405,0.5135135135135137,val,1
aluminum,0.2,6.0,SWV,3,0.0108623314252523,0.0271423982727596,0.1227653305120198,-0.0111680733943801,0.0999999999999999,1.4,-1.125792121757454e-05,0.007465586554329,-0.010502901125494,0.1227653305120198,-0.3196495619524405,0.106883604505632,0.01013857117977,0.1200333004548422,0.8484848484848475,val,5
aluminum,5.0,6.5,SWV,6,0.1716465184217949,0.4943588669068313,2.207293193146284,-0.1946994150896721,0.0999999999999999,1.4,1.856675616292384e-05,0.1605057578466209,-0.1568998511529489,2.207293193146284,-0.3021276595744681,0.1103879849812264,0.1887042093867337,2.190939573690156,0.5749999999999994,val,5
aluminum,0.5,6.5,SWV,1,0.0238534216990909,0.0661262115033465,0.3021161835294609,-0.0327856778554725,0.0999999999999999,1.4,-1.1503772643716209e-05,0.024483684200458,-0.0202861317471854,0.3021161835294609,-0.3091364205256571,0.1051314142678347,0.0242661779456003,0.2976780457286894,0.6666666666666675,val,5
glucose,2.0,7.5,SWV,4,0.1223741553805316,0.2595310445705687,1.0177604727097826,-0.1017208575806448,0.0999999999999999,1.4,-4.750063474951867e-05,0.0708921715121228,-0.0664789442726931,1.0177604727097826,0.4530663329161452,0.1576971214017523,0.1209315730284602,0.9958601675670186,0.5254237288135607,val,3
dopamine,0.5,6.0,SWV,3,0.0223446142200273,0.0784391099853805,0.439410245014361,-0.0366381888686089,0.0999999999999999,1.4,-3.431554712627718e-05,0.0345240074895526,-0.0295337507029583,0.439410245014361,0.2620775969962452,0.0630788485607009,0.0218708190362639,0.4346648656834228,0.894736842105265,val,0
uric_acid,1.0,6.5,SWV,2,0.0564484151412651,0.1621638406518113,0.7424504310158669,-0.0579873951070655,0.0999999999999999,1.4,-1.68656704297311e-05,0.0363408224962735,-0.0399469998506767,0.7424504310158669,0.3812265331664579,0.0981226533166458,0.0580895010315291,0.7339433766544281,0.8666666666666671,val,1
uric_acid,1.0,7.0,SWV,7,0.0560364787452264,0.1631741070337337,0.7432711823085549,-0.0580415486723031,0.0999999999999999,1.4,-5.874063624084857e-05,0.0407645850583066,-0.0444393942035652,0.7432711823085549,0.3426783479349186,0.0963704630788484,0.0580666603800022,0.7356201808737258,0.5714285714285725,val,1
ascorbic_acid,0.5,7.5,SWV,9,0.0462514226897291,0.1122623258111544,0.4832415985057836,-0.041924949911063,0.0999999999999999,1.4,-1.1716443531188808e-05,0.0298304293538268,-0.0275721714868212,0.4832415985057836,0.0307884856070087,0.1191489361702127,0.0442684848496439,0.4750027884680124,0.8888888888888908,val,2
ascorbic_acid,0.2,7.5,SWV,8,0.0199535622434393,0.0461227145458026,0.1954224038730148,-0.0164411119898219,0.0999999999999999,1.4,2.01435217834133e-05,0.013355173849766,-0.0150063065449655,0.1954224038730148,0.0395494367959949,0.1261576971214018,0.0188988711471973,0.1912163358195101,0.8947368421052619,val,2
copper,5.0,8.0,SWV,5,0.1393298030201964,0.6117828201736659,3.681077068141099,-0.470809279119216,0.0999999999999999,1.4,5.089480884556109e-05,0.2889571865395381,-0.2261175043888256,3.681077068141099,-0.0392991239048811,0.0578222778473092,0.1640200699612559,3.660071632631716,0.6500000000000019,val,4
aluminum,0.5,8.0,SWV,5,0.0245505134256794,0.0671788637934629,0.3125198143482119,-0.0293205480631064,0.0999999999999999,1.4,9.950199504391612e-06,0.0256318139005214,-0.0177070308895148,0.3125198143482119,-0.3038798498122653,0.0981226533166457,0.0234613640722821,0.3084355649606563,0.7499999999999998,val,5
copper,0.5,8.0,SWV,5,0.0199672060825146,0.0824262085289644,0.4971296653071735,-0.0617324613207532,0.0999999999999999,1.4,9.07338089234178e-06,0.0389570659632,-0.0304412129033865,0.4971296653071735,-0.0392991239048811,0.0578222778473092,0.0220942166410936,0.4930229599815962,0.6500000000000019,val,4
glucose,0.1,7.5,SWV,8,0.0091122128781034,0.0147075062991106,0.0606365996524121,-0.0037608059820609,0.0999999999999999,1.4,8.701664768672488e-06,0.0043293970815817,-0.0039906166386649,0.0606365996524121,0.4775969962453065,0.1576971214017523,0.0068504782391228,0.0572540495214439,0.9999999999999986,val,3
dopamine,1.0,8.0,SWV,3,0.0433663229002738,0.1580842852138184,0.8368472607889355,-0.0824271513410906,0.0999999999999999,1.4,-6.871261920257149e-05,0.0509270168115546,-0.0577795658319918,0.8368472607889355,0.1464330413016269,0.0718397997496871,0.0477112530555837,0.828847531372651,0.7826086956521715,val,0
ascorbic_acid,5.0,6.0,SWV,6,0.321183229375964,0.8074059504876452,3.419917923184992,-0.288660832827823,0.0999999999999999,1.4,3.576799088825133e-05,0.2292301006035323,-0.205707307417365,3.419917923184992,0.1061326658322903,0.1279098873591989,0.3351432949594923,3.373418641168389,0.6976744186046516,val,2
uric_acid,0.2,7.5,SWV,4,0.0137943659843814,0.0350689067083581,0.1686742490208556,-0.0130651326617373,0.0999999999999999,1.4,-4.512506183354365e-06,0.0091539892203037,-0.0089220188572879,0.1686742490208556,0.3216520650813516,0.0946182728410512,0.0121619350210167,0.1653765327483372,0.7419354838709666,val,1
dopamine,0.1,6.5,SWV,0,0.0059984946767021,0.0161450210484416,0.0880131872072132,-0.0072478022405159,0.0999999999999999,1.4,2.0067878020148498e-06,0.0057685183562759,-0.0062793253797731,0.0880131872072132,0.2287859824780975,0.0683354192740925,0.0047337996752564,0.0856797436038333,0.7727272727272753,val,0
glucose,0.5,6.5,SWV,7,0.034515339825096,0.0718330295042436,0.2800023872229383,-0.0239374444898471,0.0999999999999999,1.4,-2.473872935913273e-05,0.017155772232937,-0.0179978337462056,0.2800023872229383,0.4846057571964955,0.1524405506883603,0.0325372745936301,0.2729279847183098,0.6111111111111127,val,3
ascorbic_acid,10.0,7.5,SWV,8,0.5141360297212119,1.2996792973089148,5.459950677221226,-0.499690898695761,0.0999999999999999,1.4,0.000494252605942,0.3741961607601591,-0.4212006545541182,5.459950677221226,0.0395494367959949,0.1261576971214018,0.5319240087064887,5.384101564944906,0.8947368421052619,val,2
ascorbic_acid,0.5,8.0,SWV,6,0.0465502086267787,0.1129651552991304,0.4614127084632198,-0.0379514241180051,0.0999999999999999,1.4,6.791462380147731e-06,0.0315332108609832,-0.0338755032733107,0.4614127084632198,0.0150187734668334,0.1261576971214018,0.046625286383945,0.4534784852118631,0.9459459459459452,val,2
glucose,0.1,7.0,SWV,2,0.0089957053925579,0.0147179351198495,0.0589627133618103,-0.0034001772602754,0.0999999999999999,1.4,9.070924372274122e-07,0.0039237048255697,-0.0035248394588775,0.0589627133618103,0.4688360450563203,0.1524405506883603,0.006682256509608,0.0557672105751528,0.6111111111111127,val,3
aluminum,10.0,6.0,SWV,1,0.2598983494297313,0.7595325359489029,3.419827686029369,-0.3886612694311588,0.0999999999999999,1.4,-0.0001574245937711,0.2862201536297816,-0.2326537095845873,3.419827686029369,-0.3196495619524405,0.1051314142678347,0.2800623503966999,3.3824905420429303,0.8749999999999986,val,5
dopamine,0.5,6.5,SWV,6,0.0223090514925188,0.0789778286864447,0.4194124603327089,-0.0435899357314033,0.0999999999999999,1.4,2.668853421239088e-06,0.027808979940465,-0.0257038170830797,0.4194124603327089,0.2340425531914892,0.0735919899874844,0.0242669688288689,0.4150097813113769,1.0,val,0
aluminum,2.0,6.5,SWV,7,0.080956553574476,0.2363846966433667,1.0856095132764052,-0.0960784605620343,0.0999999999999999,1.4,-9.72704338648944e-05,0.0659195927500954,-0.0621600131227099,1.0856095132764052,-0.316145181476846,0.1051314142678347,0.087068857232422,1.0761213604148772,0.8750000000000003,val,5
dopamine,2.0,7.0,SWV,1,0.0745045206725071,0.2900393746325945,1.6195918654564136,-0.1390080891928561,0.0999999999999999,1.4,-5.734664098484005e-05,0.1149908693870093,-0.0798042049814195,1.6195918654564136,0.2007509386733416,0.0665832290362954,0.0837210155256264,1.6139817517932449,0.8095238095238102,val,0
dopamine,0.5,7.0,SWV,5,0.022521505345079,0.0804927770778851,0.4540452136603081,-0.0316095653137434,0.0999999999999999,1.4,8.577730481571766e-06,0.0332580758721203,-0.0221450967055701,0.4540452136603081,0.2025031289111388,0.0665832290362954,0.0232290170366438,0.4500159848322249,0.9000000000000019,val,0
aluminum,1.0,8.0,SWV,0,0.0457580894670123,0.1286219086396498,0.594915898720473,-0.070529485911091,0.0999999999999999,1.4,1.554384889524453e-06,0.0480102554057982,-0.059808621342382,0.594915898720473,-0.3056320400500626,0.1033792240300375,0.0463914257055064,0.5879131548054274,0.7352941176470584,val,5
ascorbic_acid,5.0,7.5,SWV,3,0.3343070464600139,0.8342375198663308,3.559322534242551,-0.336963363931325,0.0999999999999999,1.4,-0.0003842779611475,0.2117014918839271,-0.3042171008142173,3.559322534242551,0.0325406758448059,0.1226533166458072,0.3347936239122142,3.5057580909097945,1.0,val,2
copper,1.0,6.5,SWV,9,0.0369142826426961,0.1562670125610786,0.8663597312100764,-0.1426297793079436,0.0999999999999999,1.4,-2.259148661039028e-05,0.0640930579833493,-0.0518250005068865,0.8663597312100764,-0.0515644555694618,0.0613266583229036,0.0430152115565489,0.8595796110018541,0.8421052631578959,val,4
glucose,5.0,8.0,SWV,0,0.2511338070351637,0.5400091414013551,2.155333673690489,-0.2654716015288163,0.0999999999999999,1.4,1.023977467457163e-05,0.1762513762803588,-0.1938876912118582,2.155333673690489,0.4565707133917395,0.1629536921151438,0.2577358421335483,2.116497746903152,0.7884615384615371,val,3
copper,2.0,6.5,SWV,7,0.064309000581821,0.2909196344630628,1.6154120544209407,-0.3110362326017637,0.0999999999999999,1.4,-0.0001147868381857,0.1079048888133567,-0.1017693687225657,1.6154120544209407,-0.0550688360450564,0.0613266583229036,0.0802237068517989,1.6094063868451525,0.6666666666666656,val,4
aluminum,0.2,6.0,SWV,5,0.0107284928886818,0.0271379558851431,0.1228245270172976,-0.0112587058629266,0.0999999999999999,1.4,5.510714097346365e-06,0.0103264858544346,-0.007223702192926,0.1228245270172976,-0.3178973717146433,0.1033792240300375,0.0099372731943266,0.1203520929837203,0.7878787878787881,val,5
aluminum,5.0,8.0,SWV,4,0.173913196600947,0.498089367113557,2.2903113545018705,-0.2394059483718166,0.0999999999999999,1.4,-0.0001080055167334,0.1617137099650178,-0.138295318405718,2.2903113545018705,-0.3056320400500626,0.1033792240300375,0.1805261587944858,2.269374943012322,0.6857142857142854,val,5
uric_acid,10.0,6.0,SWV,1,0.3248153168228421,0.967610317158842,4.665847718666723,-0.4444558687181988,0.0999999999999999,1.4,-0.0001800141109932,0.2572422091096432,-0.2498735938619027,4.665847718666723,0.4005006257822278,0.0911138923654568,0.3259017306270338,4.625747284342617,0.8571428571428598,val,1
ascorbic_acid,10.0,7.0,SWV,1,0.5003554473125628,1.2882321549117275,5.60427184154584,-0.5935961373223233,0.0999999999999999,1.4,-0.0002360211047306,0.3334294321015493,-0.3161818945687991,5.60427184154584,0.0483103879849812,0.1191489361702128,0.5076298183543106,5.542071795368093,0.700000000000001,val,2
glucose,2.0,6.0,SWV,2,0.1189402534483774,0.2554499943367189,0.9721812075694268,-0.0854262986680382,0.0999999999999999,1.4,-2.3513995853752905e-05,0.0704610739293218,-0.0587753626998375,0.9721812075694268,0.4951188986232789,0.1612015018773467,0.1206468143807576,0.954920819059867,0.5333333333333338,val,3
aluminum,10.0,8.0,SWV,6,0.269418615206316,0.7790314490028033,3.685668197834561,-0.3526461765072358,0.0999999999999999,1.4,2.775896310343355e-05,0.2526536120809548,-0.2641247076193674,3.685668197834561,-0.3021276595744681,0.099874843554443,0.2764650099549656,3.659780337744167,0.7812500000000001,val,5
aluminum,0.5,6.5,SWV,5,0.0242749293156482,0.0663643296342581,0.3022926607600235,-0.0289570547976162,0.0999999999999999,1.4,9.860447282062591e-06,0.0253241004251344,-0.0176911344032466,0.3022926607600235,-0.3178973717146433,0.106883604505632,0.0247240743747149,0.2981650546990346,0.9677419354838696,val,5
ascorbic_acid,5.0,7.5,SWV,9,0.3320079153190183,0.8334899522099019,3.5764681426714424,-0.3249567462771771,0.0999999999999999,1.4,-0.0001029975327233,0.2213504632431189,-0.2044037097983606,3.5764681426714424,0.0307884856070087,0.1191489361702127,0.3286735049707553,3.526598973893439,0.8888888888888908,val,2
copper,1.0,7.0,SWV,2,0.0362118879414806,0.1569000132928528,0.8856389978006938,-0.1379524126167228,0.0999999999999999,1.4,-2.092111919243425e-05,0.0654255882969324,-0.0540767991484929,0.8856389978006938,-0.0410513141426783,0.0613266583229036,0.0432559030114791,0.8806708377091573,0.8421052631578959,val,4
glucose,10.0,6.5,SWV,6,0.3844464613746268,0.8248054327330666,3.081927029525235,-0.2934105742210293,0.0999999999999999,1.4,4.768810012246631e-05,0.2343279812737716,-0.2027502100071264,3.081927029525235,0.4846057571964955,0.1559449311639549,0.3793449185306997,3.0211232355630098,0.6181818181818198,val,3
glucose,2.0,7.5,SWV,2,0.1210546480038916,0.2598441898199481,1.034103210456474,-0.0883099997341635,0.0999999999999999,1.4,-2.536026795066746e-05,0.0631810919941814,-0.0628722026038389,1.034103210456474,0.4583229036295367,0.1612015018773467,0.1231764297806909,1.015794077949472,0.6428571428571411,val,3
uric_acid,0.2,6.5,SWV,3,0.0137001548978665,0.0344158263267476,0.1663572852063658,-0.0123643882895063,0.0999999999999999,1.4,-1.3231594662636474e-05,0.0092247065172212,-0.0155338052357465,0.1663572852063658,0.3812265331664579,0.0946182728410512,0.0120196124154245,0.162685747015032,0.8620689655172418,val,1
ascorbic_acid,0.2,7.0,SWV,5,0.0197349689948409,0.0454949424260387,0.1972927249376186,-0.0169698824213689,0.0999999999999999,1.4,7.831124419966778e-06,0.0176137189821404,-0.0108819752801323,0.1972927249376186,0.0500625782227783,0.1209011264080099,0.0180649818894286,0.1929609239053639,0.6829268292682918,val,2
glucose,0.1,8.0,SWV,0,0.0091136102864782,0.014817138420879,0.0616385452276752,-0.0057882610475586,0.0999999999999999,1.4,2.759173291733525e-06,0.0049954241169315,-0.0055026482799753,0.0616385452276752,0.4565707133917395,0.1629536921151438,0.0070527404636162,0.0582088618883314,0.7884615384615371,val,3
copper,0.1,7.0,SWV,1,0.0050948764835331,0.0168768952953514,0.0966571225819823,-0.0150695684491382,0.0999999999999999,1.4,-1.216192761682841e-06,0.0068137386251117,-0.0056239867595935,0.0966571225819823,-0.0392991239048811,0.0595744680851064,0.0045720202453073,0.0949486647816601,0.7894736842105242,val,4
dopamine,0.5,7.0,SWV,2,0.0222249214256671,0.0798517414874702,0.4455706638447617,-0.0301911408803386,0.0999999999999999,1.4,-8.72342500577036e-06,0.0367703535783477,-0.0225227694735183,0.4455706638447617,0.2025031289111388,0.0665832290362954,0.0230323394121675,0.441852258870608,0.9000000000000019,val,0
dopamine,0.5,7.0,SWV,3,0.0228713558818902,0.0801079570964173,0.4485118342627127,-0.0326300854791968,0.0999999999999999,1.4,-3.525505652313535e-05,0.0292341150348199,-0.0302875572974379,0.4485118342627127,0.2007509386733416,0.0665832290362954,0.0230600035284105,0.4438832658980302,0.8095238095238102,val,0
aluminum,0.5,7.5,SWV,4,0.0245307774699317,0.0669119018118791,0.3099727350078029,-0.0305732726874351,0.0999999999999999,1.4,-1.2352947370775054e-05,0.022125582867564,-0.0185945288174455,0.3099727350078029,-0.3126408010012516,0.1016270337922402,0.0239072653923884,0.3060104849447547,0.7058823529411764,val,5
copper,0.2,6.5,SWV,7,0.0085795444685887,0.0332969006232689,0.1860731938802859,-0.033889566075089,0.0999999999999999,1.4,-1.0967195823014336e-05,0.0123565556873394,-0.011634860409805,0.1860731938802859,-0.0550688360450564,0.0613266583229036,0.0091866615702125,0.1842326036525408,0.6666666666666656,val,4
glucose,5.0,7.5,SWV,9,0.2516069697746878,0.5374229179580323,2.1529624519250024,-0.2073599850532088,0.0999999999999999,1.4,-6.247761903528112e-05,0.1477792648538095,-0.128416292365443,2.1529624519250024,0.4705882352941176,0.1594493116395494,0.2523210148552495,2.112021404383225,0.8958333333333346,val,3
ascorbic_acid,5.0,6.5,SWV,6,0.3244401523337831,0.8157575892086604,3.4685642650023336,-0.2929712842662342,0.0999999999999999,1.4,3.666057657611132e-05,0.2328827074224651,-0.2064667555193471,3.4685642650023336,0.076345431789737,0.1191489361702127,0.3249502050747347,3.423841358826755,0.9428571428571422,val,2
uric_acid,1.0,6.0,SWV,5,0.0565524284636376,0.1603006429910694,0.7653234586599108,-0.0594630700277551,0.0999999999999999,1.4,1.859668496509216e-05,0.0576295863187491,-0.0404304293512851,0.7653234586599108,0.4075093867334166,0.0963704630788486,0.0562891230763445,0.7559810908381636,0.896551724137934,val,1
ascorbic_acid,10.0,7.5,SWV,2,0.5079589557299373,1.2971088127232044,5.481526772277905,-0.4751800537875462,0.0999999999999999,1.4,-0.000144574387076,0.3531157465647409,-0.2968620843967353,5.481526772277905,0.0395494367959949,0.1226533166458072,0.5209177556413429,5.406330548593812,0.8421052631578929,val,2
uric_acid,5.0,7.0,SWV,3,0.2196374810511312,0.6338463647963368,2.956137616859097,-0.2531100576330998,0.0999999999999999,1.4,-0.0002828425134365,0.1904384079706098,-0.2755760663347583,2.956137616859097,0.3409261576971213,0.0981226533166457,0.2272968020381038,2.92267077249317,0.5135135135135137,val,1
aluminum,10.0,6.5,SWV,9,0.2672580351248512,0.76394246306,3.441918846063217,-0.30556837880645,0.0999999999999999,1.4,-0.0001105832142929,0.2072563348207378,-0.2769032250694927,3.441918846063217,-0.3143929912390488,0.1033792240300375,0.2778784632832976,3.404806505007842,0.8437500000000018,val,5
uric_acid,0.5,7.5,SWV,0,0.0308738921664268,0.0861438482474924,0.4137317531989316,-0.0394044022627237,0.0999999999999999,1.4,2.009590500378286e-06,0.03187391399054,-0.0313035874792432,0.4137317531989316,0.3216520650813516,0.0946182728410512,0.0298021872942611,0.4081000561692871,0.7419354838709666,val,1
uric_acid,2.0,7.5,SWV,5,0.1065562318641542,0.3065235685816743,1.4590614082909037,-0.1120006582393191,0.0999999999999999,1.4,3.324110337875275e-05,0.1052275726863289,-0.0898907678757703,1.4590614082909037,0.3321652065081351,0.092866082603254,0.1050233427340901,1.441340281002126,0.8928571428571437,val,1
copper,0.1,6.0,SWV,1,0.0050603679309076,0.0167175057900658,0.0960545566482454,-0.0159128954902425,0.0999999999999999,1.4,-1.1362184497284142e-06,0.0069065540828127,-0.0045885763656023,0.0960545566482454,-0.0550688360450564,0.0630788485607009,0.0046843003935694,0.094387458394496,0.8947368421052587,val,4
copper,10.0,7.5,SWV,5,0.2148980301701937,0.9450685124347468,5.716855531661759,-0.7925468090838543,0.0999999999999999,1.4,7.691449578933355e-05,0.3737839361273813,-0.3311316458493574,5.716855531661759,-0.0392991239048811,0.0595744680851063,0.2569801855036914,5.68284685758436,0.8888888888888908,val,4
glucose,5.0,7.0,SWV,9,0.2501150676932974,0.5341220976132771,2.118243749993958,-0.2061062228125159,0.0999999999999999,1.4,-6.170164051864536e-05,0.1442848529334204,-0.1276552431421422,2.118243749993958,0.4705882352941176,0.1489361702127658,0.2379375058286194,2.077495185077529,0.5740740740740751,val,3
glucose,5.0,7.0,SWV,0,0.2481753724214392,0.5339096263057872,2.086786972099514,-0.2651572351859392,0.0999999999999999,1.4,1.0746771851972372e-05,0.1738480972161017,-0.1915861149190215,2.086786972099514,0.4846057571964955,0.143679599499374,0.232505393331366,2.046629343212448,0.8636363636363645,val,3
aluminum,5.0,6.5,SWV,2,0.1692750545886821,0.490013800597226,2.194475411942969,-0.2150656245418473,0.0999999999999999,1.4,-6.331280240166403e-05,0.1275869566208816,-0.1640987828109061,2.194475411942969,-0.3126408010012516,0.1033792240300375,0.1784183959169814,2.1720287893092176,0.7352941176470591,val,5
copper,1.0,6.5,SWV,1,0.0357540807142562,0.1559390494900761,0.8769109573883319,-0.1578844044554732,0.0999999999999999,1.4,-3.140118445668687e-05,0.0652604002607534,-0.0472333472876357,0.8769109573883319,-0.0550688360450564,0.0648310387984981,0.0443825992719987,0.8720722277405096,0.681818181818181,val,4
aluminum,0.1,6.5,SWV,6,0.006128902456357,0.0138653480459961,0.0631893633916465,-0.0045537166890876,0.0999999999999999,1.4,3.002728943878324e-06,0.0045318439888118,-0.0044154647070601,0.0631893633916465,-0.3021276595744681,0.1103879849812264,0.0052807951447066,0.0613744684663104,0.5749999999999994,val,5
dopamine,1.0,8.0,SWV,9,0.042977235148445,0.1571631336144046,0.838336051061706,-0.0697484457571295,0.0999999999999999,1.4,-2.111082408200772e-05,0.0646108762156222,-0.0572281231039632,0.838336051061706,0.1516896120150187,0.0718397997496871,0.0474523911006335,0.8297912628142248,0.9523809523809518,val,0
aluminum,0.1,7.0,SWV,3,0.0062083837033927,0.0138657623581319,0.0649551564089916,-0.0053661149234738,0.0999999999999999,1.4,-4.617598809353074e-06,0.0041520283487853,-0.0054162721318691,0.0649551564089916,-0.3108886107634543,0.1051314142678347,0.0050755872559819,0.0629554010507885,0.8749999999999986,val,5
aluminum,10.0,6.5,SWV,4,0.2665592422683217,0.7658988411703322,3.508292463584566,-0.3688960983511124,0.0999999999999999,1.4,-0.000167308912906,0.2509547823368578,-0.2237540672064892,3.508292463584566,-0.3126408010012516,0.1051314142678347,0.2815284285917913,3.4747088963750072,0.7647058823529418,val,5
uric_acid,1.0,8.0,SWV,6,0.0586577617998369,0.1662499113039812,0.7952240665163451,-0.0581303189020366,0.0999999999999999,1.4,7.131181767868105e-06,0.0445053385367283,-0.0464822108374878,0.7952240665163451,0.3111389236545681,0.0981226533166458,0.0595632278938348,0.786266805753557,0.6969696969696987,val,1
ascorbic_acid,1.0,6.5,SWV,3,0.0862936400226233,0.2125294575412025,0.9014592519384886,-0.0831561761016143,0.0999999999999999,1.4,-9.524328060101186e-05,0.059883869011323,-0.0766730870865624,0.9014592519384886,0.0605757196495618,0.1244055068836045,0.0868742221024469,0.8870244836487735,0.5777777777777781,val,2
uric_acid,1.0,6.5,SWV,7,0.0555406670854278,0.1619766752501361,0.7516336646905988,-0.0576876511398945,0.0999999999999999,1.4,-5.8415335476616575e-05,0.0361307507996557,-0.0433445485350112,0.7516336646905988,0.3847309136420525,0.0963704630788485,0.0573132224201837,0.744219558957587,0.7187499999999987,val,1
aluminum,5.0,8.0,SWV,6,0.1736976180493001,0.5008580693965307,2.370048381110448,-0.2262395566143971,0.0999999999999999,1.4,1.8759059327121945e-05,0.1624478557685578,-0.1698160099050943,2.370048381110448,-0.3021276595744681,0.099874843554443,0.1777628312001538,2.353111406186431,0.7812500000000001,val,5
copper,2.0,6.5,SWV,8,0.0672480711305404,0.2879903683580825,1.6153754848532855,-0.24819287744265,0.0999999999999999,1.4,9.57164243096706e-05,0.1104852087890621,-0.1194621728331708,1.6153754848532855,-0.0515644555694618,0.0630788485607009,0.0803872977105689,1.6042416690726595,0.8000000000000006,val,4
glucose,2.0,8.0,SWV,1,0.1212205663526148,0.2607414113561683,1.0311140301365618,-0.0968722782502402,0.0999999999999999,1.4,-4.513024723563907e-05,0.0687400248738735,-0.0565845243276407,1.0311140301365618,0.4548185231539422,0.1612015018773466,0.1234970071439475,1.012128776669375,0.8399999999999992,val,3
copper,0.1,7.5,SWV,8,0.0052267608480547,0.0168779677601693,0.1042098924337668,-0.0122490257943468,0.0999999999999999,1.4,8.455170630726682e-06,0.0067664242306287,-0.0079799568224177,0.1042098924337668,-0.0357947434292866,0.0595744680851063,0.0045924558004311,0.1023463678294557,0.8888888888888908,val,4
glucose,10.0,7.0,SWV,7,0.3778688914366204,0.8362422148056967,3.2576162530701143,-0.3015366658510375,0.0999999999999999,1.4,-0.0003159528794348,0.1998701236541889,-0.204946368262987,3.2576162530701143,0.4846057571964955,0.1559449311639549,0.3852812308089896,3.1997329855864507,0.893617021276597,val,3
glucose,1.0,7.0,SWV,3,0.0668695478103165,0.1388565181274135,0.5555896164616146,-0.0529753932088022,0.0999999999999999,1.4,-6.247846214660508e-05,0.0390730807667094,-0.0542382114163551,0.5555896164616146,0.481101376720901,0.143679599499374,0.0605212017518987,0.5428763500603924,0.8222222222222225,val,3
aluminum,0.2,6.0,SWV,7,0.0104453449494225,0.0269815034822715,0.1230626241691595,-0.0102882050065332,0.0999999999999999,1.4,-8.874958214340084e-06,0.0074487422439876,-0.0070773979050995,0.1230626241691595,-0.316145181476846,0.1051314142678347,0.0099861694250829,0.1207997792850752,0.7647058823529402,val,5
dopamine,0.2,6.5,SWV,3,0.0103145934403059,0.0322846595424537,0.1720988300267611,-0.0168973187420076,0.0999999999999999,1.4,-1.2181867270233764e-05,0.0095804868984577,-0.0118976707381347,0.1720988300267611,0.2410513141426782,0.0735919899874844,0.0099029579693897,0.1687274019651848,0.680000000000001,val,0
dopamine,0.1,6.0,SWV,1,0.0058772310208187,0.0160837710393788,0.0907562526210466,-0.0066401311758257,0.0999999999999999,1.4,-8.728684460400956e-07,0.0062577481615884,-0.005882763224953,0.0907562526210466,0.2620775969962452,0.064831038798498,0.0045727005459221,0.0886002819953622,0.9473684210526307,val,0
dopamine,10.0,7.5,SWV,0,0.2427817506202061,0.9428046406459198,5.314201768109235,-0.523562848316655,0.0999999999999999,1.4,-2.4314766709280304e-05,0.3384509218259731,-0.4324245456934847,5.314201768109235,0.1762202753441801,0.0613266583229036,0.2584329100744479,5.279337461235769,0.9444444444444472,val,0
glucose,5.0,8.0,SWV,2,0.2498721176096952,0.5414002483149559,2.173653373581389,-0.1859205931082544,0.0999999999999999,1.4,-5.575758415353361e-05,0.1207051811276911,-0.1358055327352013,2.173653373581389,0.4583229036295367,0.157697121401752,0.2533880478218634,2.1381271032239946,0.8367346938775502,val,3
dopamine,0.5,6.5,SWV,7,0.021573338055455,0.0783032099924758,0.4144826432463059,-0.0411237059855514,0.0999999999999999,1.4,-2.7403751135811087e-05,0.0260880690136234,-0.0289677905546153,0.4144826432463059,0.2375469336670838,0.0700876095118898,0.0233556460575909,0.4108238866546208,0.7391304347826059,val,0
uric_acid,0.2,6.0,SWV,8,0.0134680496682476,0.0339297729709296,0.1629734980839173,-0.0110689399975187,0.0999999999999999,1.4,1.4704942852068996e-05,0.0101186078919637,-0.0094172646772363,0.1629734980839173,0.4057571964956193,0.0893617021276595,0.0112922970241618,0.1595139468081476,0.961538461538466,val,1
aluminum,0.2,8.0,SWV,1,0.0107024810959786,0.0275100200197754,0.1280547185033656,-0.0128211310184684,0.0999999999999999,1.4,-3.327299642145698e-06,0.0100429032867173,-0.0082706122527509,0.1280547185033656,-0.3091364205256571,0.106883604505632,0.0101681831240524,0.1254464436253333,0.605263157894737,val,5
dopamine,10.0,8.0,SWV,1,0.2422689165707736,0.9521034248572344,4.989294151275022,-0.5092162954991392,0.0999999999999999,1.4,-0.0001892054440338,0.3068870044031458,-0.2910662995078599,4.989294151275022,0.1464330413016269,0.0753441802252815,0.2957027937229148,4.958638849423027,0.7916666666666665,val,0
glucose,0.5,7.5,SWV,7,0.0349007637686242,0.0725894052793457,0.2798694972154625,-0.0243960310650352,0.0999999999999999,1.4,-2.5402680247251677e-05,0.0175012372448858,-0.017503703818138,0.2798694972154625,0.4846057571964955,0.1594493116395495,0.0339844837657759,0.2728977727785664,0.8571428571428568,val,3
aluminum,0.5,7.5,SWV,5,0.0244586612708004,0.06690232671256,0.3103169734855171,-0.0291968034757092,0.0999999999999999,1.4,9.918609161252987e-06,0.0255272353832784,-0.0176732905979404,0.3103169734855171,-0.3038798498122653,0.099874843554443,0.0236471839599054,0.3062976414528674,0.9655172413793108,val,5
uric_acid,1.0,7.5,SWV,9,0.0583540053006323,0.1661293316330794,0.7991482937572211,-0.0629329626168248,0.0999999999999999,1.4,-1.9359428803781744e-05,0.0479909359040847,-0.0457580647714431,0.7991482937572211,0.3216520650813516,0.0911138923654568,0.0562234952032605,0.7908805749219018,0.6774193548387099,val,1
glucose,0.1,6.0,SWV,0,0.0089494950699207,0.0145336710944446,0.0563957496574512,-0.0056056464865233,0.0999999999999999,1.4,2.8050878120521326e-06,0.004810347086276,-0.0053083286145698,0.0563957496574512,0.5143929912390487,0.1612015018773467,0.0068272246426922,0.0530392692046754,0.8775510204081642,val,3
copper,10.0,6.5,SWV,6,0.2133598870171023,0.9326546018073292,5.187958868862532,-0.9075520270947076,0.0999999999999999,1.4,2.6861152080628546e-06,0.3615698510974994,-0.3692269263916444,5.187958868862532,-0.0498122653316646,0.0648310387984981,0.2657083443280794,5.161727718723527,0.9473684210526342,val,4
aluminum,0.5,7.5,SWV,6,0.0245017259159884,0.0672567577129947,0.3172748450634853,-0.0269820066886685,0.0999999999999999,1.4,4.729957637104928e-06,0.021845723259025,-0.0223072094158395,0.3172748450634853,-0.3021276595744681,0.0981226533166457,0.023576403633495,0.3140005162354622,0.9310344827586208,val,5
dopamine,0.1,6.5,SWV,7,0.005878136224408,0.0160821898906549,0.0866897316742933,-0.0071933797351096,0.0999999999999999,1.4,-3.721424590210755e-06,0.0054082718350525,-0.0059929008275609,0.0866897316742933,0.2375469336670838,0.0700876095118898,0.0047991633092917,0.0845164547209664,0.7391304347826059,val,0
ascorbic_acid,0.1,6.5,SWV,1,0.0106118626444664,0.0228150742353105,0.0966900585009384,-0.0087586761983712,0.0999999999999999,1.4,-1.7369824804450498e-06,0.0060221925217056,-0.0055570051333341,0.0966900585009384,0.0605757196495618,0.1226533166458072,0.0092194829564656,0.0937550141987017,0.5909090909090914,val,2
aluminum,2.0,7.5,SWV,4,0.0843517563362055,0.239591670276911,1.106830567086896,-0.1141909754048295,0.0999999999999999,1.4,-5.065297887926912e-05,0.0791063342916554,-0.0665223815486658,1.106830567086896,-0.3126408010012516,0.1016270337922402,0.0855889225714423,1.0957975562088889,0.7058823529411764,val,5
ascorbic_acid,0.1,7.0,SWV,3,0.0109465066829313,0.0230268061688259,0.0999395069408252,-0.0079157766697265,0.0999999999999999,1.4,-8.307289882615023e-06,0.0059468093627942,-0.0085701721584226,0.0999395069408252,0.0605757196495618,0.1226533166458072,0.0092587239130102,0.0967921791009251,1.0,val,2
dopamine,1.0,7.5,SWV,9,0.0424819388473006,0.1553853675804658,0.8674161858505189,-0.0939585065927006,0.0999999999999999,1.4,-2.13244228883506e-05,0.0515929648935385,-0.0647028730004421,0.8674161858505189,0.1762202753441801,0.0630788485607009,0.0434220160152719,0.8587880134939883,0.894736842105265,val,0
aluminum,10.0,6.0,SWV,8,0.265363902567857,0.7614897870972995,3.519531889030316,-0.3427367452329632,0.0999999999999999,1.4,0.0002978728140678,0.2485273962650522,-0.2319516611511582,3.519531889030316,-0.3196495619524405,0.1016270337922403,0.2743800123133474,3.4820336450063447,0.8709677419354833,val,5
glucose,5.0,7.5,SWV,1,0.2472820919057286,0.5368949055235986,2.1371034159819198,-0.2008681175154028,0.0999999999999999,1.4,-9.531747760963754e-05,0.1414094697068016,-0.1175049223501027,2.1371034159819198,0.4688360450563203,0.1576971214017521,0.2498827254252819,2.0985544361752506,0.8367346938775515,val,3
dopamine,0.5,6.5,SWV,1,0.0218455660104651,0.0793376178504508,0.4150063494259402,-0.038180534373623,0.0999999999999999,1.4,-1.3521980977513718e-05,0.0253124685157557,-0.0299663093711358,0.4150063494259402,0.232290362953692,0.0735919899874844,0.0243735535117402,0.4108746730406676,0.909090909090908,val,0
dopamine,5.0,6.5,SWV,9,0.1548163261708719,0.5864954674000977,3.110426518604484,-0.386999602890148,0.0999999999999999,1.4,-8.531549227092761e-05,0.2205333208888442,-0.1933232057256809,3.110426518604484,0.2340425531914892,0.0718397997496871,0.1767317866298007,3.078481294893375,0.9523809523809518,val,0
uric_acid,2.0,6.5,SWV,2,0.1035602131382107,0.3021182106745427,1.3814287344596816,-0.1095549649397641,0.0999999999999999,1.4,-3.356045006871818e-05,0.0676353777191946,-0.0743622791056694,1.3814287344596816,0.3812265331664579,0.0981226533166458,0.1081879290004697,1.3668869647639004,0.8666666666666671,val,1
glucose,0.5,6.5,SWV,8,0.0352967881101958,0.0712288975621195,0.2775668812796739,-0.024135398792755,0.0999999999999999,1.4,3.123046592153629e-05,0.0202482010373788,-0.0186943185411327,0.2775668812796739,0.4775969962453065,0.1506883604505631,0.032025402283134,0.27024044094198,0.5087719298245615,val,3
copper,0.1,6.0,SWV,6,0.0051658534952296,0.0166707163674638,0.0939255757924706,-0.0135920219410649,0.0999999999999999,1.4,2.548685111495572e-06,0.0062429946095691,-0.0063359305594481,0.0939255757924706,-0.0603254067584481,0.0648310387984981,0.0047451300282206,0.0920833561148896,0.681818181818181,val,4
ascorbic_acid,1.0,7.5,SWV,8,0.0871892721043607,0.2166732469875583,0.9116847539884174,-0.081470306740458,0.0999999999999999,1.4,8.46481590839044e-05,0.0624491856743093,-0.0702708436890679,0.9116847539884174,0.0395494367959949,0.1261576971214018,0.088691151931938,0.8976753898315948,0.8947368421052619,val,2
ascorbic_acid,5.0,6.5,SWV,2,0.3207757743543872,0.8158727732806109,3.40605187428667,-0.2970434883044962,0.0999999999999999,1.4,-8.985944332775276e-05,0.182182026549986,-0.1893868540244833,3.40605187428667,0.0588235294117646,0.1209011264080099,0.327034910139122,3.360728364389938,0.4999999999999993,val,2
aluminum,0.1,7.5,SWV,6,0.0061668834981044,0.0139962903816784,0.0670025241340041,-0.0045990550387838,0.0999999999999999,1.4,3.00688936635668e-06,0.0045688855468254,-0.0046506143786029,0.0670025241340041,-0.3021276595744681,0.0981226533166457,0.0048895187073346,0.0651501087776928,0.9310344827586208,val,5
glucose,5.0,7.0,SWV,7,0.2436995701806744,0.5375264273206274,2.094840808017352,-0.1929213967984262,0.0999999999999999,1.4,-0.0002022698079728,0.1285279431498224,-0.1317696023121677,2.094840808017352,0.4846057571964955,0.1559449311639549,0.2476306159397728,2.056666910135463,0.893617021276597,val,3
copper,0.5,7.0,SWV,2,0.0194746753799201,0.0815084736215011,0.4607449814491359,-0.0707190788057471,0.0999999999999999,1.4,-9.662003516726468e-06,0.0339896290682248,-0.0280989657666374,0.4607449814491359,-0.0410513141426783,0.0613266583229036,0.0224674663175046,0.4574282394154821,0.8421052631578959,val,4
aluminum,0.5,6.0,SWV,3,0.0245077270144458,0.0661089123673402,0.2972509105685815,-0.0282105512746063,0.0999999999999999,1.4,-3.087653520565305e-05,0.0181501618665541,-0.0255062564653701,0.2972509105685815,-0.3196495619524405,0.106883604505632,0.0247128507840203,0.2926307895610056,0.8484848484848475,val,5
copper,5.0,6.5,SWV,9,0.1383829008920977,0.6024926587416571,3.3364842788643125,-0.555517574214213,0.0999999999999999,1.4,-9.42629531718912e-05,0.2470867637218721,-0.1997757864936681,3.3364842788643125,-0.0515644555694618,0.0613266583229036,0.1658910167537525,3.315096492567419,0.8421052631578959,val,4
ascorbic_acid,2.0,7.0,SWV,4,0.15929109532456,0.3948095707417837,1.7262474023902443,-0.1711812228988443,0.0999999999999999,1.4,-7.565549708253738e-05,0.1174166975891222,-0.1087584685550258,1.7262474023902443,0.0413016270337921,0.1261576971214016,0.1616821812693086,1.7002795750856268,0.5652173913043466,val,2
ascorbic_acid,2.0,6.5,SWV,5,0.157321551947278,0.3949619596053714,1.6379545520074887,-0.1526090630798597,0.0999999999999999,1.4,4.7417670747220695e-05,0.1421426513696835,-0.0977340701651917,1.6379545520074887,0.0623279098873591,0.1209011264080099,0.1588215557320175,1.6160907036515348,0.5681818181818183,val,2
aluminum,0.1,8.0,SWV,2,0.0061172967611591,0.0139245854240431,0.0641422585432893,-0.0047601518508348,0.0999999999999999,1.4,6.414942984878579e-07,0.0036404108596547,-0.0042116294408009,0.0641422585432893,-0.3073842302878598,0.0963704630788485,0.0048046740061722,0.0622799922016952,0.7187500000000003,val,5
glucose,10.0,7.5,SWV,8,0.3892882181098687,0.8333395589267074,3.293961709797409,-0.3184524763178565,0.0999999999999999,1.4,0.0003374852807603,0.2370381464059386,-0.2188773316903495,3.293961709797409,0.4775969962453065,0.1594493116395494,0.3913371824076152,3.23240582025331,0.9782608695652198,val,3
dopamine,1.0,6.0,SWV,7,0.0393226766034975,0.1495764709943663,0.8370600354783616,-0.0786220908470335,0.0999999999999999,1.4,-5.664803642693195e-05,0.0542382502253041,-0.0527200625348681,0.8370600354783616,0.2585732165206507,0.064831038798498,0.0426032341966779,0.8332208244912725,0.8499999999999981,val,0
ascorbic_acid,5.0,8.0,SWV,7,0.3259247746478088,0.8430990246866807,3.4401698903316857,-0.290365093797009,0.0999999999999999,1.4,-0.0003055834707215,0.191726877501497,-0.1901643845051184,3.4401698903316857,0.0080100125156444,0.1209011264080099,0.3390430608178693,3.401209317995946,0.7249999999999996,val,2
ascorbic_acid,0.5,6.5,SWV,7,0.0440952444755252,0.1099361609852587,0.4674376652041307,-0.038282480578507,0.0999999999999999,1.4,-3.93198797408955e-05,0.0316255979965177,-0.0270016481512686,0.4674376652041307,0.0570713391739674,0.1209011264080099,0.0442549784154094,0.4610431055234089,0.5000000000000013,val,2
uric_acid,0.5,8.0,SWV,9,0.0314248201446787,0.0867791779258537,0.4036975393374615,-0.0313295560780532,0.0999999999999999,1.4,-8.822294142033473e-06,0.0247739194435595,-0.0216011689494319,0.4036975393374615,0.3111389236545681,0.0981226533166458,0.0312046535451998,0.3984662352479411,0.6969696969696987,val,1
copper,0.1,7.0,SWV,6,0.0052037465908038,0.0168362856516818,0.0979525891533561,-0.0145049817229401,0.0999999999999999,1.4,2.5869422793200483e-06,0.0071243265671568,-0.0070244340070645,0.0979525891533561,-0.0428035043804756,0.0595744680851063,0.0045563929025973,0.0961055685464322,0.8888888888888908,val,4
ascorbic_acid,0.5,6.5,SWV,5,0.0451662516922896,0.110154431439175,0.4581348901256861,-0.0416931352939977,0.0999999999999999,1.4,1.5093932713922884e-05,0.0397111971932223,-0.027296828512083,0.4581348901256861,0.0623279098873591,0.1209011264080099,0.0442850321328228,0.4506769690807191,0.5681818181818183,val,2
uric_acid,5.0,6.5,SWV,6,0.2152877598050879,0.6268198059906026,2.977202029538847,-0.2259203610517554,0.0999999999999999,1.4,2.0935722596275627e-05,0.2337326651671217,-0.1748020777699068,2.977202029538847,0.3812265331664579,0.0946182728410512,0.2194524792506915,2.951090587103613,0.8620689655172418,val,1
uric_acid,5.0,6.5,SWV,1,0.211385416084424,0.6288151509140846,2.9303258849915346,-0.2861585487934951,0.0999999999999999,1.4,-0.0001153839754195,0.1797700644250617,-0.1735839473493042,2.9303258849915346,0.3829787234042552,0.0963704630788485,0.2228350764618136,2.904036422249652,0.8333333333333334,val,1
glucose,5.0,7.5,SWV,2,0.2484014238843479,0.5384406668593201,2.140100161422969,-0.1848058872503139,0.0999999999999999,1.4,-5.519937856155848e-05,0.1308106886625174,-0.1301335677471544,2.140100161422969,0.4583229036295367,0.1612015018773467,0.2552166282106856,2.1044714802321765,0.6428571428571411,val,3
copper,10.0,7.5,SWV,1,0.2092585887086168,0.9461045905968593,5.514280575861541,-0.9193876910680574,0.0999999999999999,1.4,-0.0002089220179793,0.3520855787470139,-0.336521872553591,5.514280575861541,-0.0392991239048811,0.0595744680851063,0.257740743550598,5.492884529749157,0.8888888888888908,val,4
uric_acid,1.0,6.0,SWV,3,0.0572670758700018,0.1612096535802953,0.764406374855544,-0.0629897702955052,0.0999999999999999,1.4,-7.094151563952728e-05,0.0552684063916001,-0.064035351567562,0.764406374855544,0.4127659574468084,0.0963704630788484,0.0564574952842255,0.7542758147847967,0.774193548387094,val,1
dopamine,0.2,7.0,SWV,4,0.0103156283949272,0.0326196416988757,0.1838473667487289,-0.0129719779050807,0.0999999999999999,1.4,-4.669498790353683e-06,0.0113226235035625,-0.0102057657541729,0.1838473667487289,0.2025031289111388,0.0683354192740927,0.0095553724188199,0.1810421654913571,0.8571428571428584,val,0
copper,10.0,7.5,SWV,9,0.2166687049772895,0.9502598428260376,5.729969118018421,-0.8269268306800205,0.0999999999999999,1.4,-0.0001526551874107,0.3510394851270879,-0.3347454686986282,5.729969118018421,-0.0375469336670839,0.0560700876095118,0.2485495429588885,5.695995129842716,0.999999999999996,val,4
uric_acid,1.0,7.5,SWV,8,0.0581922173714248,0.1663080607607972,0.8010343596744012,-0.0616083396981677,0.0999999999999999,1.4,6.099560163843982e-05,0.0486802019710986,-0.0545539648014442,0.8010343596744012,0.3251564455569461,0.0911138923654568,0.0562466067000761,0.7912657760269873,0.7931034482758638,val,1
aluminum,1.0,6.0,SWV,0,0.0450571028837709,0.1265976848028726,0.5688981134499992,-0.0689336232026492,0.0999999999999999,1.4,1.49229330292103e-06,0.0469857464582144,-0.0549993698929388,0.5688981134499992,-0.3126408010012516,0.1051314142678347,0.046804037973702,0.5617499761688859,0.6666666666666661,val,5
dopamine,10.0,6.5,SWV,6,0.2387945292292522,0.9136715356276012,4.831110069113485,-0.5208857808520495,0.0999999999999999,1.4,4.040870685476788e-06,0.3210357450938141,-0.296934677244712,4.831110069113485,0.2340425531914892,0.0735919899874844,0.2809940659760169,4.803161472521246,1.0,val,0
dopamine,5.0,7.0,SWV,4,0.1562978400053359,0.5931902250761906,3.3093654970047983,-0.2733346566139057,0.0999999999999999,1.4,-0.000127214947306,0.2056434681021786,-0.1845967865274308,3.3093654970047983,0.2025031289111388,0.0683354192740927,0.1738680028004992,3.2914776183596817,0.8571428571428584,val,0
uric_acid,10.0,7.5,SWV,7,0.3300411099558156,0.9874196539907028,4.614202393326536,-0.3657055441515061,0.0999999999999999,1.4,-0.0003714495543646,0.2608229169906811,-0.239218696606987,4.614202393326536,0.3216520650813516,0.0981226533166458,0.3501746811656248,4.579091881203168,0.749999999999999,val,1
glucose,2.0,6.5,SWV,7,0.1181030198993939,0.2579871344330635,0.9993740213699862,-0.0906596958121501,0.0999999999999999,1.4,-9.481927463965576e-05,0.0612332316923114,-0.0644103213079984,0.9993740213699862,0.4846057571964955,0.1524405506883603,0.1168658035041861,0.9799128690930226,0.6111111111111127,val,3
uric_acid,5.0,7.5,SWV,3,0.2216239554133671,0.6404718485746973,3.040964783475677,-0.2576036848170476,0.0999999999999999,1.4,-0.0002882842191175,0.1717991879836463,-0.2542487897222363,3.040964783475677,0.3216520650813516,0.0946182728410512,0.2215235596430845,3.0076061976374264,0.6874999999999982,val,1
copper,2.0,8.0,SWV,1,0.066221800268391,0.2955525976657022,1.714632997915531,-0.2628491782543593,0.0999999999999999,1.4,-6.355333664782841e-05,0.1057786338670231,-0.1075787513009898,1.714632997915531,-0.0392991239048811,0.0578222778473092,0.07916245501521,1.7063957176428628,0.6500000000000019,val,4
copper,0.1,7.5,SWV,5,0.0052121600113913,0.016963682846598,0.1039029178228932,-0.0122849078177908,0.0999999999999999,1.4,3.895681452023223e-06,0.0067419652130724,-0.0059156880126721,0.1039029178228932,-0.0392991239048811,0.0595744680851063,0.004620096582319,0.1020718914090343,0.8888888888888908,val,4
glucose,5.0,8.0,SWV,6,0.2523927916799466,0.5393524694348523,2.071857715817885,-0.1924948544956028,0.0999999999999999,1.4,3.127375795488822e-05,0.1603407241091795,-0.1338324587598318,2.071857715817885,0.4635794743429285,0.1664580725907384,0.2608672361187061,2.03300763203865,0.9,val,3
ascorbic_acid,2.0,6.0,SWV,6,0.1559849158688163,0.3897834768015739,1.6519633601603976,-0.1384697457639927,0.0999999999999999,1.4,1.8591033987151728e-05,0.110702868263565,-0.0993354404659422,1.6519633601603976,0.1061326658322903,0.1279098873591989,0.1618246657697178,1.6288211406360389,0.6976744186046516,val,2
ascorbic_acid,1.0,8.0,SWV,7,0.0858283750211985,0.2186514861780488,0.8934845229519829,-0.0745829621846609,0.0999999999999999,1.4,-7.74808197767643e-05,0.0497602817811402,-0.0493263069037904,0.8934845229519829,0.0080100125156444,0.1209011264080099,0.087955673264608,0.8823321211479803,0.7249999999999996,val,2
copper,10.0,6.0,SWV,9,0.2134134932196788,0.9318167581571052,5.157072069939606,-0.8339368313461962,0.0999999999999999,1.4,-0.0001472516165302,0.4058991482435409,-0.307849583939034,5.157072069939606,-0.0568210262828535,0.0665832290362953,0.2703394013885243,5.132795044845135,0.8095238095238126,val,4
dopamine,1.0,7.0,SWV,0,0.0414673387270522,0.1545088694335356,0.8606766100253953,-0.0779704178233561,0.0999999999999999,1.4,-1.891672166035442e-06,0.070070682551701,-0.0607784366882221,0.8606766100253953,0.2007509386733416,0.0665832290362954,0.0445740916741931,0.8549977240647996,0.8095238095238102,val,0
copper,5.0,8.0,SWV,2,0.136918569067019,0.6127639846822148,3.603508546981968,-0.4728413632592585,0.0999999999999999,1.4,-8.976397543038553e-05,0.2434881053264133,-0.2374586950281072,3.603508546981968,-0.0357947434292866,0.0578222778473092,0.1640801056159228,3.586870572777532,0.8333333333333316,val,4
copper,0.2,6.5,SWV,3,0.0090383559038148,0.0330688829429959,0.1866490728111003,-0.0267913407633253,0.0999999999999999,1.4,-1.358917696383922e-05,0.013297143553675,-0.0130752961989309,0.1866490728111003,-0.0480600750938673,0.0630788485607009,0.0092473171761123,0.1839869387097887,0.9999999999999964,val,4
ascorbic_acid,0.5,6.5,SWV,2,0.044737085772823,0.109850639199672,0.460223593404451,-0.0384484562030251,0.0999999999999999,1.4,-9.941363593716848e-06,0.0245749049996587,-0.0255730744143233,0.460223593404451,0.0588235294117646,0.1209011264080099,0.0440488660706529,0.4527193516465327,0.4999999999999993,val,2
uric_acid,2.0,6.5,SWV,0,0.1042123065431639,0.303079585193373,1.4128843852422373,-0.1474116398928989,0.0999999999999999,1.4,5.4972123604757e-07,0.1004963804124173,-0.1095501399336056,1.4128843852422373,0.3864831038798497,0.0963704630788485,0.1071134793984415,1.3972733273797675,0.6666666666666647,val,1
glucose,0.5,6.0,SWV,7,0.0343271169186305,0.0714320793882204,0.2677853381654371,-0.0235749722835305,0.0999999999999999,1.4,-2.4153669053732095e-05,0.016861727964713,-0.0181682909041378,0.2677853381654371,0.4986232790988735,0.162953692115144,0.0338249719435182,0.2613019749647738,0.6034482758620703,val,3
aluminum,1.0,7.0,SWV,4,0.0457706808889034,0.1282404258756159,0.5947232861874876,-0.0602676522278819,0.0999999999999999,1.4,-2.595330057311389e-05,0.0425445675794798,-0.0361220904873527,0.5947232861874876,-0.3126408010012516,0.099874843554443,0.0454015819061615,0.5883026426574416,0.8999999999999998,val,5
copper,2.0,7.5,SWV,6,0.0678353124788526,0.2929433828717064,1.700960118868087,-0.269366301238464,0.0999999999999999,1.4,4.2529101742778965e-06,0.1272879521588228,-0.1242942227903299,1.700960118868087,-0.0357947434292866,0.0613266583229036,0.0811434270302605,1.6922483284739274,0.8421052631578959,val,4
aluminum,0.5,8.0,SWV,3,0.0248826408673862,0.0672057360580107,0.3072460374824154,-0.0286710750681869,0.0999999999999999,1.4,-3.1662060243578846e-05,0.0200405793568338,-0.02606588374866,0.3072460374824154,-0.2951188986232791,0.1033792240300375,0.0243519153512349,0.3027874492379627,0.9666666666666662,val,5
uric_acid,0.5,6.5,SWV,4,0.0305713492177859,0.0842930300393959,0.4000095812910868,-0.0342418891900411,0.0999999999999999,1.4,-1.4213492885728557e-05,0.0218044211806578,-0.0231165241118701,0.4000095812910868,0.3847309136420525,0.0963704630788485,0.0297980455085922,0.3945729395200748,0.7741935483870961,val,1
aluminum,0.5,6.0,SWV,5,0.0241836646207812,0.0660928263290038,0.2973745816368343,-0.0286592841172626,0.0999999999999999,1.4,9.725254367704318e-06,0.0250827711426334,-0.0175462382625311,0.2973745816368343,-0.3178973717146433,0.1033792240300375,0.0242086442085919,0.2932487512253833,0.7878787878787881,val,5
uric_acid,1.0,8.0,SWV,5,0.0585637415232885,0.1661471160003974,0.761586975654951,-0.0586383978850309,0.0999999999999999,1.4,1.8459231704988093e-05,0.0560908504263187,-0.0548230715412135,0.761586975654951,0.3006257822277847,0.0998748435544431,0.0602090703683717,0.751297814433499,0.9000000000000008,val,1
uric_acid,10.0,7.0,SWV,3,0.3406577822868105,0.9860843581591704,4.597710525995869,-0.3952210283535545,0.0999999999999999,1.4,-0.0004413156090259,0.2962295816621862,-0.4286397242489843,4.597710525995869,0.3409261576971213,0.0981226533166457,0.3536011922705642,4.546640566244107,0.5135135135135137,val,1
glucose,0.2,6.0,SWV,6,0.0156615433732637,0.0289266167595155,0.1095151650666864,-0.0082289775987967,0.0999999999999999,1.4,4.1857516791611865e-06,0.0082316964331201,-0.0071811020924115,0.1095151650666864,0.523153942428035,0.162953692115144,0.0137480189063752,0.1053653561656197,0.8979591836734657,val,3
copper,0.2,7.5,SWV,6,0.0089850229634136,0.0335217547628555,0.1957958164356681,-0.0291007419313919,0.0999999999999999,1.4,2.7406973209781235e-06,0.014567782081797,-0.0142493615013127,0.1957958164356681,-0.0357947434292866,0.0613266583229036,0.009280085641094,0.1934819481964518,0.8421052631578959,val,4
dopamine,0.2,7.5,SWV,3,0.0105361153159209,0.0330826533250477,0.1851090687868619,-0.0161455016787797,0.0999999999999999,1.4,-1.3213974719144904e-05,0.0105515569772081,-0.0125974888168995,0.1851090687868619,0.1779724655819774,0.0665832290362953,0.0095360499906548,0.1816955202013158,1.0,val,0
aluminum,0.2,7.5,SWV,4,0.0108708689086529,0.0274828179865475,0.1280131750286783,-0.0114796423202715,0.0999999999999999,1.4,-3.60734060979045e-06,0.0091143372478395,-0.0076504466359299,0.1280131750286783,-0.3126408010012516,0.1016270337922402,0.0098084848016153,0.1255278163607055,0.7058823529411764,val,5
glucose,5.0,8.0,SWV,9,0.2530968130637516,0.5408179833581822,2.131006649009129,-0.2086140363816365,0.0999999999999999,1.4,-6.307930400158649e-05,0.1521572950549525,-0.1291696248768734,2.131006649009129,0.4705882352941176,0.1612015018773466,0.2560465647178219,2.0905341970300824,0.9166666666666644,val,3
uric_acid,0.2,7.0,SWV,9,0.0137158888433736,0.0348941308104489,0.1641077495963821,-0.0114358224009641,0.0999999999999999,1.4,-2.083871424869216e-06,0.0125847369710552,-0.0110141473695229,0.1641077495963821,0.3409261576971213,0.0981226533166457,0.0125764746733034,0.1607977532484112,0.5135135135135137,val,1
ascorbic_acid,10.0,6.0,SWV,4,0.4991219105485233,1.2439641115359543,5.2890456328017095,-0.5392141297452159,0.0999999999999999,1.4,-0.0002418247975321,0.3197921879275188,-0.3475614985036812,5.2890456328017095,0.104380475594493,0.1209011264080099,0.4980367320155851,5.213500742110747,0.7249999999999996,val,2
copper,0.2,6.0,SWV,4,0.008885397414668,0.033035795905729,0.1867515654424704,-0.0284078784172917,0.0999999999999999,1.4,-5.0164649370807234e-06,0.0120776787422232,-0.0116115084651582,0.1867515654424704,-0.0533166458072591,0.0648310387984981,0.0094054841839083,0.1845476328558043,0.9473684210526342,val,4
dopamine,0.2,7.0,SWV,8,0.0103105842858359,0.032927573102736,0.1892986632469194,-0.0123734210786994,0.0999999999999999,1.4,1.3249464286098763e-05,0.0144166351124542,-0.0101113171006719,0.1892986632469194,0.2042553191489361,0.0665832290362954,0.0094898280554538,0.1866958700186095,0.9999999999999968,val,0
uric_acid,0.1,8.0,SWV,7,0.0077155841222114,0.0176122811804913,0.0832131400837101,-0.0053494052580933,0.0999999999999999,1.4,-4.169980722185493e-06,0.004639263352895,-0.0041555873105446,0.0832131400837101,0.3041301627033791,0.0963704630788485,0.0062591362531664,0.0806987914088312,0.964285714285716,val,1
glucose,5.0,6.5,SWV,2,0.2454740972649554,0.5324197623755825,2.0502126304386423,-0.1814770743408512,0.0999999999999999,1.4,-5.3215362169888295e-05,0.1441696300235154,-0.121613599337367,2.0502126304386423,0.4951188986232789,0.1454317897371715,0.2347838987450471,2.0152050349892057,0.8444444444444427,val,3
uric_acid,1.0,7.0,SWV,8,0.0576895252052781,0.1645445354323468,0.7510796588876998,-0.0605078815976336,0.0999999999999999,1.4,5.965450505611008e-05,0.0480297279444067,-0.0458039360140417,0.7510796588876998,0.3549436795994992,0.0981226533166457,0.0590710552686982,0.7417505982495077,1.0,val,1
dopamine,0.1,8.0,SWV,2,0.0061231823538307,0.0168176630965308,0.0936123016308127,-0.0074456871533897,0.0999999999999999,1.4,1.6780953291148807e-07,0.0063631252409653,-0.0058751715445786,0.0936123016308127,0.1516896120150187,0.0700876095118898,0.005015661526658,0.0913363879659362,0.9047619047619035,val,0
uric_acid,0.1,7.5,SWV,2,0.0077597781005749,0.0175328111337772,0.0848841000418995,-0.004854488244948,0.0999999999999999,1.4,3.8139995122022957e-07,0.0041585169540552,-0.004753206972129,0.0848841000418995,0.3339173967459323,0.0963704630788485,0.0061576446379809,0.0823163893648949,0.8333333333333334,val,1
dopamine,0.2,8.0,SWV,9,0.0105544066993247,0.0333784307895697,0.1795597753854246,-0.013344930672262,0.0999999999999999,1.4,-2.52338575202354e-06,0.0137605410491929,-0.0122222114918565,0.1795597753854246,0.1516896120150187,0.0718397997496871,0.0100870228074309,0.1764320399849508,0.9523809523809518,val,0
dopamine,0.2,7.5,SWV,7,0.0100817345923145,0.0329745627166951,0.1878574076728776,-0.0190046130166622,0.0999999999999999,1.4,-1.06173138764107e-05,0.0114760659943108,-0.0099603714037982,0.1878574076728776,0.1779724655819774,0.0630788485607009,0.0092375416326058,0.185449437571883,0.9999999999999964,val,0
dopamine,10.0,7.5,SWV,7,0.2356084351522145,0.9323164728152816,5.257931055858058,-0.5842721936369035,0.0999999999999999,1.4,-0.000365713927083,0.3230275748155445,-0.2812216720499561,5.257931055858058,0.1779724655819774,0.0630788485607009,0.2611364291419141,5.239332116793888,0.9999999999999964,val,0
aluminum,2.0,8.0,SWV,9,0.0849019853839835,0.2398415195952322,1.091171355612404,-0.0948030877805098,0.0999999999999999,1.4,-3.303149237013489e-05,0.0649013777929606,-0.0787126762274927,1.091171355612404,-0.3091364205256571,0.1051314142678347,0.0878058673954701,1.0783173789939922,0.5789473684210523,val,5
aluminum,1.0,8.0,SWV,7,0.0446372542571002,0.1287111027573336,0.5804407417484034,-0.0514858431812644,0.0999999999999999,1.4,-5.178945608454708e-05,0.0336196563835237,-0.0338070910248274,0.5804407417484034,-0.3073842302878598,0.1086357947434292,0.0483142221425713,0.5745766891674545,0.5897435897435901,val,5
uric_acid,5.0,7.5,SWV,1,0.2151616741955197,0.6411653423903083,3.0566747422453564,-0.2929770673524255,0.0999999999999999,1.4,-0.0001180595290166,0.1701636335535223,-0.1671536268999273,3.0566747422453564,0.3181476846057571,0.092866082603254,0.2193029992707223,3.029307352435874,0.6060606060606065,val,1
dopamine,2.0,6.0,SWV,6,0.0744133192991413,0.2796746968539364,1.591921853564081,-0.1311577545356189,0.0999999999999999,1.4,4.46800669763282e-06,0.0882722167912916,-0.0859902543158754,1.591921853564081,0.2550688360450562,0.064831038798498,0.0795000634431353,1.5830588551005955,0.681818181818183,val,0
uric_acid,2.0,7.0,SWV,0,0.1051459592658377,0.3064541000514763,1.3889119099595095,-0.1442109926954264,0.0999999999999999,1.4,4.394143601026048e-07,0.1038512284440108,-0.1101992278873022,1.3889119099595095,0.3409261576971213,0.0981226533166457,0.1100432823218289,1.3728915851556631,0.5135135135135137,val,1
dopamine,2.0,7.0,SWV,0,0.075663912520987,0.2877788313256306,1.6013135613532603,-0.1466102213123327,0.0999999999999999,1.4,-5.704124705587172e-06,0.1304626188751519,-0.1131172941860407,1.6013135613532603,0.2007509386733416,0.0665832290362954,0.0829987447121525,1.592013434884462,0.8095238095238102,val,0
copper,0.5,6.5,SWV,8,0.0197614444250301,0.0803673352206992,0.4517539796810041,-0.0678320809449367,0.0999999999999999,1.4,2.8602089959528367e-05,0.0308264159827091,-0.0333385828671686,0.4517539796810041,-0.0515644555694618,0.0630788485607009,0.0224188064473391,0.4474094840463012,0.8000000000000006,val,4
ascorbic_acid,0.1,6.5,SWV,3,0.0108543725917724,0.0227977188093265,0.0983715176297055,-0.0077715930515081,0.0999999999999999,1.4,-8.125002319715035e-06,0.006496973768367,-0.0083976877466305,0.0983715176297055,0.0605757196495618,0.1244055068836045,0.0093286399790484,0.0953146966756827,0.5777777777777781,val,2
glucose,10.0,7.5,SWV,9,0.3901661718682765,0.8360913303561929,3.348022937919745,-0.3239513642465889,0.0999999999999999,1.4,-9.856703370642202e-05,0.2298130698148958,-0.1996948860373844,3.348022937919745,0.4705882352941176,0.1594493116395494,0.3925181125555486,3.2854333434501064,0.8958333333333346,val,3
uric_acid,0.1,6.0,SWV,4,0.0076830260049961,0.0171342612222199,0.0833822921234296,-0.0052789840555936,0.0999999999999999,1.4,-9.501302140278528e-07,0.0049899102725199,-0.0049567416743618,0.0833822921234296,0.4075093867334166,0.0981226533166457,0.0060984046508582,0.0808198871414331,1.0,val,1
uric_acid,1.0,8.0,SWV,4,0.0587211881934363,0.1672102749852021,0.7707821531962686,-0.0689527569336852,0.0999999999999999,1.4,-3.0164828592380348e-05,0.0426642816339009,-0.0456907008344227,0.7707821531962686,0.3058823529411764,0.0963704630788485,0.0591690794557077,0.7609138043142218,0.8965517241379318,val,1
glucose,0.1,7.0,SWV,5,0.0090575201710575,0.0147571277934908,0.0612098932764025,-0.0040708675443102,0.0999999999999999,1.4,4.513043482576913e-06,0.0050733389598722,-0.0033572288406806,0.0612098932764025,0.4775969962453065,0.141927409261577,0.006403348496999,0.0578167391823712,0.6875000000000011,val,3
dopamine,0.1,8.0,SWV,4,0.0061988989536914,0.0168112697494111,0.0907059008813439,-0.008256787077195,0.0999999999999999,1.4,-1.10265952497766e-06,0.0060180690253957,-0.0046720362245878,0.0907059008813439,0.1534418022528159,0.0718397997496871,0.0050877240646886,0.0883646163798852,0.8636363636363674,val,0
ascorbic_acid,1.0,8.0,SWV,0,0.0875165519253431,0.218143260136018,0.9035255126007116,-0.1026375485376319,0.0999999999999999,1.4,2.864479437970288e-06,0.0693595070286807,-0.0761696231137976,0.9035255126007116,0.0150187734668334,0.1191489361702127,0.0868885176158588,0.8910419851190774,0.9428571428571422,val,2
dopamine,0.2,8.0,SWV,0,0.0104480331501044,0.0337257344263319,0.1792518024402746,-0.0179054701343356,0.0999999999999999,1.4,1.449709852757797e-06,0.0120585992945653,-0.0128566993960264,0.1792518024402746,0.1534418022528159,0.0718397997496871,0.0102074142665445,0.1765538056613479,0.8636363636363674,val,0
aluminum,0.1,7.0,SWV,5,0.006138836844615,0.0138629255513013,0.0642355707634014,-0.0053618657550468,0.0999999999999999,1.4,4.095929760400029e-06,0.0053233559350052,-0.0036772358170212,0.0642355707634014,-0.3038798498122653,0.1086357947434292,0.0051905688548289,0.062313814521373,0.7714285714285712,val,5
copper,0.1,8.0,SWV,1,0.0051278228879076,0.0170834955702122,0.1003405218060573,-0.0133740480236746,0.0999999999999999,1.4,-1.3235233954671808e-06,0.0061024463052574,-0.0062347807240014,0.1003405218060573,-0.0392991239048811,0.0578222778473092,0.0045770094146617,0.0985827533332359,0.6500000000000019,val,4
copper,0.1,7.5,SWV,6,0.0052225485455394,0.0169388044173862,0.0995661762889746,-0.0137398485894494,0.0999999999999999,1.4,2.6440170459655573e-06,0.0073612456350736,-0.0072138655194311,0.0995661762889746,-0.0357947434292866,0.0613266583229036,0.0046900269635448,0.0977327497055208,0.8421052631578959,val,4
uric_acid,0.1,7.5,SWV,3,0.0079071447570065,0.0176239713570167,0.0857512837290706,-0.0058478108607451,0.0999999999999999,1.4,-5.666974773781446e-06,0.0047984541937969,-0.0071229773882901,0.0857512837290706,0.3216520650813516,0.0946182728410512,0.0061008336619026,0.0830249965185832,0.6874999999999982,val,1
copper,1.0,6.0,SWV,7,0.0350133612006201,0.1555730426946823,0.8724883259249046,-0.1525631708048502,0.0999999999999999,1.4,-6.020408407154564e-05,0.0633715464416631,-0.0498316956093797,0.8724883259249046,-0.0550688360450564,0.0630788485607009,0.0437228354012587,0.8697224874543783,0.8947368421052587,val,4
copper,0.1,7.5,SWV,1,0.0051096640816789,0.0169781019331126,0.1002211510073921,-0.0145939731497508,0.0999999999999999,1.4,-1.2993506134903828e-06,0.0063237690033792,-0.0060561220127313,0.1002211510073921,-0.0392991239048811,0.0595744680851063,0.0046257077349914,0.0984815150168644,0.8888888888888908,val,4
copper,0.2,6.5,SWV,6,0.0089102669046331,0.0331338912222683,0.1855760402143416,-0.0303573574558047,0.0999999999999999,1.4,2.5512266173860595e-06,0.0128501414471101,-0.0131471840288921,0.1855760402143416,-0.0498122653316646,0.0648310387984981,0.009441889229437,0.1833261698127929,0.9473684210526342,val,4
aluminum,0.5,8.0,SWV,7,0.0238478667657525,0.0669008393894293,0.3022564531834326,-0.026465132418683,0.0999999999999999,1.4,-2.57486109021074e-05,0.0174909777197717,-0.017575457537159,0.3022564531834326,-0.3073842302878598,0.1086357947434292,0.0251076327311422,0.298538222875592,0.5897435897435901,val,5
glucose,0.1,6.5,SWV,8,0.00902943272927,0.0145807799319442,0.0587446592483255,-0.0036696523922375,0.0999999999999999,1.4,8.609418672824908e-06,0.0042576241557596,-0.0039251235802468,0.0587446592483255,0.4775969962453065,0.1506883604505631,0.0065434632185862,0.0553617862106361,0.5087719298245615,val,3
copper,2.0,8.0,SWV,6,0.0681655181477895,0.2948447911210066,1.7459638685834686,-0.2456769372616931,0.0999999999999999,1.4,4.346124115839033e-06,0.1234963898232187,-0.1212106254713486,1.7459638685834686,-0.0357947434292866,0.0560700876095119,0.0775286357287934,1.7375322812109752,0.8823529411764692,val,4
copper,0.1,8.0,SWV,6,0.005241548992467,0.0170455052561855,0.1021556016847638,-0.0123765735928343,0.0999999999999999,1.4,2.649245109765962e-06,0.0071429045757884,-0.0070361826399477,0.1021556016847638,-0.0357947434292866,0.0560700876095119,0.0044793428570611,0.1003340495113649,0.8823529411764692,val,4
uric_acid,0.1,8.0,SWV,9,0.0079132385536197,0.0177789451214591,0.0843523050257838,-0.0047464944864952,0.0999999999999999,1.4,1.6077011321173578e-07,0.0051253352163591,-0.0044844709165618,0.0843523050257838,0.3111389236545681,0.0981226533166458,0.0063924931176315,0.0817585607497677,0.6969696969696987,val,1
uric_acid,2.0,6.0,SWV,9,0.1042893428848713,0.300908609257191,1.4354181841705642,-0.1158120226396722,0.0999999999999999,1.4,-3.7112411817485874e-05,0.0886846695590964,-0.0825961060746319,1.4354181841705642,0.3987484355444304,0.0911138923654568,0.1017812251609298,1.4215551739153864,0.7931034482758598,val,1
aluminum,0.1,6.0,SWV,0,0.0060765424891017,0.0136771959005451,0.0626044653846632,-0.0066265759148472,0.0999999999999999,1.4,2.429646955486272e-06,0.0051159372744471,-0.0059890675677709,0.0626044653846632,-0.3126408010012516,0.106883604505632,0.0051055953877106,0.0606686258520356,0.6944444444444442,val,5
glucose,1.0,7.0,SWV,8,0.0663287217232326,0.1380314517024281,0.5506886315382851,-0.0501210093246944,0.0999999999999999,1.4,5.828681130284417e-05,0.0393534407028209,-0.0363323139655172,0.5506886315382851,0.4775969962453065,0.143679599499374,0.0602057348117338,0.5385525243724152,0.7446808510638291,val,3
glucose,2.0,6.5,SWV,0,0.1202353904210724,0.2562188366660823,0.995536996994508,-0.1257500651215096,0.0999999999999999,1.4,6.666504001384107e-06,0.0829665464424517,-0.0914441100445798,0.995536996994508,0.4846057571964955,0.1524405506883603,0.1158879992377027,0.9743835811392186,0.6111111111111127,val,3
uric_acid,0.1,7.5,SWV,1,0.0077249362369006,0.0176429174323056,0.0862133575661188,-0.0064161842032988,0.0999999999999999,1.4,-8.673710698906672e-07,0.0047627622511095,-0.0046903416930845,0.0862133575661188,0.3181476846057571,0.092866082603254,0.0060379869895628,0.0836310368485049,0.6060606060606065,val,1
ascorbic_acid,5.0,8.0,SWV,4,0.3345563059843657,0.8373967924350793,3.4682596475911334,-0.3502150669414767,0.0999999999999999,1.4,-0.0001570811281918,0.2755945694021748,-0.1986169685826541,3.4682596475911334,0.0097622027534417,0.1156445556946182,0.3275957157713174,3.419425888118246,0.7837837837837829,val,2
uric_acid,5.0,6.0,SWV,2,0.2106547768718706,0.6208302895708875,2.979984386120514,-0.2279389163019076,0.0999999999999999,1.4,-7.173045699612079e-05,0.1392753641297088,-0.1739818640895127,2.979984386120514,0.3987484355444304,0.0893617021276595,0.207395165997127,2.9533740651444065,0.7586206896551698,val,1
uric_acid,1.0,8.0,SWV,7,0.0570360488667295,0.1657479399872576,0.7654150100801819,-0.0585531502210764,0.0999999999999999,1.4,-5.915703492833974e-05,0.0430136580272108,-0.0385794855806072,0.7654150100801819,0.3041301627033791,0.0963704630788485,0.058874984058725,0.7574939697223017,0.964285714285716,val,1
uric_acid,5.0,7.0,SWV,4,0.2174710843804276,0.632909864361735,2.937290259498083,-0.2701522551895376,0.0999999999999999,1.4,-0.0001222833206551,0.1627442147842679,-0.1638724144518082,2.937290259498083,0.3426783479349186,0.1051314142678347,0.2375246898213639,2.908627062049423,0.5789473684210537,val,1
uric_acid,0.1,6.5,SWV,6,0.0077301131999653,0.0172396616043586,0.0839504706597593,-0.0045701801087182,0.0999999999999999,1.4,3.0514851349004066e-06,0.0065365867993107,-0.0048703756163573,0.0839504706597593,0.3812265331664579,0.0946182728410512,0.0060450855935742,0.0814674782301349,0.8620689655172418,val,1
glucose,0.2,6.0,SWV,5,0.0156435486909118,0.0291184728703773,0.1132038923509112,-0.0097652581733037,0.0999999999999999,1.4,6.353844220136054e-06,0.0097081359846389,-0.0066227775593228,0.1132038923509112,0.5196495619524405,0.1612015018773467,0.0136947366329894,0.1087377066278766,0.9574468085106352,val,3
ascorbic_acid,2.0,6.0,SWV,5,0.1557531263264614,0.3916955871933178,1.6625900592857068,-0.1426939453376181,0.0999999999999999,1.4,4.651823870394839e-05,0.1346338934916168,-0.1023220817477434,1.6625900592857068,0.1008760951188986,0.1191489361702127,0.1552675433623607,1.6406734003263936,0.7894736842105239,val,2
dopamine,2.0,7.0,SWV,3,0.0773638351283259,0.2875006112963473,1.6044715317360665,-0.1228534488402839,0.0999999999999999,1.4,-0.0001326646131892,0.1048611099002757,-0.1084598679042773,1.6044715317360665,0.2007509386733416,0.0665832290362954,0.0827709031297581,1.5928466789908398,0.8095238095238102,val,0
glucose,1.0,7.0,SWV,2,0.0656464102030327,0.1387039780600105,0.5352458512654805,-0.0463266656489501,0.0999999999999999,1.4,-1.2277183456898774e-05,0.0361126701470679,-0.0320946152916352,0.5352458512654805,0.4688360450563203,0.1524405506883603,0.0629701654667661,0.5242418641441352,0.6111111111111127,val,3
ascorbic_acid,0.1,6.0,SWV,6,0.0106715845430845,0.0224344638999462,0.0968181426850603,-0.0065878694552135,0.0999999999999999,1.4,3.481673750073549e-06,0.0064428027793345,-0.0057675945364499,0.0968181426850603,0.1061326658322903,0.1279098873591989,0.0093130812560067,0.093788503570381,0.6976744186046516,val,2
glucose,10.0,6.5,SWV,4,0.3847894450954406,0.8259111549625779,3.20201075335985,-0.3254389291356724,0.0999999999999999,1.4,-0.0001539933084986,0.2094885345065254,-0.2106834773357798,3.20201075335985,0.4846057571964955,0.148936170212766,0.3686810027855546,3.1381910268578634,0.7000000000000013,val,3
aluminum,10.0,7.5,SWV,5,0.2678602146483901,0.7715959948230278,3.5660506064103874,-0.345867675102188,0.0999999999999999,1.4,8.727730991466516e-05,0.2939563240789497,-0.2035133603197096,3.5660506064103874,-0.3038798498122653,0.099874843554443,0.2727967910950577,3.533876865375124,0.9655172413793108,val,5
dopamine,0.5,6.0,SWV,5,0.0220034557047573,0.0781311826235378,0.4377028815572816,-0.034501505248836,0.0999999999999999,1.4,8.428216170404796e-06,0.0292788409795777,-0.0283006243769184,0.4377028815572816,0.2638297872340425,0.0648310387984981,0.0221926810705913,0.4333324969064003,0.7619047619047621,test,0
ascorbic_acid,10.0,8.0,SWV,4,0.5194209210803011,1.3025659947675847,5.3938732367626665,-0.5459657665369866,0.0999999999999999,1.4,-0.0002457080815544,0.4286653952047039,-0.3088937296438404,5.3938732367626665,0.0097622027534417,0.1156445556946182,0.5096012992972453,5.319110781693305,0.7837837837837829,test,2
dopamine,5.0,8.0,SWV,0,0.1587130339315839,0.6125931656078107,3.223077912741912,-0.3566707789699158,0.0999999999999999,1.4,-1.7114670292793373e-05,0.2180866034116855,-0.2320175772946746,3.223077912741912,0.1534418022528159,0.0718397997496871,0.1851108789554066,3.2013621803616843,0.8636363636363674,test,0
glucose,5.0,6.5,SWV,8,0.248062366695695,0.5301164014837886,2.0500268797335965,-0.1988423023554484,0.0999999999999999,1.4,0.000214460948636,0.1497718737784944,-0.1383247977243085,2.0500268797335965,0.4775969962453065,0.1524405506883603,0.2401190138887008,2.010292597707865,0.5,test,3
ascorbic_acid,0.1,8.0,SWV,3,0.0111253183665043,0.0234516231017912,0.0984584363621493,-0.0077693306737539,0.0999999999999999,1.4,-8.067846312001383e-06,0.0057759957051402,-0.0082084433470653,0.0984584363621493,0.0202753441802252,0.1226533166458072,0.0094849129553635,0.0952497787716731,0.9444444444444438,test,2
dopamine,1.0,6.5,SWV,7,0.0398844068583433,0.1508992545063418,0.7969077067469871,-0.0807090866110669,0.0999999999999999,1.4,-5.50331321056783e-05,0.0502144990552895,-0.0557718285695121,0.7969077067469871,0.2375469336670838,0.0700876095118898,0.0449985178578304,0.7914251745031412,0.7391304347826059,test,0
dopamine,0.1,8.0,SWV,1,0.0060921462593826,0.01696293053425,0.0907529628801584,-0.0072696584073515,0.0999999999999999,1.4,-9.445584999107342e-07,0.005510995466985,-0.0052201959335821,0.0907529628801584,0.1464330413016269,0.0753441802252815,0.0052758073956986,0.0885225227665921,0.7916666666666665,test,0
ascorbic_acid,5.0,8.0,SWV,5,0.3337498409961721,0.8380419085588428,3.407123752974001,-0.3247817121424554,0.0999999999999999,1.4,9.197845609040968e-05,0.3495450098681599,-0.1869662527502699,3.407123752974001,-0.0060075093867334,0.1209011264080099,0.3369515624922625,3.3608751168681645,0.4375000000000005,test,2
aluminum,1.0,7.5,SWV,6,0.0458923751021703,0.1293992941766961,0.6092594485530911,-0.0531628074990791,0.0999999999999999,1.4,6.7402828105003404e-06,0.0420021696259372,-0.0429066753894268,0.6092594485530911,-0.3021276595744681,0.0981226533166457,0.0453368571492456,0.6039092504752855,0.9310344827586208,test,5
ascorbic_acid,0.1,6.5,SWV,9,0.0107910375524029,0.0227202083354834,0.0966760456826264,-0.0067438711579763,0.0999999999999999,1.4,-3.764634519337792e-07,0.00716483185326,-0.0060428176843337,0.0966760456826264,0.0623279098873591,0.1209011264080101,0.0091310677699155,0.0936171480288497,0.6428571428571431,test,2
aluminum,10.0,7.5,SWV,7,0.2598186249021766,0.7681285373970588,3.490994881056304,-0.3145599360209666,0.0999999999999999,1.4,-0.0003212853490849,0.2076045221547442,-0.2017975808285599,3.490994881056304,-0.316145181476846,0.1033792240300375,0.2778729657783022,3.463718968487674,0.6388888888888894,test,5
copper,2.0,7.0,SWV,2,0.0662234415001408,0.2920855711092592,1.6475179236724526,-0.2585087353122655,0.0999999999999999,1.4,-4.110987833508229e-05,0.1217935151897874,-0.1006577417642342,1.6475179236724526,-0.0410513141426783,0.0613266583229036,0.0805202812430008,1.6394020697243723,0.8421052631578959,test,4
glucose,1.0,8.0,SWV,3,0.0676472930153863,0.1404930221575675,0.541981379796389,-0.0538147994285166,0.0999999999999999,1.4,-6.341105940977194e-05,0.041163199008392,-0.0548838883720486,0.541981379796389,0.4618272841051313,0.1612015018773466,0.0664381347321454,0.5296040127887321,0.877551020408163,test,3
aluminum,2.0,7.0,SWV,9,0.0842392745853742,0.2380490776201879,1.0869066249426036,-0.0940408328986804,0.0999999999999999,1.4,-3.2747829394013155e-05,0.0643853401405776,-0.0842069900842988,1.0869066249426036,-0.3091364205256571,0.1086357947434293,0.089083273023891,1.075367213038923,0.8787878787878792,test,5
uric_acid,0.1,6.5,SWV,7,0.007555445379316,0.0171965556283089,0.0816625936946062,-0.0052561578027771,0.0999999999999999,1.4,-4.088137487998033e-06,0.0039243209620947,-0.0046546653752143,0.0816625936946062,0.3847309136420525,0.0963704630788485,0.0060890643934071,0.0792152532779305,0.7187499999999987,test,1
dopamine,5.0,7.5,SWV,6,0.1579985280675887,0.6025458437498551,3.2941117733495875,-0.3224969115851453,0.0999999999999999,1.4,6.6908487102722985e-06,0.1947218688503496,-0.2655968697874936,3.2941117733495875,0.1814768460575718,0.0648310387984981,0.1717262101630415,3.2765358602501995,0.8500000000000013,test,0
uric_acid,0.1,6.5,SWV,0,0.0076921238728585,0.0172707953984393,0.0825119095508127,-0.0072423312831072,0.0999999999999999,1.4,2.4167936201883e-06,0.0058338383120284,-0.0063651184432189,0.0825119095508127,0.3864831038798497,0.0963704630788485,0.0061095397034923,0.0798709869643031,0.6666666666666647,test,1
aluminum,0.5,6.0,SWV,4,0.0242543221343509,0.0661448590304038,0.2969065328236444,-0.0299883040288308,0.0999999999999999,1.4,-1.2095818107484737e-05,0.0209918510339279,-0.0202973001701071,0.2969065328236444,-0.3126408010012516,0.1016270337922402,0.0238196856279411,0.2924029474599304,0.5263157894736845,test,5
aluminum,0.2,6.5,SWV,9,0.010820514166239,0.0271948074852221,0.1236997307826972,-0.0091791792808316,0.0999999999999999,1.4,-1.5197523393596602e-06,0.0074158890511416,-0.0098658434765264,0.1236997307826972,-0.3143929912390488,0.1033792240300375,0.0098867556186782,0.1210933500202002,0.8437500000000018,test,5
glucose,10.0,6.5,SWV,3,0.3878429146422751,0.8287825929634592,3.2505600069854474,-0.3277000558486863,0.0999999999999999,1.4,-0.0003802965576922,0.2234694893501879,-0.3191703480163881,3.2505600069854474,0.481101376720901,0.1454317897371715,0.3641618948124551,3.18687804863489,0.5370370370370363,test,3
dopamine,10.0,7.5,SWV,6,0.2447755495032,0.937329063460406,5.123295733836429,-0.5026631242184486,0.0999999999999999,1.4,8.99583206807067e-06,0.3028742232930657,-0.4131306345951095,5.123295733836429,0.1814768460575718,0.0648310387984981,0.2671491193911171,5.097127263122412,0.8500000000000013,test,0
copper,0.5,7.5,SWV,5,0.0198755075749439,0.0818620036223335,0.4964170866228139,-0.066848677137096,0.0999999999999999,1.4,9.001892244842103e-06,0.0324092359063807,-0.0286580626865662,0.4964170866228139,-0.0392991239048811,0.0595744680851063,0.0222662698664676,0.4923126204365732,0.8888888888888908,test,4
uric_acid,1.0,6.5,SWV,6,0.0571486004868993,0.1623746082823569,0.7728198894404945,-0.0572726041427747,0.0999999999999999,1.4,7.309636911418445e-06,0.0606308911725991,-0.0453303047005358,0.7728198894404945,0.3812265331664579,0.0946182728410512,0.0568511563600863,0.7646559758903125,0.8620689655172418,test,1
glucose,10.0,7.5,SWV,7,0.3801296263122471,0.8406471463457958,3.2145859281451465,-0.3033655061560213,0.0999999999999999,1.4,-0.0003184749697014,0.2010722719458458,-0.2017318214069171,3.2145859281451465,0.4846057571964955,0.1594493116395495,0.3937047978625445,3.158944012693692,0.8571428571428568,test,3
glucose,1.0,6.0,SWV,3,0.0660777277836485,0.1371290357653369,0.5117573332376721,-0.0509539669880153,0.0999999999999999,1.4,-6.0114203082322525e-05,0.0354777429620432,-0.0523053588143727,0.5117573332376721,0.481101376720901,0.164705882352941,0.0655434030481336,0.499334412404414,0.4029850746268653,test,3
ascorbic_acid,0.1,7.0,SWV,8,0.0108581991003797,0.0230655478301269,0.1002891469105327,-0.0076402692222588,0.0999999999999999,1.4,1.1411598701350455e-05,0.0067114251958393,-0.0068700840239354,0.1002891469105327,0.0640801001251564,0.1261576971214018,0.0094497946628176,0.0974157972088321,0.8947368421052619,test,2
ascorbic_acid,0.1,7.5,SWV,2,0.0108362137204035,0.0232357698526846,0.0998875956918142,-0.0067602099924556,0.0999999999999999,1.4,-1.3695361176541133e-07,0.0063974417738925,-0.0053516304473878,0.0998875956918142,0.0395494367959949,0.1226533166458072,0.0093433126503609,0.0969216874083873,0.8421052631578929,test,2
aluminum,1.0,7.0,SWV,5,0.0456327247638575,0.1281988842596789,0.5838790590993762,-0.0567494888160858,0.0999999999999999,1.4,1.6651518800496284e-05,0.0488822960800926,-0.0337598349736111,0.5838790590993762,-0.3038798498122653,0.1086357947434292,0.0480566811687838,0.5771365649363591,0.7714285714285712,test,5
aluminum,10.0,8.0,SWV,9,0.2704611310220314,0.7725056386112105,3.5119065095987376,-0.3092671738691349,0.0999999999999999,1.4,-0.0001119591784381,0.2088873139622514,-0.2535010830868647,3.5119065095987376,-0.3091364205256571,0.1051314142678347,0.2828543668107568,3.473785048930341,0.5789473684210523,test,5
copper,0.2,6.0,SWV,0,0.0088009628400996,0.0330354202393282,0.1870739658850988,-0.0298559405884833,0.0999999999999999,1.4,1.355217484995168e-06,0.0128500404569122,-0.0135566892088774,0.1870739658850988,-0.0533166458072591,0.0613266583229036,0.0090896820825375,0.1847137542439944,0.9444444444444472,test,4
uric_acid,1.0,8.0,SWV,0,0.058305047814741,0.1673332768146618,0.7663676298510236,-0.0770397069550675,0.0999999999999999,1.4,1.2383536893161452e-06,0.0703114125143115,-0.0597185069289643,0.7663676298510236,0.3041301627033791,0.0998748435544431,0.0606922811448599,0.7573070548963914,0.965517241379312,test,1
ascorbic_acid,2.0,8.0,SWV,6,0.1622840319787303,0.4048769159249229,1.6492565801666652,-0.1404770917268379,0.0999999999999999,1.4,1.7719128900170744e-05,0.1128536469678983,-0.121162170174786,1.6492565801666652,0.0150187734668334,0.1261576971214018,0.1671349150892487,1.6254986129908364,0.9459459459459452,test,2
glucose,5.0,8.0,SWV,1,0.2487460988701378,0.5403148279725624,2.1339529083911586,-0.2020762512000617,0.0999999999999999,1.4,-9.611534412683216e-05,0.1422541920539164,-0.1171466746157416,2.1339529083911586,0.4548185231539422,0.1612015018773466,0.2559216645156159,2.097147641541307,0.8399999999999992,test,3
aluminum,0.2,7.5,SWV,7,0.0105520962366154,0.0273543087013169,0.1254553252073919,-0.010463780825275,0.0999999999999999,1.4,-9.09170794696193e-06,0.0074249997924535,-0.007193573824492,0.1254553252073919,-0.316145181476846,0.1033792240300375,0.0098914717123337,0.1232132204921195,0.6388888888888894,test,5
ascorbic_acid,10.0,8.0,SWV,7,0.5059970743677666,1.3114348823344175,5.350183915866464,-0.4522016925062701,0.0999999999999999,1.4,-0.00047666045893,0.298201824291765,-0.2957929427061143,5.350183915866464,0.0080100125156444,0.1209011264080099,0.5273748504362528,5.290501614325469,0.7249999999999996,test,2
aluminum,10.0,6.0,SWV,4,0.2654943997499327,0.7630065150783922,3.4113604168578138,-0.3651224794081903,0.0999999999999999,1.4,-0.0001657123592245,0.241605633461067,-0.2334900899837131,3.4113604168578138,-0.3126408010012516,0.1016270337922402,0.2749742245271085,3.374799706947768,0.5263157894736845,test,5
dopamine,0.1,7.5,SWV,1,0.0060338754916598,0.0168126331118867,0.0954778256568907,-0.0083016886655778,0.0999999999999999,1.4,-1.0060999148594872e-06,0.0050305322086759,-0.0065830266360584,0.0954778256568907,0.1762202753441801,0.0665832290362953,0.0048629074070917,0.0932415773349862,0.8999999999999987,test,0
copper,10.0,8.0,SWV,7,0.2065989556240157,0.9549120431269454,5.712888202108657,-0.9018795803316356,0.0999999999999999,1.4,-0.0003977362600208,0.3787190279702316,-0.4047589891610539,5.712888202108657,-0.0357947434292866,0.0578222778473092,0.2561342598539595,5.698807827356941,0.8333333333333316,test,4
ascorbic_acid,2.0,8.0,SWV,7,0.1582712542188827,0.4070622760382939,1.6618809700062038,-0.1396896398263177,0.0999999999999999,1.4,-0.0001463048954928,0.0925950304898686,-0.0918205544559154,1.6618809700062038,0.0080100125156444,0.1209011264080099,0.1637224467655359,1.6424014297772391,0.7249999999999996,test,2
ascorbic_acid,5.0,8.0,SWV,1,0.3289983937770701,0.8426624267939701,3.394993073150163,-0.373596401944273,0.0999999999999999,1.4,-0.0001488498453854,0.2257820201117245,-0.1782449150848309,3.394993073150163,0.011514392991239,0.1244055068836045,0.344104402716853,3.3508935807416487,0.7750000000000004,test,2
copper,10.0,8.0,SWV,8,0.2167671562497245,0.9479836228059484,5.879351976155143,-0.7314370908342347,0.0999999999999999,1.4,0.0003305345895346,0.3721040578983242,-0.4631135037707576,5.879351976155143,-0.0357947434292866,0.0560700876095119,0.2487978024364915,5.846362532857918,0.7777777777777755,test,4
dopamine,1.0,7.0,SWV,5,0.0417083253510898,0.1550959096793405,0.8730221728289467,-0.0624016677069039,0.0999999999999999,1.4,1.4150470023125476e-05,0.0640467980591692,-0.0426279144411807,0.8730221728289467,0.2025031289111388,0.0665832290362954,0.0447568407916422,0.8669493322813882,0.9000000000000019,test,0
ascorbic_acid,0.2,6.5,SWV,3,0.0197645222883296,0.045205288060163,0.1932243996346799,-0.0164416210145137,0.0999999999999999,1.4,-1.841456274663988e-05,0.0128025125765901,-0.0164617112907169,0.1932243996346799,0.0605757196495618,0.1244055068836045,0.018478473629619,0.1887506320241753,0.5777777777777781,test,2
ascorbic_acid,0.5,7.5,SWV,8,0.0461366992565866,0.1125384293515267,0.474351492139109,-0.0417649810994446,0.0999999999999999,1.4,4.526311611677755e-05,0.0324735149929776,-0.0365275926443516,0.474351492139109,0.0395494367959949,0.1261576971214018,0.0460792779202859,0.4663411272249674,0.8947368421052619,test,2
uric_acid,5.0,6.0,SWV,1,0.2094520615180232,0.6219703959367187,2.999939041753376,-0.2850884828299161,0.0999999999999999,1.4,-0.0001148371086543,0.1653853865619302,-0.1606492592553969,2.999939041753376,0.4005006257822278,0.0911138923654568,0.20948138008278,2.973416072736556,0.8571428571428598,test,1
uric_acid,10.0,8.0,SWV,2,0.3387160156011342,0.9993947347243326,4.563737366866129,-0.3622556606184258,0.0999999999999999,1.4,-0.0001160071142408,0.2555724136796996,-0.2638771129404704,4.563737366866129,0.3058823529411764,0.0998748435544431,0.3622641726051632,4.516815336254062,0.9000000000000008,test,1
aluminum,2.0,7.5,SWV,8,0.0843103723370331,0.2394960824202298,1.1154738372225628,-0.1017246415821951,0.0999999999999999,1.4,9.636175448653906e-05,0.0869781444261585,-0.0732611705322828,1.1154738372225628,-0.3143929912390488,0.1016270337922402,0.0853860686646065,1.1031566909419237,0.6571428571428565,test,5
copper,2.0,6.5,SWV,9,0.0675298140110501,0.2909039148850151,1.6116559309333378,-0.2672079932882836,0.0999999999999999,1.4,-4.421649807291223e-05,0.1193066760941105,-0.0964653238649672,1.6116559309333378,-0.0515644555694618,0.0613266583229036,0.0800866998929976,1.6004176448724658,0.8421052631578959,test,4
ascorbic_acid,5.0,7.0,SWV,2,0.3239654528451517,0.8250143476009792,3.501686735726052,-0.3018001435431191,0.0999999999999999,1.4,-9.111481629370588e-05,0.2029040022327623,-0.1889670046242093,3.501686735726052,0.0588235294117646,0.1173967459324155,0.3220514569487162,3.453180415080748,0.9705882352941154,test,2
dopamine,0.1,8.0,SWV,3,0.0062544521822838,0.0169022204426222,0.091176871549537,-0.0072235173348325,0.0999999999999999,1.4,-5.219902530294999e-06,0.0054790289759309,-0.0062508649857063,0.091176871549537,0.1464330413016269,0.0718397997496871,0.0051099300856429,0.0888200442293411,0.7826086956521715,test,0
uric_acid,5.0,7.0,SWV,7,0.2110058586939119,0.6299043656875133,2.863324071900218,-0.2302897944244272,0.0999999999999999,1.4,-0.0002335151660826,0.1572349373520772,-0.1712801769297932,2.863324071900218,0.3426783479349186,0.0963704630788484,0.2241183824395276,2.8389205890750584,0.5714285714285725,test,1
copper,2.0,7.0,SWV,9,0.0678674761001213,0.2928373565225488,1.7008954871798545,-0.2691399018630668,0.0999999999999999,1.4,-4.484268378386393e-05,0.1088862528490677,-0.0999453864939845,1.7008954871798545,-0.0392991239048811,0.0595744680851064,0.0792808190229672,1.689903160801861,0.7894736842105242,test,4
dopamine,1.0,8.0,SWV,5,0.0427142116858162,0.1585395033122323,0.8385328834428657,-0.0826438209116933,0.0999999999999999,1.4,1.2990419550029805e-05,0.0569292490745569,-0.0578638703282456,0.8385328834428657,0.1481852315394242,0.0718397997496871,0.04799352665288,0.8315020705466504,0.8636363636363621,test,0
glucose,0.5,8.0,SWV,1,0.0353860733119743,0.0725676838402038,0.2888186313113525,-0.0260619118417065,0.0999999999999999,1.4,-1.0813355097336026e-05,0.0192593354257677,-0.0158215385568036,0.2888186313113525,0.4548185231539422,0.1612015018773466,0.0343639085658217,0.2818206843425817,0.8399999999999992,test,3
ascorbic_acid,10.0,6.0,SWV,8,0.4989210612657282,1.2642446503027525,5.202090493908014,-0.4796529367648948,0.0999999999999999,1.4,0.000471682943318,0.3597452088026319,-0.3460334336476127,5.202090493908014,0.1026282853566957,0.1279098873591989,0.5230316427291458,5.128352167402075,0.7804878048780504,test,2
glucose,0.5,6.5,SWV,5,0.0352345752624227,0.0717207841068492,0.2801561670465054,-0.0261805728648068,0.0999999999999999,1.4,1.1802893876410533e-05,0.0238790626879215,-0.0160803506045737,0.2801561670465054,0.4775969962453065,0.1524405506883603,0.032601475779451,0.2728358093403381,0.5,test,3
ascorbic_acid,0.1,6.0,SWV,4,0.0106807473868886,0.022217277974702,0.0962693844632382,-0.0075993523806926,0.0999999999999999,1.4,-1.906264898990425e-06,0.0057674234260428,-0.0062579917962559,0.0962693844632382,0.104380475594493,0.1209011264080099,0.0088924520146289,0.0931411346064023,0.7249999999999996,test,2
aluminum,0.5,8.0,SWV,0,0.0244315298922608,0.066852772936412,0.3097938785879278,-0.0362144199149285,0.0999999999999999,1.4,2.029632257590508e-06,0.0249736322906536,-0.0311077028448508,0.3097938785879278,-0.3056320400500626,0.1033792240300375,0.0241221048175682,0.3056272800207133,0.7352941176470584,test,5
uric_acid,2.0,6.0,SWV,3,0.1050827147750279,0.3003385285931841,1.422232205259173,-0.1196102916487356,0.0999999999999999,1.4,-0.0001341751592109,0.1028830987566928,-0.1191854744810521,1.422232205259173,0.4127659574468084,0.0963704630788484,0.1051596510433503,1.4047902980117482,0.774193548387094,test,1
dopamine,0.1,7.5,SWV,4,0.0061452508314937,0.0165617606923634,0.0922093328083653,-0.0083046169580025,0.0999999999999999,1.4,-1.1710470902814915e-06,0.0061931986882221,-0.0058160232229496,0.0922093328083653,0.1744680851063829,0.064831038798498,0.0046999815724473,0.0898041083076089,0.8499999999999981,test,0
glucose,2.0,7.0,SWV,9,0.1218833493908346,0.2577653801800839,1.0235601404959165,-0.0982052318387186,0.0999999999999999,1.4,-2.8502757103723125e-05,0.0697169716715117,-0.0616869448828904,1.0235601404959165,0.4705882352941176,0.1489361702127658,0.1148682358749022,1.002976140686876,0.5740740740740751,test,3
dopamine,1.0,6.5,SWV,3,0.0418468806577445,0.1522218982316943,0.8042017387323055,-0.085390197400786,0.0999999999999999,1.4,-6.62481300249373e-05,0.0450060186647591,-0.055750983252143,0.8042017387323055,0.2410513141426782,0.0735919899874844,0.0466649251814347,0.7947974321559683,0.680000000000001,test,0
ascorbic_acid,1.0,6.5,SWV,9,0.0857130783520329,0.2118075303335296,0.886059681529926,-0.0805180122453495,0.0999999999999999,1.4,-2.421617278688115e-05,0.0664353193927329,-0.0554729416929891,0.886059681529926,0.0623279098873591,0.1209011264080101,0.0851837431377268,0.8728277391668464,0.6428571428571431,test,2
uric_acid,10.0,8.0,SWV,9,0.344128855305763,1.0045320345371949,4.650989155682773,-0.3848842752457746,0.0999999999999999,1.4,-0.0001282970487367,0.2861000896653245,-0.2492532527866051,4.650989155682773,0.3111389236545681,0.0981226533166458,0.3608622006274197,4.607170588000353,0.6969696969696987,test,1
aluminum,0.1,7.5,SWV,2,0.0060985961438377,0.0138623208155957,0.0641965152884353,-0.0048299339615503,0.0999999999999999,1.4,6.491311139110065e-07,0.0036255251650229,-0.0043787914625959,0.0641965152884353,-0.3073842302878598,0.099874843554443,0.0048940564718687,0.0623256835689388,0.8999999999999998,test,5
uric_acid,0.1,6.5,SWV,3,0.0077977621523734,0.0172568782424904,0.0844807870756392,-0.0056879738884778,0.0999999999999999,1.4,-5.47291118865565e-06,0.0046672622890047,-0.0078587863999451,0.0844807870756392,0.3812265331664579,0.0946182728410512,0.0060295598595887,0.0817114357576873,0.8620689655172418,test,1
uric_acid,10.0,7.5,SWV,3,0.3437478472170018,0.9963874969727056,4.729658211902309,-0.4022105835377632,0.0999999999999999,1.4,-0.0004497797873139,0.2672281787207031,-0.3954635396273485,4.729658211902309,0.3216520650813516,0.0946182728410512,0.3446229689265588,4.678802945757139,0.6874999999999982,test,1
uric_acid,0.2,7.5,SWV,1,0.0135583653133522,0.0351750805276718,0.1697471422871322,-0.0144747017271775,0.0999999999999999,1.4,-4.162988559955714e-06,0.0094074334356627,-0.0092590505009259,0.1697471422871322,0.3181476846057571,0.092866082603254,0.012035291435377,0.1664675663284491,0.6060606060606065,test,1
uric_acid,1.0,8.0,SWV,1,0.0576361134749757,0.1674340308759959,0.7719578569871188,-0.0738677687870845,0.0999999999999999,1.4,-2.8557830039569203e-05,0.0449880777433214,-0.0461537511076542,0.7719578569871188,0.3111389236545681,0.1016270337922403,0.0612257134532684,0.7632249811709487,0.7058823529411782,test,1
uric_acid,5.0,7.5,SWV,2,0.2163973898529762,0.6372397287460727,3.0101074579120426,-0.2342544100271962,0.0999999999999999,1.4,-7.377010989158828e-05,0.1487541891873461,-0.1695582937657502,3.0101074579120426,0.3339173967459323,0.0963704630788485,0.2235311069603199,2.9815846704448914,0.8333333333333334,test,1
dopamine,5.0,7.5,SWV,7,0.1521043798428638,0.5993229898428517,3.3806734660052364,-0.374974867867893,0.0999999999999999,1.4,-0.0002342350061581,0.2076717683423762,-0.1807838143763059,3.3806734660052364,0.1779724655819774,0.0630788485607009,0.1678799746098628,3.368263314407004,0.9999999999999964,test,0
aluminum,2.0,6.5,SWV,8,0.0836497422366448,0.2374511293688617,1.1072981124855812,-0.1039517245384172,0.0999999999999999,1.4,9.562217980482138e-05,0.0779354638504906,-0.0726796416809805,1.1072981124855812,-0.3196495619524405,0.106883604505632,0.0881411436561749,1.0944989440545927,0.8484848484848493,test,5
ascorbic_acid,5.0,6.5,SWV,9,0.3254636089108491,0.8168991097426981,3.412087316241285,-0.3165952637249438,0.0999999999999999,1.4,-0.0001005032426587,0.2561008795190467,-0.2136493385206865,3.412087316241285,0.0623279098873591,0.1209011264080101,0.3285956595003708,3.366660231153495,0.6428571428571431,test,2
uric_acid,2.0,6.0,SWV,0,0.1032766656831573,0.2998127474126265,1.4244416429385665,-0.1476623843095162,0.0999999999999999,1.4,7.114961811240713e-07,0.099769717286818,-0.1090935224447108,1.4244416429385665,0.4022528160200248,0.0946182728410514,0.1036832634653752,1.409426458400263,0.8620689655172358,test,1
aluminum,1.0,7.0,SWV,6,0.0457151061379202,0.1288336282762004,0.5949783722023075,-0.0500335960934353,0.0999999999999999,1.4,6.725784123576351e-06,0.0418380641506568,-0.0417837678414635,0.5949783722023075,-0.3021276595744681,0.1033792240300375,0.0469927469605383,0.5898834409799963,0.6857142857142854,test,5
glucose,1.0,8.0,SWV,8,0.0671000198580731,0.1394776330850577,0.5399873635551057,-0.050913009396602,0.0999999999999999,1.4,5.879383061473508e-05,0.0398234538629422,-0.0367663696502649,0.5399873635551057,0.4653316645807258,0.1612015018773466,0.0659497641229748,0.5275980314740681,0.9574468085106363,test,3
uric_acid,5.0,6.5,SWV,4,0.2155300267209762,0.6273294687667811,2.963172934621026,-0.2686127124793747,0.0999999999999999,1.4,-0.0001215221548293,0.1616821036679702,-0.1716362583236326,2.963172934621026,0.3847309136420525,0.0963704630788485,0.2217073063426357,2.934493710307544,0.7741935483870961,test,1
copper,2.0,6.0,SWV,7,0.0639933130798594,0.2896079942986263,1.62304079724016,-0.2856616564264036,0.0999999999999999,1.4,-0.000114184691719,0.1179662446911616,-0.0927573862606135,1.62304079724016,-0.0550688360450564,0.0630788485607009,0.0813637183903033,1.618643925436469,0.8947368421052587,test,4
copper,10.0,7.5,SWV,3,0.2192880449898757,0.943290343292677,5.476562056874619,-0.7745355771384244,0.0999999999999999,1.4,-0.0004731106272034,0.3937195267602669,-0.408121088109098,5.476562056874619,-0.0392991239048811,0.057822277847309,0.2518267042765083,5.43940222379873,0.9411764705882382,test,4
uric_acid,10.0,7.0,SWV,5,0.336348847699734,0.9793446991746672,4.545655834219421,-0.3593859071376973,0.0999999999999999,1.4,9.855096855345278e-05,0.3333059281182653,-0.2863149010464115,4.545655834219421,0.3409261576971213,0.0998748435544429,0.3557970240404647,4.495285699190364,0.5405405405405411,test,1
uric_acid,0.1,6.0,SWV,8,0.0076803055206948,0.0170128742520173,0.0827710181877854,-0.005020553631855,0.0999999999999999,1.4,8.714263807318116e-06,0.0051282705290484,-0.0047697651049003,0.0827710181877854,0.4057571964956193,0.0893617021276595,0.0056659606199212,0.0801255164212107,0.961538461538466,test,1
aluminum,10.0,6.0,SWV,7,0.2568036392812152,0.7580491118685347,3.4234970976826875,-0.3159540147774309,0.0999999999999999,1.4,-0.0003152337173295,0.2083058661644377,-0.1985442923569922,3.4234970976826875,-0.316145181476846,0.1051314142678347,0.2807986562257997,3.396846567705321,0.7647058823529402,test,5
aluminum,2.0,7.0,SWV,0,0.0833432871656299,0.2374764559382378,1.1035376109853132,-0.1310023146013706,0.0999999999999999,1.4,7.17667483923802e-07,0.0886075713698867,-0.1068163730725581,1.1035376109853132,-0.3126408010012516,0.1051314142678347,0.0869591149090818,1.091125548296117,1.0,test,5
aluminum,0.2,6.5,SWV,7,0.0104791966489103,0.0271056325182868,0.1255616734740299,-0.0103849098991559,0.0999999999999999,1.4,-8.998264775304633e-06,0.0075885416479243,-0.0071359150167183,0.1255616734740299,-0.316145181476846,0.1051314142678347,0.0099748465435278,0.123261807546238,0.8750000000000003,test,5
copper,5.0,6.0,SWV,9,0.1376944841485877,0.5990571342250707,3.3159124016890718,-0.5354235019567515,0.0999999999999999,1.4,-9.377124903613706e-05,0.2609514321830455,-0.197917409018913,3.3159124016890718,-0.0568210262828535,0.0665832290362953,0.1737980159828452,3.299782064450057,0.8095238095238126,test,4
dopamine,2.0,7.5,SWV,7,0.0743592248996752,0.289294694820671,1.6328819168319195,-0.1801118404277796,0.0999999999999999,1.4,-0.0001118235970211,0.1002715347294267,-0.0872727055077347,1.6328819168319195,0.1779724655819774,0.0630788485607009,0.0810444743093844,1.6260668789044628,0.9999999999999964,test,0
uric_acid,0.1,7.0,SWV,3,0.0078519538886926,0.0174343767811011,0.0833850258697463,-0.0057280500113428,0.0999999999999999,1.4,-5.514596155202723e-06,0.0053038540103519,-0.0077146649848634,0.0833850258697463,0.3409261576971213,0.0981226533166457,0.0062603520655212,0.0806852420316365,0.5135135135135137,test,1
glucose,0.5,7.0,SWV,0,0.0353109556236727,0.0717266417217797,0.2825041655899076,-0.0342870178465182,0.0999999999999999,1.4,3.6502415939105983e-06,0.0234937752325923,-0.0258973703761035,0.2825041655899076,0.4846057571964955,0.143679599499374,0.0312093873668889,0.2749316007078604,0.8636363636363645,test,3
ascorbic_acid,0.2,8.0,SWV,4,0.0201408976322235,0.046244781098101,0.1932003148269521,-0.0172847432199797,0.0999999999999999,1.4,-6.345522472877302e-06,0.0152536373285831,-0.0110596426833136,0.1932003148269521,0.0097622027534417,0.1191489361702128,0.0184224606299141,0.1888534621345606,0.8378378378378376,test,2
ascorbic_acid,0.2,6.0,SWV,2,0.019203127978166,0.0444605291609271,0.1912958540610226,-0.0144449162804264,0.0999999999999999,1.4,-2.5332278829158504e-06,0.009957828723753,-0.0110673172301329,0.1912958540610226,0.1026282853566957,0.1244055068836045,0.0181023825714661,0.1871183929330791,0.7750000000000004,test,2
dopamine,0.1,6.5,SWV,4,0.0060379635919406,0.0162192577465623,0.0881388790236627,-0.0082595953319082,0.0999999999999999,1.4,-9.716531355891996e-07,0.0057944685120926,-0.0067121394979764,0.0881388790236627,0.2305381727158948,0.0718397997496871,0.004905641781969,0.0857368022597565,0.8636363636363674,test,0
dopamine,10.0,7.0,SWV,0,0.2398074667318739,0.927475787932177,5.15637092772701,-0.4760812780594203,0.0999999999999999,1.4,-2.4003896895436785e-05,0.4203439132277156,-0.3643438101755701,5.15637092772701,0.2007509386733416,0.0665832290362954,0.2674296278311335,5.129576934805382,0.8095238095238102,test,0
glucose,0.5,7.0,SWV,1,0.0349915615665691,0.0716698472731001,0.2832287994599843,-0.0257397722902421,0.0999999999999999,1.4,-1.0576452181016572e-05,0.0190348019688547,-0.0159982066826004,0.2832287994599843,0.4688360450563203,0.1471839799749688,0.0316826326499289,0.2759356859140923,0.6470588235294124,test,3
glucose,0.5,6.0,SWV,3,0.035368167197797,0.0711361520995294,0.2666237030177199,-0.0257641465591576,0.0999999999999999,1.4,-3.0102985023330383e-05,0.0184760964295254,-0.0272682202399658,0.2666237030177199,0.481101376720901,0.164705882352941,0.034020743814357,0.2592062975392045,0.4029850746268653,test,3
glucose,0.5,7.0,SWV,8,0.035497567366468,0.0715896116008477,0.2868241213599092,-0.0245619644445695,0.0999999999999999,1.4,3.157538921969458e-05,0.0204814499876992,-0.0189056251110817,0.2868241213599092,0.4775969962453065,0.143679599499374,0.0312286142731764,0.2794434905114024,0.7446808510638291,test,3
copper,2.0,6.0,SWV,0,0.0662287123175036,0.2886400788611823,1.6241155837876602,-0.276077793563642,0.0999999999999999,1.4,-7.795473757398787e-06,0.1122988070864503,-0.1181185779185908,1.6241155837876602,-0.0533166458072591,0.0613266583229036,0.0793266346348373,1.6128414703423688,0.9444444444444472,test,4
ascorbic_acid,0.2,7.5,SWV,1,0.0196387623117691,0.0461261205051289,0.1973603941486864,-0.0196122707150983,0.0999999999999999,1.4,-6.080281966203312e-06,0.0120081946681182,-0.0109583765315283,0.1973603941486864,0.0325406758448059,0.1173967459324155,0.0180019727806972,0.1931335553944042,0.9705882352941154,test,2
aluminum,0.1,7.5,SWV,0,0.0061327764584561,0.0138524762579458,0.0652991558273249,-0.0067690048680379,0.0999999999999999,1.4,2.4370596192847586e-06,0.0052063543189259,-0.0063749400971798,0.0652991558273249,-0.3126408010012516,0.0981226533166457,0.0048252193937389,0.0633850839507088,0.7499999999999998,test,5
copper,1.0,7.5,SWV,5,0.0369827463990886,0.1575814014178799,0.9543502835560544,-0.1305064080096186,0.0999999999999999,1.4,1.495913816979751e-05,0.0623543850485737,-0.0551908331394425,0.9543502835560544,-0.0392991239048811,0.0595744680851063,0.0428642586782227,0.94777453254192,0.8888888888888908,test,4
copper,0.1,6.5,SWV,1,0.00507886055688,0.0167889984937136,0.0956200631897693,-0.0152681550007601,0.0999999999999999,1.4,-1.15453849355267e-06,0.0070259173377577,-0.0051038299982252,0.0956200631897693,-0.0550688360450564,0.0648310387984981,0.0047829358207546,0.0939192034113237,0.681818181818181,test,4
aluminum,2.0,7.5,SWV,1,0.0825771054346608,0.2388273190754473,1.1124080256907076,-0.1219529354615055,0.0999999999999999,1.4,-4.802471615965307e-05,0.0823621618883304,-0.0723892830587034,1.1124080256907076,-0.3091364205256571,0.0963704630788485,0.082220257740714,1.1002628280353544,0.8965517241379298,test,5
ascorbic_acid,0.5,7.0,SWV,2,0.0451664227315056,0.1111015012642363,0.4730986271123461,-0.0390910800342735,0.0999999999999999,1.4,-1.0110783790951983e-05,0.0273925465495479,-0.0254809126825777,0.4730986271123461,0.0588235294117646,0.1173967459324155,0.0433766776412242,0.4651070205673264,0.9705882352941154,test,2
uric_acid,10.0,6.0,SWV,6,0.3308733904620524,0.9659441748823472,4.59740633260076,-0.3509317169529971,0.0999999999999999,1.4,3.1611216801855324e-05,0.3107722627483783,-0.2437758824520973,4.59740633260076,0.3987484355444304,0.0911138923654568,0.3278532060032665,4.560382151148167,0.7931034482758598,test,1
ascorbic_acid,2.0,6.5,SWV,0,0.1566731250430667,0.3948040698740055,1.6725740390273034,-0.1652131546857434,0.0999999999999999,1.4,4.252799509339433e-06,0.1282584837592453,-0.1417934617127603,1.6725740390273034,0.0640801001251564,0.1173967459324155,0.155605310538053,1.6527387846481492,0.6341463414634148,test,2
copper,0.5,7.0,SWV,6,0.0198340237208983,0.0812391655165973,0.4675025200529484,-0.0774734462187253,0.0999999999999999,1.4,2.7452207130402617e-06,0.0343740264208267,-0.0337884047963917,0.4675025200529484,-0.0428035043804756,0.0595744680851063,0.0220000503667653,0.4640852471777822,0.8888888888888908,test,4
ascorbic_acid,1.0,6.5,SWV,7,0.0832621003273478,0.2117031930191332,0.8983653616182657,-0.0750786114525178,0.0999999999999999,1.4,-7.791886516930621e-05,0.0608708415266929,-0.0519674657453567,0.8983653616182657,0.0570713391739674,0.1209011264080099,0.0852545435553524,0.8879664168477169,0.5000000000000013,test,2
uric_acid,0.2,6.0,SWV,4,0.0134734065398711,0.034165403711644,0.1641703081115165,-0.0126554068895868,0.0999999999999999,1.4,-4.325094581509752e-06,0.0098473688616179,-0.0097894331667778,0.1641703081115165,0.4075093867334166,0.0981226533166457,0.0121559881966943,0.1608971406346098,1.0,test,1
aluminum,5.0,7.0,SWV,0,0.1711408813424255,0.4917754607034846,2.283917330398784,-0.2722714566089125,0.0999999999999999,1.4,-1.2373717758383875e-06,0.1834453086385156,-0.2211459863350393,2.283917330398784,-0.3126408010012516,0.1051314142678347,0.1800456708837829,2.2592935406034447,1.0,test,5
copper,1.0,7.5,SWV,6,0.0370781652835408,0.1573598406483757,0.9143104628643122,-0.1437954122178954,0.0999999999999999,1.4,3.462576707738375e-06,0.0683765875506652,-0.0667810648326954,0.9143104628643122,-0.0357947434292866,0.0613266583229036,0.0435765640069133,0.908801300027815,0.8421052631578959,test,4
aluminum,5.0,7.5,SWV,6,0.1730139470641079,0.4987068375551136,2.344482496889268,-0.208751756816233,0.0999999999999999,1.4,1.868744827958898e-05,0.1617892060326103,-0.1653264790402651,2.344482496889268,-0.3021276595744681,0.0981226533166457,0.174636575611161,2.3265964596780124,0.9310344827586208,test,5
aluminum,5.0,7.0,SWV,8,0.1724587376161131,0.4938325296028676,2.3154869328304986,-0.2119135401092778,0.0999999999999999,1.4,0.0001959706411875,0.1676511843204496,-0.1510816807808016,2.3154869328304986,-0.3143929912390488,0.1051314142678347,0.1810285289723597,2.2914546215797955,0.9354838709677412,test,5
dopamine,0.1,6.0,SWV,6,0.0059780564234668,0.015989498379245,0.0929549264295556,-0.006061177906554,0.0999999999999999,1.4,2.649242732566883e-06,0.0051041354752456,-0.0049555119563189,0.0929549264295556,0.2550688360450562,0.064831038798498,0.00454496408926,0.090701951347007,0.681818181818183,test,0
uric_acid,10.0,7.0,SWV,0,0.3348051864478811,0.9878659948374752,4.472557297016889,-0.4694504848672692,0.0999999999999999,1.4,-4.208399909501199e-06,0.3345760652442933,-0.3549398390703899,4.472557297016889,0.3409261576971213,0.0981226533166457,0.3546411477025009,4.42432540321643,0.5135135135135137,test,1
aluminum,0.5,6.0,SWV,2,0.023908942461647,0.0658015729395376,0.2886855415375131,-0.0286148741368875,0.0999999999999999,1.4,-6.300600305820395e-06,0.0170805875959299,-0.0223125872993426,0.2886855415375131,-0.3126408010012516,0.106883604505632,0.0245440203762108,0.2842885439802322,0.6944444444444442,test,5
glucose,1.0,6.0,SWV,6,0.0655198826569573,0.1365600622593776,0.5081610819268948,-0.0464420261899242,0.0999999999999999,1.4,1.0179464118887569e-05,0.0383800745384258,-0.0333048378477843,0.5081610819268948,0.523153942428035,0.162953692115144,0.0648177545591224,0.4964734922154583,0.8979591836734657,test,3
dopamine,5.0,7.0,SWV,9,0.1567780078068313,0.5948218678950985,3.352199153108821,-0.3172579711614882,0.0999999999999999,1.4,-8.823650936574491e-05,0.2670817028738456,-0.1691288174036068,3.352199153108821,0.2007509386733416,0.0665832290362954,0.1714205397524262,3.330651310931,0.8095238095238102,test,0
aluminum,10.0,6.0,SWV,5,0.2646824008397146,0.7624097804070553,3.4172951875401085,-0.3396785087669861,0.0999999999999999,1.4,8.505625934825119e-05,0.288837707442067,-0.2020520126029548,3.4172951875401085,-0.3178973717146433,0.1033792240300375,0.279113543916454,3.3818497000869714,0.7878787878787881,test,5
copper,0.2,6.0,SWV,3,0.0089999673229171,0.0329017708021449,0.1892248739672643,-0.0259413613145944,0.0999999999999999,1.4,-1.3507639353232122e-05,0.0144413381739937,-0.0130092090806909,0.1892248739672643,-0.0568210262828535,0.0648310387984981,0.0093647312252005,0.186654537988706,0.8500000000000013,test,4
glucose,0.2,7.5,SWV,9,0.0159472244816548,0.0294540291388247,0.120418633225282,-0.0090628361888772,0.0999999999999999,1.4,-1.0971972323956122e-06,0.0082572028727493,-0.0071865582462357,0.120418633225282,0.4705882352941176,0.1541927409261576,0.0135147650764166,0.1159986546866382,0.8333333333333338,test,3
dopamine,0.1,7.5,SWV,6,0.006138740555269,0.0166807842187246,0.0930398424976144,-0.0072060394768643,0.0999999999999999,1.4,2.6571278341267978e-06,0.0054552485755963,-0.0074127813741656,0.0930398424976144,0.1814768460575718,0.0648310387984981,0.0047545881310935,0.0907857860081955,0.8500000000000013,test,0
ascorbic_acid,1.0,8.0,SWV,6,0.0879857750120454,0.2174765837418842,0.886690144011367,-0.0746581446199329,0.0999999999999999,1.4,1.0703836813242412e-05,0.0606479348992615,-0.0651262852503821,0.886690144011367,0.0150187734668334,0.1261576971214018,0.0897666713979932,0.8730586252663765,0.9459459459459452,test,2
ascorbic_acid,5.0,6.0,SWV,7,0.3129064044812558,0.8072931964807625,3.3353999347127314,-0.2927380031310138,0.0999999999999999,1.4,-0.000302550802146,0.2310387812606289,-0.1932568846402811,3.3353999347127314,0.1061326658322903,0.1261576971214016,0.3319606155920541,3.2937911399079223,0.6744186046511629,test,2
glucose,0.5,7.5,SWV,2,0.0353404719305076,0.0723280508693005,0.2896821857674866,-0.023360844675216,0.0999999999999999,1.4,-5.276251193337706e-06,0.0176611711597245,-0.0176001299112226,0.2896821857674866,0.4583229036295367,0.1612015018773467,0.0342778880628353,0.2828733015983762,0.6428571428571411,test,3
aluminum,5.0,6.0,SWV,0,0.1697948961467123,0.4879618736808674,2.189037787259075,-0.2683161745236159,0.0999999999999999,1.4,-1.5072383852878652e-06,0.1809691358462695,-0.211832337333476,2.189037787259075,-0.3126408010012516,0.1051314142678347,0.1802776459938896,2.164016204092924,0.6666666666666661,test,5
aluminum,10.0,8.0,SWV,5,0.2689216613334376,0.7747404464718164,3.591497011100122,-0.3472845602096081,0.0999999999999999,1.4,8.763453989466953e-05,0.2951545335889519,-0.2038961255719877,3.591497011100122,-0.3038798498122653,0.0981226533166457,0.270559715521925,3.557749717368525,0.7499999999999998,test,5
dopamine,0.5,7.5,SWV,9,0.0229234255290099,0.0806494610746213,0.4511547702614993,-0.0479343901528623,0.0999999999999999,1.4,-9.872253663271264e-06,0.026800308415143,-0.0336095236646707,0.4511547702614993,0.1762202753441801,0.0630788485607009,0.0225445801939405,0.4458985407086496,0.894736842105265,test,0
dopamine,5.0,6.5,SWV,7,0.1487044728869362,0.5823301543222142,3.0696052269796072,-0.3159593486141304,0.0999999999999999,1.4,-0.0002192305961551,0.1935944261600475,-0.2150643973437559,3.0696052269796072,0.2375469336670838,0.0700876095118898,0.1735769300002441,3.0526838205219,0.7391304347826059,test,0
uric_acid,0.5,7.5,SWV,9,0.0311646876968678,0.0861761697822941,0.4155831521625331,-0.031635383398178,0.0999999999999999,1.4,-8.851741591612579e-06,0.0249388809662493,-0.0237728324412347,0.4155831521625331,0.3216520650813516,0.0893617021276595,0.028810159421203,0.4103998524384645,0.7000000000000004,test,1
glucose,10.0,6.0,SWV,3,0.3854571578765044,0.8234607933196191,3.0611470875251747,-0.3207913319435114,0.0999999999999999,1.4,-0.0003722308708958,0.2122948669002278,-0.3126915999882044,3.0611470875251747,0.481101376720901,0.164705882352941,0.3937464743522441,2.9988975425876565,0.4029850746268653,test,3
copper,0.2,7.5,SWV,1,0.0087630091895339,0.0336025945059667,0.1971083991257556,-0.0307857003852251,0.0999999999999999,1.4,-5.014860050961342e-06,0.0125113461283547,-0.0119699686580581,0.1971083991257556,-0.0392991239048811,0.0595744680851063,0.0091608771560156,0.1951101920193564,0.8888888888888908,test,4
copper,1.0,6.0,SWV,1,0.0355815889744278,0.1552500899145392,0.8809639972533849,-0.1638981637730724,0.0999999999999999,1.4,-3.1228340734425016e-05,0.0641443483591958,-0.0424221648336105,0.8809639972533849,-0.0550688360450564,0.0630788485607009,0.0434455935195357,0.8761415134320981,0.8947368421052587,test,4
glucose,1.0,7.5,SWV,3,0.0672586845116379,0.1396778495148514,0.5518745059805331,-0.0534186702367435,0.0999999999999999,1.4,-6.29670423721937e-05,0.04033712958631,-0.0545606754060347,0.5518745059805331,0.481101376720901,0.1594493116395494,0.0656775629477842,0.5394356349453964,0.8958333333333346,test,3
ascorbic_acid,0.2,7.0,SWV,2,0.0195549632722468,0.0455201622577287,0.194881871727885,-0.0149577014967155,0.0999999999999999,1.4,-2.669468469176616e-06,0.011269446946103,-0.0104625052863648,0.194881871727885,0.0588235294117646,0.1191489361702128,0.0179551453293417,0.1907192518581067,0.999999999999998,test,2
ascorbic_acid,2.0,7.0,SWV,1,0.1565218534021453,0.3998289882625938,1.7406757970816935,-0.1830493994754842,0.0999999999999999,1.4,-7.155424240763541e-05,0.1035306648957865,-0.0981861585134802,1.7406757970816935,0.0483103879849812,0.1191489361702128,0.157554081193716,1.720160633957824,0.700000000000001,test,2
glucose,10.0,6.0,SWV,5,0.3816208408379886,0.8253236727594598,3.1402029657538577,-0.318589895126107,0.0999999999999999,1.4,0.0001084214361279,0.2708224870609302,-0.1854807981471916,3.1402029657538577,0.5266583229036294,0.1612015018773467,0.3887233777159806,3.07890939707207,0.803921568627451,test,3
aluminum,5.0,8.0,SWV,3,0.1758324204662741,0.4983220931789677,2.270274648255651,-0.2242548334379178,0.0999999999999999,1.4,-0.0002502458731514,0.1483536473812137,-0.192968447087746,2.270274648255651,-0.2951188986232791,0.1033792240300375,0.1805431065820187,2.245371803318467,0.9666666666666662,test,5
ascorbic_acid,10.0,6.0,SWV,1,0.4905089836222931,1.2634232505938852,5.308302093394246,-0.5752082388877258,0.0999999999999999,1.4,-0.0002290690297768,0.3304267433302661,-0.2777480222430434,5.308302093394246,0.1061326658322903,0.1244055068836045,0.5146519927016483,5.246325283361715,0.7317073170731705,test,2
glucose,0.2,6.0,SWV,4,0.0156736826462743,0.0289428023193676,0.1104910453925073,-0.0089460785090622,0.0999999999999999,1.4,-2.952387922890581e-06,0.0071444771227178,-0.007586499490592,0.1104910453925073,0.4933667083854817,0.1524405506883606,0.0131058877332873,0.1061734329996795,0.5818181818181816,test,3
ascorbic_acid,10.0,6.5,SWV,0,0.5008383487983996,1.272092629861799,5.38504174959798,-0.5369537023840923,0.0999999999999999,1.4,8.048474067439137e-06,0.4130482341829048,-0.4566286739254376,5.38504174959798,0.0640801001251564,0.1173967459324155,0.5013928319048913,5.325258870693041,0.6341463414634148,test,2
glucose,10.0,6.5,SWV,9,0.3855130368322795,0.8258145295141647,3.1313287491715998,-0.3180475853734918,0.0999999999999999,1.4,-9.52545185992475e-05,0.2184134706224806,-0.1962525133547493,3.1313287491715998,0.4723404255319147,0.1524405506883603,0.3737902972804016,3.069327378081029,0.3809523809523795,test,3
uric_acid,5.0,6.5,SWV,9,0.2160411365136811,0.6298994117297803,2.95657094622386,-0.2431990947405698,0.0999999999999999,1.4,-8.003194812742483e-05,0.2174407595489827,-0.204884190489864,2.95657094622386,0.3812265331664579,0.0981226533166458,0.2256467032104449,2.929612646593176,0.931034482758622,test,1
uric_acid,2.0,8.0,SWV,6,0.1076731674006394,0.3097134180501484,1.479594087879602,-0.1097529483103018,0.0999999999999999,1.4,1.1087887982527645e-05,0.0828403455245724,-0.0865091190637377,1.479594087879602,0.3111389236545681,0.0981226533166458,0.1109679512550419,1.4646186152415497,0.6969696969696987,test,1
ascorbic_acid,1.0,6.0,SWV,6,0.084602928550913,0.2093294855043279,0.8880323761374249,-0.0735723624648067,0.0999999999999999,1.4,1.1168892116306255e-05,0.0594873974993816,-0.0533722880795249,0.8880323761374249,0.1061326658322903,0.1279098873591989,0.0869269463229074,0.8749283500547176,0.6976744186046516,test,2
uric_acid,0.1,8.0,SWV,1,0.0077807895659766,0.0177936268868916,0.0838840583849945,-0.0063339152870055,0.0999999999999999,1.4,-8.449475403975589e-07,0.0048309436933391,-0.0049602419691364,0.0838840583849945,0.3111389236545681,0.0981226533166458,0.0063653907646374,0.0812657451595063,0.6470588235294128,test,1
dopamine,1.0,8.0,SWV,4,0.0428563959006009,0.1572239553351502,0.8325339278587168,-0.092041043122776,0.0999999999999999,1.4,-3.092015554525101e-05,0.0557239276849886,-0.0432519707482143,0.8325339278587168,0.1534418022528159,0.0718397997496871,0.0475002532440723,0.8245770730777302,0.8636363636363674,test,0
glucose,0.1,8.0,SWV,2,0.0090775299758162,0.014858551984424,0.0621661122586491,-0.003458981907991,0.0999999999999999,1.4,8.718584253946011e-07,0.003410730826344,-0.0038635396209648,0.0621661122586491,0.4583229036295367,0.157697121401752,0.0069579415532598,0.0589706615539434,0.8367346938775502,test,3
aluminum,10.0,6.5,SWV,7,0.2577590094667593,0.761398217371945,3.494025822509029,-0.3135911928310152,0.0999999999999999,1.4,-0.0003187137024945,0.2122513160088753,-0.200195775284901,3.494025822509029,-0.316145181476846,0.1051314142678347,0.2805179582137469,3.4669597830780057,0.8750000000000003,test,5
glucose,10.0,8.0,SWV,9,0.3924837085146213,0.8413786239278364,3.3138702466826286,-0.3259030066365378,0.0999999999999999,1.4,-9.950318085406424e-05,0.2366241212477912,-0.2008674529836832,3.3138702466826286,0.4705882352941176,0.1612015018773466,0.3983160795880477,3.2520174194497606,0.9166666666666644,test,3
ascorbic_acid,2.0,6.0,SWV,8,0.1560789009930273,0.3923547000550012,1.6156967184308952,-0.1470260650465117,0.0999999999999999,1.4,0.0001482498107462,0.111707422588537,-0.1074339147978886,1.6156967184308952,0.1026282853566957,0.1279098873591989,0.1622937411464549,1.5913495298932658,0.7804878048780504,test,2
aluminum,5.0,7.5,SWV,2,0.1706235772009012,0.4940296061861136,2.2471470002080487,-0.207622689044407,0.0999999999999999,1.4,-6.384487899969541e-05,0.1286079287645831,-0.1560530742387206,2.2471470002080487,-0.3073842302878598,0.099874843554443,0.1744510282633101,2.2247735385408105,0.8999999999999998,test,5
ascorbic_acid,10.0,6.5,SWV,6,0.5036847857076512,1.2689419774202153,5.394422877920108,-0.4566784401955602,0.0999999999999999,1.4,5.5604182237333214e-05,0.3622162084958499,-0.3211062586939879,5.394422877920108,0.076345431789737,0.1191489361702127,0.5054523290878203,5.325674081075671,0.9428571428571422,test,2
ascorbic_acid,2.0,7.0,SWV,8,0.1592265179446789,0.3999759738167557,1.7098680022000674,-0.1517068488874038,0.0999999999999999,1.4,0.0001537526431296,0.1150463833046854,-0.1180433248589446,1.7098680022000674,0.0640801001251564,0.1244055068836045,0.1621059625331036,1.6860452924032698,0.918918918918918,test,2
uric_acid,5.0,8.0,SWV,5,0.2207466283944712,0.6413311040189401,2.933711714436694,-0.2322429417232144,0.0999999999999999,1.4,6.388360108788758e-05,0.2161823898062766,-0.2113695873865635,2.933711714436694,0.3006257822277847,0.0998748435544431,0.2324869352922916,2.900268386516503,0.9000000000000008,test,1
dopamine,0.5,6.5,SWV,3,0.022593993750943,0.0789901640148113,0.4182542896669009,-0.043570026296628,0.0999999999999999,1.4,-3.323651766990184e-05,0.023376006480527,-0.0289751626306091,0.4182542896669009,0.2410513141426782,0.0735919899874844,0.024221175356089,0.4125642157837558,0.680000000000001,test,0
copper,0.5,8.0,SWV,9,0.020122133177867,0.0828877270391928,0.5043488515231602,-0.0632066052175825,0.0999999999999999,1.4,-1.1013065278709012e-05,0.0312946145037851,-0.0287307338467684,0.5043488515231602,-0.0375469336670839,0.0578222778473092,0.022134705939966,0.5001789917500521,0.7368421052631553,test,4
glucose,10.0,6.5,SWV,5,0.3839380385800681,0.8303283196677774,3.2176429426009543,-0.3192812484529894,0.0999999999999999,1.4,0.0001089455120059,0.274772003827133,-0.1852957028662395,3.2176429426009543,0.4775969962453065,0.1524405506883603,0.377546371534146,3.1577536861388538,0.5,test,3
ascorbic_acid,2.0,7.5,SWV,1,0.1580690008682734,0.4034454966934596,1.7126901490425124,-0.1849022811227409,0.0999999999999999,1.4,-7.229616867568151e-05,0.1045674808882427,-0.0952785220191638,1.7126901490425124,0.0325406758448059,0.1173967459324155,0.1576406474321561,1.690912125486279,0.9705882352941154,test,2
uric_acid,5.0,6.0,SWV,8,0.2134924874076711,0.6186590830468351,2.9347712032942392,-0.2387282984679544,0.0999999999999999,1.4,0.0002217428106386,0.1825846671543179,-0.17003484989717,2.9347712032942392,0.4057571964956193,0.0893617021276595,0.2057704711971492,2.9035360624078965,0.961538461538466,test,1
uric_acid,0.2,8.0,SWV,9,0.0139299818741663,0.0354350727538294,0.166074510656725,-0.0115492464685868,0.0999999999999999,1.4,-2.1380455426580463e-06,0.0101535162193828,-0.0088647282871782,0.166074510656725,0.3111389236545681,0.0981226533166458,0.0127448488062532,0.162834204280819,0.6969696969696987,test,1
dopamine,0.1,7.0,SWV,2,0.0060136585599492,0.0164148827774045,0.0931504955237981,-0.0049280218601374,0.0999999999999999,1.4,1.8427852246034818e-07,0.0076012865781489,-0.0046736648354822,0.0931504955237981,0.2025031289111388,0.0665832290362954,0.0047352283767429,0.0909341164139286,0.9000000000000019,test,0
dopamine,10.0,6.0,SWV,3,0.2391954246569394,0.9076098403178238,5.062755277255087,-0.4399727104010897,0.0999999999999999,1.4,-0.0004220641547604,0.3986922498000926,-0.3406902975442381,5.062755277255087,0.2620775969962452,0.0630788485607009,0.2531880438246384,5.029722291835771,0.894736842105265,test,0
dopamine,5.0,7.0,SWV,2,0.1535361506379819,0.5937266231787822,3.300174027244568,-0.2360479296053771,0.0999999999999999,1.4,-8.087582358443954e-05,0.2730397962799583,-0.1671005170416113,3.300174027244568,0.2025031289111388,0.0665832290362954,0.1713021940958211,3.285239231229755,0.9000000000000019,test,0
uric_acid,0.5,6.5,SWV,8,0.030558302466834,0.0842152773376025,0.3957663141442145,-0.0299261718726403,0.0999999999999999,1.4,3.2134483405907034e-05,0.024745297425818,-0.0245513378354692,0.3957663141442145,0.3812265331664579,0.0946182728410512,0.0294384709125216,0.3899386649341672,0.7999999999999996,test,1
dopamine,0.5,7.5,SWV,6,0.0228266292928866,0.0810575472916356,0.444805988745084,-0.0418533880601919,0.0999999999999999,1.4,3.1003938644724557e-06,0.0262537782761186,-0.0357846592217841,0.444805988745084,0.1814768460575718,0.0648310387984981,0.0231116747630633,0.441000196960291,0.8500000000000013,test,0
glucose,1.0,6.5,SWV,4,0.0659649065505687,0.1375260184989671,0.5351995160787992,-0.0521496307783382,0.0999999999999999,1.4,-2.362468607214588e-05,0.0350000631473954,-0.0351585286818447,0.5351995160787992,0.4846057571964955,0.148936170212766,0.061388905753979,0.5226656315625523,0.7000000000000013,test,3
aluminum,2.0,7.5,SWV,0,0.0836711544516933,0.2384190345627035,1.104541594276119,-0.1315167484643571,0.0999999999999999,1.4,7.07249867606249e-07,0.0889542368664623,-0.108992804680986,1.104541594276119,-0.3126408010012516,0.0981226533166457,0.0831109309841241,1.0927626778059876,0.7499999999999998,test,5
uric_acid,5.0,6.5,SWV,2,0.2125903742168562,0.6260130116583866,2.860207093858224,-0.2288970551240092,0.0999999999999999,1.4,-7.219694009037426e-05,0.1400599198065262,-0.1540090682386523,2.860207093858224,0.3812265331664579,0.0981226533166458,0.2241666992708135,2.832073230368377,0.8666666666666671,test,1
copper,2.0,7.5,SWV,3,0.0690211930554899,0.2928002943537037,1.7008444356453245,-0.2390575940727131,0.0999999999999999,1.4,-0.0001451790568825,0.1222140800534574,-0.126706154748372,1.7008444356453245,-0.0392991239048811,0.057822277847309,0.0781886482659308,1.6886997336217118,0.9411764705882382,test,4
aluminum,0.1,8.0,SWV,1,0.0060866628293282,0.0139383112718888,0.0654618073379959,-0.0058116900457985,0.0999999999999999,1.4,-4.5645978028124283e-07,0.0050969646618799,-0.0042096729274193,0.0654618073379959,-0.3091364205256571,0.106883604505632,0.0051524528425975,0.0635148188493334,0.605263157894737,test,5
glucose,0.2,8.0,SWV,7,0.0156663094466156,0.0297628128497476,0.1150840084206452,-0.0092554443568299,0.0999999999999999,1.4,-9.084235452386635e-06,0.00727234502133,-0.007094783671698,0.1150840084206452,0.4530663329161452,0.1682102628285356,0.0144718466060722,0.1109200683276016,0.7142857142857161,test,3
glucose,1.0,6.0,SWV,8,0.0655537419818895,0.1366036910885384,0.5155804692762282,-0.0482260151510218,0.0999999999999999,1.4,5.689067176432411e-05,0.0383720176390743,-0.0354448155920443,0.5155804692762282,0.5301627033792239,0.1506883604505633,0.0615144719611134,0.5035235839909306,0.7200000000000015,test,3
glucose,2.0,6.0,SWV,3,0.1211431467651754,0.2554618883586457,0.9513072908734486,-0.0974776506010318,0.0999999999999999,1.4,-0.0001139274216708,0.0659634539858681,-0.0971995383271023,0.9513072908734486,0.481101376720901,0.164705882352941,0.1220997005830036,0.930108765192677,0.4029850746268653,test,3
glucose,0.5,6.5,SWV,4,0.0353087009212541,0.0713356913146431,0.2787753586479291,-0.0258718136285945,0.0999999999999999,1.4,-1.1089241608057964e-05,0.0182223255167098,-0.0182811297728125,0.2787753586479291,0.4846057571964955,0.148936170212766,0.0318224938665759,0.2710445967116492,0.7000000000000013,test,3
uric_acid,0.2,7.5,SWV,2,0.0136269775311823,0.0349576557490344,0.1671457242789676,-0.0111829160485172,0.0999999999999999,1.4,-1.7038506067890178e-06,0.0082247619549914,-0.0093877707177314,0.1671457242789676,0.3339173967459323,0.0963704630788485,0.0122681922501656,0.1638240766269405,0.8333333333333334,test,1
uric_acid,5.0,6.0,SWV,7,0.2071642881327827,0.621267845902157,2.9429888963841324,-0.2279720930700001,0.0999999999999999,1.4,-0.0002314979574897,0.138932249536469,-0.1489097451121198,2.9429888963841324,0.4005006257822278,0.0911138923654568,0.2107297437855544,2.919614609161206,0.8571428571428598,test,1
aluminum,0.2,6.5,SWV,3,0.0109013618385014,0.0272595302556769,0.1247913276321427,-0.0112559762653631,0.0999999999999999,1.4,-1.1410822703105828e-05,0.0078960979498935,-0.0106038758476224,0.1247913276321427,-0.3108886107634543,0.1033792240300375,0.0099143385321568,0.1220264708165683,0.7352941176470591,test,5
aluminum,1.0,7.5,SWV,2,0.0452712140463371,0.1281835654309419,0.5839465648618987,-0.0531137541858557,0.0999999999999999,1.4,-1.4706551983674747e-05,0.0333831575947814,-0.040491638130098,0.5839465648618987,-0.3073842302878598,0.099874843554443,0.0452737100308357,0.5772837230087151,0.8999999999999998,test,5
copper,1.0,7.5,SWV,1,0.0360413193281846,0.1577506643927537,0.9205331850762024,-0.1516839304101002,0.0999999999999999,1.4,-3.275733051741116e-05,0.0587119219948389,-0.0561266902764978,0.9205331850762024,-0.0392991239048811,0.0595744680851063,0.0429679019585629,0.9156714720552188,0.8888888888888908,test,4
copper,0.1,6.0,SWV,9,0.0051862182741782,0.016733223297772,0.0938829822506328,-0.0130251755252228,0.0999999999999999,1.4,-1.8060592152200618e-07,0.007292929077178,-0.0055361029087017,0.0938829822506328,-0.0568210262828535,0.0665832290362953,0.0048559147351888,0.0920892970032815,0.8095238095238126,test,4
dopamine,0.5,6.5,SWV,0,0.0221490377114249,0.0786139181099622,0.4208521623118426,-0.0413578296091359,0.0999999999999999,1.4,-4.512937990630398e-09,0.0277457589171402,-0.0301942406006963,0.4208521623118426,0.2287859824780975,0.0683354192740925,0.0230239165837236,0.4162433258463517,0.7727272727272753,test,0
copper,0.1,6.5,SWV,7,0.0050165942320725,0.0168289643841867,0.0946913002390183,-0.0161707536207822,0.0999999999999999,1.4,-4.329696641976505e-06,0.0062478659592651,-0.0058722926384865,0.0946913002390183,-0.0550688360450564,0.0613266583229036,0.0046465450489102,0.0931413492841692,0.6666666666666656,test,4
uric_acid,1.0,6.5,SWV,0,0.056798883477049,0.1626803230901762,0.7593680813938183,-0.0785565409266854,0.0999999999999999,1.4,1.4668796001869122e-06,0.0539954825385421,-0.0588627609558718,0.7593680813938183,0.3864831038798497,0.0963704630788485,0.0574745973693191,0.7498905724623239,0.6666666666666647,test,1
copper,1.0,7.0,SWV,6,0.0369026803726751,0.1563805640847335,0.8986441061024725,-0.1509366547971415,0.0999999999999999,1.4,2.9298788857137164e-06,0.066165342916775,-0.0650130373839402,0.8986441061024725,-0.0428035043804756,0.0595744680851063,0.0423658512601797,0.8936444285709999,0.8888888888888908,test,4
uric_acid,2.0,6.0,SWV,1,0.1020448927859504,0.3001678081631277,1.4489206184202617,-0.1367119511408254,0.0999999999999999,1.4,-5.415507199403851e-05,0.0798635172933699,-0.0775783270355462,1.4489206184202617,0.4005006257822278,0.0911138923654568,0.1011073378178931,1.435228814039428,0.8571428571428598,test,1
glucose,0.5,6.5,SWV,2,0.0349463686724561,0.071540865422939,0.2776569782053651,-0.0229147480420736,0.0999999999999999,1.4,-5.009572002975765e-06,0.0194604748315366,-0.0164157437698346,0.2776569782053651,0.4951188986232789,0.1454317897371715,0.0315527013093982,0.2710077110880862,0.8444444444444427,test,3
copper,1.0,8.0,SWV,1,0.0362107236604343,0.158758446106841,0.9216472201775436,-0.1402999914743738,0.0999999999999999,1.4,-3.298430557649307e-05,0.0568148926086119,-0.0577957482105392,0.9216472201775436,-0.0392991239048811,0.0578222778473092,0.0425273592723647,0.9166511186180768,0.6500000000000019,test,4
glucose,0.2,6.5,SWV,4,0.0157563178033448,0.0291212461077608,0.1152292424912322,-0.0091119459976556,0.0999999999999999,1.4,-3.0941943514350826e-06,0.0075215637207607,-0.0075413923281158,0.1152292424912322,0.4846057571964955,0.148936170212766,0.0129932966635449,0.1107506992875649,0.7000000000000013,test,3
glucose,0.1,6.0,SWV,3,0.0090456866956385,0.0145751988144462,0.0565091628291896,-0.0041872727852018,0.0999999999999999,1.4,-4.379083829908468e-06,0.0039032565445102,-0.005807815747617,0.0565091628291896,0.481101376720901,0.1629536921151437,0.0069252819610831,0.053189532812194,0.3880597014925367,test,3
dopamine,0.5,6.0,SWV,9,0.0221410590644331,0.0781103595278778,0.4376964989173363,-0.0399535902189981,0.0999999999999999,1.4,-9.412191092095898e-06,0.0315663571389963,-0.0259830097370757,0.4376964989173363,0.2550688360450562,0.0630788485607007,0.021736803420798,0.4327473570297173,0.6363636363636369,test,0
aluminum,10.0,8.0,SWV,3,0.2727384518137081,0.7750888212361693,3.5304905465298257,-0.3500835955943886,0.0999999999999999,1.4,-0.0003905712839071,0.2307274688289635,-0.3001157717004925,3.5304905465298257,-0.2951188986232791,0.1033792240300375,0.2808280240016377,3.49259869998996,0.9666666666666662,test,5
copper,0.2,7.0,SWV,4,0.0089610037814455,0.0333735895728788,0.1919278055400372,-0.0288309492052727,0.0999999999999999,1.4,-5.186540493929591e-06,0.0129574310518647,-0.0137304127460327,0.1919278055400372,-0.0375469336670839,0.0595744680851064,0.0090369121381217,0.1896286883944625,0.7000000000000025,test,4
glucose,5.0,6.0,SWV,1,0.2429440310309989,0.526510048026475,2.018991820795837,-0.1943046947027441,0.0999999999999999,1.4,-9.000117871717885e-05,0.1432994019810455,-0.1149426756804858,2.018991820795837,0.4986232790988735,0.1541927409261576,0.2412331463223839,1.9812302289002883,0.6000000000000014,test,3
copper,0.1,8.0,SWV,9,0.0052635046694824,0.0171723330034246,0.105549782327067,-0.0115493170287965,0.0999999999999999,1.4,-2.932583445133005e-07,0.0064756417478359,-0.0059342930474772,0.105549782327067,-0.0375469336670839,0.0578222778473092,0.0045909816536619,0.1036891033994186,0.7368421052631553,test,4
copper,10.0,7.0,SWV,4,0.2147883489291029,0.9394504341837768,5.366770153738878,-0.8649040725646844,0.0999999999999999,1.4,-0.000213681194366,0.3649514987974005,-0.3867644035387191,5.366770153738878,-0.0375469336670839,0.0595744680851064,0.2542565644423165,5.337403781744677,0.7000000000000025,test,4
ascorbic_acid,1.0,7.0,SWV,7,0.08406658068957,0.2140678139487067,0.9342443277880872,-0.0758095396661969,0.0999999999999999,1.4,-7.92716742392728e-05,0.0549154722244594,-0.050829445864302,0.9342443277880872,0.0570713391739674,0.1191489361702128,0.0843782299842929,0.9233213803050144,0.999999999999998,test,2
aluminum,2.0,6.0,SWV,5,0.0831080373785962,0.2366961015411047,1.0617834415223912,-0.104861816472458,0.0999999999999999,1.4,2.818203417237544e-05,0.0897051239564692,-0.0627518272570088,1.0617834415223912,-0.3178973717146433,0.1033792240300375,0.0866940167449159,1.050287350371798,0.7878787878787881,test,5
copper,0.1,7.0,SWV,2,0.0051284931842968,0.0168911558885554,0.0965501102906576,-0.013090506967768,0.0999999999999999,1.4,-1.1332937548332338e-08,0.0070445211579041,-0.0058322514393326,0.0965501102906576,-0.0410513141426783,0.0613266583229036,0.0046564466789465,0.0947734545003741,0.8421052631578959,test,4
uric_acid,0.5,7.0,SWV,6,0.0307997964787762,0.0849478640682528,0.3991309665179393,-0.0290763008807155,0.0999999999999999,1.4,4.9996549670849485e-06,0.0353925192235099,-0.0245866030981409,0.3991309665179393,0.339173967459324,0.0963704630788484,0.0303304515252056,0.3938560593985805,0.4864864864864863,test,1
copper,10.0,7.0,SWV,3,0.218096930223505,0.9366800782646268,5.278341660897459,-0.7998980782544869,0.0999999999999999,1.4,-0.0004588916625433,0.3561070365867151,-0.3846862005577169,5.278341660897459,-0.0392991239048811,0.0613266583229036,0.2578888571625963,5.238141469781524,0.8421052631578898,test,4
uric_acid,5.0,6.0,SWV,4,0.2135889578251494,0.6228438875051518,2.9562041406598,-0.2675845800323926,0.0999999999999999,1.4,-0.0001209638631216,0.1777211377008432,-0.176807251144675,2.9562041406598,0.4075093867334166,0.0981226533166457,0.2214342751784765,2.927635280421427,1.0,test,1
aluminum,10.0,6.0,SWV,9,0.2661844998268615,0.7610858345548123,3.358798188047253,-0.3025856116274788,0.0999999999999999,1.4,-0.0001096923117798,0.2121338876921128,-0.2793866784640579,3.358798188047253,-0.3143929912390488,0.106883604505632,0.2840961346419771,3.3212915739177595,0.6944444444444449,test,5
glucose,2.0,8.0,SWV,5,0.122820468753822,0.2616449176453087,1.0326509663670018,-0.0929893171344879,0.0999999999999999,1.4,3.596120975474161e-05,0.0874083002484007,-0.0580837832889264,1.0326509663670018,0.4513141426783479,0.1594493116395493,0.1231550939105134,1.011768018870307,0.6545454545454555,test,3
copper,0.2,7.0,SWV,7,0.0086079457243484,0.0334812051441257,0.188606888796912,-0.0342477918457033,0.0999999999999999,1.4,-1.1260775352560824e-05,0.0129065704188058,-0.0126875987247319,0.188606888796912,-0.0375469336670839,0.0613266583229036,0.0092298084619306,0.1868072230994439,0.6666666666666707,test,4
aluminum,0.1,6.0,SWV,4,0.0061159704339312,0.0137544920193832,0.0627370678586694,-0.005214287740583,0.0999999999999999,1.4,-5.457022340237298e-07,0.0044043485957972,-0.004267767101415,0.0627370678586694,-0.3126408010012516,0.1016270337922402,0.0049511102499548,0.06079360057743,0.5263157894736845,test,5
glucose,5.0,6.0,SWV,2,0.2440217890615323,0.529292866117953,2.01173239882126,-0.1788233381452338,0.0999999999999999,1.4,-5.137313605897205e-05,0.1458861661789747,-0.1216902426572757,2.01173239882126,0.4951188986232789,0.1612015018773467,0.2500463649609484,1.978820418970722,0.5333333333333338,test,3
dopamine,10.0,6.0,SWV,0,0.2338564954393069,0.902469314294022,5.032515544362197,-0.4595744032416972,0.0999999999999999,1.4,-2.332067166073138e-05,0.5025797219285228,-0.355311111973401,5.032515544362197,0.2550688360450562,0.0648310387984981,0.2564109990893098,5.005332369005228,0.7619047619047621,test,0
dopamine,5.0,7.0,SWV,5,0.1557328556725253,0.5984546318664701,3.3629423873168567,-0.2453947333576865,0.0999999999999999,1.4,4.7268465012929234e-05,0.2470197756279171,-0.1643543741270956,3.3629423873168567,0.2025031289111388,0.0665832290362954,0.1726981336969132,3.3447924150626247,0.9000000000000019,test,0
uric_acid,5.0,7.5,SWV,4,0.2194120793505189,0.6391886024400645,3.037686464942881,-0.2749938384848289,0.0999999999999999,1.4,-0.0001243543903904,0.165283094926437,-0.1611264437254,3.037686464942881,0.3216520650813516,0.0946182728410512,0.2214805340599875,3.00853405313634,0.7419354838709666,test,1
copper,0.5,7.5,SWV,8,0.0199452660085912,0.0814590323025938,0.4977882886778242,-0.0666772435535795,0.0999999999999999,1.4,3.078576879042939e-05,0.0326806079288302,-0.0385298497058624,0.4977882886778242,-0.0357947434292866,0.0595744680851063,0.0221444889769471,0.4937010878989744,0.8888888888888908,test,4
copper,0.5,6.5,SWV,5,0.0196960081831049,0.0808153804756282,0.4473301183998964,-0.0722336391616083,0.0999999999999999,1.4,8.167929655525699e-06,0.0304007596721222,-0.0246590167341479,0.4473301183998964,-0.0585732165206508,0.0630788485607009,0.0226282870334444,0.4436057142048434,0.5000000000000013,test,4
glucose,0.2,6.5,SWV,8,0.0157513937519478,0.029075567493149,0.1147424719728832,-0.0087263313036595,0.0999999999999999,1.4,1.4398269346707723e-05,0.0083497009168039,-0.0077046419757491,0.1147424719728832,0.4775969962453065,0.1506883604505631,0.0130645601830757,0.1103512697944089,0.5087719298245615,test,3
dopamine,0.5,8.0,SWV,1,0.0226080043231163,0.0823532016564808,0.433308290739939,-0.0423708218403436,0.0999999999999999,1.4,-1.410965539039388e-05,0.026586240847136,-0.0252094339457693,0.433308290739939,0.1464330413016269,0.0753441802252815,0.0256067753744137,0.4293739755274088,0.7916666666666665,test,0
copper,1.0,8.0,SWV,7,0.0355970758751446,0.1592200172120385,0.9536695873303556,-0.148785666765649,0.0999999999999999,1.4,-6.427615990947008e-05,0.063145430208028,-0.0674761855120208,0.9536695873303556,-0.0357947434292866,0.0578222778473092,0.0427035252059968,0.9500987467471022,0.8333333333333316,test,4
ascorbic_acid,10.0,6.0,SWV,0,0.4958187401660804,1.2595896522287398,5.324867956206274,-0.5840570507544552,0.0999999999999999,1.4,7.442197303964003e-06,0.4070942939744469,-0.4499579239466884,5.324867956206274,0.1061326658322903,0.1244055068836044,0.5130410384434999,5.262730537075505,0.6511627906976742,test,2
ascorbic_acid,10.0,6.5,SWV,4,0.5041966430067395,1.2575321329828364,5.286243714483929,-0.5474126003644906,0.0999999999999999,1.4,-0.0002453783275102,0.3430598024377994,-0.357527623762419,5.286243714483929,0.0605757196495618,0.1209011264080099,0.5052397856240806,5.212081091215091,0.5681818181818183,test,2
copper,5.0,7.0,SWV,2,0.1356787511644687,0.6049440593775987,3.41072343783281,-0.5375105106933785,0.0999999999999999,1.4,-8.783243520806807e-05,0.2522450031418229,-0.2084593518178061,3.41072343783281,-0.0410513141426783,0.0613266583229036,0.1667526505364289,3.395191674618399,0.8421052631578959,test,4
copper,0.1,6.0,SWV,7,0.0049984110399794,0.0167559240429059,0.0951304092055331,-0.0147111678396701,0.0999999999999999,1.4,-4.295597579462606e-06,0.0068270375403968,-0.0053729445777447,0.0951304092055331,-0.0550688360450564,0.0630788485607009,0.0047113859798552,0.0936377223813116,0.8947368421052587,test,4
aluminum,5.0,7.0,SWV,1,0.1688853134149862,0.4924839747157921,2.2821710434421147,-0.2530302996278194,0.0999999999999999,1.4,-0.0001017065992975,0.1761119103209646,-0.1497772833804256,2.2821710434421147,-0.3091364205256571,0.1016270337922402,0.1762583674484959,2.258128749530108,0.8709677419354842,test,5
aluminum,0.5,6.0,SWV,6,0.0242258582026449,0.0663507888128948,0.2941671334846697,-0.0251938287630937,0.0999999999999999,1.4,4.641553064918704e-06,0.0214757035618431,-0.0205803547989807,0.2941671334846697,-0.3196495619524405,0.1086357947434292,0.0251984856982634,0.2911231104584439,0.8787878787878782,test,5
ascorbic_acid,5.0,7.5,SWV,6,0.3309554151242053,0.8312674565058311,3.614957431934352,-0.3006503338831399,0.0999999999999999,1.4,3.805871695146457e-05,0.2389653867963808,-0.2561113954454947,3.614957431934352,0.0395494367959949,0.1173967459324154,0.3244675807306094,3.5641026884401548,0.9142857142857131,test,2
aluminum,0.5,8.0,SWV,4,0.0246229294161739,0.0671776982834317,0.3099232484997752,-0.0307067691300328,0.0999999999999999,1.4,-1.241394122335344e-05,0.0218503721310021,-0.018671188993892,0.3099232484997752,-0.3056320400500626,0.1033792240300375,0.0243604806617589,0.306110277680563,0.6857142857142854,test,5
ascorbic_acid,0.5,6.0,SWV,7,0.0436756676394526,0.1086772134432253,0.4505768222454082,-0.0377033995431058,0.0999999999999999,1.4,-3.867220557938457e-05,0.0311343073751494,-0.0260470350388243,0.4505768222454082,0.1061326658322903,0.1261576971214016,0.0447001503036296,0.4435092896948112,0.6744186046511629,test,2
dopamine,0.1,6.5,SWV,6,0.0060319479032907,0.0162234436054531,0.0877058732063349,-0.0077030300832344,0.0999999999999999,1.4,2.5656942284393887e-06,0.0057618547409651,-0.005310519326566,0.0877058732063349,0.2340425531914892,0.0718397997496871,0.0049144559315306,0.0853894578468779,0.9523809523809518,test,0
dopamine,10.0,6.0,SWV,5,0.2352646736881491,0.9040320568789484,5.042999661639459,-0.4154222792779649,0.0999999999999999,1.4,7.041978296336422e-05,0.3379903691419221,-0.3267978154470383,5.042999661639459,0.2638297872340425,0.0648310387984981,0.2568203357905274,5.012749818630914,0.7619047619047621,test,0
dopamine,0.1,7.5,SWV,5,0.0061290900306796,0.0167552887981705,0.0964198450618256,-0.0076427776934252,0.0999999999999999,1.4,3.8198730257129785e-06,0.0062816642335864,-0.0074982332708964,0.0964198450618256,0.1744680851063829,0.0630788485607009,0.0046820399590436,0.0941043845412296,0.8000000000000006,test,0
glucose,0.1,6.0,SWV,2,0.0089148286034727,0.0145753726905534,0.0577611782275368,-0.0032714954242088,0.0999999999999999,1.4,9.917293267640623e-07,0.0041149279689788,-0.0034335701446835,0.0577611782275368,0.4951188986232789,0.1612015018773467,0.0068846664628929,0.0546500945768745,0.5333333333333338,test,3
ascorbic_acid,0.5,7.5,SWV,4,0.0461549433886244,0.1114632141409776,0.4882116283771005,-0.0466740421101049,0.0999999999999999,1.4,-1.9548314887246828e-05,0.0360439707623397,-0.0288678965069531,0.4882116283771005,0.0413016270337921,0.1244055068836045,0.0451590737334776,0.4795492172191696,0.8205128205128215,test,2
aluminum,0.2,7.0,SWV,5,0.0108034692760216,0.02736461510429,0.1256107859211938,-0.0114312700535947,0.0999999999999999,1.4,5.578873347812954e-06,0.0104681126450549,-0.0072302987095319,0.1256107859211938,-0.3038798498122653,0.1086357947434292,0.0102618311837626,0.1231963816737966,0.7714285714285712,test,5
copper,1.0,7.5,SWV,8,0.0371168553625505,0.1568083028756426,0.956963084295891,-0.1301768309393508,0.0999999999999999,1.4,5.683813331008253e-05,0.0629138222433987,-0.0741713914032146,0.956963084295891,-0.0357947434292866,0.0595744680851063,0.0426227554422947,0.950296608227358,0.8888888888888908,test,4
ascorbic_acid,1.0,7.0,SWV,3,0.0871532558911192,0.2144810336603586,0.9160790178631678,-0.0845428756627023,0.0999999999999999,1.4,-9.691117392246011e-05,0.054436261930582,-0.0782437968306983,0.9160790178631678,0.0605757196495618,0.1226533166458072,0.0862409604426515,0.9013365804143528,1.0,test,2
aluminum,0.2,6.0,SWV,2,0.0106150319859024,0.0270163754929162,0.1192670357571594,-0.011145812443778,0.0999999999999999,1.4,-1.1080018620752337e-06,0.0070253138426209,-0.0091620561004194,0.1192670357571594,-0.3126408010012516,0.106883604505632,0.0100778924647769,0.1167085678034323,0.6944444444444442,test,5
copper,0.1,6.0,SWV,8,0.0051697897065799,0.0165767903861895,0.0930960959584025,-0.013018137571038,0.0999999999999999,1.4,7.978952433376548e-06,0.0061211751563751,-0.0063832822843755,0.0930960959584025,-0.0568210262828535,0.0630788485607009,0.004641375491982,0.0912653883935951,0.8000000000000006,test,4
copper,5.0,6.5,SWV,4,0.1378923865429778,0.6005020012986788,3.3852247497094905,-0.5482965299871421,0.0999999999999999,1.4,-0.0001340812897126,0.2216403533150757,-0.2290348028490867,3.3852247497094905,-0.0533166458072591,0.0613266583229036,0.165296797280181,3.3673275369598,0.75,test,4
uric_acid,1.0,7.5,SWV,3,0.0587920996751876,0.1659179601914914,0.7893735455735006,-0.0647944865227602,0.0999999999999999,1.4,-7.295679485562179e-05,0.0445605336675706,-0.0659624565154201,0.7893735455735006,0.3216520650813516,0.0946182728410512,0.0573957726881419,0.7793941610747495,0.6874999999999982,test,1
copper,2.0,7.5,SWV,0,0.0671693626964548,0.294003145508747,1.7254308411312618,-0.2692549530616134,0.0999999999999999,1.4,-6.873179922636382e-06,0.1426444982719177,-0.1403188553103055,1.7254308411312618,-0.0392991239048811,0.057822277847309,0.0783636861206339,1.7148301171235167,0.9411764705882382,test,4
glucose,10.0,6.0,SWV,7,0.3735047534117851,0.8268208873583343,3.0744083955155466,-0.2934686879045997,0.0999999999999999,1.4,-0.0003039261672901,0.1935973086916124,-0.2093665179719024,3.0744083955155466,0.4986232790988735,0.162953692115144,0.3912924051639037,3.0218231580204127,0.6034482758620703,test,3
glucose,2.0,7.5,SWV,6,0.1222654102202848,0.2587910222587513,0.9983442645338636,-0.0912856340410969,0.0999999999999999,1.4,1.6443732776944973e-05,0.0756586593101588,-0.0642868734115547,0.9983442645338636,0.4635794743429285,0.1524405506883606,0.1177238630784266,0.9774337398596732,0.6415094339622647,test,3
glucose,0.5,7.5,SWV,6,0.035679637858021,0.0720337124852895,0.2796603108276165,-0.023942004881382,0.0999999999999999,1.4,6.43413461865783e-06,0.0211586260122438,-0.0180122537233466,0.2796603108276165,0.4635794743429285,0.1524405506883606,0.0328018914127736,0.2723921311775281,0.6415094339622647,test,3
dopamine,0.5,6.0,SWV,2,0.021714240400068,0.0779520747071326,0.434263267152053,-0.0364397276504162,0.0999999999999999,1.4,-8.443092852921195e-06,0.0304470175273997,-0.0210230072292372,0.434263267152053,0.2585732165206507,0.064831038798498,0.0221389698151394,0.4301944757171356,0.8499999999999981,test,0
uric_acid,2.0,8.0,SWV,2,0.1063592380540399,0.3100402617481684,1.4172599327858737,-0.1111629543809154,0.0999999999999999,1.4,-3.427816541555585e-05,0.0793218728232854,-0.0819020174369334,1.4172599327858737,0.3058823529411764,0.0998748435544431,0.1123729696700007,1.4012603485121378,0.9000000000000008,test,1
ascorbic_acid,0.5,7.5,SWV,7,0.0449399333862757,0.1124001654904063,0.4889727812907748,-0.039309064843447,0.0999999999999999,1.4,-4.0452117991283504e-05,0.0270279510350108,-0.0254142914498163,0.4889727812907748,0.0325406758448059,0.1244055068836045,0.0456255774504695,0.4822711453970146,0.918918918918918,test,2
dopamine,1.0,8.0,SWV,0,0.0424805950473376,0.1587879953655443,0.8368685546659369,-0.0910955059938745,0.0999999999999999,1.4,-2.5611130181947205e-06,0.0565708224062888,-0.0602062717815368,0.8368685546659369,0.1534418022528159,0.0718397997496871,0.0480064583767224,0.8302185050077308,0.8636363636363674,test,0
aluminum,10.0,7.5,SWV,3,0.2716613180791578,0.7719774313564871,3.5530058214288363,-0.3486493011530866,0.0999999999999999,1.4,-0.0003889630828609,0.2313138612230596,-0.2988965765942269,3.5530058214288363,-0.3108886107634543,0.1016270337922402,0.2756301634931943,3.514707088627866,0.7575757575757581,test,5
uric_acid,2.0,6.5,SWV,4,0.1049800125811384,0.302755595833355,1.4311672521709478,-0.1285290020075891,0.0999999999999999,1.4,-5.738364424234125e-05,0.0780770520663582,-0.0828658424729241,1.4311672521709478,0.3847309136420525,0.0963704630788485,0.1070020089019357,1.41637068625984,0.7741935483870961,test,1
glucose,0.5,6.0,SWV,4,0.0351068805282133,0.070877956735844,0.2671119448406921,-0.0254558817628515,0.0999999999999999,1.4,-1.0738121090419809e-05,0.0172937128202845,-0.0184467314948817,0.2671119448406921,0.4933667083854817,0.1524405506883606,0.0320792052707873,0.2596913914222743,0.5818181818181816,test,3
dopamine,10.0,7.0,SWV,5,0.2412512534136019,0.9309739612904664,5.230382548182789,-0.3826395325957733,0.0999999999999999,1.4,7.210696125528163e-05,0.3842495088044775,-0.2556492188915317,5.230382548182789,0.2025031289111388,0.0665832290362954,0.2686580899667459,5.203234600947664,0.9000000000000019,test,0
copper,10.0,6.5,SWV,0,0.2113490106196157,0.934843201975642,5.273935300369917,-0.874403636467094,0.0999999999999999,1.4,-3.090979932416926e-05,0.3917814154875083,-0.3916096867154461,5.273935300369917,-0.0533166458072591,0.0630788485607009,0.2611033848823376,5.240174974552211,0.7142857142857139,test,4
glucose,0.1,6.5,SWV,1,0.0089238673863205,0.014575968209381,0.0584965500401339,-0.0042010622002874,0.0999999999999999,1.4,-1.844994884064757e-07,0.0039888617699311,-0.003335018427105,0.0584965500401339,0.4986232790988735,0.1401752190237797,0.0062441520292604,0.0551574766350979,0.8604651162790681,test,3
glucose,10.0,6.0,SWV,9,0.3831681863962945,0.8207391426157113,3.0722083285506048,-0.3132919440973591,0.0999999999999999,1.4,-9.21933962499558e-05,0.2127268467862916,-0.1936815866847486,3.0722083285506048,0.5038798498122653,0.1594493116395494,0.3841229948834671,3.0136854920632734,0.6851851851851878,test,3
uric_acid,10.0,8.0,SWV,8,0.3431755273909029,1.006840682565223,4.578714412792254,-0.3797064929481375,0.0999999999999999,1.4,0.0003451912639897,0.2898816786236464,-0.3265246352111268,4.578714412792254,0.3128911138923653,0.1016270337922403,0.3683599781256239,4.530646661692007,0.6571428571428582,test,1
copper,2.0,7.0,SWV,4,0.0676239698509749,0.2916132946611529,1.666812500135766,-0.2671206149058791,0.0999999999999999,1.4,-6.460971770590544e-05,0.1132794559898959,-0.1200490378488041,1.666812500135766,-0.0375469336670839,0.0595744680851064,0.0789231660804071,1.656732869628054,0.7000000000000025,test,4
glucose,2.0,6.0,SWV,4,0.1202108850456708,0.2545322956408368,0.9530034700103291,-0.0977574339432394,0.0999999999999999,1.4,-4.4834262893047695e-05,0.0617403657027317,-0.0660070578584952,0.9530034700103291,0.4933667083854817,0.1524405506883606,0.1152444859444332,0.9324877109008024,0.5818181818181816,test,3
ascorbic_acid,0.5,6.5,SWV,9,0.045370440998386,0.1099896115713759,0.4610069545352262,-0.0407934747367639,0.0999999999999999,1.4,-1.1379406221909349e-05,0.0345204414868629,-0.0288567210729439,0.4610069545352262,0.0623279098873591,0.1209011264080101,0.0442303615436189,0.4532367509415377,0.6428571428571431,test,2
ascorbic_acid,0.1,6.0,SWV,0,0.0106206299960966,0.0224977657042719,0.0969279950020784,-0.0083863092230808,0.0999999999999999,1.4,2.630371000797195e-06,0.0073648691659936,-0.0081436374430585,0.0969279950020784,0.1061326658322903,0.1244055068836044,0.0091554416460337,0.0939820879490599,0.6511627906976742,test,2
dopamine,0.2,7.0,SWV,6,0.0103029846617732,0.0328634622855837,0.1860464112397174,-0.0120995146666467,0.0999999999999999,1.4,2.765273643412184e-06,0.0136966558796318,-0.0094376872573721,0.1860464112397174,0.1989987484355443,0.0630788485607009,0.0091879955690166,0.1836842756401519,0.7142857142857139,test,0
uric_acid,0.1,6.0,SWV,5,0.0076660982043127,0.0170193574252345,0.0831580608612149,-0.0052508997670032,0.0999999999999999,1.4,4.277661522416139e-06,0.0062111984609695,-0.0043512061755698,0.0831580608612149,0.4075093867334166,0.0963704630788486,0.0059751624815512,0.0804523103787639,0.896551724137934,test,1
uric_acid,0.2,6.0,SWV,7,0.0131166533333968,0.034076985895306,0.1634201874456677,-0.0113641132883094,0.0999999999999999,1.4,-1.0462903134900255e-05,0.0077141708963613,-0.0082213201658315,0.1634201874456677,0.4005006257822278,0.0911138923654568,0.0115600428678926,0.1603357481366677,0.8571428571428598,test,1
ascorbic_acid,0.1,7.5,SWV,3,0.0110380037321144,0.0232449655781883,0.1008720971325183,-0.0080091740368157,0.0999999999999999,1.4,-8.41902797066852e-06,0.0060084355416104,-0.0086601141798608,0.1008720971325183,0.0325406758448059,0.1226533166458072,0.0093258438759235,0.0976491207282115,1.0,test,2
dopamine,1.0,7.5,SWV,2,0.0416294998821374,0.1554977609068243,0.8935369396729468,-0.0881044722972388,0.0999999999999999,1.4,-1.93889473126224e-05,0.0555397076337731,-0.0609377277479671,0.8935369396729468,0.1727158948685856,0.0630788485607009,0.0435241536998615,0.8871743830284979,0.7142857142857139,test,0
copper,1.0,6.0,SWV,8,0.0365851333915986,0.1539354942230042,0.8538160415098989,-0.1373067935969256,0.0999999999999999,1.4,5.2369999679081214e-05,0.0569211288691524,-0.0592635075172123,0.8538160415098989,-0.0568210262828535,0.0630788485607009,0.0430639830760057,0.8476843644082429,0.8000000000000006,test,4
uric_acid,0.5,7.5,SWV,3,0.0313925085653978,0.0860655449137053,0.4105000199649614,-0.03254610633208,0.0999999999999999,1.4,-3.672381481155388e-05,0.0231501831816925,-0.0342796600623502,0.4105000199649614,0.3216520650813516,0.0946182728410512,0.0297777227183867,0.4044504767593099,0.6874999999999982,test,1
glucose,2.0,7.0,SWV,6,0.1215471977641262,0.2573337367074632,0.9826103768192654,-0.0907287656446529,0.0999999999999999,1.4,1.654833934191338e-05,0.0742590999594813,-0.0639042464372425,0.9826103768192654,0.4793491864831037,0.162953692115144,0.1219387045049258,0.9615439979888872,0.8235294117647062,test,3
dopamine,0.5,7.0,SWV,9,0.0226626145570578,0.0800000916683147,0.4526029716966024,-0.0412830922221266,0.0999999999999999,1.4,-9.71721388695861e-06,0.0359659330180904,-0.0227958241178359,0.4526029716966024,0.2007509386733416,0.0665832290362954,0.0230502530836281,0.4480207872443372,0.8095238095238102,test,0
dopamine,10.0,6.5,SWV,4,0.2391259930212732,0.9133876160333512,4.854942642647964,-0.5502018161324274,0.0999999999999999,1.4,-0.0001908665853392,0.3224087664987123,-0.3741637966409562,4.854942642647964,0.2305381727158948,0.0718397997496871,0.2760650085408258,4.817954121408898,0.8636363636363674,test,0
ascorbic_acid,2.0,6.0,SWV,1,0.153466231534324,0.3920980616628602,1.6486928977800863,-0.1773336007590287,0.0999999999999999,1.4,-6.939360100465531e-05,0.1025655092698332,-0.086235851858266,1.6486928977800863,0.1061326658322903,0.1244055068836045,0.1597079600943062,1.6281141856894357,0.7317073170731705,test,2
uric_acid,5.0,7.0,SWV,0,0.2158745152286085,0.6349919283320886,2.8756695072907466,-0.3010228907068506,0.0999999999999999,1.4,-1.8014960913136785e-06,0.2150935604727183,-0.2281991654220052,2.8756695072907466,0.3409261576971213,0.0981226533166457,0.2279870006588574,2.8442470628993304,0.5135135135135137,test,1
uric_acid,2.0,6.5,SWV,5,0.1046895510793961,0.3009949653863495,1.4068996425883036,-0.1094099383509407,0.0999999999999999,1.4,3.231922188701091e-05,0.1028599299572355,-0.0915799699054765,1.4068996425883036,0.3829787234042552,0.0963704630788485,0.1063663505013265,1.389604683917045,0.7741935483870961,test,1
aluminum,1.0,6.5,SWV,7,0.0441227085969169,0.1270071592987246,0.5838561155196079,-0.0509219351630586,0.0999999999999999,1.4,-5.113641956704296e-05,0.035433817071183,-0.0334025626722534,0.5838561155196079,-0.316145181476846,0.1051314142678347,0.0467619811903803,0.5779826530337695,0.8750000000000003,test,5
dopamine,2.0,8.0,SWV,0,0.0775507274693085,0.2957118217784913,1.5568455161543775,-0.1712259762883697,0.0999999999999999,1.4,-6.952272540702749e-06,0.1053040321924,-0.1120458898242939,1.5568455161543775,0.1534418022528159,0.0718397997496871,0.0893689029380326,1.5455764489617834,0.8636363636363674,test,0
glucose,0.1,6.5,SWV,7,0.0088640940880099,0.0147109439474869,0.0592428381196114,-0.0038728146015701,0.0999999999999999,1.4,-3.23253027833729e-06,0.003629356102547,-0.0037548481452322,0.0592428381196114,0.4846057571964955,0.1524405506883603,0.00668005881025,0.0561099143684543,0.6111111111111127,test,3
copper,2.0,6.5,SWV,3,0.0682927261246229,0.2889579530716081,1.6205661803255385,-0.2494510921360447,0.0999999999999999,1.4,-0.0001375527338053,0.116071738243612,-0.1139475167494946,1.6205661803255385,-0.0480600750938673,0.0630788485607009,0.0807296837003129,1.6070031422313955,0.9999999999999964,test,4
aluminum,0.5,6.5,SWV,2,0.0239967656662145,0.0660738642085893,0.2969709060062677,-0.0281151193641909,0.0999999999999999,1.4,-6.366165945388205e-06,0.0172216015030936,-0.0221286044382464,0.2969709060062677,-0.3126408010012516,0.1033792240300375,0.0240538178860166,0.2927915780670637,0.7352941176470591,test,5
aluminum,5.0,7.0,SWV,9,0.1729952509443342,0.4929592144873937,2.249478569753933,-0.1966285446505761,0.0999999999999999,1.4,-7.049883544786664e-05,0.133256305410669,-0.1743679034708301,2.249478569753933,-0.3091364205256571,0.1086357947434293,0.1844655223949146,2.2268738525451077,0.8787878787878792,test,5
glucose,0.1,6.0,SWV,6,0.0089840872191976,0.0145142153574037,0.0561250869157656,-0.0031111585910564,0.0999999999999999,1.4,3.3830223345549764e-06,0.0041939672225881,-0.0036823874823169,0.0561250869157656,0.523153942428035,0.162953692115144,0.0068866599313102,0.0528518673114001,0.8979591836734657,test,3
dopamine,0.5,7.5,SWV,7,0.0220307552263751,0.0806225583749747,0.4564837587344943,-0.048954033496934,0.0999999999999999,1.4,-2.9431302409732137e-05,0.0279829159514798,-0.0243325360769659,0.4564837587344943,0.1779724655819774,0.0630788485607009,0.0226021609003216,0.4535085059483618,0.9999999999999964,test,0
uric_acid,2.0,6.0,SWV,6,0.1039261517410258,0.2996524184901432,1.4276673368357853,-0.1077002912340582,0.0999999999999999,1.4,1.1562525173905791e-05,0.0964779121909992,-0.0756790947098718,1.4276673368357853,0.3987484355444304,0.0911138923654568,0.101717263410566,1.414973840078764,0.7931034482758598,test,1
ascorbic_acid,0.1,6.5,SWV,8,0.0107676479691053,0.0228320971531903,0.1007965811706778,-0.0074986660229461,0.0999999999999999,1.4,1.124041481035015e-05,0.0066099723564411,-0.0059940766303519,0.1007965811706778,0.0640801001251564,0.1191489361702127,0.0090722118107235,0.0979376111961028,0.61904761904762,test,2
dopamine,5.0,8.0,SWV,7,0.1542994069150141,0.6075599955826947,3.193914752622863,-0.3420874327407315,0.0999999999999999,1.4,-0.0002271721485096,0.2325362276458081,-0.1585122138052156,3.193914752622863,0.1446808510638297,0.071839799749687,0.1842687210824803,3.18076495574833,0.6400000000000021,test,0
dopamine,0.1,8.0,SWV,9,0.0062120636034603,0.0168027102673405,0.0913308098930655,-0.0057908884733959,0.0999999999999999,1.4,-3.399668997208175e-08,0.0069502283036889,-0.0061946340438065,0.0913308098930655,0.1516896120150187,0.0718397997496871,0.0050861067418962,0.0889755428572538,0.9523809523809518,test,0
aluminum,0.2,7.5,SWV,3,0.0109776846779544,0.0274887921838834,0.1276783416485052,-0.0113181200550901,0.0999999999999999,1.4,-1.15238288168218e-05,0.0082734755658936,-0.0106896001357617,0.1276783416485052,-0.3108886107634543,0.1016270337922402,0.0098068576197633,0.1249906174237539,0.7575757575757581,test,5
ascorbic_acid,10.0,7.0,SWV,4,0.5092713096516076,1.2720601692158886,5.557704357179514,-0.5563513448632736,0.0999999999999999,1.4,-0.0002492255206406,0.3782023377563509,-0.3503183804694916,5.557704357179514,0.0413016270337921,0.1261576971214016,0.5209644781684772,5.478193228420383,0.5652173913043466,test,2
copper,0.5,7.0,SWV,7,0.0190088019366593,0.0816410364991472,0.4580393455335512,-0.0862870469347006,0.0999999999999999,1.4,-3.0986076201044726e-05,0.0314773066900031,-0.0309620171246102,0.4580393455335512,-0.0375469336670839,0.0613266583229036,0.0225038816408719,0.455606892003799,0.6666666666666707,test,4
aluminum,5.0,6.0,SWV,5,0.1706528197616354,0.4901651243795002,2.1974766047809338,-0.2180770074001769,0.0999999999999999,1.4,5.5603535596458687e-05,0.1857154767084539,-0.1299144166202326,2.1974766047809338,-0.3178973717146433,0.1033792240300375,0.1794703956158879,2.1744593905105827,0.7878787878787881,test,5
uric_acid,2.0,7.5,SWV,4,0.106854106947504,0.3084840425863482,1.4671496053648756,-0.1316104521075331,0.0999999999999999,1.4,-5.875128998396721e-05,0.0798158689579933,-0.0778076421812181,1.4671496053648756,0.3216520650813516,0.0946182728410512,0.1068956372586932,1.4521397515302157,0.7419354838709666,test,1
aluminum,10.0,8.0,SWV,7,0.2608468841671161,0.7715439785430906,3.4735573428241,-0.3144388463804076,0.0999999999999999,1.4,-0.0003226142459819,0.2013579144865439,-0.2026160792965791,3.4735573428241,-0.3073842302878598,0.1086357947434292,0.2897014584220756,3.44573303369629,0.5897435897435901,test,5
copper,0.1,6.5,SWV,2,0.0051115948588684,0.0168005589344176,0.0949803655071906,-0.0129961431088853,0.0999999999999999,1.4,1.8695180215676364e-08,0.0071291875941619,-0.0057234339858733,0.0949803655071906,-0.0515644555694618,0.0613266583229036,0.0046267436188156,0.0931982115727403,0.8421052631578959,test,4
dopamine,0.2,8.0,SWV,7,0.0102025786311057,0.0334483137647209,0.1776447668633905,-0.0171026751916765,0.0999999999999999,1.4,-1.0232191921958468e-05,0.0128379944142968,-0.0087623894054668,0.1776447668633905,0.1446808510638297,0.071839799749687,0.0101486150706443,0.1752606299196658,0.6400000000000021,test,0
aluminum,2.0,7.5,SWV,2,0.0830930477567659,0.2385679785754179,1.085774282423237,-0.0997328293586944,0.0999999999999999,1.4,-2.953277134195723e-05,0.0621147695856698,-0.0753593128180444,1.085774282423237,-0.3073842302878598,0.099874843554443,0.0842469459031018,1.0743443426607655,0.8999999999999998,test,5
glucose,1.0,6.5,SWV,1,0.064984161647104,0.1372995976616348,0.5299029372822937,-0.0501596656740373,0.0999999999999999,1.4,-2.2172200253675205e-05,0.03673834633714,-0.0304997161778263,0.5299029372822937,0.4986232790988735,0.1401752190237797,0.0588816681655508,0.5181724891218434,0.8604651162790681,test,3
dopamine,0.1,7.0,SWV,3,0.0061487961131427,0.0164679754363049,0.0937728794825303,-0.0058639010234719,0.0999999999999999,1.4,-5.362176699677043e-06,0.0060258308962145,-0.0062981709736459,0.0937728794825303,0.2007509386733416,0.0665832290362954,0.0047476121568774,0.0914653628546974,0.8095238095238102,test,0
dopamine,0.1,6.5,SWV,5,0.0060230305318561,0.016251977768347,0.0879633091292285,-0.007992286180939,0.0999999999999999,1.4,3.6401053302596895e-06,0.0059329236540003,-0.0061771137581899,0.0879633091292285,0.2287859824780975,0.0718397997496871,0.0049261907068246,0.0856079902883317,0.7826086956521764,test,0
copper,0.2,7.0,SWV,2,0.0087997602816019,0.0334254327582506,0.1897495851934178,-0.0278379761389044,0.0999999999999999,1.4,-2.480992731432499e-06,0.0139399227884979,-0.0115304263656114,0.1897495851934178,-0.0410513141426783,0.0613266583229036,0.0092135231691272,0.187564763386949,0.8421052631578959,test,4
aluminum,1.0,6.0,SWV,2,0.044752481108802,0.1266154107237311,0.5543170259091791,-0.0560046375322567,0.0999999999999999,1.4,-1.4442081816383846e-05,0.0328462637276613,-0.042931321401358,0.5543170259091791,-0.3126408010012516,0.106883604505632,0.0472330881512629,0.5471085754075017,0.6944444444444442,test,5
dopamine,5.0,8.0,SWV,6,0.1599397867009073,0.6080359943494886,3.2082892808534624,-0.3365631538424387,0.0999999999999999,1.4,3.3808117974423733e-06,0.2180890756182184,-0.2152383379966516,3.2082892808534624,0.1516896120150187,0.0735919899874844,0.186511203273098,3.190193514743181,0.909090909090908,test,0
ascorbic_acid,2.0,8.0,SWV,1,0.1597560582586632,0.4068494914986478,1.6400510230482774,-0.1794844503465977,0.0999999999999999,1.4,-7.059001011459051e-05,0.1090169910205396,-0.0860973314194605,1.6400510230482774,0.011514392991239,0.1244055068836045,0.1661453988265049,1.6179182225159852,0.7750000000000004,test,2
ascorbic_acid,5.0,7.0,SWV,0,0.3258329552845419,0.8258033576845586,3.538329455293423,-0.3813607573360228,0.0999999999999999,1.4,6.571845825245059e-06,0.2697176861385479,-0.2982488030890071,3.538329455293423,0.0535669586983729,0.1244055068836045,0.3355512258989012,3.497022840062057,0.8205128205128215,test,2
copper,1.0,7.5,SWV,7,0.0354323283996309,0.1581687478883023,0.9293856666137814,-0.1613734129632173,0.0999999999999999,1.4,-6.38117168987027e-05,0.0640096990710904,-0.0640307686859561,0.9293856666137814,-0.0357947434292866,0.057822277847309,0.0422692167589319,0.9259007740381032,0.8333333333333345,test,4
uric_acid,0.5,7.0,SWV,9,0.0309019467858368,0.0854760953681064,0.3989181301841366,-0.0310551504910658,0.0999999999999999,1.4,-8.69054603060286e-06,0.0306436085824859,-0.0268589420829032,0.3989181301841366,0.3409261576971213,0.0981226533166457,0.0308070502401784,0.3935924885219585,0.5135135135135137,test,1
glucose,1.0,7.0,SWV,6,0.0662937741995536,0.1381204825945611,0.5285212843224006,-0.0477545163511179,0.0999999999999999,1.4,1.0074360566507927e-05,0.0399199966173608,-0.0343750451128683,0.5285212843224006,0.4793491864831037,0.162953692115144,0.0654583455080187,0.5162137483120133,0.8235294117647062,test,3
aluminum,10.0,6.5,SWV,8,0.266427101290976,0.7648357466570906,3.56386533577536,-0.3373805914428374,0.0999999999999999,1.4,0.0003021157666729,0.250928954857582,-0.2340237883894841,3.56386533577536,-0.3196495619524405,0.106883604505632,0.2839085013320356,3.525577758036041,0.8484848484848493,test,5
dopamine,1.0,6.5,SWV,0,0.0409913379186016,0.1514990840790122,0.80916429993391,-0.0811528615391926,0.0999999999999999,1.4,-2.351030467996969e-06,0.0533858729048152,-0.0580949750251066,0.80916429993391,0.2287859824780975,0.0683354192740925,0.0443607082885116,0.8018762827962498,0.7727272727272753,test,0
ascorbic_acid,5.0,7.5,SWV,7,0.3223015909302267,0.8344996361192396,3.618909309900559,-0.2980812094216863,0.0999999999999999,1.4,-0.0003156700852984,0.2003301992863382,-0.1884609123710818,3.618909309900559,0.0325406758448059,0.1244055068836045,0.3385967643519069,3.5792160733940173,0.918918918918918,test,2
aluminum,0.2,7.0,SWV,8,0.0108283682985889,0.0273480602662112,0.1293919382479035,-0.0109194073815093,0.0999999999999999,1.4,1.3354237635010497e-05,0.009315474545307,-0.0083985343997645,0.1293919382479035,-0.3143929912390488,0.1051314142678347,0.0100230364077948,0.1268269637061631,0.9354838709677412,test,5
uric_acid,0.2,7.5,SWV,9,0.0138234693826558,0.0351835319208195,0.1709471169722203,-0.011673935235104,0.0999999999999999,1.4,-2.1499883303076923e-06,0.0102363892342441,-0.0097507551282671,0.1709471169722203,0.3216520650813516,0.0893617021276595,0.0117639499204053,0.1677072350256517,0.7000000000000004,test,1
glucose,0.2,6.5,SWV,1,0.0155451619840508,0.0290685557776231,0.1141744697931449,-0.009629243712935,0.0999999999999999,1.4,-2.781472019737448e-06,0.0078569111282629,-0.0065434472953004,0.1141744697931449,0.4986232790988735,0.1401752190237797,0.0124557837434954,0.1098057819657261,0.8604651162790681,test,3
glucose,0.2,6.0,SWV,9,0.0156992928344803,0.0289504224941188,0.1106870251308124,-0.0086947966046608,0.0999999999999999,1.4,-8.73437338281915e-07,0.0076602169503745,-0.0069317235924364,0.1106870251308124,0.5038798498122653,0.1594493116395494,0.0135300642831033,0.106310001208069,0.6851851851851878,test,3
copper,0.5,7.5,SWV,6,0.0199251408861555,0.0817463497434497,0.4756020008622074,-0.0737654933410399,0.0999999999999999,1.4,3.0218138129377075e-06,0.035522172673039,-0.03470641904863,0.4756020008622074,-0.0357947434292866,0.0613266583229036,0.0226311865818407,0.4719665333226084,0.8421052631578959,test,4
copper,0.2,7.0,SWV,3,0.0090793080505533,0.0332713204240829,0.1887365903175272,-0.0265045126753379,0.0999999999999999,1.4,-1.395448138278574e-05,0.0126532970194953,-0.0136975878557105,0.1887365903175272,-0.0392991239048811,0.0613266583229036,0.0091733841239722,0.186169153233324,0.8421052631578898,test,4
uric_acid,0.5,6.0,SWV,4,0.0303100514797382,0.0836923813501321,0.3990770007537998,-0.0341037748222748,0.0999999999999999,1.4,-1.4138452511572503e-05,0.0239713638360719,-0.0238414130447259,0.3990770007537998,0.4075093867334166,0.0981226533166457,0.0297594676293564,0.3936341239265125,1.0,test,1
copper,1.0,6.0,SWV,6,0.0365490330550693,0.1547920177434082,0.8611833696740346,-0.142572369297432,0.0999999999999999,1.4,2.567166366064157e-06,0.0580150895662434,-0.0586446376986032,0.8611833696740346,-0.0603254067584481,0.0630788485607009,0.0434127174374188,0.8563050282561466,0.636363636363635,test,4
dopamine,2.0,6.5,SWV,2,0.0742038749796532,0.2828237103888186,1.5363508203953065,-0.1509949359875269,0.0999999999999999,1.4,-3.656581184732672e-05,0.0905702283976941,-0.0760359416900041,1.5363508203953065,0.2270337922403003,0.0700876095118898,0.0843643930609699,1.524880839852247,0.6666666666666675,test,0
dopamine,0.2,6.0,SWV,7,0.0097752552100323,0.0317110837890701,0.1790546122028259,-0.0154854372041193,0.0999999999999999,1.4,-1.012362047780444e-05,0.0115569422217474,-0.0112231679059532,0.1790546122028259,0.2585732165206507,0.064831038798498,0.0090247989873691,0.1766629368150761,0.8499999999999981,test,0
copper,0.1,7.0,SWV,7,0.0050309316830774,0.0169205255575469,0.0959449327763747,-0.0163506935346724,0.0999999999999999,1.4,-4.476941727420861e-06,0.0065198092673359,-0.0064027458358849,0.0959449327763747,-0.0375469336670839,0.0613266583229036,0.0046639136193329,0.0943508683874713,0.6666666666666707,test,4
copper,10.0,6.0,SWV,6,0.2122948385901722,0.9282994347505966,5.157827015410794,-0.864862314493088,0.0999999999999999,1.4,2.67066139164756e-06,0.3479388213236196,-0.3515733976778714,5.157827015410794,-0.0603254067584481,0.0630788485607009,0.2602541972372334,5.134084619672545,0.636363636363635,test,4
dopamine,2.0,6.0,SWV,8,0.0744777616061423,0.2811557316223569,1.569540836768717,-0.1481971549137569,0.0999999999999999,1.4,9.33704874619675e-05,0.1036621359785765,-0.0996054956356301,1.569540836768717,0.2568210262828535,0.0630788485607009,0.0783775010657036,1.559211008940065,0.8000000000000006,test,0
aluminum,10.0,6.5,SWV,0,0.2643860497301085,0.7619551841334246,3.500983670080241,-0.4222797899166168,0.0999999999999999,1.4,-3.3133842224557576e-06,0.284152505484058,-0.3373156894748837,3.500983670080241,-0.3126408010012516,0.1033792240300375,0.2775904428611522,3.46348403389348,0.7878787878787888,test,5
glucose,0.1,7.0,SWV,9,0.0090869305136682,0.0146791764995452,0.0606440025115281,-0.0032923231117673,0.0999999999999999,1.4,6.999644186624435e-07,0.0041248538948327,-0.0036592751178078,0.0606440025115281,0.4705882352941176,0.1489361702127658,0.006531671860907,0.0572522344547626,0.5740740740740751,test,3
glucose,0.1,6.5,SWV,5,0.0090162697498178,0.0146874007129519,0.0592924997115844,-0.0041429280837404,0.0999999999999999,1.4,4.498937626068379e-06,0.0050149317751988,-0.0033573917879071,0.0592924997115844,0.4775969962453065,0.1506883604505631,0.0066136595315098,0.0558977579979173,0.5087719298245615,test,3
ascorbic_acid,10.0,7.5,SWV,5,0.5130393629199033,1.2927321718410136,5.453464062524774,-0.5193405680224159,0.0999999999999999,1.4,0.0001517900109226,0.5333189093966915,-0.3001335916365485,5.453464062524774,0.0307884856070087,0.1226533166458072,0.5186112532659909,5.376011896969043,0.8918918918918939,test,2
copper,10.0,8.0,SWV,5,0.2159576430295724,0.9516172889201432,5.725092684775224,-0.7334264954836611,0.0999999999999999,1.4,7.774313296367844e-05,0.4494510911070644,-0.3517368520091071,5.725092684775224,-0.0392991239048811,0.0578222778473092,0.2551279076119769,5.693151244182556,0.6500000000000019,test,4
uric_acid,0.2,7.0,SWV,4,0.013687382016741,0.0347176220891812,0.1631118215961238,-0.0127972876603561,0.0999999999999999,1.4,-4.397961560261771e-06,0.0090136078740152,-0.0090728778909876,0.1631118215961238,0.3426783479349186,0.1051314142678347,0.0130349749345641,0.1597977125086056,0.5789473684210537,test,1
uric_acid,5.0,8.0,SWV,3,0.2235283973493692,0.6469434006970003,2.957855941625932,-0.2551736505990539,0.0999999999999999,1.4,-0.0002846443366073,0.2080438068571055,-0.2324724639032086,2.957855941625932,0.2988735919899874,0.0963704630788485,0.2296722678535316,2.923133495670282,0.8965517241379318,test,1
ascorbic_acid,2.0,8.0,SWV,0,0.1614112740410673,0.4061194024016634,1.6805704732512947,-0.1921702300155494,0.0999999999999999,1.4,3.1378741210605354e-06,0.1290585543629871,-0.141723330174039,1.6805704732512947,0.0150187734668334,0.1191489361702127,0.1617499916075823,1.6587285409873784,0.9428571428571422,test,2
ascorbic_acid,0.5,6.5,SWV,8,0.0452588923013064,0.1105233684271542,0.4807151609582427,-0.0406602201126291,0.0999999999999999,1.4,4.402336080478284e-05,0.0316659253018761,-0.0287872792421377,0.4807151609582427,0.0640801001251564,0.1191489361702127,0.0438521605403621,0.473100039302526,0.61904761904762,test,2
