substance,concentration,ph,method,seed,meanCurrent,stdCurrent,maxCurrent,minCurrent,meanVoltage,voltageRange,meanGradient,maxGradient,minGradient,peakCurrent,peakPotential,peakWidth,peakArea,peakProminence,peakSymmetry
dopamine,0.1,6.0,DVP,0,0.006980931525990631,0.016970909376724384,0.09862303313365753,-0.004546445585506759,0.10000000000000003,1.4,7.565680510145244e-06,0.008028157175377526,-0.007526921266873304,0.09862303313365753,0.25290581162324655,0.06452905811623244,0.004900613923147721,0.09607775468760767,0.769230769230771
dopamine,0.1,6.0,DVP,1,0.006964591458493768,0.017019124106773056,0.10041733801083147,-0.0036127975627281914,0.10000000000000003,1.4,3.3626213470472545e-06,0.00889019779092285,-0.007562583369953697,0.10041733801083147,0.2585170340681363,0.061723446893787504,0.004786340406959793,0.09790718343501933,0.8333333333333306
dopamine,0.1,6.0,DVP,2,0.0069319425143261944,0.01709517594704226,0.10097506391535971,-0.003458782395188904,0.10000000000000003,1.4,2.6399466801934905e-07,0.008699919676156874,-0.007408427678198735,0.10097506391535971,0.25290581162324655,0.061723446893787504,0.004792821076344586,0.0985795929832176,0.8333333333333366
dopamine,0.1,6.0,DVP,3,0.007132145361981623,0.016891469053332168,0.09763085979325752,-0.0037028576739977,0.10000000000000003,1.4,-4.9682377911196744e-06,0.008166759085366276,-0.00847175138043071,0.09763085979325752,0.26132264529058113,0.06733466933867738,0.004997032219238063,0.0948761524977343,0.7142857142857151
dopamine,0.1,6.0,DVP,4,0.0070374147817279485,0.017012487291720273,0.10051182739012685,-0.0033571651338458906,0.10000000000000003,1.4,3.371885021725268e-06,0.007634089509481766,-0.006802298005356613,0.10051182739012685,0.25290581162324655,0.061723446893787504,0.004760870681978055,0.09795709111713015,0.8333333333333366
dopamine,0.1,6.0,DVP,5,0.007033000868932323,0.016942910687873302,0.09940259232608421,-0.0022549480542793663,0.10000000000000003,1.4,-1.063595221237396e-06,0.008038789508814391,-0.007535705146518953,0.09940259232608421,0.2585170340681363,0.061723446893787504,0.004754385009863967,0.09673618319669475,0.8333333333333306
dopamine,0.1,6.0,DVP,6,0.007035130224219986,0.01697888921048158,0.10119320159407576,-0.003681877941292258,0.10000000000000003,1.4,-6.597275332447658e-06,0.008135554806325808,-0.0076052491615307485,0.10119320159407576,0.25290581162324655,0.061723446893787504,0.004756007008345585,0.09839502244898495,0.8333333333333366
dopamine,0.1,6.0,DVP,7,0.006793607769492269,0.017114834234529905,0.1014484537890193,-0.004008608505892906,0.10000000000000003,1.4,-3.314836085364585e-06,0.007630941361393256,-0.007099894490339816,0.1014484537890193,0.25571142284569137,0.061723446893787504,0.00480625945693397,0.09924240199694087,1.0
dopamine,0.1,6.0,DVP,8,0.007056071528704141,0.016786691234399978,0.09990373545322835,-0.0033059436260456355,0.10000000000000003,1.4,1.7025934896926237e-06,0.007862113378736699,-0.006929018218196872,0.09990373545322835,0.25571142284569137,0.061723446893787504,0.004713563286406414,0.09722654854326267,1.0
dopamine,0.1,6.0,DVP,9,0.007040202280201409,0.016986453452551984,0.09931384855061341,-0.003461869954846152,0.10000000000000003,1.4,2.3064064279514794e-05,0.008793328508047413,-0.007456192702034785,0.09931384855061341,0.2585170340681363,0.06452905811623244,0.004885093115944584,0.09655042682306889,0.9166666666666653
dopamine,0.1,6.5,DVP,0,0.007044758874896578,0.017152150059813735,0.10086814955967272,-0.004643453721763559,0.10000000000000003,1.4,7.613268769596152e-06,0.008350822780995283,-0.009618615140034807,0.10086814955967272,0.22765531062124245,0.06452905811623244,0.004940148411771557,0.09828492877229775,0.9166666666666653
dopamine,0.1,6.5,DVP,1,0.007028198680202028,0.01725903323051424,0.10030762902750469,-0.0036802446965292814,0.10000000000000003,1.4,3.3535875860893264e-06,0.00764204880224973,-0.006615591914318677,0.10030762902750469,0.22765531062124245,0.06452905811623244,0.0049817575636148335,0.09779855394634233,0.9166666666666653
dopamine,0.1,6.5,DVP,2,0.0069951099018300674,0.01729658146725384,0.10032264752303441,-0.0035195201704072716,0.10000000000000003,1.4,2.1321738258295394e-07,0.008428383577794487,-0.007855996066721674,0.10032264752303441,0.22765531062124245,0.06452905811623244,0.00499286410030498,0.09792122959770316,0.9166666666666653
dopamine,0.1,6.5,DVP,3,0.007198009806387617,0.01717635182880517,0.10267670097236947,-0.0037664364091916005,0.10000000000000003,1.4,-5.089501729631627e-06,0.008828048347997577,-0.008586103223516607,0.10267670097236947,0.22484969939879762,0.061723446893787504,0.004808285493678172,0.09991548419848927,0.6923076923076927
dopamine,0.1,6.5,DVP,4,0.007102003051652377,0.01734933933453948,0.10173124248567426,-0.004212266078024781,0.10000000000000003,1.4,3.362976057482374e-06,0.007981619185739697,-0.007094579715703819,0.10173124248567426,0.22484969939879762,0.06452905811623244,0.0050067961729917876,0.09919967553305614,0.769230769230771
dopamine,0.1,6.5,DVP,5,0.007097529676296101,0.017158582293783392,0.10067548602560222,-0.003287184936755683,0.10000000000000003,1.4,-1.13225729460735e-06,0.008604340517236561,-0.007455083179426699,0.10067548602560222,0.23046092184368738,0.061723446893787504,0.004819804190599472,0.09805769053046176,1.0
dopamine,0.1,6.5,DVP,6,0.007099687717451337,0.01720211757674808,0.10034857045447179,-0.0037453976372152126,0.10000000000000003,1.4,-6.740485047436327e-06,0.0078006207659104265,-0.007751387104734445,0.10034857045447179,0.22765531062124245,0.06452905811623244,0.004960373038417801,0.09756757488127758,0.9166666666666653
dopamine,0.1,6.5,DVP,7,0.006854911563731977,0.017402871942521336,0.10047637848730778,-0.004089270534260163,0.10000000000000003,1.4,-3.4138260226087897e-06,0.007823421203309245,-0.007238685812778402,0.10047637848730778,0.22484969939879762,0.06452905811623244,0.005034434666164468,0.09824507556233997,0.769230769230771
dopamine,0.1,6.5,DVP,8,0.0071209111352543595,0.01717662526601487,0.10219654527958541,-0.0033843099183266316,0.10000000000000003,1.4,1.6711964624634076e-06,0.008756552118822744,-0.007699586304649009,0.10219654527958541,0.22765531062124245,0.05891783567134268,0.0046903595020267716,0.09945454329604134,0.9090909090909042
dopamine,0.1,6.5,DVP,9,0.007104828102249021,0.017195548793631565,0.10254764501997873,-0.0035338412788249855,0.10000000000000003,1.4,2.332044089241026e-05,0.009745160634688332,-0.007849454861963784,0.10254764501997873,0.22765531062124245,0.06452905811623244,0.00495396362524457,0.09976922652024384,0.9166666666666653
dopamine,0.1,7.0,DVP,0,0.007108606766987502,0.017327427720036148,0.10132749652909159,-0.004737963188429143,0.10000000000000003,1.4,7.659631283028462e-06,0.008584384857597896,-0.007802789622852507,0.10132749652909159,0.19959919839679363,0.06452905811623255,0.004996788564910672,0.09870635780003713,0.9166666666666686
dopamine,0.1,7.0,DVP,1,0.007091832114981895,0.017453798104695592,0.10193931518417838,-0.003745954572933763,0.10000000000000003,1.4,3.344786510601617e-06,0.008614789973075507,-0.007262727998552723,0.10193931518417838,0.19959919839679363,0.061723446893787615,0.004905368023972028,0.09940603475436158,0.8333333333333339
dopamine,0.1,7.0,DVP,2,0.007058314831355824,0.017455298290311897,0.10020996433010375,-0.003578693503323868,0.10000000000000003,1.4,1.6374798392737763e-07,0.007704397415436694,-0.007978239812030816,0.10020996433010375,0.19959919839679363,0.06452905811623255,0.0050383266144209205,0.09779685638275773,0.9166666666666686
dopamine,0.1,7.0,DVP,3,0.007263842323858281,0.01752470979219873,0.10359616593850027,-0.003828377526569028,0.10000000000000003,1.4,-5.207642234096034e-06,0.00892205554923145,-0.008765155836545437,0.10359616593850027,0.20240480961923846,0.061723446893787615,0.004931054280649745,0.1008694589013037,0.9999999999999964
dopamine,0.1,7.0,DVP,4,0.007166592265475744,0.017612983470369974,0.10318318781337917,-0.004462997612440726,0.10000000000000003,1.4,3.3542965642808033e-06,0.00903772029726127,-0.007570525062506685,0.10318318781337917,0.19959919839679363,0.06452905811623255,0.005086037025744844,0.10058523602289728,0.9166666666666686
dopamine,0.1,7.0,DVP,5,0.007162060959155014,0.017401525390894384,0.10177273729224563,-0.003599557466187807,0.10000000000000003,1.4,-1.1991508169936433e-06,0.007946458019148422,-0.007836055011589162,0.10177273729224563,0.20240480961923846,0.06452905811623255,0.005020124007611389,0.09920219363998382,0.9166666666666686
dopamine,0.1,7.0,DVP,6,0.00716424694730676,0.01742664040580665,0.10402807153878917,-0.0038072812360150786,0.10000000000000003,1.4,-6.880006063993954e-06,0.008579072630160837,-0.007817897842364852,0.10402807153878917,0.19959919839679363,0.06452905811623255,0.005015680533626175,0.10125052450118788,0.9166666666666686
dopamine,0.1,7.0,DVP,7,0.006916300901161297,0.017602691071561496,0.10251359245092127,-0.004132782472593866,0.10000000000000003,1.4,-3.510266244379923e-06,0.008949773823622807,-0.00674349584579511,0.10251359245092127,0.1967935871743487,0.06452905811623255,0.005076415402251943,0.10030528373015773,0.7692307692307687
dopamine,0.1,7.0,DVP,8,0.007185745211945664,0.017510177365256722,0.10366931348568291,-0.003460657704953829,0.10000000000000003,1.4,1.6406081385060798e-06,0.007990095217683936,-0.00880315837713147,0.10366931348568291,0.1967935871743487,0.06452905811623255,0.00505693685817675,0.10092164007605865,0.7692307692307687
dopamine,0.1,7.0,DVP,9,0.0071694539009535315,0.017422062623638504,0.10246394839850148,-0.003476411525836812,0.10000000000000003,1.4,2.357021393089169e-05,0.008029831205109916,-0.0073818719765156825,0.10246394839850148,0.19959919839679363,0.061723446893787615,0.004867776268528204,0.09970803719714878,0.8333333333333339
dopamine,0.1,7.5,DVP,0,0.007172471385123486,0.017601100643440705,0.10231552705484048,-0.004829277568580237,0.10000000000000003,1.4,7.704426416528662e-06,0.010295897532394911,-0.008434016689792503,0.10231552705484048,0.1715430861723447,0.06452905811623244,0.005067122751188149,0.09968404969108641,0.9166666666666653
dopamine,0.1,7.5,DVP,1,0.007155489525976428,0.01765545788467179,0.10485367144568775,-0.003809442992087704,0.10000000000000003,1.4,3.33628297353619e-06,0.00810665303219001,-0.007347572658549937,0.10485367144568775,0.16593186372745494,0.061723446893787615,0.004969679687462772,0.1023121649868683,0.5714285714285726
dopamine,0.1,7.5,DVP,2,0.007121558223595926,0.017655204941755258,0.10363089863884127,-0.0036358663602596994,0.10000000000000003,1.4,1.1595099983618962e-07,0.007148909410850383,-0.008776529943999758,0.10363089863884127,0.17434869739478953,0.061723446893787615,0.004942890274818126,0.10114990245430716,0.9999999999999964
dopamine,0.1,7.5,DVP,3,0.007329624473039319,0.017864945973048846,0.10470495177932743,-0.00388822459733073,0.10000000000000003,1.4,-5.321788756307197e-06,0.007615268637276025,-0.008805149792111094,0.10470495177932743,0.17715430861723447,0.06452905811623244,0.005157270784640773,0.10199195858375366,0.769230769230771
dopamine,0.1,7.5,DVP,4,0.007231173143441341,0.01783349749148978,0.1052423235621188,-0.004560755542874481,0.10000000000000003,1.4,3.3459104991627596e-06,0.009617863796699395,-0.0073760088425009335,0.1052423235621188,0.17434869739478953,0.061723446893787615,0.005002320459999426,0.10264078118326667,0.9999999999999964
dopamine,0.1,7.5,DVP,5,0.007226585864631319,0.017719296984542877,0.10266626345292032,-0.0037002430569375573,0.10000000000000003,1.4,-1.2637828665473787e-06,0.008585459085513072,-0.008366014805071875,0.10266626345292032,0.16873747494989977,0.06452905811623244,0.005107184898164376,0.10009362370131587,0.7692307692307657
dopamine,0.1,7.5,DVP,6,0.00722879885497399,0.017685028491002792,0.10406493827693912,-0.0038670727327327985,0.10000000000000003,1.4,-7.014810286200533e-06,0.007989358345050268,-0.00830458407333707,0.10406493827693912,0.17434869739478953,0.06452905811623244,0.0050974820553813934,0.10130096212173749,0.9166666666666653
dopamine,0.1,7.5,DVP,7,0.006977790081122539,0.0177990806458849,0.10383824077647072,-0.0034043847919332307,0.10000000000000003,1.4,-3.6034461064970557e-06,0.007504805593828115,-0.0073678187588604935,0.10383824077647072,0.1715430861723447,0.06733466933867727,0.005270629489078895,0.10167555978548908,0.8461538461538464
dopamine,0.1,7.5,DVP,8,0.007250562674687329,0.01771722682919728,0.10444344056991815,-0.0035344243979396144,0.10000000000000003,1.4,1.611053915626933e-06,0.008261016578352435,-0.0073635445889933815,0.10444344056991815,0.1715430861723447,0.06452905811623244,0.0051090593272215155,0.10169960968803386,0.769230769230771
dopamine,0.1,7.5,DVP,9,0.007234070126973265,0.017780982624525533,0.1048787301748355,-0.002979865304725012,0.10000000000000003,1.4,2.381154287911327e-05,0.007608224430166493,-0.009390884799308132,0.1048787301748355,0.16873747494989977,0.061723446893787504,0.004974951896232887,0.10218052962402932,0.8333333333333306
dopamine,0.1,8.0,DVP,0,0.007236301403229772,0.017919488721875317,0.10505084887986248,-0.004925201684628169,0.10000000000000003,1.4,7.751482899605554e-06,0.008926821229871033,-0.008351327372300647,0.10505084887986248,0.14348697394789578,0.061723446893787615,0.005026344026998764,0.10243555229152754,0.8333333333333339
dopamine,0.1,8.0,DVP,1,0.007219101876702728,0.01785133260303801,0.1037235485423707,-0.0038761364359521377,0.10000000000000003,1.4,3.3273501605999184e-06,0.008230541336287242,-0.00979980105978634,0.1037235485423707,0.14629258517034072,0.06452905811623255,0.005148949407343197,0.10118198829403753,0.9166666666666686
dopamine,0.1,8.0,DVP,2,0.00718473565505781,0.017825670224358863,0.102736406089745,-0.003695925419461876,0.10000000000000003,1.4,6.574112663639344e-08,0.009271131924731155,-0.00802393033959024,0.102736406089745,0.14629258517034072,0.06452905811623255,0.005160335726697612,0.1003074491507087,0.9166666666666686
dopamine,0.1,8.0,DVP,3,0.007395468823063397,0.018131217153719934,0.10601912523560589,-0.0040922053334899984,0.10000000000000003,1.4,-5.4416976274502885e-06,0.008067445070096515,-0.008918223807237299,0.10601912523560589,0.14629258517034072,0.06452905811623255,0.005223894390757228,0.1032962571608507,0.9166666666666686
dopamine,0.1,8.0,DVP,4,0.007295755579632303,0.018115259954701552,0.10912018331085516,-0.004640318353713351,0.10000000000000003,1.4,3.3371010883970627e-06,0.008057711634828529,-0.00752708872247081,0.10912018331085516,0.14629258517034072,0.061723446893787615,0.005078990905065591,0.10661318200408622,0.9999999999999964
dopamine,0.1,8.0,DVP,5,0.007291109502727723,0.018030515913099603,0.10591151517318147,-0.003770191064395293,0.10000000000000003,1.4,-1.3316776736035132e-06,0.00757617691152471,-0.007884373914770149,0.10591151517318147,0.14629258517034072,0.061723446893787615,0.005080320943997003,0.10336703714522447,0.9999999999999964
dopamine,0.1,8.0,DVP,6,0.007293350858386916,0.017964740389279494,0.10414602129924097,-0.0039298826259866314,0.10000000000000003,1.4,-7.156419700109888e-06,0.00796548499051409,-0.007978157720253572,0.10414602129924097,0.14909819639278554,0.061723446893787615,0.005033343759121597,0.1013736351155676,0.8333333333333339
dopamine,0.1,8.0,DVP,7,0.007039124744096791,0.01802177547349843,0.10480799731389953,-0.003466296010385137,0.10000000000000003,1.4,-3.7013298778402273e-06,0.009331253343688983,-0.009404356915700046,0.10480799731389953,0.14909819639278554,0.061723446893787615,0.005079779996432772,0.10259978501387246,0.8333333333333339
dopamine,0.1,8.0,DVP,8,0.007315393638935725,0.017901144691809475,0.10416270540888836,-0.00361191498383345,0.10000000000000003,1.4,1.5800077353815417e-06,0.008183728937002782,-0.006938978906751096,0.10416270540888836,0.14909819639278554,0.06452905811623255,0.005160732474621916,0.10145955747698494,0.9166666666666686
dopamine,0.1,8.0,DVP,9,0.00729868969566013,0.01812816118784212,0.10648328805444586,-0.003049911169549609,0.10000000000000003,1.4,2.4065054604173702e-05,0.009135403114451678,-0.00783758668212024,0.10648328805444586,0.14629258517034072,0.061723446893787615,0.005097863291104471,0.10374540136213126,0.9999999999999964
dopamine,0.2,6.0,DVP,0,0.011884206817664188,0.03378980976046681,0.19412550552695249,-0.01152033249374456,0.10000000000000003,1.4,1.0986786742843043e-05,0.01590009798609192,-0.014904111460280936,0.19412550552695249,0.25290581162324655,0.06452905811623244,0.00976454389514371,0.1912535497551354,0.769230769230771
dopamine,0.2,6.0,DVP,1,0.011852041869478566,0.03388357517476611,0.19766260796259125,-0.008461552538995616,0.10000000000000003,1.4,2.7131868799226714e-06,0.017609274943510486,-0.014968553396877068,0.19766260796259125,0.2585170340681363,0.061723446893787504,0.009526981422520186,0.19472000655114896,0.8333333333333306
dopamine,0.2,6.0,DVP,2,0.0117877733713425,0.034034206749561244,0.19875720994870316,-0.007825203520006412,0.10000000000000003,1.4,-3.3863697220714446e-06,0.01723009116832465,-0.014671095191410723,0.19875720994870316,0.25571142284569137,0.061723446893787504,0.009533909544174442,0.19594592440646613,1.0
dopamine,0.2,6.0,DVP,3,0.012181866861022843,0.0336317062442829,0.1921557722456918,-0.00869845080945273,0.10000000000000003,1.4,-1.3685867320575952e-05,0.016162722659549537,-0.016692472365302677,0.1921557722456918,0.26132264529058113,0.06733466933867738,0.009952612555626121,0.18879513733289538,0.7142857142857151
dopamine,0.2,6.0,DVP,4,0.01199539246573418,0.03386762181056709,0.19784354215099342,-0.008278807867313824,0.10000000000000003,1.4,2.7314221544149224e-06,0.015132035447786144,-0.013477711620423723,0.19784354215099342,0.25290581162324655,0.061723446893787504,0.009484014860616168,0.1949293438747679,0.8333333333333366
dopamine,0.2,6.0,DVP,5,0.011986703806620966,0.033729856508046455,0.19566511056071417,-0.006543389364425866,0.10000000000000003,1.4,-5.999691852344113e-06,0.015934023168408577,-0.014900556755876745,0.19566511056071417,0.2585170340681363,0.061723446893787504,0.00945872653851352,0.1923282235168659,0.8333333333333306
dopamine,0.2,6.0,DVP,6,0.011990895380646568,0.03380431058657603,0.1991848074774215,-0.008248290542392898,0.10000000000000003,1.4,-1.6892580396841353e-05,0.016100889170393165,-0.015041184625961851,0.1991848074774215,0.25290581162324655,0.061723446893787504,0.009485226701568412,0.1959661436146806,0.8333333333333366
dopamine,0.2,6.0,DVP,7,0.011515465444786576,0.03407366770384105,0.1996983341875317,-0.009823614872879152,0.10000000000000003,1.4,-1.0431194094419314e-05,0.015107981035511621,-0.01406352165588079,0.1996983341875317,0.25571142284569137,0.061723446893787504,0.009572286030345602,0.19745308967958367,1.0
dopamine,0.2,6.0,DVP,8,0.0120321177301749,0.033425590214097564,0.19665760101787763,-0.008939673752958243,0.10000000000000003,1.4,-5.545297331667476e-07,0.015580893810279328,-0.013727391596329623,0.19665760101787763,0.25571142284569137,0.061723446893787504,0.009385919547754015,0.193421808083467,1.0
dopamine,0.2,6.0,DVP,9,0.012000879575501841,0.033818774896831834,0.19549042101672282,-0.008722450926587648,0.10000000000000003,1.4,4.149490496196145e-05,0.017410692560195104,-0.01475270918343792,0.19549042101672282,0.2585170340681363,0.06452905811623244,0.009728486922628041,0.192103750554284,0.9166666666666653
dopamine,0.2,6.5,DVP,0,0.012010886710108255,0.03413476737981098,0.19851635096102968,-0.011708419931612342,0.10000000000000003,1.4,1.1079054815791227e-05,0.016549131729800534,-0.019013181119333908,0.19851635096102968,0.22765531062124245,0.06452905811623244,0.009839022208315468,0.19556053582361968,0.9166666666666653
dopamine,0.2,6.5,DVP,1,0.011978294961014836,0.034343700873945796,0.1974132030281046,-0.00859232464819881,0.10000000000000003,1.4,2.695671473293403e-06,0.015154209501813606,-0.013104786519706368,0.1974132030281046,0.22765531062124245,0.06452905811623244,0.009913226495360831,0.19448420706715874,0.9166666666666653
dopamine,0.2,6.5,DVP,2,0.011913173675764393,0.03441880307385198,0.19744276059352542,-0.007942966967109142,0.10000000000000003,1.4,-3.484820943671429e-06,0.016697857476818033,-0.015551475957150118,0.19744276059352542,0.22765531062124245,0.06452905811623244,0.009928716755458108,0.1946269539206824,0.9166666666666653
dopamine,0.2,6.5,DVP,3,0.012312496443545292,0.034180000502985974,0.20205964859567146,-0.008834866370270018,0.10000000000000003,1.4,-1.3920983923992494e-05,0.017478581761509016,-0.016914187223575475,0.20205964859567146,0.22484969939879762,0.061723446893787504,0.009571942906789824,0.19868809131370802,0.6923076923076927
dopamine,0.2,6.5,DVP,4,0.01212354769509645,0.0345180057219373,0.20019891287698124,-0.009723835845719644,0.10000000000000003,1.4,2.7141487140298442e-06,0.015818590461043433,-0.014052792813957833,0.20019891287698124,0.22484969939879762,0.06452905811623244,0.009969376136808598,0.19733214139107347,0.769230769230771
dopamine,0.2,6.5,DVP,5,0.012114743745028132,0.034142363352461486,0.19813493371509078,-0.007895637179379114,0.10000000000000003,1.4,-6.132819587368877e-06,0.01704963088336188,-0.014738756036490316,0.19813493371509078,0.23046092184368738,0.061723446893787504,0.009586118548820521,0.1949080260384427,1.0
dopamine,0.2,6.5,DVP,6,0.012118990937598152,0.034231664264054,0.19749377893556525,-0.008371447808590265,0.10000000000000003,1.4,-1.7170247295818646e-05,0.015466291439750056,-0.01534544075806895,0.19749377893556525,0.22765531062124245,0.06452905811623244,0.009886209569230432,0.19426315247164352,0.9166666666666653
dopamine,0.2,6.5,DVP,7,0.01163725245968648,0.03462830258922123,0.19772924308532208,-0.009979998871179811,0.10000000000000003,1.4,-1.062312401276829e-05,0.015512721033497628,-0.014334699376475982,0.19772924308532208,0.22484969939879762,0.06452905811623244,0.01002240465882875,0.19543224299442233,0.769230769230771
dopamine,0.2,6.5,DVP,8,0.012160760271878289,0.03417996353210664,0.20113073689058728,-0.00909161683422012,0.10000000000000003,1.4,-6.154048992722399e-07,0.017349195134839956,-0.015236383354600355,0.20113073689058728,0.22765531062124245,0.061723446893787615,0.009602570884043161,0.1977024359451729,0.9999999999999964
dopamine,0.2,6.5,DVP,9,0.012129107614041871,0.034218397667744885,0.20182172844332727,-0.008861940267926964,0.10000000000000003,1.4,4.199198924900602e-05,0.01929367941925489,-0.015538445719467414,0.20182172844332727,0.22765531062124245,0.06452905811623244,0.009860366375950749,0.19839116590187106,0.9166666666666653
dopamine,0.2,7.0,DVP,0,0.01213761162480795,0.03446545644759266,0.19937254169218513,-0.011890931705154373,0.10000000000000003,1.4,1.1168587693829102e-05,0.017007052170947556,-0.01540728819634267,0.19937254169218513,0.19959919839679363,0.06452905811623255,0.009946637512225543,0.19633316746541285,0.9166666666666686
dopamine,0.2,7.0,DVP,1,0.012104605726893564,0.03471271482911063,0.20057635945634283,-0.008719220148775967,0.10000000000000003,1.4,2.6786752934078035e-06,0.017059942226436142,-0.014367450440555186,0.20057635945634283,0.19959919839679363,0.061723446893787615,0.00975534542361082,0.1975787717757092,0.8333333333333339
dopamine,0.2,7.0,DVP,2,0.012038656934551405,0.0347170651300764,0.1971736791665419,-0.008057239434387107,0.10000000000000003,1.4,-3.5803536770920645e-06,0.015275584020537747,-0.01579002727100006,0.1971736791665419,0.19959919839679363,0.06452905811623255,0.010013742031927536,0.1943169702506728,0.9166666666666686
dopamine,0.2,7.0,DVP,3,0.012443053963704015,0.034850477476122264,0.20383801103415664,-0.00896723802797209,0.10000000000000003,1.4,-1.4149130730420341e-05,0.017675758752009878,-0.017334917901593395,0.20383801103415664,0.20240480961923846,0.061723446893787615,0.00981623294615188,0.20062747258400127,0.9999999999999964
dopamine,0.2,7.0,DVP,4,0.012251704211824251,0.03502229160643152,0.2030238101101138,-0.01021729488239866,0.10000000000000003,1.4,2.6973873275406405e-06,0.017901177266636432,-0.014984355793948433,0.2030238101101138,0.19959919839679363,0.06452905811623255,0.010126057272416084,0.20008916372238703,0.9166666666666686
dopamine,0.2,7.0,DVP,5,0.012242788388486105,0.034605888300829855,0.20025022276097304,-0.008511987767825349,0.10000000000000003,1.4,-6.2620008835917765e-06,0.015743007285019282,-0.0155068139879962,0.20025022276097304,0.20240480961923846,0.06452905811623255,0.009985223952345365,0.19719683060620158,0.9166666666666686
dopamine,0.2,7.0,DVP,6,0.012247089550844312,0.0346590458600102,0.20468620799360432,-0.008490954200580518,0.10000000000000003,1.4,-1.7439683036773853e-05,0.016998739584237456,-0.01546606419692121,0.20468620799360432,0.19959919839679363,0.06452905811623255,0.00999057786257533,0.20144397322533378,0.9166666666666686
dopamine,0.2,7.0,DVP,7,0.011759229541312194,0.03500732240448099,0.20168494691996283,-0.0100621526974628,0.10000000000000003,1.4,-1.0809364360293616e-05,0.01772599351814398,-0.0133615130559488,0.20168494691996283,0.1967935871743487,0.06452905811623255,0.010099503769122472,0.19939884792984364,0.7692307692307687
dopamine,0.2,7.0,DVP,8,0.012289389655059352,0.034821374803789246,0.20395895000974995,-0.009239055714524505,0.10000000000000003,1.4,-6.744754818508239e-07,0.01583078937621807,-0.01741314159482004,0.20395895000974995,0.1967935871743487,0.06452905811623255,0.010055232869633488,0.20051946800822118,0.7692307692307687
dopamine,0.2,7.0,DVP,9,0.012257334781592041,0.034649683749464005,0.20160863066582355,-0.008744199339808528,0.10000000000000003,1.4,4.247433796860604e-05,0.01590705282609653,-0.014616610624749636,0.20160863066582355,0.19959919839679363,0.061723446893787615,0.009686703243782726,0.19825924212882715,0.8333333333333339
dopamine,0.2,7.5,DVP,0,0.012264373124674502,0.034987221284340154,0.20126202823708988,-0.012066611083719769,0.10000000000000003,1.4,1.125476887584061e-05,0.020368948118980046,-0.016683087501475832,0.20126202823708988,0.1715430861723447,0.06452905811623244,0.010077769165258332,0.1981472263301237,0.9166666666666653
dopamine,0.2,7.5,DVP,1,0.012230968581751694,0.035093173348929245,0.2061796924450415,-0.00884136526989061,0.10000000000000003,1.4,2.6623153717307403e-06,0.016072290228430104,-0.014546108219149562,0.2061796924450415,0.16593186372745494,0.061723446893787615,0.009876527579001553,0.20313522488350233,0.5714285714285726
dopamine,0.2,7.5,DVP,2,0.012164223260348368,0.035094069123230404,0.20385519724978374,-0.008167234070069633,0.10000000000000003,1.4,-3.672310107706165e-06,0.014178595291685345,-0.017350695154580043,0.20385519724978374,0.17434869739478953,0.061723446893787615,0.009825486202373257,0.2009565762954705,0.9999999999999964
dopamine,0.2,7.5,DVP,3,0.012573504594042877,0.03550312368338338,0.20595539338010566,-0.009094654304267362,0.10000000000000003,1.4,-1.4368736777729374e-05,0.0150905885528086,-0.017336417976593098,0.20595539338010566,0.17715430861723447,0.06452905811623244,0.010258799222648829,0.20273761914499086,0.769230769230771
dopamine,0.2,7.5,DVP,4,0.012379843721173537,0.03543986128751445,0.20702498640834224,-0.010406817744266108,0.10000000000000003,1.4,2.6812534096833823e-06,0.01904214073596542,-0.01460653136885598,0.20702498640834224,0.17434869739478953,0.061723446893787615,0.009953969675967105,0.2040768535697621,0.9999999999999964
dopamine,0.2,7.5,DVP,5,0.012370820212582316,0.03521433927431421,0.20192506983748015,-0.008707957079749903,0.10000000000000003,1.4,-6.3863462307564355e-06,0.017010940101494426,-0.016552877131779373,0.20192506983748015,0.16873747494989977,0.06452905811623244,0.010155264081107212,0.19890570142834738,0.7692307692307657
dopamine,0.2,7.5,DVP,6,0.012375173324349958,0.03515086947102472,0.2047089845527807,-0.00860598682708998,0.10000000000000003,1.4,-1.769903235224915e-05,0.01583181902024125,-0.016423647616214933,0.2047089845527807,0.17434869739478953,0.06452905811623244,0.010146518456985464,0.2014657108599644,0.9166666666666653
dopamine,0.2,7.5,DVP,7,0.011881420944971898,0.0353775220314382,0.20425731605763237,-0.00807549519383899,0.10000000000000003,1.4,-1.0988632732311934e-05,0.014878668777008275,-0.01458096261423418,0.20425731605763237,0.1715430861723447,0.06733466933867727,0.010475874888641394,0.20198016308668384,0.8461538461538464
dopamine,0.2,7.5,DVP,8,0.012417984328933318,0.03521243585332312,0.2054477877428597,-0.009380975166434753,0.10000000000000003,1.4,-7.313347355718744e-07,0.01637593446778264,-0.01456252930956034,0.2054477877428597,0.1715430861723447,0.06452905811623244,0.010155519084483238,0.2020307071481358,0.769230769230771
dopamine,0.2,7.5,DVP,9,0.012385542296924328,0.03533893319766485,0.20627715160529478,-0.008264722814787165,0.10000000000000003,1.4,4.29386297875206e-05,0.015089035019012785,-0.018569937836926148,0.20627715160529478,0.16873747494989977,0.061723446893787504,0.009890086566341723,0.20298846388317957,0.8333333333333306
dopamine,0.2,8.0,DVP,0,0.012391064316018711,0.0355953244959714,0.20658222916248425,-0.012251677098643807,0.10000000000000003,1.4,1.1345554761165104e-05,0.017683983364145422,-0.016502436444379542,0.20658222916248425,0.14348697394789578,0.061723446893787615,0.009990192772747687,0.20348917142985562,0.8333333333333339
dopamine,0.2,8.0,DVP,1,0.012357239828286895,0.03546066507626101,0.20398212065056748,-0.008970036665427717,0.10000000000000003,1.4,2.645081331321672e-06,0.01631729778119974,-0.019371684612510834,0.20398212065056748,0.14629258517034072,0.06452905811623255,0.010227411096109931,0.2009209950869007,0.9166666666666686
dopamine,0.2,8.0,DVP,2,0.012289655418879473,0.0354116370521699,0.20204081210780647,-0.00828310577370962,0.10000000000000003,1.4,-3.7691798160315315e-06,0.0183596237827165,-0.01586576982553363,0.20204081210780647,0.14629258517034072,0.06452905811623255,0.010247897219404877,0.19917159221617664,0.9166666666666686
dopamine,0.2,8.0,DVP,3,0.012704082027930861,0.036009065581341995,0.20849658827708578,-0.009450717936924966,0.10000000000000003,1.4,-1.4600076485101871e-05,0.01599655362314404,-0.01755457122348266,0.20849658827708578,0.14629258517034072,0.06452905811623255,0.010387079409876914,0.205269235891556,0.9166666666666686
dopamine,0.2,8.0,DVP,4,0.012507986549730827,0.035976218373020286,0.2145951108530996,-0.010560430643540666,0.10000000000000003,1.4,2.6642574485903556e-06,0.015977411906580335,-0.014902927698059946,0.2145951108530996,0.14629258517034072,0.061723446893787615,0.010092935209003185,0.21170218476088712,0.9999999999999964
dopamine,0.2,8.0,DVP,5,0.012498849602210036,0.03580849092074146,0.20828496296108814,-0.008843101299411791,0.10000000000000003,1.4,-6.5173354115129615e-06,0.015029811082494335,-0.01560481685217327,0.20828496296108814,0.14629258517034072,0.06452905811623255,0.010364523655042786,0.2052944084117921,0.9166666666666686
dopamine,0.2,8.0,DVP,6,0.012503257439069835,0.0356830677300483,0.20480368406294147,-0.008727165703906347,0.10000000000000003,1.4,-1.7972238830324434e-05,0.015795422061434312,-0.015789997336733815,0.20480368406294147,0.14909819639278554,0.061723446893787615,0.010013028400533431,0.20154864056624305,0.8333333333333339
dopamine,0.2,8.0,DVP,7,0.01200329785760151,0.03579780716113667,0.20610552220083264,-0.008194940260940373,0.10000000000000003,1.4,-1.117747950238971e-05,0.018445317597853544,-0.01859475228819467,0.20610552220083264,0.14909819639278554,0.061723446893787615,0.010092146562759412,0.20376227418005577,0.8333333333333339
dopamine,0.2,8.0,DVP,8,0.012546606641681666,0.03555646368506656,0.20483649493486852,-0.009530477445072745,0.10000000000000003,1.4,-7.912320074295459e-07,0.016216533349384846,-0.013738469340989275,0.20483649493486852,0.14909819639278554,0.06452905811623255,0.01024594024402554,0.20138563427816134,0.9166666666666686
dopamine,0.2,8.0,DVP,9,0.01251375676505803,0.036003767165631646,0.20940940814725675,-0.008399862022726476,0.10000000000000003,1.4,4.342772894867435e-05,0.018092700302530358,-0.015514395668135096,0.20940940814725675,0.14629258517034072,0.061723446893787615,0.010131364187615606,0.20608372333508326,0.9999999999999964
dopamine,0.5,6.0,DVP,0,0.026141422665761138,0.08270020615378786,0.4718173098705332,-0.0317982498115437,0.10000000000000003,1.4,2.0934311019456476e-05,0.03878927972801527,-0.03635471063803543,0.4718173098705332,0.25290581162324655,0.06452905811623244,0.023877352221431596,0.46753051683406244,0.769230769230771
dopamine,0.5,6.0,DVP,1,0.026063243833726664,0.08292643245929042,0.480421931360785,-0.022560240085373207,0.10000000000000003,1.4,8.2483127551446e-07,0.04296166851026531,-0.03650283547516198,0.480421931360785,0.2585170340681363,0.061723446893787504,0.023326276772367326,0.47646444000638843,0.8333333333333306
dopamine,0.5,6.0,DVP,2,0.02590703540174375,0.08329386696956051,0.4830912968535958,-0.02104372490540019,0.10000000000000003,1.4,-1.4000506179412609e-05,0.04203320519939707,-0.03578869765290399,0.4830912968535958,0.25571142284569137,0.061723446893787504,0.023328377312511032,0.47921419091585993,1.0
dopamine,0.5,6.0,DVP,3,0.02686490321977345,0.08231344975821506,0.4670051330689235,-0.023405565194511757,0.10000000000000003,1.4,-3.9034051644687366e-05,0.03941252443679011,-0.04059579953669962,0.4670051330689235,0.26132264529058113,0.06733466933867738,0.024352483589729808,0.46174257377211936,0.7142857142857151
dopamine,0.5,6.0,DVP,4,0.026411666039229214,0.08288346921895119,0.48085422045566706,-0.023746385735068456,0.10000000000000003,1.4,8.691532017739978e-07,0.03693375517608655,-0.03288776043961883,0.48085422045566706,0.25290581162324655,0.061723446893787504,0.023215566928557183,0.47686406837271433,0.8333333333333366
dopamine,0.5,6.0,DVP,5,0.026390547733131008,0.08254747915180037,0.4755668943506381,-0.019012857173928765,0.10000000000000003,1.4,-2.0352342056638945e-05,0.03889093334784395,-0.03631527912770166,0.4755668943506381,0.2585170340681363,0.061723446893787504,0.023156105623202177,0.4705818308171602,0.8333333333333306
dopamine,0.5,6.0,DVP,6,0.026400735604717705,0.08273369772180734,0.48411424612284226,-0.021526013336362452,0.10000000000000003,1.4,-4.682815973792441e-05,0.03926163062898905,-0.036662596976384604,0.48411424612284226,0.25290581162324655,0.061723446893787504,0.023208770123768818,0.47922623499394107,0.8333333333333366
dopamine,0.5,6.0,DVP,7,0.025245174685257717,0.08339088053371323,0.48537875565397526,-0.02673186415534685,0.10000000000000003,1.4,-3.1123373536132255e-05,0.03684891178025576,-0.03431160679876144,0.48537875565397526,0.25571142284569137,0.061723446893787504,0.023424720021680785,0.4829271253849444,1.0
dopamine,0.5,6.0,DVP,8,0.026500928992912946,0.08181270819742335,0.47798807165970386,-0.025320827506596436,0.10000000000000003,1.4,-7.117549565788584e-06,0.03802473229584172,-0.033494969572746364,0.47798807165970386,0.25571142284569137,0.061723446893787504,0.022969201266785724,0.4730876402654237,1.0
dopamine,0.5,6.0,DVP,9,0.026425002787990804,0.0827682340344647,0.47514230095664084,-0.024018601752112925,0.10000000000000003,1.4,9.508611863861415e-05,0.04246733572720915,-0.035968734029363986,0.47514230095664084,0.2585170340681363,0.06452905811623244,0.023828780985260402,0.4702098863320127,0.9166666666666653
dopamine,0.5,6.5,DVP,0,0.026450858415569902,0.08352125160355121,0.48244727503574464,-0.03225116783409573,0.10000000000000003,1.4,2.1156494242419837e-05,0.04038729159632655,-0.046329688351449794,0.48244727503574464,0.22765531062124245,0.06452905811623244,0.024051673230344916,0.4779157860226679,0.9166666666666653
dopamine,0.5,6.5,DVP,1,0.026371651839070538,0.0840269152091489,0.4797663335836952,-0.022875141738437906,0.10000000000000003,1.4,7.826538530098862e-07,0.03699726138208395,-0.031973367756910565,0.4797663335836952,0.22765531062124245,0.06452905811623244,0.024257743361602413,0.47569882049157997,0.9166666666666653
dopamine,0.5,6.5,DVP,2,0.026213389879973435,0.08421116794051434,0.4798381662907993,-0.021343676953245714,0.10000000000000003,1.4,-1.4237578538472677e-05,0.040742943121671135,-0.03792756363854974,0.4798381662907993,0.22765531062124245,0.06452905811623244,0.024288444665699415,0.475938120711565,0.9166666666666653
dopamine,0.5,6.5,DVP,3,0.027183849896203757,0.08362769184725923,0.4910346809157341,-0.023734056383243475,0.10000000000000003,1.4,-3.96002167660572e-05,0.04263167122541149,-0.041129693008362035,0.4910346809157341,0.22484969939879762,0.061723446893787504,0.02341349058959173,0.48573125082560525,0.6923076923076927
dopamine,0.5,6.5,DVP,4,0.026724654427572297,0.08444551931183417,0.48651260063016605,-0.02574978486255547,0.10000000000000003,1.4,8.275584384523967e-07,0.0386060915538497,-0.0342851355150349,0.48651260063016605,0.22484969939879762,0.06452905811623244,0.024390919037442685,0.48254543605579425,0.769230769230771
dopamine,0.5,6.5,DVP,5,0.02670325849872589,0.08353236194060273,0.4815170200737574,-0.02129559831562263,0.10000000000000003,1.4,-2.0672916100167803e-05,0.04160593671717247,-0.035917435574721476,0.4815170200737574,0.23046092184368738,0.061723446893787504,0.02345809534321634,0.4767296379001318,1.0
dopamine,0.5,6.5,DVP,6,0.02671358030079428,0.0837546247404694,0.4799621543652063,-0.021822578306896188,0.10000000000000003,1.4,-4.749678675649959e-05,0.03775570309137605,-0.037426612150072314,0.4799621543652063,0.22765531062124245,0.06452905811623244,0.024190531841469735,0.47513752893703354,0.9166666666666653
dopamine,0.5,6.5,DVP,7,0.025542828295615726,0.08472072219203614,0.48051064937800975,-0.02710842434314617,0.10000000000000003,1.4,-3.158554432261668e-05,0.03787083900127619,-0.03496772343091971,0.48051064937800975,0.22484969939879762,0.06452905811623244,0.024517549520687083,0.47789342272417884,0.769230769230771
dopamine,0.5,6.5,DVP,8,0.02681509083836942,0.08362676727784805,0.48880092480565424,-0.025686709251202727,0.10000000000000003,1.4,-7.264138089549503e-06,0.04233395713525931,-0.037151070161382,0.48880092480565424,0.22765531062124245,0.061723446893787615,0.023516883914154907,0.4838392359643303,0.9999999999999964
dopamine,0.5,6.5,DVP,9,0.026738166502177998,0.0837218942113102,0.49048021716660223,-0.02435441271316195,0.10000000000000003,1.4,9.628310677818447e-05,0.047057834038994606,-0.037895665289747166,0.49048021716660223,0.22765531062124245,0.06452905811623244,0.024147845733115042,0.4854814868844226,0.9166666666666653
dopamine,0.5,7.0,DVP,0,0.026760410365239712,0.08430388025801731,0.4844573653202572,-0.03268956323840159,0.10000000000000003,1.4,2.1371553257541796e-05,0.04149757712822591,-0.03751883020233713,0.4844573653202572,0.19959919839679363,0.06452905811623255,0.024302874706102342,0.4796377960247655,0.9166666666666686
dopamine,0.5,7.0,DVP,1,0.026680208998452103,0.08490263430380847,0.4873825343400211,-0.023179946207763306,0.10000000000000003,1.4,7.418288311058976e-07,0.041615846470823226,-0.03502579723345463,0.4873825343400211,0.19959919839679363,0.061723446893787615,0.023873596118932857,0.48329424605847887,0.8333333333333339
dopamine,0.5,7.0,DVP,2,0.02651995935768932,0.08491523561929405,0.4791143269217237,-0.021633644452188225,0.10000000000000003,1.4,-1.446704927605625e-05,0.03729026507229319,-0.03850430157477219,0.4791143269217237,0.19959919839679363,0.06452905811623255,0.024480916844743912,0.47497082624235487,0.9166666666666686
dopamine,0.5,7.0,DVP,3,0.02750260780879393,0.08523479858771565,0.4953104529276804,-0.02405201464572002,0.10000000000000003,1.4,-4.014822805050186e-05,0.04312883421855017,-0.04225314913688667,0.4953104529276804,0.20240480961923846,0.061723446893787615,0.024002001479338706,0.4903880452620541,0.9999999999999964
dopamine,0.5,7.0,DVP,4,0.027037645101976066,0.08564953851338931,0.4933296195575423,-0.02694902079043019,0.10000000000000003,1.4,7.872973930193854e-07,0.04367338291605041,-0.036541494382294426,0.4933296195575423,0.19959919839679363,0.06452905811623255,0.024774873742420624,0.48932280725527794,0.9166666666666686
dopamine,0.5,7.0,DVP,5,0.027015980452233423,0.08463730176556326,0.48659244973927257,-0.022795823567971437,0.10000000000000003,1.4,-2.0983211077238674e-05,0.03841297361193606,-0.03781102085785665,0.48659244973927257,0.20240480961923846,0.06452905811623255,0.024405661625224825,0.4818786828188373,0.9166666666666686
dopamine,0.5,7.0,DVP,6,0.027026431890361195,0.084771894323255,0.49736909706991306,-0.022109634051393875,0.10000000000000003,1.4,-4.814397454224149e-05,0.04148054041993718,-0.037704578674015804,0.49736909706991306,0.19959919839679363,0.06452905811623255,0.024430278006280535,0.4923763298502558,0.9166666666666686
dopamine,0.5,7.0,DVP,7,0.025840975894981712,0.08562084107326652,0.4900447314530222,-0.027302936889774015,0.10000000000000003,1.4,-3.2032895805027326e-05,0.04324454001452102,-0.032604670790088025,0.4900447314530222,0.1967935871743487,0.06452905811623255,0.024698159006401963,0.48742489124550653,0.7692307692307687
dopamine,0.5,7.0,DVP,8,0.027129217343497616,0.08516334813678658,0.49557035467203725,-0.026040859157737708,0.10000000000000003,1.4,-7.406026316426825e-06,0.038629115467955805,-0.042448323566253,0.49557035467203725,0.1967935871743487,0.06452905811623255,0.024614384074187895,0.49051671378594736,0.7692307692307687
dopamine,0.5,7.0,DVP,9,0.027051326880679405,0.08474863154115275,0.4898908606431139,-0.024061305445049364,0.10000000000000003,1.4,9.744171401672929e-05,0.038811589539426816,-0.03565300454038377,0.4898908606431139,0.19959919839679363,0.061723446893787615,0.02371947222675697,0.4851530054394297,0.8333333333333339
dopamine,0.5,7.5,DVP,0,0.027070056644292073,0.08554703457872666,0.4889680085977842,-0.033110550073894705,0.10000000000000003,1.4,2.1578072334455363e-05,0.04965827982458912,-0.040668847246216694,0.4889680085977842,0.1715430861723447,0.06452905811623244,0.024627033951227343,0.4841355348659024,0.9166666666666653
dopamine,0.5,7.5,DVP,1,0.026988899990082842,0.08580301348646181,0.5008045842739316,-0.023472646969963668,0.10000000000000003,1.4,7.026249603272975e-07,0.03923391222980514,-0.03547723469535462,0.5008045842739316,0.16593186372745494,0.061723446893787615,0.024161178490452684,0.49657384480572475,0.5714285714285726
dopamine,0.5,7.5,DVP,2,0.02682674159798239,0.08580721489416879,0.4952766193646779,-0.021912085392913845,0.10000000000000003,1.4,-1.4687407789637063e-05,0.03461875885288232,-0.04228172938226743,0.4952766193646779,0.17434869739478953,0.061723446893787615,0.024009707591638223,0.49095524063180274,0.9999999999999964
dopamine,0.5,7.5,DVP,3,0.027821094484345527,0.08679582529639139,0.5003605235731376,-0.024357346867326754,0.10000000000000003,1.4,-4.067447794771084e-05,0.03682651876874171,-0.04214272085147153,0.5003605235731376,0.17715430861723447,0.06452905811623244,0.02508109776556332,0.4954987016896784,0.769230769230771
dopamine,0.5,7.5,DVP,4,0.02735059355488714,0.08664010286550422,0.5029776522227456,-0.027405367837543288,0.10000000000000003,1.4,7.48635103351103e-07,0.046445038297831295,-0.03563066609933446,0.5029776522227456,0.17434869739478953,0.061723446893787615,0.02434568064636186,0.4989219188514269,0.9999999999999964
dopamine,0.5,7.5,DVP,5,0.027328670855085984,0.08609095396119183,0.49053913763258483,-0.023268848623004254,0.10000000000000003,1.4,-2.1281184320533373e-05,0.041509646440271025,-0.04035775374328268,0.49053913763258483,0.16873747494989977,0.06452905811623244,0.02480884023349429,0.48583828112797534,0.7692307692307657
dopamine,0.5,7.5,DVP,6,0.027339246781458545,0.08594249119587671,0.4973509037240738,-0.02238529088606701,0.10000000000000003,1.4,-4.8765462667375194e-05,0.0386352815988735,-0.04003138622550595,0.4973509037240738,0.17434869739478953,0.06452905811623244,0.02481172794930792,0.492468589829338,0.9166666666666653
dopamine,0.5,7.5,DVP,7,0.026139670687549257,0.08649645449564211,0.49624508879824075,-0.02292713046152678,0.10000000000000003,1.4,-3.246248307506595e-05,0.03631959403271673,-0.03555456551678228,0.49624508879824075,0.1715430861723447,0.06733466933867727,0.02561463306460359,0.4936871573005585,0.8461538461538464
dopamine,0.5,7.5,DVP,8,0.027443256523587024,0.08608948303153405,0.4991373510611051,-0.026380945862520603,0.10000000000000003,1.4,-7.54228019828837e-06,0.03997161879243348,-0.03549496180474723,0.4991373510611051,0.1715430861723447,0.06452905811623244,0.02485162620727497,0.494112198444518,0.769230769230771
dopamine,0.5,7.5,DVP,9,0.027364438298782025,0.08639836449013426,0.501112561610784,-0.0236314623440448,0.10000000000000003,1.4,9.855431325965883e-05,0.03684093042350434,-0.045259799746307755,0.501112561610784,0.16873747494989977,0.06452905811623244,0.024878749539163778,0.49638909201292125,0.7692307692307657
dopamine,0.5,8.0,DVP,0,0.027379528785512693,0.08699751574909552,0.501804242599646,-0.033554813302473896,0.10000000000000003,1.4,2.1796009866315148e-05,0.04314711633918944,-0.04020335359242444,0.501804242599646,0.14348697394789578,0.061723446893787615,0.02439853909617027,0.4969169944408046,0.8333333333333339
dopamine,0.5,8.0,DVP,1,0.027297364025970074,0.08666952378849589,0.4955031995497857,-0.023781531178825942,0.10000000000000003,1.4,6.612535046510299e-07,0.03983109729025294,-0.04720377678889434,0.4955031995497857,0.14629258517034072,0.06452905811623255,0.025012097627320255,0.4912115611884457,0.9166666666666686
dopamine,0.5,8.0,DVP,2,0.027133191347530148,0.08655253010514935,0.4907874696064774,-0.02220592107846373,0.10000000000000003,1.4,-1.4919949941635203e-05,0.044786161646704625,-0.038667426176969,0.4907874696064774,0.14629258517034072,0.06452905811623255,0.02503494770745895,0.486544918785285,0.9166666666666686
dopamine,0.5,8.0,DVP,3,0.028139895808237787,0.08799863716839555,0.5064695192746195,-0.025031623814605095,0.10000000000000003,1.4,-4.1229824240427275e-05,0.039051961569697535,-0.042666412172257626,0.5064695192746195,0.14629258517034072,0.06452905811623255,0.025386689222715038,0.5015684981469473,0.9166666666666686
dopamine,0.5,8.0,DVP,4,0.02766355044740191,0.08791671874276323,0.5212837463220872,-0.027774295609346238,0.10000000000000003,1.4,7.078351728446174e-07,0.03900546346598169,-0.03634959795015755,0.5212837463220872,0.14629258517034072,0.061723446893787615,0.024670819781938694,0.5172504803265185,0.9999999999999964
dopamine,0.5,8.0,DVP,5,0.027641355429935528,0.08750775540392342,0.5059554496059244,-0.023593563367382837,0.10000000000000003,1.4,-2.1595632526357323e-05,0.03670268582577517,-0.038053489393237716,0.5059554496059244,0.14629258517034072,0.06452905811623255,0.025314337181675393,0.5013575092658101,0.9166666666666686
dopamine,0.5,8.0,DVP,6,0.027652062727517083,0.08720882542911416,0.4974851957912397,-0.022676188807395976,0.10000000000000003,1.4,-4.942131291664043e-05,0.0385624698522638,-0.03850442329849947,0.4974851957912397,0.14909819639278554,0.061723446893787615,0.024467022060008992,0.49241526786812634,0.8333333333333339
dopamine,0.5,8.0,DVP,7,0.02643758583379215,0.08749127060134569,0.5006475561028381,-0.023248365531614152,0.10000000000000003,1.4,-3.2915822256849e-05,0.04494621212150128,-0.045317594217448284,0.5006475561028381,0.14909819639278554,0.061723446893787615,0.02467037811737631,0.4979734226172954,0.8333333333333339
dopamine,0.5,8.0,DVP,8,0.02775736444966601,0.08689907107676897,0.49756489832579526,-0.026739835986214693,0.10000000000000003,1.4,-7.686067567295452e-06,0.039573456948465174,-0.03350929537285101,0.49756489832579526,0.14909819639278554,0.06452905811623255,0.0250680962711504,0.49249682347843304,0.9166666666666686
dopamine,0.5,8.0,DVP,9,0.02767756716684576,0.08798680276764305,0.5086868958017376,-0.023955872965040745,0.10000000000000003,1.4,9.972842819653006e-05,0.044137764434020635,-0.037836194104393595,0.5086868958017376,0.14629258517034072,0.061723446893787615,0.02478515962091791,0.5039424604465951,0.9999999999999964
dopamine,1.0,6.0,DVP,0,0.0484953289954934,0.15938885755621704,0.9072106327302215,-0.0635920214085868,0.10000000000000003,1.4,3.6531046613653265e-05,0.0746772560394261,-0.06998713157105779,0.9072106327302215,0.25290581162324655,0.06452905811623244,0.04600109143715591,0.9006473953215566,0.769230769230771
dopamine,1.0,6.0,DVP,1,0.048345004938165036,0.1598227740029935,0.9237606236023972,-0.04466558969512573,0.10000000000000003,1.4,-2.1359238079405803e-06,0.08271171768283136,-0.0702664629312384,0.9237606236023972,0.2585170340681363,0.061723446893787504,0.04496117933379124,0.9181952033252295,0.8333333333333306
dopamine,1.0,6.0,DVP,2,0.04804464377039756,0.16053011760527164,0.928899062741514,-0.04207174906506424,0.10000000000000003,1.4,-3.064242383474976e-05,0.08092203830984396,-0.06889901262339337,0.928899062741514,0.25571142284569137,0.061723446893787504,0.04494101571020094,0.923096095995056,1.0
dopamine,1.0,6.0,DVP,3,0.04988645405386392,0.15864362009212343,0.8979417852238673,-0.046464867995777134,0.10000000000000003,1.4,-7.877750114051638e-05,0.07586591734678459,-0.07807385571901333,0.8979417852238673,0.26132264529058113,0.06733466933867738,0.04693720150628587,0.8898032686569237,0.7142857142857151
dopamine,1.0,6.0,DVP,4,0.049014959172980696,0.15973748768300178,0.9245870123654639,-0.04799802016969608,0.10000000000000003,1.4,-2.0507005881690993e-06,0.0711166984537921,-0.06332079994625803,0.9245870123654639,0.25290581162324655,0.061723446893787504,0.04475563987161288,0.9190776435811114,0.8333333333333366
dopamine,1.0,6.0,DVP,5,0.04897435240802948,0.1590907156706244,0.9144252467126175,-0.03856375114685306,0.10000000000000003,1.4,-4.2855880031274275e-05,0.07488510116004518,-0.06989144877241482,0.9144252467126175,0.2585170340681363,0.061723446893787504,0.04460780229134006,0.9064600307575646,0.8333333333333306
dopamine,1.0,6.0,DVP,6,0.04899394188196504,0.15945213435126138,0.9308554647397365,-0.0433404698102659,0.10000000000000003,1.4,-9.376419154431417e-05,0.07557538575542944,-0.07056283609371405,0.9308554647397365,0.25290581162324655,0.061723446893787504,0.04472457756006119,0.9233281577578946,0.8333333333333366
dopamine,1.0,6.0,DVP,7,0.04677200275365074,0.16071735918813593,0.9332974411630905,-0.053242329079709785,0.10000000000000003,1.4,-6.356666722869468e-05,0.07093654393559538,-0.06605860449191989,0.9332974411630905,0.25571142284569137,0.061723446893787504,0.04514175765639398,0.9304864018358333,1.0
dopamine,1.0,6.0,DVP,8,0.04918659603448988,0.15768094562549476,0.9190864639005919,-0.051004858700572364,0.10000000000000003,1.4,-1.740771646385035e-05,0.07321445436579754,-0.06448857948638737,0.9190864639005919,0.25571142284569137,0.061723446893787504,0.044266396299799775,0.9115752476175724,1.0
dopamine,1.0,6.0,DVP,9,0.04904060338041175,0.15951814442787315,0.9136088287636727,-0.04800145551559082,0.10000000000000003,1.4,0.00017911184872422995,0.08175367748289783,-0.06923336557791465,0.9136088287636727,0.2585170340681363,0.06452905811623244,0.04592804728969331,0.9061195331294655,0.9166666666666653
dopamine,1.0,6.5,DVP,0,0.04909130787968878,0.16095637911606928,0.9276229214244951,-0.0644601676318166,0.10000000000000003,1.4,3.6956923960714196e-05,0.07776317188087975,-0.08915927376476718,0.9276229214244951,0.22765531062124245,0.06452905811623244,0.04634920537775951,0.9208301249580505,0.9166666666666653
dopamine,1.0,6.5,DVP,1,0.048939013857750464,0.16192728636170642,0.9224681555659173,-0.045269188287331306,0.10000000000000003,1.4,-2.216768835582743e-06,0.07124500939189057,-0.061557439573267814,0.9224681555659173,0.22765531062124245,0.06452905811623244,0.04675996790233821,0.916792826505498,0.9166666666666653
dopamine,1.0,6.5,DVP,2,0.04863471652114069,0.1622826619925181,0.9226062715198582,-0.0426466960706747,0.10000000000000003,1.4,-3.109684044637074e-05,0.07844326258952719,-0.07301105913901576,0.9226062715198582,0.22765531062124245,0.06452905811623244,0.04678676820141471,0.9167534675442423,0.9166666666666653
dopamine,1.0,6.5,DVP,3,0.05050066333432258,0.16115880375828645,0.9441189908496593,-0.047094514798646306,0.10000000000000003,1.4,-7.986271764188704e-05,0.08206923124906107,-0.07909721442401503,0.9441189908496593,0.22484969939879762,0.061723446893787504,0.04512236621516031,0.9358950576856296,0.6923076923076927
dopamine,1.0,6.5,DVP,4,0.049617747699478854,0.162728946253238,0.935424185132073,-0.050876890111174605,0.10000000000000003,1.4,-2.130428783749132e-06,0.074334642649978,-0.0660074506142545,0.935424185132073,0.22484969939879762,0.06452905811623244,0.047018880458754186,0.929985962720933,0.769230769230771
dopamine,1.0,6.5,DVP,5,0.04957660879156064,0.160973041863398,0.9258321431299384,-0.04230541392430073,0.10000000000000003,1.4,-4.347035137332179e-05,0.08010779895043096,-0.06912351336923203,0.9258321431299384,0.23046092184368738,0.061723446893787504,0.045200333513058716,0.9184741289029361,1.0
dopamine,1.0,6.5,DVP,6,0.04959645498136103,0.16140374021963833,0.9228446689277298,-0.04394601371359866,0.10000000000000003,1.4,-9.504580541707332e-05,0.07270329913775261,-0.07204770803629978,0.9228446689277298,0.22765531062124245,0.06452905811623244,0.046606739593535104,0.9153417160736312,0.9166666666666653
dopamine,1.0,6.5,DVP,7,0.04734539781614677,0.163262658150366,0.9238839654171619,-0.05396410378684651,0.10000000000000003,1.4,-6.445254900595916e-05,0.07292615976557093,-0.06731826731875126,0.9238839654171619,0.22484969939879762,0.06452905811623244,0.047251844393002077,0.9208783922435477,0.769230769230771
dopamine,1.0,6.5,DVP,8,0.04979163382533699,0.16115649236345103,0.9398393675860678,-0.05170617513955817,0.10000000000000003,1.4,-1.768869506689806e-05,0.08150759632110194,-0.07151113466090364,0.9398393675860678,0.22765531062124245,0.061723446893787615,0.0453233589024015,0.9323148090954843,0.9999999999999964
dopamine,1.0,6.5,DVP,9,0.049643727968761805,0.161340495776873,0.9430682180043296,-0.04864507938655507,0.10000000000000003,1.4,0.00018140621697825422,0.09058928634401853,-0.07294957745549446,0.9430682180043296,0.22765531062124245,0.06452905811623244,0.04653786353273705,0.9354350405871277,0.9166666666666653
dopamine,1.0,7.0,DVP,0,0.04968751456320062,0.162447622602169,0.9314422122432836,-0.06529976329670277,0.10000000000000003,1.4,3.7368795561140686e-05,0.0798963014439586,-0.07218754421173583,0.9314422122432836,0.19959919839679363,0.06452905811623255,0.04683260549677454,0.9241502249685741,0.9166666666666686
dopamine,1.0,7.0,DVP,1,0.04953331536250067,0.16359748454954567,0.9370662900218375,-0.045852936448397774,0.10000000000000003,1.4,-2.2949551283058813e-06,0.0801170790515291,-0.0674160446741735,0.9370662900218375,0.19959919839679363,0.061723446893787615,0.04601442206733171,0.9313457098624597,0.8333333333333339
dopamine,1.0,7.0,DVP,2,0.0492252113050784,0.16362301091749487,0.9211694166119468,-0.04320202925412523,0.10000000000000003,1.4,-3.153631274603708e-05,0.0718071106719591,-0.07411804029797045,0.9211694166119468,0.19959919839679363,0.06452905811623255,0.04717399752087745,0.9151630036552885,0.9166666666666686
dopamine,1.0,7.0,DVP,3,0.05111450087455218,0.1642344580100802,0.9523104544150572,-0.047703454527868,0.10000000000000003,1.4,-8.091224483630877e-05,0.08303674266608874,-0.08132247465395143,0.9523104544150572,0.20240480961923846,0.061723446893787615,0.0462422997869128,0.944678314673494,0.9999999999999964
dopamine,1.0,7.0,DVP,4,0.05022054007789309,0.1650300870502265,0.9485004565923992,-0.053182714498084566,0.10000000000000003,1.4,-2.2075349734525275e-06,0.0840816559713044,-0.0703409585887135,0.9485004565923992,0.19959919839679363,0.06452905811623255,0.04775289867651104,0.9429695389172698,0.9166666666666686
dopamine,1.0,7.0,DVP,5,0.05017888652749156,0.1630836687959145,0.9355487809274706,-0.04519146735338566,0.10000000000000003,1.4,-4.40646147141915e-05,0.07395724180352159,-0.07278181434516867,0.9355487809274706,0.20240480961923846,0.06452905811623255,0.047025287601912664,0.9283836410838127,0.9166666666666686
dopamine,1.0,7.0,DVP,6,0.05019898099059137,0.16334590978516103,0.9562669601895575,-0.04453164321071835,0.10000000000000003,1.4,-9.628527110019687e-05,0.07986558617467626,-0.07257237297760863,0.9562669601895575,0.19959919839679363,0.06452905811623255,0.047070523950853684,0.9485329753562094,0.9166666666666686
dopamine,1.0,7.0,DVP,7,0.0479197633877722,0.16497982312080312,0.9421643936221399,-0.054334783709817515,0.10000000000000003,1.4,-6.530929695911594e-05,0.08325510057056901,-0.06277604155842975,0.9421643936221399,0.1967935871743487,0.06452905811623255,0.04759281049532803,0.9391049931218431,0.7692307692307687
dopamine,1.0,7.0,DVP,8,0.050396601496974884,0.16409661620241647,0.9527882360561174,-0.05238442751931889,0.10000000000000003,1.4,-1.7960433180515517e-05,0.07437463909327313,-0.08170101628689472,0.9527882360561174,0.1967935871743487,0.06452905811623255,0.04741995025007501,0.9448667739271898,0.7692307692307687
dopamine,1.0,7.0,DVP,9,0.05024684535702625,0.16330085556366936,0.941888924928495,-0.04807701501746401,0.10000000000000003,1.4,0.00018362513078353993,0.07472364092946318,-0.06863599253156313,0.941888924928495,0.19959919839679363,0.061723446893787615,0.045718998394606185,0.9349340796682349,0.8333333333333339
dopamine,1.0,7.5,DVP,0,0.0502839061133221,0.16482185137957728,0.9400625703978852,-0.06610536799676159,0.10000000000000003,1.4,3.7763992572036414e-05,0.09558105916548237,-0.07827614956204493,0.9400625703978852,0.1715430861723447,0.06452905811623244,0.047449720366963447,0.9327055041484099,0.9166666666666653
dopamine,1.0,7.5,DVP,1,0.050127878864873666,0.16531305936891585,0.9627473159068829,-0.04641305161081897,0.10000000000000003,1.4,-2.3699760550832047e-06,0.07554904796035608,-0.06829517373829344,0.9627473159068829,0.16593186372745494,0.061723446893787615,0.046546565451934564,0.9564697398965173,0.5714285714285726
dopamine,1.0,7.5,DVP,2,0.04981612220143326,0.16532243250835665,0.952196626878154,-0.043734856680056416,0.10000000000000003,1.4,-3.1957993044022744e-05,0.06666691653525286,-0.08137112872691304,0.952196626878154,0.17434869739478953,0.061723446893787615,0.04624788527571446,0.945623757999442,0.9999999999999964
dopamine,1.0,7.5,DVP,3,0.0517278094975361,0.1672197343326217,0.9619586906659161,-0.048287741379777906,0.10000000000000003,1.4,-8.191928200434841e-05,0.07090631058878508,-0.08103655375405872,0.9619586906659161,0.17715430861723447,0.06452905811623244,0.048327690296501885,0.9546228750299631,0.769230769230771
dopamine,1.0,7.5,DVP,4,0.05082325070157391,0.16691905818919645,0.9670022023268104,-0.0540574155146569,0.10000000000000003,1.4,-2.281519525095976e-06,0.08941007521581845,-0.06859443289897355,0.9670022023268104,0.17434869739478953,0.061723446893787615,0.04690499845168444,0.9611213434154269,0.9999999999999964
dopamine,1.0,7.5,DVP,5,0.050781103343949766,0.16586251390651363,0.9430574908421936,-0.04609888845008207,0.10000000000000003,1.4,-4.46348193501839e-05,0.0799211983541554,-0.0776814491711953,0.9430574908421936,0.16873747494989977,0.06452905811623244,0.04779119547377157,0.9358286294046415,0.7692307692307657
dopamine,1.0,7.5,DVP,6,0.050801436029023865,0.16558076303964128,0.9561845300790645,-0.04509356354344979,0.10000000000000003,1.4,-9.7474557112079e-05,0.0743888587283339,-0.07704598873636961,0.9561845300790645,0.17434869739478953,0.06452905811623244,0.04780353586717274,0.9487045902635776,0.9166666666666653
dopamine,1.0,7.5,DVP,7,0.04849519806171378,0.16664788635653566,0.9540530781569724,-0.046784816549726015,0.10000000000000003,1.4,-6.613135953839642e-05,0.06993684721142007,-0.0684391034010243,0.9540530781569724,0.1715430861723447,0.06733466933867727,0.04935134613918975,0.9510643507110124,0.8461538461538464
dopamine,1.0,7.5,DVP,8,0.051001399347303335,0.16586170410894638,0.9596135799674897,-0.053035220904531756,0.10000000000000003,1.4,-1.8221169997856043e-05,0.07696732137552803,-0.06831494855646014,0.9596135799674897,0.1715430861723447,0.06452905811623244,0.0478821580695783,0.9518887190936949,0.769230769230771
dopamine,1.0,7.5,DVP,9,0.05084986783255892,0.16645653018968984,0.9633853649527241,-0.047724992223251224,0.10000000000000003,1.4,0.00018575421203696196,0.0709457540823985,-0.08710686718447391,0.9633853649527241,0.16873747494989977,0.06452905811623244,0.047955413421251716,0.9565750567090368,0.7692307692307657
dopamine,1.0,8.0,DVP,0,0.050879960731509424,0.16759309268243347,0.9646832019393932,-0.06695602685662723,0.10000000000000003,1.4,3.81812913274765e-05,0.08307079396672745,-0.07736405084923548,0.9646832019393932,0.14348697394789578,0.061723446893787615,0.04699403507592227,0.957057884668865,0.8333333333333339
dopamine,1.0,8.0,DVP,1,0.050722003200115294,0.16696198667677808,0.9525794590584366,-0.04700449171217871,0.10000000000000003,1.4,-2.449192593956151e-06,0.0766984125698798,-0.09084174847285359,0.9525794590584366,0.14629258517034072,0.06452905811623255,0.048185830091895546,0.9462469856033431,0.9166666666666686
dopamine,1.0,8.0,DVP,2,0.050406389655414545,0.16673842116895612,0.9435137103759984,-0.044297482423524354,0.10000000000000003,1.4,-3.240325618795203e-05,0.08622036298900693,-0.07441817132057754,0.9435137103759984,0.14629258517034072,0.06452905811623255,0.04820975610529128,0.9369656348823042,0.9166666666666686
dopamine,1.0,8.0,DVP,3,0.05234172729094124,0.16951516584400939,0.9736616456534686,-0.04946094537590604,0.10000000000000003,1.4,-8.298263862223379e-05,0.07520056415256554,-0.08203929859811467,0.9736616456534686,0.14629258517034072,0.06452905811623255,0.04891285021218223,0.9662643924155927,0.9166666666666686
dopamine,1.0,8.0,DVP,4,0.05142597779313311,0.16935632144220783,1.0021412365018578,-0.05476393574091793,0.10000000000000003,1.4,-2.3596417286333994e-06,0.07511117393566047,-0.06997585871579204,1.0021412365018578,0.14629258517034072,0.061723446893787615,0.047540583337247276,0.9965319485948767,0.9999999999999964
dopamine,1.0,8.0,DVP,5,0.05138330901167796,0.1685691414080246,0.972673373110791,-0.04672083105420163,0.10000000000000003,1.4,-4.523691318790346e-05,0.0706836128924008,-0.07325079078478314,0.972673373110791,0.14629258517034072,0.06452905811623255,0.04875910456705954,0.9656317079311633,0.9166666666666686
dopamine,1.0,8.0,DVP,6,0.05140389324150229,0.16799814706285143,0.9563808993652382,-0.04568690977087591,0.10000000000000003,1.4,-9.873035500259275e-05,0.0742589521909719,-0.07411839980645299,0.9563808993652382,0.14909819639278554,0.061723446893787615,0.04713313836186336,0.948525061830269,0.8333333333333339
dopamine,1.0,8.0,DVP,7,0.04906912377177005,0.1685435122671942,0.9624603746899328,-0.04739990562505487,0.10000000000000003,1.4,-6.699939669902596e-05,0.08649699736228227,-0.08721637106948787,0.9624603746899328,0.14909819639278554,0.061723446893787615,0.047528013933604424,0.9592740647419119,0.8333333333333339
dopamine,1.0,8.0,DVP,8,0.05160633039551801,0.16740124990843477,0.9565341233955199,-0.053722410488992796,0.10000000000000003,1.4,-1.8496488753751928e-05,0.07619480629517122,-0.06450799791663425,0.9565341233955199,0.14909819639278554,0.06452905811623255,0.04829448149940191,0.9487244393626849,0.9166666666666686
dopamine,1.0,8.0,DVP,9,0.05145292421656233,0.16949307857912466,0.9779244381735779,-0.04834616172644707,0.10000000000000003,1.4,0.00018800236405427899,0.08497385264018431,-0.0728345694303793,0.9779244381735779,0.14629258517034072,0.061723446893787615,0.047767014758976885,0.971055199309802,0.9999999999999964
dopamine,2.0,6.0,DVP,0,0.08857819551777196,0.2969002320819514,1.6879159013062146,-0.12060154289293999,0.10000000000000003,1.4,6.449760698945359e-05,0.13902811011505922,-0.13029354151992567,1.6879159013062146,0.25290581162324655,0.06452905811623244,0.08570449439340753,1.6777860335200614,0.769230769230771
dopamine,2.0,6.0,DVP,1,0.08829850760819248,0.2977065600602027,1.718712761414944,-0.08430276830571647,0.10000000000000003,1.4,-7.444863957584313e-06,0.153987667923295,-0.13080813974903027,1.718712761414944,0.2585170340681363,0.061723446893787504,0.08375626221854808,1.7102878850235557,0.8333333333333306
dopamine,2.0,6.0,DVP,2,0.08773966567281133,0.29902339010084983,1.7282785050232987,-0.079777171696186,0.10000000000000003,1.4,-6.0483103768458016e-05,0.15065373905961066,-0.128269232570478,1.7282785050232987,0.25571142284569137,0.061723446893787504,0.08371440184326616,1.7193412692632708,1.0
dopamine,2.0,6.0,DVP,3,0.09116647623912959,0.29551220934921024,1.6706557821913528,-0.08781258336356336,0.10000000000000003,1.4,-0.00015004161747786477,0.14123062187505062,-0.1452758874941966,1.6706557821913528,0.26132264529058113,0.06733466933867738,0.08743523938227374,1.6573797174534692,0.7142857142857151
dopamine,2.0,6.0,DVP,4,0.08954500203350059,0.2975453930873271,1.7202458116519965,-0.09148370950075255,0.10000000000000003,1.4,-7.286300487377315e-06,0.13241025191726408,-0.11789038802712831,1.7202458116519965,0.25290581162324655,0.061723446893787504,0.08335742726834199,1.7116592767488532,0.8333333333333366
dopamine,2.0,6.0,DVP,5,0.08946945044577848,0.29634136207103345,1.7013436716375465,-0.0736205265465794,0.10000000000000003,1.4,-8.320705157199943e-05,0.13942636758192312,-0.13009699434224542,1.7013436716375465,0.2585170340681363,0.061723446893787504,0.08308752546478793,1.6882714659598423,0.8333333333333306
dopamine,2.0,6.0,DVP,6,0.08950589796530513,0.2970169202429318,1.7319086843286506,-0.08310539332549483,0.10000000000000003,1.4,-0.00017792535202473656,0.14068970529249514,-0.13134947175237383,1.7319086843286506,0.25290581162324655,0.061723446893787504,0.08332872857009012,1.7200390146857516,0.8333333333333366
dopamine,2.0,6.0,DVP,7,0.0853718323935279,0.2993724167908729,1.736461980696677,-0.10077833515098128,0.10000000000000003,1.4,-0.00012174084902225452,0.13205919469689403,-0.12298425552792835,1.736461980696677,0.25571142284569137,0.061723446893787504,0.08407839925638738,1.7329375720235964,1.0
dopamine,2.0,6.0,DVP,8,0.08986434383317957,0.2937212451161457,1.7100215120566675,-0.09705898360011544,0.10000000000000003,1.4,-3.585905021209884e-05,0.13631326635330454,-0.12006332829705413,1.7100215120566675,0.25571142284569137,0.061723446893787504,0.08243865024515482,1.6975725853490835,1.0
dopamine,2.0,6.0,DVP,9,0.0895927147875114,0.2971393670357474,1.699824671728006,-0.09100519329837879,0.10000000000000003,1.4,0.0003297786750846448,0.1521981523551672,-0.12888029111324695,1.699824671728006,0.2585170340681363,0.06452905811623244,0.08556300457858204,1.6878852404091176,0.9166666666666653
dopamine,2.0,6.5,DVP,0,0.08968797588431576,0.29980626887878975,1.7258689080525997,-0.12221423623462643,0.10000000000000003,1.4,6.528872897282816e-05,0.14478199170145806,-0.16595715105761244,1.7258689080525997,0.22765531062124245,0.06452905811623244,0.08635062903654368,1.7153257414910947,0.9166666666666653
dopamine,2.0,6.5,DVP,1,0.08940462851193517,0.30161140621471116,1.716278319120247,-0.08542403037500221,0.10000000000000003,1.4,-7.595044001335087e-06,0.1326547644439578,-0.11460474076121857,1.716278319120247,0.22765531062124245,0.06452905811623244,0.08710838177575705,1.707713771513996,0.9166666666666653
dopamine,2.0,6.5,DVP,2,0.08883847463633716,0.30227361790277985,1.7165352877926539,-0.08084521310882323,0.10000000000000003,1.4,-6.132724110880855e-05,0.14604383542844146,-0.13591939589847218,1.7165352877926539,0.22765531062124245,0.06452905811623244,0.08715232904232653,1.707548871871432,0.9166666666666653
dopamine,2.0,6.5,DVP,3,0.09231012191301843,0.30018080968506744,1.7565460293518709,-0.08898223333660998,0.10000000000000003,1.4,-0.0001520575467985475,0.1527848561190533,-0.14717690799691002,1.7565460293518709,0.22484969939879762,0.061723446893787504,0.08405103965265426,1.743124437050538,0.6923076923076927
dopamine,2.0,6.5,DVP,4,0.09066743218703548,0.30309993136626284,1.740369095273424,-0.0959323891776641,0.10000000000000003,1.4,-7.434405871835206e-06,0.1383996308223459,-0.12288884320595872,1.740369095273424,0.22484969939879762,0.06452905811623244,0.08757976101660365,1.7320855316227939,0.769230769230771
dopamine,2.0,6.5,DVP,5,0.09059089207526437,0.2998329024711,1.722535122403091,-0.07997818673986147,0.10000000000000003,1.4,-8.434851117345965e-05,0.1491456208859293,-0.12866544596628554,1.722535122403091,0.23046092184368738,0.061723446893787504,0.08418997998870857,1.710625444294954,1.0
dopamine,2.0,6.5,DVP,6,0.09062781647754971,0.30063733491590644,1.7169788329708755,-0.08423026906056447,0.10000000000000003,1.4,-0.00018030611473948173,0.1353679541174625,-0.13412691445298364,1.7169788329708755,0.22765531062124245,0.06452905811623244,0.08682611369328395,1.7050576025465296,0.9166666666666653
dopamine,2.0,6.5,DVP,7,0.08643966040468519,0.30409716012813376,1.7188981872804698,-0.10211911520313678,0.10000000000000003,1.4,-0.0001233864884381592,0.13578397630844447,-0.12532613911762153,1.7188981872804698,0.22484969939879762,0.06452905811623244,0.08801254486580826,1.7151305299158335,0.769230769230771
dopamine,2.0,6.5,DVP,8,0.09099095228472713,0.3001760132649543,1.7485979546406027,-0.09836176914626449,0.10000000000000003,1.4,-3.638100412972967e-05,0.15174998382675103,-0.13312228479797716,1.7485979546406027,0.22765531062124245,0.061723446893787615,0.08442134880194894,1.736424836825203,0.9999999999999964
dopamine,2.0,6.5,DVP,9,0.09071576921918795,0.3005193771299742,1.7546053229547376,-0.09220075755953586,0.10000000000000003,1.4,0.00033404075940596554,0.1686456835806131,-0.13580486823545523,1.7546053229547376,0.22765531062124245,0.06452905811623244,0.08669653722507682,1.7424196362789954,0.9166666666666653
dopamine,2.0,7.0,DVP,0,0.09079818415954434,0.30256813872882937,1.7329322825880211,-0.12377322547020836,0.10000000000000003,1.4,6.605350589862783e-05,0.148749186423893,-0.13435213484927847,1.7329322825880211,0.19959919839679363,0.06452905811623255,0.0872378824001111,1.7213176254133526,0.9166666666666686
dopamine,2.0,7.0,DVP,1,0.09051129918769124,0.30470619332984145,1.7433957829685431,-0.08650795343160442,0.10000000000000003,1.4,-7.740222917595795e-06,0.14915377195486346,-0.125495109050635,1.7433957829685431,0.19959919839679363,0.061723446893787615,0.08571507673546944,1.7347461200975958,0.8333333333333339
dopamine,2.0,7.0,DVP,2,0.08993807686591401,0.3047548915459517,1.713819922263382,-0.08187637441621919,0.10000000000000003,1.4,-6.214326793358881e-05,0.13369938554032557,-0.13797715800853294,1.713819922263382,0.19959919839679363,0.06452905811623255,0.08785076849361079,1.7042519704815118,0.9166666666666686
dopamine,2.0,7.0,DVP,3,0.09345306775108424,0.3058897235380148,1.7717587329441469,-0.09011293293723681,0.10000000000000003,1.4,-0.000154006343900514,0.15459575091684746,-0.15137781696041247,1.7717587329441469,0.20240480961923846,0.061723446893787615,0.0861199318897415,1.7592430808674746,0.9999999999999964
dopamine,2.0,7.0,DVP,4,0.0917898690002271,0.3073683281325887,1.764668854034212,-0.10022244114629242,0.10000000000000003,1.4,-7.577579216781073e-06,0.15653786972555295,-0.1309468944071201,1.764668854034212,0.19959919839679363,0.06452905811623255,0.08893673149122956,1.7561238987018626,0.9166666666666686
dopamine,2.0,7.0,DVP,5,0.0917123732831269,0.30374683494708676,1.740573926506309,-0.08534917345136982,0.10000000000000003,1.4,-8.545195916665821e-05,0.1376917916642958,-0.1354880647362111,1.740573926506309,0.20240480961923846,0.06452905811623255,0.08756967067397572,1.7287816007235677,0.9166666666666686
dopamine,2.0,7.0,DVP,6,0.09174975868755585,0.30423795101569656,1.779118300955817,-0.08531768544470295,0.10000000000000003,1.4,-0.00018260759596273779,0.14869394407972564,-0.13509393517715435,1.779118300955817,0.19959919839679363,0.06452905811623255,0.08768018321602049,1.766676008866183,0.9166666666666686
dopamine,2.0,7.0,DVP,7,0.08750931337484483,0.3072793785389995,1.7528617188909033,-0.10280568145610243,0.10000000000000003,1.4,-0.00012497732661472303,0.1549981746710687,-0.11687643052235286,1.7528617188909033,0.1967935871743487,0.06452905811623255,0.08863098880942095,1.7487925323490048,0.7692307692307687
dopamine,2.0,7.0,DVP,8,0.09211742825493416,0.3056328371758256,1.7726271957792958,-0.09962117078836104,0.10000000000000003,1.4,-3.6885576523018856e-05,0.1384700607662558,-0.15208515495839026,1.7726271957792958,0.1967935871743487,0.06452905811623255,0.0883168957328648,1.7596286154885823,0.7692307692307687
dopamine,2.0,7.0,DVP,9,0.09183880952151029,0.30415382369218036,1.752368212612627,-0.09113966666455235,0.10000000000000003,1.4,0.00033816091257230375,0.13911766411159743,-0.12777790203298828,1.752368212612627,0.19959919839679363,0.061723446893787615,0.08515626136537947,1.7412734168061252,0.8333333333333339
dopamine,2.0,7.5,DVP,0,0.09190873964399664,0.30697050386016894,1.7489217846601357,-0.12526848978948843,0.10000000000000003,1.4,6.678702196356157e-05,0.17792535315604963,-0.1457099330249091,1.7489217846601357,0.1715430861723447,0.06452905811623244,0.0883834807315999,1.737197831935693,0.9166666666666653
dopamine,2.0,7.5,DVP,1,0.09161846167484342,0.30788350259544145,1.791058420903899,-0.08754757027718019,0.10000000000000003,1.4,-7.879467530991495e-06,0.14066584306341318,-0.12714113340149402,1.791058420903899,0.16593186372745494,0.061723446893787615,0.08668816440112133,1.7811476654390197,0.5714285714285726
dopamine,2.0,7.5,DVP,2,0.09103845983520727,0.30790214526537096,1.771501467936801,-0.08286534312596723,0.10000000000000003,1.4,-6.29259390174039e-05,0.12413257858640026,-0.15146246548282916,1.771501467936801,0.17434869739478953,0.061723446893787615,0.08610665010514898,1.7606226929707227,0.9999999999999964
dopamine,2.0,7.5,DVP,3,0.09459502262463644,0.3114288267307249,1.7896519557977955,-0.09119741429865583,0.10000000000000003,1.4,-0.0001558754823817676,0.13201490281782824,-0.15077721964835294,1.7896519557977955,0.17715430861723447,0.06452905811623244,0.09000538310969865,1.777789319180691,0.769230769230771
dopamine,2.0,7.5,DVP,4,0.09291215317149502,0.31086823864976193,1.7990462232030646,-0.101847294108102,0.10000000000000003,1.4,-7.714900238173298e-06,0.16645083106876118,-0.127701876815568,1.7990462232030646,0.17434869739478953,0.061723446893787615,0.08735488034987457,1.789871523574295,0.9999999999999964
dopamine,2.0,7.5,DVP,5,0.09283374091018828,0.308901888777849,1.7544697103904576,-0.08703551158829058,0.10000000000000003,1.4,-8.651030285162598e-05,0.14879708454456853,-0.14460669614538346,1.7544697103904576,0.16873747494989977,0.06452905811623244,0.08899133643309158,1.7425591125938193,0.7692307692307657
dopamine,2.0,7.5,DVP,6,0.09287156847293408,0.3083811288767795,1.7789206876811168,-0.0863606528252929,0.10000000000000003,1.4,-0.0001848150023232721,0.1384987211673665,-0.14341700013515973,1.7789206876811168,0.17434869739478953,0.06452905811623244,0.08905085974331146,1.76710269594567,0.9166666666666653
dopamine,2.0,7.5,DVP,7,0.08858097128435359,0.310368390424074,1.774950162524354,-0.08956411574235915,0.10000000000000003,1.4,-0.00012650313802436836,0.1302160598077159,-0.12740448167621699,1.774950162524354,0.1715430861723447,0.06733466933867727,0.09191973108778763,1.771278123349091,0.8461538461538464
dopamine,2.0,7.5,DVP,8,0.09324358647948432,0.3089022585031443,1.7852950938685939,-0.10082909339365521,0.10000000000000003,1.4,-3.736952412121891e-05,0.1433044432486632,-0.12716457997332453,1.7852950938685939,0.1715430861723447,0.06452905811623244,0.08915865836091989,1.7724252377571554,0.769230769230771
dopamine,2.0,7.5,DVP,9,0.09296167251381407,0.3100098074196375,1.7922883226693063,-0.09092718373079378,0.10000000000000003,1.4,0.0003421126512238501,0.13209923098800191,-0.1621429881080826,1.7922883226693063,0.16873747494989977,0.06452905811623244,0.08930758505582151,1.781322733512011,0.7692307692307657
dopamine,2.0,8.0,DVP,0,0.09301866628984842,0.3121100033021852,1.794673060065837,-0.1268478580571781,0.10000000000000003,1.4,6.756179601645501e-05,0.15465807798852016,-0.14399702524075897,1.794673060065837,0.14348697394789578,0.061723446893787615,0.08749571937821281,1.7819051681945064,0.8333333333333339
dopamine,2.0,8.0,DVP,1,0.092724804477893,0.31093538672725474,1.7721644761084316,-0.08864566232370784,0.10000000000000003,1.4,-8.026544219044696e-06,0.1428053227264519,-0.16908914597512537,1.7721644761084316,0.14629258517034072,0.06452905811623255,0.08972820640375007,1.7620094960534942,0.9166666666666686
dopamine,2.0,8.0,DVP,2,0.09213764179369002,0.31052072395527663,1.7552986938247952,-0.08390993724915034,0.10000000000000003,1.4,-6.375263290548556e-05,0.1605161722924458,-0.13852295571601347,1.7552986938247952,0.14629258517034072,0.06452905811623255,0.0897487551818825,1.744371261743782,0.9166666666666686
dopamine,2.0,8.0,DVP,3,0.09573811477716816,0.3156834374200272,1.8113854584707159,-0.09326524610651467,0.10000000000000003,1.4,-0.00015784975406547307,0.14001874809425985,-0.15263895701689287,1.8113854584707159,0.14629258517034072,0.06452905811623255,0.09110250289423083,1.7995867783340453,0.9166666666666686
dopamine,2.0,8.0,DVP,4,0.0940344682061684,0.3153866612855633,1.8643684602724815,-0.10315915252856378,0.10000000000000003,1.4,-7.85994513817978e-06,0.13985244788129136,-0.13027122284727488,1.8643684602724815,0.14629258517034072,0.061723446893787615,0.08853281358518421,1.8556801111154215,0.9999999999999964
dopamine,2.0,8.0,DVP,5,0.0939550878479058,0.3139213056307991,1.8095468911195183,-0.08819041449263537,0.10000000000000003,1.4,-8.762817506377907e-05,0.13161493039117766,-0.13636319327996793,1.8095468911195183,0.14629258517034072,0.06452905811623255,0.09082752425999559,1.7985809427842343,0.9166666666666686
dopamine,2.0,8.0,DVP,6,0.09399338243899302,0.31286246365620096,1.7792283678427532,-0.08746228386396593,0.10000000000000003,1.4,-0.00018714656839809323,0.13826643776382763,-0.13797794388968015,1.7792283678427532,0.14909819639278554,0.061723446893787615,0.0877860579893143,1.7665428183664236,0.8333333333333339
dopamine,2.0,8.0,DVP,7,0.08964981248814427,0.31387926258283394,1.7905385321564484,-0.09070611544777621,0.10000000000000003,1.4,-0.00012811477156086026,0.16100185365609657,-0.16234521232142118,1.7905385321564484,0.14909819639278554,0.061723446893787615,0.08849965725093445,1.7861995290414885,0.8333333333333339
dopamine,2.0,8.0,DVP,8,0.09436999347083887,0.31175069631067615,1.779513423520544,-0.10210495787328462,0.10000000000000003,1.4,-3.78806922605015e-05,0.14186067408926473,-0.12009187833996982,1.779513423520544,0.14909819639278554,0.06452905811623255,0.08992388066906579,1.7665101659830826,0.9166666666666686
dopamine,2.0,8.0,DVP,9,0.09408459892639895,0.3156429639221391,1.8193158934610163,-0.0920804726089688,0.10000000000000003,1.4,0.00034628666283369127,0.15819718321675397,-0.13559027691145709,1.8193158934610163,0.14629258517034072,0.061723446893787615,0.08895243837024476,1.808257226313402,0.9999999999999964
dopamine,5.0,6.0,DVP,0,0.1813414008979023,0.6151412979817666,3.4946909514392264,-0.25253786404244294,0.10000000000000003,1.4,0.00012922021814487877,0.2879543724043814,-0.26985980454444836,3.4946909514392264,0.25290581162324655,0.06452905811623244,0.17756076948569202,3.475861451929424,0.769230769230771
dopamine,5.0,6.0,DVP,1,0.18076232807311313,0.6168094937323247,3.5584591374954084,-0.17603452451879784,0.10000000000000003,1.4,-1.973126830390212e-05,0.3189405813369388,-0.2709188775273488,3.5584591374954084,0.2585170340681363,0.061723446893787504,0.17351821807260495,3.5430772413993443,0.8333333333333306
dopamine,5.0,6.0,DVP,2,0.179605287789826,0.6195368457433896,3.5782709285897134,-0.16703829264249626,0.10000000000000003,1.4,-0.00012954296304361115,0.3120328179376428,-0.26566888444801673,3.5782709285897134,0.25571142284569137,0.061723446893787504,0.17343535897168727,3.5618899523848415,1.0
dopamine,5.0,6.0,DVP,3,0.18670024186788728,0.6122656920254262,3.4589367466018186,-0.18350301035758285,0.10000000000000003,1.4,-0.0003149671438585856,0.2925032237833233,-0.30080058960247774,3.4589367466018186,0.26132264529058113,0.06733466933867738,0.18115478718489003,3.4337043539397087,0.7142857142857151
dopamine,5.0,6.0,DVP,4,0.18334310122498948,0.6164727232242799,3.561627604286543,-0.19212201909548313,0.10000000000000003,1.4,-1.940297453983031e-05,0.2742610470755853,-0.24418000615714242,3.561627604286543,0.25290581162324655,0.061723446893787504,0.17268385187907515,3.545771539703345,0.8333333333333366
dopamine,5.0,6.0,DVP,5,0.18318667733314037,0.6139790390771583,3.5224977407495244,-0.15475192104308888,0.10000000000000003,1.4,-0.0001765911914233918,0.2887932984439837,-0.26942982837528184,3.5224977407495244,0.2585170340681363,0.061723446893787504,0.17215415839569723,3.4978261799982318,0.8333333333333306
dopamine,5.0,6.0,DVP,6,0.18326213918674927,0.6153815975431641,3.5857747068058514,-0.17513278774645313,0.10000000000000003,1.4,-0.0003726983234222866,0.29138284479256105,-0.2720271142767008,3.5857747068058514,0.25290581162324655,0.061723446893787504,0.17263790365530501,3.5633393941407947,0.8333333333333366
dopamine,5.0,6.0,DVP,7,0.1747028667029579,0.6202602873657065,3.5952142007601187,-0.2107902349159238,0.10000000000000003,1.4,-0.0002563725268873503,0.27351447217304226,-0.25472647649697633,3.5952142007601187,0.25571142284569137,0.061723446893787504,0.17419587628089592,3.5901516710842087,1.0
dopamine,5.0,6.0,DVP,8,0.1840042744530043,0.608557831068362,3.5404711949321555,-0.2036413869390579,0.10000000000000003,1.4,-7.856070831518669e-05,0.2823419455243925,-0.2486791755445974,3.5404711949321555,0.25571142284569137,0.061723446893787504,0.17080662042224526,3.517023814568148,1.0
dopamine,5.0,6.0,DVP,9,0.18344188690108484,0.6156346556879221,3.519352765445463,-0.19052812930997376,0.10000000000000003,1.4,0.0006784647589473188,0.31522679420241906,-0.2669203187807303,3.519352765445463,0.2585170340681363,0.06452905811623244,0.17730116266089715,3.497293323794058,0.9166666666666653
dopamine,5.0,6.5,DVP,0,0.1836402646950238,0.6211450457501771,3.573238191391927,-0.25587365214398633,0.10000000000000003,1.4,0.0001308566205722924,0.29988268900051007,-0.34368938136391103,3.573238191391927,0.22765531062124245,0.06452905811623244,0.1789113413985002,3.553798470487244,0.9166666666666653
dopamine,5.0,6.5,DVP,1,0.1830536224259055,0.6248808299609425,3.553381840488838,-0.17835380777789775,0.10000000000000003,1.4,-2.004190938493272e-05,0.2747744832787413,-0.23737135208190496,3.553381840488838,0.22765531062124245,0.06452905811623244,0.18045383019025452,3.5376301202102227,0.9166666666666653
dopamine,5.0,6.5,DVP,2,0.1818814577029347,0.6262531446382364,3.5539138683096945,-0.16924749539710982,0.10000000000000003,1.4,-0.00013128902549902288,0.30249087542707187,-0.28150726097035705,3.5539138683096945,0.22765531062124245,0.06452905811623244,0.1805881107861204,3.537959606647581,0.9166666666666653
dopamine,5.0,6.5,DVP,3,0.18906915462371449,0.6219179166605562,3.6367343184569885,-0.18592238195304026,0.10000000000000003,1.4,-0.000319137008561105,0.31644101653246426,-0.30473277026560996,3.6367343184569885,0.22484969939879762,0.061723446893787504,0.1741411125463471,3.611251456584724,0.6923076923076927
dopamine,5.0,6.5,DVP,4,0.18566813057252365,0.6279589619700665,3.6032416016005504,-0.20020368701725405,0.10000000000000003,1.4,-1.970932427569083e-05,0.28666431773554046,-0.25452863748961696,3.6032416016005504,0.22484969939879762,0.06452905811623244,0.1814584321806853,3.5885157500991047,0.769230769230771
dopamine,5.0,6.5,DVP,5,0.18550966196040722,0.6211947645499899,3.5663334458638154,-0.1671637466844449,0.10000000000000003,1.4,-0.0001789522524252081,0.3089188659366533,-0.26646248997660915,3.5663334458638154,0.23046092184368738,0.061723446893787504,0.17442137698480856,3.5438610002110966,1.0
dopamine,5.0,6.5,DVP,6,0.18558611022587207,0.6228641162167124,3.5548321840421555,-0.17745954572068537,0.10000000000000003,1.4,-0.0003776228305999117,0.28039186992764775,-0.27779593501730915,3.5548321840421555,0.22765531062124245,0.06452905811623244,0.1799085681428833,3.532737425370947,0.9166666666666653
dopamine,5.0,6.5,DVP,7,0.1769149538238741,0.6300288902179116,3.5587882435926965,-0.21356357019512281,0.10000000000000003,1.4,-0.00025977646255267983,0.2812549231648085,-0.25957292813786415,3.5587882435926965,0.22484969939879762,0.06452905811623244,0.18232779753278014,3.5529988181990335,0.769230769230771
dopamine,5.0,6.5,DVP,8,0.1863379464336014,0.6219073703077723,3.6202963989668118,-0.2063361438474991,0.10000000000000003,1.4,-7.964034796085395e-05,0.3143109377683956,-0.27570808940091873,3.6202963989668118,0.22765531062124245,0.061723446893787615,0.1749193600538546,3.5975934916905343,0.9999999999999964
dopamine,5.0,6.5,DVP,9,0.18576820754160275,0.6226195369578112,3.6327340515542526,-0.19300104133129134,0.10000000000000003,1.4,0.0006872807004529544,0.34929048861387535,-0.2812699697547929,3.6327340515542526,0.22765531062124245,0.06452905811623244,0.17964438202556268,3.6101551286954408,0.9166666666666653
dopamine,5.0,7.0,DVP,0,0.1859400195110826,0.6268475125434465,3.5878093025286986,-0.2590975236431784,0.10000000000000003,1.4,0.0001324381212510991,0.3080944345203127,-0.27821875889616254,3.5878093025286986,0.19959919839679363,0.06452905811623255,0.18075449288452308,3.5663031877863487,0.9166666666666686
dopamine,5.0,7.0,DVP,1,0.18534606175456078,0.6312725267592642,3.609472609502347,-0.18059527844988263,0.10000000000000003,1.4,-2.034212837280999e-05,0.3089244041025805,-0.2599066580361601,3.609472609502347,0.19959919839679363,0.061723446893787615,0.17756278193976868,3.593542737737897,0.8333333333333339
dopamine,5.0,7.0,DVP,2,0.18415928002099066,0.6313748485256893,3.5482396639138454,-0.17137985893420804,0.10000000000000003,1.4,-0.00013297650708192263,0.2769357930928307,-0.2857654018529775,3.5482396639138454,0.19959919839679363,0.06452905811623255,0.18198533522978738,3.5303812032912463,0.9166666666666686
dopamine,5.0,7.0,DVP,3,0.19143660823677267,0.6337209470204487,3.66819617754004,-0.18826058297034745,0.10000000000000003,1.4,-0.00032316697316338896,0.32020374144003194,-0.3135058948696504,3.66819617754004,0.20240480961923846,0.061723446893787615,0.17840816618485933,3.644378682630687,0.9999999999999964
dopamine,5.0,7.0,DVP,4,0.18799317307762864,0.6367801535063438,3.6535157166852636,-0.20908580853214487,0.10000000000000003,1.4,-2.000539589419843e-05,0.32422225012824235,-0.2712063458725751,3.6535157166852636,0.19959919839679363,0.06452905811623255,0.18426259432128395,3.6382233281419394,0.9166666666666686
dopamine,5.0,7.0,DVP,5,0.1878327283461686,0.6292820643761596,3.6036321205601913,-0.17828557899241884,0.10000000000000003,1.4,-0.0001812340991852245,0.2851917499135158,-0.2806082442126232,3.6036321205601913,0.20240480961923846,0.06452905811623255,0.18141678558327604,3.5813764550568616,0.9166666666666686
dopamine,5.0,7.0,DVP,6,0.18791012992910217,0.6303028549658034,3.683431403872017,-0.1797082403290673,0.10000000000000003,1.4,-0.0003823821192160461,0.3079824295171255,-0.27978669341038875,3.683431403872017,0.19959919839679363,0.06452905811623255,0.18166192610181503,3.6600832685488265,0.9166666666666686
dopamine,5.0,7.0,DVP,7,0.17913084334492713,0.6366016644600402,3.62904695737004,-0.21498118766893323,0.10000000000000003,1.4,-0.0002630661952462712,0.32103214616079656,-0.24208018783886054,3.62904695737004,0.1967935871743487,0.06452905811623255,0.18363093043825088,3.6230417702216537,0.7692307692307687
dopamine,5.0,7.0,DVP,8,0.18867134160906843,0.6331885588824808,3.669968788281508,-0.2089404909252871,0.10000000000000003,1.4,-8.068376540138484e-05,0.28680517949515827,-0.3149741615981374,3.669968788281508,0.1967935871743487,0.06452905811623255,0.18297282705609413,3.6453553557297025,0.7692307692307687
dopamine,5.0,7.0,DVP,9,0.188094498016459,0.6301283021183866,3.6280488498244745,-0.19079894619067103,0.10000000000000003,1.4,0.0006958008647120136,0.2881438320473937,-0.2646491783077153,3.6280488498244745,0.19959919839679363,0.061723446893787615,0.17641895862320492,3.6072693851584856,0.8333333333333339
dopamine,5.0,7.5,DVP,0,0.18824049724355765,0.6359435666579251,3.620853109095629,-0.262188857366942,0.10000000000000003,1.4,0.00013395460426966215,0.3684935763913624,-0.30177097475325265,3.620853109095629,0.1715430861723447,0.06452905811623244,0.18312222797760444,3.599121034959667,0.9166666666666653
dopamine,5.0,7.5,DVP,1,0.18763952474934487,0.6378327101438761,3.7080069781827083,-0.18274459919075903,0.10000000000000003,1.4,-2.063000494666499e-05,0.2913647117304876,-0.2633274971934727,3.7080069781827083,0.16593186372745494,0.061723446893787615,0.1795989005350382,3.6898760581061,0.5714285714285726
dopamine,5.0,7.5,DVP,2,0.18643872693051278,0.6378728025530539,3.6676069572439554,-0.17342446890078944,0.10000000000000003,1.4,-0.0001345946139843717,0.25712453933334123,-0.31367384483223537,3.6676069572439554,0.17434869739478953,0.061723446893787615,0.17838098480042935,3.647245311503662,0.9999999999999964
dopamine,5.0,7.5,DVP,3,0.19380200157592584,0.6451703353532114,3.705170655103001,-0.19050265733948762,0.10000000000000003,1.4,-0.00032703126039808025,0.273437644833614,-0.3121770464322911,3.705170655103001,0.17715430861723447,0.06452905811623244,0.18644520377973814,3.6826105452850104,0.769230769230771
dopamine,5.0,7.5,DVP,4,0.19031789888759815,0.6440082401463465,3.7246338143738242,-0.21244672742436066,0.10000000000000003,1.4,-2.0289295602723883e-05,0.3447451517569996,-0.26449338987968596,3.7246338143738242,0.17434869739478953,0.061723446893787615,0.18094756947037566,3.707513906233803,0.9999999999999964
dopamine,5.0,7.5,DVP,5,0.1901555592777688,0.6399363447025751,3.6323094184878686,-0.18177455370814455,0.10000000000000003,1.4,-0.0001834221360978207,0.30819556401381076,-0.2994908391427904,3.6323094184878686,0.16873747494989977,0.06452905811623244,0.18435657855177492,3.6098172336426773,0.7692307692307657
dopamine,5.0,7.5,DVP,6,0.19023387498598351,0.6388624431741888,3.682967223845866,-0.18186448802041555,0.10000000000000003,1.4,-0.00038694574695489006,0.2868672599548421,-0.2970184836580737,3.682967223845866,0.17434869739478953,0.06452905811623244,0.18449356125000205,3.660871229490242,0.9166666666666653
dopamine,5.0,7.5,DVP,7,0.18135090359960576,0.642979160352801,3.674740557774579,-0.1885676367310244,0.10000000000000003,1.4,-0.00026622068252047385,0.2697193803877147,-0.2638672142559485,3.674740557774579,0.1715430861723447,0.06733466933867727,0.19041716896941446,3.6692203044520064,0.8461538461538464
dopamine,5.0,7.5,DVP,8,0.19100407669967465,0.6399394402254197,3.6961580260397193,-0.21143776972562667,0.10000000000000003,1.4,-8.168428652100202e-05,0.29682749672649,-0.2633594412523539,3.6961580260397193,0.1715430861723447,0.06452905811623244,0.18470040791152995,3.6716312169973553,0.769230769230771
dopamine,5.0,7.5,DVP,9,0.19042042049043306,0.6422335726657918,3.710606596241968,-0.19090939836253512,0.10000000000000003,1.4,0.0007039707533420782,0.2736258489695409,-0.33579801081700444,3.710606596241968,0.16873747494989977,0.06452905811623244,0.18501449951934404,3.6901201837740003,0.7692307692307657
dopamine,5.0,8.0,DVP,0,0.19053967058200438,0.646563891263051,3.715506731729892,-0.2654546674070243,0.10000000000000003,1.4,0.00013555667829666273,0.32033150672466837,-0.2982047659754272,3.715506731729892,0.14348697394789578,0.061723446893787615,0.18123535893847229,3.69095361907152,0.8333333333333339
dopamine,5.0,8.0,DVP,1,0.18993128743503562,0.6441314387674903,3.6689183727098484,-0.18501522859610375,0.10000000000000003,1.4,-2.093412940853512e-05,0.29579560051737563,-0.35017598019466933,3.6689183727098484,0.14629258517034072,0.06452905811623255,0.18585889955382823,3.649758411291606,0.9166666666666686
dopamine,5.0,8.0,DVP,2,0.18871568245655615,0.643274520357957,3.6340010840920103,-0.17558447555988468,0.10000000000000003,1.4,-0.00013630404759463433,0.33245790239468986,-0.2868797424597369,3.6340010840920103,0.14629258517034072,0.06452905811623255,0.18591217735909732,3.6134082809349275,0.9166666666666686
dopamine,5.0,8.0,DVP,3,0.1961697543881504,0.6539590459608561,3.7501177109906303,-0.19464091351163743,0.10000000000000003,1.4,-0.00033111364980554093,0.2900265452164661,-0.31602673792892233,3.7501177109906303,0.14629258517034072,0.06452905811623255,0.18872000108567963,3.7278010472874064,0.9166666666666686
dopamine,5.0,8.0,DVP,4,0.19264268887633573,0.6533430593751127,3.8598086067130675,-0.21515951137997266,0.10000000000000003,1.4,-2.0589218743130243e-05,0.28968225329832253,-0.2698119226944202,3.8598086067130675,0.14629258517034072,0.061723446893787615,0.18341310568951583,3.8441979061683376,0.9999999999999964
dopamine,5.0,8.0,DVP,5,0.19247834744031878,0.6503082155688651,3.746311318511143,-0.18416287902158196,0.10000000000000003,1.4,-0.0001857336668336633,0.27262740803120455,-0.28242332476882503,3.746311318511143,0.14629258517034072,0.06452905811623255,0.18816855226163234,3.7259951333996595,0.9166666666666686
dopamine,5.0,8.0,DVP,6,0.19255762886747152,0.6481203494241354,3.68353250917643,-0.18414243533654562,0.10000000000000003,1.4,-0.00039176694797053724,0.2863980472324368,-0.28576717448229116,3.68353250917643,0.14909819639278554,0.061723446893787615,0.18187843540735957,3.6598301209551245,0.8333333333333339
dopamine,5.0,8.0,DVP,7,0.18356512066032454,0.6502281746479921,3.7069479822932405,-0.1909290581803598,0.10000000000000003,1.4,-0.0002695532105268206,0.3334273782217809,-0.336214816361609,3.7069479822932405,0.14909819639278554,0.061723446893787615,0.1833243652976129,3.7000161553185387,0.8333333333333339
dopamine,5.0,8.0,DVP,8,0.19333732801658135,0.6458170296962749,3.6841226609527418,-0.21407599610550276,0.10000000000000003,1.4,-8.274127751897998e-05,0.29383025384131023,-0.24872885874826034,3.6841226609527418,0.14909819639278554,0.06452905811623255,0.1862803079990428,3.6593185514761832,0.9166666666666686
dopamine,5.0,8.0,DVP,9,0.1927464746834494,0.6538760202790503,3.766536118554802,-0.193294163508519,0.10000000000000003,1.4,0.0007126017542946159,0.32765689112252927,-0.2808249142248087,3.766536118554802,0.14629258517034072,0.061723446893787615,0.18425765088124368,3.745625980051195,0.9999999999999964
dopamine,10.0,6.0,DVP,0,0.280975954824709,0.9569558943890318,5.435301190470979,-0.39424724601783506,0.10000000000000003,1.4,0.0001987370967932972,0.44791220967809764,-0.41976430927449115,5.435301190470979,0.25290581162324655,0.06452905811623244,0.27622121310333075,5.407127642072814,0.769230769230771
dopamine,10.0,6.0,DVP,1,0.2800753204243241,0.959549800251658,5.5344830229151665,-0.27456122563655194,0.10000000000000003,1.4,-3.292777667587271e-05,0.4961122290775193,-0.42140818847443207,5.5344830229151665,0.2585170340681363,0.061723446893787504,0.26992356298997966,5.511537320791583,0.8333333333333306
dopamine,10.0,6.0,DVP,2,0.27827577080439725,0.9637921563614262,5.565299827975863,-0.2607632003255703,0.10000000000000003,1.4,-0.00020371836745025672,0.48536590265849155,-0.4132462883164838,5.565299827975863,0.25571142284569137,0.061723446893787504,0.2698168062976085,5.541158534613008,1.0
dopamine,10.0,6.0,DVP,3,0.28931058272840476,0.9524825152946906,5.379682967635282,-0.28628161712893707,0.10000000000000003,1.4,-0.000492109375897138,0.4549812036107269,-0.467845640015076,5.379682967635282,0.26132264529058113,0.06733466933867738,0.2818104942308093,5.3415190481308485,0.7142857142857151
dopamine,10.0,6.0,DVP,4,0.28408920776399604,0.959024420089129,5.539408048227352,-0.3002150182898234,0.10000000000000003,1.4,-3.241718000357752e-05,0.42661930854192964,-0.37982441081530594,5.539408048227352,0.25290581162324655,0.061723446893787504,0.2686297541816613,5.515787802872869,0.8333333333333366
dopamine,10.0,6.0,DVP,5,0.2838459210269735,0.9551455538355,5.478552111277204,-0.2418930484652657,0.10000000000000003,1.4,-0.00027689267496748055,0.4492244464069375,-0.419083613077432,5.478552111277204,0.2585170340681363,0.061723446893787504,0.2678262947759574,5.441551190685035,0.8333333333333306
dopamine,10.0,6.0,DVP,6,0.28396328716533736,0.9573289623318939,5.576964138355437,-0.2739770261985935,0.10000000000000003,1.4,-0.0005818989223307659,0.45323843907041006,-0.42312532291394056,5.576964138355437,0.25290581162324655,0.061723446893787504,0.2685625731912766,5.543180542444359,0.8333333333333366
dopamine,10.0,6.0,DVP,7,0.2706510146649381,0.9649177468293343,5.591651770457889,-0.3289511642930843,0.10000000000000003,1.4,-0.00040097692163134274,0.42544791835112705,-0.39622738050076856,5.591651770457889,0.25571142284569137,0.061723446893787504,0.270982907689546,5.584842985932715,1.0
dopamine,10.0,6.0,DVP,8,0.28511753326689,0.9467157658967466,5.506509743205828,-0.318118783117922,0.10000000000000003,1.4,-0.00012442545220368962,0.43918756389333846,-0.38682212258825444,5.506509743205828,0.25571142284569137,0.061723446893787504,0.26572179864440487,5.471272416892523,1.0
dopamine,10.0,6.0,DVP,9,0.2842428495415896,0.957722306916444,5.473660717956805,-0.2974231346557609,0.10000000000000003,1.4,0.0010529794416146356,0.4903316317420604,-0.41518553368284183,5.473660717956805,0.2585170340681363,0.06452905811623244,0.2758346745990596,5.440730624229459,0.9166666666666653
dopamine,10.0,6.5,DVP,0,0.2845519823065252,0.966286814319878,5.557449643867502,-0.3994337655281137,0.10000000000000003,1.4,0.0002012813930309757,0.4664723268402331,-0.5345869620632693,5.557449643867502,0.22765531062124245,0.06452905811623244,0.27832388107966033,5.528384291594906,0.9166666666666653
dopamine,10.0,6.5,DVP,1,0.2836395788520218,0.9720962563119558,5.526567104181029,-0.2781672723958227,0.10000000000000003,1.4,-3.3410764796946795e-05,0.4274215886938795,-0.3692317864633827,5.526567104181029,0.22765531062124245,0.06452905811623244,0.28069997340838326,5.502882236594156,0.9166666666666653
dopamine,10.0,6.5,DVP,2,0.2818165135892802,0.9742312733408071,5.527394565902073,-0.26419809489193624,0.10000000000000003,1.4,-0.00020643316428851222,0.4705265850552304,-0.4378794123438634,5.527394565902073,0.22765531062124245,0.06452905811623244,0.28094506154797305,5.50395632177752,0.9166666666666653
dopamine,10.0,6.5,DVP,3,0.29299552309075844,0.9674875223384892,5.656195814162485,-0.29004328231883575,0.10000000000000003,1.4,-0.0004985927267505188,0.49221985549501646,-0.4739594371468062,5.656195814162485,0.22484969939879762,0.061723446893787504,0.27090452417290617,5.617758255343665,0.6923076923076927
dopamine,10.0,6.5,DVP,4,0.2877059177273072,0.976881744977882,5.604104663951909,-0.31219878469681367,0.10000000000000003,1.4,-3.289349589464607e-05,0.4459115740497124,-0.3959195276461387,5.604104663951909,0.22484969939879762,0.06452905811623244,0.28230283587390154,5.5826415133340435,0.769230769230771
dopamine,10.0,6.5,DVP,5,0.28745945183704213,0.9663613308911415,5.546709422914223,-0.2608074962545531,0.10000000000000003,1.4,-0.00028056367821412343,0.4805271661763204,-0.41446672243214233,5.546709422914223,0.23046092184368738,0.061723446893787504,0.271329138823208,5.512771206875949,1.0
dopamine,10.0,6.5,DVP,6,0.2875783516592554,0.9689596677335297,5.528822820377976,-0.2775946947260004,0.10000000000000003,1.4,-0.0005895555994870407,0.43615829802006933,-0.43210710525306606,5.528822820377976,0.22765531062124245,0.06452905811623244,0.2798712257557693,5.495571686046932,0.9166666666666653
dopamine,10.0,6.5,DVP,7,0.27409212082966966,0.9801038290874848,5.534966452224348,-0.33326317000133016,0.10000000000000003,1.4,-0.00040626939771272046,0.43750149571423713,-0.40376392375219905,5.534966452224348,0.22484969939879762,0.06452905811623244,0.28364012281868495,5.527172207699949,0.769230769230771
dopamine,10.0,6.5,DVP,8,0.28874768088979974,0.967470800424171,5.630639172502371,-0.32230862037845487,0.10000000000000003,1.4,-0.0001261040876313213,0.4889134438538658,-0.4288558054559308,5.630639172502371,0.22765531062124245,0.061723446893787615,0.2721196586766455,5.596605931618682,0.9999999999999964
dopamine,10.0,6.5,DVP,9,0.28786156722123346,0.9685790878498948,5.6499834267166955,-0.3012680127898436,0.10000000000000003,1.4,0.0010666865630589806,0.5433163903162681,-0.43751026397926673,5.6499834267166955,0.22765531062124245,0.06452905811623244,0.2794772523668253,5.6162413983279205,0.9166666666666653
dopamine,10.0,7.0,DVP,0,0.2881293982219941,0.9751477012297528,5.58008462024276,-0.4044458439030351,0.10000000000000003,1.4,0.00020374011551856875,0.4792430343275784,-0.43274216990948267,5.58008462024276,0.19959919839679363,0.06452905811623255,0.28119825970111373,5.547954347372159,0.9166666666666686
dopamine,10.0,7.0,DVP,1,0.2872056215486059,0.9820290793424439,5.61377734911273,-0.2816520349509963,0.10000000000000003,1.4,-3.3877508306189296e-05,0.48052989789086786,-0.4042746180576502,5.61377734911273,0.19959919839679363,0.061723446893787615,0.2762009058534153,5.589815513535713,0.8333333333333339
dopamine,10.0,7.0,DVP,2,0.2853598315579249,0.9821889960665645,5.51854234939027,-0.2675132311942701,0.10000000000000003,1.4,-0.00020905665283383717,0.43078230490848446,-0.4445009230192325,5.51854234939027,0.19959919839679363,0.06452905811623255,0.28309001537936773,5.491735606343714,0.9166666666666686
dopamine,10.0,7.0,DVP,3,0.296678188758438,0.9858360856275707,5.705110469883777,-0.293678429302207,0.10000000000000003,1.4,-0.0005048580194086991,0.4980789905204892,-0.487643460031425,5.705110469883777,0.20240480961923846,0.061723446893787615,0.2775325659833192,5.6691539585985815,0.9999999999999964
dopamine,10.0,7.0,DVP,4,0.2913226478274303,0.9905929759714073,5.682277161754913,-0.3260131290576901,0.10000000000000003,1.4,-3.3353791584757375e-05,0.5043276957459457,-0.4218553863354717,5.682277161754913,0.19959919839679363,0.06452905811623255,0.28664734952066373,5.659702156067717,0.9166666666666686
dopamine,10.0,7.0,DVP,5,0.2910731097101763,0.9789311372036738,5.604694625284731,-0.27810616272169375,0.10000000000000003,1.4,-0.00028411121253849904,0.44361763099601204,-0.4364780666132144,5.604694625284731,0.20240480961923846,0.06452905811623255,0.28222313603789295,5.571318294025114,0.9166666666666686
dopamine,10.0,7.0,DVP,6,0.2911934916329853,0.9805208354393855,5.728804736633861,-0.28109068816782895,0.10000000000000003,1.4,-0.0005969547553029337,0.4790700620239623,-0.43519743373497377,5.728804736633861,0.19959919839679363,0.06452905811623255,0.28259318250768095,5.693555450913158,0.9166666666666686
dopamine,10.0,7.0,DVP,7,0.27753915331279333,0.9903183123844689,5.644208880180965,-0.33546599063827004,0.10000000000000003,1.4,-0.00041138386896163835,0.4993649303534671,-0.37655829754918346,5.644208880180965,0.1967935871743487,0.06452905811623255,0.28566562572175436,5.636088966643697,0.7692307692307687
dopamine,10.0,7.0,DVP,8,0.29237739669313856,0.9850077885212378,5.707854202450552,-0.3263575384797633,0.10000000000000003,1.4,-0.00012772626456703607,0.4461280847965714,-0.4899290205815692,5.707854202450552,0.1967935871743487,0.06452905811623255,0.28464488567122204,5.670836484761595,0.7692307692307687
dopamine,10.0,7.0,DVP,9,0.2914802375110335,0.9802491590880399,5.642668793496459,-0.2978403945705763,0.10000000000000003,1.4,0.0010799326651583705,0.44820897538584203,-0.41165906763982907,5.642668793496459,0.19959919839679363,0.061723446893787615,0.27445207795339516,5.611652891231104,0.8333333333333339
dopamine,10.0,7.5,DVP,0,0.29170794059123434,0.9892851255231795,5.631446013118936,-0.40925147439457715,0.10000000000000003,1.4,0.00020609756304287995,0.5731779643107717,-0.46939209364665824,5.631446013118936,0.1715430861723447,0.06452905811623244,0.28487866020479435,5.598964475244675,0.9166666666666653
dopamine,10.0,7.5,DVP,1,0.2907732591626982,0.9922227208970738,5.766951724889575,-0.28499325987571406,0.10000000000000003,1.4,-3.432502661535081e-05,0.4532264595580864,-0.40960173978485703,5.766951724889575,0.16593186372745494,0.061723446893787615,0.2793933048305586,5.740014281783193,0.5714285714285726
dopamine,10.0,7.5,DVP,2,0.28890568047732235,0.9922858512396899,5.704164705018304,-0.2706916780663391,0.10000000000000003,1.4,-0.00021157207968963392,0.39996775643190663,-0.48790088191122694,5.704164705018304,0.17434869739478953,0.061723446893787615,0.2774929200615423,5.673657684364645,0.9999999999999964
dopamine,10.0,7.5,DVP,3,0.3003576456347181,1.0036335580396443,5.762579628430813,-0.29716384430926984,0.10000000000000003,1.4,-0.0005108652441933798,0.42533614551723553,-0.4855324159409653,5.762579628430813,0.17715430861723447,0.06452905811623244,0.2900137153264005,5.7282971936496905,0.769230769230771
dopamine,10.0,7.5,DVP,4,0.29493888502711624,1.0018254004942542,5.792857523409082,-0.33123871135663846,0.10000000000000003,1.4,-3.379512766094328e-05,0.5362464591628853,-0.4114176076152205,5.792857523409082,0.17434869739478953,0.061723446893787615,0.28147239122224404,5.767193193621518,0.9999999999999964
dopamine,10.0,7.5,DVP,5,0.2946864012281331,0.995491994306879,5.649248364222124,-0.28353130265169135,0.10000000000000003,1.4,-0.0002875126236585474,0.4794013382585518,-0.4658478816214864,5.649248364222124,0.16873747494989977,0.06452905811623244,0.2867932419499272,5.615504351999318,0.7692307692307657
dopamine,10.0,7.5,DVP,6,0.29480820420370313,0.99382397602698,5.7280542441709645,-0.2844426813781398,0.10000000000000003,1.4,-0.0006040491393369975,0.4462260608747224,-0.4619978548493522,5.7280542441709645,0.17434869739478953,0.06452905811623244,0.2869921757133265,5.694703246726235,0.9166666666666653
dopamine,10.0,7.5,DVP,7,0.2809926827530247,1.0002278844431978,5.715256167487782,-0.2949047518669981,0.10000000000000003,1.4,-0.00041628767475703236,0.4195562802699351,-0.4104382973971419,5.715256167487782,0.1715430861723447,0.06733466933867727,0.29620305091132354,5.707636998769687,0.8461538461538464
dopamine,10.0,7.5,DVP,8,0.296006084713953,0.9954980165117343,5.748566360593891,-0.33023968134144777,0.10000000000000003,1.4,-0.00012928162391336162,0.46172262823971155,-0.4096428107742738,5.748566360593891,0.1715430861723447,0.06452905811623244,0.2873228909160911,5.711574395267512,0.769230769230771
dopamine,10.0,7.5,DVP,9,0.2950983349838386,0.9990666266163218,5.7710225197089,-0.298297702966998,0.10000000000000003,1.4,0.0010926331593209145,0.4256359201348976,-0.5223163685414027,5.7710225197089,0.16873747494989977,0.06452905811623244,0.28780887103705466,5.740279911530069,0.7692307692307657
dopamine,10.0,8.0,DVP,0,0.2952844529698756,1.0057922621442017,5.778624379072767,-0.4143286478198221,0.10000000000000003,1.4,0.00020858821852355215,0.4982770412931239,-0.4638353023200703,5.778624379072767,0.14348697394789578,0.061723446893787615,0.281936022653222,5.741694112668993,0.8333333333333339
dopamine,10.0,8.0,DVP,1,0.29433825061122576,1.0020088014287027,5.706172557948406,-0.2885232812590476,0.10000000000000003,1.4,-3.479783201946862e-05,0.46011849147799744,-0.5446766539860306,5.706172557948406,0.14629258517034072,0.06452905811623255,0.2890999546071509,5.677178944082017,0.9166666666666686
dopamine,10.0,8.0,DVP,2,0.2924476520574123,1.0006768671931943,5.651866614379019,-0.2740497204121549,0.10000000000000003,1.4,-0.00021422964114964715,0.5171360569489523,-0.4462259208141065,5.651866614379019,0.14629258517034072,0.06452905811623255,0.2892068077154584,5.621016333598223,0.9166666666666686
dopamine,10.0,8.0,DVP,3,0.3040407747110573,1.0172922277124004,5.832459759993501,-0.3035258896134359,0.10000000000000003,1.4,-0.0005172119081930202,0.45114603101439155,-0.491517317427028,5.832459759993501,0.14629258517034072,0.06452905811623255,0.29356842506908754,5.7988460028299045,0.9166666666666686
dopamine,10.0,8.0,DVP,4,0.29855522218873776,1.0163333862317288,6.003059134371473,-0.33545619310926367,0.10000000000000003,1.4,-3.426140150400325e-05,0.45061056282031875,-0.4196889706783913,6.003059134371473,0.14629258517034072,0.061723446893787615,0.2853196654773424,5.979982499146775,0.9999999999999964
dopamine,10.0,8.0,DVP,5,0.29829962626179934,1.0116127969285724,5.826539777561407,-0.28724441499711717,0.10000000000000003,1.4,-0.0002911062320679836,0.42408525438530686,-0.439302725256856,5.826539777561407,0.14629258517034072,0.06452905811623255,0.29270130923876253,5.795890681752399,0.9166666666666686
dopamine,10.0,8.0,DVP,6,0.29842293058694846,1.0082122737984587,5.728896216534823,-0.28798407951079785,0.10000000000000003,1.4,-0.0006115443926964965,0.4455023685135353,-0.44450375548917,5.728896216534823,0.14909819639278554,0.061723446893787615,0.2829361642770988,5.693288762270287,0.8333333333333339
dopamine,10.0,8.0,DVP,7,0.28443711832674046,1.0114919405181229,5.76531368799572,-0.2985759225968385,0.10000000000000003,1.4,-0.000421468570897666,0.5186251638664047,-0.5229636503307,5.76531368799572,0.14909819639278554,0.061723446893787615,0.28516432304406547,5.755454360182817,0.8333333333333339
dopamine,10.0,8.0,DVP,8,0.2996355762323788,1.004629139675347,5.7298140641206565,-0.33434118531788526,0.10000000000000003,1.4,-0.0001309248690928988,0.45705683950091514,-0.38689450437198025,5.7298140641206565,0.14909819639278554,0.06452905811623255,0.2897778639791202,5.692390994771492,0.9166666666666686
dopamine,10.0,8.0,DVP,9,0.29871663753361466,1.0171634975247819,5.857994878840719,-0.3020051648450729,0.10000000000000003,1.4,0.0011060512969748681,0.5096691699842881,-0.43681767282063055,5.857994878840719,0.14629258517034072,0.061723446893787615,0.2866392040678205,5.826774015975535,0.9999999999999964
uric_acid,0.1,6.0,DVP,0,0.007700927345825629,0.016590124433445392,0.08338235177316403,-0.005379990697797492,0.10000000000000003,1.4,7.569306943037774e-06,0.006090358363255112,-0.0048637676023604096,0.08338235177316403,0.4044088176352706,0.08977955911823643,0.005705753831332501,0.08070875100383705,0.999999999999995
uric_acid,0.1,6.0,DVP,1,0.007684570598829781,0.0165753861469147,0.0836064173550421,-0.003617908173373343,0.10000000000000003,1.4,3.36195741081741e-06,0.005454259090398778,-0.005720140177863209,0.0836064173550421,0.3987975951903807,0.08697394789579149,0.0056056383088100795,0.08106730792369131,0.7222222222222218
uric_acid,0.1,6.0,DVP,2,0.007651888327502988,0.016605476263299338,0.08389251621610563,-0.0034633846236766146,0.10000000000000003,1.4,2.601677374776644e-07,0.006080278780691353,-0.0060380454895674375,0.08389251621610563,0.3987975951903807,0.08416833667334667,0.005481248804937048,0.0812750207664045,0.7647058823529397
uric_acid,0.1,6.0,DVP,3,0.007852295536810838,0.016539866781972386,0.0845863859482892,-0.0037076751679752124,0.10000000000000003,1.4,-4.977405643050468e-06,0.0064668950358658835,-0.008480416059174378,0.0845863859482892,0.39318637274549095,0.08977955911823643,0.005677883083256091,0.08178784747858357,0.6000000000000008
uric_acid,0.1,6.0,DVP,4,0.00775746825814282,0.01647451748871966,0.08324573997882809,-0.0029648773228907214,0.10000000000000003,1.4,3.3712305416039834e-06,0.00590791615646675,-0.0058364771350313815,0.08324573997882809,0.4044088176352706,0.0869739478957916,0.005562856659473264,0.08042149863399665,0.9374999999999966
uric_acid,0.1,6.0,DVP,5,0.007753049839744383,0.01639257492980246,0.08206034159385199,-0.0029269463921563106,0.10000000000000003,1.4,-1.0687773196334966e-06,0.005560460795542073,-0.005538688935600836,0.08206034159385199,0.40160320641282554,0.08697394789579149,0.005501280277226321,0.07922072404325738,0.823529411764703
uric_acid,0.1,6.0,DVP,6,0.007755181368620338,0.016527250356013594,0.08440401261213007,-0.003686690961740511,0.10000000000000003,1.4,-6.60810606184346e-06,0.005698414573464956,-0.005455518438071256,0.08440401261213007,0.4044088176352706,0.08977955911823643,0.005672023612102768,0.08153129483996645,0.999999999999995
uric_acid,0.1,6.0,DVP,7,0.007513412374302785,0.016587258565345635,0.08220242900421497,-0.004014737970236109,0.10000000000000003,1.4,-3.3223161895502408e-06,0.00670262398875815,-0.005585596935504606,0.08220242900421497,0.4044088176352706,0.09819639278557113,0.006020396524364017,0.07990367667918931,0.9444444444444456
uric_acid,0.1,6.0,DVP,8,0.007776144049421756,0.016580571833721167,0.08430436758705008,-0.003311881604206923,0.10000000000000003,1.4,1.700235041921303e-06,0.006023682160664016,-0.005103328096126675,0.08430436758705008,0.4072144288577154,0.08977955911823643,0.005683371239155563,0.08151393277566567,0.8823529411764687
uric_acid,0.1,6.0,DVP,9,0.007760258602019332,0.016496756181102558,0.0824579740289694,-0.0034674179027181303,0.10000000000000003,1.4,2.3083511043406742e-05,0.005120533165423505,-0.005096590873666984,0.0824579740289694,0.41002004008016024,0.08977955911823643,0.005650779200605862,0.07957459236220954,0.7777777777777782
uric_acid,0.1,6.5,DVP,0,0.007753179954275916,0.01672357399145343,0.08605612169080408,-0.005383177947234281,0.10000000000000003,1.4,7.601349604812818e-06,0.0056297219095924125,-0.005512730449495452,0.08605612169080408,0.37635270541082166,0.08416833667334678,0.005527341194695967,0.08335594543769438,0.8749999999999981
uric_acid,0.1,6.5,DVP,1,0.007736674903182741,0.016681331902509755,0.08424710472249827,-0.003663348656878929,0.10000000000000003,1.4,3.3558526845651635e-06,0.005691898055048633,-0.00520636901835065,0.08424710472249827,0.3791583166332665,0.09258517034068137,0.005855779742216378,0.08170112305022002,0.9411764705882343
uric_acid,0.1,6.5,DVP,2,0.007703696306752372,0.016791453650181,0.0859339730400296,-0.003504304878066011,0.10000000000000003,1.4,2.259395635912202e-07,0.006177234995130178,-0.0055417578213109425,0.0859339730400296,0.37635270541082166,0.0869739478957916,0.005662007715138305,0.08324592842254411,0.8235294117647053
uric_acid,0.1,6.5,DVP,3,0.007905920577257154,0.01669115250379045,0.08480395002847022,-0.0037505094339412744,0.10000000000000003,1.4,-5.0591220853915265e-06,0.006296986691028555,-0.008557457183781722,0.08480395002847022,0.3707414829659319,0.08416833667334678,0.005507400501936257,0.08198081752044102,0.666666666666666
uric_acid,0.1,6.5,DVP,4,0.007810233514307556,0.016708158865399364,0.08622416554855272,-0.0030147297800544844,0.10000000000000003,1.4,3.365209893395573e-06,0.005948371848794671,-0.005394097792126341,0.08622416554855272,0.37635270541082166,0.08416833667334678,0.0055211180810242,0.08342790424909308,0.8749999999999981
uric_acid,0.1,6.5,DVP,5,0.007805775034792302,0.01655388589118074,0.08228320717401184,-0.002688724885958859,0.10000000000000003,1.4,-1.1150548329847183e-06,0.007141933815768661,-0.005296825122074774,0.08228320717401184,0.3819639278557114,0.08977955911823654,0.005701834827557589,0.07949044022873551,0.882352941176471
uric_acid,0.1,6.5,DVP,6,0.007807925889911179,0.016644255035376466,0.08366715829080557,-0.003729485451768495,0.10000000000000003,1.4,-6.704607812881982e-06,0.007522892678307858,-0.006004616444024526,0.08366715829080557,0.3791583166332665,0.08977955911823643,0.005718121668305109,0.08080046712959885,0.8823529411764687
uric_acid,0.1,6.5,DVP,7,0.007563964813483837,0.016772562979988997,0.08553660329960427,-0.0040692337574961815,0.10000000000000003,1.4,-3.3890261915851184e-06,0.006509670936332507,-0.005377886405457832,0.08553660329960427,0.3735470941883767,0.08416833667334678,0.005570342981764024,0.08325074176678768,0.7647058823529379
uric_acid,0.1,6.5,DVP,8,0.00782907863609996,0.016741156167438518,0.0862292340128005,-0.003364678543247956,0.10000000000000003,1.4,1.6790637357439395e-06,0.006483631547285169,-0.004643514240426479,0.0862292340128005,0.3735470941883767,0.08416833667334678,0.005527352173795092,0.08340608842994374,0.7647058823529379
uric_acid,0.1,6.5,DVP,9,0.007813049157800792,0.016642595773790823,0.08470204226886488,-0.003516717875623616,0.10000000000000003,1.4,2.325621859627764e-05,0.006055300737845574,-0.004591767181895481,0.08470204226886488,0.37635270541082166,0.08977955911823654,0.00569961132948543,0.08183515916959791,0.882352941176471
uric_acid,0.1,7.0,DVP,0,0.007805427022424666,0.016841924870005773,0.08572474249828212,-0.004685275210219475,0.10000000000000003,1.4,7.633797793277351e-06,0.005750182392238713,-0.00614945686442021,0.08572474249828212,0.34829659318637274,0.08697394789579149,0.005667573199662748,0.0829323023553502,0.7222222222222218
uric_acid,0.1,7.0,DVP,1,0.0077887718682095606,0.016794890619447896,0.08576500779696465,-0.0037093403628341163,0.10000000000000003,1.4,3.349690732517098e-06,0.0056289894743156085,-0.005648060893445623,0.08576500779696465,0.3454909819639279,0.08697394789579149,0.005682815166710021,0.08321788349435996,0.6315789473684225
uric_acid,0.1,7.0,DVP,2,0.007755493352060486,0.01691531401729776,0.086975138567488,-0.0035457215216027635,0.10000000000000003,1.4,1.9131300830280487e-07,0.006338741714838928,-0.005004071634757277,0.086975138567488,0.3539078156312625,0.08697394789579149,0.005711673301911304,0.08428426465833411,0.9374999999999989
uric_acid,0.1,7.0,DVP,3,0.00795955672588955,0.016819356701166625,0.0861808619312948,-0.0037938633072528384,0.10000000000000003,1.4,-5.141812972539854e-06,0.00628160708534763,-0.008635432867050197,0.0861808619312948,0.3539078156312625,0.08697394789579149,0.005690356822290507,0.08332934777713406,0.9374999999999989
uric_acid,0.1,7.0,DVP,4,0.007862999448919043,0.01687514984019543,0.08558212273899304,-0.0030651869797613824,0.10000000000000003,1.4,3.359133039312375e-06,0.005774672941543005,-0.005462319339181371,0.08558212273899304,0.34829659318637274,0.08697394789579149,0.005702583836272934,0.08280146985819051,0.7222222222222218
uric_acid,0.1,7.0,DVP,5,0.007858500422319715,0.01675253721291413,0.08625278292162576,-0.002726260663184768,0.10000000000000003,1.4,-1.1618768940174564e-06,0.00723137544570635,-0.004187431742331861,0.08625278292162576,0.3454909819639279,0.08697394789579149,0.005626543214482807,0.08340952313249189,0.6315789473684225
uric_acid,0.1,7.0,DVP,6,0.00786067083812134,0.016751995888999834,0.08389268240340801,-0.0037727990666341304,0.10000000000000003,1.4,-6.802263364083361e-06,0.007065045027779739,-0.00552499094416563,0.08389268240340801,0.3454909819639279,0.08697394789579149,0.005628781324194972,0.08102133193583659,0.6315789473684225
uric_acid,0.1,7.0,DVP,7,0.0076144910882106785,0.01693680686102047,0.08652589430667587,-0.004124390613752471,0.10000000000000003,1.4,-3.4565286006021793e-06,0.007002568931311466,-0.005245228216360566,0.08652589430667587,0.3511022044088177,0.08697394789579149,0.005726176031482168,0.08424192574631442,0.8235294117647073
uric_acid,0.1,7.0,DVP,8,0.007882015955313544,0.016868814497715424,0.08476142169173898,-0.003418115943301382,0.10000000000000003,1.4,1.65765243641333e-06,0.006352369932789188,-0.0049128922455648,0.08476142169173898,0.3454909819639279,0.08697394789579149,0.005684596790577197,0.08187644125140582,0.6315789473684225
uric_acid,0.1,7.0,DVP,9,0.007865840698929713,0.016832005172228423,0.08293032487775522,-0.0035666158884850754,0.10000000000000003,1.4,2.3431038031929805e-05,0.007019710423068957,-0.005389553931073172,0.08293032487775522,0.35671342685370744,0.08697394789579149,0.0056378232364407525,0.07999347229717313,0.9374999999999989
uric_acid,0.1,7.5,DVP,0,0.007857669245379794,0.016973231015333518,0.08497749058742231,-0.0047521844952538,0.10000000000000003,1.4,7.666609101573176e-06,0.005417138370634306,-0.0059574017745862694,0.08497749058742231,0.3258517034068136,0.0869739478957916,0.0057057346683244805,0.08224132211856096,0.8235294117647053
uric_acid,0.1,7.5,DVP,1,0.007840862316400792,0.016916288945831533,0.08658028073634876,-0.0037558442611060052,0.10000000000000003,1.4,3.3434619136993295e-06,0.005719711658270048,-0.0051827614871312894,0.08658028073634876,0.3258517034068136,0.0869739478957916,0.005710275782416095,0.08399244999951617,0.8235294117647053
uric_acid,0.1,7.5,DVP,2,0.007807280540440001,0.017015642178065598,0.08550117330557797,-0.003587599406708241,0.10000000000000003,1.4,1.563025866732036e-07,0.008003363020906418,-0.006053999053538022,0.08550117330557797,0.32304609218436875,0.0869739478957916,0.005729006166182228,0.08289210792503696,0.722222222222224
uric_acid,0.1,7.5,DVP,3,0.008013203498994781,0.016931283112033468,0.08973667581863991,-0.0038376999963319032,0.10000000000000003,1.4,-5.225423000400556e-06,0.005900995193331772,-0.008714276936151077,0.08973667581863991,0.32304609218436875,0.0869739478957916,0.005701365688350976,0.08682132993221908,0.722222222222224
uric_acid,0.1,7.5,DVP,4,0.007915766316757385,0.01699561405456915,0.08688729956289364,-0.0031162061023079623,0.10000000000000003,1.4,3.3529902661634786e-06,0.006779276315911645,-0.005264002515933817,0.08688729956289364,0.3286573146292585,0.0869739478957916,0.005736681218036784,0.08408903429093977,0.9375000000000014
uric_acid,0.1,7.5,DVP,5,0.007911226291516372,0.016931821966879493,0.08344407014204529,-0.0027089713184474946,0.10000000000000003,1.4,-1.209218638148126e-06,0.008606936824395107,-0.005889701313931604,0.08344407014204529,0.33146292585170345,0.0869739478957916,0.005724482903469672,0.08063877716473136,0.9374999999999966
uric_acid,0.1,7.5,DVP,6,0.007913416485840706,0.016877147692800066,0.08567997138341714,-0.003816595048924109,0.10000000000000003,1.4,-6.901004711827613e-06,0.0071469048677674715,-0.005065531246742437,0.08567997138341714,0.33146292585170345,0.08416833667334678,0.005570687514847459,0.0827285956531228,0.8749999999999981
uric_acid,0.1,7.5,DVP,7,0.007664993353915312,0.017077858652514488,0.08802983201184766,-0.004180161719194638,0.10000000000000003,1.4,-3.524781001968071e-06,0.006129691080358345,-0.005781115318116755,0.08802983201184766,0.32304609218436875,0.08977955911823654,0.005892281915993807,0.0857211382606656,0.6842105263157905
uric_acid,0.1,7.5,DVP,8,0.007934956116399784,0.016935678203304792,0.08666039182009892,-0.0034721484555639216,0.10000000000000003,1.4,1.636004444072546e-06,0.006948034380951897,-0.00502894948378765,0.08666039182009892,0.32304609218436875,0.08416833667334678,0.005577272419793771,0.0837069321861757,0.764705882352942
uric_acid,0.1,7.5,DVP,9,0.007918633458455638,0.0170532742425662,0.08750437042165016,-0.0036170695396158495,0.10000000000000003,1.4,2.3607806122400748e-05,0.006015958291466346,-0.004819082059599203,0.08750437042165016,0.3258517034068136,0.0869739478957916,0.005749058745406819,0.08456365900127738,0.8235294117647053
uric_acid,0.1,8.0,DVP,0,0.007909907361936405,0.017119260009843203,0.08558878520022548,-0.004819740454319692,0.10000000000000003,1.4,7.699748023596434e-06,0.007223774986042571,-0.0052157068504956085,0.08558878520022548,0.29779559118236476,0.08977955911823654,0.0058846654173855695,0.08288350645323586,0.6842105263157905
uric_acid,0.1,8.0,DVP,1,0.007892947143456435,0.0170662834216269,0.08674205109014206,-0.0038028122759211445,0.10000000000000003,1.4,3.337171081727872e-06,0.005160535108224583,-0.005944773692622803,0.08674205109014206,0.2949899799599198,0.0869739478957916,0.00577738346636184,0.08414963169836229,0.6315789473684211
uric_acid,0.1,8.0,DVP,2,0.007859059081101197,0.01715283275423247,0.08832606067913312,-0.0036298952399857233,0.10000000000000003,1.4,1.209429067663449e-07,0.005724629748440586,-0.0056105857114895595,0.08832606067913312,0.2949899799599198,0.0869739478957916,0.005767648969118762,0.08568922698264753,0.6315789473684211
uric_acid,0.1,8.0,DVP,3,0.008066860183342697,0.017048461526026043,0.0846495040789327,-0.0038819741827683723,0.10000000000000003,1.4,-5.30986731859141e-06,0.0064722424425512695,-0.008793907882012116,0.0846495040789327,0.2949899799599198,0.0869739478957916,0.005745422719217109,0.08170710650795428,0.7222222222222201
uric_acid,0.1,8.0,DVP,4,0.007968534314239325,0.017110780955900406,0.08820630346356034,-0.003167734404077703,0.10000000000000003,1.4,3.346786338610774e-06,0.005260963192376754,-0.004893467526867437,0.08820630346356034,0.3006012024048096,0.08977955911823654,0.005870995037654472,0.08549105009370589,0.7777777777777766
uric_acid,0.1,8.0,DVP,5,0.007963952881183447,0.017077163476549372,0.08878468000960286,-0.0024230049986714067,0.10000000000000003,1.4,-1.2570327091801122e-06,0.006438364176263183,-0.00520047513428349,0.08878468000960286,0.29779559118236476,0.0869739478957916,0.005755960113858856,0.08593166595425705,0.722222222222224
uric_acid,0.1,8.0,DVP,6,0.007966163051423395,0.017040497763072763,0.08729773013937685,-0.003860828122311051,0.10000000000000003,1.4,-7.000731362959865e-06,0.006009357828279315,-0.007124612707428143,0.08729773013937685,0.292184368737475,0.0869739478957916,0.005736064994260614,0.08442720829394257,0.5500000000000019
uric_acid,0.1,8.0,DVP,7,0.007715474148162273,0.01721762351462017,0.08790544434909343,-0.004236488239530436,0.10000000000000003,1.4,-3.5937144220291456e-06,0.006155307442906568,-0.005116322093567091,0.08790544434909343,0.3034068136272545,0.08977955911823654,0.005917675084437158,0.08558288344943248,0.882352941176471
uric_acid,0.1,8.0,DVP,8,0.007987899136624699,0.016971855712858468,0.09118206198082812,-0.003526720221173951,0.10000000000000003,1.4,1.6141405526936462e-06,0.005593966580140082,-0.00542908602837517,0.09118206198082812,0.3034068136272545,0.08416833667334667,0.005604142282716496,0.08828577131211854,0.8750000000000003
uric_acid,0.1,8.0,DVP,9,0.007971427606028451,0.017232519583808503,0.09009603945647933,-0.003668021532309397,0.10000000000000003,1.4,2.3786338538930883e-05,0.006188297774550822,-0.005850026336543409,0.09009603945647933,0.3006012024048096,0.0869739478957916,0.005780227410147621,0.08712904367361592,0.8235294117647053
uric_acid,0.2,6.0,DVP,0,0.013312942370869324,0.033080733365559285,0.16399157857911895,-0.012119299617375609,0.10000000000000003,1.4,1.0988118552649203e-05,0.012045605780426117,-0.009623110912687811,0.16399157857911895,0.4044088176352706,0.08977955911823643,0.011381448254629752,0.1607960776003127,0.999999999999995
uric_acid,0.2,6.0,DVP,1,0.013280771450990185,0.03305107734176333,0.16443926848861146,-0.008463382270241515,0.10000000000000003,1.4,2.712982626235755e-06,0.010799016798697422,-0.011310798467056779,0.16443926848861146,0.3987975951903807,0.08697394789579149,0.011178647704977819,0.1614841859013798,0.7222222222222218
uric_acid,0.2,6.0,DVP,2,0.013216491020866182,0.03311140091720589,0.16500197594744326,-0.00803938635362485,0.10000000000000003,1.4,-3.387706409810766e-06,0.01203029030951707,-0.011934270902762813,0.16500197594744326,0.3987975951903807,0.08416833667334667,0.010922324222302928,0.16179769541320185,0.7647058823529397
uric_acid,0.2,6.0,DVP,3,0.013610657677321857,0.03298006412218443,0.16633725544813294,-0.008700359502488082,0.10000000000000003,1.4,-1.3689116196784725e-05,0.012791800276804398,-0.016695574545166056,0.16633725544813294,0.39318637274549095,0.08977955911823643,0.01133321280284464,0.1629693311467366,0.6000000000000008
uric_acid,0.2,6.0,DVP,4,0.013424148661491263,0.032850610263329395,0.1637228865775099,-0.00828081525349285,0.10000000000000003,1.4,2.7312212862602853e-06,0.01168354951320285,-0.011539069475972441,0.1637228865775099,0.4044088176352706,0.0869739478957916,0.011102997781388693,0.16030404115596394,0.9374999999999966
uric_acid,0.2,6.0,DVP,5,0.01341545838925531,0.032688960150287556,0.1613986372315221,-0.007214898433388327,0.10000000000000003,1.4,-6.001513725345804e-06,0.01098384931186006,-0.010950182354172631,0.1613986372315221,0.40160320641282554,0.08697394789579149,0.01097922993244984,0.15791961411634986,0.823529411764703
uric_acid,0.2,6.0,DVP,6,0.013419650741481933,0.03295649376617098,0.16600101046691268,-0.008250013728624992,0.10000000000000003,1.4,-1.689642462633899e-05,0.011250840239141323,-0.0107897889668176,0.16600101046691268,0.4044088176352706,0.08977955911823643,0.011317808709878124,0.1624439766005295,0.999999999999995
uric_acid,0.2,6.0,DVP,7,0.012944132538050374,0.03307668968837616,0.16167087258097224,-0.00982581006277232,0.10000000000000003,1.4,-1.043383871313346e-05,0.013254453685644582,-0.011038541560780529,0.16167087258097224,0.4044088176352706,0.09819639278557113,0.012013627422022654,0.15924038648774602,0.9444444444444456
uric_acid,0.2,6.0,DVP,8,0.01346088074428662,0.033059147322904346,0.16579072257219174,-0.008941799703247467,0.10000000000000003,1.4,-5.553406659629528e-07,0.011916986214053724,-0.010078977094751102,0.16579072257219174,0.4072144288577154,0.08977955911823643,0.011336790759355165,0.16235835872564333,0.8823529411764687
uric_acid,0.2,6.0,DVP,9,0.013429636789987069,0.03289642767786169,0.16213803410874572,-0.008724442549267901,0.10000000000000003,1.4,4.1501900860848234e-05,0.01014275200486777,-0.010082590918615096,0.16213803410874572,0.41002004008016024,0.08977955911823643,0.011286565623917031,0.15867743635333784,0.7777777777777782
uric_acid,0.2,6.5,DVP,0,0.013416621472894161,0.03335039254456816,0.16927668219254713,-0.012126078330900104,0.10000000000000003,1.4,1.1051929694714295e-05,0.011131737690590449,-0.010902540475732268,0.16927668219254713,0.37635270541082166,0.08416833667334678,0.011016206814800176,0.16593082930154116,0.8749999999999981
uric_acid,0.2,6.5,DVP,1,0.013384155214438897,0.033266903563369914,0.16571300450112522,-0.008553874225209273,0.10000000000000003,1.4,2.700825568730985e-06,0.011269789497249577,-0.01029475960992235,0.16571300450112522,0.3791583166332665,0.09258517034068137,0.011676886329162335,0.16271608118951186,0.9411764705882343
uric_acid,0.2,6.5,DVP,2,0.01331928467092129,0.033483872385311655,0.16903640970604475,-0.008128977426255022,0.10000000000000003,1.4,-3.4558696001846384e-06,0.012218553069786819,-0.010949697015121367,0.16903640970604475,0.37635270541082166,0.0869739478957916,0.011289058679186942,0.16576508758199104,0.8235294117647053
uric_acid,0.2,6.5,DVP,3,0.013717069894067317,0.03328463043437315,0.16679933721889964,-0.008794756624791879,0.10000000000000003,1.4,-1.3851849381114876e-05,0.012457161160298984,-0.01684899725198598,0.16679933721889964,0.3707414829659319,0.08416833667334678,0.010985488779277016,0.16331268620557046,0.666666666666666
uric_acid,0.2,6.5,DVP,4,0.013528848670212318,0.033316370520348984,0.16960723283953924,-0.008380093385252623,0.10000000000000003,1.4,2.7192316650582713e-06,0.011763975200314518,-0.010661763826143193,0.16960723283953924,0.37635270541082166,0.08416833667334678,0.011017749676574167,0.16623614335461037,0.8749999999999981
uric_acid,0.2,6.5,DVP,5,0.013520078618702476,0.03301313976363435,0.16183760623432464,-0.0069425315932934595,0.10000000000000003,1.4,-6.093672441297704e-06,0.01412208213852325,-0.010470423634058992,0.16183760623432464,0.3819639278557114,0.08977955911823654,0.011381344257642152,0.15847550370639013,0.882352941176471
uric_acid,0.2,6.5,DVP,6,0.013524309457964654,0.033193966264207904,0.16457222095339488,-0.008335236348758521,0.10000000000000003,1.4,-1.708860185231695e-05,0.014871282122476404,-0.011868150584785644,0.16457222095339488,0.3791583166332665,0.08977955911823643,0.011411180657689427,0.1610409079024704,0.8823529411764687
uric_acid,0.2,6.5,DVP,7,0.013044425856538592,0.03344783880062966,0.16825245989508508,-0.009934335103577961,0.10000000000000003,1.4,-1.0566687485686853e-05,0.012878224435968227,-0.010636728068139992,0.16825245989508508,0.3735470941883767,0.08416833667334678,0.011109510245265956,0.16582514826049524,0.7647058823529379
uric_acid,0.2,6.5,DVP,8,0.013565917964410755,0.033381917108676135,0.16961489904306082,-0.009046941591307466,0.10000000000000003,1.4,-5.975018996321746e-07,0.01282588682412198,-0.009186107013245348,0.16961489904306082,0.3735470941883767,0.08416833667334678,0.011025169229868242,0.1661333847895151,0.7647058823529379
uric_acid,0.2,6.5,DVP,9,0.01353438718135374,0.03319033318496922,0.1666131404541148,-0.008822620442281073,0.10000000000000003,1.4,4.184583756515615e-05,0.011967664145980307,-0.009081018060101597,0.1666131404541148,0.37635270541082166,0.08977955911823654,0.011376978858087916,0.16310534056109213,0.882352941176471
uric_acid,0.2,7.0,DVP,0,0.013520296807411238,0.03358650846618603,0.16862701839753538,-0.011783743455333513,0.10000000000000003,1.4,1.1116031470398205e-05,0.01138012337334516,-0.01215024891418183,0.16862701839753538,0.34829659318637274,0.08697394789579149,0.011306107778885122,0.16521444317738662,0.7222222222222218
uric_acid,0.2,7.0,DVP,1,0.013487534018406973,0.0334936370181519,0.16869207215653448,-0.008644731401537206,0.10000000000000003,1.4,2.68865254069222e-06,0.011145339950773867,-0.011165999714221407,0.16869207215653448,0.3454909819639279,0.08697394789579149,0.011326520795060604,0.16565203284816635,0.6315789473684225
uric_acid,0.2,7.0,DVP,2,0.013422070979825292,0.03373077864311974,0.17108770021252373,-0.008216743337299602,0.10000000000000003,1.4,-3.524274799263892e-06,0.012518001214620413,-0.009897131703533762,0.17108770021252373,0.3539078156312625,0.08697394789579149,0.01139176057585473,0.16786229795046265,0.9374999999999989
uric_acid,0.2,7.0,DVP,3,0.013823489374030079,0.033540026190462244,0.16952525788947304,-0.00888953472953126,0.10000000000000003,1.4,-1.401520625428802e-05,0.01243100897790722,-0.017003039165780567,0.16952525788947304,0.3539078156312625,0.08697394789579149,0.011347744482877077,0.16595989608272216,0.9374999999999989
uric_acid,0.2,7.0,DVP,4,0.013633549031757999,0.0336476923921261,0.16834646734282405,-0.008479772198977217,0.10000000000000003,1.4,2.7072267490875176e-06,0.011417075191695224,-0.010798562735503447,0.16834646734282405,0.34829659318637274,0.08697394789579149,0.011379892908531255,0.16501358793355017,0.7222222222222218
uric_acid,0.2,7.0,DVP,5,0.01362469887898879,0.03340640744370599,0.16965158734831268,-0.007016662404015463,0.10000000000000003,1.4,-6.186170010790359e-06,0.01427829851657117,-0.008294819053574022,0.16965158734831268,0.3454909819639279,0.08697394789579149,0.011227896147396714,0.16616778224506404,0.6315789473684225
uric_acid,0.2,7.0,DVP,6,0.013628968360618427,0.033409308339934926,0.16500897195679,-0.00842080292345966,0.10000000000000003,1.4,-1.728152160193313e-05,0.013962990372923333,-0.010916230489902434,0.16500897195679,0.3454909819639279,0.08697394789579149,0.01123527803457789,0.16150416337700088,0.6315789473684225
uric_acid,0.2,7.0,DVP,7,0.013144701742652719,0.03377379152530031,0.17020734734501342,-0.010043298146162123,0.10000000000000003,1.4,-1.0700039334974425e-05,0.01384923186160876,-0.01036875236884599,0.17020734734501342,0.3511022044088177,0.08697394789579149,0.011418597993788462,0.16776293339905968,0.8235294117647073
uric_acid,0.2,7.0,DVP,8,0.013670956898329194,0.03363624777577882,0.16671789170834003,-0.009152507827182499,0.10000000000000003,1.4,-6.398001993076913e-07,0.012557579231446896,-0.009715005597781268,0.16671789170834003,0.3454909819639279,0.08697394789579149,0.011342901768402495,0.1631612944819987,0.6315789473684225
uric_acid,0.2,7.0,DVP,9,0.013639138128887077,0.03356552203145385,0.16312057128560048,-0.008921194575563729,0.10000000000000003,1.4,4.219119547694325e-05,0.013881063464309215,-0.010659606962306702,0.16312057128560048,0.35671342685370744,0.08697394789579149,0.011265048564951712,0.15962469958357142,0.9374999999999989
uric_acid,0.2,7.5,DVP,0,0.013623969426978171,0.033844130472640316,0.1671564726346862,-0.011914929734196087,0.10000000000000003,1.4,1.1180362975478267e-05,0.010732273053893071,-0.01176851151683508,0.1671564726346862,0.3258517034068136,0.0869739478957916,0.011376944670853761,0.1638111742052507,0.8235294117647053
uric_acid,0.2,7.5,DVP,1,0.013590909060703156,0.03373185969779527,0.1703092692849067,-0.008735909294168877,0.10000000000000003,1.4,2.676439999991941e-06,0.011327455179477718,-0.0102422085857567,0.1703092692849067,0.3258517034068136,0.0869739478957916,0.011385571165735289,0.1672522408017786,0.8235294117647053
uric_acid,0.2,7.5,DVP,2,0.01352485143561197,0.03392777374106789,0.16818018024299186,-0.008247540908312647,0.10000000000000003,1.4,-3.5929180046710488e-06,0.015820228381013914,-0.011963431986639482,0.16818018024299186,0.32304609218436875,0.0869739478957916,0.011417055288450054,0.16501975632264146,0.722222222222224
uric_acid,0.2,7.5,DVP,3,0.013929915825588321,0.03375970462956982,0.1765117002140414,-0.00898464739104046,0.10000000000000003,1.4,-1.417913630324046e-05,0.01167802120959996,-0.017157624831375607,0.1765117002140414,0.32304609218436875,0.0869739478957916,0.011361958672617098,0.1727404553416829,0.722222222222224
uric_acid,0.2,7.5,DVP,4,0.013738250296591438,0.033884089438775,0.1709116213344275,-0.008579802868460383,0.10000000000000003,1.4,2.695182913873162e-06,0.013409893665366476,-0.010404548267242415,0.1709116213344275,0.3286573146292585,0.0869739478957916,0.011446230418263245,0.16754089050263793,0.9375000000000014
uric_acid,0.2,7.5,DVP,5,0.013729319759813828,0.03375793285732488,0.1641297858724204,-0.006981401311300364,0.10000000000000003,1.4,-6.2789906301518455e-06,0.01700682239937764,-0.011641683945552934,0.1641297858724204,0.33146292585170345,0.0869739478957916,0.011415748024240644,0.16067063995015016,0.9374999999999966
uric_acid,0.2,7.5,DVP,6,0.013733628020214423,0.03365486525530413,0.1685279548708652,-0.008506671539195645,0.10000000000000003,1.4,-1.7475118881182087e-05,0.01413514727255192,-0.010010490596977631,0.1685279548708652,0.33146292585170345,0.0869739478957916,0.011344009863075516,0.16489599757457646,0.9374999999999966
uric_acid,0.2,7.5,DVP,7,0.013244962914120358,0.03405051468119712,0.17315422297966446,-0.010152645793125737,0.10000000000000003,1.4,-1.0833858445453842e-05,0.012129151987884619,-0.01142884371910445,0.17315422297966446,0.32304609218436875,0.08977955911823654,0.011750966071826567,0.17068720018412706,0.6842105263157905
uric_acid,0.2,7.5,DVP,8,0.013775997930660363,0.033767715836717976,0.17046044148112288,-0.00925844670079885,0.10000000000000003,1.4,-6.822443506942603e-07,0.013738888620325157,-0.009948905982237716,0.17046044148112288,0.32304609218436875,0.08977955911823654,0.011606004915296883,0.16683223114926599,0.6842105263157905
uric_acid,0.2,7.5,DVP,9,0.013743890158271403,0.03399925512685696,0.1721270162097134,-0.009020116551855258,0.10000000000000003,1.4,4.2537775922790134e-05,0.011900723128202749,-0.00952145902753701,0.1721270162097134,0.3258517034068136,0.0869739478957916,0.011479438309048913,0.16857795900871794,0.8235294117647053
uric_acid,0.2,8.0,DVP,0,0.013727640382332797,0.034126918615242786,0.16833492626801058,-0.012046458916126223,0.10000000000000003,1.4,1.1244883294733703e-05,0.014277073349049964,-0.010310812185120692,0.16833492626801058,0.29779559118236476,0.08977955911823654,0.011736041671795035,0.16510363113371326,0.6842105263157905
uric_acid,0.2,8.0,DVP,1,0.013694281566772102,0.034022400333892394,0.17058459961987502,-0.008827354372812707,0.10000000000000003,1.4,2.664191970209293e-06,0.010229195855550849,-0.011748244779332277,0.17058459961987502,0.2949899799599198,0.0869739478957916,0.01151374526963644,0.16749028819033154,0.6315789473684211
uric_acid,0.2,8.0,DVP,2,0.013627627612806083,0.03419327103556399,0.17370016583666187,-0.008154616918392959,0.10000000000000003,1.4,-3.6617620625378766e-06,0.011328425633284123,-0.011082635606852756,0.17370016583666187,0.2949899799599198,0.0869739478957916,0.011493893257902883,0.17051038645340005,0.6315789473684211
uric_acid,0.2,8.0,DVP,3,0.014036348682712656,0.03398599595572153,0.16646879828857444,-0.009080038768935851,0.10000000000000003,1.4,-1.4343546431458656e-05,0.01280545241996945,-0.017312663491949314,0.16646879828857444,0.2949899799599198,0.0869739478957916,0.011441765768166653,0.1625871188436854,0.7222222222222201
uric_acid,0.2,8.0,DVP,4,0.013842952911535662,0.03410645357136442,0.17349173962624934,-0.00868012666596945,0.10000000000000003,1.4,2.6831040839479686e-06,0.010427208718239413,-0.009679414851224408,0.17349173962624934,0.3006012024048096,0.08977955911823654,0.011703004217079586,0.1701723313717781,0.7777777777777766
uric_acid,0.2,8.0,DVP,5,0.013833941755193832,0.034039362957789726,0.17462088688952604,-0.0068669197764180834,0.10000000000000003,1.4,-6.37208295102027e-06,0.012742539905282978,-0.010273214437108293,0.17462088688952604,0.29779559118236476,0.0869739478957916,0.011473376134256218,0.17103434519346192,0.722222222222224
uric_acid,0.2,8.0,DVP,6,0.013838288908001985,0.03397153192411888,0.17164888499544723,-0.008592791782736859,0.10000000000000003,1.4,-1.7669283176000318e-05,0.011884450261089835,-0.014069340637986427,0.17164888499544723,0.292184368737475,0.0869739478957916,0.011433696759913431,0.1680216073911111,0.5500000000000019
uric_acid,0.2,8.0,DVP,7,0.01334521242453121,0.03432107580984273,0.17290011080035753,-0.010262311509184417,0.10000000000000003,1.4,-1.096806939866114e-05,0.01218570498648544,-0.010112542747479664,0.17290011080035753,0.3034068136272545,0.08977955911823654,0.0117980885555089,0.17038950650625592,0.882352941176471
uric_acid,0.2,8.0,DVP,8,0.01388104130875072,0.033835428227073985,0.17934484400759976,-0.009364696015733344,0.10000000000000003,1.4,-7.248125813165904e-07,0.011071426082419872,-0.010727713738798009,0.17934484400759976,0.3034068136272545,0.08416833667334667,0.011173695647737247,0.17570291172873534,0.8750000000000003
uric_acid,0.2,8.0,DVP,9,0.013848643686526017,0.034347105414387895,0.17720863481369242,-0.009119318099943364,0.10000000000000003,1.4,4.288537227989414e-05,0.012241873777484584,-0.011563195482133776,0.17720863481369242,0.3006012024048096,0.0869739478957916,0.011543741307873473,0.1736581448531685,0.8235294117647053
uric_acid,0.5,6.0,DVP,0,0.029630955289842536,0.08103623705403099,0.39837840729181867,-0.031780969959559625,0.10000000000000003,1.4,2.0928970771365492e-05,0.029361632885738717,-0.023461816845793626,0.39837840729181867,0.4044088176352706,0.08977955911823643,0.027872795756883874,0.39353366387699673,0.999999999999995
uric_acid,0.5,6.0,DVP,1,0.029552801621118133,0.08096323163252124,0.3994763279385286,-0.022552530028827445,0.10000000000000003,1.4,8.259636372214691e-07,0.02633992767359654,-0.02756671256948115,0.3994763279385286,0.3987975951903807,0.08697394789579149,0.027390480894805884,0.39539492806723786,0.7222222222222218
uric_acid,0.5,6.0,DVP,2,0.029396643467722246,0.08111141735518114,0.4008433280893327,-0.021995667751167236,0.10000000000000003,1.4,-1.399460200731109e-05,0.029331093062564123,-0.02907868018113094,0.4008433280893327,0.3987975951903807,0.08416833667334667,0.026746588963177345,0.39597196447157,0.7647058823529397
uric_acid,0.5,6.0,DVP,3,0.030354202978192368,0.08078906301319888,0.4040436298399863,-0.023397522411581727,0.10000000000000003,1.4,-3.902008996071986e-05,0.031182678592764107,-0.04058272768135726,0.4040436298399863,0.39318637274549095,0.08977955911823643,0.02774524734381909,0.3986645226533904,0.6000000000000008
uric_acid,0.5,6.0,DVP,4,0.02990111168045828,0.08047326592701151,0.39772566668752324,-0.02373792708247444,0.10000000000000003,1.4,8.702712976454557e-07,0.02847731419663549,-0.028120453359631814,0.39772566668752324,0.4044088176352706,0.0869739478957916,0.027207880613622025,0.3925302618596899,0.9374999999999966
uric_acid,0.5,6.0,DVP,5,0.029880000171679386,0.08007989593850211,0.3920899891625937,-0.019682943599432196,0.10000000000000003,1.4,-2.0344393428109105e-05,0.02675339438238468,-0.026685140140481456,0.3920899891625937,0.40160320641282554,0.08697394789579149,0.02690559214661363,0.3867307322291345,0.823529411764703
uric_acid,0.5,6.0,DVP,6,0.029890184764110265,0.08073360607134149,0.4032599734600498,-0.02151875223541219,0.10000000000000003,1.4,-4.6811689375410824e-05,0.027395585636261842,-0.026300206350403144,0.4032599734600498,0.4044088176352706,0.08977955911823643,0.027743989452793202,0.39782426267305643,0.999999999999995
uric_acid,0.5,6.0,DVP,7,0.028734995783408747,0.08102871792358317,0.3927406546733895,-0.026722619685685317,0.10000000000000003,1.4,-3.1111958050936877e-05,0.032305158496591324,-0.026894026701967458,0.3927406546733895,0.4044088176352706,0.09819639278557113,0.02944388552300995,0.38996569005241877,0.9444444444444456
uric_acid,0.5,6.0,DVP,8,0.029990345903201387,0.08097975526885717,0.40272797014437284,-0.025311869252765365,0.10000000000000003,1.4,-7.113860801195721e-06,0.02905290107698691,-0.02454663341382827,0.40272797014437284,0.4072144288577154,0.08977955911823643,0.027807095513045624,0.3977843922833549,0.8823529411764687
uric_acid,0.5,6.0,DVP,9,0.02991444413653941,0.08058756758163255,0.3938231318791721,-0.024010252675389553,0.10000000000000003,1.4,9.505691125310105e-05,0.02474581909186728,-0.024580344895464262,0.3938231318791721,0.41002004008016024,0.08977955911823643,0.02766634351629171,0.38860224514865177,0.7777777777777782
uric_acid,0.5,6.5,DVP,0,0.029884166811645668,0.08170184776797752,0.4112564658053076,-0.03210474856271865,0.10000000000000003,1.4,2.1085154879197306e-05,0.02712990665380019,-0.026574449628943883,0.4112564658053076,0.37635270541082166,0.08416833667334678,0.026997408066106718,0.40628587882523903,0.8749999999999981
uric_acid,0.5,6.5,DVP,1,0.02980529027332218,0.08149845271664335,0.40259077462667126,-0.022774017800815966,0.10000000000000003,1.4,7.962082626901054e-07,0.027488581536879997,-0.025090233791569258,0.40259077462667126,0.3791583166332665,0.09258517034068137,0.028622708182468377,0.398496887040724,0.9411764705882343
uric_acid,0.5,6.5,DVP,2,0.029647687760581673,0.08202605126578637,0.41067272555030415,-0.022214950778173703,0.10000000000000003,1.4,-1.416143778408678e-05,0.02978484716378843,-0.02667432020943169,0.41067272555030415,0.37635270541082166,0.0869739478957916,0.027674125914279347,0.4059737041084394,0.8235294117647053
uric_acid,0.5,6.5,DVP,3,0.030614104061407618,0.08153921674572158,0.4052166938187635,-0.02362856845659916,0.10000000000000003,1.4,-3.941839490252591e-05,0.030369053078639158,-0.04095824452722606,0.4052166938187635,0.3707414829659319,0.08416833667334678,0.026884349009122455,0.3994474560419477,0.666666666666666
uric_acid,0.5,6.5,DVP,4,0.030156821969689235,0.08161384732551356,0.4120595361933307,-0.023980919868059516,0.10000000000000003,1.4,8.409257395851841e-07,0.028673960330118403,-0.025978515832746032,0.4120595361933307,0.37635270541082166,0.08416833667334678,0.026990515460493532,0.40690121215062053,0.8749999999999981
uric_acid,0.5,6.5,DVP,5,0.03013551519345667,0.080877539491909,0.3931573204250801,-0.01931129263462022,0.10000000000000003,1.4,-2.056996056393074e-05,0.03441820572314813,-0.025513656230443854,0.3931573204250801,0.3819639278557114,0.08977955911823654,0.027887716211274737,0.38805183953515543,0.882352941176471
uric_acid,0.5,6.5,DVP,6,0.030145793986612445,0.08132125714517068,0.39981924931076995,-0.021727342803083367,0.10000000000000003,1.4,-4.728206144390477e-05,0.03623813758321266,-0.028917503701767933,0.39981924931076995,0.3791583166332665,0.08977955911823643,0.027963497089069388,0.3943404124409466,0.8823529411764687
uric_acid,0.5,6.5,DVP,7,0.02897992027403625,0.08194014131975225,0.40876471984194473,-0.02698824517141575,0.10000000000000003,1.4,-3.143711801776727e-05,0.03139601845798594,-0.025927821518092697,0.40876471984194473,0.3735470941883767,0.08416833667334678,0.02721676497592213,0.4059387168127857,0.7647058823529379
uric_acid,0.5,6.5,DVP,8,0.03024688154980675,0.08177400528982337,0.41207475582335623,-0.025569214146434347,0.10000000000000003,1.4,-7.217054285572032e-06,0.03126721370600133,-0.022394569075749465,0.41207475582335623,0.3735470941883767,0.08416833667334678,0.027044237439501365,0.4070722607991902,0.7647058823529379
uric_acid,0.5,6.5,DVP,9,0.03017027774214616,0.08131189738320985,0.4047854105619952,-0.02425055252071583,0.10000000000000003,1.4,9.589872964389537e-05,0.029158997748095147,-0.022134378305962474,0.4047854105619952,0.37635270541082166,0.08977955911823654,0.027888349291490398,0.39945114100595475,0.882352941176471
uric_acid,0.5,7.0,DVP,0,0.030137379720679893,0.08228033293685696,0.40968132831997955,-0.032423904968049734,0.10000000000000003,1.4,2.124129554694955e-05,0.02775025945687,-0.029598705797334868,0.40968132831997955,0.34829659318637274,0.08697394789579149,0.027715642705635597,0.40463128789732516,0.7222222222222218
uric_acid,0.5,7.0,DVP,1,0.030057780885904058,0.08205420801915071,0.40981845929436056,-0.02299532996022774,0.10000000000000003,1.4,7.665568752321765e-07,0.027185189797706316,-0.027210467977707875,0.40981845929436056,0.3454909819639279,0.08977955911823632,0.02827994018566298,0.4055601245971555,0.600000000000002
uric_acid,0.5,7.0,DVP,2,0.029898735159018343,0.08263068209945178,0.4156611486880892,-0.022428718671276656,0.10000000000000003,1.4,-1.4328060885880788e-05,0.030485386529369655,-0.024124644826591574,0.4156611486880892,0.3539078156312625,0.08697394789579149,0.027895915904598997,0.41074593604934795,0.9374999999999989
uric_acid,0.5,7.0,DVP,3,0.030874001227854074,0.08216439070650863,0.41186511690632965,-0.023859431310504282,0.10000000000000003,1.4,-3.9816303642755734e-05,0.03031157755781122,-0.04133346363439658,0.41186511690632965,0.3539078156312625,0.08697394789579149,0.027789374323570964,0.40612852839634966,0.9374999999999989
uric_acid,0.5,7.0,DVP,4,0.03041253166493588,0.0824229358628062,0.40899971549857894,-0.024223719990235575,0.10000000000000003,1.4,8.116838436643542e-07,0.0278234448113686,-0.026314716610963046,0.40899971549857894,0.34829659318637274,0.08697394789579149,0.027860553101558525,0.40374830511612037,0.7222222222222218
uric_acid,0.5,7.0,DVP,5,0.030391029776072723,0.08183663312324888,0.4121496494505254,-0.019491830542738568,0.10000000000000003,1.4,-2.0795268458022417e-05,0.034768582522624276,-0.020237837543185824,0.4121496494505254,0.3454909819639279,0.08977955911823643,0.028075749546086493,0.406824387849015,0.6842105263157919
uric_acid,0.5,7.0,DVP,6,0.03040140269526381,0.0818494149384861,0.4008701831197008,-0.021935767984075434,0.10000000000000003,1.4,-4.7751980170450085e-05,0.03402009299187933,-0.026592296245967886,0.4008701831197008,0.3454909819639279,0.08697394789579149,0.027531464424378874,0.39545700544703477,0.6315789473684225
uric_acid,0.5,7.0,DVP,7,0.02922485272249188,0.08273623796053158,0.4135272646411027,-0.02725366004809174,0.10000000000000003,1.4,-3.176193977799527e-05,0.03375722099739628,-0.025266384135303632,0.4135272646411027,0.3511022044088177,0.08697394789579149,0.02797902172204488,0.41071534506560936,0.8235294117647073
uric_acid,0.5,7.0,DVP,8,0.030503415948020855,0.08239660462108347,0.4050220891412262,-0.025826354997236834,0.10000000000000003,1.4,-7.320085555481214e-06,0.030600418576774716,-0.023678073652687592,0.4050220891412262,0.3454909819639279,0.08697394789579149,0.027818035066048543,0.3997716046041999,0.6315789473684225
uric_acid,0.5,7.0,DVP,9,0.03042611065599387,0.08222721868389193,0.39628913391764287,-0.02449066183491552,0.10000000000000003,1.4,9.673996097090548e-05,0.03383176692268472,-0.025983299622354947,0.39628913391764287,0.35671342685370744,0.08697394789579149,0.02761528114668061,0.3910297512569463,0.9374999999999989
uric_acid,0.5,7.5,DVP,0,0.030390596108856527,0.08290523377053347,0.40610766658749947,-0.03274198896742826,0.10000000000000003,1.4,2.1397278085756193e-05,0.026187049286753153,-0.028665430613527706,0.40610766658749947,0.3258517034068136,0.0869739478957916,0.02787430878195201,0.40107433872889986,0.8235294117647053
uric_acid,0.5,7.5,DVP,1,0.030310275747982344,0.08263211140537051,0.4137674052184057,-0.023216406082613217,0.10000000000000003,1.4,7.369455124427507e-07,0.027633047879604605,-0.024953523995605964,0.4137674052184057,0.3258517034068136,0.0869739478957916,0.027900311814094882,0.409492435792195,0.8235294117647053
uric_acid,0.5,7.5,DVP,2,0.03014978834618892,0.08310874640127525,0.40858529272254906,-0.02250234263696322,0.10000000000000003,1.4,-1.4494497877964154e-05,0.03854926765886489,-0.029146244669042087,0.40858529272254906,0.32304609218436875,0.08977955911823654,0.028505219297972575,0.403686839536397,0.6842105263157905
uric_acid,0.5,7.5,DVP,3,0.03113389474445262,0.0826973703681347,0.4288267711483626,-0.0240900479412391,0.10000000000000003,1.4,-4.021377959919039e-05,0.028475835318441278,-0.04170828255749,0.4288267711483626,0.32304609218436875,0.0869739478957916,0.027814638628080902,0.42249114924455927,0.722222222222224
uric_acid,0.5,7.5,DVP,4,0.030668242176416602,0.08299642061945339,0.4152284954085798,-0.02446626115773433,0.10000000000000003,1.4,7.824815356752141e-07,0.03268968872762748,-0.025351673605662747,0.4152284954085798,0.3286573146292585,0.0869739478957916,0.028043987541856736,0.4101488853425077,0.9375000000000014
uric_acid,0.5,7.5,DVP,5,0.03064654538301719,0.0826889702687208,0.39873902084228025,-0.019593197773244243,0.10000000000000003,1.4,-2.1020327653054975e-05,0.04143110507124992,-0.028366679597498085,0.39873902084228025,0.33146292585170345,0.0869739478957916,0.027965596158349537,0.3933947722112161,0.9374999999999966
uric_acid,0.5,7.5,DVP,6,0.030657012327854925,0.08244506460251823,0.4094243991651371,-0.022143970872446718,0.10000000000000003,1.4,-4.8221389312074235e-05,0.034454805957232854,-0.024388910861507657,0.4094243991651371,0.33146292585170345,0.0869739478957916,0.02781129513368891,0.40389011184828255,0.9374999999999966
uric_acid,0.5,7.5,DVP,7,0.029469797481485805,0.08340744216055519,0.42066975979377785,-0.027518791792710003,0.10000000000000003,1.4,-3.208640670420475e-05,0.029573738318999426,-0.027850700146591773,0.42066975979377785,0.32304609218436875,0.08977955911823654,0.02879728808079579,0.4178656797371855,0.6842105263157905
uric_acid,0.5,7.5,DVP,8,0.030759950282894976,0.08271591495590506,0.4141252012647156,-0.02608322159848193,0.10000000000000003,1.4,-7.422998538554666e-06,0.033484603254810424,-0.024254625646961694,0.4141252012647156,0.32304609218436875,0.08977955911823654,0.028451449325043624,0.4085706849760724,0.6842105263157905
uric_acid,0.5,7.5,DVP,9,0.03068194425465878,0.08327871994520217,0.41818363242423556,-0.02473051478744367,0.10000000000000003,1.4,9.758030349622984e-05,0.029011808576559363,-0.023194524365079294,0.41818363242423556,0.3258517034068136,0.0869739478957916,0.028125205573035755,0.4126769775914175,0.8235294117647053
uric_acid,0.5,8.0,DVP,0,0.03064381793394692,0.08358570719741662,0.4089352441420318,-0.033059532597379045,0.10000000000000003,1.4,2.15530458523483e-05,0.0347858947430253,-0.025125810773492033,0.4089352441420318,0.29779559118236476,0.08977955911823654,0.02873498898385218,0.40400677324617906,0.6842105263157905
uric_acid,0.5,8.0,DVP,1,0.030562777043797656,0.08333134916250244,0.41437293303709843,-0.023437176777620472,0.10000000000000003,1.4,7.073757844092317e-07,0.024967301720853388,-0.028622953016072122,0.41437293303709843,0.2949899799599198,0.0869739478957916,0.028204152582451635,0.40994381959889487,0.6315789473684211
uric_acid,0.5,8.0,DVP,2,0.030400849958840286,0.08374735171743085,0.4219417946793223,-0.021311115337146296,0.10000000000000003,1.4,-1.4660704204053021e-05,0.027622539821521498,-0.026993672994908874,0.4219417946793223,0.2949899799599198,0.0869739478957916,0.02817231306386613,0.41746918261139127,0.6315789473684211
uric_acid,0.5,8.0,DVP,3,0.03139378447318837,0.08324096150561679,0.40437413068276346,-0.024320345963921002,0.10000000000000003,1.4,-4.061070569810339e-05,0.03122047835430844,-0.04208258365007439,0.40437413068276346,0.2949899799599198,0.0869739478957916,0.028020398400706765,0.3979386003509615,0.7222222222222201
uric_acid,0.5,8.0,DVP,4,0.03092395467905885,0.0835305131580724,0.42147554631468337,-0.024708467242854675,0.10000000000000003,1.4,7.533202973130163e-07,0.025449061093440042,-0.02359547707127785,0.42147554631468337,0.3006012024048096,0.08977955911823654,0.02867577946252049,0.41656748666120347,0.7777777777777766
uric_acid,0.5,8.0,DVP,5,0.030902063250393248,0.083366134832703,0.4242061653557641,-0.019788456591712262,0.10000000000000003,1.4,-2.1245075192678453e-05,0.031073143178894383,-0.02502317948686044,0.4242061653557641,0.29779559118236476,0.0869739478957916,0.02810235499206857,0.41853840179783963,0.722222222222224
uric_acid,0.5,8.0,DVP,6,0.030912624090976643,0.08320756119455587,0.4169160891154056,-0.022351886118436512,0.10000000000000003,1.4,-4.869014921699494e-05,0.028967411334954257,-0.03426247262068666,0.4169160891154056,0.292184368737475,0.0869739478957916,0.02802369634277367,0.41135330007243803,0.5500000000000019
uric_acid,0.5,8.0,DVP,7,0.029714759105050104,0.08405834910531329,0.42003844863557144,-0.0277835514778706,0.10000000000000003,1.4,-3.241042463840634e-05,0.029720245536276335,-0.024640015110394597,0.42003844863557144,0.3034068136272545,0.08977955911823654,0.028916538658826395,0.4172040301936156,0.882352941176471
uric_acid,0.5,8.0,DVP,8,0.03101648547077868,0.0828753576024663,0.4356950871315971,-0.02633973332606757,0.10000000000000003,1.4,-7.525768617131008e-06,0.026998192942894933,-0.02613449277371971,0.4356950871315971,0.3034068136272545,0.08416833667334667,0.027370083264558708,0.42990692109512213,0.8750000000000003
uric_acid,0.5,8.0,DVP,9,0.030937779674434313,0.08411684965850326,0.4305052582369735,-0.024970011196602124,0.10000000000000003,1.4,9.841948577284882e-05,0.029843810155245787,-0.028175333459311863,0.4305052582369735,0.3006012024048096,0.0869739478957916,0.028283371716764774,0.4250409021872219,0.8235294117647053
uric_acid,1.0,6.0,DVP,0,0.05521598789119559,0.15622760325630647,0.7658738053969157,-0.06354749646438856,0.10000000000000003,1.4,3.6515245237748435e-05,0.05651145316196962,-0.04515954096313235,0.7658738053969157,0.4044088176352706,0.08977955911823643,0.05372738421395682,0.7584185339348403,0.999999999999995
uric_acid,1.0,6.0,DVP,1,0.05506573781378787,0.15608663880943005,0.7679912236192626,-0.0446429221935239,0.10000000000000003,1.4,-2.132695765307148e-06,0.050706541020660606,-0.053054380359702114,0.7679912236192626,0.3987975951903807,0.08697394789579149,0.05278494079127817,0.7618668511730906,0.7222222222222218
uric_acid,1.0,6.0,DVP,2,0.054765524464644715,0.15637256857663742,0.7706192752747641,-0.04387773858435097,0.10000000000000003,1.4,-3.062516670956417e-05,0.05645704305808233,-0.05595942065462162,0.7706192752747641,0.3987975951903807,0.08416833667334667,0.05159498579733664,0.7635797755749758,0.7647058823529397
uric_acid,1.0,6.0,DVP,3,0.05660642832647082,0.15575074857291765,0.7767437477136331,-0.04644122228139521,0.10000000000000003,1.4,-7.873655499800091e-05,0.0600177594091455,-0.07803542457390394,0.7767437477136331,0.39318637274549095,0.08977955911823643,0.053510403094169136,0.7685756025984088,0.6000000000000008
uric_acid,1.0,6.0,DVP,4,0.05573536233982632,0.1551428005181114,0.7646189145143342,-0.04797315180198877,0.10000000000000003,1.4,-2.047514486973295e-06,0.054808278576832334,-0.05411842562166566,0.7646189145143342,0.4044088176352706,0.0869739478957916,0.05244916324895003,0.7565278571219634,0.9374999999999966
uric_acid,1.0,6.0,DVP,5,0.05569477555893689,0.15438613083018488,0.7537912446594589,-0.03923160700792073,0.10000000000000003,1.4,-4.283261222133082e-05,0.05147848356703437,-0.05135599987950884,0.7537912446594589,0.40160320641282554,0.08697394789579149,0.051874018413349626,0.7454548004691773,0.823529411764703
uric_acid,1.0,6.0,DVP,6,0.05571435539218184,0.15564528502303954,0.7752585944492896,-0.043316983826616064,0.10000000000000003,1.4,-9.371586990790544e-05,0.05270895187619154,-0.05061900891479035,0.7752585944492896,0.4044088176352706,0.08977955911823643,0.05348879329098116,0.7667678665512562,0.999999999999995
uric_acid,1.0,6.0,DVP,7,0.053493509760699026,0.15621461864916164,0.7550352512874264,-0.05321514835370938,0.10000000000000003,1.4,-6.353320688922162e-05,0.06217478208906338,-0.0517538614295075,0.7550352512874264,0.4044088176352706,0.09819639278557113,0.05674961940291924,0.7514840259408401,0.9444444444444456
uric_acid,1.0,6.0,DVP,8,0.055906914732610946,0.15611643849210793,0.7742221731279161,-0.050978521509416876,0.10000000000000003,1.4,-1.7396972618165502e-05,0.05592032314603018,-0.047230489617813495,0.7742221731279161,0.4072144288577154,0.08977955911823643,0.053620695913706114,0.7667954295322048,0.8823529411764687
uric_acid,1.0,6.0,DVP,9,0.05576099392681282,0.15536445455509926,0.7570824827044086,-0.04797689324350621,0.10000000000000003,1.4,0.00017902587816441144,0.047641986006051684,-0.04731139125422773,0.7570824827044086,0.41002004008016024,0.08977955911823643,0.05332390513714172,0.7488308361157744,0.7777777777777782
uric_acid,1.0,6.5,DVP,0,0.05570365147857703,0.15751399339959699,0.7906568672722282,-0.06417151195860733,0.10000000000000003,1.4,3.681626103264571e-05,0.05221345552204254,-0.051146455338300395,0.7906568672722282,0.37635270541082166,0.08416833667334678,0.05203717620125966,0.7829347781536051,0.8749999999999981
uric_acid,1.0,6.5,DVP,1,0.05555200820515152,0.15712260604762823,0.7739917228482063,-0.0450697984687425,0.10000000000000003,1.4,-2.1900435628307636e-06,0.05291804559901664,-0.04828807602699095,0.7739917228482063,0.3791583166332665,0.09258517034068137,0.05516766751262734,0.7679141931995431,0.9411764705882343
uric_acid,1.0,6.5,DVP,2,0.05524901112338251,0.15813722610777575,0.7895346034789575,-0.04430036578673754,0.10000000000000003,1.4,-3.094671135637764e-05,0.05732706136055629,-0.0513289763289059,0.7895346034789575,0.37635270541082166,0.0869739478957916,0.053354311128688076,0.7824823212962849,0.8235294117647053
uric_acid,1.0,6.5,DVP,3,0.05710698479291649,0.1571995055661596,0.7790315615741057,-0.04688652034103771,0.10000000000000003,1.4,-7.95042131891824e-05,0.05845313053085155,-0.07875916309457776,0.7790315615741057,0.3707414829659319,0.08416833667334678,0.05181509810308978,0.7697179853159942,0.666666666666666
uric_acid,1.0,6.5,DVP,4,0.056227841834301205,0.15734140012106165,0.7922008019455714,-0.048441474970732035,0.10000000000000003,1.4,-2.1040724398600772e-06,0.055187146891662764,-0.04999367021346893,0.7922008019455714,0.37635270541082166,0.08416833667334678,0.052020096026211216,0.7840722902868167,0.8749999999999981
uric_acid,1.0,6.5,DVP,5,0.056186878711898425,0.1559260844825265,0.7558437858846598,-0.03892125025975662,0.10000000000000003,1.4,-4.326735058336786e-05,0.0662405229484242,-0.04909995919020774,0.7558437858846598,0.3819639278557114,0.08977955911823654,0.053752181411706415,0.7478278066455042,0.882352941176471
uric_acid,1.0,6.5,DVP,6,0.05620664009943059,0.15678194778117546,0.7686633555007284,-0.04374589148411133,0.10000000000000003,1.4,-9.46224240134315e-05,0.0697392566389349,-0.05564920550246866,0.7686633555007284,0.3791583166332665,0.08977955911823643,0.05390241547098598,0.7599808593917179,0.8823529411764687
uric_acid,1.0,6.5,DVP,7,0.05396520164468073,0.1579731052386971,0.7858641891413418,-0.05372709182098856,0.10000000000000003,1.4,-6.415989181497982e-05,0.06043009056658158,-0.04990274581616669,0.7858641891413418,0.3735470941883767,0.08416833667334678,0.05245880843762987,0.7822640769805719,0.7647058823529379
uric_acid,1.0,6.5,DVP,8,0.05640098494913132,0.15764988924743387,0.7922278646023379,-0.05147450568348511,0.10000000000000003,1.4,-1.7595858643774e-05,0.06018139289117019,-0.04310413305029287,0.7922278646023379,0.3735470941883767,0.08416833667334678,0.05213542377132618,0.7845420477870072,0.7647058823529379
uric_acid,1.0,6.5,DVP,9,0.05625371109054907,0.15676361317629026,0.7782160069039804,-0.048440026273323396,0.10000000000000003,1.4,0.00018064832586611593,0.05611331092671963,-0.04260075795070731,0.7782160069039804,0.37635270541082166,0.08977955911823654,0.053769468633618964,0.7699391674677518,0.882352941176471
uric_acid,1.0,7.0,DVP,0,0.05619132453531099,0.15862926215219725,0.7876306784452933,-0.06478563968551837,0.10000000000000003,1.4,3.711670959290053e-05,0.05341701603227314,-0.05695616288573524,0.7876306784452933,0.34829659318637274,0.08697394789579149,0.0534090606116995,0.7796095453245301,0.7222222222222218
uric_acid,1.0,7.0,DVP,1,0.056038291406547626,0.15819421744873166,0.7878808193746557,-0.04549565115718697,0.10000000000000003,1.4,-2.247099291600357e-06,0.05233409017499546,-0.052366609576013856,0.7878808193746557,0.3454909819639279,0.08977955911823632,0.054520644879248514,0.7816481471505989,0.600000000000002
uric_acid,1.0,7.0,DVP,2,0.05573251726713584,0.15930271625884074,0.7991281604954572,-0.044711692343067835,0.10000000000000003,1.4,-3.1267330429094965e-05,0.05865647214632218,-0.046431980217064794,0.7991281604954572,0.3539078156312625,0.08697394789579149,0.0538046056990187,0.7919291680074682,0.9374999999999989
uric_acid,1.0,7.0,DVP,3,0.05760751981347935,0.15840443754065614,0.7918300810438703,-0.04733075064116569,0.10000000000000003,1.4,-8.026987609134078e-05,0.058346543109018795,-0.07948116619630069,0.7918300810438703,0.3539078156312625,0.08697394789579149,0.053557136446128514,0.7825617186232405,0.9374999999999989
uric_acid,1.0,7.0,DVP,4,0.056720319250288864,0.1588995616348033,0.7863202403847626,-0.04890867516912213,0.10000000000000003,1.4,-2.1603402179249943e-06,0.053547011992831794,-0.0506425134280416,0.7863202403847626,0.34829659318637274,0.08697394789579149,0.053693278385027646,0.7779765747260401,0.7222222222222218
uric_acid,1.0,7.0,DVP,5,0.05667898068878457,0.1577723190027837,0.7923626604009083,-0.03929789215444926,0.10000000000000003,1.4,-4.3700891949361496e-05,0.06689532411236188,-0.03896331097751546,0.7923626604009083,0.3454909819639279,0.08977955911823643,0.05411964043882296,0.7839856516763808,0.6842105263157919
uric_acid,1.0,7.0,DVP,6,0.056698923195263345,0.15780055202280194,0.770677267288709,-0.044173197432911274,0.10000000000000003,1.4,-9.552664977787789e-05,0.06546764894999546,-0.051170819098070544,0.770677267288709,0.3454909819639279,0.08697394789579149,0.05307212259183128,0.7621552239459294,0.6315789473684225
uric_acid,1.0,7.0,DVP,7,0.05443694129581995,0.15950632356438244,0.7950288633646007,-0.054237807721487556,0.10000000000000003,1.4,-6.478491948495372e-05,0.06497098174116187,-0.04862439937407048,0.7950288633646007,0.3511022044088177,0.08697394789579149,0.05391888236231881,0.7913504354997354,0.8235294117647073
uric_acid,1.0,7.0,DVP,8,0.05689504927284606,0.15884987983811807,0.7786595344989614,-0.051969300560161524,0.10000000000000003,1.4,-1.7794113212691517e-05,0.058889808661424486,-0.04557078529433084,0.7786595344989614,0.3454909819639279,0.08697394789579149,0.05364150072826184,0.7706621841857055,0.6315789473684225
uric_acid,1.0,7.0,DVP,9,0.05674642560590203,0.1585257909415209,0.7618744111308452,-0.0489020487724177,0.10000000000000003,1.4,0.000182267037733044,0.0651124995055698,-0.05000933626218368,0.7618744111308452,0.35671342685370744,0.08697394789579149,0.05323345177650341,0.7536501964689307,0.9374999999999989
uric_acid,1.0,7.5,DVP,0,0.056679010782912716,0.15983001751421216,0.7807595385875893,-0.06539676085163179,0.10000000000000003,1.4,3.7416391900636504e-05,0.05041861202222517,-0.0551581309256261,0.7807595385875893,0.3258517034068136,0.0869739478957916,0.05372043941058127,0.7728483639571485,0.8235294117647053
uric_acid,1.0,7.5,DVP,1,0.056524591418160804,0.15930470428879556,0.7954857171141387,-0.04592039487437163,0.10000000000000003,1.4,-2.303990289023415e-06,0.0531986068044949,-0.048019413588826415,0.7954857171141387,0.3258517034068136,0.0869739478957916,0.053780970178318704,0.7891536914283237,0.8235294117647053
uric_acid,1.0,7.5,DVP,2,0.056216047452895976,0.16022146690278058,0.7855167653756819,-0.0448524638658351,0.10000000000000003,1.4,-3.158709842004115e-05,0.07418615640314977,-0.056087197887130236,0.7855167653756819,0.32304609218436875,0.08977955911823654,0.05497989471088738,0.778348960282534,0.6842105263157905
uric_acid,1.0,7.5,DVP,3,0.058108034530820085,0.1594286402120636,0.8244318823663722,-0.047773824112538193,0.10000000000000003,1.4,-8.103352896444521e-05,0.054813148797735745,-0.08020128911571872,0.8244318823663722,0.32304609218436875,0.0869739478957916,0.05360599669723066,0.8140201614859058,0.722222222222224
uric_acid,1.0,7.5,DVP,4,0.05721279734601902,0.16000156404722007,0.7982932238952135,-0.04937465872239842,0.10000000000000003,1.4,-2.216445316560928e-06,0.06291850320796263,-0.048787289877013224,0.7982932238952135,0.3286573146292585,0.0869739478957916,0.05406234652934813,0.7904734958222022,0.9375000000000014
uric_acid,1.0,7.5,DVP,5,0.05717108432310147,0.15940987654622837,0.7665831299925542,-0.03967355322865971,0.10000000000000003,1.4,-4.413328817044626e-05,0.07972596802591383,-0.054589820928325566,0.7665831299925542,0.33146292585170345,0.0869739478957916,0.05390218330189409,0.7581459419639008,0.9374999999999966
uric_acid,1.0,7.5,DVP,6,0.05719120747687151,0.15894511030688904,0.7871262315771436,-0.044599318293275486,0.10000000000000003,1.4,-9.642850467902861e-05,0.06631402389494243,-0.04693285374540035,0.7871262315771436,0.33146292585170345,0.0869739478957916,0.053619066511065995,0.778479291145499,0.9374999999999966
uric_acid,1.0,7.5,DVP,7,0.054908735630318034,0.1607960324808432,0.8087496755393629,-0.05474719354514459,0.10000000000000003,1.4,-6.540830335681426e-05,0.05692512676408057,-0.05359854911314596,0.8087496755393629,0.32304609218436875,0.08977955911823654,0.05550141026565249,0.8051628653578858,0.6842105263157905
uric_acid,1.0,7.5,DVP,8,0.05738911014380603,0.15946370616344424,0.7961674789501015,-0.05246280693188626,0.10000000000000003,1.4,-1.7991835351619716e-05,0.06444393360764533,-0.04668458117066479,0.7961674789501015,0.32304609218436875,0.08977955911823654,0.05486892336256986,0.7876537541551097,0.6842105263157905
uric_acid,1.0,7.5,DVP,9,0.05723914018356246,0.16054588863587038,0.8039761047605851,-0.049362867576576125,0.10000000000000003,1.4,0.00018388155043236407,0.05584030057583457,-0.04463254038813935,0.8039761047605851,0.3258517034068136,0.0869739478957916,0.05421147952635175,0.79525474078268,0.8235294117647053
uric_acid,1.0,8.0,DVP,0,0.05716671360129251,0.1611340331009224,0.7861727795741393,-0.06600595676428164,0.10000000000000003,1.4,3.771522665255889e-05,0.06694170112617182,-0.04835426535032125,0.7861727795741393,0.29779559118236476,0.08977955911823654,0.05538054292065516,0.7785040378867568,0.6842105263157905
uric_acid,1.0,8.0,DVP,1,0.057010911927529086,0.16064474981778296,0.796608961975214,-0.04634393536293637,0.10000000000000003,1.4,-2.3607187291292896e-06,0.048075196102253664,-0.05508082889342966,0.796608961975214,0.2949899799599198,0.0869739478957916,0.054367236392227306,0.7900200203982362,0.6315789473684211
uric_acid,1.0,8.0,DVP,2,0.05669960598286923,0.16144507955884893,0.8111601510128763,-0.0419392054505003,0.10000000000000003,1.4,-3.190595916667588e-05,0.053170101573449216,-0.05194060815889803,0.8111601510128763,0.2949899799599198,0.0869739478957916,0.05428631892034238,0.8042610119944547,0.6315789473684211
uric_acid,1.0,8.0,DVP,3,0.05860852947800833,0.1604697373453209,0.7773861950538993,-0.0482156424301323,0.10000000000000003,1.4,-8.179501714086724e-05,0.06009342025135847,-0.08091937204614708,0.7773861950538993,0.2949899799599198,0.0869739478957916,0.05398683098462663,0.7666334426332898,0.7222222222222201
uric_acid,1.0,8.0,DVP,4,0.05770527843801497,0.16102442678292977,0.810289662974327,-0.04983932222142782,0.10000000000000003,1.4,-2.272390084201062e-06,0.04900184197801394,-0.04541448820642319,0.810289662974327,0.3006012024048096,0.08977955911823654,0.05528487939113955,0.8028625152988365,0.7777777777777766
uric_acid,1.0,8.0,DVP,5,0.05766319201447135,0.1607075242658833,0.8155312315929525,-0.0400481501169266,0.10000000000000003,1.4,-4.456445809009328e-05,0.05981371868196411,-0.04814966789820023,0.8155312315929525,0.29779559118236476,0.0869739478957916,0.054174215298465826,0.8065918533994039,0.722222222222224
uric_acid,1.0,8.0,DVP,6,0.05768349530378876,0.16040663538460612,0.8014708412541057,-0.04502422449158494,0.10000000000000003,1.4,-9.732780338003585e-05,0.05575180709274169,-0.06592330918615497,0.8014708412541057,0.292184368737475,0.0869739478957916,0.05402992506671176,0.79281297434825,0.5500000000000019
uric_acid,1.0,8.0,DVP,7,0.05538059155475257,0.16204329457878053,0.8075269536364624,-0.05525512525593414,0.10000000000000003,1.4,-6.60299198908465e-05,0.057212673311874324,-0.047417656963360144,0.8075269536364624,0.3034068136272545,0.08977955911823654,0.05572468669164801,0.803829611904561,0.882352941176471
uric_acid,1.0,8.0,DVP,8,0.057883169527291646,0.1597669848477606,0.8376269498074942,-0.0529549152817768,0.10000000000000003,1.4,-1.8188995981926388e-05,0.05196979036610894,-0.0502908006432885,0.8376269498074942,0.3034068136272545,0.08416833667334667,0.05279487920206653,0.8288355926170531,0.8750000000000003
uric_acid,1.0,8.0,DVP,9,0.05773185708757448,0.1621527379317215,0.8276493468142168,-0.04982233247161031,0.10000000000000003,1.4,0.00018549149087908651,0.057441907932723246,-0.054221525102541746,0.8276493468142168,0.3006012024048096,0.0869739478957916,0.0545017538829546,0.8188656938884207,0.8235294117647053
uric_acid,2.0,6.0,DVP,0,0.10109259807293214,0.29105415216772407,1.4248310709646765,-0.12050816467994396,0.10000000000000003,1.4,6.44630477291926e-05,0.10519388951934922,-0.08406580489767085,1.4248310709646765,0.4044088176352706,0.08977955911823643,0.1000613005926666,1.4124048608428859,0.999999999999995
uric_acid,2.0,6.0,DVP,1,0.10081307167650604,0.2907913331335343,1.4287765538054074,-0.08425328055780722,0.10000000000000003,1.4,-7.437878142254759e-06,0.09439839943608586,-0.09875640536285701,1.4287765538054074,0.3987975951903807,0.08697394789579149,0.09833484466193707,1.419161503631323,0.7222222222222218
uric_acid,2.0,6.0,DVP,2,0.1002545524591264,0.29132424696058695,1.433665801262435,-0.08311455525074943,0.10000000000000003,1.4,-6.0445489623950245e-05,0.10509667753280472,-0.10415936908984641,1.433665801262435,0.3987975951903807,0.08416833667334667,0.09613176700223412,1.4225132888862602,0.7647058823529397
uric_acid,2.0,6.0,DVP,3,0.10367938412338396,0.29016546482269756,1.4450336142456897,-0.08776095997899183,0.10000000000000003,1.4,-0.00014995228540967684,0.11172204225231191,-0.14519198451916013,1.4450336142456897,0.39318637274549095,0.08977955911823643,0.09966145008418244,1.4313237487054857,0.6000000000000008
uric_acid,2.0,6.0,DVP,4,0.10205884628076216,0.28903366568366673,1.4224964623417198,-0.09142941681629037,0.10000000000000003,1.4,-7.279406238703046e-06,0.10202242160339234,-0.10073547933289873,1.4224964623417198,0.4044088176352706,0.0869739478957916,0.0976768677359479,1.4088392211754783,0.9374999999999966
uric_acid,2.0,6.0,DVP,5,0.10198333832229518,0.2876255669468876,1.4023590131365973,-0.07428438277486571,0.10000000000000003,1.4,-8.315631488503808e-05,0.09581312624295801,-0.09559340354948909,1.4023590131365973,0.40160320641282554,0.08697394789579149,0.09664515093448879,1.3886860186070036,0.823529411764703
uric_acid,2.0,6.0,DVP,6,0.10201976479424125,0.2899703301954544,1.4422906044989614,-0.08305435804744289,0.10000000000000003,1.4,-0.00017781991775927557,0.09809843616847934,-0.09422513765093299,1.4422906044989614,0.4044088176352706,0.08977955911823643,0.09963784958741281,1.4281655291644149,0.999999999999995
uric_acid,2.0,6.0,DVP,7,0.0978880865475644,0.29103136169881505,1.4046669417677689,-0.10071899286189051,0.10000000000000003,1.4,-0.00012166785997855947,0.1157341071514269,-0.09633011680302755,1.4046669417677689,0.4044088176352706,0.09819639278557113,0.10569896500160508,1.3995948755442138,0.9444444444444456
uric_acid,2.0,6.0,DVP,8,0.102378003668104,0.29084494566999014,1.4403497095122009,-0.09700148417651618,0.10000000000000003,1.4,-3.583565587618046e-05,0.10409639030431478,-0.08790499039737318,1.4403497095122009,0.4072144288577154,0.08977955911823643,0.0998924623965041,1.428306776477365,0.8823529411764687
uric_acid,2.0,6.0,DVP,9,0.10210653148178586,0.2894478052321306,1.4084440772875917,-0.09095155908978439,0.10000000000000003,1.4,0.00032959092228124264,0.08869718185217546,-0.08807050886304502,1.4084440772875917,0.41002004008016024,0.08977955911823643,0.09933488724990971,1.3948060814460224,0.7777777777777782
uric_acid,2.0,6.5,DVP,0,0.10200065846755746,0.2934536523548047,1.4709610354198106,-0.1216705359788216,0.10000000000000003,1.4,6.502376172158825e-05,0.09719085349268408,-0.09520660350680182,1.4709610354198106,0.37635270541082166,0.08416833667334678,0.09693470600515079,1.458289003403451,0.8749999999999981
uric_acid,2.0,6.5,DVP,1,0.1017185369105007,0.29272517832669254,1.4399520437971662,-0.0850484396664039,0.10000000000000003,1.4,-7.5447020085927516e-06,0.09851570529664083,-0.08988420693188504,1.4399520437971662,0.3791583166332665,0.09258517034068137,0.10279129336672131,1.4305959526797467,0.9411764705882343
uric_acid,2.0,6.5,DVP,2,0.10115483232564615,0.29461307309391294,1.4688731432130953,-0.08390179959519688,0.10000000000000003,1.4,-6.10444432791063e-05,0.10671310060993339,-0.09553732523279068,1.4688731432130953,0.37635270541082166,0.0869739478957916,0.09940883108248956,1.4576850541562196,0.8235294117647053
uric_acid,2.0,6.5,DVP,3,0.1046114605873462,0.29286687793430377,1.4493202899629953,-0.08859043406485861,0.10000000000000003,1.4,-0.00015138223218594658,0.10881078665206012,-0.1465401205256912,1.4493202899629953,0.3707414829659319,0.08416833667334678,0.09655245163221395,1.434054603841618,0.666666666666666
uric_acid,2.0,6.5,DVP,4,0.10297587745360542,0.29312938932387855,1.473833416397866,-0.09230178067207591,0.10000000000000003,1.4,-7.384758830589755e-06,0.10272803313994916,-0.09305532634442054,1.473833416397866,0.37635270541082166,0.08416833667334678,0.09687764793331963,1.4601048943738248,0.8749999999999981
uric_acid,2.0,6.5,DVP,5,0.10289966846910437,0.2904965473318272,1.4061781377432168,-0.07428002942569328,0.10000000000000003,1.4,-8.396611889408242e-05,0.12330122969719498,-0.09139264035943967,1.4061781377432168,0.3819639278557114,0.08977955911823654,0.10014762262506101,1.3931413686512937,0.882352941176471
uric_acid,2.0,6.5,DVP,6,0.10293643312931143,0.29209141590319615,1.4300389941861715,-0.08385330065181384,0.10000000000000003,1.4,-0.00017950859137947872,0.12981022873885067,-0.10358191217958723,1.4300389941861715,0.3791583166332665,0.08977955911823643,0.10042427034603252,1.4157310848684292,0.8823529411764687
uric_acid,2.0,6.5,DVP,7,0.09876639582652602,0.29430870854555874,1.4620425478850887,-0.1016726099512571,0.10000000000000003,1.4,-0.0001228352103479129,0.11249118538199454,-0.09289226524719596,1.4620425478850887,0.3735470941883767,0.08416833667334678,0.09770884357054259,1.4569170336886446,0.7647058823529379
uric_acid,2.0,6.5,DVP,8,0.1032979979410237,0.2937038480523432,1.473881714826719,-0.0979253732671624,0.10000000000000003,1.4,-3.6206128527446476e-05,0.1120275072921626,-0.08023852362533634,1.473881714826719,0.3735470941883767,0.08416833667334678,0.09711575387444978,1.4612565541626261,0.7647058823529379
uric_acid,2.0,6.5,DVP,9,0.10302400537044398,0.2920569898823714,1.4478156968965061,-0.09181425507110252,0.10000000000000003,1.4,0.0003326131190921669,0.10444518283321874,-0.07929909386542214,1.4478156968965061,0.37635270541082166,0.08977955911823654,0.1001766921974141,1.4342591751244098,0.882352941176471
uric_acid,2.0,7.0,DVP,0,0.10290874282361505,0.2955314234920709,1.4653329614286148,-0.1228135777996001,0.10000000000000003,1.4,6.558296926150208e-05,0.09944016575368578,-0.10601091352700498,1.4653329614286148,0.34829659318637274,0.08697394789579149,0.09949243666018923,1.4521271508647058,0.7222222222222218
uric_acid,2.0,7.0,DVP,1,0.10262403440908097,0.29472176693585145,1.465785740897944,-0.08584105468276905,0.10000000000000003,1.4,-7.650896556265412e-06,0.09742867016185874,-0.09747417382125223,1.465785740897944,0.3454909819639279,0.08977955911823632,0.10154433537120564,1.455694234789497,0.600000000000002
uric_acid,2.0,7.0,DVP,2,0.10205516104720863,0.2967842359465011,1.4867241816672898,-0.08466736927179687,0.10000000000000003,1.4,-6.164119305830651e-05,0.10917014290775431,-0.08643134022756871,1.4867241816672898,0.3539078156312625,0.08697394789579149,0.10022422234215006,1.47500076147659,0.9374999999999989
uric_acid,2.0,7.0,DVP,3,0.10554348417391089,0.2951113698605165,1.473146568462909,-0.08941725426855857,0.10000000000000003,1.4,-0.00015280731634397646,0.10861613651118424,-0.14788394320385295,1.473146568462909,0.3539078156312625,0.08697394789579149,0.09981784133986929,1.4581943204548367,0.9374999999999989
uric_acid,2.0,7.0,DVP,4,0.10389290388609422,0.2960307099600419,1.462894974663437,-0.09317135342091874,0.10000000000000003,1.4,-7.489486811119495e-06,0.09967202900786926,-0.09426476978969967,1.462894974663437,0.34829659318637274,0.08697394789579149,0.10001596914004635,1.4490289035962813,0.7222222222222218
uric_acid,2.0,7.0,DVP,5,0.1038159961184748,0.2939335109256296,1.4741239214153885,-0.07498105123353031,0.10000000000000003,1.4,-8.477304441659017e-05,0.12450189523878794,-0.07254002196321008,1.4741239214153885,0.3454909819639279,0.08977955911823643,0.10082498636067289,1.460341147491187,0.6842105263157919
uric_acid,2.0,7.0,DVP,6,0.10385309788491774,0.2939894352044883,1.433779625109,-0.08464862060455149,0.10000000000000003,1.4,-0.0001811915745911968,0.1218563699783417,-0.09524265317770289,1.433779625109,0.3454909819639279,0.08697394789579149,0.09886269602052983,1.4196086876881406,0.6315789473684225
uric_acid,2.0,7.0,DVP,7,0.099644824254891,0.29716365623794566,1.4791006955584596,-0.1026231759634387,0.10000000000000003,1.4,-0.00012399853826984488,0.12094048376446592,-0.09050773704358339,1.4791006955584596,0.3511022044088177,0.08697394789579149,0.10043816698296408,1.4739424710497637,0.8235294117647073
uric_acid,2.0,7.0,DVP,8,0.10421797799322229,0.2959391547778859,1.4486301261749006,-0.09884630639712996,0.10000000000000003,1.4,-3.657512832217214e-05,0.10961561157183095,-0.08482668203107047,1.4486301261749006,0.3454909819639279,0.08697394789579149,0.0999321057057299,1.435551678564675,0.6315789473684225
uric_acid,2.0,7.0,DVP,9,0.10394147310228916,0.295337662727011,1.4174066323407257,-0.09267419086724922,0.10000000000000003,1.4,0.0003356259339961883,0.12120208896453605,-0.09309050540946273,1.4174066323407257,0.35671342685370744,0.08697394789579149,0.09915468017497633,1.4036959817907695,0.9374999999999989
uric_acid,2.0,7.5,DVP,0,0.10381685778466866,0.2977647448323594,1.452549102173958,-0.12395014491985884,0.10000000000000003,1.4,6.614032012042173e-05,0.09386831072031299,-0.10266228320938875,1.452549102173958,0.3258517034068136,0.0869739478957916,0.10007041965910307,1.4395373729828906,0.8235294117647053
uric_acid,2.0,7.5,DVP,1,0.10352957124054982,0.2967872302543226,1.479946138444419,-0.08663099546649017,0.10000000000000003,1.4,-7.756702760617406e-06,0.09904029866981562,-0.08937893975598032,1.479946138444419,0.3258517034068136,0.0869739478957916,0.10017346319469952,1.4697622763042038,0.8235294117647053
uric_acid,2.0,7.5,DVP,2,0.10295554654078452,0.298493182004082,1.461393888753714,-0.08492854331070884,0.10000000000000003,1.4,-6.223589939204122e-05,0.1380867844963503,-0.10439511400232271,1.461393888753714,0.32304609218436875,0.08977955911823654,0.10244191067638579,1.4500475685896579,0.6842105263157905
uric_acid,2.0,7.5,DVP,3,0.10647545759603076,0.2970163854433555,1.533792771446942,-0.09024128483348831,0.10000000000000003,1.4,-0.00015422756230903985,0.10203867641578099,-0.14922323190978407,1.533792771446942,0.32304609218436875,0.0869739478957916,0.09985887894795677,1.5161447242526558,0.722222222222224
uric_acid,2.0,7.5,DVP,4,0.104809930753582,0.29808039837182065,1.4851679094574537,-0.09403799228662371,0.10000000000000003,1.4,-7.593831396432715e-06,0.11712189468994294,-0.09080977422564163,1.4851679094574537,0.3286573146292585,0.0869739478957916,0.10073357463362814,1.4726374429223008,0.9375000000000014
uric_acid,2.0,7.5,DVP,5,0.10473232656049401,0.29697904895647553,1.4261656705378734,-0.07567970783837023,0.10000000000000003,1.4,-8.557721737404429e-05,0.14839261884117338,-0.10161062607325766,1.4261656705378734,0.33146292585170345,0.0869739478957916,0.10043652352301814,1.4124970575185254,0.9374999999999966
uric_acid,2.0,7.5,DVP,6,0.10476976429579783,0.29611824272096576,1.4643846896952246,-0.08544112262568383,0.10000000000000003,1.4,-0.00018286884947494686,0.12344089743842168,-0.08735647546824243,1.4643846896952246,0.33146292585170345,0.0869739478957916,0.09988446265580744,1.4500344760718704,0.9374999999999966
uric_acid,2.0,7.5,DVP,7,0.10052338334546554,0.29956240726619887,1.5046171106693782,-0.10357053461847561,0.10000000000000003,1.4,-0.00012515791114770005,0.10596899570008839,-0.09976710588076038,1.5046171106693782,0.32304609218436875,0.08977955911823654,0.10338389229654649,1.4996181906645278,0.6842105263157905
uric_acid,2.0,7.5,DVP,8,0.10513794851509484,0.2970810780286603,1.4812088044549323,-0.09976413235730097,0.10000000000000003,1.4,-3.6942853085391776e-05,0.11995721561962525,-0.08690381176489098,1.4812088044549323,0.32304609218436875,0.08977955911823654,0.10225236131804696,1.4675467900906578,0.6842105263157905
uric_acid,2.0,7.5,DVP,9,0.10485893978021733,0.2990945530968998,1.4957419172257642,-0.09353122430191711,0.10000000000000003,1.4,0.00033862861390405275,0.10394656209177636,-0.08307312084328156,1.4957419172257642,0.3258517034068136,0.08977955911823654,0.10299315156575736,1.481300599210357,0.7777777777777766
uric_acid,2.0,8.0,DVP,0,0.10472500928067084,0.3001868399481925,1.4625987051765388,-0.12508230354631383,0.10000000000000003,1.4,6.669568877707471e-05,0.12460038843388282,-0.09000528735015284,1.4625987051765388,0.29779559118236476,0.08977955911823654,0.10313713581826525,1.449775320195748,0.6842105263157905
uric_acid,2.0,8.0,DVP,1,0.10443515378801306,0.2992763143931578,1.481997703519422,-0.08741812317108898,0.10000000000000003,1.4,-7.862129580991084e-06,0.08951004119993694,-0.10252253736317424,1.481997703519422,0.2949899799599198,0.0869739478957916,0.10126738527612235,1.4713868770379472,0.6315789473684211
uric_acid,2.0,8.0,DVP,2,0.10385599609492113,0.3007657772298777,1.5090689278868357,-0.07892750496410057,0.10000000000000003,1.4,-6.28284853065511e-05,0.0989795226458714,-0.09667304362536133,1.5090689278868357,0.2949899799599198,0.0869739478957916,0.10114174696245175,1.4981673172425212,0.6315789473684211
uric_acid,2.0,8.0,DVP,3,0.10740738259009928,0.2989495663208141,1.4462354139262814,-0.09106238092126975,0.10000000000000003,1.4,-0.0001556427480037541,0.11186559192882756,-0.15055775123910492,1.4462354139262814,0.2949899799599198,0.0869739478957916,0.10057642668138446,1.4280759713977815,0.7222222222222201
uric_acid,2.0,8.0,DVP,4,0.10572696241959145,0.2999796805261515,1.507473596295067,-0.0949015449416279,0.10000000000000003,1.4,-7.697801802777599e-06,0.09123441459862902,-0.08453823231082191,1.507473596295067,0.3006012024048096,0.08977955911823654,0.10299591902285143,1.4955090887878486,0.7777777777777766
uric_acid,2.0,8.0,DVP,5,0.10564866428109414,0.29938929099070855,1.5172175572596347,-0.07637587643800056,0.10000000000000003,1.4,-8.637852397511267e-05,0.11134854372195124,-0.08961785401508535,1.5172175572596347,0.29779559118236476,0.0869739478957916,0.10092271777244423,1.50239987631769,0.722222222222224
uric_acid,2.0,8.0,DVP,6,0.1056864367888312,0.2988332022316513,1.4910172933648789,-0.08623078843249267,0.10000000000000003,1.4,-0.0001845401487758332,0.10377899948601571,-0.12269446440699466,1.4910172933648789,0.292184368737475,0.0869739478957916,0.10063984441890365,1.4765573831536498,0.5500000000000019
uric_acid,2.0,8.0,DVP,7,0.10140208422318459,0.30187899962089093,1.5023339281208186,-0.10451449892694457,0.10000000000000003,1.4,-0.00012631315275729097,0.10650944035777427,-0.08826032511350512,1.5023339281208186,0.3034068136272545,0.08977955911823654,0.10379638563894514,1.497110619805192,0.882352941176471
uric_acid,2.0,8.0,DVP,8,0.10605791335276321,0.29764227387359077,1.5583323587435856,-0.10067868982304849,0.10000000000000003,1.4,-3.730926573949059e-05,0.09674644781463063,-0.09360555958182548,1.5583323587435856,0.3034068136272545,0.08416833667334667,0.09837079668492335,1.5439970996054482,0.8750000000000003
uric_acid,2.0,8.0,DVP,9,0.10577640969044651,0.30207979971520704,1.5397697815044458,-0.09438511544748704,0.10000000000000003,1.4,0.0003416206034833745,0.1069281522233726,-0.10092504115247136,1.5397697815044458,0.3006012024048096,0.0869739478957916,0.10153030926226529,1.5252215133362008,0.8235294117647053
uric_acid,5.0,6.0,DVP,0,0.20726418163637952,0.6030817388827796,2.949846456992922,-0.2523314254073721,0.10000000000000003,1.4,0.00012914224778082283,0.21785895651785614,-0.17410601571760265,2.949846456992922,0.4044088176352706,0.08977955911823643,0.20733292329835057,2.9263805671742733,0.999999999999995
uric_acid,5.0,6.0,DVP,1,0.2066854729016538,0.602536915487707,2.9580226036647694,-0.17592296705800572,0.10000000000000003,1.4,-1.9715585928906292e-05,0.19551384319749843,-0.20452394894158654,2.9580226036647694,0.3987975951903807,0.08697394789579149,0.20376339062199256,2.940479220481801,0.7222222222222218
uric_acid,5.0,6.0,DVP,2,0.2055291601034983,0.6036414175137079,2.968144904262472,-0.17391975953584293,0.10000000000000003,1.4,-0.00012945823694009894,0.21766268874573358,-0.21570782118279486,2.968144904262472,0.3987975951903807,0.08416833667334667,0.19917730689629332,2.9471731576032543,0.7647058823529397
uric_acid,5.0,6.0,DVP,3,0.21261965325338283,0.6012399587116408,2.991647305362734,-0.18338663865057256,0.10000000000000003,1.4,-0.0003147658329338424,0.23138052540363985,-0.30061145182103866,2.991647305362734,0.39318637274549095,0.08977955911823643,0.2064859167336433,2.9653101098896992,0.6000000000000008
uric_acid,5.0,6.0,DVP,4,0.20926462340121355,0.5988958223416485,2.9450130730279547,-0.1919996301351026,0.10000000000000003,1.4,-1.9387498578419038e-05,0.21128943832200242,-0.2086206607788954,2.9450130730279547,0.4044088176352706,0.0869739478957916,0.20237001348381042,2.918742165230896,0.9374999999999966
uric_acid,5.0,6.0,DVP,5,0.20910829786035293,0.5959801338931253,2.9033301344694022,-0.15540652097836694,0.10000000000000003,1.4,-0.00017647688390676108,0.19841615643580984,-0.19797139490001447,2.9033301344694022,0.40160320641282554,0.08697394789579149,0.2002868728162253,2.8776348609600775,0.823529411764703
uric_acid,5.0,6.0,DVP,6,0.2091837122675787,0.6008372969001012,2.985993256328201,-0.17501799552992778,0.10000000000000003,1.4,-0.0003724607142153048,0.2031426712449167,-0.19514217844029158,2.985993256328201,0.4044088176352706,0.08977955911823643,0.20643578271351248,2.9587822598356452,0.999999999999995
uric_acid,5.0,6.0,DVP,7,0.20062982139716706,0.6030362510714851,2.9081002825937037,-0.21065646158082393,0.10000000000000003,1.4,-0.0002562080571281696,0.23968568801003987,-0.1994923078103168,2.9081002825937037,0.4044088176352706,0.09819639278557113,0.21901956334562903,2.8998937749033313,0.9444444444444456
uric_acid,5.0,6.0,DVP,8,0.20992538091881638,0.6026456427635772,2.981959150858687,-0.2035117692060888,0.10000000000000003,1.4,-7.850803713044196e-05,0.21558957429920234,-0.18203740648721123,2.981959150858687,0.4072144288577154,0.08977955911823643,0.20700540992589428,2.95953220691562,0.8823529411764687
uric_acid,5.0,6.0,DVP,9,0.209363346966152,0.5997554227849693,2.9158809104658143,-0.1904072143340281,0.10000000000000003,1.4,0.0006780414529516247,0.18371063509606167,-0.18239875247202197,2.9158809104658143,0.41002004008016024,0.08977955911823643,0.20584323627999107,2.8900646273955157,0.7777777777777782
uric_acid,5.0,6.5,DVP,0,0.20914516035634065,0.6080572859916347,3.045379253132786,-0.25473970585417455,0.10000000000000003,1.4,0.00013030397760171143,0.20128140308188325,-0.19717437498247614,3.045379253132786,0.37635270541082166,0.08416833667334678,0.20080697531632405,3.0208543099858582,0.8749999999999981
uric_acid,5.0,6.5,DVP,1,0.20856107477145164,0.606548699043455,2.981174500850473,-0.17757043786670595,0.10000000000000003,1.4,-1.993691155449817e-05,0.20404171773971413,-0.1861495384546401,2.981174500850473,0.3791583166332665,0.09258517034068137,0.21300597034333874,2.9642308817625027,0.9411764705882343
uric_acid,5.0,6.5,DVP,2,0.20739401853659906,0.6104575975328236,3.041056620883528,-0.1755508321233456,0.10000000000000003,1.4,-0.00013069919430027887,0.22100650572991998,-0.19784807555320966,3.041056620883528,0.37635270541082166,0.0869739478957916,0.2060101751617861,3.0205043559521556,0.8235294117647053
uric_acid,5.0,6.5,DVP,3,0.2145503902830264,0.6068403681646489,3.0005599185201395,-0.18510520582570125,0.10000000000000003,1.4,-0.00031772850472131436,0.22535279081828508,-0.3034046220091251,3.0005599185201395,0.3707414829659319,0.08416833667334678,0.20007049894036052,2.971317719601673,0.666666666666666
uric_acid,5.0,6.5,DVP,4,0.21116418845828086,0.6073820250659995,3.051326038416032,-0.19380705958090028,0.10000000000000003,1.4,-1.9605775906277657e-05,0.21275122702884075,-0.1927123019617656,3.051326038416032,0.37635270541082166,0.08416833667334678,0.20070691124089515,3.024828440113548,0.8749999999999981
uric_acid,5.0,6.5,DVP,5,0.21100641047863805,0.6019314824368927,2.9112376377587337,-0.15611034692400383,0.10000000000000003,1.4,-0.00017815469698459347,0.2553560081729217,-0.1892699882082335,2.9112376377587337,0.3819639278557114,0.08977955911823654,0.2075258868811446,2.8866476828327534,0.882352941176471
uric_acid,5.0,6.5,DVP,6,0.21108252556989274,0.6052366107549142,2.9606511865724823,-0.1766733047256396,0.10000000000000003,1.4,-0.0003759594358551888,0.2688316213129416,-0.21451189048949015,2.9606511865724823,0.3791583166332665,0.08977955911823643,0.20806286128276952,2.9330318225760164,0.8823529411764687
uric_acid,5.0,6.5,DVP,7,0.2024491595045108,0.6098286667819683,3.0269124638349028,-0.21263223762416425,0.10000000000000003,1.4,-0.00025862666180984355,0.23297543338337878,-0.1923822959304351,3.0269124638349028,0.3735470941883767,0.08416833667334678,0.2024416390180238,3.0183908168001583,0.7647058823529379
uric_acid,5.0,6.5,DVP,8,0.2118310851508317,0.6085720111199824,3.051423482488858,-0.20542595253224408,0.10000000000000003,1.4,-7.927561025823127e-05,0.2320142291916023,-0.16617811324186493,3.051423482488858,0.3735470941883767,0.08416833667334678,0.20125256155976215,3.027836237479418,0.7647058823529379
uric_acid,5.0,6.5,DVP,9,0.2112638292753436,0.6051649455316006,2.997460693736351,-0.19219461314596273,0.10000000000000003,1.4,0.0006843030691295985,0.21629894353111667,-0.1642295284109051,2.997460693736351,0.37635270541082166,0.08977955911823654,0.20759272897175501,2.9718688414658057,0.882352941176471
uric_acid,5.0,7.0,DVP,0,0.21102619657654723,0.6123625586050256,3.0337296734757295,-0.2571068060064749,0.10000000000000003,1.4,0.0001314620273516943,0.2059508836803836,-0.21953762215394335,3.0337296734757295,0.34829659318637274,0.08697394789579149,0.20614245877066265,3.008524155585868,0.7222222222222218
uric_acid,5.0,7.0,DVP,1,0.2104367539292295,0.610685945127434,3.0346514164232676,-0.17921184569911616,0.10000000000000003,1.4,-2.0156827368775886e-05,0.201790412417171,-0.2018659653602325,3.0346514164232676,0.3454909819639279,0.08977955911823632,0.21042580357722393,3.016244451018915,0.600000000000002
uric_acid,5.0,7.0,DVP,2,0.20925899379537702,0.6149561703335197,3.0780178306649586,-0.17713622159256975,0.10000000000000003,1.4,-0.00013193498942876803,0.22607320952706866,-0.1790012876804492,3.0780178306649586,0.3539078156312625,0.08697394789579149,0.20764234492499237,3.0557070850394377,0.9374999999999989
uric_acid,5.0,7.0,DVP,3,0.2164810016937667,0.6114906947743184,3.0499075822041117,-0.1868174483776678,0.10000000000000003,1.4,-0.00032067967807150496,0.22495433838476642,-0.30618751284990237,3.0499075822041117,0.3539078156312625,0.08697394789579149,0.20682904499272053,3.021234537160387,0.9374999999999989
uric_acid,5.0,7.0,DVP,4,0.2130637426146723,0.6133917955673839,3.0286822168512257,-0.1956078373750766,0.10000000000000003,1.4,-1.9822654641084127e-05,0.20641849695695585,-0.19521913451239437,3.0286822168512257,0.34829659318637274,0.08697394789579149,0.2072132171270369,3.0019587623034147,0.7222222222222218
uric_acid,5.0,7.0,DVP,5,0.21290451754147216,0.6090498434377704,3.0519142683346128,-0.15756207653083218,0.10000000000000003,1.4,-0.0001798257401264629,0.2578199598456597,-0.150246124530103,3.0519142683346128,0.3454909819639279,0.08977955911823643,0.20892095946179776,3.0256929437977305,0.6842105263157919
uric_acid,5.0,7.0,DVP,6,0.2129813307381178,0.6091698436898673,2.9683879389216727,-0.17832031423034733,0.10000000000000003,1.4,-0.0003794446863020206,0.25235598150108585,-0.19723746919056628,2.9683879389216727,0.3454909819639279,0.08697394789579149,0.20485867374905686,2.941414132094676,0.6315789473684225
uric_acid,5.0,7.0,DVP,7,0.20426878196016965,0.6157424698583694,3.0622383643499607,-0.2146007424662399,0.10000000000000003,1.4,-0.00026103577031487884,0.2504699027326832,-0.18743774707874228,3.0622383643499607,0.3511022044088177,0.08697394789579149,0.20807299895695944,3.0533785586840865,0.8235294117647073
uric_acid,5.0,7.0,DVP,8,0.2137367558889501,0.6132033311361417,2.9991334954820736,-0.20733309133411404,0.10000000000000003,1.4,-8.003976328982765e-05,0.2270096125930574,-0.1756760430503821,2.9991334954820736,0.3454909819639279,0.08697394789579149,0.20704299710956195,2.974079844676246,0.6315789473684225
uric_acid,5.0,7.0,DVP,9,0.2131642973082135,0.6119598457773388,2.9344954871407336,-0.19397543400100217,0.10000000000000003,1.4,0.0006905422367766094,0.2510094245695724,-0.1927926397217372,2.9344954871407336,0.35671342685370744,0.08697394789579149,0.205441997011945,2.908231078328078,0.9374999999999989
uric_acid,5.0,7.5,DVP,0,0.2129073037030181,0.616985532152449,3.007262092188125,-0.2594594051920414,0.10000000000000003,1.4,0.00013261569685763859,0.19442332770731596,-0.2126004642089535,3.007262092188125,0.3258517034068136,0.0869739478957916,0.2073050922733962,2.9820734150320813,0.8235294117647053
uric_acid,5.0,7.5,DVP,1,0.21231252454379293,0.6149614963891132,3.0639831135230677,-0.18084695683682164,0.10000000000000003,1.4,-2.037583733773582e-05,0.20513107127241448,-0.18509670031425096,3.0639831135230677,0.3258517034068136,0.0869739478957916,0.20756068878311507,3.045134981337285,0.8235294117647053
uric_acid,5.0,7.5,DVP,2,0.21112410157275516,0.6184938538419309,3.0255666600000155,-0.1776760414545595,0.10000000000000003,1.4,-0.00013316598164152705,0.2859710952263287,-0.21619343415462522,3.0255666600000155,0.32304609218436875,0.08977955911823654,0.21228457893427077,3.004572369380073,0.6842105263157905
uric_acid,5.0,7.5,DVP,3,0.21841149383266112,0.6154341626072816,3.1754565433191164,-0.1885231225019729,0.10000000000000003,1.4,-0.00032361946804938834,0.2113320403318285,-0.30895972809033523,3.1754565433191164,0.32304609218436875,0.0869739478957916,0.2068814887589809,3.140834204573701,0.722222222222224
uric_acid,5.0,7.5,DVP,4,0.21496329663965624,0.617634699616121,3.074792181758638,-0.19740170710668792,0.10000000000000003,1.4,-2.003863918127885e-05,0.24256402926252607,-0.1880618094324672,3.074792181758638,0.3286573146292585,0.0869739478957916,0.20873411231365271,3.0512445274979574,0.9375000000000014
uric_acid,5.0,7.5,DVP,5,0.21480263002417385,0.615353850018154,2.9526281215141834,-0.15900823707798598,0.10000000000000003,1.4,-0.00018149031067380073,0.30730686787077377,-0.21043020369438614,2.9526281215141834,0.33146292585170345,0.0869739478957916,0.20814025436131853,2.9269671518661435,0.9374999999999966
uric_acid,5.0,7.5,DVP,6,0.21488013864817015,0.6135764846946066,3.031754264197069,-0.17996072693782886,0.10000000000000003,1.4,-0.0003829165045740718,0.25564880478190244,-0.1809082857411055,3.031754264197069,0.33146292585170345,0.0869739478957916,0.2069568589522958,3.0042171302088234,0.9374999999999966
uric_acid,5.0,7.5,DVP,7,0.2060887109148068,0.620707860674588,3.1150531748274126,-0.21656169538818448,0.10000000000000003,1.4,-0.0002634355748923222,0.21947052095199204,-0.20661433725723932,3.1150531748274126,0.32304609218436875,0.08977955911823654,0.21418718723825667,3.106669842082261,0.6842105263157905
uric_acid,5.0,7.5,DVP,8,0.21564240303150603,0.6155674210941477,3.0665901577661105,-0.20923291405611782,0.10000000000000003,1.4,-8.080092269783572e-05,0.24843081113306442,-0.1799826025686717,3.0665901577661105,0.32304609218436875,0.08977955911823654,0.21190355381937162,3.0409286441187966,0.6842105263157905
uric_acid,5.0,7.5,DVP,9,0.21506476170390426,0.6197361700441171,3.096685654645178,-0.19574942129484904,0.10000000000000003,1.4,0.0006967575322242462,0.21527819588581287,-0.17203560703946796,3.096685654645178,0.3258517034068136,0.08977955911823654,0.21344012088495887,3.0694428415109654,0.7777777777777766
uric_acid,5.0,8.0,DVP,0,0.21478849356723215,0.6219951853885881,3.028041561570664,-0.2618018489561599,0.10000000000000003,1.4,0.00013376475826523847,0.2580390647745855,-0.18639765254976337,3.028041561570664,0.29779559118236476,0.08977955911823654,0.2137047206536315,3.003792137838629,0.6842105263157905
uric_acid,5.0,8.0,DVP,1,0.2141883992365616,0.620109786842068,3.068183076807445,-0.18247552924138508,0.10000000000000003,1.4,-2.059396612387193e-05,0.18540211128314665,-0.2123162055360116,3.068183076807445,0.2949899799599198,0.0869739478957916,0.20984574597114783,3.0487015575064818,0.6315789473684211
uric_acid,5.0,8.0,DVP,2,0.21298935606852695,0.6231940970532477,3.1242292400808553,-0.16452899812414695,0.10000000000000003,1.4,-0.00013439204580169062,0.204995611413477,-0.2001966799906051,3.1242292400808553,0.2949899799599198,0.0869739478957916,0.20955226027165463,3.1037619810873283,0.6315789473684211
uric_acid,5.0,8.0,DVP,3,0.22034187122093837,0.6194318828476582,2.994143606173793,-0.19022197571504512,0.10000000000000003,1.4,-0.0003265474965721505,0.23168118923954173,-0.3117208573713789,2.994143606173793,0.2949899799599198,0.0869739478957916,0.2084058938534254,2.958933009785624,0.7222222222222201
uric_acid,5.0,8.0,DVP,4,0.21686285963409707,0.6215622693190185,3.1209564134087806,-0.1991884032369482,0.10000000000000003,1.4,-2.0253754637198583e-05,0.188972654092053,-0.1750817543810017,3.1209564134087806,0.3006012024048096,0.08977955911823654,0.21336978759926295,3.0980109954777677,0.7777777777777766
uric_acid,5.0,8.0,DVP,5,0.21670075724099264,0.6203389557515312,3.1411201966596716,-0.16044861449534323,0.10000000000000003,1.4,-0.000183148219309015,0.23061485310020702,-0.18558708474273378,3.1411201966596716,0.29779559118236476,0.0869739478957916,0.20905623608349466,3.112056031402421,0.722222222222224
uric_acid,5.0,8.0,DVP,6,0.216778958511358,0.6191922523238744,3.0868247968212392,-0.18159455069573638,0.10000000000000003,1.4,-0.00038637443383467834,0.21492764473902148,-0.2540791379180809,3.0868247968212392,0.292184368737475,0.0869739478957916,0.20851749138046274,3.0590405092905084,0.5500000000000019
uric_acid,5.0,8.0,DVP,7,0.2079089672558416,0.6254991912993794,3.1103157833560435,-0.21851476370842599,0.10000000000000003,1.4,-0.0002658257773910628,0.22059624409257117,-0.18278192854669828,3.1103157833560435,0.3034068136272545,0.08977955911823654,0.21504081405660902,3.1014805586020717,0.882352941176471
uric_acid,5.0,8.0,DVP,8,0.21754803477742593,0.6167255137813353,3.226250590852826,-0.21112513947570594,0.10000000000000003,1.4,-8.155903289271032e-05,0.20037242648120934,-0.19384828741101123,3.226250590852826,0.3034068136272545,0.08416833667334667,0.20384649143096345,3.199085158635734,0.8750000000000003
uric_acid,5.0,8.0,DVP,9,0.21696523142852184,0.6259114243106269,3.187819930358977,-0.19751612747737324,0.10000000000000003,1.4,0.0007029479783675845,0.22145346043887515,-0.2090103211537363,3.187819930358977,0.3006012024048096,0.0869739478957916,0.21039098365744166,3.160196988070977,0.8235294117647053
uric_acid,10.0,6.0,DVP,0,0.32130032694526744,0.9382225917206258,4.587825945689927,-0.39391937211460976,0.10000000000000003,1.4,0.00019861249968812633,0.33886958403477097,-0.27081587178345523,4.587825945689927,0.4044088176352706,0.08977955911823643,0.3225581251358829,4.5525865276974695,0.999999999999995
uric_acid,10.0,6.0,DVP,1,0.32040027421755324,0.9373748752631023,4.6005461386989,-0.2743830007063672,0.10000000000000003,1.4,-3.2902753551604326e-05,0.30411931983012697,-0.3181261253780001,4.6005461386989,0.3987975951903807,0.08697394789579149,0.31700453761254893,4.574522541222385,0.7222222222222218
uric_acid,10.0,6.0,DVP,2,0.31860188683263846,0.9390933044524663,4.616289126003253,-0.27145127524946194,0.10000000000000003,1.4,-0.0002035830396129996,0.33856692301147207,-0.3355191215789255,4.616289126003253,0.3987975951903807,0.08416833667334667,0.3098560721893334,4.584773437218331,0.7647058823529397
uric_acid,10.0,6.0,DVP,3,0.3296295719485669,0.9353571207105297,4.65282497359956,-0.28609570092745557,0.10000000000000003,1.4,-0.0004917877913857208,0.3599025998995107,-0.46754347225638976,4.65282497359956,0.39318637274549095,0.08977955911823643,0.3212112538560818,4.612790839566283,0.6000000000000008
uric_acid,10.0,6.0,DVP,4,0.32441156919725406,0.9317108453482988,4.58030869191317,-0.300019488884938,0.10000000000000003,1.4,-3.2392486647005114e-05,0.3286503081308797,-0.3244973371468174,4.58030869191317,0.4044088176352706,0.0869739478957916,0.31481820706484803,4.540489771808938,0.9374999999999966
uric_acid,10.0,6.0,DVP,5,0.32416843958641495,0.9271758947115162,4.51548430182686,-0.24253770645620157,0.10000000000000003,1.4,-0.00027671008767083435,0.3086194110873915,-0.30793294116539394,4.51548430182686,0.40160320641282554,0.08697394789579149,0.3116076694444295,4.476898172623129,0.823529411764703
uric_acid,10.0,6.0,DVP,6,0.32428572992412635,0.9347315586327137,4.644044252737385,-0.2737937543074116,0.10000000000000003,1.4,-0.0005815193474458524,0.3159679607714605,-0.3035345555844171,4.644044252737385,0.4044088176352706,0.08977955911823643,0.32114679184120165,4.602801598623369,0.999999999999995
uric_acid,10.0,6.0,DVP,7,0.31098205512451815,0.9381527243031484,4.522899056073412,-0.3287374465011599,0.10000000000000003,1.4,-0.00040071419480737963,0.3728188674507722,-0.310296142595924,4.522899056073412,0.4044088176352706,0.09819639278557113,0.3407176682891195,4.511156756956681,0.9444444444444456
uric_acid,10.0,6.0,DVP,8,0.32543923055847057,0.9375428011460774,4.637761884156767,-0.3179117049785928,0.10000000000000003,1.4,-0.00012434133551464955,0.3353415126640813,-0.2831425941392597,4.637761884156767,0.4072144288577154,0.08977955911823643,0.3220505411858039,4.60415825601643,0.8823529411764687
uric_acid,10.0,6.0,DVP,9,0.32456511174565644,0.9330489023450359,4.534979731286869,-0.29722995515191963,0.10000000000000003,1.4,0.0010523031340420375,0.2857621219135691,-0.28371427338536837,4.534979731286869,0.41002004008016024,0.08977955911823643,0.3202410926456341,4.496083065637565,0.7777777777777782
uric_acid,10.0,6.5,DVP,0,0.32422629201466335,0.9459650020321076,4.736421042528206,-0.3976658512758501,0.10000000000000003,1.4,0.00020041976502850956,0.31308236375176324,-0.3066953147156082,4.736421042528206,0.37635270541082166,0.08416833667334678,0.31239056007451177,4.699368041610593,0.8749999999999981
uric_acid,10.0,6.5,DVP,1,0.32331787469617673,0.9436185165285804,4.6365615843521715,-0.27694591741517866,0.10000000000000003,1.4,-3.324706254824777e-05,0.3173844718452372,-0.289545635275377,4.6365615843521715,0.3791583166332665,0.09258517034068137,0.3313674353502493,4.6112819523850375,0.9411764705882343
uric_acid,10.0,6.5,DVP,2,0.3215027740965114,0.9496981218256639,4.729698133936957,-0.2739886818758017,0.10000000000000003,1.4,-0.00020551355650820624,0.34376608900694305,-0.30773739997143745,4.729698133936957,0.37635270541082166,0.0869739478957916,0.3204830664199208,4.698802347921532,0.8235294117647053
uric_acid,10.0,6.5,DVP,3,0.33263294440060875,0.9440712649479649,4.666706186229665,-0.28876921993919896,0.10000000000000003,1.4,-0.0004963967233704139,0.3505275360338609,-0.4718887161950358,4.666706186229665,0.3707414829659319,0.08416833667334678,0.31122249206162195,4.62204753946262,0.666666666666666
uric_acid,10.0,6.5,DVP,4,0.3273664484262656,0.9449127457645896,4.745669965768879,-0.3028312480385265,0.10000000000000003,1.4,-3.273205350609176e-05,0.33092428713172417,-0.29975127577298777,4.745669965768879,0.37635270541082166,0.08416833667334678,0.3122422110353667,4.705635409706118,0.8749999999999981
uric_acid,10.0,6.5,DVP,5,0.3271210593036928,0.9364357847613544,4.527783026664289,-0.24400216942218927,0.10000000000000003,1.4,-0.00027932020678551287,0.3971926220912949,-0.29439750997175274,4.527783026664289,0.3819639278557114,0.08977955911823654,0.32286971854006563,4.49091354367552,0.882352941176471
uric_acid,10.0,6.5,DVP,6,0.3272394396727394,0.9415778562467121,4.604642059876297,-0.27636886465678595,0.10000000000000003,1.4,-0.0005869621947365075,0.4181508948184467,-0.3336589042297564,4.604642059876297,0.3791583166332665,0.08977955911823643,0.3236605593310491,4.562567912844408,0.8823529411764687
uric_acid,10.0,6.5,DVP,7,0.3138121278993834,0.9487205823453199,4.707698669855073,-0.3318110969765461,0.10000000000000003,1.4,-0.00040447673930599134,0.36238444049597685,-0.29924195851613633,4.707698669855073,0.3735470941883767,0.08416833667334678,0.3149317842871257,4.695521779868881,0.7647058823529379
uric_acid,10.0,6.5,DVP,8,0.32840366030210705,0.946763853158739,4.7458201959037485,-0.3208895376688134,0.10000000000000003,1.4,-0.0001255354239690747,0.36088885641692614,-0.25848359838554447,4.7458201959037485,0.3735470941883767,0.08416833667334678,0.31309273038572627,4.710334389911439,0.7647058823529379
uric_acid,10.0,6.5,DVP,9,0.32752141791393957,0.9414661936029318,4.661894208860629,-0.30001055330044235,0.10000000000000003,1.4,0.0010620441265772104,0.3364381679844146,-0.2554511062560534,4.661894208860629,0.37635270541082166,0.08977955911823654,0.32296550921086187,4.623375520128787,0.882352941176471
uric_acid,10.0,7.0,DVP,0,0.32715235060747444,0.9526627751838519,4.718303919748556,-0.40134768074719224,0.10000000000000003,1.4,0.0002022210156707902,0.3203512844164663,-0.3414737166050992,4.718303919748556,0.34829659318637274,0.08697394789579149,0.32066013612615113,4.679837918337095,0.7222222222222218
uric_acid,10.0,7.0,DVP,1,0.32623560082124087,0.9500549862550507,4.719729364209727,-0.279498991605563,0.10000000000000003,1.4,-3.3589123426657654e-05,0.31388265409880267,-0.3139904821983963,4.719729364209727,0.3454909819639279,0.08977955911823632,0.3273804659638227,4.692478975531659,0.600000000000002
uric_acid,10.0,7.0,DVP,2,0.3244038511915579,0.9566965042706648,4.787185083292085,-0.2764546185296961,0.10000000000000003,1.4,-0.00020743573367852265,0.35163576256262863,-0.27842826827798706,4.787185083292085,0.3539078156312625,0.08697394789579149,0.3230261384955649,4.753603635403162,0.9374999999999989
uric_acid,10.0,7.0,DVP,3,0.3356361131039822,0.9513056351657457,4.743465708074294,-0.2914324716800443,0.10000000000000003,1.4,-0.0005009870295566269,0.3499101848415773,-0.4762172728401035,4.743465708074294,0.3539078156312625,0.08697394789579149,0.32175817431872583,4.699953984245611,0.9374999999999989
uric_acid,10.0,7.0,DVP,4,0.3303213101379599,0.9542612206148425,4.710453699201072,-0.30563220902954236,0.10000000000000003,1.4,-3.306939045845331e-05,0.3210721106800488,-0.30365160032565863,4.710453699201072,0.34829659318637274,0.08697394789579149,0.32235190313399203,4.6699308233383725,0.7222222222222218
uric_acid,10.0,7.0,DVP,5,0.33007367018098777,0.9475082381970323,4.746577974284892,-0.24626021481311933,0.10000000000000003,1.4,-0.00028191937625928837,0.4010134366456329,-0.23370823469454338,4.746577974284892,0.3454909819639279,0.08977955911823643,0.3250277386547276,4.707037903355791,0.6842105263157919
uric_acid,10.0,7.0,DVP,6,0.3301931363952587,0.9476970583248666,4.6166709426463965,-0.27893065182842436,0.10000000000000003,1.4,-0.0005923832136951281,0.39252223091440364,-0.306787456759938,4.6166709426463965,0.3454909819639279,0.08697394789579149,0.31871028045551925,4.575992759656308,0.6315789473684225
uric_acid,10.0,7.0,DVP,7,0.316642662458432,0.9579198216489886,4.762645490088981,-0.33487294352480407,0.10000000000000003,1.4,-0.00040822390843732193,0.38959409347632445,-0.29154775785724607,4.762645490088981,0.3511022044088177,0.08697394789579149,0.3236764944737097,4.749760621747791,0.8235294117647073
uric_acid,10.0,7.0,DVP,8,0.3313680358510282,0.9539686678826302,4.664488966219408,-0.3238559344145784,0.10000000000000003,1.4,-0.00012672400084767988,0.3530994655417822,-0.27325498636742074,4.664488966219408,0.3454909819639279,0.08697394789579149,0.3221079551452618,4.626802169286378,0.6315789473684225
uric_acid,10.0,7.0,DVP,9,0.3304777010849472,0.9520356333383756,4.56396129414815,-0.3027804729224404,0.10000000000000003,1.4,0.0010717486360592831,0.3904321183675743,-0.2998801173164023,4.56396129414815,0.35671342685370744,0.08697394789579149,0.31960790766135805,4.524275987641635,0.9374999999999989
uric_acid,10.0,7.5,DVP,0,0.3300785233930971,0.9598524120897153,4.677139007388526,-0.4050063884473486,0.10000000000000003,1.4,0.00020401517557539072,0.3024268644711341,-0.33068221417144905,4.677139007388526,0.3258517034068136,0.0869739478957916,0.32249878401849313,4.639052015478716,0.8235294117647053
uric_acid,10.0,7.5,DVP,1,0.32915347438801706,0.9567043355563348,4.765356160829763,-0.2820418783086592,0.10000000000000003,1.4,-3.392972262426952e-05,0.3190804196233543,-0.28790466535831927,4.765356160829763,0.3258517034068136,0.0869739478957916,0.322899421758908,4.737166295936647,0.8235294117647053
uric_acid,10.0,7.5,DVP,2,0.32730514216264955,0.9621983871338812,4.705604080968266,-0.2772937246461028,0.10000000000000003,1.4,-0.00020935014405764208,0.4448097993437128,-0.3362731113552464,4.705604080968266,0.32304609218436875,0.08977955911823654,0.33025053833963336,4.674100097468288,0.6842105263157905
uric_acid,10.0,7.5,DVP,3,0.3386390883090419,0.9574385515875287,4.938725039033675,-0.29408509629404883,0.10000000000000003,1.4,-0.0005055589223630954,0.328721208982398,-0.4805285573212977,4.938725039033675,0.32304609218436875,0.0869739478957916,0.32184588221621224,4.886034124701724,0.722222222222224
uric_acid,10.0,7.5,DVP,4,0.3332761711098843,0.9608598005822717,4.782166400156206,-0.30842199339490506,0.10000000000000003,1.4,-3.3405284579817396e-05,0.37729817380344843,-0.2925176990990578,4.782166400156206,0.3286573146292585,0.0869739478957916,0.3247291008167386,4.746721209509701,0.9375000000000014
uric_acid,10.0,7.5,DVP,5,0.33302628929997813,0.9573120812213939,4.592161865155405,-0.24850924996498067,0.10000000000000003,1.4,-0.0002845080775513167,0.47799254275441894,-0.3273104907689317,4.592161865155405,0.33146292585170345,0.0869739478957916,0.32381124308517617,4.553496084159539,0.9374999999999966
uric_acid,10.0,7.5,DVP,6,0.3331468370266441,0.9545502611103228,4.715225288662013,-0.28148178342124386,0.10000000000000003,1.4,-0.0005977825044953546,0.3976498904471224,-0.2813898597378841,4.715225288662013,0.33146292585170345,0.0869739478957916,0.3219731692381977,4.673669588113107,0.9374999999999966
uric_acid,10.0,7.5,DVP,7,0.3194736923781734,0.9656419735847959,4.84478079929345,-0.33792257177046436,0.10000000000000003,1.4,-0.0004119560285439522,0.34137956659292534,-0.3213761783653093,4.84478079929345,0.32304609218436875,0.08977955911823654,0.33319823297014617,4.832763462755358,0.6842105263157905
uric_acid,10.0,7.5,DVP,8,0.33433237269728106,0.9576454552962156,4.769407166878118,-0.3268104943992915,0.10000000000000003,1.4,-0.00012790773820749724,0.38642096927712877,-0.27995611861717706,4.769407166878118,0.32304609218436875,0.08977955911823654,0.32962589418729943,4.730287432018748,0.6842105263157905
uric_acid,10.0,7.5,DVP,9,0.3334339778441606,0.9641291272001676,4.816217817058622,-0.3055393365835537,0.10000000000000003,1.4,0.0010814145185681582,0.33485661736829675,-0.2675879070279641,4.816217817058622,0.3258517034068136,0.08977955911823654,0.3320683471907679,4.775225249907915,0.7777777777777766
uric_acid,10.0,8.0,DVP,0,0.3330048285416867,0.9676412951062701,4.709443148068058,-0.40864876810006845,0.10000000000000003,1.4,0.00020580190697474997,0.40136208751089575,-0.28993019294934463,4.709443148068058,0.29779559118236476,0.08977955911823654,0.3324682235087415,4.672985096912655,0.6842105263157905
uric_acid,10.0,8.0,DVP,1,0.332071514718336,0.9647088112664742,4.771863662931619,-0.2845742246502216,0.10000000000000003,1.4,-3.426890166992891e-05,0.2883972976688167,-0.3302427380179478,4.771863662931619,0.2949899799599198,0.0869739478957916,0.3264589792662893,4.742762738088002,0.6315789473684211
uric_acid,10.0,8.0,DVP,2,0.33020666863277015,0.9695061047879949,4.85903105688184,-0.2567545810756657,0.10000000000000003,1.4,-0.00021125661077795165,0.31886474379349783,-0.3113887338643855,4.85903105688184,0.2949899799599198,0.0869739478957916,0.32600155021385824,4.82838579846991,0.6315789473684211
uric_acid,10.0,8.0,DVP,3,0.34164187752813585,0.9636537407355571,4.656711664513714,-0.29672672567872965,0.10000000000000003,1.4,-0.0005101118561456117,0.3603720159806789,-0.4848219713653027,4.656711664513714,0.2949899799599198,0.0869739478957916,0.3242262400718695,4.603227235480651,0.7222222222222201
uric_acid,10.0,8.0,DVP,4,0.3362310455311586,0.9669659020356931,4.85395647623462,-0.31120021399858844,0.10000000000000003,1.4,-3.37397780519465e-05,0.2939507631775824,-0.2723322040119356,4.85395647623462,0.3006012024048096,0.08977955911823654,0.33192512658616424,4.819279437254233,0.7777777777777766
uric_acid,10.0,8.0,DVP,5,0.33597893116088356,0.965062781969187,4.885311920459711,-0.25074896277915565,0.10000000000000003,1.4,-0.00028708604022320604,0.3587157039138895,-0.288665147376134,4.885311920459711,0.29779559118236476,0.0869739478957916,0.32524696137485504,4.841490009180993,0.722222222222224
uric_acid,10.0,8.0,DVP,6,0.3361005559170349,0.9632817122424896,4.800840263496589,-0.2840222953488499,0.10000000000000003,1.4,-0.0006031594066756607,0.3343095229737312,-0.39519600946702527,4.800840263496589,0.292184368737475,0.0869739478957916,0.324383286577438,4.758712545528754,0.5500000000000019
uric_acid,10.0,8.0,DVP,7,0.32230524903165825,0.9730913570862859,4.83740740564573,-0.34095949254779484,0.10000000000000003,1.4,-0.0004156726705162243,0.3431339221780938,-0.28430513223420095,4.83740740564573,0.3034068136272545,0.08977955911823654,0.3345173727138095,4.82460140486642,0.882352941176471
uric_acid,10.0,8.0,DVP,8,0.3372966837150267,0.9594446601452683,5.017718321636826,-0.3297528076211527,0.10000000000000003,1.4,-0.00012908656057579926,0.3116744035675346,-0.30151640248680267,5.017718321636826,0.3034068136272545,0.08416833667334667,0.3171352006026361,4.976772333149746,0.8750000000000003
uric_acid,10.0,8.0,DVP,9,0.33639026218423224,0.9737306866090147,4.957947868017547,-0.30828647373169543,0.10000000000000003,1.4,0.0010910403439839574,0.3444621248184889,-0.3251019181921324,4.957947868017547,0.3006012024048096,0.0869739478957916,0.32730364913558685,4.91614651471003,0.8235294117647053
ascorbic_acid,0.1,6.0,DVP,0,0.010509755902728953,0.02187648752200225,0.10284837996952906,-0.007213181095639447,0.10000000000000003,1.4,8.873872856100335e-06,0.008308856491353392,-0.007043339752793823,0.10284837996952906,0.0929859719438878,0.10661322645290583,0.008169330134732578,0.09959077337988519,0.8095238095238101
ascorbic_acid,0.1,6.0,DVP,1,0.010487364579765417,0.021726750304284375,0.09992745659616463,-0.005466906647894198,0.10000000000000003,1.4,3.1142849490219114e-06,0.006607026502246566,-0.007136178313679454,0.09992745659616463,0.0845691382765531,0.11222444889779559,0.008426951672119792,0.09687862737765073,0.600000000000001
ascorbic_acid,0.1,6.0,DVP,2,0.010442624675636197,0.021783439980507108,0.09749564377294002,-0.005128452468601664,0.10000000000000003,1.4,-1.1318634054365007e-06,0.008166446661712637,-0.005803633096852339,0.09749564377294002,0.09859719438877756,0.10941883767535077,0.00830319109246432,0.09458091478606977,0.9499999999999992
ascorbic_acid,0.1,6.0,DVP,3,0.010716969112764933,0.02200849762882933,0.10219892779140094,-0.0055745714044870154,0.10000000000000003,1.4,-8.30176076573641e-06,0.0060422453807698635,-0.01161526214541462,0.10219892779140094,0.0929859719438878,0.11222444889779559,0.008509822426049573,0.0989233645683776,0.8181818181818203
ascorbic_acid,0.1,6.0,DVP,4,0.010587156734854592,0.0222059413036555,0.09944359147114075,-0.006446139719888461,0.10000000000000003,1.4,3.1269792620401136e-06,0.0069739580121882284,-0.006175255195874054,0.09944359147114075,0.09018036072144286,0.11222444889779559,0.008606699266971066,0.09658203814340914,0.7391304347826093
ascorbic_acid,0.1,6.0,DVP,5,0.010581108207395407,0.02193786284469603,0.09803734023741505,-0.005300420774293756,0.10000000000000003,1.4,-2.9511027677696366e-06,0.008191720302248157,-0.006514124290289275,0.09803734023741505,0.0929859719438878,0.10941883767535077,0.008353844505887194,0.09499438743795731,0.8571428571428585
ascorbic_acid,0.1,6.0,DVP,6,0.010584026131813976,0.021927238210974115,0.10063653503104869,-0.005428022494225483,0.10000000000000003,1.4,-1.0534083595161864e-05,0.007073069789878393,-0.006037075291967474,0.10063653503104869,0.09018036072144286,0.10941883767535077,0.008343350288340984,0.09737241746498773,0.7727272727272726
ascorbic_acid,0.1,6.0,DVP,7,0.010253060100749988,0.02186565039595917,0.0990018824681834,-0.004943000711652671,0.10000000000000003,1.4,-6.036050933807546e-06,0.005915540300582514,-0.006365785319185271,0.0990018824681834,0.08737474949899804,0.10941883767535077,0.008381016668779625,0.09653101699183793,0.6956521739130451
ascorbic_acid,0.1,6.0,DVP,8,0.010612722678635002,0.02191021269669493,0.10048329141423709,-0.005459582802410724,0.10000000000000003,1.4,8.394950872523121e-07,0.007383683301916105,-0.0050737474419602505,0.10048329141423709,0.0845691382765531,0.10941883767535077,0.008348793473588825,0.09738580724222197,0.6250000000000004
ascorbic_acid,0.1,6.0,DVP,9,0.010590976534166413,0.021900265347925392,0.09831368683466728,-0.00471505092644206,0.10000000000000003,1.4,3.011180938600799e-05,0.0062376283549158765,-0.00574734907263078,0.09831368683466728,0.09579158316633263,0.11503006012024053,0.008611532070560117,0.0950991461999728,0.8636363636363632
ascorbic_acid,0.1,6.5,DVP,0,0.010596551253684873,0.022113251682095277,0.10070932175263972,-0.0073193576125217055,0.10000000000000003,1.4,8.92595875141916e-06,0.007960746434881608,-0.0068747872297535845,0.10070932175263972,0.07334669338677358,0.10941883767535077,0.008424114175840438,0.09750180955246687,0.8571428571428585
ascorbic_acid,0.1,6.5,DVP,1,0.010573918998980863,0.021954252166037674,0.09921247357041849,-0.005540728308767547,0.10000000000000003,1.4,3.1043973941283775e-06,0.006416785895520728,-0.006453295941011544,0.09921247357041849,0.0845691382765531,0.11222444889779559,0.00851177607939711,0.0961439865493917,0.818181818181817
ascorbic_acid,0.1,6.5,DVP,2,0.010528697691274548,0.022091375510754584,0.09842062430110513,-0.0051949306596185746,0.10000000000000003,1.4,-1.1874397262425783e-06,0.007643551151308152,-0.006241041832529048,0.09842062430110513,0.0761523046092184,0.10661322645290583,0.008290625594007436,0.09554840616485606,0.8999999999999985
ascorbic_acid,0.1,6.5,DVP,3,0.010805994088090281,0.022161084866325776,0.10095900386715911,-0.005794957502487525,0.10000000000000003,1.4,-8.434485536093828e-06,0.007022847363513999,-0.011740421548116962,0.10095900386715911,0.07895791583166334,0.10941883767535077,0.00843658818930324,0.0976776469907666,0.9499999999999992
ascorbic_acid,0.1,6.5,DVP,4,0.010674784922585213,0.022426142384851362,0.0995588528323754,-0.006556672892838471,0.10000000000000003,1.4,3.1172282985813813e-06,0.006021438875372296,-0.006241572692236692,0.0995588528323754,0.07334669338677358,0.12064128256513029,0.009080161755151413,0.096726396576981,0.8695652173913055
ascorbic_acid,0.1,6.5,DVP,5,0.010668671312671968,0.02218722692408338,0.10046687969152852,-0.005404638403754934,0.10000000000000003,1.4,-3.026254193924299e-06,0.007669096737463507,-0.006040270700029816,0.10046687969152852,0.0761523046092184,0.11503006012024042,0.00871914210685325,0.09741299609293955,0.9523809523809516
ascorbic_acid,0.1,6.5,DVP,6,0.01067162063410133,0.022146370157508814,0.10055193629658701,-0.005497545529333712,0.10000000000000003,1.4,-1.069082826936643e-05,0.007302426759557102,-0.006172424410973688,0.10055193629658701,0.07895791583166334,0.11503006012024053,0.008675559980053432,0.09727624855366614,0.9523809523809534
ascorbic_acid,0.1,6.5,DVP,7,0.010337093392204375,0.02207870901189855,0.09897836128736404,-0.0050115290213033565,0.10000000000000003,1.4,-6.144396554522702e-06,0.005889881575312762,-0.005947184401433214,0.09897836128736404,0.0761523046092184,0.11503006012024053,0.008724453702615445,0.09649558403553916,0.8636363636363632
ascorbic_acid,0.1,6.5,DVP,8,0.010700625957182809,0.0221558309764239,0.10090251277620896,-0.005540122353259064,0.10000000000000003,1.4,8.05130681147126e-07,0.007561613067765389,-0.005128505384271013,0.10090251277620896,0.0761523046092184,0.10941883767535077,0.008459609404397437,0.09776314959051732,0.9499999999999992
ascorbic_acid,0.1,6.5,DVP,9,0.010678645823126198,0.022110961938260256,0.09831420555492444,-0.004756202981743094,0.10000000000000003,1.4,3.0392416526836608e-05,0.006405411058431305,-0.00580934639362248,0.09831420555492444,0.07895791583166334,0.12064128256513029,0.00891401132869334,0.09505441160905558,0.9545454545454538
ascorbic_acid,0.1,7.0,DVP,0,0.010683351859449366,0.022366378297808468,0.10250079686058008,-0.007424998910731048,0.10000000000000003,1.4,8.977782090176662e-06,0.008605406255619619,-0.007748583584369355,0.10250079686058008,0.05370741482965935,0.11503006012024042,0.00878173669558099,0.0993045671938054,0.8636363636363648
ascorbic_acid,0.1,7.0,DVP,1,0.010660479887502758,0.022191383305454965,0.09928552963999802,-0.005614177846605901,0.10000000000000003,1.4,3.0945596807978037e-06,0.006484706081585955,-0.006988308043960084,0.09928552963999802,0.04809619238476959,0.11222444889779559,0.008611711375182855,0.09622953324217558,0.6666666666666689
ascorbic_acid,0.1,7.0,DVP,2,0.010614779602896805,0.02240687403298162,0.10560054007699854,-0.005261073744842559,0.10000000000000003,1.4,-1.2427358958172763e-06,0.007063000354513543,-0.005986416358430873,0.10560054007699854,0.04809619238476959,0.10661322645290583,0.008394055560684684,0.10261105560857622,0.6521739130434792
ascorbic_acid,0.1,7.0,DVP,3,0.010895013079048907,0.022322672959115948,0.09831202704257455,-0.00613770188196229,0.10000000000000003,1.4,-8.566541262382098e-06,0.006445324668020502,-0.011864950042543322,0.09831202704257455,0.056513026052104176,0.11783567134268536,0.00889389811414505,0.09503106768974098,0.9090909090909076
ascorbic_acid,0.1,7.0,DVP,4,0.010762414166929126,0.02264717308354356,0.10128906408348959,-0.006653089096301024,0.10000000000000003,1.4,3.107526488150214e-06,0.006302202854480724,-0.0063067371431692375,0.10128906408348959,0.05370741482965935,0.11503006012024042,0.00892384645569704,0.09840282759675044,0.8636363636363648
ascorbic_acid,0.1,7.0,DVP,5,0.010756235802631933,0.022463146645177814,0.10097473953665732,-0.0054917845494058945,0.10000000000000003,1.4,-3.1010267939123592e-06,0.007442465456448853,-0.005336816862628074,0.10097473953665732,0.04809619238476959,0.11222444889779559,0.008661818304470426,0.09789200980927172,0.6666666666666689
ascorbic_acid,0.1,7.0,DVP,6,0.010759216362804842,0.022373044528898645,0.09982205631979814,-0.005566718110083146,0.10000000000000003,1.4,-1.0846782819057238e-05,0.006175546969504946,-0.006899476541420296,0.09982205631979814,0.056513026052104176,0.11222444889779559,0.00863863162520593,0.09665803610356194,0.904761904761905
ascorbic_acid,0.1,7.0,DVP,7,0.01042114586156189,0.0223008468735411,0.10327168489267334,-0.005079711890845155,0.10000000000000003,1.4,-6.2521960225130904e-06,0.006557898907069634,-0.007083892115445842,0.10327168489267334,0.056513026052104176,0.10941883767535077,0.008506928287306195,0.10079017065919495,0.9499999999999992
ascorbic_acid,0.1,7.0,DVP,8,0.010788528905655653,0.022391195771389674,0.10209984868248363,-0.005587463077092975,0.10000000000000003,1.4,7.70939500447182e-07,0.007766346120297675,-0.005456167446271434,0.10209984868248363,0.04529058116232465,0.11222444889779559,0.008664592791413205,0.09898212945770185,0.600000000000001
ascorbic_acid,0.1,7.0,DVP,9,0.010766315961514637,0.022355212018300787,0.09959261997782703,-0.004623839034417336,0.10000000000000003,1.4,3.067160917252068e-05,0.006352070523632895,-0.006097900918807287,0.09959261997782703,0.056513026052104176,0.10941883767535066,0.008476096004423382,0.09638974024248766,0.9500000000000011
ascorbic_acid,0.1,7.5,DVP,0,0.010770157639539129,0.022631675659801672,0.10305027859852584,-0.007530022344311301,0.10000000000000003,1.4,9.029302329596048e-06,0.007441322024406345,-0.007698993343377057,0.10305027859852584,0.03126252505010019,0.11222444889779559,0.008769666901801471,0.09988867715747786,0.7391304347826093
ascorbic_acid,0.1,7.5,DVP,1,0.010747047352384981,0.02244488003123533,0.10034423317653378,-0.005687197799881721,0.10000000000000003,1.4,3.084779505334728e-06,0.006726782027220515,-0.007298791155653982,0.10034423317653378,0.03687374749498995,0.11222444889779559,0.008699074042611336,0.09737897043485409,0.904761904761905
ascorbic_acid,0.1,7.5,DVP,2,0.010700870892273215,0.022710787312073696,0.1022630812312971,-0.0053268299787783404,0.10000000000000003,1.4,-1.2977086544962852e-06,0.00817301016745953,-0.005635168639068922,0.1022630812312971,0.04809619238476959,0.10941883767535077,0.00868552982231482,0.09950731552210582,0.6956521739130422
ascorbic_acid,0.1,7.5,DVP,3,0.010984024269655751,0.02251541200264877,0.10263294539689993,-0.00637212415571712,0.10000000000000003,1.4,-8.697824633893458e-06,0.006099391570293666,-0.011988750206739493,0.10263294539689993,0.02845691382765536,0.11503006012024042,0.00884349198420312,0.09940181409641045,0.7083333333333346
ascorbic_acid,0.1,7.5,DVP,4,0.01085004373913702,0.02286914341553278,0.10202363101704019,-0.006742549314654579,0.10000000000000003,1.4,3.097881420730919e-06,0.007098166589426143,-0.006366086236975833,0.10202363101704019,0.02004008016032066,0.11222444889779559,0.008842377378958986,0.09910021570404591,0.4814814814814826
ascorbic_acid,0.1,7.5,DVP,5,0.010843800999185067,0.022757831853984462,0.10255129716971595,-0.005570443952210488,0.10000000000000003,1.4,-3.175362071139734e-06,0.007179664372452908,-0.005464558766217337,0.10255129716971595,0.03126252505010019,0.11222444889779559,0.008818311369091726,0.09947925570790603,0.7391304347826093
ascorbic_acid,0.1,7.5,DVP,6,0.010846812615395376,0.022628539043230554,0.0997577629265734,-0.0056420146027118265,0.10000000000000003,1.4,-1.1001825236841138e-05,0.007391347989531723,-0.006733748714678137,0.0997577629265734,0.03967935871743489,0.12064128256513029,0.009184155204043495,0.09659869607290714,0.9545454545454538
ascorbic_acid,0.1,7.5,DVP,7,0.010505219578279455,0.022548609126411233,0.1005588383161982,-0.005147495979005254,0.10000000000000003,1.4,-6.359365003387255e-06,0.006471042479042649,-0.007266029097559235,0.1005588383161982,0.03126252505010019,0.11222444889779559,0.008765130230401208,0.09813624459216386,0.818181818181817
ascorbic_acid,0.1,7.5,DVP,8,0.010876430581178211,0.022626703681470014,0.10250143453104033,-0.005454444395565219,0.10000000000000003,1.4,7.369482938224537e-07,0.008358130872637173,-0.005976132522068384,0.10250143453104033,0.025651302605210424,0.11783567134268536,0.009041063317457281,0.09934968074757948,0.6153846153846151
ascorbic_acid,0.1,7.5,DVP,9,0.010853986188589923,0.02262963504154744,0.10202386324396975,-0.004503416524295149,0.10000000000000003,1.4,3.0949168903225436e-05,0.00639501903782772,-0.005932355234141719,0.10202386324396975,0.02845691382765536,0.11783567134268536,0.009024511601174536,0.0988235936792249,0.6800000000000007
ascorbic_acid,0.1,8.0,DVP,0,0.010856968475671497,0.022896048011237787,0.10845222246338322,-0.007634346689418779,0.10000000000000003,1.4,9.080479624548596e-06,0.007192911976001415,-0.007268957986537143,0.10845222246338322,0.014428857715430898,0.10100200400801607,0.00824673810328014,0.10527629572254975,0.8947368421052635
ascorbic_acid,0.1,8.0,DVP,1,0.010833621459654953,0.022717146841664464,0.10122275758774027,-0.005759731695848303,0.10000000000000003,1.4,3.0750644316083766e-06,0.007945241744637347,-0.0068564877896888955,0.10122275758774027,0.02004008016032066,0.11783567134268536,0.00908391755190467,0.09826389366669383,0.9090909090909076
ascorbic_acid,0.1,8.0,DVP,2,0.010786971993699566,0.022992783979137746,0.10600632436447015,-0.005392148506351702,0.10000000000000003,1.4,-1.3523154870145397e-06,0.007798194201178457,-0.006299111096352963,0.10600632436447015,0.017234468937875724,0.10661322645290583,0.008638767676663203,0.10324364601935826,1.0
ascorbic_acid,0.1,8.0,DVP,3,0.011073025835990388,0.02275098526030126,0.1000168125634161,-0.006536370780808161,0.10000000000000003,1.4,-8.828234117659823e-06,0.006250237266836989,-0.01211172629515921,0.1000168125634161,0.025651302605210424,0.11783567134268536,0.009038635107098182,0.09668890282026996,0.7499999999999992
ascorbic_acid,0.1,8.0,DVP,4,0.010937672883815397,0.023082657816240453,0.10505729017381657,-0.006828628721357776,0.10000000000000003,1.4,3.0883005557015145e-06,0.007236441773334122,-0.006397489460887921,0.10505729017381657,0.02004008016032066,0.10941883767535066,0.008769515505362393,0.10224118324681664,0.8571428571428567
ascorbic_acid,0.1,8.0,DVP,5,0.010931366196725217,0.023045606459482518,0.10725208108209475,-0.005645027048429415,0.10000000000000003,1.4,-3.249202535604151e-06,0.007315616205665589,-0.005665091567315657,0.10725208108209475,0.017234468937875724,0.10661322645290583,0.008620488054962792,0.10417181236160193,1.0
ascorbic_acid,0.1,8.0,DVP,6,0.010934408662248419,0.022916582212446364,0.10429390368279018,-0.005825065132519624,0.10000000000000003,1.4,-1.1155835614791804e-05,0.007277012715215837,-0.006217441331676952,0.10429390368279018,0.011623246492985961,0.11222444889779559,0.008831235485415909,0.10112031161784779,0.818181818181817
ascorbic_acid,0.1,8.0,DVP,7,0.010589316537019099,0.02283683797489764,0.10048044201240418,-0.005214828862391558,0.10000000000000003,1.4,-6.465820613954537e-06,0.006261965099489078,-0.006755826724964735,0.10048044201240418,0.008817635270541135,0.11783567134268536,0.009154839667365572,0.09805185910378263,0.6800000000000007
ascorbic_acid,0.1,8.0,DVP,8,0.01096433001791557,0.02287844160248248,0.10251907584943334,-0.0050903119088883475,0.10000000000000003,1.4,7.031833496601164e-07,0.007985211179372967,-0.006470054076241835,0.10251907584943334,0.006012024048096198,0.12064128256513029,0.009246414410938084,0.09936492524580322,0.6538461538461542
ascorbic_acid,0.1,8.0,DVP,9,0.010941655717516569,0.02291389216498853,0.10235632515850052,-0.004572781865663408,0.10000000000000003,1.4,3.122488105761984e-05,0.006942388121165521,-0.005993271063691704,0.10235632515850052,0.011623246492985961,0.11222444889779559,0.008835941918269821,0.09915786564470888,0.818181818181817
ascorbic_acid,0.2,6.0,DVP,0,0.018886910251196837,0.0434074456125091,0.2019536084584295,-0.0167209246370915,0.10000000000000003,1.4,1.3537986443943273e-05,0.01637973152529623,-0.013875001871413009,0.2019536084584295,0.0929859719438878,0.10661322645290583,0.01623972039996912,0.1977343081232865,0.8095238095238101
ascorbic_acid,0.2,6.0,DVP,1,0.01884294431580502,0.04311281361305189,0.19617128723885702,-0.012077383619576668,0.10000000000000003,1.4,2.228888262541695e-06,0.013058456879411089,-0.01405167615283194,0.19617128723885702,0.0845691382765531,0.11222444889779559,0.01673320039181739,0.19218782944102997,0.600000000000001
ascorbic_acid,0.2,6.0,DVP,2,0.01875509636963477,0.043225396759803865,0.19144332552555782,-0.011081346858099899,0.10000000000000003,1.4,-6.108532644664377e-06,0.01612231012253993,-0.01141820756117559,0.19144332552555782,0.09859719438877756,0.10941883767535077,0.016489757233898655,0.18775150936627488,0.9499999999999992
ascorbic_acid,0.2,6.0,DVP,3,0.019293778689457895,0.043664313381959335,0.20067839249418498,-0.012470322561644327,0.10000000000000003,1.4,-2.0186809512103553e-05,0.011932380112671788,-0.022822858121517364,0.20067839249418498,0.0929859719438878,0.10941883767535066,0.01659175978161401,0.19595574605507127,0.772727272727274
ascorbic_acid,0.2,6.0,DVP,4,0.01903888876492961,0.0440504683415951,0.1952600355445894,-0.014086521543969461,0.10000000000000003,1.4,2.253813870863819e-06,0.01378139531946243,-0.012123244394473622,0.1952600355445894,0.09018036072144286,0.11222444889779559,0.0170818238449953,0.19160584414132745,0.7391304347826093
ascorbic_acid,0.2,6.0,DVP,5,0.01902701232654679,0.04352278011430513,0.19250700888170727,-0.011830521087273567,0.10000000000000003,1.4,-9.680655667356819e-06,0.01617193556221181,-0.01284083521816929,0.19250700888170727,0.0929859719438878,0.10941883767535077,0.016575364716729164,0.18843682778763457,0.8571428571428585
ascorbic_acid,0.2,6.0,DVP,6,0.01903274174578093,0.04350585521478015,0.1976024107390524,-0.011653572246795937,0.10000000000000003,1.4,-2.457003248879064e-05,0.013969836473507226,-0.0119045377789221,0.1976024107390524,0.09018036072144286,0.10941883767535077,0.016573186297237714,0.19326637713889866,0.7727272727272726
ascorbic_acid,0.2,6.0,DVP,7,0.018382881477928877,0.04338797040570134,0.19437763234593966,-0.011079476205361385,0.10000000000000003,1.4,-1.573803030198656e-05,0.011702332797658997,-0.012534780168124988,0.19437763234593966,0.08737474949899804,0.10941883767535077,0.016626334861434236,0.19140897980229352,0.6956521739130451
ascorbic_acid,0.2,6.0,DVP,8,0.019089088149499733,0.04347066474279154,0.1972626831219718,-0.013139618283861064,0.10000000000000003,1.4,-2.2377198184276304e-06,0.014585901406302615,-0.009977133689027085,0.1972626831219718,0.0845691382765531,0.10941883767535077,0.01656606074564543,0.19309103846905204,0.6250000000000004
ascorbic_acid,0.2,6.0,DVP,9,0.019046389038585913,0.043452494493090965,0.19305231016360105,-0.011652306716435416,0.10000000000000003,1.4,5.5239218070588406e-05,0.012333729166982887,-0.011298997498690948,0.19305231016360105,0.09579158316633263,0.11503006012024053,0.017111148408049018,0.18884882554994858,0.8636363636363632
ascorbic_acid,0.2,6.5,DVP,0,0.019059175583261177,0.04385496518869267,0.1977141642360796,-0.016925589522917155,0.10000000000000003,1.4,1.3638386740839281e-05,0.015705692126085732,-0.013530991136394124,0.1977141642360796,0.07334669338677358,0.11222444889779559,0.016984653128777144,0.19346386390336384,0.8181818181818203
ascorbic_acid,0.2,6.5,DVP,1,0.019014745230043237,0.04354206550449387,0.1947497848311953,-0.012219681579968524,0.10000000000000003,1.4,2.2098291018837755e-06,0.012592941050776907,-0.012693711069175675,0.1947497848311953,0.0845691382765531,0.11222444889779559,0.01690448385129366,0.19081022229230368,0.818181818181817
ascorbic_acid,0.2,6.5,DVP,2,0.018925969334727236,0.043812647408205535,0.19322285010860107,-0.011209489612954412,0.10000000000000003,1.4,-6.215661053903976e-06,0.015082104695288368,-0.01230464298668095,0.19322285010860107,0.0761523046092184,0.10661322645290583,0.016433593183560732,0.18938513874378593,0.8999999999999985
ascorbic_acid,0.2,6.5,DVP,3,0.01947034182512698,0.043946560524762375,0.19820222502736778,-0.012769253185130412,0.10000000000000003,1.4,-2.0442648569256872e-05,0.013876237709876095,-0.02306411424496007,0.19820222502736778,0.07895791583166334,0.10941883767535077,0.01671064955639589,0.19345581502560472,0.9499999999999992
ascorbic_acid,0.2,6.5,DVP,4,0.019212759465567036,0.0444656449770408,0.1954556291867837,-0.014300985864993168,0.10000000000000003,1.4,2.235018002610112e-06,0.011904755152048807,-0.01225107138769699,0.1954556291867837,0.07334669338677358,0.12064128256513029,0.018006429539087307,0.19179398271105144,0.8695652173913055
ascorbic_acid,0.2,6.5,DVP,5,0.019200757574839196,0.04399509752724268,0.19723994212880105,-0.01203314936936164,0.10000000000000003,1.4,-9.825516871180218e-06,0.015132254334857445,-0.011898334711949874,0.19723994212880105,0.0761523046092184,0.11503006012024042,0.017293789936498202,0.19315182665584196,0.9523809523809516
ascorbic_acid,0.2,6.5,DVP,6,0.01920654751466506,0.04391876971853157,0.19740309316089583,-0.011787584215357916,0.10000000000000003,1.4,-2.4872172093585942e-05,0.014422794982929116,-0.01215574665801994,0.19740309316089583,0.07895791583166334,0.11503006012024053,0.017227880164013967,0.1930422724389301,0.9523809523809534
ascorbic_acid,0.2,6.5,DVP,7,0.01854982268928258,0.043788937268603736,0.1943177675892619,-0.011224210655232136,0.10000000000000003,1.4,-1.594687633257935e-05,0.011652063812403274,-0.011701705390814651,0.1943177675892619,0.0761523046092184,0.11503006012024053,0.01731198800591159,0.19141028770512747,0.8636363636363632
ascorbic_acid,0.2,6.5,DVP,8,0.019263489112688076,0.043935596816735256,0.1980951521853731,-0.013294569065850767,0.10000000000000003,1.4,-2.3039603343005254e-06,0.014928337392533492,-0.010082684599341125,0.1980951521853731,0.0761523046092184,0.11222444889779559,0.017057069894433716,0.193921039433786,0.904761904761905
ascorbic_acid,0.2,6.5,DVP,9,0.019220338965577916,0.04384882355626961,0.19301010763828766,-0.011729569693734284,0.10000000000000003,1.4,5.578011383666698e-05,0.012660977210345446,-0.011418502968963844,0.19301010763828766,0.07895791583166334,0.12064128256513029,0.017702524695195038,0.18868555558339,0.9545454545454538
ascorbic_acid,0.2,7.0,DVP,0,0.019231450631138434,0.044334804956329577,0.2011926769466868,-0.017129295512700534,0.10000000000000003,1.4,1.3738316642254722e-05,0.016982109530269386,-0.015261962151237402,0.2011926769466868,0.05370741482965935,0.11503006012024042,0.017429444004871616,0.19697553073592866,0.8636363636363648
ascorbic_acid,0.2,7.0,DVP,1,0.019186558035984826,0.04399039733572989,0.19486243072779696,-0.012361312845941858,0.10000000000000003,1.4,2.1908592372080206e-06,0.012723910179039191,-0.013765107111876201,0.19486243072779696,0.04809619238476959,0.11222444889779559,0.017090843440035433,0.19089924051629034,0.6666666666666689
ascorbic_acid,0.2,7.0,DVP,2,0.019096858539150496,0.04441502064864711,0.2072573920193229,-0.011342061434683252,0.10000000000000003,1.4,-6.322287545109218e-06,0.013930865410278315,-0.011797414478442,0.2072573920193229,0.04809619238476959,0.10661322645290583,0.01665476682391393,0.20339895036440037,0.6521739130434792
ascorbic_acid,0.2,7.0,DVP,3,0.019646894540539098,0.04424656832915303,0.19297168900904366,-0.013444706758774086,0.10000000000000003,1.4,-2.0697288969233286e-05,0.012728415977626972,-0.02330424003518865,0.19297168900904366,0.056513026052104176,0.11783567134268536,0.01763326487231904,0.188421240342729,0.9090909090909076
ascorbic_acid,0.2,7.0,DVP,4,0.01938663236054438,0.04488260114945313,0.19881431494435198,-0.01448752188263709,0.10000000000000003,1.4,2.2163101967608846e-06,0.012445669763813248,-0.012376674955055102,0.19881431494435198,0.05370741482965935,0.11503006012024042,0.017697815083598148,0.19511382492243845,0.8636363636363648
ascorbic_acid,0.2,7.0,DVP,5,0.019374505605240865,0.04451978517509921,0.1981779741447449,-0.012201974925119584,0.10000000000000003,1.4,-9.96969937127612e-06,0.014698446745634045,-0.010500288123045144,0.1981779741447449,0.04809619238476959,0.11222444889779559,0.017173720561365638,0.19402444899560978,0.6666666666666689
ascorbic_acid,0.2,7.0,DVP,6,0.01938035578210737,0.04434665397109515,0.19593554071237468,-0.011947978880498587,0.10000000000000003,1.4,-2.517289611387352e-05,0.012184747335442798,-0.013596057549974526,0.19593554071237468,0.056513026052104176,0.11222444889779559,0.01713214851728409,0.19165755304368726,0.904761904761905
ascorbic_acid,0.2,7.0,DVP,7,0.0187167985610201,0.0442078846606089,0.2027063945466621,-0.011371505105211106,0.10000000000000003,1.4,-1.615474387772764e-05,0.012959961682953457,-0.013954676211191494,0.2027063945466621,0.056513026052104176,0.10941883767535077,0.016869827766286954,0.19976188093731356,0.9499999999999992
ascorbic_acid,0.2,7.0,DVP,8,0.019437889785830182,0.044380563008085946,0.20036436053391246,-0.013383728307710408,0.10000000000000003,1.4,-2.3698905001011127e-06,0.015332236742538224,-0.010757855803112504,0.20036436053391246,0.04529058116232465,0.11222444889779559,0.017192752035111357,0.19626321772144226,0.600000000000001
ascorbic_acid,0.2,7.0,DVP,9,0.01939429071571851,0.04431122061134227,0.19548520819020834,-0.011462608496351365,0.10000000000000003,1.4,5.631847539784804e-05,0.012553545662749674,-0.012022578995024007,0.19548520819020834,0.056513026052104176,0.10941883767535066,0.016811155162227025,0.19115217883957783,0.9500000000000011
ascorbic_acid,0.2,7.5,DVP,0,0.019403734767230656,0.04483901807996539,0.20222950324030528,-0.01733194646809092,0.10000000000000003,1.4,1.3837728986570209e-05,0.014669602504378418,-0.015160784221211324,0.20222950324030528,0.03126252505010019,0.11222444889779559,0.017380734904347397,0.19791765319782956,0.7391304347826093
ascorbic_acid,0.2,7.5,DVP,1,0.019358382324185523,0.04447132845768448,0.19692380465554296,-0.012502210575043367,0.10000000000000003,1.4,2.1719876212846768e-06,0.013265849769228972,-0.01437871596547282,0.19692380465554296,0.03687374749498995,0.11222444889779559,0.017237533178115362,0.19295566309985857,0.904761904761905
ascorbic_acid,0.2,7.5,DVP,2,0.01926776400935128,0.0449951543141746,0.20063084244890997,-0.011476111739943017,0.10000000000000003,1.4,-6.428361796226051e-06,0.016130998441226813,-0.011113964431718158,0.20063084244890997,0.04809619238476959,0.10941883767535077,0.017196797165045016,0.1969701609145653,0.6956521739130422
ascorbic_acid,0.2,7.5,DVP,3,0.019823434189263866,0.04460814954915032,0.20139872757773472,-0.013905356071375925,0.10000000000000003,1.4,-2.0950610535255986e-05,0.012059810958720697,-0.023543122165553015,0.20139872757773472,0.02845691382765536,0.11503006012024042,0.017507714210490716,0.19677742241850926,0.7083333333333346
ascorbic_acid,0.2,7.5,DVP,4,0.01956050606816451,0.04530181586485646,0.20011311364209605,-0.014660393622710466,0.10000000000000003,1.4,2.1976992824087327e-06,0.014023299974893377,-0.012490846343312757,0.20011311364209605,0.02004008016032066,0.11222444889779559,0.017525237830714926,0.19628484644019425,0.4814814814814826
ascorbic_acid,0.2,7.5,DVP,5,0.019548255094984122,0.04508183913556399,0.20125028447596313,-0.012354079026975974,0.10000000000000003,1.4,-1.0113135121144423e-05,0.014182796236494488,-0.010779635019455051,0.20125028447596313,0.03126252505010019,0.11222444889779559,0.017479130329329646,0.19714033240217468,0.7391304347826093
ascorbic_acid,0.2,7.5,DVP,6,0.019554165196911496,0.04483160418690665,0.19576651637651796,-0.012476846989197706,0.10000000000000003,1.4,-2.5472062623849766e-05,0.014595191827398664,-0.013264935819936513,0.19576651637651796,0.03967935871743489,0.12064128256513029,0.01821083295107382,0.1915438022329253,0.9545454545454538
ascorbic_acid,0.2,7.5,DVP,7,0.01888381096647385,0.04467760708104407,0.1973402129103788,-0.011518036687546748,0.10000000000000003,1.4,-1.6361534834964414e-05,0.012786030464561143,-0.01431361172505198,0.1973402129103788,0.03126252505010019,0.11222444889779559,0.017370860857423658,0.1944782229591161,0.818181818181817
ascorbic_acid,0.2,7.5,DVP,8,0.019612288538145593,0.04482624192471153,0.2011198326835285,-0.013115147155236838,0.10000000000000003,1.4,-2.4354792002849734e-06,0.016494285845751168,-0.011783435710169807,0.2011198326835285,0.025651302605210424,0.11783567134268536,0.01793310692779046,0.19695448869510065,0.6153846153846151
ascorbic_acid,0.2,7.5,DVP,9,0.019568242870095114,0.04483336415757366,0.20020344326705874,-0.01102072378078166,0.10000000000000003,1.4,5.685404867599861e-05,0.012533835340764812,-0.011655778075331257,0.20020344326705874,0.02845691382765536,0.11783567134268536,0.017893768295560643,0.19588469932844377,0.6800000000000007
ascorbic_acid,0.2,8.0,DVP,0,0.019576027298089535,0.04534213686402371,0.21280054704699874,-0.017533447745233702,0.10000000000000003,1.4,1.3936577345340456e-05,0.014208533067650214,-0.014267445925923217,0.21280054704699874,0.014428857715430898,0.10100200400801607,0.016361241272755286,0.20867568216127463,0.8947368421052635
ascorbic_acid,0.2,8.0,DVP,1,0.019530217615959324,0.044989873509338134,0.19860572423867856,-0.012642308963951052,0.10000000000000003,1.4,2.153223067705351e-06,0.015681403295105673,-0.013498708840239793,0.19860572423867856,0.02004008016032066,0.11783567134268536,0.017992212389232386,0.19465066925383995,0.9090909090909076
ascorbic_acid,0.2,8.0,DVP,2,0.019438685695758202,0.045532968074042876,0.20799948687533018,-0.011609389121735985,0.10000000000000003,1.4,-6.5338342675060055e-06,0.015384962514347206,-0.01241541681938435,0.20799948687533018,0.017234468937875724,0.10661322645290583,0.017101023344270994,0.20434768842342602,1.0
ascorbic_acid,0.2,8.0,DVP,3,0.019999958090405275,0.04505458580427746,0.1962068173239666,-0.014226945481881989,0.10000000000000003,1.4,-2.1202494958813987e-05,0.012342928630572007,-0.023780649071176684,0.1962068173239666,0.025651302605210424,0.11783567134268536,0.017903371065051972,0.19152772032568596,0.7499999999999992
ascorbic_acid,0.2,8.0,DVP,4,0.019734379152603173,0.04570507408903854,0.20612954307538275,-0.014826748886082491,0.10000000000000003,1.4,2.179193951389824e-06,0.014292467238966433,-0.012549714656496467,0.20612954307538275,0.02004008016032066,0.10941883767535066,0.01736673202910592,0.20244169838532827,0.8571428571428567
ascorbic_acid,0.2,8.0,DVP,5,0.01972200466625806,0.045631060586630925,0.2104438129170618,-0.012498259155940236,0.10000000000000003,1.4,-1.0255757132133975e-05,0.014440584810417836,-0.011169924165128367,0.2104438129170618,0.017234468937875724,0.10661322645290583,0.017080965519837524,0.20631714736085915,1.0
ascorbic_acid,0.2,8.0,DVP,6,0.019727974353279786,0.045381259408200404,0.20463731092840343,-0.012836110235434177,0.10000000000000003,1.4,-2.576953190408654e-05,0.014366393937119706,-0.01220516825897579,0.20463731092840343,0.011623246492985961,0.11222444889779559,0.01750068211019442,0.20033736980965525,0.818181818181817
ascorbic_acid,0.2,8.0,DVP,7,0.019050861674246477,0.04522758589487265,0.1971443371894173,-0.011663736967744484,0.10000000000000003,1.4,-1.6567152626921114e-05,0.012374747184895521,-0.013298873677067738,0.1971443371894173,0.008817635270541135,0.11783567134268536,0.01812700204364533,0.19418466834774872,0.6800000000000007
ascorbic_acid,0.2,8.0,DVP,8,0.01978668368859895,0.04530452049866852,0.2011248749184556,-0.011612433324074205,0.10000000000000003,1.4,-2.5006958030286684e-06,0.015751912548474606,-0.012747441799652759,0.2011248749184556,0.006012024048096198,0.12064128256513029,0.018326421987844958,0.1968928730639421,0.6538461538461542
ascorbic_acid,0.2,8.0,DVP,9,0.019742193956246552,0.045375577503158786,0.20083554644436208,-0.011154702142798591,0.10000000000000003,1.4,5.738658354287954e-05,0.01364266350601587,-0.01177343630208182,0.20083554644436208,0.011623246492985961,0.11222444889779559,0.017507695594183758,0.1964670207008507,0.818181818181817
ascorbic_acid,0.5,6.0,DVP,0,0.04324509751058806,0.10601809341427956,0.49012111898769367,-0.04436651739608284,0.10000000000000003,1.4,2.7099793645517177e-05,0.039847352777837686,-0.033739373262474934,0.49012111898769367,0.0929859719438878,0.10661322645290583,0.03970054041939579,0.4830549368576218,0.8095238095238101
ascorbic_acid,0.5,6.0,DVP,1,0.043138399240597085,0.10530220302568155,0.4760187332614549,-0.031298616660314915,0.10000000000000003,1.4,-3.455728719934381e-07,0.031817231360704856,-0.03415981602359838,0.4760187332614549,0.0845691382765531,0.11222444889779559,0.04089500123169969,0.46940485742921356,0.600000000000001
ascorbic_acid,0.5,6.0,DVP,2,0.042925206372184464,0.10557726185251946,0.4646142770831696,-0.029356087254777476,0.10000000000000003,1.4,-2.0579155509496184e-05,0.039255513108637716,-0.02774366254205396,0.4646142770831696,0.09859719438877756,0.10941883767535077,0.04026137494672365,0.45836684181531256,0.9499999999999992
ascorbic_acid,0.5,6.0,DVP,3,0.04423250192014973,0.10663803558449235,0.4870263744761261,-0.03252104515707096,0.10000000000000003,1.4,-5.474487432846309e-05,0.02905907956389428,-0.05541109872895455,0.4870263744761261,0.0929859719438878,0.10941883767535066,0.040519646919056615,0.4783634461312607,0.772727272727274
ascorbic_acid,0.5,6.0,DVP,4,0.043613924975455416,0.10757289606441875,0.47386477292738605,-0.036302401001681896,0.10000000000000003,1.4,-2.8508242040303776e-07,0.03357532841292121,-0.029418166833478497,0.47386477292738605,0.09018036072144286,0.11222444889779559,0.04175129937233765,0.46814126373838044,0.7391304347826093
ascorbic_acid,0.5,6.0,DVP,5,0.04358510276531004,0.10629043796072447,0.4671957377089569,-0.030818043535784077,0.10000000000000003,1.4,-2.9248124867695124e-05,0.03937594608733688,-0.031236963916158877,0.4671957377089569,0.0929859719438878,0.10941883767535077,0.04049061892122815,0.46022645767286063,0.8571428571428585
ascorbic_acid,0.5,6.0,DVP,6,0.04359900714639252,0.10625509929633946,0.47954934164386304,-0.029930416951009807,0.10000000000000003,1.4,-6.538225311795809e-05,0.03402351190744332,-0.028965313317913216,0.47954934164386304,0.09018036072144286,0.10941883767535077,0.04048645344945809,0.4719451271265472,0.7727272727272726
ascorbic_acid,0.5,6.0,DVP,7,0.04202190055926438,0.10597345888577916,0.471700966605877,-0.03106602474570019,0.10000000000000003,1.4,-4.3948401080230795e-05,0.028528544827619767,-0.0304723190365805,0.471700966605877,0.08737474949899804,0.10941883767535077,0.040577373063784686,0.46706729748389497,0.6956521739130451
ascorbic_acid,0.5,6.0,DVP,8,0.043735750826321786,0.10616713828774307,0.4786673759336927,-0.03547079837607819,0.10000000000000003,1.4,-1.1185313928789187e-05,0.035527735586749515,-0.024234672161267554,0.4786673759336927,0.0845691382765531,0.10941883767535077,0.04049727989937059,0.47171909219638236,0.6250000000000004
ascorbic_acid,0.5,6.0,DVP,9,0.043632126936051834,0.10612502706221211,0.4685230764585008,-0.031823712013493,0.10000000000000003,1.4,0.0001283019910149833,0.030059314605146978,-0.027441482922158193,0.4685230764585008,0.09579158316633263,0.11503006012024053,0.041774127945461655,0.46099816789441656,0.8636363636363632
ascorbic_acid,0.5,6.5,DVP,0,0.04366588324925996,0.10707836242169513,0.47977439853408166,-0.044857556154682406,0.10000000000000003,1.4,2.734067735623036e-05,0.03822561113589462,-0.032885184034164294,0.47977439853408166,0.07334669338677358,0.11222444889779559,0.04151779324810624,0.47268488821513976,0.8181818181818203
ascorbic_acid,0.5,6.5,DVP,1,0.04355807073267077,0.10631802383411931,0.4725428898817618,-0.031640022630075995,0.10000000000000003,1.4,-3.9130024018119156e-07,0.030551299886829496,-0.03083891813414523,0.4725428898817618,0.0845691382765531,0.11222444889779559,0.04130956329150462,0.46608536736672346,0.818181818181817
ascorbic_acid,0.5,6.5,DVP,2,0.043342651497997355,0.10697659657689249,0.4688785528411662,-0.02968135133702718,0.10000000000000003,1.4,-2.0836181529719667e-05,0.03671112961547701,-0.029935729419522633,0.4688785528411662,0.0761523046092184,0.10661322645290583,0.04014262552235653,0.4625316472183679,0.8999999999999985
ascorbic_acid,0.5,6.5,DVP,3,0.044663599091279836,0.10729724912774938,0.48095559117012837,-0.033048359093122814,0.10000000000000003,1.4,-5.5358691850300514e-05,0.03380378810160585,-0.055989928394242355,0.48095559117012837,0.07895791583166334,0.10941883767535077,0.040811044300742616,0.47233283084970146,0.9499999999999992
ascorbic_acid,0.5,6.5,DVP,4,0.04403856236746803,0.10855493479079589,0.47429394812498626,-0.036819065122489135,0.10000000000000003,1.4,-3.301780887522421e-07,0.029011628633462044,-0.029724844517573863,0.47429394812498626,0.07334669338677358,0.12064128256513029,0.04400007116903084,0.4685428983289065,0.8695652173913055
ascorbic_acid,0.5,6.5,DVP,5,0.044009439167910065,0.10741096417204994,0.4786262313694858,-0.03130681971551037,0.10000000000000003,1.4,-2.9595680655816524e-05,0.03683282027189522,-0.028931782377378992,0.4786262313694858,0.0761523046092184,0.11503006012024042,0.04226107248589125,0.4718338087712591,0.9523809523809516
ascorbic_acid,0.5,6.5,DVP,6,0.04402348875199653,0.10723141412484416,0.4790164569663476,-0.030272923222935146,0.10000000000000003,1.4,-6.610715644400911e-05,0.035126634893964725,-0.029553406730200682,0.4790164569663476,0.07895791583166334,0.11503006012024053,0.04207518829430005,0.47132473211676496,0.9523809523809534
ascorbic_acid,0.5,6.5,DVP,7,0.04242991249155612,0.10692074980148994,0.4715354259132418,-0.03142108197257927,0.10000000000000003,1.4,-4.4449471379544245e-05,0.028406716778712593,-0.028434081806092998,0.4715354259132418,0.0761523046092184,0.11503006012024053,0.04225765954478728,0.46718234959608596,0.8636363636363632
ascorbic_acid,0.5,6.5,DVP,8,0.04416166044177264,0.10726969982036484,0.48070144215971194,-0.035842114122463575,0.10000000000000003,1.4,-1.134424036383308e-05,0.03634850504455152,-0.02448791339392961,0.48070144215971194,0.0761523046092184,0.11222444889779559,0.04170732170824097,0.473919821642953,0.904761904761905
ascorbic_acid,0.5,6.5,DVP,9,0.044056954410552907,0.10706106092552597,0.4683566536960669,-0.03200597444090868,0.10000000000000003,1.4,0.00012959972601448179,0.030850238790526563,-0.02773898638186753,0.4683566536960669,0.07895791583166334,0.12064128256513029,0.043211415159171936,0.460559771786337,0.9545454545454538
ascorbic_acid,0.5,7.0,DVP,0,0.04408669167497279,0.1082173227413012,0.4881582975047508,-0.045346404093811805,0.10000000000000003,1.4,2.7580486339835676e-05,0.041338985205789464,-0.03710855521489986,0.4881582975047508,0.05370741482965935,0.11783567134268536,0.043210331692627495,0.48101856977708446,0.8260869565217396
ascorbic_acid,0.5,7.0,DVP,1,0.0439777698831096,0.10738037681713815,0.4727706508138584,-0.031979905382472563,0.10000000000000003,1.4,-4.368235910763296e-07,0.03086559593932629,-0.033469953632432214,0.4727706508138584,0.04809619238476959,0.11222444889779559,0.04176575220325901,0.46634963154817916,0.6666666666666689
ascorbic_acid,0.5,7.0,DVP,2,0.0437601342153343,0.10841300566383197,0.502844238436235,-0.030004823043517412,0.10000000000000003,1.4,-2.1092060802281098e-05,0.033900503803194336,-0.0286940090120128,0.502844238436235,0.04809619238476959,0.10661322645290583,0.0406753994653159,0.496468760650207,0.6521739130434792
ascorbic_acid,0.5,7.0,DVP,3,0.045094672943949025,0.10799967006876608,0.46821285995769985,-0.034691228631349914,0.10000000000000003,1.4,-5.596977076300047e-05,0.030997712247098047,-0.05656617555226505,0.46821285995769985,0.056513026052104176,0.11783567134268536,0.04301575524515336,0.459725877611154,0.9090909090909076
ascorbic_acid,0.5,7.0,DVP,4,0.04446320526197949,0.10954149175981563,0.48238773667824403,-0.03726764183059888,0.10000000000000003,1.4,-3.7507255820201646e-07,0.030308981238641716,-0.030026186438846303,0.48238773667824403,0.05370741482965935,0.11503006012024042,0.04323441879057412,0.4765335278324473,0.8636363636363648
ascorbic_acid,0.5,7.0,DVP,5,0.04443378241590374,0.10865888930564027,0.4808150716974917,-0.03171314386373324,0.10000000000000003,1.4,-2.9941685788533956e-05,0.03579660772495716,-0.025514073787950148,0.4808150716974917,0.04809619238476959,0.11222444889779559,0.04195653299881056,0.4738404500963469,0.6666666666666689
ascorbic_acid,0.5,7.0,DVP,6,0.04444797655515625,0.10824426909933672,0.47540397994617406,-0.031064823733476805,0.10000000000000003,1.4,-6.682882554033908e-05,0.02965765301486211,-0.03306765463638606,0.47540397994617406,0.056513026052104176,0.11222444889779559,0.041840740098201545,0.46799436172845665,0.904761904761905
ascorbic_acid,0.5,7.0,DVP,7,0.042838004102521664,0.10791187712259354,0.49183193492518307,-0.0317745550756229,0.10000000000000003,1.4,-4.494830610289002e-05,0.03157519036975408,-0.033932802274205726,0.49183193492518307,0.056513026052104176,0.10941883767535077,0.04117794268019576,0.48746234910144276,0.9499999999999992
ascorbic_acid,0.5,7.0,DVP,8,0.04458756988356842,0.10832403288842497,0.4860873257634515,-0.036052868747505705,0.10000000000000003,1.4,-1.1502457732464722e-05,0.037331518705668504,-0.0261735342560811,0.4860873257634515,0.04529058116232465,0.11222444889779559,0.04201438884669018,0.47934387753863195,0.600000000000001
ascorbic_acid,0.5,7.0,DVP,9,0.04448178653948054,0.10815767200309045,0.4743113493000554,-0.031347645854898,0.10000000000000003,1.4,0.0001308916710376461,0.030585527221104664,-0.029249719862792622,0.4743113493000554,0.056513026052104176,0.10941883767535066,0.04101780579690016,0.46642590607621237,0.9500000000000011
ascorbic_acid,0.5,7.5,DVP,0,0.044507520569287536,0.10941611149824768,0.4906121718140945,-0.045832925843388564,0.10000000000000003,1.4,2.78191541891567e-05,0.03568721805383565,-0.03685737615829868,0.4906121718140945,0.03126252505010019,0.11222444889779559,0.04246311169218077,0.48334818592759554,0.7391304347826093
ascorbic_acid,0.5,7.5,DVP,1,0.04439749478065172,0.1085225040725625,0.4777474817252773,-0.03231817079820568,0.10000000000000003,1.4,-4.82130318491425e-07,0.03227944674214585,-0.034964958874023,0.4777474817252773,0.03687374749498995,0.11222444889779559,0.042102935249822185,0.47120357843878663,0.904761904761905
ascorbic_acid,0.5,7.5,DVP,2,0.04417765322670132,0.10979617440783065,0.4866540250662764,-0.03032664995877064,0.10000000000000003,1.4,-2.134672246987096e-05,0.0392703797295655,-0.027044616813421296,0.4866540250662764,0.04809619238476959,0.10941883767535077,0.04193949510637848,0.4803123305707697,0.6956521739130422
ascorbic_acid,0.5,7.5,DVP,3,0.045525718417047445,0.10885209419261212,0.488579232688162,-0.0358096765645992,0.10000000000000003,1.4,-5.657794184844878e-05,0.029390876565070084,-0.05713968063041077,0.488579232688162,0.02845691382765536,0.11503006012024042,0.04269031091069755,0.47982622596472224,0.7083333333333346
ascorbic_acid,0.5,7.5,DVP,4,0.04488785037872136,0.11053412085074404,0.48532714773648916,-0.03768304861074987,0.10000000000000003,1.4,-4.197533967126299e-07,0.03415945704955961,-0.030299764190969337,0.48532714773648916,0.02004008016032066,0.11222444889779559,0.042790965059867764,0.47903395147409866,0.4814814814814826
ascorbic_acid,0.5,7.5,DVP,5,0.044858129311999825,0.1099982376731807,0.48823657064335857,-0.0320788025520633,0.10000000000000003,1.4,-3.0286044451158345e-05,0.03454574888732309,-0.026234241355792415,0.48823657064335857,0.03126252505010019,0.11222444889779559,0.04269897745434047,0.4814370577518633,0.7391304347826093
ascorbic_acid,0.5,7.5,DVP,6,0.04487246731855066,0.10939628982453432,0.4749304302540489,-0.032350436543748945,0.10000000000000003,1.4,-6.754706056453674e-05,0.035541753140581,-0.03225561832599548,0.4749304302540489,0.03967935871743489,0.12064128256513029,0.04448819141248078,0.46786824525950665,0.9545454545454538
ascorbic_acid,0.5,7.5,DVP,7,0.04324617669522368,0.10902688037070606,0.4787506713457652,-0.0321263461721358,0.10000000000000003,1.4,-4.5444767114473425e-05,0.03114807245322254,-0.034805813518838574,0.4787506713457652,0.03126252505010019,0.11222444889779559,0.042374524967452934,0.4744403886952446,0.818181818181817
ascorbic_acid,0.5,7.5,DVP,8,0.045013475520712276,0.10938071261789707,0.48787179038845546,-0.03539011364105123,0.10000000000000003,1.4,-1.1659922221612384e-05,0.04015172107526721,-0.02866928651864928,0.48787179038845546,0.025651302605210424,0.11783567134268536,0.043808430309300816,0.4809289367923135,0.6153846153846151
ascorbic_acid,0.5,7.5,DVP,9,0.044906619990164036,0.109399989032017,0.48567945287265596,-0.029971047957334726,0.10000000000000003,1.4,0.00013217746832298494,0.030383624283151105,-0.028297730644328514,0.48567945287265596,0.02845691382765536,0.11783567134268536,0.04364878786344541,0.4778195687373904,0.6800000000000007
ascorbic_acid,0.5,8.0,DVP,0,0.04492836756635121,0.11061329405263794,0.5162133677593576,-0.046316987738295526,0.10000000000000003,1.4,2.805661533348902e-05,0.034607800549521284,-0.03461689547275343,0.5162133677593576,0.014428857715430898,0.10100200400801607,0.03992219050633935,0.5089973169096403,0.8947368421052635
ascorbic_acid,0.5,8.0,DVP,1,0.04481724336275202,0.10975701175422954,0.4817654272698683,-0.03265472594351134,0.10000000000000003,1.4,-5.272079750280879e-07,0.038175780726467407,-0.03281224389491849,0.4817654272698683,0.02004008016032066,0.11783567134268536,0.04394971964902739,0.47537988642372725,0.9090909090909076
ascorbic_acid,0.5,8.0,DVP,2,0.04459520707559023,0.11107768275495153,0.5045642209453692,-0.030646819333116793,0.10000000000000003,1.4,-2.1600096567704174e-05,0.037444950378791725,-0.030199751921737045,0.5045642209453692,0.017234468937875724,0.10661322645290583,0.041705641563385104,0.49831759103581136,1.0
ascorbic_acid,0.5,8.0,DVP,3,0.045956730337857805,0.10991152570607456,0.47589775424310554,-0.0365887703819274,0.10000000000000003,1.4,-5.718303802001595e-05,0.03005860044204768,-0.057710286066058235,0.47589775424310554,0.025651302605210424,0.11783567134268536,0.04366132651129343,0.46713732751287856,0.7499999999999992
ascorbic_acid,0.5,8.0,DVP,4,0.04531249430338607,0.11148896856221052,0.5000165553583983,-0.038082821365051256,0.10000000000000003,1.4,-4.6420832883975473e-07,0.03480921820826649,-0.030438492532958224,0.5000165553583983,0.02004008016032066,0.10941883767535066,0.04238647638954221,0.49399213982808166,0.8571428571428567
ascorbic_acid,0.5,8.0,DVP,5,0.04528247652382278,0.11130751672018592,0.5104936177910427,-0.03242534943777938,0.10000000000000003,1.4,-3.062866203589015e-05,0.03515780121500513,-0.02717628356492227,0.5104936177910427,0.017234468937875724,0.10661322645290583,0.04171599753917593,0.5036485781613137,1.0
ascorbic_acid,0.5,8.0,DVP,6,0.04529695767027867,0.11070648716893684,0.49640506430410936,-0.03322207215006263,0.10000000000000003,1.4,-6.82616641914206e-05,0.03498013318234794,-0.029615635786044706,0.49640506430410936,0.011623246492985961,0.11222444889779559,0.04271136378795394,0.4888532004389775,0.818181818181817
ascorbic_acid,0.5,8.0,DVP,7,0.04365443138095376,0.1103378050671138,0.47821320162719383,-0.032476358612359764,0.10000000000000003,1.4,-4.593871801846988e-05,0.030148836633231257,-0.032324040968567266,0.47821320162719383,0.008817635270541135,0.11783567134268536,0.04422925056840916,0.4738277768567595,0.6800000000000007
ascorbic_acid,0.5,8.0,DVP,8,0.04543937359258602,0.1105175659749744,0.48784019836530496,-0.031042102474347154,0.10000000000000003,1.4,-1.1816590570077279e-05,0.03833509037555477,-0.03100015379541679,0.48784019836530496,0.006012024048096198,0.12064128256513029,0.04473052272605526,0.48049264243358375,0.6538461538461542
ascorbic_acid,0.5,8.0,DVP,9,0.04533145129655372,0.11069211527842018,0.48718282064479,-0.03029290110246857,0.10000000000000003,1.4,0.00013345676461540398,0.03312500270196532,-0.02858037830293922,0.48718282064479,0.011623246492985961,0.11222444889779559,0.04270612229790677,0.47926628067896626,0.818181818181817
ascorbic_acid,1.0,6.0,DVP,0,0.0814363293864237,0.20418708937226684,0.9419393145088859,-0.08771207641326681,0.10000000000000003,1.4,4.836336789983719e-05,0.07664226511206934,-0.06488474569043623,0.9419393145088859,0.0929859719438878,0.10661322645290583,0.07649922431538556,0.9305449009534048,0.8095238095238101
ascorbic_acid,1.0,6.0,DVP,1,0.08123127301156738,0.2028107236425437,0.9147918893709601,-0.06143561167480576,0.10000000000000003,1.4,-4.382073663177444e-06,0.0612291370289062,-0.0656873933518371,0.9147918893709601,0.0845691382765531,0.11222444889779559,0.0787167812091002,0.9035054357653359,0.600000000000001
ascorbic_acid,1.0,6.0,DVP,2,0.08082155168482413,0.20334051373520567,0.8929193492784376,-0.05802419525537817,0.10000000000000003,1.4,-4.326766296423279e-05,0.07552609063005036,-0.053340363561455856,0.8929193492784376,0.09859719438877756,0.10941883767535077,0.07755428334472204,0.8828601655370951,0.9499999999999992
ascorbic_acid,1.0,6.0,DVP,3,0.08333395686209866,0.20537630527863615,0.935991728941639,-0.0639585978684189,0.10000000000000003,1.4,-0.00010892850681831057,0.05591205277753947,-0.10650624140975115,0.935991728941639,0.0929859719438878,0.10941883767535066,0.07803061757701948,0.9210997110730066,0.772727272727274
ascorbic_acid,1.0,6.0,DVP,4,0.08214515458948975,0.20717147937281807,0.910689484626339,-0.07113470583044092,0.10000000000000003,1.4,-4.2658210499193496e-06,0.06461026054710972,-0.05653489707735037,0.910689484626339,0.09018036072144286,0.11222444889779559,0.0803938300169197,0.9013938381879695,0.7391304347826093
ascorbic_acid,1.0,6.0,DVP,5,0.08208976308287712,0.2047056469996031,0.8978805347590891,-0.06058860342418947,0.10000000000000003,1.4,-5.992798398427479e-05,0.07575754283660707,-0.06008027681300673,0.8978805347590891,0.0929859719438878,0.10941883767535077,0.077995118200821,0.886436515835544,0.8571428571428585
ascorbic_acid,1.0,6.0,DVP,6,0.08211648499673416,0.20464140673432588,0.9216142826921466,-0.06016453914984551,0.10000000000000003,1.4,-0.0001293717842278863,0.06546569437793573,-0.055714924348183315,0.9216142826921466,0.09018036072144286,0.10941883767535077,0.07802398471391336,0.9092870041004335,0.7727272727272726
ascorbic_acid,1.0,6.0,DVP,7,0.07908554776086453,0.20410299375112612,0.9065165647665198,-0.0624080598123697,0.10000000000000003,1.4,-8.817947625105748e-05,0.0549103834424966,-0.05859660837354157,0.9065165647665198,0.08737474949899804,0.10941883767535077,0.07816500430848748,0.8995900736223311,0.6956521739130451
ascorbic_acid,1.0,6.0,DVP,8,0.08237928366528971,0.2044707221041024,0.9198821412063908,-0.07048388321202358,0.10000000000000003,1.4,-2.5214257780837633e-05,0.06836246325238846,-0.04658908433379275,0.9198821412063908,0.0845691382765531,0.10941883767535077,0.07800465700289161,0.908448657129735,0.6250000000000004
ascorbic_acid,1.0,6.0,DVP,9,0.0821801357382515,0.204391063633117,0.9004340310196398,-0.06345048328171911,0.10000000000000003,1.4,0.00024285720291545432,0.057851281897083245,-0.05275130574660685,0.9004340310196398,0.09579158316633263,0.11503006012024053,0.08049543041688542,0.8881551339955757,0.8636363636363632
ascorbic_acid,1.0,6.5,DVP,0,0.08224677057743089,0.20620807044394818,0.9220169881124307,-0.08865212112053655,0.10000000000000003,1.4,4.882451572851032e-05,0.07353461995374311,-0.06323064697264336,0.9220169881124307,0.07334669338677358,0.11222444889779559,0.07998943115302724,0.910530207571866,0.8181818181818203
ascorbic_acid,1.0,6.5,DVP,1,0.08203958108864232,0.2047462094830426,0.9080950422449956,-0.06208919933826918,0.10000000000000003,1.4,-4.469614146875856e-06,0.05870823287668973,-0.059288810692801217,0.9080950422449956,0.0845691382765531,0.11222444889779559,0.07955838401548918,0.8975476286646766,0.818181818181817
ascorbic_acid,1.0,6.5,DVP,2,0.08162559760584062,0.2060130925707207,0.9010794694712373,-0.058646886545735515,0.10000000000000003,1.4,-4.375971363377662e-05,0.07062330449034071,-0.05757953160434842,0.9010794694712373,0.0761523046092184,0.10661322645290583,0.07729358933958431,0.8905877527552865,0.8999999999999985
ascorbic_acid,1.0,6.5,DVP,3,0.08416413826166766,0.20662655196519042,0.9242849430235924,-0.06484399428219732,0.10000000000000003,1.4,-0.00011010359921687507,0.06504821896271307,-0.1076143530480553,0.9242849430235924,0.07895791583166334,0.10941883767535077,0.07858093205218075,0.9094277026489472,0.9499999999999992
ascorbic_acid,1.0,6.5,DVP,4,0.08296296938649797,0.20904228187946533,0.9114848926330325,-0.0721251893904149,0.10000000000000003,1.4,-4.3521522073088904e-06,0.055833516684566764,-0.05712199498046723,0.9114848926330325,0.07334669338677358,0.12064128256513029,0.08472354640745705,0.9021927187038475,0.8695652173913055
ascorbic_acid,1.0,6.5,DVP,5,0.08290700166568786,0.20684247938700506,0.9198121416604358,-0.061526031245891726,0.10000000000000003,1.4,-6.0593344861357814e-05,0.07085716439539891,-0.055638546000953026,0.9198121416604358,0.0761523046092184,0.11503006012024042,0.0813898698944864,0.9086280572076788,0.9523809523809516
ascorbic_acid,1.0,6.5,DVP,6,0.08293400155620757,0.2065010599576808,0.9205583977477348,-0.060820233232013854,0.10000000000000003,1.4,-0.0001307595393144254,0.06758821105077362,-0.05683121943596553,0.9205583977477348,0.07895791583166334,0.11503006012024053,0.08107740415582049,0.908027441998826,0.9523809523809534
ascorbic_acid,1.0,6.5,DVP,7,0.07987153477413317,0.2059068505574032,0.9061853346434324,-0.06308778144545688,0.10000000000000003,1.4,-8.913872534206923e-05,0.0546763578493458,-0.054668795444862694,0.9061853346434324,0.0761523046092184,0.11503006012024053,0.08136373918065597,0.899511202166679,0.8636363636363632
ascorbic_acid,1.0,6.5,DVP,8,0.08319953400712744,0.20657300350934377,0.9238001931071319,-0.07119443785320217,0.10000000000000003,1.4,-2.5518506582976385e-05,0.06993321235080202,-0.047073889405197966,0.9238001931071319,0.0761523046092184,0.11222444889779559,0.08035125737952922,0.9128837032066628,0.904761904761905
ascorbic_acid,1.0,6.5,DVP,9,0.0829983144292174,0.20617328442099495,0.9000728431940663,-0.06379737447660186,0.10000000000000003,1.4,0.00024534158708340126,0.05936920447797109,-0.053352381357048784,0.9000728431940663,0.07895791583166334,0.12064128256513029,0.0832389687589544,0.8870980405476696,0.9545454545454538
ascorbic_acid,1.0,7.0,DVP,0,0.08305725479308347,0.20838043876212908,0.9380920482562836,-0.08958804347407269,0.10000000000000003,1.4,4.92836412977713e-05,0.07952816064765433,-0.07136185545051887,0.9380920482562836,0.05370741482965935,0.11783567134268536,0.08324207044350244,0.9264901005333298,0.8260869565217396
ascorbic_acid,1.0,7.0,DVP,1,0.08284794154465093,0.20677126102557128,0.9085032921833623,-0.06273992084098366,0.10000000000000003,1.4,-4.556770741595661e-06,0.05930996744002334,-0.06436520681898295,0.9085032921833623,0.04809619238476959,0.11222444889779559,0.08041308162059635,0.897867840473749,0.6666666666666689
ascorbic_acid,1.0,7.0,DVP,2,0.08242971459651136,0.20875715448296225,0.9662952198553446,-0.059266190010454925,0.10000000000000003,1.4,-4.424960652648835e-05,0.06521092449332194,-0.05518620044119177,0.9662952198553446,0.04809619238476959,0.10661322645290583,0.07832472430767273,0.9558545804391883,0.6521739130434792
ascorbic_acid,1.0,7.0,DVP,3,0.08499427611966584,0.207959896238855,0.8997638316920129,-0.06800367650563548,0.10000000000000003,1.4,-0.00011127353851372201,0.05964216442268849,-0.10871760531360708,0.8997638316920129,0.056513026052104176,0.11783567134268536,0.08281042624220206,0.8850829687965437,0.9090909090909076
ascorbic_acid,1.0,7.0,DVP,4,0.08378079487287159,0.2109218890605817,0.9270028547054576,-0.07298462002061304,0.10000000000000003,1.4,-4.43810477894635e-06,0.05831688935349619,-0.05769887728380288,0.9270028547054576,0.05370741482965935,0.11503006012024042,0.08325745101101274,0.9176341220745224,0.8636363636363648
ascorbic_acid,1.0,7.0,DVP,5,0.08372425346472086,0.20922433785493313,0.923962125885132,-0.06230472973044847,0.10000000000000003,1.4,-6.125578794892617e-05,0.06887644037155016,-0.04905420686749254,0.923962125885132,0.04809619238476959,0.11222444889779559,0.0807903480411063,0.912357689387528,0.6666666666666689
ascorbic_acid,1.0,7.0,DVP,6,0.08375153011289956,0.20843106516515425,0.9135828908436128,-0.061473051916195835,0.10000000000000003,1.4,-0.0001321412087151681,0.057053443401112125,-0.06359719574717937,0.9135828908436128,0.056513026052104176,0.11222444889779559,0.08060276680985098,0.9014538341197169,0.904761904761905
ascorbic_acid,1.0,7.0,DVP,7,0.08065767205030806,0.20779507471294298,0.945152226629778,-0.06376452231318214,0.10000000000000003,1.4,-9.009376786332957e-05,0.06076203040955258,-0.06525653079275884,0.945152226629778,0.056513026052104176,0.10941883767535077,0.07928015769005081,0.9384522302545867,0.9499999999999992
ascorbic_acid,1.0,7.0,DVP,8,0.08401978435780001,0.20858273637013267,0.9340727156912474,-0.07159584202965388,0.10000000000000003,1.4,-2.5821421170861613e-05,0.07182422005526778,-0.050343795534192326,0.9340727156912474,0.04529058116232465,0.11222444889779559,0.08093621855185472,0.9232216327883485,0.600000000000001
ascorbic_acid,1.0,7.0,DVP,9,0.0838165022137741,0.20826425292812595,0.9114832001759888,-0.0625254204787921,0.10000000000000003,1.4,0.0002478150765469591,0.058857893368155056,-0.05626017529744226,0.9114832001759888,0.056513026052104176,0.10941883767535066,0.07899422120967504,0.8982360953997053,0.9500000000000011
ascorbic_acid,1.0,7.5,DVP,0,0.08386777732066068,0.2106682170032535,0.9427677138989249,-0.09051964659231207,0.10000000000000003,1.4,4.9740648025310755e-05,0.06864076342150321,-0.07087548944237387,0.9427677138989249,0.03126252505010019,0.11222444889779559,0.08177600974332798,0.9307521786366016,0.7391304347826093
ascorbic_acid,1.0,7.5,DVP,1,0.08365635011362957,0.20895004357094785,0.9180512716988114,-0.06338763929625031,0.10000000000000003,1.4,-4.643525112955627e-06,0.06209088890955872,-0.06724215454545351,0.9180512716988114,0.03687374749498995,0.11222444889779559,0.08107362763225365,0.9073280193130538,0.904761904761905
ascorbic_acid,1.0,7.5,DVP,2,0.08323389928353415,0.21139936292096675,0.9351101262070858,-0.0598824321043399,0.10000000000000003,1.4,-4.4737238587808095e-05,0.0755506442186892,-0.0520223063501658,0.9351101262070858,0.04809619238476959,0.10941883767535077,0.08078003830303804,0.924989260806312,0.6956521739130422
ascorbic_acid,1.0,7.5,DVP,3,0.08582436158900442,0.20958188333109723,0.9388499011946345,-0.07015348770829499,0.10000000000000003,1.4,-0.00011243807859876287,0.05656427572564257,-0.10981576612469396,0.9388499011946345,0.02845691382765536,0.11503006012024042,0.08217045678833464,0.9235868152100417,0.7083333333333346
ascorbic_acid,1.0,7.5,DVP,4,0.08459862479156974,0.21281354068893216,0.9325145839091799,-0.07378029778952774,0.10000000000000003,1.4,-4.523660683730113e-06,0.06573096258638197,-0.05822238847062844,0.9325145839091799,0.02004008016032066,0.11222444889779559,0.08237189487488827,0.9220604738509374,0.4814814814814826
ascorbic_acid,1.0,7.5,DVP,5,0.08454151234361704,0.21178236617286456,0.9382027230292752,-0.06300522091855826,0.10000000000000003,1.4,-6.191517389451339e-05,0.066472847488005,-0.050465537710296715,0.9382027230292752,0.03126252505010019,0.11222444889779559,0.08223813884924233,0.9271589059119635,0.7391304347826093
ascorbic_acid,1.0,7.5,DVP,6,0.08456906447223181,0.21062895063655265,0.9126318754694371,-0.0635102621416256,0.10000000000000003,1.4,-0.00013351650178018148,0.06838389248347182,-0.062031132872532424,0.9126318754694371,0.03967935871743489,0.12064128256513029,0.08565300998389329,0.9008235507799126,0.9545454545454538
ascorbic_acid,1.0,7.5,DVP,7,0.08144395999832531,0.20992178024805214,0.9199744765469269,-0.06443814005538039,0.10000000000000003,1.4,-9.104440291074068e-05,0.05993794075643244,-0.0669355620103311,0.9199744765469269,0.03126252505010019,0.11222444889779559,0.08155907119031769,0.9132265198355513,0.818181818181817
ascorbic_acid,1.0,7.5,DVP,8,0.08484002795016869,0.21059737045441582,0.9374705388887732,-0.07031506109411827,0.10000000000000003,1.4,-2.6122937822953496e-05,0.07724424297833565,-0.05514463284799359,0.9374705388887732,0.025651302605210424,0.11783567134268536,0.08440265254923254,0.9263787958395319,0.6153846153846151
ascorbic_acid,1.0,7.5,DVP,9,0.0846346927586672,0.2106356931731777,0.93327764077279,-0.05968328462921425,0.10000000000000003,1.4,0.00025027715097937107,0.05837033040269508,-0.05439066862287979,0.93327764077279,0.02845691382765536,0.11783567134268536,0.0840643667143451,0.9201562734693134,0.6800000000000007
ascorbic_acid,1.0,8.0,DVP,0,0.08467833317214422,0.21295358006744242,0.9919347039379942,-0.09144673562865174,0.10000000000000003,1.4,5.019544032725276e-05,0.06659183721862777,-0.06652282254000569,0.9919347039379942,0.014428857715430898,0.10100200400801607,0.07689362881514653,0.980170952251864,0.8947368421052635
ascorbic_acid,1.0,8.0,DVP,1,0.08446480224969859,0.21130706663326876,0.925731875232351,-0.06403221923245155,0.10000000000000003,1.4,-4.729859116103907e-06,0.07344474287193578,-0.06309395935101969,0.925731875232351,0.02004008016032066,0.11783567134268536,0.08463944689183862,0.9154585124399464,0.9090909090909076
ascorbic_acid,1.0,8.0,DVP,2,0.08403814800446267,0.2138468662514763,0.9695484336230847,-0.06049562966454103,0.10000000000000003,1.4,-4.522250782850856e-05,0.07203283258600718,-0.058083832884685216,0.9695484336230847,0.017234468937875724,0.10661322645290583,0.0802972087504577,0.9593642664615721,1.0
ascorbic_acid,1.0,8.0,DVP,3,0.08665438559003645,0.21160239049716908,0.9144255195360766,-0.07164990324989985,0.10000000000000003,1.4,-0.00011359697590609796,0.057835024146460134,-0.11090860579877376,0.9144255195360766,0.025651302605210424,0.11783567134268536,0.08403709069282472,0.8991796985109749,0.7499999999999992
ascorbic_acid,1.0,8.0,DVP,4,0.08541645262621853,0.2146331865223555,0.9608023647404103,-0.07454604611602697,0.10000000000000003,1.4,-4.608802027471048e-06,0.06697745738235428,-0.058486329450373575,0.9608023647404103,0.02004008016032066,0.10941883767535066,0.08162465134662214,0.951202967234726,0.8571428571428567
ascorbic_acid,1.0,8.0,DVP,5,0.08535877190543659,0.2142832936793523,0.9809420772848154,-0.063669058892021,0.10000000000000003,1.4,-6.257136478622371e-05,0.06764035039256791,-0.052272674228796556,0.9809420772848154,0.017234468937875724,0.10661322645290583,0.08032738799142732,0.9697044552587345,1.0
ascorbic_acid,1.0,8.0,DVP,6,0.0853865981796473,0.21313155748560292,0.9538680850289818,-0.0651852470038628,0.10000000000000003,1.4,-0.00013488513086415454,0.06730044039400213,-0.056913529316140424,0.9538680850289818,0.011623246492985961,0.11222444889779559,0.08226422622939158,0.9414403266496378,0.818181818181817
ascorbic_acid,1.0,8.0,DVP,7,0.08223039869887754,0.2124257483952499,0.9189014211777816,-0.06510849378354669,0.10000000000000003,1.4,-9.199043165707088e-05,0.05801685342259716,-0.062153624252770184,0.9189014211777816,0.008817635270541135,0.11783567134268536,0.08513910039599906,0.9121456364190729,0.6800000000000007
ascorbic_acid,1.0,8.0,DVP,8,0.08566025776303486,0.21276676163100033,0.9373815079671551,-0.061936930451088376,0.10000000000000003,1.4,-2.642299347643784e-05,0.07374328277110026,-0.05961860346778758,0.9373815079671551,0.006012024048096198,0.12064128256513029,0.08617644361038865,0.9255378163148699,0.6538461538461542
ascorbic_acid,1.0,8.0,DVP,9,0.08545287947209709,0.2131035636109081,0.9361470653787944,-0.06029970687874127,0.10000000000000003,1.4,0.0002527272954328187,0.0636713863795651,-0.054932003415394656,0.9361470653787944,0.011623246492985961,0.11222444889779559,0.08225336411425707,0.9230115206358408,0.818181818181817
ascorbic_acid,2.0,6.0,DVP,0,0.1499171589568876,0.3802148424307494,1.752096078891713,-0.1654351477544243,0.10000000000000003,1.4,8.649115621792802e-05,0.14261934929758824,-0.12073162038884966,1.752096078891713,0.0929859719438878,0.10661322645290583,0.1424933286614429,1.7330369095956308,0.8095238095238101
ascorbic_acid,2.0,6.0,DVP,1,0.14953573632503134,0.37765418171580845,1.7015575486017978,-0.11547436135596177,0.10000000000000003,1.4,-1.1619937150818771e-05,0.11396772650292253,-0.12221960097488588,1.7015575486017978,0.0845691382765531,0.11222444889779559,0.14657294345760946,1.6822294882033768,0.600000000000001
ascorbic_acid,2.0,6.0,DVP,2,0.14877361914197107,0.37864072623859946,1.6609146511458148,-0.1094290785668001,0.10000000000000003,1.4,-8.395050391755321e-05,0.14056298825465224,-0.09923789642383166,1.6609146511458148,0.09859719438877756,0.10941883767535077,0.14440118375022507,1.64380910665599,0.9499999999999992
ascorbic_acid,2.0,6.0,DVP,3,0.15344691055111054,0.38242482821750123,1.7410330541901446,-0.12032938204049111,0.10000000000000003,1.4,-0.00020608536507596886,0.10406221164338603,-0.19812511794083473,1.7410330541901446,0.0929859719438878,0.10941883767535066,0.14532841255572887,1.7153074462799578,0.772727272727274
ascorbic_acid,2.0,6.0,DVP,4,0.15123563527672365,0.38576263283292206,1.693961381465841,-0.1335926317302847,0.10000000000000003,1.4,-1.1403697213191676e-05,0.12025910437393045,-0.10515799958360338,1.693961381465841,0.09018036072144286,0.11222444889779559,0.14968029252846707,1.6782285122250324,0.7391304347826093
ascorbic_acid,2.0,6.0,DVP,5,0.1511326022729974,0.381174898521948,1.670142929469671,-0.11397029701719226,0.10000000000000003,1.4,-0.00011494014515883189,0.1409935094215053,-0.11179932062804432,1.670142929469671,0.0929859719438878,0.10941883767535077,0.1452557634801714,1.6507775842112513,0.8571428571428585
ascorbic_acid,2.0,6.0,DVP,6,0.15118230734907093,0.3810588239499384,1.7142824528476897,-0.11437744792017161,0.10000000000000003,1.4,-0.00024411163311465554,0.1218447801870946,-0.10367974412659853,1.7142824528476897,0.09018036072144286,0.10941883767535077,0.1453308394866873,1.6934695803736328,0.7727272727272726
ascorbic_acid,2.0,6.0,DVP,7,0.14554450136373373,0.38005998416009984,1.6861859131924999,-0.1186075709663978,0.10000000000000003,1.4,-0.0001674903696608152,0.10221574923468946,-0.10902636856395456,1.6861859131924999,0.08737474949899804,0.10941883767535077,0.14554173014401728,1.6749490543225032,0.6956521739130451
ascorbic_acid,2.0,6.0,DVP,8,0.1516711356524046,0.3807398126906577,1.7110258582470914,-0.13326596636613255,0.10000000000000003,1.4,-5.036960537761459e-05,0.12723852665284463,-0.08667285788452761,1.7110258582470914,0.0845691382765531,0.10941883767535077,0.14526285999655178,1.6915828084483326,0.6250000000000004
ascorbic_acid,2.0,6.0,DVP,9,0.151300703245644,0.3805928245583134,1.6748950529913378,-0.12016055590060733,0.10000000000000003,1.4,0.0004482665483921617,0.10768515428262421,-0.09813443632837687,1.6748950529913378,0.09579158316633263,0.11503006012024053,0.14993640471020936,1.6541758566249924,0.8636363636363632
ascorbic_acid,2.0,6.5,DVP,0,0.15142629268311675,0.38395847341733064,1.7150037004598155,-0.16718030657655095,0.10000000000000003,1.4,8.734726039604723e-05,0.1368473254202301,-0.11764320120715754,1.7150037004598155,0.07334669338677358,0.11222444889779559,0.14897530856195196,1.6956522159428309,0.8181818181818203
ascorbic_acid,2.0,6.5,DVP,1,0.15104091000279826,0.3812387163988346,1.6890851085514842,-0.11668772309089148,0.10000000000000003,1.4,-1.1782452876120785e-05,0.10919652651368053,-0.11030241114280509,1.6890851085514842,0.0845691382765531,0.11222444889779559,0.14811986509236877,1.6710026147590196,0.818181818181817
ascorbic_acid,2.0,6.5,DVP,2,0.1502708802819734,0.38359635555701965,1.6760604234286067,-0.11058508760962638,0.10000000000000003,1.4,-8.486397809622304e-05,0.13143134219699282,-0.10714772862541544,1.6760604234286067,0.0761523046092184,0.10661322645290583,0.1439417035956228,1.658442343516913,0.8999999999999985
ascorbic_acid,2.0,6.5,DVP,3,0.15499269125684584,0.3847348541999498,1.7192203325539421,-0.1218568573798482,0.10000000000000003,1.4,-0.00020826688139142168,0.12107271567918099,-0.20018228691006482,1.7192203325539421,0.07895791583166334,0.10941883767535077,0.14632633062434472,1.6933675633132685,0.9499999999999992
ascorbic_acid,2.0,6.5,DVP,4,0.15275845783441377,0.38922707401472667,1.6954134827853913,-0.13543272256048874,0.10000000000000003,1.4,-1.156396786816849e-05,0.10392793663827193,-0.10624791994841398,1.6954134827853913,0.07334669338677358,0.12064128256513029,0.15773352122472714,1.6796769710785453,0.8695652173913055
ascorbic_acid,2.0,6.5,DVP,5,0.15265435510997907,0.38513406588987925,1.710904118733864,-0.11571220364519626,0.10000000000000003,1.4,-0.000116175363436811,0.13186633316857788,-0.103526535946672,1.710904118733864,0.0761523046092184,0.11503006012024042,0.1515097739156349,1.6914795342380997,0.9523809523809516
ascorbic_acid,2.0,6.5,DVP,6,0.15270457623962053,0.38450238838902145,1.7122887743212571,-0.11559472014484466,0.10000000000000003,1.4,-0.00024668794997862034,0.12579517519401717,-0.1057431594600956,1.7122887743212571,0.07895791583166334,0.11503006012024053,0.1509583919703104,1.690610961129384,0.9523809523809534
ascorbic_acid,2.0,6.5,DVP,7,0.14700823679806443,0.3833997467998801,1.6855575847803266,-0.11986944946578915,0.10000000000000003,1.4,-0.00016927118072314817,0.10178054183806723,-0.10171035093507075,1.6855575847803266,0.0761523046092184,0.11503006012024053,0.15148203636314628,1.6746959211916723,0.8636363636363632
ascorbic_acid,2.0,6.5,DVP,8,0.15319847971052225,0.3846346884855223,1.7183220913576787,-0.13458481143935416,0.10000000000000003,1.4,-5.093443221730221e-05,0.1301540668309754,-0.0875728808736792,1.7183220913576787,0.0761523046092184,0.11222444889779559,0.1496457931117936,1.7000088306060064,0.904761904761905
ascorbic_acid,2.0,6.5,DVP,9,0.15282420135923652,0.38389234040150444,1.674184631259445,-0.1208026435061207,0.10000000000000003,1.4,0.0004528787172759463,0.11050666019338878,-0.09927984820909774,1.674184631259445,0.07895791583166334,0.12064128256513029,0.1549845868949663,1.651693799380038,0.9545454545454538
ascorbic_acid,2.0,7.0,DVP,0,0.15293550590141985,0.38798383968580463,1.7448698082245488,-0.1689178796041957,0.10000000000000003,1.4,8.819964329130948e-05,0.14800530281927415,-0.13278156621783554,1.7448698082245488,0.05370741482965935,0.11783567134268536,0.15504489504383906,1.7254514365197617,0.8260869565217396
ascorbic_acid,2.0,7.0,DVP,1,0.1525461803860354,0.38498997724262773,1.6898169939493695,-0.11789581062865875,0.10000000000000003,1.4,-1.1944262183907207e-05,0.11031366806196291,-0.11976359184314311,1.6898169939493695,0.04809619238476959,0.11222444889779559,0.14972008691750954,1.6716989946128007,0.6666666666666689
ascorbic_acid,2.0,7.0,DVP,2,0.1517682725213806,0.3886851630022664,1.7973107727447826,-0.111734848020136,0.10000000000000003,1.4,-8.577348161817123e-05,0.12135374779975769,-0.10268944024523674,1.7973107727447826,0.04809619238476959,0.10661322645290583,0.145818665939296,1.7794383762688382,0.6521739130434792
ascorbic_acid,2.0,7.0,DVP,3,0.15653839215888224,0.38719950228154926,1.6735793672156087,-0.12773634165952685,0.10000000000000003,1.4,-0.00021043891517018754,0.11100463039271302,-0.20223051385118587,1.6735793672156087,0.056513026052104176,0.11783567134268536,0.1541828121991312,1.6479316177290733,0.9090909090909076
ascorbic_acid,2.0,7.0,DVP,4,0.15428130038205745,0.39270800322273614,1.7242437559956338,-0.1370288567751212,0.10000000000000003,1.4,-1.1723541864418596e-05,0.10853796597323523,-0.10731887466096642,1.7242437559956338,0.05370741482965935,0.11503006012024042,0.15499901858692722,1.7083656119392723,0.8636363636363648
ascorbic_acid,2.0,7.0,DVP,5,0.1541761325867378,0.38954917335342804,1.7185706368422804,-0.11715860783628268,0.10000000000000003,1.4,-0.00011740521251238745,0.1281920023585449,-0.09126410066529281,1.7185706368422804,0.04809619238476959,0.11222444889779559,0.15044340522716645,1.698842762440426,0.6666666666666689
ascorbic_acid,2.0,7.0,DVP,6,0.1542268675267841,0.38807692998540344,1.699283006935572,-0.11680670117435116,0.10000000000000003,1.4,-0.0002492530682010683,0.10617692961093977,-0.11833982118722275,1.699283006935572,0.056513026052104176,0.11222444889779559,0.15010533465249346,1.6786758622849567,0.904761904761905
ascorbic_acid,2.0,7.0,DVP,7,0.148472249060132,0.38689654997936046,1.7580024048587068,-0.12112584287708147,0.10000000000000003,1.4,-0.00017104425101997968,0.11309705392919134,-0.12142321641223353,1.7580024048587068,0.056513026052104176,0.10941883767535077,0.1475846801637102,1.7469712022203643,0.9499999999999992
ascorbic_acid,2.0,7.0,DVP,8,0.154725824104698,0.38835754273593676,1.737356863147985,-0.13532806998385066,0.10000000000000003,1.4,-5.14968038879875e-05,0.13367320178558373,-0.09368357437770214,1.737356863147985,0.04529058116232465,0.11222444889779559,0.15070621945549317,1.718954434003938,0.600000000000001
ascorbic_acid,2.0,7.0,DVP,9,0.1543477165263005,0.3877662852917969,1.6953775534707658,-0.1184303956664643,0.10000000000000003,1.4,0.0004574708381498658,0.10955317059734859,-0.10469271607681396,1.6953775534707658,0.056513026052104176,0.10941883767535066,0.1470604899726173,1.6722479923714844,0.9500000000000011
ascorbic_acid,2.0,7.5,DVP,0,0.15444478942657117,0.39222427621450856,1.7535293755682757,-0.1706475596593473,0.10000000000000003,1.4,8.904815421427714e-05,0.1277298792531829,-0.13187348567588802,1.7535293755682757,0.03126252505010019,0.11222444889779559,0.15225757564888737,1.7329000162947343,0.7391304347826093
ascorbic_acid,2.0,7.5,DVP,1,0.1540515389865554,0.3890275780031424,1.707561515789287,-0.11909841039619241,0.10000000000000003,1.4,-1.2105336468545724e-05,0.1155458886580232,-0.12511850540457026,1.707561515789287,0.03687374749498995,0.11222444889779559,0.15094495529326996,1.6892804998974769,0.904761904761905
ascorbic_acid,2.0,7.5,DVP,2,0.15326578876475158,0.3935849461310589,1.7392383075630198,-0.11287900698605029,0.10000000000000003,1.4,-8.667885369583383e-05,0.14060491157849708,-0.09680988758846615,1.7392383075630198,0.04809619238476959,0.10941883767535077,0.15044415375774098,1.7225146746012063,0.6956521739130422
ascorbic_acid,2.0,7.5,DVP,3,0.15808399762147904,0.39020138506066193,1.746231789551068,-0.13173549389699088,0.10000000000000003,1.4,-0.00021260108242691266,0.10528899146184156,-0.20426943666616723,1.746231789551068,0.02845691382765536,0.11503006012024042,0.1530187948915587,1.7197853507370504,0.7083333333333346
ascorbic_acid,2.0,7.5,DVP,4,0.15580415132495307,0.39621168341443336,1.7343679177360738,-0.13850639976526732,0.10000000000000003,1.4,-1.1882390991485581e-05,0.12234193803171861,-0.10829054235139647,1.7343679177360738,0.02004008016032066,0.11222444889779559,0.1533085588780724,1.7161317368504938,0.4814814814814826
ascorbic_acid,2.0,7.5,DVP,5,0.15569792329686175,0.3942924068478675,1.7450385824798844,-0.11845948833434233,0.10000000000000003,1.4,-0.00011862947496535736,0.12372143808233105,-0.09391475875975275,1.7450385824798844,0.03126252505010019,0.11222444889779559,0.15311695110571452,1.726215035302793,0.7391304347826093
ascorbic_acid,2.0,7.5,DVP,6,0.1557491697133153,0.39215014682965205,1.6974758462004782,-0.1193830528688527,0.10000000000000003,1.4,-0.0002518065343047855,0.12727324578796573,-0.11542171068011586,1.6974758462004782,0.03967935871743489,0.12064128256513029,0.15947244196327096,1.6772123560747014,0.9545454545454538
ascorbic_acid,2.0,7.5,DVP,7,0.14993653695561096,0.3908373306251925,1.7111344031145272,-0.12237652908740515,0.10000000000000003,1.4,-0.00017280926709715104,0.11156115288632595,-0.12454752482266257,1.7111344031145272,0.03126252505010019,0.11222444889779559,0.15182988426666966,1.7000944659670583,0.818181818181817
ascorbic_acid,2.0,7.5,DVP,8,0.1562531564443664,0.39208987623789854,1.7436476051652052,-0.13293910480306603,0.10000000000000003,1.4,-5.2056620970185155e-05,0.14375497190797548,-0.10261766764543856,1.7436476051652052,0.025651302605210424,0.11783567134268536,0.15718286427478115,1.7250364631052137,0.6153846153846151
ascorbic_acid,2.0,7.5,DVP,9,0.15587123703322459,0.3921623473527664,1.7358674949385473,-0.11296039866154994,0.10000000000000003,1.4,0.0004620420991908221,0.10855338965153252,-0.10117800568786828,1.7358674949385473,0.02845691382765536,0.11783567134268536,0.15650206375040238,1.713043431675956,0.6800000000000007
ascorbic_acid,2.0,8.0,DVP,0,0.15595413356873863,0.3964608447207743,1.844952272258309,-0.17236904219066979,0.10000000000000003,1.4,8.989264376434635e-05,0.12394252365978431,-0.12373345038473416,1.844952272258309,0.014428857715430898,0.10100200400801607,0.14315029701597803,1.824668234546749,0.8947368421052635
ascorbic_acid,2.0,8.0,DVP,1,0.15555697680560285,0.3933973723589146,1.7218096439926653,-0.12029531064710298,0.10000000000000003,1.4,-1.226564736906699e-05,0.1366856405120861,-0.1173922077550632,1.7218096439926653,0.02004008016032066,0.11783567134268536,0.1575681220615607,1.7042916245627322,0.9090909090909076
ascorbic_acid,2.0,8.0,DVP,2,0.154763421394165,0.3981231836936363,1.8033132287693336,-0.11401763439675001,0.10000000000000003,1.4,-8.75799349168479e-05,0.1340524834403244,-0.10808287461135091,1.8033132287693336,0.017234468937875724,0.10661322645290583,0.14949863786649,1.7860945090502218,1.0
ascorbic_acid,2.0,8.0,DVP,3,0.1596294915594603,0.39394518640843923,1.7007511676476115,-0.13451814149591942,0.10000000000000003,1.4,-0.00021475300246045204,0.10764102527161354,-0.20629869635398784,1.7007511676476115,0.025651302605210424,0.11783567134268536,0.15648255348101145,1.674279813799068,0.7499999999999992
ascorbic_acid,2.0,8.0,DVP,4,0.1573269985844009,0.3995819880713461,1.7870389884598803,-0.13992838015225934,0.10000000000000003,1.4,-1.2040487280189804e-05,0.12465843797037374,-0.1087790025436701,1.7870389884598803,0.02004008016032066,0.10941883767535066,0.15195134569260996,1.7707421937519832,0.8571428571428567
ascorbic_acid,2.0,8.0,DVP,5,0.15721971534833032,0.39893006718919405,1.8245048322391666,-0.11969226205135082,0.10000000000000003,1.4,-0.00011984793523509718,0.12588492133164608,-0.09727309886746793,1.8245048322391666,0.017234468937875724,0.10661322645290583,0.1495356071553979,1.8051470002866743,1.0
ascorbic_acid,2.0,8.0,DVP,6,0.1572714708171359,0.3967908516224683,1.774146604949443,-0.12249852605205623,0.10000000000000003,1.4,-0.0002543478986911252,0.1252540947045543,-0.1058614763356224,1.774146604949443,0.011623246492985961,0.11222444889779559,0.15317098573686505,1.7528367267282507,0.818181818181817
ascorbic_acid,2.0,8.0,DVP,7,0.1514010987172236,0.395480533759667,1.7091009872684915,-0.12362128788360602,0.10000000000000003,1.4,-0.0001745659181814594,0.10798709042421861,-0.1156411529003065,1.7091009872684915,0.008817635270541135,0.11783567134268536,0.15848022543734033,1.6979721227811868,0.6800000000000007
ascorbic_acid,2.0,8.0,DVP,8,0.15778046386177078,0.39611069994451886,1.7434555803566798,-0.11733455303007269,0.10000000000000003,1.4,-5.2613784894738335e-05,0.13723383465276784,-0.11093444425962484,1.7434555803566798,0.006012024048096198,0.12064128256513029,0.16050331354869274,1.7236331262521445,0.6538461538461542
ascorbic_acid,2.0,8.0,DVP,9,0.1573947506834162,0.39673843319311775,1.7411864007639062,-0.1141050137879199,0.10000000000000003,1.4,0.00046659169551921756,0.11844421228422677,-0.10218319327221131,1.7411864007639062,0.011623246492985961,0.11222444889779559,0.15314464019706814,1.7185053410164564,0.818181818181817
ascorbic_acid,5.0,6.0,DVP,0,0.3084013645342468,0.7875937463247805,3.6270303050348276,-0.3453085414296744,0.10000000000000003,1.4,0.00017472975203979325,0.29530917269836077,-0.249977244690892,3.6270303050348276,0.0929859719438878,0.10661322645290583,0.2951398758209317,3.5894573210984575,0.8095238095238101
ascorbic_acid,5.0,6.0,DVP,1,0.30761177999333367,0.7822922923649801,3.522358074250307,-0.24053546776092274,0.10000000000000003,1.4,-2.837042122221689e-05,0.23601989071421703,-0.2530512814739416,3.522358074250307,0.0845691382765531,0.11222444889779559,0.30368669579880736,3.485089572170458,0.600000000000001
ascorbic_acid,5.0,6.0,DVP,2,0.3060341181142255,0.7843358937724987,3.4382752068960296,-0.22839466565894795,0.10000000000000003,1.4,-0.00017810222155238088,0.2910769513287309,-0.20545790104818717,3.4382752068960296,0.09859719438877756,0.10941883767535077,0.2991517039346678,3.405298250833742,0.9499999999999992
ascorbic_acid,5.0,6.0,DVP,3,0.3157083176599666,0.792166087388165,3.6041286926224005,-0.25078748255300093,0.10000000000000003,1.4,-0.00043093409418654805,0.21549543644720193,-0.410157375055628,3.6041286926224005,0.0929859719438878,0.10941883767535066,0.30104046898743636,3.5530178701740347,0.772727272727274
ascorbic_acid,5.0,6.0,DVP,4,0.31113074772432225,0.7990739792775954,3.5066763427229737,-0.27813811738420874,0.10000000000000003,1.4,-2.7922782048191764e-05,0.2490464286588585,-0.21768575109807453,3.5066763427229737,0.09018036072144286,0.11222444889779559,0.3100229057279313,3.47599192687122,0.7391304347826093
ascorbic_acid,5.0,6.0,DVP,5,0.31091745868441867,0.7895755646013397,3.4573787572284465,-0.23751078790385577,0.10000000000000003,1.4,-0.0002422540038770906,0.2919681749465556,-0.23149196488570278,3.4573787572284465,0.0929859719438878,0.10941883767535077,0.3008548094432166,3.4191209254969253,0.8571428571428585
ascorbic_acid,5.0,6.0,DVP,6,0.3110203533644788,0.7893395234971533,3.5487430752076596,-0.23984160821721193,0.10000000000000003,1.4,-0.0005096524262526057,0.2523220930597192,-0.21468404132807395,3.5487430752076596,0.09018036072144286,0.10941883767535077,0.3010377215105606,3.5077400112014963,0.7727272727272726
ascorbic_acid,5.0,6.0,DVP,7,0.2993495082732311,0.7872751198586182,3.4905635481211963,-0.24866929678000557,0.10000000000000003,1.4,-0.00035103843726625784,0.21169388149662183,-0.22573524214748192,3.4905635481211963,0.08737474949899804,0.10941883767535077,0.30146088418021666,3.4692613367612894,0.6956521739130451
ascorbic_acid,5.0,6.0,DVP,8,0.3120322788225847,0.788677245611127,3.5419584605412835,-0.2785616445227847,0.10000000000000003,1.4,-0.00010858626695872786,0.2634945590939002,-0.17943816238765675,3.5419584605412835,0.0845691382765531,0.10941883767535077,0.3009605392883972,3.504371798324294,0.6250000000000004
ascorbic_acid,5.0,6.0,DVP,9,0.3112654451913238,0.7883744350366041,3.4672191324115524,-0.2514038668186057,0.10000000000000003,1.4,0.0009236424622096821,0.2230149732320189,-0.2031639671033303,3.4672191324115524,0.09579158316633263,0.11503006012024053,0.3106426595033304,3.4269666718530702,0.8636363636363632
ascorbic_acid,5.0,6.5,DVP,0,0.3115274724134182,0.7953240773612752,3.5502015204637623,-0.3489169643461842,0.10000000000000003,1.4,0.0001764998980552015,0.28337101521410013,-0.24356939814989031,3.5502015204637623,0.07334669338677358,0.11222444889779559,0.3085139592815696,3.5116296576762434,0.8181818181818203
ascorbic_acid,5.0,6.5,DVP,1,0.3107296997755591,0.7896931935217573,3.4965192620036425,-0.24304430663267448,0.10000000000000003,1.4,-2.8706451078089224e-05,0.2260408632164306,-0.2283624578985281,3.4965192620036425,0.0845691382765531,0.11222444889779559,0.3067663461081266,3.460781239359914,0.818181818181817
ascorbic_acid,5.0,6.5,DVP,2,0.309135677332452,0.7945751490325891,3.469587774015661,-0.230784924357488,0.10000000000000003,1.4,-0.00017999099013788378,0.2721585151752446,-0.22186269887417076,3.469587774015661,0.0761523046092184,0.10661322645290583,0.29817199834105246,3.4353601577618713,0.8999999999999985
ascorbic_acid,5.0,6.5,DVP,3,0.31891019961711525,0.7969287426896456,3.55892794832418,-0.25380091197726873,0.10000000000000003,1.4,-0.0004354447629953739,0.2507294080801499,-0.4144109338478582,3.55892794832418,0.07895791583166334,0.10941883767535077,0.3031047544859025,3.5075937985973304,0.9499999999999992
ascorbic_acid,5.0,6.5,DVP,4,0.31428515967101883,0.806226551290069,3.5096482199951353,-0.28194444218265957,0.10000000000000003,1.4,-2.825416982615536e-05,0.21523216567398917,-0.21993934630280504,3.5096482199951353,0.07334669338677358,0.12064128256513029,0.32670818567637433,3.4790699724730776,0.8695652173913055
ascorbic_acid,5.0,6.5,DVP,5,0.31406965879533866,0.7977521311288964,3.5417169799609396,-0.24111448834072954,0.10000000000000003,1.4,-0.00024480803499714467,0.27305898090079195,-0.21435302696390734,3.5417169799609396,0.0761523046092184,0.11503006012024042,0.31378045538365595,3.5031623159769865,0.9523809523809516
ascorbic_acid,5.0,6.5,DVP,6,0.3141736205069476,0.7964487071905136,3.5445790743914083,-0.2423585327145388,0.10000000000000003,1.4,-0.0005149794146586153,0.2605027207826667,-0.21893936351593912,3.5445790743914083,0.07895791583166334,0.11503006012024053,0.31268296376955834,3.501732819688675,0.9523809523809534
ascorbic_acid,5.0,6.5,DVP,7,0.30238174719630534,0.794169403904855,3.489247649382852,-0.2512784525985581,0.10000000000000003,1.4,-0.00035472057746221617,0.21079308192625124,-0.21057795078383745,3.489247649382852,0.0761523046092184,0.11503006012024053,0.3137674542077881,3.4687960712525965,0.8636363636363632
ascorbic_acid,5.0,6.5,DVP,8,0.31519603976695026,0.796720692583739,3.5570727701660863,-0.28128824745302017,0.10000000000000003,1.4,-0.00010975414582817056,0.26952233005651927,-0.18129911827216427,3.5570727701660863,0.0761523046092184,0.11222444889779559,0.30998518880453535,3.5213921387155795,0.904761904761905
ascorbic_acid,5.0,6.5,DVP,9,0.3144212539687094,0.7951854014839033,3.4657004836393206,-0.25272912326014996,0.10000000000000003,1.4,0.0009331789328644078,0.22885334342049835,-0.20556912863812538,3.4657004836393206,0.07895791583166334,0.12064128256513029,0.3210768319620581,3.4216210703224617,0.9545454545454538
ascorbic_acid,5.0,7.0,DVP,0,0.31465374418071257,0.8036378040885777,3.611984052722535,-0.352509786076766,0.10000000000000003,1.4,0.00017826239076207352,0.3064809747021653,-0.27492432542219736,3.611984052722535,0.05370741482965935,0.11783567134268536,0.32111607365159367,3.573618500610922,0.8260869565217396
ascorbic_acid,5.0,7.0,DVP,1,0.3138478188475251,0.7974393901234794,3.498000132322128,-0.24554229842299252,0.10000000000000003,1.4,-2.904102809325426e-05,0.228350803787023,-0.24797128289905657,3.498000132322128,0.04809619238476959,0.11222444889779559,0.31011629917607986,3.4625653799060334,0.6666666666666689
ascorbic_acid,5.0,7.0,DVP,2,0.31223750657607796,0.8050903601777007,3.720518195146052,-0.23316231369968363,0.10000000000000003,1.4,-0.00018187159254463747,0.25128428173750883,-0.21262550950602643,3.720518195146052,0.04809619238476959,0.10661322645290583,0.30205804886915943,3.6858135046526246,0.6521739130434792
ascorbic_acid,5.0,7.0,DVP,3,0.32211191784964005,0.8020115464390755,3.464409606570216,-0.26597479530138973,0.10000000000000003,1.4,-0.00043993592971800855,0.22987205163762625,-0.41864610218101106,3.464409606570216,0.056513026052104176,0.11783567134268536,0.3193631240505595,3.413417149132342,0.9090909090909076
ascorbic_acid,5.0,7.0,DVP,4,0.31743961313188757,0.813413391030293,3.5692869846957556,-0.2852455189784115,0.10000000000000003,1.4,-2.85841248336558e-05,0.2247638861503456,-0.22215372573383058,3.5692869846957556,0.05370741482965935,0.11503006012024042,0.3210312365198047,3.538359268148324,0.8636363636363648
ascorbic_acid,5.0,7.0,DVP,5,0.31722190998340544,0.8068727506228776,3.5575217622002513,-0.2441061543097847,0.10000000000000003,1.4,-0.0002473510236449705,0.2654651600998743,-0.18894985488305888,3.5575217622002513,0.04809619238476959,0.11222444889779559,0.31158476349704955,3.518497453842511,0.6666666666666689
ascorbic_acid,5.0,7.0,DVP,6,0.3173269341132026,0.8038291700544653,3.5176175613198204,-0.24486457517179627,0.10000000000000003,1.4,-0.000520283371582722,0.21986271198225515,-0.2450298972056082,3.5176175613198204,0.056513026052104176,0.11222444889779559,0.3109163067033013,3.477052626056958,0.904761904761905
ascorbic_acid,5.0,7.0,DVP,7,0.30541455585429583,0.8013889130358385,3.6391699601885135,-0.253876327610677,0.10000000000000003,1.4,-0.00035838679775394145,0.23421525121749798,-0.25140897456016065,3.6391699601885135,0.056513026052104176,0.10941883767535077,0.30566913685431185,3.6181907457339,0.9499999999999992
ascorbic_acid,5.0,7.0,DVP,8,0.3183598018046619,0.8044081931135757,3.5963858901192913,-0.28282265467784884,0.10000000000000003,1.4,-0.0001109169753190491,0.2768094166471724,-0.19398420541553918,3.5963858901192913,0.04529058116232465,0.11222444889779559,0.312196477732702,3.560708352678021,0.600000000000001
ascorbic_acid,5.0,7.0,DVP,9,0.31757709822100433,0.8031856570151641,3.509533056810107,-0.24781048110079137,0.10000000000000003,1.4,0.0009426741721451624,0.22687652647062584,-0.2167794533090741,3.509533056810107,0.056513026052104176,0.10941883767535066,0.30462264865619526,3.4638741565926874,0.9500000000000011
ascorbic_acid,5.0,7.5,DVP,0,0.31778016030024975,0.8123972415662982,3.6298635068602016,-0.3560864441859145,0.10000000000000003,1.4,0.00018001695425159836,0.26447897589221325,-0.27304027695916366,3.6298635068602016,0.03126252505010019,0.11222444889779559,0.31537635026299454,3.5893375560477274,0.7391304347826093
ascorbic_acid,5.0,7.5,DVP,1,0.3169661189496123,0.8057788194610352,3.5347137949701004,-0.2480290520846298,0.10000000000000003,1.4,-2.937409989148465e-05,0.23925603093304093,-0.2590609173928119,3.5347137949701004,0.03687374749498995,0.11222444889779559,0.3126471707373364,3.4989419549642835,0.904761904761905
ascorbic_acid,5.0,7.5,DVP,2,0.3153395901355691,0.8152148071274521,3.6002206701296102,-0.23552822314086572,0.10000000000000003,1.4,-0.00018374373437440638,0.2911590731826239,-0.20046114702567575,3.6002206701296102,0.04809619238476959,0.10941883767535077,0.3116495867218838,3.56805883954334,0.6956521739130422
ascorbic_acid,5.0,7.5,DVP,3,0.3253134410109202,0.8082068953099178,3.614744159747385,-0.27425385107654415,0.10000000000000003,1.4,-0.0004444068912863464,0.21805190502275917,-0.4228622170621482,3.614744159747385,0.02845691382765536,0.11503006012024042,0.3169646047049358,3.562264226633362,0.7083333333333346
ascorbic_acid,5.0,7.5,DVP,4,0.32059408415935453,0.8206477581021792,3.5900856331640276,-0.2883010929091218,0.10000000000000003,1.4,-2.891259541800695e-05,0.2533559097766409,-0.22416255561831674,3.5900856331640276,0.02004008016032066,0.11222444889779559,0.3175350038662066,3.554362904370418,0.4814814814814826
ascorbic_acid,5.0,7.5,DVP,5,0.3203741886457995,0.81667316399391,3.612287285779865,-0.24679650721087115,0.10000000000000003,1.4,-0.0002498825717293078,0.25621103345777196,-0.19446867033135073,3.612287285779865,0.03126252505010019,0.11222444889779559,0.3171562548695531,3.575508061097636,0.7391304347826093
ascorbic_acid,5.0,7.5,DVP,6,0.32048027041410854,0.8122424314070974,3.5138290356066015,-0.24868865426614967,0.10000000000000003,1.4,-0.0005255634667188698,0.2635600348640801,-0.23898276217766623,3.5138290356066015,0.03967935871743489,0.12064128256513029,0.33029542431240844,3.47386297683012,0.9545454545454538
ascorbic_acid,5.0,7.5,DVP,7,0.30844792934247206,0.8095279740695346,3.5421045188852585,-0.2564625151329482,0.10000000000000003,1.4,-0.00036203652421427137,0.23103201524407946,-0.2578780673312012,3.5421045188852585,0.03126252505010019,0.11222444889779559,0.31444960478953055,3.521069174564615,0.818181818181817
ascorbic_acid,5.0,7.5,DVP,8,0.32152353953093826,0.812115766053385,3.609371672833519,-0.277869034529488,0.10000000000000003,1.4,-0.00011207457339663662,0.2976798017165705,-0.21248383389095404,3.609371672833519,0.025651302605210424,0.11783567134268536,0.32557679956138785,3.573016754503963,0.6153846153846151
ascorbic_acid,5.0,7.5,DVP,9,0.3207329537829145,0.8122672639231803,3.5932897288650145,-0.23625886256495537,0.10000000000000003,1.4,0.0009521266936230383,0.2246913267702706,-0.20945727146684162,3.5932897288650145,0.02845691382765536,0.11783567134268536,0.3241845131544856,3.5483581350037077,0.6800000000000007
ascorbic_acid,5.0,8.0,DVP,0,0.32090670020085704,0.8211494472094434,3.8190786446567504,-0.3596463802341973,0.10000000000000003,1.4,0.00018176331457590766,0.2566683979950324,-0.25613518911110544,3.8190786446567504,0.014428857715430898,0.10100200400801607,0.29644883713094733,3.778696826575757,0.8947368421052635
ascorbic_acid,5.0,8.0,DVP,1,0.32008458077783825,0.8148067318440089,3.5641610516951054,-0.250504179349582,0.10000000000000003,1.4,-2.970561446878195e-05,0.28304314647929096,-0.24305386834727838,3.5641610516951054,0.02004008016032066,0.11783567134268536,0.32628514665177255,3.529361138266063,0.9090909090909076
ascorbic_acid,5.0,8.0,DVP,2,0.3184419112389047,0.8245915909069688,3.7328831832506517,-0.23788284534843365,0.10000000000000003,1.4,-0.00018560712332129058,0.27758367541745876,-0.223794942607348,3.7328831832506517,0.017234468937875724,0.10661322645290583,0.3096332348084828,3.6992224003037144,1.0
ascorbic_acid,5.0,8.0,DVP,3,0.32851473680298393,0.8159388826160573,3.5205333818485913,-0.2800132071509933,0.10000000000000003,1.4,-0.00044885694962909885,0.2229063421612542,-0.42705862021034047,3.5205333818485913,0.025651302605210424,0.11783567134268536,0.32413658323659933,3.4680365185316973,0.7499999999999992
ascorbic_acid,5.0,8.0,DVP,4,0.3237485478019086,0.8276067213122267,3.6991866033535103,-0.29124178177896853,0.10000000000000003,1.4,-2.9239530293623252e-05,0.25814870733121864,-0.22517061741672773,3.6991866033535103,0.02004008016032066,0.10941883767535066,0.3147009947351003,3.6673314899067884,0.8571428571428567
ascorbic_acid,5.0,8.0,DVP,5,0.32352647017331304,0.8262558239755312,3.7767500651335215,-0.24934596079151414,0.10000000000000003,1.4,-0.0002524022839882059,0.2606794997906554,-0.2014169387455358,3.7767500651335215,0.017234468937875724,0.10661322645290583,0.3096855174960612,3.7384338900533503,1.0
ascorbic_acid,5.0,8.0,DVP,6,0.32363360463532376,0.8218312954088269,3.672505465336796,-0.255137828992161,0.10000000000000003,1.4,-0.0005308188756621153,0.25937540896611844,-0.21914101086642354,3.672505465336796,0.011623246492985961,0.11222444889779559,0.31726948631130364,3.630639824053041,0.818181818181817
ascorbic_acid,5.0,8.0,DVP,7,0.3114818616168246,0.8191219680639612,3.5378485545069904,-0.25903661137231476,0.10000000000000003,1.4,-0.0003656691869950439,0.22363249605654323,-0.2394265763417477,3.5378485545069904,0.008817635270541135,0.11783567134268536,0.3282369290774872,3.5168060806405976,0.6800000000000007
ascorbic_acid,5.0,8.0,DVP,8,0.3246872265474166,0.8204213239964824,3.6089412907438656,-0.24554047957000774,0.10000000000000003,1.4,-0.00011322675931995097,0.28416911186462723,-0.22969396152073407,3.6089412907438656,0.006012024048096198,0.12064128256513029,0.33250500161144986,3.5705548520688883,0.6538461538461542
ascorbic_acid,5.0,8.0,DVP,9,0.3238887954867548,0.8217223522937184,3.6042774340837362,-0.23862586692059043,0.10000000000000003,1.4,0.0009615350214334546,0.2452041808064438,-0.21153594694084416,3.6042774340837362,0.011623246492985961,0.11222444889779559,0.31719000078171944,3.5593511082951648,0.818181818181817
ascorbic_acid,10.0,6.0,DVP,0,0.4786251408951142,1.2251489663461823,5.640848547929283,-0.5385058901919803,0.10000000000000003,1.4,0.0002695045401447622,0.4593093533880799,-0.38879661894123396,5.640848547929283,0.0929859719438878,0.10661322645290583,0.4590829002907739,5.583290233660266,0.8095238095238101
ascorbic_acid,10.0,6.0,DVP,1,0.47739716022965833,1.2169036983832462,5.478032712909815,-0.3748603598255106,0.10000000000000003,1.4,-4.636168189149537e-05,0.36711295597820026,-0.39357419756552003,5.478032712909815,0.0845691382765531,0.11222444889779559,0.4724385038689829,5.421494847542506,0.600000000000001
ascorbic_acid,10.0,6.0,DVP,2,0.47494354293627644,1.220082656312344,5.3472921001092235,-0.35617251846162534,0.10000000000000003,1.4,-0.0002792281404934922,0.4527400968527415,-0.31954605416323556,5.3472921001092235,0.09859719438877756,0.10941883767535077,0.46537770648692023,5.2973821374763155,0.9499999999999992
ascorbic_acid,10.0,6.0,DVP,3,0.48998908825836757,1.232258652518959,5.605231415382971,-0.39090914606643756,0.10000000000000003,1.4,-0.0006724382847127294,0.3351829741994492,-0.6378957252900358,5.605231415382971,0.0929859719438878,0.10941883767535066,0.4682802782789359,5.526795829172145,0.772727272727274
ascorbic_acid,10.0,6.0,DVP,4,0.4828699425754466,1.2430010824633286,5.45366648629545,-0.4333906760495348,0.10000000000000003,1.4,-4.566550279689352e-05,0.38737355474267,-0.3385488916136178,5.45366648629545,0.09018036072144286,0.11222444889779559,0.48223817498935634,5.406882239394462,0.7391304347826093
ascorbic_acid,10.0,6.0,DVP,5,0.4825382303855748,1.2282282351275573,5.377002424080463,-0.3702024262636056,0.10000000000000003,1.4,-0.00037899851879670445,0.45412614902901716,-0.3600507309402248,5.377002424080463,0.0929859719438878,0.10941883767535077,0.4679500192122733,5.3181813065029,0.8571428571428585
ascorbic_acid,10.0,6.0,DVP,6,0.48269825464028726,1.2278633392294707,5.519089669594296,-0.37459941001773683,0.10000000000000003,1.4,-0.0007948629077711455,0.3924643920710571,-0.3339108790629919,5.519089669594296,0.09018036072144286,0.10941883767535077,0.46827827891258456,5.456399311352657,0.7727272727272726
ascorbic_acid,10.0,6.0,DVP,7,0.46454747865750595,1.2246544398749037,5.428598785637203,-0.3883652245057326,0.10000000000000003,1.4,-0.0005481826580276579,0.32928150503721576,-0.35108921747793687,5.428598785637203,0.08737474949899804,0.10941883767535077,0.46891348814265155,5.3963383433693615,0.6956521739130451
ascorbic_acid,10.0,6.0,DVP,8,0.484272025190556,1.2268323684857776,5.5085157000424525,-0.43461996550585563,0.10000000000000003,1.4,-0.00017111527384214398,0.40984363097503396,-0.2790749709280548,5.5085157000424525,0.0845691382765531,0.10941883767535077,0.46816858319629007,5.451233109617429,0.6250000000000004
ascorbic_acid,10.0,6.0,DVP,9,0.483079427281128,1.2263621924511916,5.392307958455486,-0.39236890447127065,0.10000000000000003,1.4,0.0014342314066803556,0.34688774173322057,-0.31597346312087293,5.392307958455486,0.09579158316633263,0.11503006012024053,0.48325308131816425,5.33107532524619,0.8636363636363632
ascorbic_acid,10.0,6.5,DVP,0,0.4834879987904087,1.2371613075095085,5.52133991972726,-0.5441155967654198,0.10000000000000003,1.4,0.00027225643480021945,0.44074831165936745,-0.3788234615328263,5.52133991972726,0.07334669338677358,0.11222444889779559,0.4798690700633405,5.462113095754466,0.8181818181818203
ascorbic_acid,10.0,6.5,DVP,1,0.4822472887907466,1.2284036588755278,5.437837426822629,-0.3787606371034784,0.10000000000000003,1.4,-4.688407877650036e-05,0.35154033597123624,-0.3551676933028234,5.437837426822629,0.0845691382765531,0.11222444889779559,0.4771644183102367,5.38313605837569,0.818181818181817
ascorbic_acid,10.0,6.5,DVP,2,0.4797682371274107,1.235996915881456,5.3959690024239775,-0.3598884527163023,0.10000000000000003,1.4,-0.0002821644475159655,0.4233099231889228,-0.3450750743265374,5.3959690024239775,0.0761523046092184,0.10661322645290583,0.4638384797557898,5.344011447553547,0.8999999999999985
ascorbic_acid,10.0,6.5,DVP,3,0.494969745633701,1.239655612676785,5.534910202299619,-0.3955186002485722,0.10000000000000003,1.4,-0.0006794506358292516,0.3899902999182274,-0.6445083694477101,5.534910202299619,0.07895791583166334,0.10941883767535077,0.4715092774908468,5.456324898647385,0.9499999999999992
ascorbic_acid,10.0,6.5,DVP,4,0.4877768023844095,1.254114979053761,5.458270715516711,-0.439308881776843,0.10000000000000003,1.4,-4.618068304029244e-05,0.334781152416056,-0.3420523597945583,5.458270715516711,0.07334669338677358,0.12064128256513029,0.5081994919392546,5.411751344341278,0.8695652173913055
ascorbic_acid,10.0,6.5,DVP,5,0.48744165164257686,1.2409345995557148,5.508145608686316,-0.37580583116185784,0.10000000000000003,1.4,-0.0003829690525989875,0.4247103432798367,-0.3333888876861232,5.508145608686316,0.0761523046092184,0.11503006012024042,0.4880633614399161,5.448975788847558,0.9523809523809516
ascorbic_acid,10.0,6.5,DVP,6,0.48760333472000256,1.2389096685414984,5.512594581874162,-0.37851225732643246,0.10000000000000003,1.4,-0.0008031443211667532,0.40518860308158633,-0.34052047157592025,5.512594581874162,0.07895791583166334,0.11503006012024053,0.48638713347986173,5.44701185295606,0.9523809523809534
ascorbic_acid,10.0,6.5,DVP,7,0.46926440651293444,1.2353665423052915,5.426544385437416,-0.3924214559633839,0.10000000000000003,1.4,-0.0005539069665523275,0.32788062498393034,-0.32750981728806794,5.426544385437416,0.0761523046092184,0.11503006012024053,0.48806811064519456,5.395741207620372,0.8636363636363632
ascorbic_acid,10.0,6.5,DVP,8,0.48919341908681735,1.2393316870709652,5.5320272029603,-0.4388586046528837,0.10000000000000003,1.4,-0.00017293087526206819,0.41921416833580727,-0.28196803992238895,5.5320272029603,0.0761523046092184,0.11222444889779559,0.4822347373818371,5.477988213637712,0.904761904761905
ascorbic_acid,10.0,6.5,DVP,9,0.48798845862332824,1.2369447160131641,5.389921213973261,-0.39442793484781097,0.10000000000000003,1.4,0.0014490569422001638,0.3559664476273938,-0.31973168909893235,5.389921213973261,0.07895791583166334,0.12064128256513029,0.49947350322900125,5.322664815385169,0.9545454545454538
ascorbic_acid,10.0,7.0,DVP,0,0.4883511112214344,1.2500810494205632,5.617403056072223,-0.549701093028786,0.10000000000000003,1.4,0.00027499645286030016,0.4766955852430481,-0.4275961779009563,5.617403056072223,0.05370741482965935,0.11783567134268536,0.49946922235282937,5.55852050647334,0.8260869565217396
ascorbic_acid,10.0,7.0,DVP,1,0.4870977268246808,1.2404407109160056,5.440122762426204,-0.3826440816094992,0.10000000000000003,1.4,-4.74042211069996e-05,0.3551314310472728,-0.38567583995911137,5.440122762426204,0.04809619238476959,0.11222444889779559,0.4823937123426925,5.3860885344802485,0.6666666666666689
ascorbic_acid,10.0,7.0,DVP,2,0.4845933505607529,1.2523404846491486,5.786185426614084,-0.3635844064666051,0.10000000000000003,1.4,-0.0002850880820582482,0.3908392996706489,-0.3307049913046525,5.786185426614084,0.04809619238476959,0.10661322645290583,0.4698910254396758,5.7335920698343426,0.6521739130434792
ascorbic_acid,10.0,7.0,DVP,3,0.49995014914712066,1.2475505083734797,5.387893937728868,-0.4144531343982054,0.10000000000000003,1.4,-0.0006864327231212268,0.35754446704882925,-0.6510924748315641,5.387893937728868,0.056513026052104176,0.11783567134268536,0.4967717883470323,5.30961806209103,0.9090909090909076
ascorbic_acid,10.0,7.0,DVP,4,0.49268372682614947,1.2652822396291417,5.551000082188479,-0.44444119319676034,0.10000000000000003,1.4,-4.6693639874686e-05,0.3495991337479827,-0.3454948620713514,5.551000082188479,0.05370741482965935,0.11503006012024042,0.4993486631221213,5.503790874182606,0.8636363636363648
ascorbic_acid,10.0,7.0,DVP,5,0.492345152372419,1.2551092857019137,5.5326914894365915,-0.3804572227442869,0.10000000000000003,1.4,-0.00038692245041700344,0.4129066998961177,-0.29387159089473386,5.5326914894365915,0.04809619238476959,0.11222444889779559,0.48463304964748277,5.472678791553025,0.6666666666666689
ascorbic_acid,10.0,7.0,DVP,6,0.4925084871134301,1.2503779712708487,5.470643564176975,-0.38240821761349664,0.10000000000000003,1.4,-0.0008113899937333909,0.34196966341811236,-0.3811044232994305,5.470643564176975,0.056513026052104176,0.11222444889779559,0.48363698390336085,5.408622713183208,0.904761904761905
ascorbic_acid,10.0,7.0,DVP,7,0.4739822187072867,1.2465845119658532,5.659683260357564,-0.39646018158379825,0.10000000000000003,1.4,-0.0005596065701719021,0.36430516682345715,-0.39102330738571145,5.659683260357564,0.056513026052104176,0.10941883767535077,0.47548228700725315,5.628190355312122,0.9499999999999992
ascorbic_acid,10.0,7.0,DVP,8,0.4941148148898083,1.251277509815003,5.593120770940325,-0.4412427641639951,0.10000000000000003,1.4,-0.00017473864093019032,0.4305483140911006,-0.30171451282654926,5.593120770940325,0.04529058116232465,0.11222444889779559,0.4856545697573751,5.5389383197717,0.600000000000001
ascorbic_acid,10.0,7.0,DVP,9,0.49289754522642715,1.24937693324464,5.458070449285695,-0.3867742765672908,0.10000000000000003,1.4,0.0014638184938438128,0.3528905012974788,-0.33716891181779785,5.458070449285695,0.056513026052104176,0.10941883767535066,0.47387012998190897,5.388341790576634,0.9500000000000011
ascorbic_acid,10.0,7.5,DVP,0,0.49321444753494154,1.2636942265325584,5.645185351581159,-0.5552615423811165,0.10000000000000003,1.4,0.00027772418392131294,0.4113576352452455,-0.424663867596756,5.645185351581159,0.03126252505010019,0.11222444889779559,0.49056642086232,5.58318583534854,0.7391304347826093
ascorbic_acid,10.0,7.5,DVP,1,0.4919484455765994,1.2534006207688495,5.497210687423568,-0.38651011167591454,0.10000000000000003,1.4,-4.7922030975382943e-05,0.3721298874506527,-0.4029249895283311,5.497210687423568,0.03687374749498995,0.11222444889779559,0.48632732806614837,5.442652406702706,0.904761904761905
ascorbic_acid,10.0,7.5,DVP,2,0.4894188582745954,1.2680766052206276,5.599053578071504,-0.36726256641826016,0.10000000000000003,1.4,-0.00028799860621435424,0.4528653949055752,-0.31179027753230826,5.599053578071504,0.04809619238476959,0.10941883767535077,0.4847809807285296,5.550171227141226,0.6956521739130422
ascorbic_acid,10.0,7.5,DVP,3,0.5049302505773571,1.2571758746290531,5.621664853661948,-0.4273291236027311,0.10000000000000003,1.4,-0.0006933835008020317,0.33916762699559677,-0.657647055265239,5.621664853661948,0.02845691382765536,0.11503006012024042,0.4930742817905271,5.541394567568832,0.7083333333333346
ascorbic_acid,10.0,7.5,DVP,4,0.4975906786851931,1.2765236387442602,5.583263920105162,-0.4491916892488174,0.10000000000000003,1.4,-4.720429646871249e-05,0.3940746201693348,-0.348617680979083,5.583263920105162,0.02004008016032066,0.11222444889779559,0.4939591596594556,5.529051516560569,0.4814814814814826
ascorbic_acid,10.0,7.5,DVP,5,0.4972486958724362,1.2703414824774242,5.617850707842807,-0.38463997193010585,0.10000000000000003,1.4,-0.00039085812010540533,0.3985146729350968,-0.3024710197971412,5.617850707842807,0.03126252505010019,0.11222444889779559,0.4933120168407371,5.561477432897953,0.7391304347826093
ascorbic_acid,10.0,7.5,DVP,6,0.497413674870516,1.2634527598190552,5.464726905709475,-0.3875724483595428,0.10000000000000003,1.4,-0.0008195986904228851,0.40994214164953635,-0.37169648415651624,5.464726905709475,0.03967935871743489,0.12064128256513029,0.5138150599794695,5.403956078517555,0.9545454545454538
ascorbic_acid,10.0,7.5,DVP,7,0.4787009063505821,1.2592328351250124,5.508702050639008,-0.40048079644112405,0.10000000000000003,1.4,-0.0005652806151919201,0.35935257110981467,-0.40108494632185376,5.508702050639008,0.03126252505010019,0.11222444889779559,0.48911233593228426,5.476905105624426,0.818181818181817
ascorbic_acid,10.0,7.5,DVP,8,0.49903617321651533,1.2632547823626943,5.613297523292078,-0.43353451460601533,0.10000000000000003,1.4,-0.00017653830007689918,0.46300647077024704,-0.330488234673175,5.613297523292078,0.025651302605210424,0.11783567134268536,0.5064827490240864,5.558210261981665,0.6153846153846151
ascorbic_acid,10.0,7.5,DVP,9,0.4978066495511,1.2634911602007357,5.588298794934183,-0.3686905460167613,0.10000000000000003,1.4,0.0014785138506057888,0.3494320740459522,-0.3257572235998131,5.588298794934183,0.02845691382765536,0.11783567134268536,0.5042991365892753,5.51971756327589,0.6800000000000007
ascorbic_acid,10.0,8.0,DVP,0,0.4980779754723916,1.2772965584334788,5.939436600195817,-0.5607961136883564,0.10000000000000003,1.4,0.00028043922026239665,0.39922581857733563,-0.3983444640394298,5.939436600195817,0.014428857715430898,0.10100200400801607,0.46110282466184044,5.87746827727358,0.8947368421052635
ascorbic_acid,10.0,8.0,DVP,1,0.4967994146739432,1.2674316944194832,5.542982934042172,-0.3903581494374298,0.10000000000000003,1.4,-4.843743098329378e-05,0.4402419491848071,-0.3780238000944721,5.542982934042172,0.02004008016032066,0.11783567134268536,0.507499728619037,5.48962098631779,0.9090909090909076
ascorbic_acid,10.0,8.0,DVP,2,0.4942447336647362,1.2826503434239538,5.805384245471327,-0.3709232571113531,0.10000000000000003,1.4,-0.00029089558494087655,0.4317468075410482,-0.34807827489934584,5.805384245471327,0.017234468937875724,0.10661322645290583,0.4816245664489755,5.754015751369342,1.0
ascorbic_acid,10.0,8.0,DVP,3,0.5099100002126945,1.2691914667112545,5.475114278582977,-0.43628568507681337,0.10000000000000003,1.4,-0.0007003019299213524,0.34670983067234984,-0.6641711310190153,5.475114278582977,0.025651302605210424,0.11783567134268536,0.5041945751561114,5.394538026120858,0.7499999999999992
ascorbic_acid,10.0,8.0,DVP,4,0.5024976191836762,1.2873370847378398,5.752974782313335,-0.4537635835261746,0.10000000000000003,1.4,-4.771257649323779e-05,0.401527144792867,-0.3501838333914933,5.752974782313335,0.02004008016032066,0.10941883767535066,0.4895019779364373,5.704370539499281,0.8571428571428567
ascorbic_acid,10.0,8.0,DVP,5,0.5021522438742203,1.2852354356190543,5.8736060560200505,-0.38860363721613395,0.10000000000000003,1.4,-0.00039477547338969153,0.4054588618392212,-0.31327513713309063,5.8736060560200505,0.017234468937875724,0.10661322645290583,0.4817239583112473,5.815167093962633,1.0
ascorbic_acid,10.0,8.0,DVP,6,0.5023188594770811,1.2783563106737068,5.711483500567655,-0.3976022654833846,0.10000000000000003,1.4,-0.0008277691842605854,0.4034316353952052,-0.3408116220291359,5.711483500567655,0.011623246492985961,0.11222444889779559,0.49352343137273774,5.647539447105592,0.818181818181817
ascorbic_acid,10.0,8.0,DVP,7,0.48342045880528484,1.2741443426143502,5.502058904503898,-0.40448269956389077,0.10000000000000003,1.4,-0.0005709282534985247,0.34784422803200266,-0.3723812904084808,5.502058904503898,0.008817635270541135,0.11783567134268536,0.5105498649335919,5.470212852720846,0.6800000000000007
ascorbic_acid,10.0,8.0,DVP,8,0.5039574531357031,1.2761624597769388,5.612611127826398,-0.3832431414091972,0.10000000000000003,1.4,-0.00017832958370258466,0.44198848368477295,-0.35725048006044346,5.612611127826398,0.006012024048096198,0.12064128256513029,0.5172475554566334,5.554285594612797,0.6538461538461542
ascorbic_acid,10.0,8.0,DVP,9,0.5027157324977481,1.2781866560439061,5.605375210612442,-0.3723704869519773,0.10000000000000003,1.4,0.0014931408159339324,0.38135377662660275,-0.32898890458493124,5.605375210612442,0.011623246492985961,0.11222444889779559,0.4934133640823759,5.536791906436617,0.818181818181817
glucose,0.1,6.0,DVP,0,0.00891469682723806,0.014407178965020417,0.0606960062030454,-0.004470092480158542,0.10000000000000003,1.4,8.712650807661232e-06,0.0038208617169546376,-0.004707877565651077,0.0606960062030454,0.5110220440881764,0.14308617234468946,0.006352049572484235,0.057234313667592816,0.7586206896551749
glucose,0.1,6.0,DVP,1,0.008899306581597962,0.014436718106871894,0.0585830761269052,-0.0028217714535820537,0.10000000000000003,1.4,4.75390871725275e-06,0.004366718714812517,-0.0040595793024586525,0.0585830761269052,0.5306613226452906,0.14308617234468946,0.006401148819146461,0.055394691432394685,0.7586206896551702
glucose,0.1,6.0,DVP,2,0.008868555468071332,0.01437255634392522,0.06050490497781889,-0.002696706345343351,0.10000000000000003,1.4,1.835400226002072e-06,0.003584089025321247,-0.003836251004858517,0.06050490497781889,0.4997995991983969,0.1402805611222444,0.006267315405634133,0.05702106778482024,0.6129032258064544
glucose,0.1,6.0,DVP,3,0.009057120846020712,0.014496809333686456,0.06014839621612145,-0.0029285232303357784,0.10000000000000003,1.4,-3.092690971155398e-06,0.004933061284367057,-0.007978337204149734,0.06014839621612145,0.5138276553106212,0.14308617234468923,0.0064264206484943515,0.05660090418582641,0.9615384615384623
glucose,0.1,6.0,DVP,4,0.008967896802116791,0.014162403540786149,0.06060928290004521,-0.0021399876650551528,0.10000000000000003,1.4,4.7626339094131615e-06,0.004459682334773509,-0.004245108191904164,0.06060928290004521,0.4997995991983969,0.1318637274549097,0.005933054611511451,0.05690809836254519,0.5666666666666679
glucose,0.1,6.0,DVP,5,0.008963739462976562,0.014503494939000036,0.06070413457319822,-0.0025119279563167794,0.10000000000000003,1.4,5.849810028932179e-07,0.004254687843856717,-0.003268466122421255,0.06070413457319822,0.5054108216432865,0.13747494989979958,0.006264938349366019,0.057303920144866544,0.75
glucose,0.1,6.0,DVP,6,0.008965745042264316,0.014380382103256104,0.0603133258861833,-0.002907798244842587,0.10000000000000003,1.4,-4.627035178900794e-06,0.004968497067972866,-0.003605252672334261,0.0603133258861833,0.5194388777555111,0.13747494989979958,0.006188893745132784,0.05676274493971295,0.9599999999999946
glucose,0.1,6.0,DVP,7,0.008738261899580059,0.014396556179159933,0.05952191007424752,-0.0031595876142101664,0.10000000000000003,1.4,-1.5353988486953999e-06,0.004346999656652084,-0.003705741239068797,0.05952191007424752,0.5138276553106212,0.14308617234468946,0.006417603753677246,0.05644280186743807,0.8888888888888886
glucose,0.1,6.0,DVP,8,0.00898546906238217,0.014486376536205072,0.059617788019239906,-0.00246780268742537,0.10000000000000003,1.4,3.1903756107340733e-06,0.004417796812067585,-0.003974465291220097,0.059617788019239906,0.5110220440881764,0.14308617234468923,0.006405412475560068,0.056114705449799296,0.8888888888888912
glucose,0.1,6.0,DVP,9,0.008970522267784919,0.014422616762398135,0.05964200016000757,-0.002646128788684042,0.10000000000000003,1.4,2.3310138442330695e-05,0.004226342280013898,-0.0044220388821497245,0.05964200016000757,0.5026052104208417,0.14028056112224463,0.006297869341395356,0.056103762731444566,0.6129032258064528
glucose,0.1,6.5,DVP,0,0.008959077943581735,0.014469605590870285,0.05969582127816876,-0.00450313923753072,0.10000000000000003,1.4,8.44066089103183e-06,0.0038406992578425246,-0.004833085824092854,0.05969582127816876,0.5110220440881764,0.14589178356713428,0.006459715183177649,0.05621959837308277,0.8571428571428575
glucose,0.1,6.5,DVP,1,0.008943607970098067,0.014510535588403772,0.05961919620592372,-0.002846200122957317,0.10000000000000003,1.4,4.4614108777810285e-06,0.004442495399579794,-0.004247494699631097,0.05961919620592372,0.49699398797595185,0.14589178356713428,0.0065168526459603,0.05638486327350433,0.793103448275859
glucose,0.1,6.5,DVP,2,0.008912697553073227,0.01444977819699794,0.061205780918184044,-0.0027187049529309513,0.10000000000000003,1.4,1.5277833043607496e-06,0.0037039946234739413,-0.003710820239646205,0.061205780918184044,0.4997995991983969,0.1402805611222444,0.006303915720536708,0.057742310360077945,0.8518518518518549
glucose,0.1,6.5,DVP,3,0.009102239777741439,0.014559594582148328,0.05965144375728256,-0.002951550804879266,0.10000000000000003,1.4,-3.4258374452967416e-06,0.0052261516665904496,-0.008019754284606193,0.05965144375728256,0.49699398797595185,0.14589178356713428,0.006533839928682804,0.05609329648469249,0.7333333333333317
glucose,0.1,6.5,DVP,4,0.009012553516353713,0.014218312078165131,0.06131069956125718,-0.0021667881984044155,0.10000000000000003,1.4,4.4701812700488205e-06,0.004576669776970677,-0.004267088711942444,0.06131069956125718,0.4997995991983969,0.14028056112224463,0.006205155044241693,0.057623256498198376,0.7857142857142877
glucose,0.1,6.5,DVP,5,0.009008374640475712,0.014555726870591576,0.06049240310636914,-0.002512722876706708,0.10000000000000003,1.4,2.7088639203588783e-07,0.0044426292912041285,-0.0036115599846555657,0.06049240310636914,0.5054108216432865,0.1486973947895791,0.006623620428991178,0.05706693079554779,0.9629629629629609
glucose,0.1,6.5,DVP,6,0.009010390609494429,0.014453781540386818,0.06251188625015919,-0.0029308044359595475,0.10000000000000003,1.4,-4.968130191215996e-06,0.004438485521528743,-0.003965488150350208,0.06251188625015919,0.4829659318637275,0.14028056112224463,0.006291794985397255,0.058944329323002115,0.4705882352941183
glucose,0.1,6.5,DVP,7,0.008781729009959095,0.014469641037381393,0.05910405765799104,-0.0031888843797811435,0.10000000000000003,1.4,-1.860477904964861e-06,0.004333267414966143,-0.0037185125689644695,0.05910405765799104,0.5054108216432865,0.15150300601202416,0.006677094725348988,0.056015731547651666,1.0
glucose,0.1,6.5,DVP,8,0.009030216808201718,0.014558727150619937,0.060966532729155705,-0.002496186165512719,0.10000000000000003,1.4,2.889778022509455e-06,0.004138237137882949,-0.004095874170467136,0.060966532729155705,0.4857715430861723,0.1402805611222444,0.006351746177697486,0.05745932999641618,0.5624999999999999
glucose,0.1,6.5,DVP,9,0.009015192583020876,0.01450281184796312,0.06103231165243313,-0.0026726322920996217,0.10000000000000003,1.4,2.3113769554620668e-05,0.004254662426418779,-0.004284242214296456,0.06103231165243313,0.48857715430861715,0.14308617234468946,0.006420001752775085,0.057465541387864444,0.5937499999999977
glucose,0.1,7.0,DVP,0,0.009002294181611081,0.014538540887537775,0.05926319303834874,-0.004536799316948631,0.10000000000000003,1.4,8.22002760339928e-06,0.0038668867722548555,-0.004868200119926214,0.05926319303834874,0.494188376753507,0.13747494989979958,0.006246930603285725,0.05577947892870616,0.884615384615387
glucose,0.1,7.0,DVP,1,0.00898673922394818,0.014586920644147877,0.060552228293870546,-0.0028722393374120796,0.10000000000000003,1.4,4.218917611092348e-06,0.0044115428886671295,-0.004340386617470132,0.060552228293870546,0.4857715430861723,0.1402805611222444,0.006387083953239767,0.057304768715421776,0.8518518518518494
glucose,0.1,7.0,DVP,2,0.008955659000787373,0.014528196332377256,0.0617435849143328,-0.0027421538953141876,0.10000000000000003,1.4,1.2691741773718027e-06,0.003665518691623206,-0.0036090771834147795,0.0617435849143328,0.4829659318637275,0.14308617234468923,0.006402663897656297,0.058214150365657,0.7586206896551723
glucose,0.1,7.0,DVP,3,0.00914624247419535,0.014620512507046119,0.06096492208673664,-0.0029760965524474113,0.10000000000000003,1.4,-3.7116592494180547e-06,0.005405876941365791,-0.008063901930289587,0.06096492208673664,0.4829659318637275,0.14308617234468923,0.006474424173620651,0.0573563320793489,0.7000000000000011
glucose,0.1,7.0,DVP,4,0.00905606352202694,0.014282609765120916,0.06012823102817407,-0.0021953556502235516,0.10000000000000003,1.4,4.227736183441989e-06,0.0045390052234994,-0.004290518374291697,0.06012823102817407,0.4997995991983969,0.13747494989979958,0.006162751280211326,0.056456676279076405,0.8148148148148133
glucose,0.1,7.0,DVP,5,0.009051861689526744,0.014604740904018143,0.061526486930336084,-0.002485010861078408,0.10000000000000003,1.4,5.3725116165989285e-09,0.00445537316540557,-0.0038757602635500765,0.061526486930336084,0.4829659318637275,0.1486973947895791,0.006628365672314386,0.0580831434280877,0.7096774193548377
glucose,0.1,7.0,DVP,6,0.009053888733255619,0.014527625089174417,0.06410716575684099,-0.002955327390324324,0.10000000000000003,1.4,-5.262424568563911e-06,0.004084964073121408,-0.004252065383917061,0.06410716575684099,0.4829659318637275,0.13466933867735453,0.006174301746196924,0.06050187446400499,0.8461538461538464
glucose,0.1,7.0,DVP,7,0.00882397098299838,0.014544189682942386,0.060504793023929616,-0.003220112623318298,0.10000000000000003,1.4,-2.1377004186035236e-06,0.004285617968773445,-0.003733214608369038,0.060504793023929616,0.4829659318637275,0.13747494989979958,0.00629157702611582,0.057395765932037886,0.6896551724137944
glucose,0.1,7.0,DVP,8,0.009073823847031589,0.014631077098582449,0.062217627580416816,-0.002526440923212985,0.10000000000000003,1.4,2.638651002931208e-06,0.004464421739969124,-0.004126938599804416,0.062217627580416816,0.4745490981963928,0.13747494989979958,0.006296191333957469,0.05869277223802729,0.6333333333333315
glucose,0.1,7.0,DVP,9,0.009058717086386354,0.014578493954727151,0.06178731296187252,-0.002700883106143223,0.10000000000000003,1.4,2.2973742875521465e-05,0.004283760961954097,-0.004194797867606813,0.06178731296187252,0.4857715430861723,0.14308617234468923,0.006449045591938398,0.05818101717156913,0.8214285714285698
glucose,0.1,7.5,DVP,0,0.009044583629739325,0.01461321833693041,0.06060628680933873,-0.004564433548614112,0.10000000000000003,1.4,8.043010242320039e-06,0.003895672095395569,-0.004825883721160589,0.06060628680933873,0.46332665330661327,0.14589178356713428,0.0065373917093193715,0.05710289342516796,0.5757575757575777
glucose,0.1,7.5,DVP,1,0.009028948066655445,0.014664688033415441,0.061584414612283984,-0.0028969368971451977,0.10000000000000003,1.4,4.021166593111096e-06,0.0044343811920165965,-0.00434465795735765,0.061584414612283984,0.4689378757515029,0.1402805611222444,0.00644136343391364,0.05832670374632161,0.7857142857142849
glucose,0.1,7.5,DVP,2,0.008997706786516776,0.014609172963421898,0.061160885066321294,-0.0027643946451722354,0.10000000000000003,1.4,1.0561376590115316e-06,0.003717164976226454,-0.0036976747062361613,0.061160885066321294,0.4829659318637275,0.14308617234468946,0.006442641764855375,0.05769778330022106,0.8888888888888886
glucose,0.1,7.5,DVP,3,0.009189277858955134,0.014680822857823208,0.06066590700318945,-0.0029993775952688643,0.10000000000000003,1.4,-3.9505063282367396e-06,0.005401311208971457,-0.008105774895322245,0.06066590700318945,0.4577154308617234,0.1486973947895791,0.0066430222974945925,0.057042049108473845,0.514285714285714
glucose,0.1,7.5,DVP,4,0.009098631601599504,0.014356500286070972,0.059283140953209766,-0.002222451181425225,0.10000000000000003,1.4,4.0300308630930925e-06,0.004529947382462492,-0.00431274083750781,0.059283140953209766,0.4745490981963928,0.1486973947895791,0.006499513781108978,0.05557112514843562,0.8275862068965527
glucose,0.1,7.5,DVP,5,0.009094407995303137,0.014651596752025388,0.06094266208573039,-0.0023929490383776263,0.10000000000000003,1.4,-2.1421299694397536e-07,0.004245057478276422,-0.004044281728995493,0.06094266208573039,0.4829659318637275,0.1486973947895791,0.006644389100977436,0.05740542751698942,0.9629629629629609
glucose,0.1,7.5,DVP,6,0.009096445543124448,0.014602354320873307,0.06353671392858976,-0.002978586814348378,0.10000000000000003,1.4,-5.509307676415655e-06,0.004119816477249523,-0.004654428378568751,0.06353671392858976,0.4829659318637275,0.14308617234468946,0.0064771535293115835,0.059958270915680595,0.9615384615384595
glucose,0.1,7.5,DVP,7,0.00886533636454889,0.014621353198771643,0.060594287887556726,-0.0032497318136860557,0.10000000000000003,1.4,-2.3683912801628347e-06,0.004176996087919712,-0.0037475392499825315,0.060594287887556726,0.4773547094188376,0.1402805611222444,0.006409157365656035,0.05748836576975465,1.0
glucose,0.1,7.5,DVP,8,0.009116483960186286,0.01470272662287399,0.06297571366314313,-0.0025551368228842863,0.10000000000000003,1.4,2.432711080938222e-06,0.004716467755137534,-0.004080781001456065,0.06297571366314313,0.4745490981963928,0.14308617234468946,0.006493460825279947,0.059418045682988294,0.8214285714285726
glucose,0.1,7.5,DVP,9,0.009101298916666369,0.014650477440580135,0.0608082995406818,-0.0027276782452032794,0.10000000000000003,1.4,2.2873178916390834e-05,0.004310980097239177,-0.004167753524897351,0.0608082995406818,0.4857715430861723,0.1486973947895791,0.006650737236344315,0.05723061484036717,0.8928571428571425
glucose,0.1,8.0,DVP,0,0.009086091057705508,0.01469225137621586,0.061120130357213955,-0.004584846100800696,0.10000000000000003,1.4,7.906282947910805e-06,0.003925137095765967,-0.004728854672621536,0.061120130357213955,0.46332665330661327,0.14308617234468946,0.006485567166270868,0.057544791005595314,0.8888888888888886
glucose,0.1,8.0,DVP,1,0.009070368208549985,0.014743034806131466,0.061214621073792184,-0.0029236814131112163,0.10000000000000003,1.4,3.8619872174419125e-06,0.004459112354737404,-0.004279980974835189,0.061214621073792184,0.4689378757515029,0.13747494989979958,0.006376514781568346,0.057895717805437216,0.884615384615387
glucose,0.1,8.0,DVP,2,0.009038952522884518,0.014693579377654803,0.061410275248683,-0.0027884787286243007,0.10000000000000003,1.4,8.804059067775532e-07,0.003955490657885934,-0.00374843915404844,0.061410275248683,0.45490981963927857,0.14869739478957922,0.00665295176541271,0.05791273506480779,0.7666666666666656
glucose,0.1,8.0,DVP,3,0.0092315930474599,0.014742449103449148,0.062318627784027344,-0.0030245881921121217,0.10000000000000003,1.4,-4.154187843675319e-06,0.005172251116337668,-0.008151118329813821,0.062318627784027344,0.4577154308617234,0.14308617234468946,0.006503988254172956,0.05868148266385764,0.6999999999999992
glucose,0.1,8.0,DVP,4,0.009140440754237748,0.01444106914948173,0.060760206523896625,-0.0022517924149179896,0.10000000000000003,1.4,3.870900972517648e-06,0.004296022871132663,-0.0043368051187044135,0.060760206523896625,0.4577154308617234,0.13466933867735476,0.006131064829073533,0.057039870436038344,0.7142857142857151
glucose,0.1,8.0,DVP,5,0.009136193569513167,0.014697716049166285,0.06074921293333564,-0.0021789653825205154,0.10000000000000003,1.4,-3.9703652564760524e-07,0.00419234173275341,-0.004117658809400522,0.06074921293333564,0.45490981963927857,0.14589178356713428,0.006582607499394728,0.05716769212603231,0.6774193548387094
glucose,0.1,8.0,DVP,6,0.009138242492015653,0.01467797411929792,0.06125342614221129,-0.0030037740006086285,0.10000000000000003,1.4,-5.721691254288792e-06,0.004058999067978748,-0.00502232453183777,0.06125342614221129,0.4829659318637275,0.14028056112224463,0.00641922263318508,0.05765338165245172,0.6666666666666666
glucose,0.1,8.0,DVP,7,0.008905843138458203,0.014702089759954852,0.06301427708161494,-0.003281805783534919,0.10000000000000003,1.4,-2.5632405836309047e-06,0.004064984346640791,-0.0037641347959484874,0.06301427708161494,0.45210420841683374,0.13747494989979958,0.00636593735095962,0.05986881929140782,0.6333333333333357
glucose,0.1,8.0,DVP,8,0.009158392774233734,0.014774551258946703,0.06317837507946006,-0.002586211064842257,0.10000000000000003,1.4,2.2646640974384456e-06,0.004822665342867672,-0.003979592391216223,0.06317837507946006,0.46332665330661327,0.13186372745490993,0.006171188132301496,0.05961407443432896,0.8800000000000027
glucose,0.1,8.0,DVP,9,0.009143122959683217,0.014720244442457144,0.06053922055172495,-0.002756694030189136,0.10000000000000003,1.4,2.281924155147936e-05,0.004339371514218502,-0.004156479637307024,0.06053922055172495,0.46052104208416844,0.13747494989979958,0.006343905662702527,0.05694129441120618,0.8148148148148187
glucose,0.2,6.0,DVP,0,0.015230055773375311,0.02869508097904161,0.1182455282195544,-0.010691638690633306,0.10000000000000003,1.4,1.3198830088573588e-05,0.007452262147100655,-0.009224082891536346,0.1182455282195544,0.5110220440881764,0.14308617234468946,0.012676259776304207,0.1140120689292559,0.7586206896551749
glucose,0.2,6.0,DVP,1,0.015200070788932447,0.028751896196052406,0.1139736278293026,-0.0072936100594484235,0.10000000000000003,1.4,5.485969438388262e-06,0.008566915617654536,-0.007956212369386866,0.1139736278293026,0.5306613226452906,0.1486973947895791,0.013078150024584042,0.11017298509098353,0.7096774193548377
glucose,0.2,6.0,DVP,2,0.015140158057046329,0.02862855392293974,0.11788562330881781,-0.006875919637560517,0.10000000000000003,1.4,-2.001926770821838e-07,0.0070241089800806775,-0.0075104271336261415,0.11788562330881781,0.4997995991983969,0.1402805611222444,0.012514846465395836,0.11365272335267414,0.6129032258064544
glucose,0.2,6.0,DVP,3,0.015507542051850358,0.028866657050878552,0.11716607930800026,-0.0075016833680135115,0.10000000000000003,1.4,-9.80164682767535e-06,0.00965814127615347,-0.015560023152014532,0.11716607930800026,0.5138276553106212,0.14308617234468923,0.012793030730684699,0.11255380229584827,0.9615384615384623
glucose,0.2,6.0,DVP,4,0.015333705868143335,0.028215893465374835,0.1180889839599292,-0.007046012542955296,0.10000000000000003,1.4,5.502968826007473e-06,0.008746919616632584,-0.008268795957056494,0.1180889839599292,0.4997995991983969,0.1318637274549097,0.011851014165060838,0.11344298921512615,0.5666666666666679
glucose,0.2,6.0,DVP,5,0.015325606078681974,0.028876783704021414,0.11827630836694804,-0.006804386098856112,0.10000000000000003,1.4,-2.636398169104104e-06,0.008344549921353653,-0.0063949699307984526,0.11827630836694804,0.5054108216432865,0.13747494989979958,0.012501373408597935,0.1141709420126292,0.75
glucose,0.2,6.0,DVP,6,0.01532951357081358,0.028641772023816712,0.11745240982077343,-0.007119242267043114,0.10000000000000003,1.4,-1.2791026482498535e-05,0.009721366359347325,-0.007048061040224429,0.11745240982077343,0.5194388777555111,0.13747494989979958,0.0123539020700508,0.11306582949720696,0.9599999999999946
glucose,0.2,6.0,DVP,7,0.014886305667969658,0.028676412962143176,0.11594548948396169,-0.008522566753726372,0.10000000000000003,1.4,-6.767557498828533e-06,0.008529853091309499,-0.007237041579646426,0.11594548948396169,0.5138276553106212,0.14308617234468946,0.01278772581997964,0.11233515490055632,0.8888888888888886
glucose,0.2,6.0,DVP,8,0.01536794209562177,0.028845728023365515,0.1161448239018024,-0.0076635966592531485,0.10000000000000003,1.4,2.4397207318236252e-06,0.008658510263981907,-0.00779516771023997,0.1161448239018024,0.5110220440881764,0.14308617234468923,0.012795592468099998,0.11192302836074865,0.8888888888888912
glucose,0.2,6.0,DVP,9,0.015338821091711242,0.028723346878532948,0.11620849169288926,-0.007497783188687592,0.10000000000000003,1.4,4.1639275411292546e-05,0.008217123771651715,-0.00866626217977796,0.11620849169288926,0.5026052104208417,0.14589178356713428,0.012847440679259062,0.11166435409708411,0.6774193548387094
glucose,0.2,6.5,DVP,0,0.015318091794828938,0.02883449729629191,0.11629645236128042,-0.010761041031697335,0.10000000000000003,1.4,1.2661075349762325e-05,0.007493859703840111,-0.009474592302534925,0.11629645236128042,0.494188376753507,0.14589178356713428,0.012900522989651306,0.11205595465792659,0.7333333333333317
glucose,0.2,6.5,DVP,1,0.015287939628197678,0.02891340173493593,0.11619572438261357,-0.007344834803815102,0.10000000000000003,1.4,4.905211411557064e-06,0.008718804662707275,-0.008330841043146693,0.11619572438261357,0.49699398797595185,0.14869739478957933,0.013151515249221594,0.1123872372529012,0.8275862068965505
glucose,0.2,6.5,DVP,2,0.015227692851061398,0.02879669112653901,0.11927809714223268,-0.006926642883319833,0.10000000000000003,1.4,-8.126540729057261e-07,0.007279720247559331,-0.007263407353030781,0.11927809714223268,0.4997995991983969,0.1402805611222444,0.012583258723426248,0.1150262629082964,0.8518518518518549
glucose,0.2,6.5,DVP,3,0.015597125206449005,0.02900674384140085,0.11625857733727754,-0.007555118708875414,0.10000000000000003,1.4,-1.046764142174731e-05,0.01024178154362975,-0.01564687108164203,0.11625857733727754,0.49699398797595185,0.14589178356713428,0.01301170950685012,0.11163795012932692,0.7333333333333317
glucose,0.2,6.5,DVP,4,0.01542231979383778,0.028342724425306113,0.11948259163680998,-0.007102210874866765,0.10000000000000003,1.4,4.922305579776545e-06,0.008980656131154112,-0.008314887150265227,0.11948259163680998,0.4997995991983969,0.14028056112224463,0.012396872594999346,0.11484588935577376,0.7857142857142877
glucose,0.2,6.5,DVP,5,0.0154141748437551,0.02899637346748914,0.11785779218892795,-0.006808614199171087,0.10000000000000003,1.4,-3.262442702391307e-06,0.00871901081797867,-0.007077354577852225,0.11785779218892795,0.5054108216432865,0.1486973947895791,0.01321309660326837,0.11364551475089113,0.9629629629629609
glucose,0.2,6.5,DVP,6,0.015418104122227369,0.028802490717475288,0.12182099256963277,-0.007167484201170342,0.10000000000000003,1.4,-1.3473688453323112e-05,0.008671829566280057,-0.007764703044395645,0.12182099256963277,0.4829659318637275,0.14028056112224463,0.012563263977019911,0.11740030353768932,0.4705882352941183
glucose,0.2,6.5,DVP,7,0.014972425100305435,0.028836507774388995,0.1151518002655779,-0.008583999463257332,0.10000000000000003,1.4,-7.416635436006947e-06,0.008504095272830602,-0.007264533399695806,0.1151518002655779,0.5054108216432865,0.15150300601202416,0.013312775620435969,0.11153770435748465,1.0
glucose,0.2,6.5,DVP,8,0.015456746906438836,0.02900438722244677,0.11882199414636167,-0.007723114285323029,0.10000000000000003,1.4,1.8419782531203556e-06,0.008106794579267695,-0.008037710161392597,0.11882199414636167,0.4857715430861723,0.1402805611222444,0.012664333085517537,0.11439830417895358,0.5624999999999999
glucose,0.2,6.5,DVP,9,0.015427463537489526,0.02889724645007367,0.11895777327465011,-0.007553358677084742,0.10000000000000003,1.4,4.126009123625768e-05,0.008275797118309154,-0.00839478948737173,0.11895777327465011,0.48857715430861715,0.14308617234468946,0.012798254682047863,0.11440020792304316,0.5937499999999977
glucose,0.2,7.0,DVP,0,0.015403824082431745,0.02898543467116453,0.11549487543521504,-0.010830583209345504,0.10000000000000003,1.4,1.2224678887353194e-05,0.00753742372264929,-0.009545751807003403,0.11549487543521504,0.494188376753507,0.13747494989979958,0.012476855836931101,0.11122485330366443,0.884615384615387
glucose,0.2,7.0,DVP,1,0.015373496830327215,0.029078775389982114,0.11805019842724146,-0.007398481120429336,0.10000000000000003,1.4,4.423778745783835e-06,0.008597044775923046,-0.008516424905574853,0.11805019842724146,0.4857715430861723,0.1402805611222444,0.01274681580687488,0.1141883793729101,0.8518518518518494
glucose,0.2,7.0,DVP,2,0.015312900216457238,0.028966034826593896,0.12038047972320551,-0.006979732511499087,0.10000000000000003,1.4,-1.3272888364488922e-06,0.0072041650598846305,-0.0070661648646878975,0.12038047972320551,0.4829659318637275,0.14308617234468923,0.012790704103893026,0.11603705169837014,0.7586206896551723
glucose,0.2,7.0,DVP,3,0.01568447776557427,0.02914209053331475,0.11886233326542033,-0.007611080124587852,0.10000000000000003,1.4,-1.1038340084449153e-05,0.010599893157991924,-0.01573782461567505,0.11886233326542033,0.4829659318637275,0.14308617234468923,0.012895834280705327,0.11412868627271948,0.7000000000000011
glucose,0.2,7.0,DVP,4,0.015508657305229583,0.028484741742016605,0.11713758437077387,-0.007161065897848111,0.10000000000000003,1.4,4.4409721752129634e-06,0.008909767238027541,-0.008363157234861529,0.11713758437077387,0.4997995991983969,0.13747494989979958,0.012310367595010509,0.11248941168346653,0.8148148148148133
glucose,0.2,7.0,DVP,5,0.015500465059625575,0.029108608540504767,0.1199572072569772,-0.006755531704529609,0.10000000000000003,1.4,-3.7913027256599277e-06,0.008745403034878273,-0.007602744411467348,0.1199572072569772,0.4829659318637275,0.1486973947895791,0.013218889528220892,0.11565171661101604,0.7096774193548377
glucose,0.2,7.0,DVP,6,0.015504417154354773,0.028962957193408523,0.12498871547887937,-0.007218006699706336,0.10000000000000003,1.4,-1.4061842417783078e-05,0.00802399664920236,-0.008334669810279506,0.12498871547887937,0.4829659318637275,0.13466933867735453,0.012334202878788891,0.12050512636279988,0.8461538461538464
glucose,0.2,7.0,DVP,7,0.01505615019494112,0.028998331538092694,0.1179652269928877,-0.008648336284431535,0.10000000000000003,1.4,-7.969617732468557e-06,0.008415815135386265,-0.007295251369502154,0.1179652269928877,0.4829659318637275,0.14308617234468923,0.012901268471790859,0.11451319441498574,0.7586206896551723
glucose,0.2,7.0,DVP,8,0.015543284326758475,0.029161923650314763,0.12130322799454976,-0.007785445517069483,0.10000000000000003,1.4,1.3427582212233828e-06,0.008755249918969164,-0.008100526080048565,0.12130322799454976,0.4745490981963928,0.13747494989979958,0.012571159609370792,0.1169403432563629,0.6333333333333315
glucose,0.2,7.0,DVP,9,0.015513830917208959,0.029061266724078997,0.12045822324535241,-0.007611561362150561,0.10000000000000003,1.4,4.098976152098836e-05,0.008335317643031616,-0.008232830208858906,0.12045822324535241,0.4857715430861723,0.14308617234468923,0.012868099738682606,0.11587384803900036,0.8214285714285698
glucose,0.2,7.5,DVP,0,0.015487716574617796,0.029146393815176475,0.1181993865557808,-0.010888282320918704,0.10000000000000003,1.4,1.187488508699501e-05,0.007627444571194592,-0.00946333062720265,0.1181993865557808,0.46332665330661327,0.14589178356713428,0.01305718210328816,0.11387448655240112,0.5757575757575777
glucose,0.2,7.5,DVP,1,0.015457222658819589,0.02924571222886851,0.1201091730905528,-0.007449546997637204,0.10000000000000003,1.4,4.031115026742619e-06,0.008644266364091373,-0.008526215402448963,0.1201091730905528,0.4689378757515029,0.1402805611222444,0.012855090111037979,0.11620773870483252,0.7857142857142849
glucose,0.2,7.5,DVP,2,0.015396293035699149,0.029139217409870303,0.11922561585464084,-0.007030173251702784,0.10000000000000003,1.4,-1.7515576004358893e-06,0.007301520291563713,-0.007263147809563129,0.11922561585464084,0.4829659318637275,0.14308617234468946,0.01286782533036176,0.1149681439189067,0.8888888888888886
glucose,0.2,7.5,DVP,3,0.01576991259266476,0.029275150530562222,0.11829220756539617,-0.007664349742401496,0.10000000000000003,1.4,-1.1515976020143703e-05,0.010592386612056678,-0.015824403197275554,0.11829220756539617,0.4577154308617234,0.1486973947895791,0.01324607260109666,0.11358602523711817,0.514285714285714
glucose,0.2,7.5,DVP,4,0.015593125909358494,0.028644227267165635,0.1156076569167038,-0.007217089937639023,0.10000000000000003,1.4,4.048402942821719e-06,0.008892972589509496,-0.008409105481980404,0.1156076569167038,0.4745490981963928,0.1486973947895791,0.012992574341965716,0.11090698364485668,0.8275862068965527
glucose,0.2,7.5,DVP,5,0.015584888643193207,0.029215554113860464,0.11880001729067015,-0.0065748417104676,0.10000000000000003,1.4,-4.229112500702983e-06,0.008329234550315888,-0.007938330892737246,0.11880001729067015,0.4829659318637275,0.1486973947895791,0.01325959769919767,0.11433580616628176,0.9629629629629609
glucose,0.2,7.5,DVP,6,0.015588862456695442,0.029124019701076545,0.12385917621241613,-0.007266099017488865,0.10000000000000003,1.4,-1.4556094038439054e-05,0.008094143382585357,-0.009099944699603207,0.12385917621241613,0.4829659318637275,0.14308617234468946,0.012932781247938379,0.11936564101337073,0.9615384615384595
glucose,0.2,7.5,DVP,7,0.01513813204207154,0.029164106072821796,0.11815322440819455,-0.008709578369635962,0.10000000000000003,1.4,-8.430389476172056e-06,0.008201346048196757,-0.007325284353527571,0.11815322440819455,0.4773547094188376,0.1402805611222444,0.012798800461609179,0.11459431206215162,1.0
glucose,0.2,7.5,DVP,8,0.015627943224003595,0.02931698812561887,0.12280925245191991,-0.00784477855664177,0.10000000000000003,1.4,9.331627254702615e-07,0.009256646159664383,-0.008010162648934643,0.12280925245191991,0.4745490981963928,0.14308617234468946,0.012964168130646755,0.11835331955027689,0.8214285714285726
glucose,0.2,7.5,DVP,9,0.015598327952970224,0.029216990879860634,0.11851701308223316,-0.007666964305608549,0.10000000000000003,1.4,4.0798046497570894e-05,0.00839118259519011,-0.008147469637862882,0.11851701308223316,0.4857715430861723,0.1486973947895791,0.013271559065772081,0.11397109221409202,0.8928571428571425
glucose,0.2,8.0,DVP,0,0.01557006135951447,0.029314619875007112,0.11921969104622201,-0.010931088165938458,0.10000000000000003,1.4,1.1604751114875703e-05,0.007640456352265736,-0.009272041860234684,0.11921969104622201,0.46332665330661327,0.14308617234468946,0.012972105754711399,0.11485721933860507,0.8888888888888886
glucose,0.2,8.0,DVP,1,0.015539388846015887,0.029412590889957735,0.11937633641779356,-0.00750426946319415,0.10000000000000003,1.4,3.7150414218031937e-06,0.008694869269071676,-0.008398936412363882,0.11937633641779356,0.4689378757515029,0.13747494989979958,0.012734305065359015,0.11539588902213328,0.884615384615387
glucose,0.2,8.0,DVP,2,0.01547810236841189,0.029317868625113815,0.11980325609063498,-0.0070839695017054834,0.10000000000000003,1.4,-2.101499339597794e-06,0.007775165515707172,-0.007364712822906655,0.11980325609063498,0.45490981963927857,0.14869739478957922,0.01328804996428371,0.11545747408066245,0.7666666666666656
glucose,0.2,8.0,DVP,3,0.01585391015184635,0.02940958681822261,0.12157268272506176,-0.007721433748109901,0.10000000000000003,1.4,-1.1923106304285544e-05,0.010139121251726987,-0.015917181265697196,0.12157268272506176,0.4577154308617234,0.14308617234468946,0.012964906430841168,0.1167938343846621,0.6999999999999992
glucose,0.2,8.0,DVP,4,0.015676088058876596,0.028823234687091328,0.11853247692870719,-0.007277125596584813,0.10000000000000003,1.4,3.73243059027888e-06,0.008429754049062932,-0.008458343867921167,0.11853247692870719,0.4577154308617234,0.14308617234468946,0.012747383180715853,0.11388476793762162,0.7586206896551702
glucose,0.2,8.0,DVP,5,0.01566780254843844,0.029319899793466064,0.11851363977553027,-0.006151837905509377,0.10000000000000003,1.4,-4.5935648593164905e-06,0.008185254444645507,-0.008084891437014359,0.11851363977553027,0.45490981963927857,0.14589178356713428,0.013127954194129004,0.1138810695782117,0.6774193548387094
glucose,0.2,8.0,DVP,6,0.01567179963589335,0.029285625953226726,0.11933047056384621,-0.007317635000953819,0.10000000000000003,1.4,-1.4981029778938944e-05,0.007976114666940579,-0.009831382843983591,0.11933047056384621,0.4829659318637275,0.14028056112224463,0.012827930596562355,0.11485027941378538,0.6666666666666666
glucose,0.2,8.0,DVP,7,0.015218429369566813,0.02933563031583688,0.12293059155083298,-0.008775205541894895,0.10000000000000003,1.4,-8.819448002501565e-06,0.007938228529841293,-0.0073595068793314115,0.12293059155083298,0.45210420841683374,0.1402805611222444,0.012884935584989963,0.11933028817852276,0.6666666666666684
glucose,0.2,8.0,DVP,8,0.0157111092926369,0.02947120999968162,0.12323496451237322,-0.007908360157348764,0.10000000000000003,1.4,5.989449385722378e-07,0.009468391918784076,-0.0078103629232268434,0.12323496451237322,0.46332665330661327,0.13186372745490993,0.012321804253061052,0.11875722565105805,0.8800000000000027
glucose,0.2,8.0,DVP,9,0.015681320569976738,0.029367231811325313,0.11809551807640481,-0.007726334075314324,0.10000000000000003,1.4,4.06973105833995e-05,0.008449008754560181,-0.00812648898578092,0.11809551807640481,0.46052104208416844,0.13747494989979958,0.012665704364180285,0.11353826923195696,0.8148148148148187
glucose,0.5,6.0,DVP,0,0.03359317640137439,0.0702473933032583,0.28558183069832654,-0.028781980748782986,0.10000000000000003,1.4,2.624325907461099e-05,0.018011257243986757,-0.022355818377571945,0.28558183069832654,0.5110220440881764,0.14308617234468946,0.031063664937965228,0.27909416202127224,0.7586206896551749
glucose,0.5,6.0,DVP,1,0.03352075440718195,0.07038354259829586,0.27515517613512736,-0.02029634077496755,0.10000000000000003,1.4,7.614576765997607e-06,0.020779795842841328,-0.019286422363993527,0.27515517613512736,0.5194388777555111,0.1486973947895791,0.03204486814591973,0.26968976634126235,0.9629629629629609
glucose,0.5,6.0,DVP,2,0.033376048661912086,0.07008806663026715,0.2847310966097223,-0.019756013863397814,0.10000000000000003,1.4,-6.119070502973417e-06,0.017026628540842706,-0.01819380080035046,0.2847310966097223,0.4997995991983969,0.14308617234468946,0.031034830175846555,0.2782004410762382,0.5937500000000017
glucose,0.5,6.0,DVP,3,0.03426338217341655,0.07065735597171427,0.28295595783669397,-0.02106554506238761,0.10000000000000003,1.4,-2.9309226164325837e-05,0.023397220021501658,-0.037605233061959856,0.28295595783669397,0.5138276553106212,0.14308617234468923,0.031359265331094496,0.27562564772535464,0.9615384615384623
glucose,0.5,6.0,DVP,4,0.03384351992166666,0.06908685401616013,0.28522226858020716,-0.02131122334177262,0.10000000000000003,1.4,7.655634968104743e-06,0.021212886482345886,-0.019968441920345567,0.28522226858020716,0.4997995991983969,0.1318637274549097,0.029002865631808726,0.27740624114171925,0.5666666666666679
glucose,0.5,6.0,DVP,5,0.03382395669973307,0.07067763449496024,0.28567847524415896,-0.01928553362100893,0.10000000000000003,1.4,-1.200317760768102e-05,0.02023661042361398,-0.01548588100438758,0.28567847524415896,0.5054108216432865,0.1402805611222444,0.030981910964980788,0.27924153857606554,0.7857142857142849
glucose,0.5,6.0,DVP,6,0.033833394369210665,0.07011706645348435,0.28359528464596623,-0.019414062338547346,0.10000000000000003,1.4,-3.6529401196036566e-05,0.023541247837343807,-0.017058688448397433,0.28359528464596623,0.5194388777555111,0.14308617234468923,0.031037418625952808,0.2766161024166793,0.8888888888888856
glucose,0.5,6.0,DVP,7,0.032762925240671724,0.07020523116107791,0.2800078973060536,-0.02411645994401195,0.10000000000000003,1.4,-2.1981064958446325e-05,0.02069230384746723,-0.017504976416095212,0.2800078973060536,0.5138276553106212,0.14308617234468946,0.03131992731330165,0.27492173548266613,0.8888888888888886
glucose,0.5,6.0,DVP,8,0.033926209838426126,0.07060594364427604,0.2805080513141763,-0.022771366823490832,0.10000000000000003,1.4,2.570473146838864e-07,0.020989200147240483,-0.018904594744005424,0.2805080513141763,0.5110220440881764,0.14308617234468923,0.031367679034566824,0.2741364213495474,0.8888888888888912
glucose,0.5,6.0,DVP,9,0.033855874595127775,0.07031304623700821,0.28068644399619125,-0.02160490136715944,0.10000000000000003,1.4,9.49347659825816e-05,0.019821088416567822,-0.021007157614420055,0.28068644399619125,0.5026052104208417,0.14589178356713428,0.03147891376248301,0.27340104561378026,0.6774193548387094
glucose,0.5,6.5,DVP,0,0.03380814745460926,0.07061048325355697,0.28095615347547137,-0.02895709394088949,0.10000000000000003,1.4,2.4932742006686465e-05,0.018116126231433088,-0.022970664986004904,0.28095615347547137,0.494188376753507,0.14589178356713428,0.031653162986703176,0.27466304450071294,0.7333333333333317
glucose,0.5,6.5,DVP,1,0.033735303987902705,0.07079983147696109,0.2807028601579117,-0.02042548026046312,0.10000000000000003,1.4,6.195646809767426e-06,0.021152996212416425,-0.02020395579583051,0.2807028601579117,0.49699398797595185,0.14869739478957933,0.03222204244139527,0.2751521835310315,0.8275862068965505
glucose,0.5,6.5,DVP,2,0.0335897561021347,0.07052036579348785,0.28813452431677405,-0.01988389050337691,0.10000000000000003,1.4,-7.617925831419125e-06,0.017676830139130656,-0.01759323757502593,0.28813452431677405,0.4997995991983969,0.1402805611222444,0.030800525402197503,0.2812971681815624,0.8518518518518549
glucose,0.5,6.5,DVP,3,0.03448225360684484,0.07102203013912689,0.2808547042083398,-0.02120025754385536,0.10000000000000003,1.4,-3.094304067634972e-05,0.024825689955328648,-0.03782417992225392,0.2808547042083398,0.49699398797595185,0.14589178356713428,0.031910631926155585,0.27357839588395266,0.7333333333333317
glucose,0.5,6.5,DVP,4,0.034059947892983757,0.06941970073479849,0.2886285547488019,-0.021452901426426516,0.10000000000000003,1.4,6.236943957292449e-06,0.021786093376395158,-0.02008463953246532,0.2886285547488019,0.4997995991983969,0.14028056112224463,0.030355985837426835,0.2809145040358513,0.7857142857142877
glucose,0.5,6.5,DVP,5,0.0340402708194444,0.07099290101959177,0.28465869275206046,-0.019299744352182898,0.10000000000000003,1.4,-1.3536276530802638e-05,0.0211534124881385,-0.017154818856531764,0.28465869275206046,0.5054108216432865,0.1486973947895791,0.03236016354903866,0.2780705146652074,0.9629629629629609
glucose,0.5,6.5,DVP,6,0.03404976341309698,0.07053149181961914,0.2942736247908713,-0.019486445364629415,0.10000000000000003,1.4,-3.8205234784680756e-05,0.020981091481018455,-0.018811650967081622,0.2942736247908713,0.4829659318637275,0.14028056112224463,0.030783727891670318,0.287265089002101,0.4705882352941183
glucose,0.5,6.5,DVP,7,0.03297306450146632,0.07061813425182972,0.27812139030917665,-0.02427133409059578,0.10000000000000003,1.4,-2.3572231949344596e-05,0.02063157935185185,-0.017575270892130002,0.27812139030917665,0.5054108216432865,0.15150300601202416,0.03263743241622876,0.27317744765642826,1.0
glucose,0.5,6.5,DVP,8,0.034143119038236,0.07101537848535054,0.2870478742671605,-0.02292141297215608,0.10000000000000003,1.4,-1.2047010763340736e-06,0.019646138524217174,-0.019499356350391253,0.2870478742671605,0.4857715430861723,0.1486973947895791,0.032196201557724964,0.28028839603619854,0.5588235294117634
glucose,0.5,6.5,DVP,9,0.03407237446663683,0.0707592212824386,0.2873871924530964,-0.02174500924265686,0.10000000000000003,1.4,9.402401120286369e-05,0.019968019530113464,-0.02034699617369829,0.2873871924530964,0.48857715430861715,0.14308617234468946,0.03138339621107508,0.2802222731044643,0.5937499999999977
glucose,0.5,7.0,DVP,0,0.03401750333251029,0.07099966544581593,0.27899930578918,-0.029130970219545634,0.10000000000000003,1.4,2.3868972620696052e-05,0.018224876695387283,-0.023146632866350894,0.27899930578918,0.494188376753507,0.13747494989979958,0.03057989902336754,0.2723581082852343,0.884615384615387
glucose,0.5,7.0,DVP,1,0.03394422279349087,0.07122376795053441,0.2852366038919661,-0.02055939953566412,0.10000000000000003,1.4,5.019451891271328e-06,0.020767196417328708,-0.0206590593125255,0.2852366038919661,0.4857715430861723,0.1402805611222444,0.031215300316117647,0.2794197624954769,0.8518518518518494
glucose,0.5,7.0,DVP,2,0.03379780159740499,0.07095389975980043,0.29087852770592754,-0.02001642284062923,0.10000000000000003,1.4,-8.877004368943023e-06,0.017493459884521723,-0.01715475773095758,0.29087852770592754,0.4829659318637275,0.14308617234468923,0.031325521407076146,0.28389123477589284,0.7586206896551723
glucose,0.5,7.0,DVP,3,0.03469565422819912,0.07137360771706282,0.28721019038497736,-0.021339956086167646,0.10000000000000003,1.4,-3.234207358938576e-05,0.025702494157104835,-0.038051230577795844,0.28721019038497736,0.4829659318637275,0.14308617234468923,0.031638577632784666,0.27970323548911435,0.7000000000000011
glucose,0.5,7.0,DVP,4,0.03427081461331111,0.06978749514336892,0.28290324255156407,-0.0215998233870949,0.10000000000000003,1.4,5.060996828208396e-06,0.02161859832642475,-0.02020513792174919,0.28290324255156407,0.4997995991983969,0.13747494989979958,0.030150293580620897,0.27515749526506045,0.8148148148148133
glucose,0.5,7.0,DVP,5,0.034251019474220636,0.07128877990173697,0.2898557632836721,-0.01917289231087233,0.10000000000000003,1.4,-1.4830866107894761e-05,0.021219489886114246,-0.018439667549257577,0.2898557632836721,0.4829659318637275,0.15150300601202416,0.03274938824590198,0.28299881395981175,0.7419354838709685
glucose,0.5,7.0,DVP,6,0.03426056902493539,0.07094363854408112,0.302013529286037,-0.019612566537755567,0.10000000000000003,1.4,-3.964784201012812e-05,0.01947749137042233,-0.02020562729616411,0.302013529286037,0.4829659318637275,0.13747494989979958,0.030642505867444388,0.2949060597197046,0.8148148148148133
glucose,0.5,7.0,DVP,7,0.03317740974966693,0.07103353505085623,0.28504248884108874,-0.02443194046828387,0.10000000000000003,1.4,-2.492703884509133e-05,0.020425157665998936,-0.01765255825956613,0.28504248884108874,0.4829659318637275,0.14308617234468923,0.031623077521731754,0.2804215332769244,0.7586206896551723
glucose,0.5,7.0,DVP,8,0.03435448479857973,0.07142042580950943,0.2931059738141055,-0.023077012720744524,0.10000000000000003,1.4,-2.4252992517424106e-06,0.02123165800867697,-0.019654495830296895,0.2931059738141055,0.4745490981963928,0.13747494989979958,0.030811326099475973,0.28626627381594677,0.6333333333333315
glucose,0.5,7.0,DVP,9,0.03428331574837007,0.07117991250361264,0.29105517776193235,-0.021890302752694966,0.10000000000000003,1.4,9.337480035165361e-05,0.020115997838780098,-0.019974185785730333,0.29105517776193235,0.4857715430861723,0.14308617234468923,0.03155530785822377,0.28378461191475174,0.8214285714285698
glucose,0.5,7.5,DVP,0,0.03422236278368601,0.07141132227613176,0.2856624814621545,-0.029276354199376506,0.10000000000000003,1.4,2.301693270410485e-05,0.01852378718838278,-0.022947742449262558,0.2856624814621545,0.46332665330661327,0.14589178356713428,0.03200050156414689,0.27885139121889907,0.5757575757575777
glucose,0.5,7.5,DVP,1,0.034148664727347934,0.07164980400236291,0.2902812699990033,-0.020687327146387734,0.10000000000000003,1.4,4.060016457969113e-06,0.020885493512752294,-0.020685019629412618,0.2902812699990033,0.4689378757515029,0.1402805611222444,0.0315233579723316,0.28464440627306303,0.7857142857142849
glucose,0.5,7.5,DVP,2,0.03400140929360494,0.07139500558434655,0.28806011283550187,-0.020142793412226193,0.10000000000000003,1.4,-9.915615136299932e-06,0.017723808803094154,-0.017630542866941296,0.28806011283550187,0.4829659318637275,0.14308617234468946,0.031502425383985046,0.2811584034989654,0.8888888888888886
glucose,0.5,7.5,DVP,3,0.03490437745749928,0.07171802558303698,0.28585188073143997,-0.021473404394581494,0.10000000000000003,1.4,-3.351437705215716e-05,0.02568658047874639,-0.0382681227901612,0.28585188073143997,0.4577154308617234,0.1486973947895791,0.032497084027100484,0.2783441073000237,0.514285714285714
glucose,0.5,7.5,DVP,4,0.03447711731051313,0.07019565649395322,0.27938203753045054,-0.021740171931865063,0.10000000000000003,1.4,4.101798098005031e-06,0.021579416570897375,-0.020320245108627205,0.27938203753045054,0.4745490981963928,0.1486973947895791,0.03183151706415649,0.2715317593579076,0.8275862068965527
glucose,0.5,7.5,DVP,5,0.03445720938822665,0.07157027036300424,0.2870315211927468,-0.01873468261992773,0.10000000000000003,1.4,-1.5903399120122446e-05,0.02020487140189374,-0.019261138604221045,0.2870315211927468,0.4829659318637275,0.1486973947895791,0.0325244804058157,0.2800729626942458,0.9629629629629609
glucose,0.5,7.5,DVP,6,0.034466813347695247,0.07135554788206307,0.2992585563070758,-0.019733044940251934,0.10000000000000003,1.4,-4.086177023279544e-05,0.019650354924808183,-0.02202630428479771,0.2992585563070758,0.4829659318637275,0.14308617234468946,0.03171124342279686,0.2921565065253297,0.9615384615384595
glucose,0.5,7.5,DVP,7,0.033377482751059104,0.07145678054217348,0.28551697962519157,-0.024585360999425425,0.10000000000000003,1.4,-2.6057095000929772e-05,0.019903016032999113,-0.017728415330323377,0.28551697962519157,0.4773547094188376,0.1402805611222444,0.03137425116994705,0.280614790206228,1.0
glucose,0.5,7.5,DVP,8,0.03456126420831514,0.07181786170743855,0.29678693878978746,-0.02322565080167976,0.10000000000000003,1.4,-3.4271513017464713e-06,0.022458205934534334,-0.01943570889346164,0.29678693878978746,0.4745490981963928,0.14308617234468946,0.031792089226236706,0.28981063807785545,0.8214285714285726
glucose,0.5,7.5,DVP,9,0.034489689671036036,0.0715789497976667,0.28631632512984656,-0.022029095372444248,0.10000000000000003,1.4,9.291877126158388e-05,0.020255327862476677,-0.01975722028873135,0.28631632512984656,0.4857715430861723,0.1486973947895791,0.03257850049132491,0.279329167520481,0.8928571428571425
glucose,0.5,8.0,DVP,0,0.034423451929389746,0.07183870003494429,0.2881553367419531,-0.02938400740149287,0.10000000000000003,1.4,2.2358758554204203e-05,0.01844346157501122,-0.022482232298063676,0.2881553367419531,0.46332665330661327,0.14308617234468946,0.031798589192011596,0.28126388705182426,0.8888888888888886
glucose,0.5,8.0,DVP,1,0.03434931039187829,0.07207391394877385,0.28849270872573607,-0.0208232101011276,0.10000000000000003,1.4,3.2877682621767283e-06,0.021011147066135938,-0.02037559145379346,0.28849270872573607,0.4689378757515029,0.13747494989979958,0.031216139537280276,0.2825547725240699,0.884615384615387
glucose,0.5,8.0,DVP,2,0.034201168842329925,0.07184749807138319,0.28959207730800296,-0.020276393197565617,0.10000000000000003,1.4,-1.0771962286750869e-05,0.018881604717679683,-0.01787972395235589,0.28959207730800296,0.45490981963927857,0.14869739478957922,0.03256537043861628,0.28267560685316834,0.7666666666666656
glucose,0.5,8.0,DVP,3,0.035109570655370015,0.07206397682720345,0.2938652424766849,-0.021615151358741466,0.10000000000000003,1.4,-3.4512730751290714e-05,0.024581251337705154,-0.03849850272541962,0.2938652424766849,0.4577154308617234,0.14308617234468946,0.03180432036809178,0.2861374410268806,0.6999999999999992
glucose,0.5,8.0,DVP,4,0.03467973945236493,0.0706490657012562,0.28651646318269486,-0.021889248232508342,0.10000000000000003,1.4,3.3298013250001037e-06,0.0204493723971986,-0.020442510384874497,0.28651646318269486,0.4577154308617234,0.14308617234468946,0.03127369028938568,0.2790634338029961,0.7586206896551702
glucose,0.5,8.0,DVP,5,0.03465971173331345,0.07184372580990403,0.2864748193628346,-0.017703728780046217,0.10000000000000003,1.4,-1.6795778014138256e-05,0.019795416022300987,-0.019620383231153088,0.2864748193628346,0.45490981963927857,0.14589178356713428,0.032224886416380355,0.2792321912057826,0.6774193548387094
glucose,0.5,8.0,DVP,6,0.03466937348501466,0.07176698172014738,0.2882006458821386,-0.01986101544811137,0.10000000000000003,1.4,-4.1904337181383316e-05,0.019365881562383405,-0.023814644705453816,0.2882006458821386,0.4829659318637275,0.14028056112224463,0.03145410137019279,0.2811015211041312,0.6666666666666666
glucose,0.5,8.0,DVP,7,0.03357348779540568,0.07189209414219044,0.2971487982382516,-0.024748321762356976,0.10000000000000003,1.4,-2.7010574189679135e-05,0.019200430847147364,-0.017813742629475608,0.2971487982382516,0.45210420841683374,0.1402805611222444,0.03161458305067073,0.29233119987606304,0.6666666666666684
glucose,0.5,8.0,DVP,8,0.03476439270768612,0.07221147653621933,0.2978610476326899,-0.02338353213402153,0.10000000000000003,1.4,-4.244453846438762e-06,0.022976735347217947,-0.0189490649316885,0.2978610476326899,0.46332665330661327,0.13186372745490993,0.030223328215673428,0.29085945383059125,0.8800000000000027
glucose,0.5,8.0,DVP,9,0.034692387467599436,0.07196298980607765,0.2854515216481663,-0.022176518206524484,0.10000000000000003,1.4,9.268123438390591e-05,0.020398569345707517,-0.019670054629805016,0.2854515216481663,0.46052104208416844,0.1402805611222444,0.031464352681048934,0.2783938713956647,0.8518518518518549
glucose,1.0,6.0,DVP,0,0.062384735904533424,0.13539970239437832,0.5479486259428213,-0.057145850395511504,0.10000000000000003,1.4,4.6695635386052453e-05,0.0345667186921909,-0.04294508265814634,0.5479486259428213,0.5110220440881764,0.14308617234468946,0.059861800118000685,0.537706432013266,0.7586206896551749
glucose,1.0,6.0,DVP,1,0.06224577687036326,0.13566024752593364,0.5278965227482517,-0.04068333831658397,0.10000000000000003,1.4,1.095202282286685e-05,0.03992838582554162,-0.03705107260245086,0.5278965227482517,0.5194388777555111,0.1486973947895791,0.061765949582657347,0.5197075425602,0.9629629629629609
glucose,1.0,6.0,DVP,2,0.06196812405472631,0.13509486473766025,0.5463283201802763,-0.039950729501439006,0.10000000000000003,1.4,-1.539928635344459e-05,0.03270959130895104,-0.034944275561757714,0.5463283201802763,0.4997995991983969,0.14308617234468946,0.05983034566521259,0.5361620790204076,0.5937500000000017
glucose,1.0,6.0,DVP,3,0.06367068705537834,0.13618346898670264,0.5428981130606952,-0.04233234055850502,0.10000000000000003,1.4,-5.989518388969124e-05,0.044938738548158684,-0.07216994489607165,0.5428981130606952,0.5138276553106212,0.14308617234468923,0.0604846282458627,0.531413408956797,0.9615384615384623
glucose,1.0,6.0,DVP,4,0.06286508022780818,0.13317094804150556,0.5472707518737294,-0.04367766496460967,0.10000000000000003,1.4,1.1030802869911753e-05,0.04075829132118031,-0.03831233127019387,0.5472707518737294,0.4997995991983969,0.1318637274549097,0.05594396795150598,0.5348536955879268,0.5666666666666679
glucose,1.0,6.0,DVP,5,0.06282754347594902,0.13621971179071576,0.5481485393602799,-0.038854740229816435,0.10000000000000003,1.4,-2.6689362653350897e-05,0.038882186766664106,-0.029739531700014865,0.5481485393602799,0.5054108216432865,0.1402805611222444,0.05967550211686139,0.5378010501933596,0.7857142857142849
glucose,1.0,6.0,DVP,6,0.06284565191731474,0.13514864174475036,0.5440909031990463,-0.03904414493673953,0.10000000000000003,1.4,-7.374882821602843e-05,0.04520945706827656,-0.032754363520471064,0.5440909031990463,0.5194388777555111,0.14308617234468923,0.05981832555006464,0.5329391327731167,0.8888888888888856
glucose,1.0,6.0,DVP,7,0.060791699138612,0.13532067120874716,0.537241549076494,-0.04856614432878069,0.10000000000000003,1.4,-4.5834342086489244e-05,0.039761825403418244,-0.03360408412262603,0.537241549076494,0.5138276553106212,0.14308617234468946,0.060380259428235876,0.529867088375374,0.8888888888888886
glucose,1.0,6.0,DVP,8,0.06302374074381073,0.1360842735176399,0.5382133584916021,-0.0464588583155672,0.10000000000000003,1.4,-3.165169030707904e-06,0.04032250403827553,-0.03632307910558835,0.5382133584916021,0.5110220440881764,0.14308617234468923,0.06048044919956604,0.5284260814571364,0.8888888888888912
glucose,1.0,6.0,DVP,9,0.06288878564369443,0.13552400256047914,0.538571628471739,-0.043723469375380734,0.10000000000000003,1.4,0.00017849683144620783,0.03801495890921407,-0.04035646280206878,0.538571628471739,0.5026052104208417,0.14589178356713428,0.060707413937547305,0.5270991801883868,0.6774193548387094
glucose,1.0,6.5,DVP,0,0.062798728550808,0.1361134281951792,0.5391263021359928,-0.0574867077614747,0.10000000000000003,1.4,4.417350330828351e-05,0.034770791033955396,-0.04413117400823566,0.5391263021359928,0.494188376753507,0.14589178356713428,0.06101257759662429,0.5293210343317566,0.7333333333333317
glucose,1.0,6.5,DVP,1,0.06265894934200808,0.13647594996395887,0.5386338014352309,-0.04093464042088654,0.10000000000000003,1.4,8.218922063751452e-06,0.04064858049405909,-0.03881982707472978,0.5386338014352309,0.49699398797595185,0.14869739478957933,0.06209227808533344,0.5301466478583499,0.8275862068965505
glucose,1.0,6.5,DVP,2,0.062379657742706394,0.13594128055447685,0.5528847249484623,-0.040199575043466385,0.10000000000000003,1.4,-1.828791982316233e-05,0.03397847157406353,-0.03378939113296892,0.5528847249484623,0.4997995991983969,0.1402805611222444,0.05936897398315782,0.5420332581003277,0.8518518518518549
glucose,1.0,6.5,DVP,3,0.06409226974079882,0.1369002138415295,0.5389251747345731,-0.04259448756907082,0.10000000000000003,1.4,-6.30464444459114e-05,0.04769181795885653,-0.07259600983284291,0.5389251747345731,0.49699398797595185,0.14589178356713428,0.0615309216832482,0.5274071956537004,0.7333333333333317
glucose,1.0,6.5,DVP,4,0.06328190799905213,0.1338267395442875,0.5538327191342706,-0.04395336685911895,0.10000000000000003,1.4,8.298167092410172e-06,0.04186375424239036,-0.038538448823075326,0.5538327191342706,0.4997995991983969,0.14028056112224463,0.0585280773211062,0.5413933165001138,0.7857142857142877
glucose,1.0,6.5,DVP,5,0.06324414969490787,0.13684172071663525,0.5461860306720335,-0.038884602740238444,0.10000000000000003,1.4,-2.9644633274114262e-05,0.04064932621789523,-0.03295528754038726,0.5461860306720335,0.5054108216432865,0.1486973947895791,0.06235341322669309,0.5356880031613275,0.9629629629629609
glucose,1.0,6.5,DVP,6,0.06326236501729994,0.13596079117221704,0.5646623197550353,-0.038801359781410916,0.10000000000000003,1.4,-7.698185681038973e-05,0.040280798433756454,-0.036132174253268284,0.5646623197550353,0.4829659318637275,0.14028056112224463,0.059332442964161514,0.5534596212120659,0.4705882352941183
glucose,1.0,6.5,DVP,7,0.06119628924155808,0.1361298901365212,0.5336416117355597,-0.0488675254198795,0.10000000000000003,1.4,-4.890261166778781e-05,0.03964627661155187,-0.033741488935823113,0.5336416117355597,0.5054108216432865,0.15150300601202416,0.06291193087440114,0.5264498660741742,1.0
glucose,1.0,6.5,DVP,8,0.06344150497327596,0.13688683925815603,0.5508094393948325,-0.04675084424657332,0.10000000000000003,1.4,-5.981593358318008e-06,0.03773869014160712,-0.03747008556030276,0.5508094393948325,0.4857715430861723,0.1486973947895791,0.06208964666973994,0.5403247401649061,0.5588235294117634
glucose,1.0,6.5,DVP,9,0.06330575333085543,0.13639701655821862,0.5514678867205367,-0.04399611568497362,0.10000000000000003,1.4,0.0001767526264591471,0.03830026948442392,-0.03908687579300046,0.5514678867205367,0.48857715430861715,0.14308617234468946,0.06049528096613666,0.5400207339489299,0.5937499999999977
glucose,1.0,7.0,DVP,0,0.06320191400855936,0.13687609170592496,0.5353581039984832,-0.05782416960590881,0.10000000000000003,1.4,4.212607514087602e-05,0.03498174740572958,-0.044471471070513025,0.5353581039984832,0.494188376753507,0.13747494989979958,0.05894711633946136,0.5248786325078874,0.884615384615387
glucose,1.0,7.0,DVP,1,0.06306128695795733,0.13730522548454294,0.5473683754230776,-0.041194419766958174,0.10000000000000003,1.4,5.953408551480348e-06,0.039848792200767216,-0.03969751079009007,0.5473683754230776,0.4857715430861723,0.14308617234468946,0.060943262013378234,0.5387675866737152,0.8888888888888886
glucose,1.0,7.0,DVP,2,0.06278030129345888,0.13678897541041257,0.5582026276294548,-0.040456665702351804,0.10000000000000003,1.4,-2.07142126729771e-05,0.033626057942903353,-0.032972674941034674,0.5582026276294548,0.4829659318637275,0.14308617234468923,0.06041191392479922,0.5472491355833048,0.7586206896551723
glucose,1.0,7.0,DVP,3,0.06450330127453684,0.137590759163729,0.5511630033995916,-0.0428654776555582,0.10000000000000003,1.4,-6.574422365268128e-05,0.04938188090880041,-0.07303644733321983,0.5511630033995916,0.4829659318637275,0.14308617234468923,0.061026178063256956,0.5393135762458253,0.7000000000000011
glucose,1.0,7.0,DVP,4,0.0636880242198093,0.1345484620237955,0.5428074226621856,-0.04423836908011148,0.10000000000000003,1.4,6.033134247102681e-06,0.04154479027983768,-0.03877219406044961,0.5428074226621856,0.4997995991983969,0.13747494989979958,0.058139192025765736,0.5303334184101103,0.8148148148148133
glucose,1.0,7.0,DVP,5,0.06365003688969681,0.1374254743749887,0.5562399190292308,-0.03864208733563191,0.10000000000000003,1.4,-3.2139811163991586e-05,0.04077762606027435,-0.03543089271591632,0.5562399190292308,0.4829659318637275,0.15150300601202416,0.06316655982390727,0.5456058069867189,0.7419354838709685
glucose,1.0,7.0,DVP,6,0.06366836269856177,0.13676748447509776,0.5795709534034323,-0.039046012209758695,0.10000000000000003,1.4,-7.976416235861972e-05,0.03743543988394013,-0.03881811619378572,0.5795709534034323,0.4829659318637275,0.13747494989979958,0.05907458810736398,0.568249997724665,0.8148148148148133
glucose,1.0,7.0,DVP,7,0.061589754977446884,0.13694281168492997,0.5470031339611078,-0.049179072954077044,0.10000000000000003,1.4,-5.151460034266035e-05,0.03925462064609536,-0.033891792519296075,0.5470031339611078,0.4829659318637275,0.14308617234468923,0.06095451370095653,0.5403920954269521,0.7586206896551723
glucose,1.0,7.0,DVP,8,0.06384858924205254,0.13767989833161356,0.5624757110867423,-0.04705267981786466,0.10000000000000003,1.4,-8.333241215528337e-06,0.040793433655502795,-0.037769979265871445,0.5624757110867423,0.4745490981963928,0.13747494989979958,0.059400432308338705,0.55168224493134,0.6333333333333315
glucose,1.0,7.0,DVP,9,0.06371201418735106,0.13722008033629363,0.5585343533620021,-0.04427795900700534,0.10000000000000003,1.4,0.00017550936740714102,0.03858694086174377,-0.038383471690207754,0.5585343533620021,0.4857715430861723,0.14308617234468923,0.060852506982397525,0.5470346509770396,0.8214285714285698
glucose,1.0,7.5,DVP,0,0.0635964377040769,0.13768075506030877,0.5482280747104195,-0.0581070347989338,0.10000000000000003,1.4,4.048656291858574e-05,0.03560817623014703,-0.044089968392492254,0.5482280747104195,0.46332665330661327,0.14589178356713428,0.06169077725328148,0.5374436342440491,0.5757575757575777
glucose,1.0,7.5,DVP,1,0.06345499982244793,0.13813744198799952,0.5570943108307713,-0.041442858984552154,0.10000000000000003,1.4,4.105331047669844e-06,0.04007852867176387,-0.03974882378773836,0.5570943108307713,0.4689378757515029,0.1402805611222444,0.06080064636422047,0.5487884195040269,0.7857142857142849
glucose,1.0,7.5,DVP,2,0.06317239404365477,0.13765009572535739,0.5527759290894445,-0.04070208675033081,0.10000000000000003,1.4,-2.2716051025864297e-05,0.034064927827345604,-0.033885594376657724,0.5527759290894445,0.4829659318637275,0.14308617234468946,0.06072604095281451,0.5417730668973655,0.8888888888888886
glucose,1.0,7.5,DVP,3,0.06490532854186944,0.13826650393788076,0.5485688991522741,-0.04312463823195014,0.10000000000000003,1.4,-6.800569718877074e-05,0.04935278567713647,-0.0734576584481424,0.5485688991522741,0.4577154308617234,0.1486973947895791,0.06263886295796371,0.5363866892470479,0.514285714285714
glucose,1.0,7.5,DVP,4,0.0640853507419531,0.13534645501559373,0.5361640910853374,-0.044510930120342934,0.10000000000000003,1.4,4.185516427736777e-06,0.041470507751591945,-0.038995735634357376,0.5361640910853374,0.4745490981963928,0.1486973947895791,0.06139832357107476,0.5235719487898894,0.8275862068965527
glucose,1.0,7.5,DVP,5,0.06404714438352598,0.13798057237087685,0.5508019038540275,-0.03780011219401955,0.10000000000000003,1.4,-3.4207527523409666e-05,0.03882469708276273,-0.03701418279383145,0.5508019038540275,0.4829659318637275,0.1486973947895791,0.06274252271558421,0.5400172509338461,0.9629629629629609
glucose,1.0,7.5,DVP,6,0.06406557585580604,0.13757263400950945,0.5742674608999373,-0.03927998484384342,0.10000000000000003,1.4,-8.210647241407024e-05,0.03776935326878719,-0.042293559436892836,0.5742674608999373,0.4829659318637275,0.14308617234468946,0.06113141804801148,0.5629175752839466,0.9615384615384595
glucose,1.0,7.5,DVP,7,0.061974983245397644,0.13776968377018914,0.5479268180518412,-0.04947702018440398,0.10000000000000003,1.4,-5.3694028354562524e-05,0.03825007884867687,-0.0340394972322131,0.5479268180518412,0.4773547094188376,0.1402805611222444,0.060496591340598115,0.5409033052536509,1.0
glucose,1.0,7.5,DVP,8,0.06424684155408755,0.13845728776907443,0.5695667679861971,-0.047341339383406,0.10000000000000003,1.4,-1.0263693048122997e-05,0.04315694780377488,-0.03734983695586813,0.5695667679861971,0.4745490981963928,0.14308617234468946,0.06131011687665568,0.5586227536077928,0.8214285714285726
glucose,1.0,7.5,DVP,9,0.06410947903146019,0.1380005466428464,0.5494090736489441,-0.04454749840316195,0.10000000000000003,1.4,0.00017463891996565386,0.03885713587414821,-0.03796686667043646,0.5494090736489441,0.4857715430861723,0.1486973947895791,0.06282319132606809,0.5384148296831629,0.8928571428571425
glucose,1.0,8.0,DVP,0,0.06398370627968802,0.13851439684238964,0.5530297441908152,-0.05831636225230039,0.10000000000000003,1.4,3.9219980094880036e-05,0.03539717597424353,-0.04319450619441281,0.5530297441908152,0.46332665330661327,0.14308617234468946,0.061331529952223414,0.5422770590967987,0.8888888888888886
glucose,1.0,8.0,DVP,1,0.06384140960576129,0.13896480591934,0.5536504776530038,-0.04170599357048004,0.10000000000000003,1.4,2.617846147700706e-06,0.04032185422943421,-0.039153803679244786,0.5536504776530038,0.4689378757515029,0.13747494989979958,0.06018426193144124,0.5445737891720378,0.884615384615387
glucose,1.0,8.0,DVP,2,0.06355708788168288,0.13853188420528564,0.5558041797105427,-0.04096081059724755,0.10000000000000003,1.4,-2.436639184586756e-05,0.03629540445410573,-0.0343662228837146,0.5558041797105427,0.45490981963927857,0.14869739478957922,0.06278217840034038,0.5448024716752177,0.7666666666666656
glucose,1.0,8.0,DVP,3,0.06530054453126513,0.1389440301053496,0.5640029596181185,-0.04339912835318848,0.10000000000000003,1.4,-6.993103081017535e-05,0.0472250849293005,-0.07390378452029303,0.5640029596181185,0.4577154308617234,0.14308617234468946,0.061295696095532856,0.5513232646587176,0.6999999999999992
glucose,1.0,8.0,DVP,4,0.0644755879335133,0.1362300349222258,0.5498987626179592,-0.04479961335303041,0.10000000000000003,1.4,2.698518402896255e-06,0.03929494684427551,-0.03923249986207292,0.5498987626179592,0.4577154308617234,0.14308617234468946,0.06027908778684535,0.537753582744126,0.7586206896551702
glucose,1.0,8.0,DVP,5,0.06443714959108045,0.13851911483652332,0.5498213601972499,-0.03588838163808944,0.10000000000000003,1.4,-3.592764308404428e-05,0.037999002693439816,-0.03770689505653102,0.5498213601972499,0.45490981963927857,0.14589178356713428,0.06210956234708826,0.5380927869259048,0.6774193548387094
glucose,1.0,8.0,DVP,6,0.0644556929768468,0.13837571229499546,0.5529724022453868,-0.039527797136864565,0.10000000000000003,1.4,-8.41174240963267e-05,0.03722391113918888,-0.04573901824133908,0.5529724022453868,0.4829659318637275,0.14028056112224463,0.060683960260546364,0.5419514125819254,0.6666666666666666
glucose,1.0,8.0,DVP,7,0.06235240656184438,0.13861853300098684,0.5703057395876607,-0.04979259040431603,0.10000000000000003,1.4,-5.5532463396735524e-05,0.03685845176440502,-0.03420495176859057,0.5703057395876607,0.45210420841683374,0.1402805611222444,0.06093557871219751,0.5632570340545103,0.6666666666666684
glucose,1.0,8.0,DVP,8,0.06463805929671387,0.1392261882758563,0.5716574989447911,-0.04764707338139733,0.10000000000000003,1.4,-1.1838424780962088e-05,0.04415648368562661,-0.03641344956223948,0.5716574989447911,0.46332665330661327,0.13186372745490993,0.05826929160727747,0.5605329868426551,0.8800000000000027
glucose,1.0,8.0,DVP,9,0.064499862726835,0.13875110058730244,0.547849206260681,-0.04483297974558237,0.10000000000000003,1.4,0.00017418689268840334,0.039134300149111366,-0.03776922545438599,0.547849206260681,0.46052104208416844,0.1402805611222444,0.06063458289909834,0.5364109810684156,0.8518518518518549
glucose,2.0,6.0,DVP,0,0.11401098053088761,0.2522253630037025,1.0183994312088118,-0.1080052028655075,0.10000000000000003,1.4,8.336886187553361e-05,0.06425237370276385,-0.07986376343710722,1.0183994312088118,0.5110220440881764,0.14308617234468946,0.1115106228664092,1.001500375008984,0.7586206896551749
glucose,2.0,6.0,DVP,1,0.11375271370089529,0.2527089655173476,0.98108790288213,-0.07723933390844788,0.10000000000000003,1.4,1.6936408855873303e-05,0.07426378855314206,-0.06890492820244337,0.98108790288213,0.5194388777555111,0.1486973947895791,0.11509133253736377,0.9682332342509883,0.9629629629629609
glucose,2.0,6.0,DVP,2,0.1132366730349449,0.25165960543730076,1.0153992038240285,-0.07616194374896117,0.10000000000000003,1.4,-3.2039673395669266e-05,0.060830765927628205,-0.06497960961669491,1.0153992038240285,0.4997995991983969,0.14308617234468946,0.11147696349179655,0.9988067907027888,0.5937500000000017
glucose,2.0,6.0,DVP,3,0.11640102684372367,0.2536794118514492,1.0090012879451116,-0.08046590489637075,0.10000000000000003,1.4,-0.00011473897015586404,0.08356490969940578,-0.13414804887447904,1.0090012879451116,0.5138276553106212,0.14308617234468923,0.11266504676739346,0.9897572317196511,0.9615384615384623
glucose,2.0,6.0,DVP,4,0.11490374008709642,0.24808121516169743,1.0171507908828041,-0.08378300856417956,0.10000000000000003,1.4,1.708282807315206e-05,0.07580522413564206,-0.07120482251819774,1.0171507908828041,0.4997995991983969,0.1318637274549097,0.10423333480834786,0.9963409164908713,0.5666666666666679
glucose,2.0,6.0,DVP,5,0.11483397493675004,0.25374429675049665,1.018784516396083,-0.07394435208009197,0.10000000000000003,1.4,-5.3023211700759133e-05,0.0723156340024782,-0.05529780191286393,1.018784516396083,0.5054108216432865,0.1402805611222444,0.11119814307669931,1.0019387134484172,0.7857142857142849
glucose,2.0,6.0,DVP,6,0.11486763096908757,0.25175782203795677,1.011186495087328,-0.07424291373349796,0.10000000000000003,1.4,-0.00014048711114842736,0.084062797758225,-0.06089833261522393,1.011186495087328,0.5194388777555111,0.14308617234468923,0.11143599750923097,0.9926264239745186,0.8888888888888856
glucose,2.0,6.0,DVP,7,0.11105019026595321,0.25208021041522494,0.9984880970786632,-0.09240695770836603,0.10000000000000003,1.4,-8.860573555746229e-05,0.07395545026236486,-0.06247144966537095,0.9984880970786632,0.5138276553106212,0.14308617234468946,0.112450763760328,0.9867471601861716,0.8888888888888886
glucose,2.0,6.0,DVP,8,0.11519862374656936,0.2534945403273534,1.0003056334304345,-0.0889329809910145,0.10000000000000003,1.4,-9.301556960376073e-06,0.07498911791185553,-0.06755622347808177,1.0003056334304345,0.5110220440881764,0.14308617234468923,0.11269886391610312,0.9845070092891971,0.8888888888888912
glucose,2.0,6.0,DVP,9,0.1149477985583657,0.25245483354740744,1.0009864420141006,-0.08338434994184651,0.10000000000000003,1.4,0.000328332259174089,0.07063845082706252,-0.07505176865578372,1.0009864420141006,0.5026052104208417,0.14589178356713428,0.11310733434861288,0.9819389793412814,0.6774193548387094
glucose,2.0,6.5,DVP,0,0.11478183948192308,0.2535677931059311,1.0020520859410662,-0.1086432566811448,0.10000000000000003,1.4,7.86741787456297e-05,0.06463432792123683,-0.08207415570327004,1.0020520859410662,0.494188376753507,0.14589178356713428,0.11359974301280004,0.9855563823535668,0.7333333333333317
glucose,2.0,6.5,DVP,1,0.1145220375631626,0.25424083601263875,1.0011306616566311,-0.07770968622578375,0.10000000000000003,1.4,1.1846863898481441e-05,0.07560617989562535,-0.0722000100575837,1.0011306616566311,0.49699398797595185,0.14869739478957933,0.1156883627309094,0.9876179312386579,0.8275862068965505
glucose,2.0,6.5,DVP,2,0.11400292964993845,0.25324855291368087,1.0276092226328692,-0.0766276990463855,0.10000000000000003,1.4,-3.742032284283997e-05,0.06320900104359828,-0.06283076992652192,1.0276092226328692,0.4997995991983969,0.1402805611222444,0.11063312678381289,1.0098307057376807,0.8518518518518549
glucose,2.0,6.5,DVP,3,0.1171860917740956,0.25502743456742477,1.0016722253333368,-0.08095655520049168,0.10000000000000003,1.4,-0.00012061116844650466,0.08869315093069968,-0.13494549794838184,1.0016722253333368,0.49699398797595185,0.14589178356713428,0.1145954475755166,0.9822214150447263,0.7333333333333317
glucose,2.0,6.5,DVP,4,0.11567990543062305,0.24931605616766306,1.0293712207909735,-0.08429902901429163,0.10000000000000003,1.4,1.1994153403655548e-05,0.0778650771745199,-0.07162803789589331,1.0293712207909735,0.4997995991983969,0.14028056112224463,0.10905099930826172,1.0085118640998827,0.7857142857142877
glucose,2.0,6.5,DVP,5,0.11560972560953203,0.2549163054526846,1.015131602114744,-0.07400227984985532,0.10000000000000003,1.4,-5.852858329660418e-05,0.07560751635401072,-0.0612871624217835,1.015131602114744,0.5054108216432865,0.1486973947895791,0.11618846883733067,0.9979863416310687,0.9629629629629609
glucose,2.0,6.5,DVP,6,0.11564358168690528,0.25328310959165157,1.0494972210700886,-0.07343499942529502,0.10000000000000003,1.4,-0.00014651235147717794,0.07488716952142471,-0.06718966428367196,1.0494972210700886,0.4829659318637275,0.14028056112224463,0.11053276394263381,1.0308418297946984,0.4705882352941183
glucose,2.0,6.5,DVP,7,0.11180345084448126,0.2536000425163161,0.9918158018794193,-0.09297104090687106,0.10000000000000003,1.4,-9.432260288706504e-05,0.07374159583584144,-0.06272919025554873,0.9918158018794193,0.5054108216432865,0.15150300601202416,0.11721961514901544,0.9807412109150472,1.0
glucose,2.0,6.5,DVP,8,0.1159765418223132,0.2550020090075093,1.0237612113479,-0.08947947963518359,0.10000000000000003,1.4,-1.454705538118578e-05,0.07018050683485805,-0.06969346207462673,1.0237612113479,0.4857715430861723,0.1486973947895791,0.11566331285700612,1.0064059929837412,0.5588235294117634
glucose,2.0,6.5,DVP,9,0.11572422577704056,0.2540931919835542,1.0249918902345678,-0.08389465137464511,0.10000000000000003,1.4,0.00032509359174627604,0.07117189009215305,-0.07268941855864568,1.0249918902345678,0.48857715430861715,0.14308617234468946,0.11274546043243434,1.006212604351609,0.5937499999999977
glucose,2.0,7.0,DVP,0,0.11553258142768184,0.25500012501790753,0.9950359490634408,-0.10927404436766347,0.10000000000000003,1.4,7.486294862533577e-05,0.06502855005875714,-0.08270911198832093,0.9950359490634408,0.494188376753507,0.13747494989979958,0.10987443768122275,0.9781248003100761,0.884615384615387
glucose,2.0,7.0,DVP,1,0.11527119511493172,0.2557969045305058,1.017397758858174,-0.07819514569893371,0.10000000000000003,1.4,7.628089459441559e-06,0.07406406739865697,-0.07383542378434377,1.017397758858174,0.4857715430861723,0.14308617234468946,0.11357140713080793,1.0038194872995159,0.8888888888888886
glucose,2.0,7.0,DVP,2,0.11474892143810723,0.2548388587501248,1.0375423930095728,-0.07710813566130262,0.10000000000000003,1.4,-4.193955170090008e-05,0.06255347515103576,-0.06133583683496607,1.0375423930095728,0.4829659318637275,0.14308617234468923,0.11258451377158435,1.019600721331739,0.7586206896551723
glucose,2.0,7.0,DVP,3,0.11795149597831485,0.2563257625913277,1.0244577025982102,-0.08146296460756883,0.10000000000000003,1.4,-0.00012563773411100444,0.09184147094632358,-0.13576856013604902,1.0244577025982102,0.4829659318637275,0.14308617234468923,0.1136939739442693,1.0046315958467866,0.7000000000000011
glucose,2.0,7.0,DVP,4,0.11643612420387506,0.2506723842695821,1.0088425042398523,-0.08483162342621017,0.10000000000000003,1.4,7.776277205119947e-06,0.07727451378250924,-0.07206484644708483,1.0088425042398523,0.4997995991983969,0.13747494989979958,0.10834320458990454,0.9880140668488641,0.8148148148148133
glucose,2.0,7.0,DVP,5,0.11636551639330933,0.25601622693255266,1.0338942672626463,-0.07355236806968356,0.10000000000000003,1.4,-6.317654023009619e-05,0.07584738747600972,-0.06589791715268378,1.0338942672626463,0.4829659318637275,0.15150300601202416,0.11764837093558755,1.0160957410673703,0.7419354838709685
glucose,2.0,7.0,DVP,6,0.1163995789409264,0.25479724342968296,1.0772601276829001,-0.07389219065610911,0.10000000000000003,1.4,-0.0001516968747076387,0.0696358992874892,-0.07219223421710724,1.0772601276829001,0.4829659318637275,0.13747494989979958,0.11006696553943457,1.0584618804578279,0.8148148148148133
glucose,2.0,7.0,DVP,7,0.11253602917898341,0.2551257376755098,1.0167256700383835,-0.09355324154929238,0.10000000000000003,1.4,-9.918884854519785e-05,0.0730177956448888,-0.06301041946777736,1.0167256700383835,0.4829659318637275,0.14308617234468923,0.11350103410447543,1.0062122895404555,0.7586206896551723
glucose,2.0,7.0,DVP,8,0.1167345696234521,0.25649079178320033,1.0454835158514706,-0.0900435311644249,0.10000000000000003,1.4,-1.892679232300637e-05,0.075869721022225,-0.07025291508138443,1.0454835158514706,0.4745490981963928,0.13747494989979958,0.11070632151940069,1.0279108802125998,0.6333333333333315
glucose,2.0,7.0,DVP,9,0.11648071483655842,0.255637729453219,1.0381521854724722,-0.08442134263542395,0.10000000000000003,1.4,0.000322785142816981,0.0717072524891269,-0.07139322572582246,1.0381521854724722,0.4857715430861723,0.14308617234468923,0.11339772026354235,1.0191551974601114,0.8214285714285698
glucose,2.0,7.5,DVP,0,0.11626719273374338,0.2565094676589466,1.0190353453624812,-0.10980342759814,0.10000000000000003,1.4,7.181141709627536e-05,0.06624225313262083,-0.08200016663552492,1.0190353453624812,0.46332665330661327,0.14589178356713428,0.11492300382083616,1.001088515010167,0.5757575757575777
glucose,2.0,7.5,DVP,1,0.1160042903377997,0.2573574229412718,1.035517694391183,-0.0786596746943642,0.10000000000000003,1.4,4.186584794719825e-06,0.07449362619826738,-0.07393219676128807,1.035517694391183,0.4689378757515029,0.1402805611222444,0.1133099679824653,1.022512322019099,0.7857142857142849
glucose,2.0,7.5,DVP,2,0.1154789873885717,0.25645308643863707,1.0274387720275489,-0.07756702652900116,0.10000000000000003,1.4,-4.566855675887649e-05,0.06336624469841715,-0.06303258329063188,1.0274387720275489,0.4829659318637275,0.14308617234468946,0.11317196059011571,1.0093962913525856,0.8888888888888886
glucose,2.0,7.5,DVP,3,0.11870013738280906,0.2575955891560745,1.019647690803425,-0.08194754028516288,0.10000000000000003,1.4,-0.0001298522022613193,0.0917887398259738,-0.13655613617969492,1.019647690803425,0.4577154308617234,0.1486973947895791,0.1167057250483813,0.999215102573933,0.514285714285714
glucose,2.0,7.5,DVP,4,0.11717597620522481,0.2521693619787098,0.9966008767699622,-0.08534125514795843,0.10000000000000003,1.4,4.335632053462907e-06,0.077137291937665,-0.07248282209428734,0.9966008767699622,0.4745490981963928,0.1486973947895791,0.11440760509070445,0.9754585946368105,0.8275862068965527
glucose,2.0,7.5,DVP,5,0.11710495885785588,0.25706190979675053,1.023769486557014,-0.07198639970618419,0.10000000000000003,1.4,-6.702872328102822e-05,0.07221197071742441,-0.06884722754761557,1.023769486557014,0.4829659318637275,0.1486973947895791,0.11685456242794211,1.0056398025498567,0.9629629629629609
glucose,2.0,7.5,DVP,6,0.11713921897379782,0.25630749118666135,1.0673868760319651,-0.07432967018821435,0.10000000000000003,1.4,-0.00015606249011842512,0.07025859167868065,-0.07863484453720132,1.0673868760319651,0.4829659318637275,0.14308617234468946,0.11391535101825467,1.0486334542196722,0.9615384615384595
glucose,2.0,7.5,DVP,7,0.11325325999386679,0.2566763320273811,1.0184548041961787,-0.09411034010229655,0.10000000000000003,1.4,-0.00010324990885073118,0.07114826044920247,-0.06328695443560158,1.0184548041961787,0.4773547094188376,0.1402805611222444,0.11274970888193253,1.0078681210000628,1.0
glucose,2.0,7.5,DVP,8,0.11747615265685192,0.2579494557574633,1.0586892203383802,-0.09058326373684616,0.10000000000000003,1.4,-2.2522319627832965e-05,0.08027193322448206,-0.06947172175742472,1.0586892203383802,0.4745490981963928,0.14308617234468946,0.1142458885760251,1.0406788693848887,0.8214285714285726
glucose,2.0,7.5,DVP,9,0.11722082547084152,0.2571021156149555,1.0211615882349123,-0.08492532452720748,0.10000000000000003,1.4,0.00032117160040053705,0.072212101964042,-0.07061864638935605,1.0211615882349123,0.4857715430861723,0.1486973947895791,0.11704629249564646,1.0029233240290802,0.8928571428571425
glucose,2.0,8.0,DVP,0,0.11698830028711947,0.2580715616947799,1.0279769575473965,-0.11019506750202426,0.10000000000000003,1.4,6.945389458160922e-05,0.06580474851031445,-0.08033375593959066,1.0279769575473965,0.46332665330661327,0.14308617234468946,0.11430358729504757,1.0104155697365236,0.8888888888888886
glucose,2.0,8.0,DVP,1,0.1167237944030688,0.2589078421533443,1.0291057874536225,-0.0791509846189741,0.10000000000000003,1.4,1.4166064941574797e-06,0.07494794983258977,-0.0728250807731575,1.0291057874536225,0.4689378757515029,0.13747494989979958,0.11214421807955231,1.0145254940691215,0.884615384615387
glucose,2.0,8.0,DVP,2,0.11619528753845375,0.2581046259441902,1.0331500185013045,-0.07805011076219448,0.10000000000000003,1.4,-4.874261036566213e-05,0.0675201488090765,-0.06392822096753009,1.0331500185013045,0.45490981963927857,0.14869739478957922,0.11697839099083698,1.0149195618488653,0.7666666666666656
glucose,2.0,8.0,DVP,3,0.11943608389493919,0.2588676424756406,1.0483878317337931,-0.08246005261909349,0.10000000000000003,1.4,-0.0001334397067778306,0.08782782102457504,-0.13738911739385917,1.0483878317337931,0.4577154308617234,0.14308617234468946,0.1142156930794324,1.0271008097947427,0.6999999999999992
glucose,2.0,8.0,DVP,4,0.1179026265893656,0.25382425991220803,1.0221704719501579,-0.0858802680518976,0.10000000000000003,1.4,1.5665628184340086e-06,0.07308701137006862,-0.0729248947867046,1.0221704719501579,0.4577154308617234,0.14308617234468946,0.11229971150117807,1.0016882763086257,0.7586206896551702
glucose,2.0,8.0,DVP,5,0.11783117609466269,0.25807575943378835,1.0220289506589608,-0.06900629482757084,0.10000000000000003,1.4,-7.023305631284038e-05,0.07063991672444739,-0.07013788177789843,1.0220289506589608,0.45490981963927857,0.14589178356713428,0.11566802774762663,1.0020657183958164,0.6774193548387094
glucose,2.0,8.0,DVP,6,0.11786564516909766,0.25781280720671096,1.0277355515863844,-0.07479237119945652,0.10000000000000003,1.4,-0.00015980985580588087,0.06924520555277103,-0.08505168802982321,1.0277355515863844,0.4829659318637275,0.14028056112224463,0.11308192265044993,1.0095810383142265,0.6666666666666666
glucose,2.0,8.0,DVP,7,0.1139559850395966,0.2582666723391113,1.0601043930417744,-0.09469955486575989,0.10000000000000003,1.4,-0.00010667516128525023,0.06852110996086705,-0.06359608539734846,1.0601043930417744,0.45210420841683374,0.1402805611222444,0.11356945631819616,1.049470671404588,0.6666666666666684
glucose,2.0,8.0,DVP,8,0.11820463387014302,0.2593912616121765,1.062602859918215,-0.09115411285945053,0.10000000000000003,1.4,-2.5455200249762667e-05,0.08213396346484209,-0.06772889786529646,1.062602859918215,0.46332665330661327,0.13186372745490993,0.10857534719751456,1.0442124926151408,0.8800000000000027
glucose,2.0,8.0,DVP,9,0.1179477493985678,0.2585098458888224,1.018355399358984,-0.08545835905699656,0.10000000000000003,1.4,0.00032033496964819233,0.07272940365866312,-0.07022291107087607,1.018355399358984,0.46052104208416844,0.1402805611222444,0.11298994061510378,0.9994196150680129,0.8518518518518549
glucose,5.0,6.0,DVP,0,0.23348886095187868,0.5225938701285802,2.107157009110105,-0.22570827572464103,0.10000000000000003,1.4,0.0001682411860369045,0.13295346101294694,-0.1653041389541312,2.107157009110105,0.5110220440881764,0.14308617234468946,0.23107022884058329,2.0750580547178528,0.7586206896551749
glucose,5.0,6.0,DVP,1,0.2329544817944123,0.5235936930079902,2.0299022397633912,-0.16184035227819007,0.10000000000000003,1.4,3.078598796083193e-05,0.15372572057987477,-0.14262385116242604,2.0299022397633912,0.5194388777555111,0.1486973947895791,0.23844901933329446,2.0058968686154963,0.9629629629629609
glucose,5.0,6.0,DVP,2,0.23188674353202224,0.5214242669016422,2.1009632488281405,-0.15996503957894098,0.10000000000000003,1.4,-7.055028340767411e-05,0.12591119861656652,-0.13448995414383516,2.1009632488281405,0.4997995991983969,0.14308617234468946,0.2309500530604675,2.0691358378928744,0.5937500000000017
glucose,5.0,6.0,DVP,3,0.23843409892532277,0.5255991523762285,2.087697206963332,-0.16871786807828856,0.10000000000000003,1.4,-0.00024166316122900612,0.17295690579229187,-0.2775830895102218,2.087697206963332,0.5138276553106212,0.14308617234468923,0.23341154322910082,2.050398643903988,0.9615384615384623
glucose,5.0,6.0,DVP,4,0.23533606719002065,0.5140169720602435,2.1045874525895196,-0.17659823232318414,0.10000000000000003,1.4,3.108894354350722e-05,0.15691384007768217,-0.14732744512072096,2.1045874525895196,0.4997995991983969,0.1318637274549097,0.21602574154787382,2.0646349046314016,0.5666666666666679
glucose,5.0,6.0,DVP,5,0.23519171631746097,0.5257303342022722,2.1079706346789417,-0.15515173950501535,0.10000000000000003,1.4,-0.00011396726235333188,0.14969018331964778,-0.1144469415483147,2.1079706346789417,0.5054108216432865,0.1402805611222444,0.23042257637600233,2.075988367845485,0.7857142857142849
glucose,5.0,6.0,DVP,6,0.23526135391747618,0.5216253370722993,2.092179150600208,-0.15570292152028173,0.10000000000000003,1.4,-0.00029493856593483693,0.17398052906924832,-0.12603151823450875,2.092179150600208,0.5194388777555111,0.14308617234468923,0.23090753963409713,2.0565685129010616,0.8888888888888856
glucose,5.0,6.0,DVP,7,0.22736269830351427,0.522295686164463,2.065944393883683,-0.19386712581540638,0.10000000000000003,1.4,-0.00018759096044742885,0.15308926779306975,-0.1292787813500092,2.065944393883683,0.5138276553106212,0.14308617234468946,0.23294744817334434,2.044032908879675,0.8888888888888886
glucose,5.0,6.0,DVP,8,0.2359462101243822,0.5252160046708372,2.069719184003162,-0.1872302363256211,0.10000000000000003,1.4,-2.350291188332182e-05,0.15521756716214086,-0.1398386433115668,2.069719184003162,0.5110220440881764,0.14308617234468923,0.23350933585058906,2.0397439944560745,0.8888888888888912
glucose,5.0,6.0,DVP,9,0.23542722844660494,0.5230667414930879,2.0711464390692798,-0.17517095925281018,0.10000000000000003,1.4,0.0006750942490586152,0.14613853212265465,-0.15534661934580973,2.0711464390692798,0.5026052104208417,0.14589178356713428,0.23436864028489662,2.0345196907726493,0.6774193548387094
glucose,5.0,6.5,DVP,0,0.2350856104939322,0.5253912869205025,2.0733946141756645,-0.22703412703809558,0.10000000000000003,1.4,0.00015851859904348887,0.13374708471751667,-0.16988505619749272,2.0733946141756645,0.494188376753507,0.14589178356713428,0.2352830491984252,2.0412890761489146,0.7333333333333317
glucose,5.0,6.5,DVP,1,0.23454804173212027,0.5267829665009961,2.0714805381690145,-0.16281764937426013,0.10000000000000003,1.4,2.0242957858856936e-05,0.15650805279639313,-0.1494512906750457,2.0714805381690145,0.49699398797595185,0.14869739478957933,0.23979065635991226,2.0467786244667394,0.8275862068965505
glucose,5.0,6.5,DVP,2,0.23347393034953262,0.5247316299112964,2.1262573458453535,-0.1609327860245697,0.10000000000000003,1.4,-8.169816983123668e-05,0.13085679781595005,-0.1300408179916017,2.1262573458453535,0.4997995991983969,0.1402805611222444,0.22929835508379953,2.09262823566151,0.8518518518518549
glucose,5.0,6.5,DVP,3,0.24006036562258246,0.5284081182276468,2.072601113861904,-0.1697373402903514,0.10000000000000003,1.4,-0.00025383238684787833,0.18358195009410805,-0.27924002758720057,2.072601113861904,0.49699398797595185,0.14589178356713428,0.23741277799895136,2.034865878431969,0.7333333333333317
glucose,5.0,6.5,DVP,4,0.23694384234368715,0.5165918831347469,2.129903181767914,-0.17767041857340554,0.10000000000000003,1.4,2.0547721723966074e-05,0.1611824245317336,-0.14820680117870064,2.129903181767914,0.4997995991983969,0.14028056112224463,0.22599958474373325,2.0897295072518665,0.7857142857142877
glucose,5.0,6.5,DVP,5,0.23679862986909084,0.528175185469387,2.1004056388821604,-0.15527461830354006,0.10000000000000003,1.4,-0.00012537429620579466,0.15651075638330686,-0.12685521571872904,2.1004056388821604,0.5054108216432865,0.1486973947895791,0.24077590384298714,2.067861548992744,0.9629629629629609
glucose,5.0,6.5,DVP,6,0.23686868312227766,0.5248010151750222,2.17154370697064,-0.15358713688685535,0.10000000000000003,1.4,-0.0003074257819917455,0.15497619975288546,-0.13906556978260598,2.17154370697064,0.4829659318637275,0.14028056112224463,0.22903835379999493,2.135736309751215,0.4705882352941183
glucose,5.0,6.5,DVP,7,0.2289228819826749,0.5254600654469209,2.0521617847837805,-0.19503917674819435,0.10000000000000003,1.4,-0.00019943743970882044,0.15264790604062617,-0.12981501330977083,2.0521617847837805,0.5054108216432865,0.15150300601202416,0.24288322694497114,2.031969921643808,1.0
glucose,5.0,6.5,DVP,8,0.23755762710151365,0.5283548058709526,2.1183067407249987,-0.18836575010596734,0.10000000000000003,1.4,-3.436998177696554e-05,0.1452601397535245,-0.14426756200777668,2.1183067407249987,0.4857715430861723,0.1486973947895791,0.2396480831761078,2.0850511780787597,0.5588235294117634
glucose,5.0,6.5,DVP,9,0.23703554772392613,0.5264763110016565,2.120861726938469,-0.17623126254217053,0.10000000000000003,1.4,0.0006683969685536315,0.14724621207004046,-0.15045530324485323,2.120861726938469,0.48857715430861715,0.14308617234468946,0.23359982655985836,2.0846422017321737,0.5937499999999977
glucose,5.0,7.0,DVP,0,0.23664069745479394,0.5283734080446932,2.058861819070914,-0.22834375453058142,0.10000000000000003,1.4,0.00015062542726080076,0.13456543619862094,-0.17120193811239098,2.058861819070914,0.494188376753507,0.13747494989979958,0.22775039102400899,2.0271792692100137,0.884615384615387
glucose,5.0,7.0,DVP,1,0.23609983970678672,0.5300210271297889,2.10518004623654,-0.16382539714150568,0.10000000000000003,1.4,1.150377956072221e-05,0.15324798999948752,-0.15284030814247374,2.10518004623654,0.4857715430861723,0.14308617234468946,0.23536203468241879,2.0800409657976147,0.8888888888888886
glucose,5.0,7.0,DVP,2,0.23501915663000775,0.5280405348668809,2.1468715643178458,-0.16193010899487453,0.10000000000000003,1.4,-9.106105059409264e-05,0.12949978354699965,-0.12697629721806436,2.1468715643178458,0.4829659318637275,0.14308617234468923,0.23329135938969423,2.11250944743441,0.7586206896551723
glucose,5.0,7.0,DVP,3,0.2416458894356297,0.531113014737746,2.119796863600728,-0.1707885772679363,0.10000000000000003,1.4,-0.0002642484297431247,0.19010509360459132,-0.28094859262259664,2.119796863600728,0.4829659318637275,0.14308617234468923,0.23557953012049163,2.081491072222651,0.7000000000000011
glucose,5.0,7.0,DVP,4,0.23851029845271293,0.5194168539768445,2.087380835891023,-0.1787760120557529,0.10000000000000003,1.4,1.1810408050817733e-05,0.15996330246012036,-0.14911355625615494,2.087380835891023,0.4997995991983969,0.13747494989979958,0.22450826013224273,2.0470623810228696,0.8148148148148133
glucose,5.0,7.0,DVP,5,0.2383641975302412,0.5304696524846856,2.139322901745694,-0.1543447320542031,0.10000000000000003,1.4,-0.00013500439892593751,0.15700883532385457,-0.13640731656348826,2.139322901745694,0.4829659318637275,0.15150300601202416,0.2437690939087923,2.105169914816537,0.7419354838709685
glucose,5.0,7.0,DVP,6,0.2384346793875416,0.5279523536986077,2.229055073872525,-0.15453620363194867,0.10000000000000003,1.4,-0.0003181697232867974,0.14415696247856002,-0.14942947878536528,2.229055073872525,0.4829659318637275,0.13747494989979958,0.22806981731329765,2.192893471627653,0.8148148148148133
glucose,5.0,7.0,DVP,7,0.2304402637596822,0.5286353076078953,2.1037978249600786,-0.19624774601250505,0.10000000000000003,1.4,-0.00020952068009964274,0.15115542921352532,-0.1303992418342626,2.1037978249600786,0.4829659318637275,0.14308617234468923,0.23514233523596512,2.084488410671977,0.7586206896551723
glucose,5.0,7.0,DVP,8,0.23912783850611968,0.5314536777546087,2.163301578306984,-0.18953664428075004,0.10000000000000003,1.4,-4.344329631459898e-05,0.15704627178521047,-0.1454277093972861,2.163301578306984,0.4745490981963928,0.13747494989979958,0.2294164458788473,2.1298482482757684,0.6333333333333315
glucose,5.0,7.0,DVP,9,0.23860256491043827,0.5296905301335579,2.148124882642417,-0.17732460188976415,0.10000000000000003,1.4,0.0006636233659083243,0.14835711654107073,-0.14778722792253096,2.148124882642417,0.4857715430861723,0.14308617234468923,0.23495087995088665,2.1114172730339695,0.8214285714285698
glucose,5.0,7.5,DVP,0,0.23816236865954285,0.5315135652182239,2.108617886014395,-0.22944365093344576,0.10000000000000003,1.4,0.00014430607962178765,0.13713825967834603,-0.16973519685511457,2.108617886014395,0.46332665330661327,0.14589178356713428,0.23815549671564754,2.074355098870265,0.5757575757575777
glucose,5.0,7.5,DVP,1,0.23761836267332803,0.5332670298353305,2.142726096345279,-0.1647900196227864,0.10000000000000003,1.4,4.374629180748491e-06,0.1541399947596041,-0.15304228850007434,2.142726096345279,0.4689378757515029,0.1402805611222444,0.23481108568114978,2.1186989658477304,0.7857142857142849
glucose,5.0,7.5,DVP,2,0.23653138912966518,0.5313976535264925,2.1259442085414473,-0.16288303001678106,0.10000000000000003,1.4,-9.878721288384751e-05,0.13117786374289708,-0.13048704334868655,2.1259442085414473,0.4829659318637275,0.14308617234468946,0.23445371193771647,2.0909594437255703,0.8888888888888886
glucose,5.0,7.5,DVP,3,0.2431966949861265,0.5337577019109788,2.10985860862466,-0.17179482789402667,0.10000000000000003,1.4,-0.00027298268542921687,0.1899976622847116,-0.28258404178700214,2.10985860862466,0.4577154308617234,0.1486973947895791,0.24181426904686326,2.07021377484122,0.514285714285714
glucose,5.0,7.5,DVP,4,0.2400428522773679,0.5225314662476631,2.0621831522115226,-0.1798342930690114,0.10000000000000003,1.4,4.683042501571533e-06,0.15968042105400537,-0.14998150790155385,2.0621831522115226,0.4745490981963928,0.1486973947895791,0.23713229432713964,2.0215632025080446,0.8275862068965527
glucose,5.0,7.5,DVP,5,0.2398959009270193,0.5326506744260834,2.118351606526782,-0.1511032365200509,0.10000000000000003,1.4,-0.0001429863477486597,0.14947966112906996,-0.14251798826351614,2.118351606526782,0.4829659318637275,0.1486973947895791,0.24204833500955156,2.08297494491665,0.9629629629629609
glucose,5.0,7.5,DVP,6,0.23996679304686455,0.5310943854830055,2.2086060939089434,-0.15544465627090137,0.10000000000000003,1.4,-0.0003272178453770744,0.14544797199871984,-0.16273896148362943,2.2086060939089434,0.4829659318637275,0.14308617234468946,0.23609227178422962,2.1728572832274224,0.9615384615384595
glucose,5.0,7.5,DVP,7,0.23192584332603824,0.5318607874545956,2.1073910007016456,-0.19740459476941938,0.10000000000000003,1.4,-0.00021793637514186477,0.1472840521532761,-0.13097392682058634,2.1073910007016456,0.4773547094188376,0.1402805611222444,0.23363791449126758,2.0882698591004702,1.0
glucose,5.0,7.5,DVP,8,0.24066398692324942,0.5344889913772609,2.1906583243534326,-0.19065743152623624,0.10000000000000003,1.4,-5.0892283998018536e-05,0.1661666137695471,-0.14381094086959834,2.1906583243534326,0.4745490981963928,0.14308617234468946,0.23675438879456573,2.1562944516118825,0.8214285714285726
glucose,5.0,7.5,DVP,9,0.24013565580198107,0.5327376877313323,2.1129316934195814,-0.1783711506999986,0.10000000000000003,1.4,0.0006602900894069825,0.14940502348636764,-0.1461841937388555,2.1129316934195814,0.4857715430861723,0.1486973947895791,0.24251644637946787,2.077810372209898,0.8928571428571425
glucose,5.0,8.0,DVP,0,0.23965607499003216,0.5347614918332769,2.127140508458341,-0.2302572139370995,0.10000000000000003,1.4,0.00013942381096518087,0.13617655923665,-0.166284591064145,2.127140508458341,0.46332665330661327,0.14308617234468946,0.23693512155633714,2.094094810459851,0.8888888888888886
glucose,5.0,8.0,DVP,1,0.23910874207683755,0.5364907917111096,2.1294452187064814,-0.16580939247406035,0.10000000000000003,1.4,-1.3634052754713244e-06,0.15508262822846408,-0.15075003633335543,2.1294452187064814,0.4689378757515029,0.13747494989979958,0.2324469755488979,2.1025104316296175,0.884615384615387
glucose,5.0,8.0,DVP,2,0.2380151210298378,0.5348306028160862,2.1378646739884957,-0.16388534828678597,0.10000000000000003,1.4,-0.00010515614465433144,0.1397831286020092,-0.13234313081864635,2.1378646739884957,0.45490981963927857,0.14869739478957922,0.24235703902977193,2.1025896067723826,0.7666666666666656
glucose,5.0,8.0,DVP,3,0.24472118927944198,0.5364056469720576,2.169392821487211,-0.1728581916344737,0.10000000000000003,1.4,-0.00028041692830297547,0.18179415313078184,-0.2843123163298266,2.169392821487211,0.4577154308617234,0.14308617234468946,0.23669017737292591,2.1282033966828244,0.6999999999999992
glucose,5.0,8.0,DVP,4,0.24154805890719513,0.5259713995015416,2.1151421421189602,-0.18095264035499023,0.10000000000000003,1.4,-1.0531058198932074e-06,0.15129150355833287,-0.15089872304085217,2.1151421421189602,0.4577154308617234,0.14308617234468946,0.2327440876780169,2.075741636364569,0.7586206896551702
glucose,5.0,8.0,DVP,5,0.2414002088600958,0.534764506507581,2.114852231441777,-0.14565060820894207,0.10000000000000003,1.4,-0.00014962558407091242,0.14618031776763638,-0.1451924510473488,2.114852231441777,0.45490981963927857,0.14589178356713428,0.23963916549440772,2.0759793330013676,0.6774193548387094
glucose,5.0,8.0,DVP,6,0.24147153452830664,0.5342248661220834,2.12647312577555,-0.15640467117288362,0.10000000000000003,1.4,-0.0003349837691908475,0.14335162976706128,-0.17603243811174352,2.12647312577555,0.4829659318637275,0.14028056112224463,0.23436647619220924,2.0919571459352313,0.6666666666666666
glucose,5.0,8.0,DVP,7,0.2333814095166802,0.5351671359735579,2.1936384196070087,-0.19862710119081567,0.10000000000000003,1.4,-0.00022503397639867052,0.14179754750125062,-0.1316155660810453,2.1936384196070087,0.45210420841683374,0.1402805611222444,0.2352974583624142,2.1741246226373843,0.6666666666666684
glucose,5.0,8.0,DVP,8,0.24217299216865043,0.5374880787076034,2.1987906953138525,-0.19184183279437364,0.10000000000000003,1.4,-5.696830919184459e-05,0.17002470238245515,-0.14020179250951392,2.1987906953138525,0.46332665330661327,0.13186372745490993,0.22500067216995187,2.163605835909982,0.8800000000000027
glucose,5.0,8.0,DVP,9,0.2416414299817208,0.5356662977886885,2.1072411605293415,-0.1794770940348408,0.10000000000000003,1.4,0.0006585633763265603,0.1504780717807686,-0.14533001206903878,2.1072411605293415,0.46052104208416844,0.1402805611222444,0.23416415296075235,2.071017725219541,0.8518518518518549
glucose,10.0,6.0,DVP,0,0.36181695473738756,0.8129898164923345,3.276563296485567,-0.35213009472148815,0.10000000000000003,1.4,0.00025940034902504207,0.206743517753514,-0.2570734311761196,3.276563296485567,0.5110220440881764,0.14308617234468946,0.35951186195355755,3.2283185570956983,0.7586206896551749
glucose,10.0,6.0,DVP,1,0.360986010487449,0.8145440987649368,3.1564065275247457,-0.2527081127493947,0.10000000000000003,1.4,4.5661461814304695e-05,0.23907372164562468,-0.2218034350824074,3.1564065275247457,0.5194388777555111,0.1486973947895791,0.37092154636418084,3.1202713717046278,0.9629629629629609
glucose,10.0,6.0,DVP,2,0.3593257081399942,0.8111716376621575,3.2669394453140383,-0.24997577213706748,0.10000000000000003,1.4,-0.00011191353119834568,0.1958124040972784,-0.20914921308039325,3.2669394453140383,0.4997995991983969,0.14308617234468946,0.3592730011157066,3.218748518208151,0.5937500000000017
glucose,10.0,6.0,DVP,3,0.36950665782778125,0.8176612405910664,3.2462965273903097,-0.2635070137181262,0.10000000000000003,1.4,-0.00037798914423349273,0.26897053122539183,-0.43164294797083447,3.2462965273903097,0.5138276553106212,0.14308617234468923,0.36310370937044756,3.18961646328042,0.9615384615384623
glucose,10.0,6.0,DVP,4,0.36468930741168004,0.79965182087091,3.2725749781263618,-0.276288657842115,0.10000000000000003,1.4,4.6132549048703676e-05,0.24403050164505846,-0.22908878050861625,3.2725749781263618,0.4997995991983969,0.1318637274549097,0.33608838196514534,3.2119807475808435,0.5666666666666679
glucose,10.0,6.0,DVP,5,0.3644648459485949,0.8178636330635474,3.277837206167938,-0.24237448896141453,0.10000000000000003,1.4,-0.00017942568712831818,0.2327961807343858,-0.17797749893453907,3.277837206167938,0.5054108216432865,0.1402805611222444,0.35849672815954386,3.2297275589203474,0.7857142857142849
glucose,10.0,6.0,DVP,6,0.36457313041759715,0.811483182170545,3.2532453361510796,-0.24319700395793836,0.10000000000000003,1.4,-0.000460830869223943,0.2705588330699775,-0.19598938427003731,3.2532453361510796,0.5194388777555111,0.14308617234468923,0.35923156398401107,3.1993402647989524,0.8888888888888856
glucose,10.0,6.0,DVP,7,0.35229094767719094,0.8125272635350967,3.212471527489075,-0.3028428619303757,0.10000000000000003,1.4,-0.0002939084242181345,0.23808484958530818,-0.20103480427054654,3.212471527489075,0.5138276553106212,0.14308617234468946,0.3623881122029412,3.179764010433139,0.8888888888888886
glucose,10.0,6.0,DVP,8,0.3656380621598107,0.8170651302765827,3.218348553136831,-0.2928087698331615,0.10000000000000003,1.4,-3.875621902278348e-05,0.24138886450503994,-0.21747531646605034,3.218348553136831,0.5110220440881764,0.14308617234468923,0.36327918273009097,3.1732197228148866,0.8888888888888912
glucose,10.0,6.0,DVP,9,0.3648310605487877,0.8137241200589163,3.2205775470174354,-0.27375657666088227,0.10000000000000003,1.4,0.0010475423122679188,0.2272312120327351,-0.24158923675361543,3.2205775470174354,0.5026052104208417,0.14589178356713428,0.36459913243972436,3.164979326798258,0.6774193548387094
glucose,10.0,6.5,DVP,0,0.36430077195127536,0.8173499929464354,3.2240958482054176,-0.3541946914955611,0.10000000000000003,1.4,0.0002442774208448939,0.20797930498018755,-0.2642004678394356,3.2240958482054176,0.494188376753507,0.14589178356713428,0.3659799336200225,3.1752241917068798,0.7333333333333317
glucose,10.0,6.5,DVP,1,0.3634648610247042,0.8195135420777216,3.221115590719352,-0.2542299060892903,0.10000000000000003,1.4,2.9260984705186455e-05,0.2434026570231438,-0.2324248883752824,3.221115590719352,0.49699398797595185,0.14869739478957933,0.37308778340314697,3.1844095924393794,0.8275862068965505
glucose,10.0,6.5,DVP,2,0.3617946348046523,0.8163247023780157,3.306286811518021,-0.2514826942603971,0.10000000000000003,1.4,-0.00012925585733729151,0.20351554249736492,-0.2022293881355762,3.306286811518021,0.4997995991983969,0.1402805611222444,0.3567588505630389,3.2556704169356143,0.8518518518518549
glucose,10.0,6.5,DVP,3,0.3720364375339201,0.822039363896101,3.2228580682074015,-0.2650944798313117,0.10000000000000003,1.4,-0.0003969218436493529,0.2854995491955469,-0.4342230409029686,3.2228580682074015,0.49699398797595185,0.14589178356713428,0.3693449878988621,3.165602583014346,0.7333333333333317
glucose,10.0,6.5,DVP,4,0.36719029310216345,0.803666062324547,3.311956028743146,-0.2779582073591204,0.10000000000000003,1.4,2.973488769763255e-05,0.2506714272487408,-0.23045806544541952,3.311956028743146,0.4997995991983969,0.14028056112224463,0.35160802140982717,3.251015910936576,0.7857142857142877
glucose,10.0,6.5,DVP,5,0.366964489999728,0.8216756078736821,3.266070345039755,-0.2425671299760162,0.10000000000000003,1.4,-0.00019717154340455524,0.24340682900736554,-0.1972801618524851,3.266070345039755,0.5054108216432865,0.1486973947895791,0.37458916995036395,3.216967485649769,0.9629629629629609
glucose,10.0,6.5,DVP,6,0.3670734217010108,0.8164314981200601,3.376704747382343,-0.23967646971593862,0.10000000000000003,1.4,-0.00048025872587776307,0.24099775074223206,-0.21626561642960973,3.376704747382343,0.4829659318637275,0.14028056112224463,0.3563247261518204,3.322493292916295,0.4705882352941183
glucose,10.0,6.5,DVP,7,0.35471782653851247,0.817458004479558,3.1910519145699454,-0.30466791524443043,0.10000000000000003,1.4,-0.00031233856073959446,0.2373991281124317,-0.20187015659023155,3.1910519145699454,0.5054108216432865,0.15150300601202416,0.37783085209388356,3.160906357433421,1.0
glucose,10.0,6.5,DVP,8,0.36814471869769183,0.8219560997296105,3.293929716722623,-0.29457692950051273,0.10000000000000003,1.4,-5.5661273090951255e-05,0.2259012269624624,-0.2243656693433823,3.293929716722623,0.4857715430861723,0.1486973947895791,0.3728169105558837,3.24359600651415,0.5588235294117634
glucose,10.0,6.5,DVP,9,0.367332893518729,0.8190360976583608,3.2979071071019175,-0.2754076226850681,0.10000000000000003,1.4,0.0010371302251244948,0.2289556690092528,-0.23398162383374277,3.2979071071019175,0.48857715430861715,0.14308617234468946,0.3633910547444163,3.242848452088431,0.5937499999999977
glucose,10.0,7.0,DVP,0,0.36671978503946984,0.8219966986383428,3.2014896053752366,-0.35623344322408584,0.10000000000000003,1.4,0.0002319999413507453,0.2092532027932894,-0.2662497883937992,3.2014896053752366,0.494188376753507,0.13747494989979958,0.35435789646626087,3.153941476546983,0.884615384615387
glucose,10.0,7.0,DVP,1,0.3658787542684087,0.8245581830484093,3.273538799346637,-0.25579863017241633,0.10000000000000003,1.4,1.5666557817653138e-05,0.2382973883485277,-0.23769740615676183,3.273538799346637,0.4857715430861723,0.14308617234468946,0.36617419020081554,3.2359825538140914,0.8888888888888886
glucose,10.0,7.0,DVP,2,0.36419829813241933,0.8214795062301733,3.338373266834138,-0.2530351914642666,0.10000000000000003,1.4,-0.00014382117903492998,0.201405077750072,-0.19747901392583678,3.338373266834138,0.4829659318637275,0.14308617234468923,0.3629292896739636,3.286303347241695,0.7586206896551723
glucose,10.0,7.0,DVP,3,0.37450283055644923,0.8262550154248401,3.2962722587515794,-0.2667309019772198,0.10000000000000003,1.4,-0.0004131265843109556,0.2956475031264345,-0.43688270158962916,3.2962722587515794,0.4829659318637275,0.14308617234468923,0.36649449524378996,3.238123852315996,0.7000000000000011
glucose,10.0,7.0,DVP,4,0.3696270041273906,0.8080684601053677,3.2458108958126513,-0.27967924428748386,0.10000000000000003,1.4,1.6143363403602618e-05,0.24877718659533243,-0.2318695779029339,3.2458108958126513,0.4997995991983969,0.13747494989979958,0.34929867410418924,3.1847081238738726,0.8148148148148133
glucose,10.0,7.0,DVP,5,0.36939981801064936,0.8252531015671887,3.326635138783041,-0.2411217155931315,0.10000000000000003,1.4,-0.00021215283974739758,0.24418224227153984,-0.21213963444916706,3.326635138783041,0.4829659318637275,0.15150300601202416,0.3792373217930346,3.274950764643513,0.7419354838709685
glucose,10.0,7.0,DVP,6,0.36950941690427636,0.8213413118955585,3.4661681642243445,-0.24115384719859112,0.10000000000000003,1.4,-0.0004969738939829316,0.2241981044245248,-0.2323880007290502,3.4661681642243445,0.4829659318637275,0.13747494989979958,0.3548136210704098,3.411357032513761,0.8148148148148133
glucose,10.0,7.0,DVP,7,0.35707814534635873,0.8224049784690649,3.2713938432093057,-0.306549250806326,0.10000000000000003,1.4,-0.00032802523991737906,0.235081035639098,-0.20277982882048745,3.2713938432093057,0.4829659318637275,0.14308617234468923,0.3658174607313572,3.2428000786564977,0.7586206896551723
glucose,10.0,7.0,DVP,8,0.37058727545417,0.8267843228610428,3.363920978722165,-0.296399617627914,0.10000000000000003,1.4,-6.977583763890382e-05,0.24423590038249138,-0.2261710069958468,3.363920978722165,0.4745490981963928,0.13747494989979958,0.3569018781662484,3.313279421813977,0.6333333333333315
glucose,10.0,7.0,DVP,9,0.36977047795275364,0.824043674783842,3.340317779602728,-0.27710958405183317,0.10000000000000003,1.4,0.0010297088647842109,0.23068474830056596,-0.22984004509677303,3.340317779602728,0.4857715430861723,0.14308617234468923,0.3654929965979609,3.284482952790015,0.8214285714285698
glucose,10.0,7.5,DVP,0,0.3690868168761423,0.8268884676105547,3.2789102444923772,-0.35794611303432977,0.10000000000000003,1.4,0.0002221707171491869,0.21328582226449522,-0.26396911820208147,3.2789102444923772,0.46332665330661327,0.14589178356713428,0.37051007152855575,3.227080065098866,0.5757575757575777
glucose,10.0,7.5,DVP,1,0.3682408848114881,0.8296145169965958,3.3319499354811595,-0.25730039010146216,0.10000000000000003,1.4,4.576602780557659e-06,0.23968609432548427,-0.23801238703432626,3.3319499354811595,0.4689378757515029,0.1402805611222444,0.3652920620677205,3.2959404513560515,0.7857142857142849
glucose,10.0,7.5,DVP,2,0.36655063544417293,0.826708615088144,3.305820418130449,-0.25451873746661885,0.10000000000000003,1.4,-0.00015584058427733517,0.2040125656795606,-0.20293813007770822,3.305820418130449,0.4829659318637275,0.14308617234468946,0.3647252592461672,3.252680056050049,0.8888888888888886
glucose,10.0,7.5,DVP,3,0.3769152198193193,0.8303764009947115,3.2808258907289494,-0.2682974701405841,0.10000000000000003,1.4,-0.0004267154266095523,0.29548131974039293,-0.439428829291147,3.2808258907289494,0.4577154308617234,0.1486973947895791,0.3761906622080913,3.220549378237417,0.514285714285714
glucose,10.0,7.5,DVP,4,0.372010978428929,0.8129205276221391,3.2066974480561607,-0.2813268152805128,0.10000000000000003,1.4,5.056187056947658e-06,0.24833785603081537,-0.23322083710195118,3.2066974480561607,0.4745490981963928,0.1486973947895791,0.368933186070632,3.1450594247986197,0.8275862068965527
glucose,10.0,7.5,DVP,5,0.3717824683346392,0.8286535580160225,3.2940138835313477,-0.23608057976457444,0.10000000000000003,1.4,-0.00022457046291759813,0.23247088416380013,-0.2216458423657799,3.2940138835313477,0.4829659318637275,0.1486973947895791,0.3765116002244794,3.240084982131943,0.9629629629629609
glucose,10.0,7.5,DVP,6,0.3718927059401584,0.8262359967768869,3.4343600686656983,-0.24256815984119487,0.10000000000000003,1.4,-0.0005110513750993282,0.22620693604616948,-0.25307301301868246,3.4343600686656983,0.4829659318637275,0.14308617234468946,0.36726623960093646,3.3799858797278453,0.9615384615384595
glucose,10.0,7.5,DVP,7,0.35938898838651856,0.827429405609873,3.276989137688998,-0.30835027570818097,0.10000000000000003,1.4,-0.000341118135232341,0.2290595321317257,-0.20367474901186627,3.276989137688998,0.4773547094188376,0.1402805611222444,0.3635144441022305,3.2489411757246187,1.0
glucose,10.0,7.5,DVP,8,0.3729768459501208,0.8315130712862051,3.4064769916288578,-0.29814450063335896,0.10000000000000003,1.4,-8.13637272104406e-05,0.25842386324387645,-0.22365676880489604,3.4064769916288578,0.4745490981963928,0.14308617234468946,0.3683375927329983,3.354548225114948,0.8214285714285726
glucose,10.0,7.5,DVP,9,0.37215528837987166,0.8287908423768805,3.285573658247559,-0.2787388899226261,0.10000000000000003,1.4,0.0010245284664879796,0.23231593919553217,-0.22734718904017004,3.285573658247559,0.4857715430861723,0.1486973947895791,0.3772556398111722,3.232150247685618,0.8928571428571425
glucose,10.0,8.0,DVP,0,0.3714103515227902,0.8319470996412568,3.3077235816589843,-0.3592128527006988,0.10000000000000003,1.4,0.0002145766841179072,0.21176109668345483,-0.2586021547164442,3.3077235816589843,0.46332665330661327,0.14308617234468946,0.36865047317031463,3.2580465875330535,0.8888888888888886
glucose,10.0,8.0,DVP,1,0.37055924143014474,0.8346355692509697,3.3112912744965897,-0.2588869416517456,0.10000000000000003,1.4,-4.34934384285035e-06,0.24115320872773643,-0.2344472108239385,3.3112912744965897,0.4689378757515029,0.13747494989979958,0.3616729532318366,3.2711734425173113,0.884615384615387
glucose,10.0,8.0,DVP,2,0.3688586458909539,0.8320549268036381,3.3244100446969593,-0.2560787515539397,0.10000000000000003,1.4,-0.00016574845926067882,0.21739892171293662,-0.20582581176984505,3.3244100446969593,0.45490981963927857,0.14869739478957922,0.3770462772448339,3.2709843823371862,0.7666666666666656
glucose,10.0,8.0,DVP,3,0.37928667284057455,0.8345021520811005,3.37343521788903,-0.2699524890954375,0.10000000000000003,1.4,-0.0004382813514225757,0.2827209542818927,-0.44211871518697676,3.37343521788903,0.4577154308617234,0.14308617234468946,0.3682421199372689,3.3109059988037446,0.6999999999999992
glucose,10.0,8.0,DVP,4,0.3743524121374565,0.8182777171497435,3.2890746767447108,-0.28306741060646007,0.10000000000000003,1.4,-3.866823986982792e-06,0.23528892109387556,-0.2346483904249366,3.2890746767447108,0.4577154308617234,0.14308617234468946,0.3620961285106244,3.229255676106515,0.7586206896551702
glucose,10.0,8.0,DVP,5,0.37412250331185737,0.8319488490476435,3.2886253848751714,-0.22797227813708149,0.10000000000000003,1.4,-0.0002348990398110648,0.2273163040732838,-0.22580661804046198,3.2886253848751714,0.45490981963927857,0.14589178356713428,0.3728078051029846,3.2295411819370243,0.6774193548387094
glucose,10.0,8.0,DVP,6,0.37423341569190144,0.8311120209293056,3.3065986684231716,-0.24406232669989789,0.10000000000000003,1.4,-0.0005231335280117389,0.22294741873796586,-0.2737525030145471,3.3065986684231716,0.4829659318637275,0.14028056112224463,0.36465420072552673,3.2546456310173624,0.6666666666666666
glucose,10.0,8.0,DVP,7,0.361653161732807,0.8325788704190832,3.4111379296215185,-0.31025298428069037,0.10000000000000003,1.4,-0.00035216011115012135,0.22050186930388477,-0.2046735268153863,3.4111379296215185,0.45210420841683374,0.1402805611222444,0.36603399964958805,3.382026751834627,0.6666666666666684
glucose,10.0,8.0,DVP,8,0.3753241918226028,0.8361847907034876,3.4191405925906473,-0.29998790235410583,0.10000000000000003,1.4,-9.081572250000536e-05,0.2644258664050767,-0.2180430497199699,3.4191405925906473,0.46332665330661327,0.13186372745490993,0.35008027012208776,3.3661460380985457,0.8800000000000027
glucose,10.0,8.0,DVP,9,0.3744976054228851,0.8333529863429161,3.2767851262308363,-0.28046017975178456,0.10000000000000003,1.4,0.0010218457390551783,0.23398590050451146,-0.22600060203002834,3.2767851262308363,0.46052104208416844,0.1402805611222444,0.3642517686011723,3.2215481920328215,0.8518518518518549
copper,0.1,6.0,DVP,0,0.006391522745662738,0.01802760250906594,0.1120887056886981,-0.0066792801222422,0.10000000000000003,1.4,7.973252156239173e-06,0.009002531798146241,-0.008740343768783188,0.1120887056886981,-0.06132264529058118,0.053306613226452915,0.004667617953989574,0.11021944329388417,0.8999999999999985
copper,0.1,6.0,DVP,1,0.00637329738953908,0.018068376636038323,0.11183190655521318,-0.004690451371983048,0.10000000000000003,1.4,3.2852513220342294e-06,0.010306571527109572,-0.010568236898687352,0.11183190655521318,-0.06132264529058118,0.05891783567134268,0.004979063584580963,0.10985038164190146,0.9090909090909042
copper,0.1,6.0,DVP,2,0.006336881466861303,0.01815615095381766,0.10993168227817293,-0.004478973621164889,0.10000000000000003,1.4,-1.708895250209586e-07,0.009726710544899295,-0.009244959151569941,0.10993168227817293,-0.064128256513026,0.05611222444889785,0.004863258681793486,0.10819406508117022,0.6666666666666677
copper,0.1,6.0,DVP,3,0.006560183371592778,0.01812126736758167,0.110301928433138,-0.005340742620931853,0.10000000000000003,1.4,-6.006807883857098e-06,0.00941189654406421,-0.009451122541682544,0.110301928433138,-0.064128256513026,0.05611222444889785,0.004839553465996054,0.10807236577066195,0.6666666666666677
copper,0.1,6.0,DVP,4,0.006454522941410632,0.018101056807979084,0.1093759840671143,-0.005505734817506735,0.10000000000000003,1.4,3.2955838234178732e-06,0.01237898450319896,-0.009860412040508033,0.1093759840671143,-0.06132264529058118,0.05611222444889785,0.004838474398701252,0.10744841816233511,0.8181818181818156
copper,0.1,6.0,DVP,5,0.006449599759017751,0.01816328575390275,0.11089527170117253,-0.004583439950445273,0.10000000000000003,1.4,-1.6516544314397926e-06,0.011574318936309672,-0.01116553559161472,0.11089527170117253,-0.05851703406813624,0.05611222444889785,0.004833791481478063,0.10891590499515365,1.0
copper,0.1,6.0,DVP,6,0.006451974795622644,0.01828846754866073,0.11302056626244397,-0.004806636837401075,0.10000000000000003,1.4,-7.823800949228986e-06,0.010558714088988404,-0.008537244072206435,0.11302056626244397,-0.06132264529058118,0.05611222444889785,0.004877702552093896,0.11103203077589892,0.8181818181818156
copper,0.1,6.0,DVP,7,0.006182585899272157,0.01827595179423119,0.11184074788520176,-0.004258073125791894,0.10000000000000003,1.4,-4.162639559054719e-06,0.009656718921426093,-0.009217664411244426,0.11184074788520176,-0.06132264529058118,0.05611222444889785,0.004898307404559173,0.110291166726656,0.8181818181818156
copper,0.1,6.0,DVP,8,0.0064753322714709485,0.01823332985244994,0.11377525678741567,-0.004196916419283671,0.10000000000000003,1.4,1.4336923317615734e-06,0.009169903504233586,-0.009456919985190385,0.11377525678741567,-0.06132264529058118,0.05611222444889785,0.0048801958745867445,0.11179829471611212,0.8181818181818156
copper,0.1,6.0,DVP,9,0.006457632056619776,0.01810980383866551,0.11126661426371474,-0.004113488601943629,0.10000000000000003,1.4,2.5259812544810827e-05,0.011722686973325715,-0.008424307736878696,0.11126661426371474,-0.06132264529058118,0.05611222444889785,0.004838142824783062,0.10915073869586762,0.8181818181818156
copper,0.1,6.5,DVP,0,0.006416169558258693,0.01811643977567311,0.11358760995200828,-0.0067270716729098505,0.10000000000000003,1.4,7.997487125539955e-06,0.009231544288521926,-0.008691391882830073,0.11358760995200828,-0.05290581162324648,0.05611222444889785,0.004845115992385562,0.1116905116055549,1.0
copper,0.1,6.5,DVP,1,0.006397832099361372,0.0181570016337429,0.1106425357239276,-0.004724799743534266,0.10000000000000003,1.4,3.2806507562221347e-06,0.00960160812017602,-0.010311214128585607,0.1106425357239276,-0.05010020040080154,0.05611222444889785,0.004846713164794768,0.10865246261814633,0.8181818181818156
copper,0.1,6.5,DVP,2,0.006361192185124255,0.018240893509739207,0.11424116819470906,-0.004509905160473105,0.10000000000000003,1.4,-1.9674854924095746e-07,0.009442760658296176,-0.010250766786512763,0.11424116819470906,-0.05290581162324648,0.05891783567134268,0.005033510863719208,0.11250894540573347,0.9090909090909111
copper,0.1,6.5,DVP,3,0.006585867602818371,0.018195172219379555,0.10905592983700675,-0.005379489990894518,0.10000000000000003,1.4,-6.068563196218563e-06,0.009264055809754729,-0.009509357775302174,0.10905592983700675,-0.055711422845691416,0.05611222444889774,0.004848492519624274,0.10682061299449855,0.999999999999996
copper,0.1,6.5,DVP,4,0.006479557263399364,0.01818713730897265,0.11063561066898954,-0.005545655125560568,0.10000000000000003,1.4,3.2910468120327195e-06,0.012221580086943799,-0.009997365273419948,0.11063561066898954,-0.05010020040080154,0.05891783567134268,0.005005982610031525,0.10871498243642033,0.7499999999999992
copper,0.1,6.5,DVP,5,0.006474603798887564,0.018237986991920863,0.11407186202399958,-0.004617648219203636,0.10000000000000003,1.4,-1.6866215275145364e-06,0.011004873328462297,-0.010485212631566515,0.11407186202399958,-0.05290581162324648,0.05891783567134268,0.005004431690452111,0.11208908670088844,0.9090909090909111
copper,0.1,6.5,DVP,6,0.006476993444161234,0.018350655563703522,0.1123245717448045,-0.004842133921381858,0.10000000000000003,1.4,-7.896732447173434e-06,0.0113922762248782,-0.009157078301380829,0.1123245717448045,-0.05290581162324648,0.05611222444889774,0.004885901508192961,0.11030636097375998,0.8181818181818185
copper,0.1,6.5,DVP,7,0.006205947557282278,0.018373396247670006,0.1118015986388024,-0.004289958561771139,0.10000000000000003,1.4,-4.213051532887767e-06,0.009482570057474382,-0.010223304158323978,0.1118015986388024,-0.05290581162324648,0.05611222444889785,0.004940992319820138,0.11026969976389028,1.0
copper,0.1,6.5,DVP,8,0.006500494590059693,0.018317386971643226,0.11228721270518091,-0.0042262150732589295,0.10000000000000003,1.4,1.4177029680021853e-06,0.009326462845751712,-0.009943532115072665,0.11228721270518091,-0.05851703406813624,0.053306613226452915,0.004754190321699033,0.11031405482551467,0.7272727272727295
copper,0.1,6.5,DVP,9,0.006482685502538722,0.018213581274912134,0.11115211792090422,-0.004145201349677587,0.10000000000000003,1.4,2.5390375826902926e-05,0.010462793665759884,-0.008008093129961064,0.11115211792090422,-0.055711422845691416,0.05891783567134268,0.0050049616705189195,0.10903140152343896,0.9090909090909042
copper,0.1,7.0,DVP,0,0.00644085136264961,0.018207832296057016,0.11358574727286018,-0.006769156472368838,0.10000000000000003,1.4,8.018828425456096e-06,0.010380053507856153,-0.008901965695901778,0.11358574727286018,-0.05290581162324648,0.05611222444889774,0.004864470245160981,0.11167541871060974,0.8181818181818185
copper,0.1,7.0,DVP,1,0.0064224151861147945,0.0182467942506016,0.1134349610349238,-0.004755046899608899,0.10000000000000003,1.4,3.2765995006351904e-06,0.009439567605726805,-0.009277571169636276,0.1134349610349238,-0.05010020040080154,0.05611222444889774,0.00486923583568042,0.11143610874141051,0.999999999999996
copper,0.1,7.0,DVP,2,0.006385578025040381,0.01832320514165795,0.11424282387249618,-0.004537143456055448,0.10000000000000003,1.4,-2.1951999097740565e-07,0.01093332650607489,-0.010811405313942892,0.11424282387249618,-0.05290581162324648,0.053306613226452915,0.004750456396767574,0.11250760090434325,0.7272727272727295
copper,0.1,7.0,DVP,3,0.006611462957453109,0.01827186121736659,0.1125871707620631,-0.005413610902419958,0.10000000000000003,1.4,-6.122944888481617e-06,0.009676752095809489,-0.009560639688265912,0.1125871707620631,-0.047294589178356716,0.05611222444889774,0.004868549373597067,0.11033815131480998,0.8181818181818185
copper,0.1,7.0,DVP,4,0.0065045803083369075,0.018274374067405643,0.11342799869973513,-0.0055808089256890875,0.10000000000000003,1.4,3.2870515224372905e-06,0.011388785234700358,-0.009398940072777542,0.11342799869973513,-0.05010020040080154,0.05611222444889774,0.004875580749840408,0.11150889807887313,0.999999999999996
copper,0.1,7.0,DVP,5,0.006499600177408741,0.018315425975027316,0.11407260626115147,-0.004647772000840104,0.10000000000000003,1.4,-1.7174135320458736e-06,0.009913749365445926,-0.009027078962047401,0.11407260626115147,-0.05290581162324648,0.05611222444889785,0.00488114101369901,0.11208682931180501,0.6666666666666677
copper,0.1,7.0,DVP,6,0.0065020026870676656,0.018413038493761445,0.11231590964221497,-0.004873392632955968,0.10000000000000003,1.4,-7.960955881981514e-06,0.011324238396843381,-0.009370159084655487,0.11231590964221497,-0.05290581162324648,0.05611222444889774,0.004894885328104451,0.11029336917595406,0.8181818181818185
copper,0.1,7.0,DVP,7,0.006229497655289976,0.018463682655214,0.11285478757205776,-0.004318036858208972,0.10000000000000003,1.4,-4.257444287818964e-06,0.009668852716452778,-0.01078379484379905,0.11285478757205776,-0.05010020040080154,0.05611222444889774,0.004960024453685693,0.11132289467270642,0.999999999999996
copper,0.1,7.0,DVP,8,0.006525630348728999,0.018392289679853308,0.1116020192828092,-0.00425201545096373,0.10000000000000003,1.4,1.4036227435454615e-06,0.010272969118210594,-0.009769415518424425,0.1116020192828092,-0.047294589178356716,0.05611222444889774,0.0049124601925963265,0.10961613367377417,0.8181818181818185
copper,0.1,7.0,DVP,9,0.0065077253879981195,0.018312879675780436,0.11292338695758722,-0.004173127570057483,0.10000000000000003,1.4,2.5505349777419584e-05,0.010113051511746324,-0.008837048811624615,0.11292338695758722,-0.05010020040080154,0.05611222444889774,0.004884101353184442,0.11079840772836669,0.999999999999996
copper,0.1,7.5,DVP,0,0.0064655708310481196,0.018302222647016815,0.11184814293286162,-0.006805585152254366,0.10000000000000003,1.4,8.037301943053926e-06,0.011453486554824817,-0.0085546612606692,0.11184814293286162,-0.04168336673346695,0.05611222444889774,0.004875158469873882,0.10993530996966597,0.8181818181818185
copper,0.1,7.5,DVP,1,0.006447049202267158,0.0183362985898074,0.11278595630774878,-0.0047812295301059085,0.10000000000000003,1.4,3.2730926410871363e-06,0.009768586625354049,-0.009646096984583317,0.11278595630774878,-0.04448897795591178,0.05611222444889774,0.004906878759829316,0.1107823884691177,0.999999999999996
copper,0.1,7.5,DVP,2,0.006410041299816433,0.01840372143467777,0.11466440426714763,-0.004560721548053291,0.10000000000000003,1.4,-2.3923147206336876e-07,0.011468634586937945,-0.010727444375095117,0.11466440426714763,-0.04448897795591178,0.053306613226452804,0.004757569731392939,0.11292455758837484,0.900000000000002
copper,0.1,7.5,DVP,3,0.006636973215849043,0.018350595377770555,0.1132117693040369,-0.005443146744285122,0.10000000000000003,1.4,-6.1700189258162875e-06,0.009256084078746118,-0.009605030485701422,0.1132117693040369,-0.047294589178356716,0.05611222444889774,0.00489290336193928,0.11094410280965093,0.8181818181818185
copper,0.1,7.5,DVP,4,0.006529595162361778,0.01836238477313154,0.11384760418172077,-0.005611238859566497,0.10000000000000003,1.4,3.283593108332233e-06,0.010157308130459997,-0.009372290080325092,0.11384760418172077,-0.047294589178356716,0.05611222444889774,0.004898112583674721,0.1119168095817391,0.8181818181818185
copper,0.1,7.5,DVP,5,0.006524591948373355,0.018397383525697957,0.11365629335128181,-0.004673847835600044,0.10000000000000003,1.4,-1.744067795835717e-06,0.0093541427426256,-0.009070267810083757,0.11365629335128181,-0.04168336673346695,0.05611222444889774,0.004911119669950719,0.1116628154750748,0.8181818181818185
copper,0.1,7.5,DVP,6,0.006527005593738556,0.018478067727853553,0.11149357792620694,-0.004900450889042419,0.10000000000000003,1.4,-8.016549156889083e-06,0.010547056816975639,-0.008858412455629815,0.11149357792620694,-0.04448897795591178,0.05891783567134268,0.005069786582730936,0.10946430083768417,0.9090909090909111
copper,0.1,7.5,DVP,7,0.006253237492744345,0.018545526648214038,0.11379197525851766,-0.004342342074170541,0.10000000000000003,1.4,-4.29587167240481e-06,0.0107389893258455,-0.011021353365071741,0.11379197525851766,-0.04168336673346695,0.05611222444889774,0.0049682060528353925,0.11226324011802147,0.8181818181818185
copper,0.1,7.5,DVP,8,0.006550742770339513,0.01846003783619405,0.11269538407306885,-0.004274348848340372,0.10000000000000003,1.4,1.3914345790332176e-06,0.01029942268201861,-0.008821006205896258,0.11269538407306885,-0.04168336673346695,0.05611222444889774,0.004931379725939867,0.11071201023980307,0.8181818181818185
copper,0.1,7.5,DVP,9,0.006532754819564102,0.018407845398108295,0.11306773921076005,-0.004197301129111324,0.10000000000000003,1.4,2.560487386013767e-05,0.011185246996238303,-0.009127526362856228,0.11306773921076005,-0.047294589178356716,0.05891783567134268,0.0050497020568605255,0.11093906997681828,0.7499999999999992
copper,0.1,8.0,DVP,0,0.006490334600990199,0.01840010841757982,0.11309622952598364,-0.006836823929378806,0.10000000000000003,1.4,8.053144525020467e-06,0.011589238494899505,-0.008296212556303924,0.11309622952598364,-0.04168336673346695,0.05611222444889785,0.004913824045953079,0.11116574192252714,0.8181818181818156
copper,0.1,8.0,DVP,1,0.006471739689781751,0.018423755568760355,0.11592216937138887,-0.004803683319296367,0.10000000000000003,1.4,3.2700852165649125e-06,0.00989767211301442,-0.010017193397472531,0.11592216937138887,-0.038877755511022016,0.05611222444889785,0.0049345214757811106,0.11393016292297313,1.0
copper,0.1,8.0,DVP,2,0.00643458536236161,0.018483785000892355,0.11313721487903004,-0.004580941728271366,0.10000000000000003,1.4,-2.561357109627611e-07,0.01114263232292318,-0.00987252461630142,0.11313721487903004,-0.038877755511022016,0.05611222444889785,0.004947374149842399,0.11139569497121274,1.0
copper,0.1,8.0,DVP,3,0.006662415154163017,0.01843002142568385,0.11550973828295578,-0.005468476191869753,0.10000000000000003,1.4,-6.210388838639891e-06,0.008424116500584122,-0.00964309929653871,0.11550973828295578,-0.038877755511022016,0.05611222444889785,0.00491713413148121,0.11324515098513259,1.0
copper,0.1,8.0,DVP,4,0.006554612250112587,0.018450970735724298,0.11223716134090876,-0.005637335065615809,0.10000000000000003,1.4,3.280627229817583e-06,0.00951201683567924,-0.009742303152497134,0.11223716134090876,-0.03607214428857719,0.05611222444889785,0.0049146006916565635,0.11031056881353762,0.8181818181818221
copper,0.1,8.0,DVP,5,0.006549589240474943,0.018485614489176145,0.11491153404804612,-0.004696210038539575,0.10000000000000003,1.4,-1.7669260499073685e-06,0.009428442003395758,-0.009064223372155823,0.11491153404804612,-0.04168336673346695,0.05611222444889785,0.004930369939215934,0.1128824460822752,0.8181818181818156
copper,0.1,8.0,DVP,6,0.006552012435636956,0.01854792129578504,0.11208304406056943,-0.004923655600199602,0.10000000000000003,1.4,-8.064225026405844e-06,0.01001978815780604,-0.009042473554699813,0.11208304406056943,-0.04168336673346695,0.05891783567134268,0.005100436703896762,0.1100012573884186,0.7499999999999992
copper,0.1,8.0,DVP,7,0.006277161147454049,0.018618237282471195,0.11504775279249245,-0.004363185823827093,0.10000000000000003,1.4,-4.32882635939584e-06,0.01087191429578752,-0.01060650062991797,0.11504775279249245,-0.04168336673346695,0.05611222444889785,0.004994869872507655,0.11349575214012073,0.8181818181818156
copper,0.1,8.0,DVP,8,0.006575843530431802,0.018523184972715784,0.11554802183323556,-0.004293501599117615,0.10000000000000003,1.4,1.3809822115138925e-06,0.009584014812903646,-0.009386808308073986,0.11554802183323556,-0.038877755511022016,0.05611222444889785,0.0049552530650221775,0.11355541735461068,1.0
copper,0.1,8.0,DVP,9,0.006557784408772129,0.018499231856775985,0.11408637140602891,-0.004218031933940193,0.10000000000000003,1.4,2.5690224061026802e-05,0.01131993762328088,-0.008705180537240294,0.11408637140602891,-0.04168336673346695,0.05611222444889785,0.004942905053365713,0.11195659552483703,0.8181818181818156
copper,0.2,6.0,DVP,0,0.011206969634088485,0.035653892564355645,0.22047208336824875,-0.014192674696638582,0.10000000000000003,1.4,1.1783249867646582e-05,0.017854956295142513,-0.017315599559422454,0.22047208336824875,-0.06132264529058118,0.053306613226452915,0.009231775404183662,0.21809101171739256,0.8999999999999985
copper,0.2,6.0,DVP,1,0.011171120516787461,0.03573356082527752,0.21996696170167385,-0.010090384640990659,0.10000000000000003,1.4,2.561992918128312e-06,0.020406889140372315,-0.02091240688572714,0.21996696170167385,-0.06132264529058118,0.05891783567134268,0.0098590710888613,0.2175837411333356,0.9090909090909042
copper,0.2,6.0,DVP,2,0.01109949071296672,0.035908218946768676,0.21619455436523782,-0.009654245853365698,0.10000000000000003,1.4,-4.2362061290837655e-06,0.019279409604209083,-0.018283545995766527,0.21619455436523782,-0.064128256513026,0.05611222444889785,0.009619376238973876,0.2141005434669535,0.6666666666666677
copper,0.2,6.0,DVP,3,0.011538723621336068,0.035836377194054865,0.21692282533835575,-0.01143224573152204,0.10000000000000003,1.4,-1.5715406885746105e-05,0.01866017319711947,-0.01860632732285126,0.21692282533835575,-0.064128256513026,0.05611222444889785,0.009584569525594559,0.21407183336978441,0.6666666666666677
copper,0.2,6.0,DVP,4,0.011330890472289405,0.03579489664735344,0.21513618348473681,-0.011781636405664413,0.10000000000000003,1.4,2.58231685866489e-06,0.024497011089537293,-0.019517786753591372,0.21513618348473681,-0.06132264529058118,0.05611222444889785,0.009582903201654652,0.21288734651151617,0.8181818181818156
copper,0.2,6.0,DVP,5,0.011321206615255321,0.03591643837988848,0.21813003687670587,-0.00996134755424498,0.10000000000000003,1.4,-7.148857847123255e-06,0.022913639273063342,-0.02208593082451764,0.21813003687670587,-0.05851703406813624,0.05611222444889785,0.009569956091708827,0.21571272995010413,1.0
copper,0.2,6.0,DVP,6,0.011325878291642071,0.03616750259498228,0.22230504502835335,-0.010387160049537774,0.10000000000000003,1.4,-1.9289416474020494e-05,0.020902916297674656,-0.016910701171116926,0.22230504502835335,-0.06132264529058118,0.05611222444889785,0.009647991679837197,0.21972112403975216,0.8181818181818156
copper,0.2,6.0,DVP,7,0.010795992670788452,0.0361456336611778,0.21998435252101955,-0.009307496376185295,0.10000000000000003,1.4,-1.208794379805033e-05,0.01914233831917405,-0.018229857478461765,0.21998435252101955,-0.06132264529058118,0.05611222444889785,0.009691170978865578,0.21831107291428295,0.8181818181818156
copper,0.2,6.0,DVP,8,0.011371822243895211,0.03605694168835924,0.2237895147403369,-0.009220348737432106,0.10000000000000003,1.4,-1.0800075443973197e-06,0.018184776619063918,-0.018718599476718216,0.2237895147403369,-0.06132264529058118,0.05611222444889785,0.009657886568013944,0.22131729719095514,0.8181818181818156
copper,0.2,6.0,DVP,9,0.011337006074918995,0.03581450226187307,0.2188550366709751,-0.009099074167955263,0.10000000000000003,1.4,4.5785764106408906e-05,0.02318152949505149,-0.016693959427826435,0.2188550366709751,-0.06132264529058118,0.05611222444889785,0.009583251278178122,0.2162536226354268,0.8181818181818156
copper,0.2,6.5,DVP,0,0.011255872351072898,0.03583299926194087,0.22344315143525567,-0.014287893686770383,0.10000000000000003,1.4,1.1831535165125191e-05,0.018306997984350433,-0.01721807120708431,0.22344315143525567,-0.05290581162324648,0.05611222444889785,0.009584650383989318,0.22103481367271977,1.0
copper,0.2,6.5,DVP,1,0.011219799882311953,0.03591224521207537,0.2176239904582693,-0.01015881969109008,0.10000000000000003,1.4,2.5528268372453767e-06,0.019034967769130696,-0.020402557935528712,0.2176239904582693,-0.05010020040080154,0.05611222444889785,0.009596672462750139,0.21519101568732565,0.8181818181818156
copper,0.2,6.5,DVP,2,0.011147723801917008,0.03607924174807999,0.22472879626888792,-0.009720785919979514,0.10000000000000003,1.4,-4.2877271630687045e-06,0.018690567899833685,-0.02027947887257041,0.22472879626888792,-0.05290581162324648,0.05891783567134268,0.009953388375358755,0.22260001172376392,0.9090909090909111
copper,0.2,6.5,DVP,3,0.011589693271705885,0.03598600745843497,0.2145289946807422,-0.011509445263402666,0.10000000000000003,1.4,-1.583844700976071e-05,0.01836522791967468,-0.018781690827012962,0.2145289946807422,-0.055711422845691416,0.05611222444889774,0.009602946709362022,0.21167102761931303,0.999999999999996
copper,0.2,6.5,DVP,4,0.011380565255706993,0.03596855517869706,0.21761036786043172,-0.011861172877359284,0.10000000000000003,1.4,2.573277402428069e-06,0.024184885570174647,-0.01978965657674954,0.21761036786043172,-0.05010020040080154,0.05891783567134268,0.009918418920974031,0.21543654534925416,0.7499999999999992
copper,0.2,6.5,DVP,5,0.011370821065148149,0.036067632682349,0.22439574622154218,-0.010029503466172339,0.10000000000000003,1.4,-7.218525632337974e-06,0.02178388138584017,-0.02073618169929925,0.22439574622154218,-0.05290581162324648,0.05891783567134268,0.009907723466756113,0.22196992163354443,0.9090909090909111
copper,0.2,6.5,DVP,6,0.011375521847572085,0.036294005875106526,0.22095857020028967,-0.010457883772698446,0.10000000000000003,1.4,-1.9434723820198854e-05,0.022557067250494806,-0.01813414463250447,0.22095857020028967,-0.05290581162324648,0.05611222444889774,0.00966670750698809,0.21835253066065424,0.8181818181818185
copper,0.2,6.5,DVP,7,0.010842334869923108,0.036341719429546185,0.21992980546605306,-0.00936608575054386,0.10000000000000003,1.4,-1.2188383667513466e-05,0.018796851476835956,-0.020225455858641356,0.21992980546605306,-0.05290581162324648,0.05611222444889785,0.009775795657532753,0.21828517934891586,1.0
copper,0.2,6.5,DVP,8,0.0114217520453337,0.03622660397886282,0.22085706586965143,-0.00928519971530088,0.10000000000000003,1.4,-1.1118644523237727e-06,0.01847747538714553,-0.019684276223168873,0.22085706586965143,-0.05851703406813624,0.053306613226452915,0.009408969269613175,0.2183818005853204,0.7272727272727295
copper,0.2,6.5,DVP,9,0.011386718960495807,0.03602308958094331,0.21865250381016213,-0.0091622580507186,0.10000000000000003,1.4,4.604589593646657e-05,0.020681825182333975,-0.015859269765071758,0.21865250381016213,-0.055711422845691416,0.05891783567134268,0.009914171656720872,0.2160470777289012,0.9090909090909042
copper,0.2,7.0,DVP,0,0.011304841580086447,0.036017236871921425,0.22343980312453748,-0.014372198750970157,0.10000000000000003,1.4,1.1874286453097279e-05,0.020548472417779975,-0.017636030276750196,0.22343980312453748,-0.05290581162324648,0.05611222444889774,0.00962343920655089,0.22100612929756416,0.8181818181818185
copper,0.2,7.0,DVP,1,0.0112685713583224,0.0360933229658676,0.22316510067926928,-0.01021941135536384,0.10000000000000003,1.4,2.5447112868840077e-06,0.018716199011017655,-0.018351855961965133,0.22316510067926928,-0.05010020040080154,0.05611222444889774,0.00964219870617896,0.2207245062515345,0.999999999999996
copper,0.2,7.0,DVP,2,0.011196100149403138,0.036245559533901905,0.2247324959960642,-0.009778624610252721,0.10000000000000003,1.4,-4.333343337670995e-06,0.021648532800260537,-0.021392249738941965,0.2247324959960642,-0.05290581162324648,0.053306613226452915,0.009395839227248343,0.22259782537867645,0.7272727272727295
copper,0.2,7.0,DVP,3,0.011640492541518447,0.03614122552345235,0.22149142247964415,-0.011577796906471618,0.10000000000000003,1.4,-1.5947385424734678e-05,0.01918425210511311,-0.018825082987686526,0.22149142247964415,-0.047294589178356716,0.05611222444889774,0.009639356224038208,0.21853207510201503,0.8181818181818185
copper,0.2,7.0,DVP,4,0.011430218064115129,0.03614458940727188,0.22315140340094197,-0.011931593622042798,0.10000000000000003,1.4,2.565273964179264e-06,0.02253283090855493,-0.018602476948653995,0.22315140340094197,-0.05010020040080154,0.05611222444889774,0.009660736636543111,0.2209756222158776,0.999999999999996
copper,0.2,7.0,DVP,5,0.011420420454896238,0.03622432669698019,0.2243976201339265,-0.010089847984482399,0.10000000000000003,1.4,-7.280208747149689e-06,0.01961915691506745,-0.01784325317608179,0.2243976201339265,-0.05290581162324648,0.05611222444889785,0.009664883274128486,0.22196425409927303,0.6666666666666677
copper,0.2,7.0,DVP,6,0.011425147007495416,0.03642099205263184,0.22094160115837277,-0.010520501803717806,0.10000000000000003,1.4,-1.9563377396449045e-05,0.02242237872574268,-0.018557125711396838,0.22094160115837277,-0.05290581162324648,0.05611222444889774,0.009686315860452361,0.2183413429431044,0.8181818181818185
copper,0.2,7.0,DVP,7,0.010889037043711386,0.03652377433480135,0.22202370240072553,-0.009412484274521465,0.10000000000000003,1.4,-1.2277312057883175e-05,0.01914929887579017,-0.021337930565265374,0.22202370240072553,-0.05010020040080154,0.05611222444889774,0.009814555166148377,0.22039029214733336,0.999999999999996
copper,0.2,7.0,DVP,8,0.011471630643980674,0.03637829621983117,0.21955329487730524,-0.009342618080205138,0.10000000000000003,1.4,-1.1400702192089704e-06,0.020355782881306447,-0.01933902267340494,0.21955329487730524,-0.047294589178356716,0.05611222444889774,0.009723157611311949,0.2170655329747732,0.8181818181818185
copper,0.2,7.0,DVP,9,0.0114364055041498,0.03622292980809078,0.22215866069434634,-0.009218200373749381,0.10000000000000003,1.4,4.627621388744161e-05,0.020023188794461494,-0.017504270980486424,0.22215866069434634,-0.05010020040080154,0.05611222444889774,0.009675919215102883,0.21954968239055445,0.999999999999996
copper,0.2,7.5,DVP,0,0.011353885347660294,0.036207468527792656,0.22005267631238773,-0.014445308189838708,0.10000000000000003,1.4,1.1911361304269685e-05,0.022678765810955542,-0.01695367602523181,0.22005267631238773,-0.04168336673346695,0.05611222444889774,0.009645464618553787,0.2176121558722534,0.8181818181818185
copper,0.2,7.5,DVP,1,0.011317443630170461,0.03627390984887545,0.22190888313301527,-0.010271957770730459,0.10000000000000003,1.4,2.5376733042616824e-06,0.019363687641830093,-0.019095615911311654,0.22190888313301527,-0.04448897795591178,0.05611222444889774,0.009716034481559827,0.21943525348995302,0.999999999999996
copper,0.2,7.5,DVP,2,0.011244629757160177,0.036408410484119455,0.22560477136537896,-0.009826945405016224,0.10000000000000003,1.4,-4.3729026811355015e-06,0.022711036177790113,-0.021225983981866037,0.22560477136537896,-0.04448897795591178,0.053306613226452804,0.009410621774594723,0.22345727351473135,0.900000000000002
copper,0.2,7.5,DVP,3,0.011691123360465037,0.03630055891839356,0.22273100911127314,-0.011637072945028052,0.10000000000000003,1.4,-1.6041859198829103e-05,0.018349676043502038,-0.018914171716978574,0.22273100911127314,-0.047294589178356716,0.05611222444889774,0.009688470236571376,0.2197365594145993,0.8181818181818185
copper,0.2,7.5,DVP,4,0.011479854646678209,0.03632223122624177,0.22398202840643117,-0.01199266403073545,0.10000000000000003,1.4,2.558333207631016e-06,0.020089704700576107,-0.01855689472378843,0.22398202840643117,-0.047294589178356716,0.05611222444889774,0.00970492399033891,0.2217609546157592,0.8181818181818185
copper,0.2,7.5,DVP,5,0.01147001071162997,0.03639001973271596,0.22361025256588227,-0.01014218006946842,0.10000000000000003,1.4,-7.333701692274232e-06,0.018548621545281495,-0.01796706221333775,0.22361025256588227,-0.04168336673346695,0.05611222444889774,0.009722636702239277,0.22112543263471476,0.8181818181818185
copper,0.2,7.5,DVP,6,0.01147475961268827,0.03655327738340121,0.2193660998590883,-0.010574805528608148,0.10000000000000003,1.4,-1.9674948589237214e-05,0.020880581207066408,-0.01754187261264023,0.2193660998590883,-0.04448897795591178,0.05891783567134268,0.0100319181509375,0.21673725556932172,0.9090909090909111
copper,0.2,7.5,DVP,7,0.010936114771451965,0.03668924240813953,0.22387720974283706,-0.009444002425578866,0.10000000000000003,1.4,-1.2354432701362065e-05,0.021272976586171166,-0.02180694772536624,0.22387720974283706,-0.04168336673346695,0.05611222444889774,0.009831648167840063,0.22224784131263614,0.8181818181818185
copper,0.2,7.5,DVP,8,0.011521463036773061,0.036515945927993065,0.22171964214149079,-0.009392412541012475,0.10000000000000003,1.4,-1.1645308766318197e-06,0.020408480897153088,-0.017457385477636575,0.22171964214149079,-0.04168336673346695,0.05611222444889774,0.00976156225950831,0.2192380114008424,0.8181818181818185
copper,0.2,7.5,DVP,9,0.011486071342655299,0.03641429711988162,0.22244762669219428,-0.009266714746297013,0.10000000000000003,1.4,4.647595064766069e-05,0.022150998500142433,-0.018080800883448475,0.22244762669219428,-0.047294589178356716,0.05891783567134268,0.010004912110948548,0.2198355678233969,0.7499999999999992
copper,0.2,8.0,DVP,0,0.011403016830593688,0.03640467417740615,0.22252932708653722,-0.014508146217455959,0.10000000000000003,1.4,1.1943229237148033e-05,0.022948474334273272,-0.016444011252421092,0.22252932708653722,-0.04168336673346695,0.05611222444889785,0.009724296387421885,0.22008375559478188,0.8181818181818156
copper,0.2,8.0,DVP,1,0.011366427702821539,0.03645053263987457,0.22809956010047036,-0.010317124388665428,0.10000000000000003,1.4,2.5316237598746944e-06,0.01961998635237079,-0.019832209112015643,0.22809956010047036,-0.038877755511022016,0.05611222444889785,0.009773319345461917,0.2256807975225962,1.0
copper,0.2,8.0,DVP,2,0.011293319290631536,0.03657044295598391,0.2226196169795675,-0.009865440261931797,0.10000000000000003,1.4,-4.406906175751747e-06,0.022064493052374817,-0.019529952450245733,0.2226196169795675,-0.038877755511022016,0.05611222444889785,0.00978636123682879,0.22047545419882664,1.0
copper,0.2,8.0,DVP,3,0.011741619003874387,0.03646133538335616,0.2272880212002454,-0.011688024054965664,0.10000000000000003,1.4,-1.612306475451981e-05,0.01672047723516229,-0.018990748521888506,0.2272880212002454,-0.038877755511022016,0.05611222444889785,0.009741031361221867,0.2243672090364238,1.0
copper,0.2,8.0,DVP,4,0.011529495687645929,0.03650108659230374,0.22083238251958953,-0.01204515750335977,0.10000000000000003,1.4,2.5523672345573247e-06,0.018861134101868543,-0.01929130874502963,0.22083238251958953,-0.03607214428857719,0.05611222444889785,0.009740311532863399,0.21865265337222656,0.8181818181818221
copper,0.2,8.0,DVP,5,0.011519611932925495,0.03656817352836622,0.22610129408108387,-0.010187162458310983,0.10000000000000003,1.4,-7.379681906106161e-06,0.0186943225375166,-0.017955222871373577,0.22610129408108387,-0.04168336673346695,0.05611222444889785,0.00976528495584691,0.22361196461088356,0.8181818181818156
copper,0.2,8.0,DVP,6,0.011524380043749246,0.03669515950135734,0.2205356863514268,-0.010621482653535174,0.10000000000000003,1.4,-1.9770850343944004e-05,0.01986027357481688,-0.01789017213088964,0.2205356863514268,-0.04168336673346695,0.05891783567134268,0.010096528671169072,0.21785832418868117,0.7499999999999992
copper,0.2,8.0,DVP,7,0.010983556331878289,0.03683675938821906,0.22636933112571594,-0.009481287914360413,0.10000000000000003,1.4,-1.2420722259167489e-05,0.021536998555704463,-0.020984133884300288,0.22636933112571594,-0.04168336673346695,0.05611222444889785,0.00988515373027073,0.22469316834731104,0.8181818181818156
copper,0.2,8.0,DVP,8,0.01157127238771498,0.03664459217524037,0.22736335157945808,-0.0099543974187592,0.10000000000000003,1.4,-1.1855561960670696e-06,0.01898914560382655,-0.018589967542978245,0.22736335157945808,-0.038877755511022016,0.05611222444889785,0.009809646583617215,0.22486381780546208,1.0
copper,0.2,8.0,DVP,9,0.0115357375307613,0.03659867659509763,0.22447762505663305,-0.0093084155198316,0.10000000000000003,1.4,4.6647635697410364e-05,0.02241857215349126,-0.017242914416947863,0.22447762505663305,-0.04168336673346695,0.05611222444889785,0.009794032178987307,0.22186291826786517,0.8181818181818156
copper,0.5,6.0,DVP,0,0.02520880750966489,0.08691162347619837,0.5356175969287882,-0.036226906829374066,0.10000000000000003,1.4,2.2861550905431e-05,0.04359508290948555,-0.042249804858358164,0.5356175969287882,-0.06132264529058118,0.053306613226452915,0.022504671854526714,0.5317808128590745,0.8999999999999985
copper,0.5,6.0,DVP,1,0.025121713917555823,0.08710437770145188,0.534390429742921,-0.025791729069335863,0.10000000000000003,1.4,4.5898002061718623e-07,0.04977550496970544,-0.050990070386504355,0.534390429742921,-0.06132264529058118,0.05891783567134268,0.02404073772677098,0.5307052246574175,0.9090909090909042
copper,0.5,6.0,DVP,2,0.02494769298241169,0.08753161268344391,0.5251742901260879,-0.025205335470251816,0.10000000000000003,1.4,-1.6056895947051067e-05,0.04705571917666371,-0.0445649754350458,0.5251742901260879,-0.064128256513026,0.05611222444889785,0.023447821934771317,0.5220282999644894,0.6666666666666677
copper,0.5,6.0,DVP,3,0.02601478680905118,0.08735236125112505,0.5269435871089119,-0.029144462468468888,0.10000000000000003,1.4,-4.394502552200787e-05,0.04555131608061866,-0.04522684584040336,0.5269435871089119,-0.064128256513026,0.05611222444889785,0.023373353122605536,0.5221384096922087,0.6666666666666677
copper,0.5,6.0,DVP,4,0.025509866831306145,0.0872490629575107,0.5226543017913622,-0.030030027177384424,0.10000000000000003,1.4,5.083559919216371e-07,0.05973250377904421,-0.04759846091932604,0.5226543017913622,-0.06132264529058118,0.05611222444889785,0.02337483382835252,0.5194105629211168,0.8181818181818156
copper,0.5,6.0,DVP,5,0.025486340397238412,0.08754305892610766,0.529935738694795,-0.025598648125293354,0.10000000000000003,1.4,-2.3133033932726017e-05,0.05588489379070097,-0.05383908004018917,0.529935738694795,-0.05851703406813624,0.05611222444889785,0.023329069415253065,0.5260276847606985,1.0
copper,0.5,6.0,DVP,6,0.025497689995452412,0.0881600483383686,0.5400706832861514,-0.026613604466366018,0.10000000000000003,1.4,-5.262789853841423e-05,0.05098067348908539,-0.04125813796641045,0.5400706832861514,-0.06132264529058118,0.05611222444889785,0.023537761025549334,0.5360983835748544,0.8181818181818156
copper,0.5,6.0,DVP,7,0.024210360052581988,0.08811095121278976,0.5344326798467051,-0.025318949301469707,0.10000000000000003,1.4,-3.5132289969899094e-05,0.04672360087570279,-0.04443454193544755,0.5344326798467051,-0.06132264529058118,0.05611222444889785,0.02362561587708295,0.5323689340473549,0.8181818181818156
copper,0.5,6.0,DVP,8,0.025609308471405762,0.08788837849632128,0.5436771263265232,-0.02409938423975596,0.10000000000000003,1.4,-8.38907333815156e-06,0.0443972538298783,-0.04564871369054532,0.5436771263265232,-0.06132264529058118,0.05611222444889785,0.023534998901194305,0.5394985678699451,0.8181818181818156
copper,0.5,6.0,DVP,9,0.02552472437428133,0.0873002081089943,0.5316890649013167,-0.023751547763733324,0.10000000000000003,1.4,0.00010546891557013239,0.056500317750531055,-0.04073956203688986,0.5316890649013167,-0.06132264529058118,0.05611222444889785,0.023374887341122193,0.5275746414055347,0.8181818181818156
copper,0.5,6.5,DVP,0,0.025328238933255743,0.08735319739028341,0.5428692643634674,-0.03646788934033018,0.10000000000000003,1.4,2.2979767157149866e-05,0.04469562488452877,-0.04201103108837734,0.5428692643634674,-0.05290581162324648,0.05611222444889785,0.023368048754513565,0.5390152228380213,1.0
copper,0.5,6.5,DVP,1,0.02524059851273748,0.08754491888362531,0.5286931434550474,-0.02595927769244468,0.10000000000000003,1.4,4.3653882668210493e-07,0.04646427505609124,-0.04974508069725561,0.5286931434550474,-0.05010020040080154,0.05611222444889785,0.023407388059674652,0.5249597914449488,0.8181818181818156
copper,0.5,6.5,DVP,2,0.025065484964591316,0.08795350553124504,0.5459928225153465,-0.02536825210196782,0.10000000000000003,1.4,-1.6183034209429456e-05,0.0455803458790735,-0.04943988786126109,0.5459928225153465,-0.05290581162324648,0.05891783567134268,0.024259497050384167,0.542721459121451,0.9090909090909111
copper,0.5,6.5,DVP,3,0.026139278678163423,0.08772217576250999,0.5212122139956038,-0.029333469055772513,0.10000000000000003,1.4,-4.424626302144494e-05,0.04482863605467263,-0.045814472725363126,0.5212122139956038,-0.055711422845691416,0.05611222444889774,0.023418475385268398,0.5163840703166673,0.999999999999996
copper,0.5,6.5,DVP,4,0.025631188494878387,0.08767736457601939,0.5286600464632405,-0.030224755263358626,0.10000000000000003,1.4,4.862248114235884e-07,0.05897049689833821,-0.04826262667412329,0.5286600464632405,-0.05010020040080154,0.05891783567134268,0.024189507976468606,0.5255333685178153,0.7499999999999992
copper,0.5,6.5,DVP,5,0.025607514347044304,0.08791666959252266,0.5451836556574738,-0.025765513338127488,0.10000000000000003,1.4,-2.330360064482462e-05,0.05312592019883122,-0.050542845603937514,0.5451836556574738,-0.05290581162324648,0.05891783567134268,0.024155365202552573,0.5413062671973057,0.9090909090909111
copper,0.5,6.5,DVP,6,0.025618935205182096,0.08847356385057681,0.536832811863162,-0.026786756417295908,0.10000000000000003,1.4,-5.298365258176497e-05,0.05502084423267234,-0.04423669134915627,0.536832811863162,-0.05290581162324648,0.05611222444889774,0.023584229951428573,0.5328099899552169,0.8181818181818185
copper,0.5,6.5,DVP,7,0.024323522594371056,0.08859384465017031,0.5343333607022128,-0.025493197424692488,0.10000000000000003,1.4,-3.537819556665588e-05,0.045879915911595015,-0.049308635418025715,0.5343333607022128,-0.05290581162324648,0.05611222444889785,0.023832443399696285,0.5323347122599134,1.0
copper,0.5,6.5,DVP,8,0.025731254492207364,0.08830694870329275,0.5365447927632657,-0.02425815802648349,0.10000000000000003,1.4,-8.467068182194573e-06,0.04508580416135216,-0.048007362937479287,0.5365447927632657,-0.05851703406813624,0.053306613226452915,0.022929732028162907,0.5323487570628664,0.7272727272727295
copper,0.5,6.5,DVP,9,0.025646139322863328,0.08781353620621171,0.531230548934312,-0.02391177722965762,0.10000000000000003,1.4,0.00010610579287042845,0.05039562451514172,-0.03868807567331668,0.531230548934312,-0.055711422845691416,0.05891783567134268,0.024186612221725367,0.5271812551859916,0.9090909090909042
copper,0.5,7.0,DVP,0,0.025447828520018173,0.0878073903887819,0.5428615962932608,-0.03668194075097441,0.10000000000000003,1.4,2.3084772102700075e-05,0.05011510586355844,-0.043032002673370845,0.5428615962932608,-0.05290581162324648,0.05611222444889774,0.023462555951099587,0.5389329151865511,0.8181818181818185
copper,0.5,7.0,DVP,1,0.025359702382126047,0.08799141702055012,0.5422265836451353,-0.026108101849789747,0.10000000000000003,1.4,4.166055576689948e-07,0.045689788789478686,-0.04473708405042909,0.5422265836451353,-0.05010020040080154,0.05611222444889774,0.02352192350736263,0.5385267987077875,0.999999999999996
copper,0.5,7.0,DVP,2,0.02518361832639639,0.08836408197304979,0.5460024657092082,-0.025510344721932806,0.10000000000000003,1.4,-1.62950758380572e-05,0.05280505571720032,-0.05215808968240079,0.5460024657092082,-0.05290581162324648,0.053306613226452915,0.022907232606355517,0.5427822896054737,0.7272727272727295
copper,0.5,7.0,DVP,3,0.026263363178262264,0.08810572887729828,0.5381514774738412,-0.02950135313363721,0.10000000000000003,1.4,-4.4513835599378284e-05,0.04682913674754982,-0.04576323350446339,0.5381514774738412,-0.047294589178356716,0.05611222444889774,0.023513378456815375,0.5331620701185327,0.8181818181818185
copper,0.5,7.0,DVP,4,0.02575245707707027,0.0881115869495425,0.542193303224451,-0.030397721431440514,0.10000000000000003,1.4,4.665669101676373e-07,0.05493628679099359,-0.04536353032620247,0.542193303224451,-0.05010020040080154,0.05611222444889774,0.023562663300626546,0.539060269826732,0.999999999999996
copper,0.5,7.0,DVP,5,0.025728651723282963,0.0883038094553333,0.5451888143178417,-0.025913730459996148,0.10000000000000003,1.4,-2.3455105603374632e-05,0.047839495790120826,-0.04347797512150489,0.5451888143178417,-0.05290581162324648,0.05611222444889785,0.023565785438836074,0.5412980878158706,0.6666666666666677
copper,0.5,7.0,DVP,6,0.02574013587766226,0.08878839932220808,0.5367916887976625,-0.026940557700240692,0.10000000000000003,1.4,-5.329964918467006e-05,0.05469235598977301,-0.045269997902998516,0.5367916887976625,-0.05290581162324648,0.05611222444889774,0.02363327433952346,0.5327780849805591,0.8181818181818185
copper,0.5,7.0,DVP,7,0.024437543880813647,0.08904272619078549,0.5394533162871594,-0.025647972376741768,0.10000000000000003,1.4,-3.5596619881608306e-05,0.046715519246786574,-0.052026109816913635,0.5394533162871594,-0.05010020040080154,0.05611222444889774,0.023934808768799665,0.5376097685290102,0.999999999999996
copper,0.5,7.0,DVP,8,0.025853077656327855,0.08868191916636617,0.5334423885289935,-0.024399187982921053,0.10000000000000003,1.4,-8.536346680141027e-06,0.04967350290015435,-0.04716449578557902,0.5334423885289935,-0.047294589178356716,0.05611222444889774,0.023692111517412996,0.5291553993422378,0.8181818181818185
copper,0.5,7.0,DVP,9,0.025767490764960068,0.08830570885651928,0.5397812258673843,-0.024054100185260465,0.10000000000000003,1.4,0.00010667149568427497,0.04883881873958712,-0.04270588620994617,0.5397812258673843,-0.05010020040080154,0.05611222444889774,0.023606494966893096,0.5357193723060615,0.999999999999996
copper,0.5,7.5,DVP,0,0.025567599865194145,0.08827628839335289,0.5346781656774712,-0.03686777307543304,0.10000000000000003,1.4,2.3175933908420156e-05,0.05531842395570488,-0.04137542664834459,0.5346781656774712,-0.04168336673346695,0.05611222444889774,0.023517975669287376,0.5307376620584545,0.8181818181818185
copper,0.5,7.5,DVP,1,0.02547905204361237,0.08843683538534719,0.539204778055713,-0.026237306039623362,0.10000000000000003,1.4,3.993001556461401e-07,0.04726328905896815,-0.046571909405952475,0.539204778055713,-0.04448897795591178,0.05611222444889774,0.02370349302335098,0.5354340964685959,0.999999999999996
copper,0.5,7.5,DVP,2,0.025302125425436597,0.0887663320658161,0.5481852233894667,-0.02562922044472642,0.10000000000000003,1.4,-1.6392346658283806e-05,0.05540048080349863,-0.0517525068384769,0.5481852233894667,-0.04448897795591178,0.053306613226452804,0.02294044530830061,0.544855776185357,0.900000000000002
copper,0.5,7.5,DVP,3,0.026387036857886934,0.08849941587845168,0.541179260243083,-0.029647104513342095,0.10000000000000003,1.4,-4.474613322343558e-05,0.0447910434487154,-0.045982290066384414,0.541179260243083,-0.047294589178356716,0.05611222444889774,0.023631114773328018,0.5360468057825449,0.8181818181818185
copper,0.5,7.5,DVP,4,0.02587368607030598,0.08854984063959467,0.5442190465367429,-0.03054788491305747,0.10000000000000003,1.4,4.495005732843282e-07,0.04897005780445213,-0.04526289899478185,0.5442190465367429,-0.047294589178356716,0.05611222444889774,0.023677531961596436,0.541080495546455,0.8181818181818185
copper,0.5,7.5,DVP,5,0.025849766807868435,0.08871297430109981,0.5433225339744896,-0.026042407641793372,0.10000000000000003,1.4,-2.3586637175764717e-05,0.04528333683300402,-0.04383620286279932,0.5433225339744896,-0.04168336673346695,0.05611222444889774,0.02371098047160459,0.5393722004017545,0.8181818181818185
copper,0.5,7.5,DVP,6,0.025861305913942045,0.08911624641707973,0.533026202094697,-0.02707408286519156,0.10000000000000003,1.4,-5.357398693868019e-05,0.05092729058748416,-0.042790702915332046,0.533026202094697,-0.04448897795591178,0.05891783567134268,0.02447930296460225,0.5289770443521078,0.9090909090909111
copper,0.5,7.5,DVP,7,0.024552481012617203,0.08945134272703884,0.5439711992433964,-0.025782342848866775,0.10000000000000003,1.4,-3.578624861633021e-05,0.05190257031234888,-0.053168137480684025,0.5439711992433964,-0.04168336673346695,0.05611222444889774,0.023971971709865956,0.5420301568617047,0.8181818181818185
copper,0.5,7.5,DVP,8,0.025974788119172143,0.08902282171891396,0.5387286386789021,-0.024521625506431003,0.10000000000000003,1.4,-8.596491970796386e-06,0.04980251170731333,-0.042569319052389115,0.5387286386789021,-0.04168336673346695,0.05611222444889774,0.023796411387232732,0.5346229480374293,0.8181818181818185
copper,0.5,7.5,DVP,9,0.025888791694412775,0.08877737191273169,0.5404906841382107,-0.02417766024769545,0.10000000000000003,1.4,0.00010716262007599672,0.05403602979610983,-0.04411416833563209,0.5404906841382107,-0.047294589178356716,0.05891783567134268,0.024409738558398893,0.5364153743886797,0.7499999999999992
copper,0.5,8.0,DVP,0,0.02568758515974844,0.08876227369284674,0.5407271030703007,-0.03702772253723028,0.10000000000000003,1.4,2.3254398630872758e-05,0.055977637005683104,-0.04013530284574637,0.5407271030703007,-0.04168336673346695,0.05611222444889785,0.023711254438565237,0.5367764235871679,0.8181818181818156
copper,0.5,8.0,DVP,1,0.025598674386891073,0.08887271719664892,0.5542768962204148,-0.026348514574984692,0.10000000000000003,1.4,3.8440506272932604e-07,0.04788948467911465,-0.04837125480507176,0.5542768962204148,-0.038877755511022016,0.05611222444889785,0.02383664998116173,0.5505031170735094,1.0
copper,0.5,8.0,DVP,2,0.025421022558985627,0.08916670027733077,0.5409607553949761,-0.02572412602067386,0.10000000000000003,1.4,-1.647606952721492e-05,0.05382190348108802,-0.047610781075099196,0.5409607553949761,-0.038877755511022016,0.05611222444889785,0.023857547547201912,0.537661884225591,1.0
copper,0.5,8.0,DVP,3,0.026510380966881283,0.08889672980422983,0.5523048746059027,-0.029772555533813756,0.10000000000000003,1.4,-4.49460762637706e-05,0.04084374152493568,-0.04617083626944405,0.5523048746059027,-0.038877755511022016,0.05611222444889785,0.023755821039897967,0.5472688918942374,1.0
copper,0.5,8.0,DVP,4,0.025994925990627474,0.08899116360634664,0.5365938717929842,-0.03067713351464604,0.10000000000000003,1.4,4.348112483389538e-07,0.046045490460480495,-0.047056878852547196,0.5365938717929842,-0.03607214428857719,0.05611222444889785,0.023759226748684758,0.5334505717044735,0.8181818181818221
copper,0.5,8.0,DVP,5,0.025970908684820167,0.0891525882972867,0.5494069040233013,-0.026153162571184753,0.10000000000000003,1.4,-2.369984893413024e-05,0.04563665209057563,-0.043807513722945196,0.5494069040233013,-0.04168336673346695,0.05611222444889785,0.023818977294521683,0.5454946310530967,0.8181818181818156
copper,0.5,8.0,DVP,6,0.025982495088875752,0.08946756506070291,0.5358826000894582,-0.02718901054708013,0.10000000000000003,1.4,-5.3810114728785704e-05,0.048473377325817635,-0.04361655722165697,0.5358826000894582,-0.04168336673346695,0.05891783567134268,0.02462879655045907,0.5315612318400109,0.7499999999999992
copper,0.5,8.0,DVP,7,0.02466830540658876,0.08981637230970327,0.5500582281253965,-0.025897998102926846,0.10000000000000003,1.4,-3.594946572158037e-05,0.05254778201915522,-0.05115909827011955,0.5500582281253965,-0.04168336673346695,0.05611222444889785,0.02410168664431985,0.5479692181968392,0.8181818181818156
copper,0.5,8.0,DVP,8,0.026096442449661444,0.08934192149328422,0.5524879257646279,-0.02705185768207718,0.10000000000000003,1.4,-8.648260181187043e-06,0.0463363720574331,-0.04534992285677675,0.5524879257646279,-0.038877755511022016,0.05611222444889785,0.023905756210967376,0.5481762704520506,1.0
copper,0.5,8.0,DVP,9,0.026010093531622123,0.08923213749594519,0.545461424133005,-0.024284010773868357,0.10000000000000003,1.4,0.00010758534030166401,0.05468998640287215,-0.0420680175440975,0.545461424133005,-0.04168336673346695,0.05611222444889785,0.02390008889774252,0.5414450936988717,0.8181818181818156
copper,1.0,6.0,DVP,0,0.04716230640100072,0.1672805887838881,1.029734636708893,-0.07163480964863857,0.10000000000000003,1.4,4.023123277948837e-05,0.08395305920604809,-0.08134417612952904,1.029734636708893,-0.06132264529058118,0.053306613226452915,0.04331039573007977,1.0235241400637618,0.8999999999999985
copper,1.0,6.0,DVP,1,0.046994866533575354,0.16765064872187127,1.027375373461913,-0.05040988638291414,0.10000000000000003,1.4,-2.8383364977026123e-06,0.09582259398606732,-0.09814887612229084,1.027375373461913,-0.06132264529058118,0.05891783567134268,0.04628704195185288,1.0218329670826936,0.9090909090909042
copper,1.0,6.0,DVP,2,0.04666030641722047,0.16847388157972468,1.0096239992819884,-0.04958790807944362,0.10000000000000003,1.4,-3.459057010608621e-05,0.09060622924705553,-0.08577166109910095,1.0096239992819884,-0.064128256513026,0.05611222444889785,0.04513122819122584,1.0048601388115364,0.6666666666666677
copper,1.0,6.0,DVP,3,0.048711824152752624,0.16812623985487316,1.0130255222306477,-0.05691546895726209,0.10000000000000003,1.4,-8.820627943318394e-05,0.0877139722065988,-0.08696518968891095,1.0130255222306477,-0.064128256513026,0.05611222444889785,0.0449724701463365,1.004793997651356,0.6666666666666677
copper,1.0,6.0,DVP,4,0.047741101369517557,0.16792602689294492,1.0048123391363177,-0.05864170159724172,0.10000000000000003,1.4,-2.7434098114906824e-06,0.11497827626753038,-0.09162618461128036,1.0048123391363177,-0.06132264529058118,0.05611222444889785,0.044992706612604086,0.9998926343556315,0.8181818181818156
copper,1.0,6.0,DVP,5,0.04769587114182917,0.16849041128047973,1.0188162835206875,-0.05011639099594943,0.10000000000000003,1.4,-4.8194643350893195e-05,0.1075805644541575,-0.10362488189685937,1.0188162835206875,-0.05851703406813624,0.05611222444889785,0.04490664155212717,1.0126536013629113,1.0
copper,1.0,6.0,DVP,6,0.04771769106192046,0.1696811019498111,1.0382958198138097,-0.052055066700158435,0.10000000000000003,1.4,-0.00010489934572579717,0.09813962612253191,-0.0794325141763152,1.0382958198138097,-0.06132264529058118,0.05611222444889785,0.04530578812699093,1.0319727528756375,0.8181818181818156
copper,1.0,6.0,DVP,7,0.04524276323144343,0.16958930310138076,1.0274566004684587,-0.050921473688125815,0.10000000000000003,1.4,-7.126354878255079e-05,0.0899682964890256,-0.08552089904701785,1.0274566004684587,-0.06132264529058118,0.05611222444889785,0.04547647613616173,1.0248345859283863,0.8181818181818156
copper,1.0,6.0,DVP,8,0.04793228070466303,0.1691568437851517,1.0452293074554817,-0.04742824237302915,0.10000000000000003,1.4,-1.984896661971669e-05,0.0854958292097972,-0.08787247301345943,1.0452293074554817,-0.06132264529058118,0.05611222444889785,0.04531028917307893,1.0386845538237166,0.8181818181818156
copper,1.0,6.0,DVP,9,0.04776966541155312,0.1680266117623456,1.0221819239785188,-0.04729429091019951,0.10000000000000003,1.4,0.00019904620243300773,0.10874088699060387,-0.07844069205356952,1.0221819239785188,-0.06132264529058118,0.05611222444889785,0.0450031883979271,1.015773270569797,0.8181818181818156
copper,1.0,6.5,DVP,0,0.04739231987075231,0.16813368229727169,1.043697861176836,-0.07209930192190851,0.10000000000000003,1.4,4.045909386069489e-05,0.0860703855798699,-0.08088394349484918,1.043697861176836,-0.05290581162324648,0.05611222444889785,0.044972207573101844,1.0374550488279235,1.0
copper,1.0,6.5,DVP,1,0.04722382599500961,0.1685017525259901,1.0164188524746869,-0.05073283529950683,0.10000000000000003,1.4,-2.8815917577812017e-06,0.08947071981465882,-0.09575125836070397,1.0164188524746869,-0.05010020040080154,0.05611222444889785,0.04507268347072352,1.010850824200414,0.8181818181818156
copper,1.0,6.5,DVP,2,0.04688715987396956,0.16928911150905854,1.0497030858894232,-0.04990193364656676,0.10000000000000003,1.4,-3.4833700812982634e-05,0.08774086196998032,-0.09516052911513406,1.0497030858894232,-0.05290581162324648,0.05891783567134268,0.046695351335078794,1.0447300379255875,0.9090909090909111
copper,1.0,6.5,DVP,3,0.04895159159939932,0.1688412805579437,1.0020612121806334,-0.05727977796479684,0.10000000000000003,1.4,-8.878691281754224e-05,0.08632064634041026,-0.08819920483759125,1.0020612121806334,-0.055711422845691416,0.05611222444889774,0.04505964921082677,0.9937838436450717,0.999999999999996
copper,1.0,6.5,DVP,4,0.047974758264937245,0.16875358117367067,1.016355221556533,-0.05901703875745636,0.10000000000000003,1.4,-2.786067522620353e-06,0.11351089984496504,-0.09290543164161047,1.016355221556533,-0.05010020040080154,0.05891783567134268,0.04655272524032506,1.0115234038838727,0.7499999999999992
copper,1.0,6.5,DVP,5,0.04792924331989384,0.16921274788379215,1.0481474148965266,-0.050438022643538645,0.10000000000000003,1.4,-4.8523409615019735e-05,0.10226714154759506,-0.09727675073837039,1.0481474148965266,-0.05290581162324648,0.05891783567134268,0.0464929741824383,1.0419722891597407,0.9090909090909111
copper,1.0,6.5,DVP,6,0.04795120059303976,0.17028783488683769,1.0320924253345787,-0.0523888159958623,0.10000000000000003,1.4,-0.00010558505940545526,0.10592084024176551,-0.08516290657156103,1.0320924253345787,-0.05290581162324648,0.05611222444889774,0.045397357117674765,1.0257025659307204,0.8181818181818185
copper,1.0,6.5,DVP,7,0.04546069347097463,0.1705218788014405,1.0272870831095247,-0.05125733584902557,0.10000000000000003,1.4,-7.173753027271884e-05,0.0883434860747358,-0.09490818855434435,1.0272870831095247,-0.05290581162324648,0.05611222444889785,0.0458751116561114,1.0247909776582464,1.0
copper,1.0,6.5,DVP,8,0.04816714104471297,0.16996567489731934,1.0315119694976977,-0.04773427784772042,0.10000000000000003,1.4,-1.9999301190757433e-05,0.08680503569621933,-0.09241516556362045,1.0315119694976977,-0.05851703406813624,0.053306613226452915,0.04414774866493055,1.0249705376794007,0.7272727272727295
copper,1.0,6.5,DVP,9,0.048003502113242044,0.16901773842897033,1.0213220517832877,-0.047603132197381375,0.10000000000000003,1.4,0.00020027377942120832,0.09698392717275385,-0.07448138864056492,1.0213220517832877,-0.055711422845691416,0.05891783567134268,0.04656069262954142,1.0149461715657562,0.9090909090909042
copper,1.0,7.0,DVP,0,0.04762263520361483,0.16901113526715345,1.0436834201503942,-0.07251232530940654,0.10000000000000003,1.4,4.066170639281838e-05,0.09647266694521106,-0.08285037914708482,1.0436834201503942,-0.05290581162324648,0.05611222444889774,0.04515302964855537,1.0372700234521672,0.8181818181818185
copper,1.0,7.0,DVP,1,0.04745320411080583,0.16936440047021542,1.0424834766903819,-0.05101999929166741,0.10000000000000003,1.4,-2.9200540424582645e-06,0.08798171350385592,-0.0861065157446873,1.0424834766903819,-0.05010020040080154,0.05611222444889774,0.045288633073736886,1.0368926656003377,0.999999999999996
copper,1.0,7.0,DVP,2,0.047114665344645056,0.17008265933138858,1.0497220478520384,-0.050176128106912694,0.10000000000000003,1.4,-3.5049890992983626e-05,0.10165540646351318,-0.1003958881122684,1.0497220478520384,-0.05290581162324648,0.053306613226452915,0.04409326936812818,1.0448281655503804,0.7272727272727295
copper,1.0,7.0,DVP,3,0.04919058010253962,0.16958283907404734,1.0346431686375819,-0.05760371907005734,0.10000000000000003,1.4,-8.93032080954246e-05,0.09017358550791355,-0.0879995929566938,1.0346431686375819,-0.047294589178356716,0.05611222444889774,0.045254181439358554,1.0262517381398557,0.8181818181818185
copper,1.0,7.0,DVP,4,0.04820831330725917,0.16959261428014633,1.0424194918366194,-0.059350786021483845,0.10000000000000003,1.4,-2.8239984708135905e-06,0.10574170527333568,-0.08732221895519815,1.0424194918366194,-0.05010020040080154,0.05611222444889774,0.04535018665130533,1.037619403306593,0.999999999999996
copper,1.0,7.0,DVP,5,0.048162545193469554,0.16996120264345846,1.048157723717313,-0.050724015329011524,0.10000000000000003,1.4,-4.8815746353258025e-05,0.09208619995224152,-0.08367068730753863,1.048157723717313,-0.05290581162324648,0.05611222444889785,0.04535967909515536,1.041957976487376,0.6666666666666677
copper,1.0,7.0,DVP,6,0.0481846246000226,0.17089720010926335,1.032013431145684,-0.052685583612072866,0.10000000000000003,1.4,-0.00010619479137113988,0.1052884931815242,-0.08715314319106543,1.032013431145684,-0.05290581162324648,0.05611222444889774,0.04549198418715138,1.0256280181032607,0.8181818181818185
copper,1.0,7.0,DVP,7,0.04568026447725791,0.17138911527938075,1.0371515997881111,-0.05155598221067692,0.10000000000000003,1.4,-7.215899140769605e-05,0.08993663019884263,-0.10014214395221405,1.0371515997881111,-0.05010020040080154,0.05611222444889774,0.04606494939825278,1.0348177846464208,0.999999999999996
copper,1.0,7.0,DVP,8,0.04840176618185984,0.17069072254685452,1.025589485982875,-0.04800640252174724,0.10000000000000003,1.4,-2.013297767444197e-05,0.09564079231242212,-0.09079208943059264,1.025589485982875,-0.047294589178356716,0.05611222444889774,0.04562087572107716,1.0189595304089325,0.8181818181818185
copper,1.0,7.0,DVP,9,0.048237217038082335,0.1699682551619875,1.037782037928814,-0.047877751780895914,0.10000000000000003,1.4,0.0002013653325756063,0.0940188805054013,-0.08221952984132136,1.037782037928814,-0.05010020040080154,0.05611222444889774,0.045444696918190156,1.031378686631819,0.999999999999996
copper,1.0,7.5,DVP,0,0.04785330040503116,0.16991695080806068,1.0279798588795153,-0.07287102760949406,0.10000000000000003,1.4,4.083767120134746e-05,0.10649418425673157,-0.07966631960063253,1.0279798588795153,-0.04168336673346695,0.05611222444889774,0.04526846866939839,1.0216833559524046,0.8181818181818185
copper,1.0,7.5,DVP,1,0.04768305535851511,0.17022504535713245,1.0366934034283377,-0.05126939530072706,0.10000000000000003,1.4,-2.9534577440352567e-06,0.09100710856485122,-0.08965202389754984,1.0366934034283377,-0.04448897795591178,0.05611222444889774,0.04563151252485727,1.0308367841645862,0.999999999999996
copper,1.0,7.5,DVP,2,0.04734289023866011,0.1708602617841736,1.0539595123655054,-0.05040562698846958,0.10000000000000003,1.4,-3.523764770887443e-05,0.10665430138948606,-0.09961507971242223,1.0539595123655054,-0.04448897795591178,0.053306613226452804,0.04415331167281954,1.0487663677141115,0.900000000000002
copper,1.0,7.5,DVP,3,0.0494287777735978,0.1703439676998741,1.0404746663386366,-0.05788505524390856,0.10000000000000003,1.4,-8.97515999039916e-05,0.08624849604701287,-0.08842242624384788,1.0404746663386366,-0.047294589178356716,0.05611222444889774,0.045494393557003646,1.032036174836302,0.8181818181818185
copper,1.0,7.5,DVP,4,0.04844179212957419,0.17043947878206628,1.0463190626176015,-0.05964063864213026,0.10000000000000003,1.4,-2.8569407176048945e-06,0.09425159909077624,-0.08713527606164809,1.0463190626176015,-0.047294589178356716,0.05611222444889774,0.045569230354354194,1.0414573738197905,0.8181818181818185
copper,1.0,7.5,DVP,5,0.048395804143946015,0.17075210521850304,1.044599814701565,-0.05097239408235225,0.10000000000000003,1.4,-4.906963478568166e-05,0.08720072993844552,-0.08439646042430088,1.044599814701565,-0.04168336673346695,0.05611222444889774,0.04564353968332281,1.038355581028758,0.8181818181818185
copper,1.0,7.5,DVP,6,0.0484179896208461,0.17153166895532723,1.0248142636246018,-0.05294332017069888,0.10000000000000003,1.4,-0.0001067243310174364,0.09803756331974411,-0.08237837511831808,1.0248142636246018,-0.04448897795591178,0.05891783567134268,0.04711524943569972,1.0182644912220493,0.9090909090909111
copper,1.0,7.5,DVP,7,0.04590159845246887,0.1721789627711611,1.0458469605590879,-0.05181535042100039,0.10000000000000003,1.4,-7.252502171757644e-05,0.09992674812993613,-0.10233938561556499,1.0458469605590879,-0.04168336673346695,0.05611222444889774,0.04614536055640081,1.0434663976252732,0.8181818181818185
copper,1.0,7.5,DVP,8,0.04863617435947687,0.1713503053519796,1.0357674357190405,-0.048440480055916106,0.10000000000000003,1.4,-2.0249072945597413e-05,0.09588944890349049,-0.0819423507066308,1.0357674357190405,-0.04168336673346695,0.05611222444889774,0.04580935650353964,1.0292523878806532,0.8181818181818185
copper,1.0,7.5,DVP,9,0.04847083471506954,0.17087939057202847,1.0391507865535694,-0.04811625322957285,0.10000000000000003,1.4,0.00020231332399449917,0.10402860972929318,-0.08493191730387056,1.0391507865535694,-0.047294589178356716,0.05891783567134268,0.04699145585009924,1.0327196687165616,0.7499999999999992
copper,1.0,8.0,DVP,0,0.04808437747829973,0.17085570987410967,1.0396297888720039,-0.07317990736225471,0.10000000000000003,1.4,4.0989195087700494e-05,0.1077641019349306,-0.07728090818342925,1.0396297888720039,-0.04168336673346695,0.05611222444889785,0.04563377879873543,1.0331830139396967,0.8181818181818156
copper,1.0,8.0,DVP,1,0.047913431533518624,0.17106741687706667,1.065690744210945,-0.05148415103995441,0.10000000000000003,1.4,-2.9822217834123004e-06,0.09221326600623156,-0.09311765978060416,1.065690744210945,-0.038877755511022016,0.05611222444889785,0.045901751660502324,1.06006310857444,1.0
copper,1.0,8.0,DVP,2,0.04757186595504697,0.1716343150704218,1.0400882193302468,-0.05058897900042993,0.10000000000000003,1.4,-3.539932564617579e-05,0.10361438649894694,-0.09163874694369667,1.0400882193302468,-0.038877755511022016,0.05611222444889785,0.04592419901533439,1.0350576694188653,1.0
copper,1.0,8.0,DVP,3,0.04966634108171926,0.17111214720129353,1.0618992003160075,-0.05812731476608177,0.10000000000000003,1.4,-9.013771159308951e-05,0.07866663738667909,-0.08878652940450028,1.0618992003160075,-0.038877755511022016,0.05611222444889785,0.04572662983420462,1.053493423901612,1.0
copper,1.0,8.0,DVP,4,0.048675292021228174,0.171292322086927,1.031676700653739,-0.05989023170518132,0.10000000000000003,1.4,-2.885307396719605e-06,0.08866787635608198,-0.09059055050260562,1.031676700653739,-0.03607214428857719,0.05611222444889785,0.04572718119901262,1.0268030560717685,0.8181818181818221
copper,1.0,8.0,DVP,5,0.04862911470322293,0.17160166015245892,1.056318168994432,-0.05118627385927079,0.10000000000000003,1.4,-4.928825896572389e-05,0.08787956385895213,-0.08434135246553276,1.056318168994432,-0.04168336673346695,0.05611222444889785,0.04584837885522979,1.0500786253087995,0.8181818181818156
copper,1.0,8.0,DVP,6,0.048651391517654345,0.17221136293749345,1.0303154154564949,-0.05316525798510741,0.10000000000000003,1.4,-0.00010718031938156208,0.09333589802183112,-0.08395298816644034,1.0303154154564949,-0.04168336673346695,0.05891783567134268,0.047416865734084684,1.0234657722814544,0.7499999999999992
copper,1.0,8.0,DVP,7,0.04612464037557926,0.17288502990103538,1.0575704493471179,-0.052038693256156864,0.10000000000000003,1.4,-7.284021164412897e-05,0.10116962769641752,-0.0984704621836881,1.0575704493471179,-0.04168336673346695,0.05611222444889785,0.04640098609399585,1.0549977355510458,0.8181818181818156
copper,1.0,8.0,DVP,8,0.04887047452209602,0.17196801783174331,1.062251147017919,-0.053858986736909094,0.10000000000000003,1.4,-2.034904297267165e-05,0.08921412217605085,-0.08730688983026327,1.062251147017919,-0.038877755511022016,0.05611222444889785,0.04603447823903164,1.0555868268230986,1.0
copper,1.0,8.0,DVP,9,0.048704454174947114,0.1717580916399131,1.0487323189811437,-0.0483216276263426,0.10000000000000003,1.4,0.0002031296425824075,0.10528837664572857,-0.08099132738543097,1.0487323189811437,-0.04168336673346695,0.05611222444889785,0.046007100200626955,1.0423420836663635,0.8181818181818156
copper,2.0,6.0,DVP,0,0.08652720096477537,0.31139112486038406,1.915737604590461,-0.13512484229007843,0.10000000000000003,1.4,7.13768692433148e-05,0.15631908566884994,-0.15144442806404224,1.915737604590461,-0.06132264529058118,0.053306613226452915,0.08062149376121482,1.9053511386056696,0.8999999999999985
copper,2.0,6.0,DVP,1,0.08621569191402417,0.31207911163111596,1.9113483759925203,-0.09455278915208899,0.10000000000000003,1.4,-8.750766116759261e-06,0.1783897880843714,-0.18270949330370112,1.9113483759925203,-0.06132264529058118,0.05891783567134268,0.08618940002000341,1.9026868425126056,0.9090909090909042
copper,2.0,6.0,DVP,2,0.08559326843825694,0.3136124034333122,1.878292443285673,-0.09330838310282205,0.10000000000000003,1.4,-6.782336514987317e-05,0.1686967990284478,-0.15965951125533792,1.878292443285673,-0.064128256513026,0.05611222444889785,0.08401257269066452,1.8706410108191658,0.6666666666666677
copper,2.0,6.0,DVP,3,0.08940996007938973,0.3129628266603641,1.884620716242037,-0.10671175645440856,0.10000000000000003,1.4,-0.00016757128644632715,0.16331597629456324,-0.1618063579689936,1.884620716242037,-0.064128256513026,0.05611222444889785,0.08372341296181326,1.8706284077739075,0.6666666666666677
copper,2.0,6.0,DVP,4,0.08760400467941391,0.3125888390077009,1.8693715785134801,-0.10994539366043414,0.10000000000000003,1.4,-8.574162286574649e-06,0.2140396614192987,-0.1705724477830607,1.8693715785134801,-0.06132264529058118,0.05611222444889785,0.08375339308356415,1.8614039975627215,0.8181818181818156
copper,2.0,6.0,DVP,5,0.08751985730454366,0.31363805685042967,1.8954296742429788,-0.09407924028126383,0.10000000000000003,1.4,-9.313270161795143e-05,0.2002762497817348,-0.19289597488123367,1.8954296742429788,-0.05851703406813624,0.05611222444889785,0.08359831010647709,1.885239350642727,1.0
copper,2.0,6.0,DVP,6,0.08756045159489768,0.315857441501266,1.9316650301392668,-0.09767424036075177,0.10000000000000003,1.4,-0.0001986274579238631,0.18270050670664273,-0.14788311979407542,1.9316650301392668,-0.06132264529058118,0.05611222444889785,0.0843226909952469,1.9208519596247335,0.8181818181818156
copper,2.0,6.0,DVP,7,0.08295603789698815,0.31568907028542265,1.9114994926178106,-0.09682944845040577,0.10000000000000003,1.4,-0.00013605063355006446,0.1675105093129149,-0.15919298766086815,1.9114994926178106,-0.06132264529058118,0.05611222444889785,0.08466219106540897,1.9079630931664926,0.8181818181818156
copper,2.0,6.0,DVP,8,0.087959679191883,0.3148802714724966,1.9445642529280978,-0.08925929833613974,0.10000000000000003,1.4,-4.039774077976532e-05,0.15918982644275514,-0.1635840414545467,1.9445642529280978,-0.06132264529058118,0.05611222444889785,0.08436826231535306,1.9340016633257828,0.8181818181818156
copper,2.0,6.0,DVP,9,0.08765714589217845,0.31277807045927214,1.901686360944537,-0.08950886482800095,0.10000000000000003,1.4,0.00036683995818712897,0.20241363183487251,-0.14604271829037452,1.901686360944537,-0.06132264529058118,0.05611222444889785,0.08378008042212585,1.8910767837759204,0.8181818181818156
copper,2.0,6.5,DVP,0,0.08695549948281514,0.3129821144533841,1.9417353451180497,-0.13599011068887662,0.10000000000000003,1.4,7.180133484636217e-05,0.16025961165427505,-0.15058709677541937,1.9417353451180497,-0.05290581162324648,0.05611222444889785,0.08371526681068976,1.9312906200640116,1.0
copper,2.0,6.5,DVP,1,0.08664202699770449,0.313666395591514,1.890961503130593,-0.09515438687079071,0.10000000000000003,1.4,-8.831343150612347e-06,0.16658572420933204,-0.1782450941710252,1.890961503130593,-0.05010020040080154,0.05611222444889785,0.08392924115658841,1.8822541550356509,0.8181818181818156
copper,2.0,6.5,DVP,2,0.08601568040113058,0.31513292655249847,1.952907696077424,-0.09389336262308906,0.10000000000000003,1.4,-6.827627541245826e-05,0.16333902875367545,-0.1771423686048375,1.952907696077424,-0.05290581162324648,0.05891783567134268,0.08692297248303048,1.9448462400467657,0.9090909090909111
copper,2.0,6.5,DVP,3,0.08985642856161542,0.31429689324379395,1.8642732089262049,-0.10739040083615084,0.10000000000000003,1.4,-0.00016865290555537186,0.16072011305966372,-0.16419941414227612,1.8642732089262049,-0.055711422845691416,0.05611222444889774,0.08388642447598543,1.850201523943938,0.999999999999996
copper,2.0,6.5,DVP,4,0.08803909026642212,0.31413229366408285,1.890843121723817,-0.11064458157445924,0.10000000000000003,1.4,-8.65362619056101e-06,0.21130748443891667,-0.1729545991695186,1.890843121723817,-0.05010020040080154,0.05891783567134268,0.08666368461881405,1.8831472575915853,0.7499999999999992
copper,2.0,6.5,DVP,5,0.08795441251258955,0.314985694741378,1.950013465945864,-0.09467838415668973,0.10000000000000003,1.4,-9.374513604433554e-05,0.19038243500055085,-0.1810754771863191,1.950013465945864,-0.05290581162324648,0.05891783567134268,0.0865612846973493,1.9399671965340946,0.9090909090909111
copper,2.0,6.5,DVP,6,0.08799526266781908,0.3169899438068007,1.920144146041948,-0.0982959573091538,0.10000000000000003,1.4,-0.0001999048233651759,0.1971897986028981,-0.15854784421173496,1.920144146041948,-0.05290581162324648,0.05611222444889774,0.0845029433693303,1.9093743708054558,0.8181818181818185
copper,2.0,6.5,DVP,7,0.08336182745660865,0.3174279714043598,1.9112041025984985,-0.09745510129955391,0.10000000000000003,1.4,-0.0001369335787111765,0.16448506016036757,-0.17667290452291584,1.9112041025984985,-0.05290581162324648,0.05611222444889785,0.08539701958858313,1.9077647414431138,1.0
copper,2.0,6.5,DVP,8,0.08839700658713684,0.3163888799593,1.9190393208835768,-0.08982938925131773,0.10000000000000003,1.4,-4.0677787964732204e-05,0.16161193362080883,-0.17204294958290783,1.9190393208835768,-0.05851703406813624,0.053306613226452915,0.08220374596198371,1.9084780411064162,0.7272727272727295
copper,2.0,6.5,DVP,9,0.08809256642702458,0.3146259376268096,1.9001068155124863,-0.09008418248433435,0.10000000000000003,1.4,0.00036912672082260636,0.18052157331743773,-0.13866250154735488,1.9001068155124863,-0.055711422845691416,0.05891783567134268,0.08669143068696215,1.8897576613245048,0.9090909090909042
copper,2.0,7.0,DVP,0,0.08738435753282264,0.3146185150843153,1.9417087594804279,-0.13675991141418145,0.10000000000000003,1.4,7.217896787854738e-05,0.17959656957438153,-0.15424884730684774,1.9417087594804279,-0.05290581162324648,0.05611222444889774,0.08405787426838249,1.9310464084603847,0.8181818181818185
copper,2.0,7.0,DVP,1,0.08706913824499028,0.3152752420337964,1.9394958366335833,-0.09568960849779289,0.10000000000000003,1.4,-8.903029877168872e-06,0.16381550954342872,-0.16028618636887448,1.9394958366335833,-0.05010020040080154,0.05611222444889774,0.08433086327351255,1.9307328572114555,0.999999999999996
copper,2.0,7.0,DVP,2,0.08643930137736684,0.3166131808966467,1.952943367556425,-0.09440442934894563,0.10000000000000003,1.4,-6.867921471905827e-05,0.1892491388362122,-0.18689125081410002,1.952943367556425,-0.05290581162324648,0.053306613226452915,0.08208082377052645,1.945025823665008,0.7272727272727295
copper,2.0,7.0,DVP,3,0.09030145182883006,0.31568039192887204,1.924904132103601,-0.10799416833536242,0.10000000000000003,1.4,-0.000169615186364197,0.16789466604373826,-0.16373375473310695,1.924904132103601,-0.047294589178356716,0.05611222444889774,0.08425466711832072,1.9107150744801,0.8181818181818185
copper,2.0,7.0,DVP,4,0.08847398654759794,0.31569719326082707,1.939376795554991,-0.11126662597604432,0.10000000000000003,1.4,-8.72432260222844e-06,0.19684107634512155,-0.16255848822098395,1.939376795554991,-0.05010020040080154,0.05611222444889774,0.08442411652490318,1.9317059570554833,0.999999999999996
copper,2.0,7.0,DVP,5,0.0883888369331145,0.31638202392790865,1.9500330095370562,-0.09521142268034949,0.10000000000000003,1.4,-9.428999873235958e-05,0.17142511776018218,-0.15574037812387487,1.9500330095370562,-0.05290581162324648,0.05611222444889785,0.08445473782416446,1.939984380648744,0.6666666666666677
copper,2.0,7.0,DVP,6,0.08842991472287566,0.3181274314961273,1.9199972450111031,-0.09884907835053058,0.10000000000000003,1.4,-0.00020104125322274095,0.19601260124949194,-0.16225395543173704,1.9199972450111031,-0.05290581162324648,0.05611222444889774,0.08467313966524526,1.909113486605603,0.8181818181818185
copper,2.0,7.0,DVP,7,0.08377066002950284,0.3190453605014721,1.929576108134646,-0.09801172398187104,0.10000000000000003,1.4,-0.0001377191058682669,0.16743655328528817,-0.1864191706775803,1.929576108134646,-0.05010020040080154,0.05611222444889774,0.08575139661137475,1.9264490162166048,0.999999999999996
copper,2.0,7.0,DVP,8,0.08883389733108966,0.3177416518060221,1.908060143486387,-0.09033658031550457,0.10000000000000003,1.4,-4.09269366987054e-05,0.17806489746545384,-0.16902087803544463,1.908060143486387,-0.047294589178356716,0.05611222444889774,0.08494324430287042,1.8972615464477993,0.8181818181818185
copper,2.0,7.0,DVP,9,0.08852776070023263,0.3163983111585673,1.930749011280344,-0.09059602360755262,0.10000000000000003,1.4,0.00037116117803592406,0.17503140505099934,-0.1530715804906836,1.930749011280344,-0.05010020040080154,0.05611222444889774,0.08460684310485446,1.9202182369929839,0.999999999999996
copper,2.0,7.5,DVP,0,0.08781386689025622,0.31630776758675505,1.9125208260004232,-0.13742858746367245,0.10000000000000003,1.4,7.250699324383775e-05,0.19825761652064178,-0.14832585179094193,1.9125208260004232,-0.04168336673346695,0.05611222444889774,0.08426820042827995,1.9019792380034957,0.8181818181818185
copper,2.0,7.5,DVP,1,0.08749713026799591,0.3168804298912728,1.9287419730620103,-0.09615452087236127,0.10000000000000003,1.4,-8.965299495187539e-06,0.16944430216160733,-0.16689912574455207,1.9287419730620103,-0.04448897795591178,0.05611222444889774,0.084958744567639,1.9192880626761273,0.999999999999996
copper,2.0,7.5,DVP,2,0.0868642616278885,0.31806382825437834,1.9608651339777134,-0.09483228699794008,0.10000000000000003,1.4,-6.902922200648479e-05,0.19855770381953258,-0.1854376241760486,1.9608651339777134,-0.04448897795591178,0.053306613226452804,0.08219602414259575,1.9524399040456744,0.900000000000002
copper,2.0,7.5,DVP,3,0.09074500286383799,0.3171003807502138,1.9357629807168713,-0.10851862207113121,0.10000000000000003,1.4,-0.00017045105740016113,0.1605859972577533,-0.16452198076895486,1.9357629807168713,-0.047294589178356716,0.05611222444889774,0.08469881839087702,1.9214196665043277,0.8181818181818185
copper,2.0,7.5,DVP,4,0.08890874092550345,0.31727673815759266,1.9466363328315561,-0.11180695567357116,0.10000000000000003,1.4,-8.785731997819956e-06,0.1754460869145299,-0.16221677976775306,1.9466363328315561,-0.047294589178356716,0.05611222444889774,0.08483400426648283,1.9388754626783038,0.8181818181818185
copper,2.0,7.5,DVP,5,0.0888231814362231,0.31785742097440756,1.9434418353156322,-0.09567443873438888,0.10000000000000003,1.4,-9.476328567242978e-05,0.16236295205854728,-0.15712519812078635,1.9434418353156322,-0.04168336673346695,0.05611222444889774,0.08498445237852371,1.933326151693173,0.8181818181818185
copper,2.0,7.5,DVP,6,0.08886445695736375,0.3193117048792536,1.9066411325747765,-0.09932953878747067,0.10000000000000003,1.4,-0.00020202839626210279,0.18251115580517585,-0.15336316665470673,1.9066411325747765,-0.04448897795591178,0.05891783567134268,0.0877041026816475,1.8956119050912026,0.9090909090909111
copper,2.0,7.5,DVP,7,0.08418277455151324,0.32051879384038906,1.945762118780329,-0.09849522606758483,0.10000000000000003,1.4,-0.00013840144245084573,0.18603906697526518,-0.19050852020224818,1.945762118780329,-0.04168336673346695,0.05611222444889774,0.0858957133243639,1.9424361361315086,0.8181818181818185
copper,2.0,7.5,DVP,8,0.08927038416967846,0.3189726611648598,1.9270094166186003,-0.09183668569328002,0.10000000000000003,1.4,-4.1143356072827374e-05,0.1785280949104287,-0.15254226953492622,1.9270094166186003,-0.04168336673346695,0.05611222444889774,0.08529458938811098,1.916419099218627,0.8181818181818185
copper,2.0,7.5,DVP,9,0.08896277392452312,0.31809746461257593,1.9332999357121445,-0.09104062685224959,0.10000000000000003,1.4,0.0003729283792966412,0.1936704771956912,-0.15812236372967747,1.9332999357121445,-0.047294589178356716,0.05891783567134268,0.08747952115795438,1.9225887725793305,0.7499999999999992
copper,2.0,8.0,DVP,0,0.08824414301501238,0.31805839532581875,1.9342139151371271,-0.13800451463471236,0.10000000000000003,1.4,7.278951976890882e-05,0.2006225907735814,-0.14388682120272256,1.9342139151371271,-0.04168336673346695,0.05611222444889785,0.08496084051959694,1.9236069592822744,0.8181818181818156
copper,2.0,8.0,DVP,1,0.08792609952057491,0.31845167846022326,1.9827086785387924,-0.0965549474599001,0.10000000000000003,1.4,-9.018931990286416e-06,0.17169039114451023,-0.17335259284017934,1.9827086785387924,-0.038877755511022016,0.05611222444889785,0.08547449296037739,1.9738946708901015,1.0
copper,2.0,8.0,DVP,2,0.0872906196307432,0.31950793683886225,1.9350753960417666,-0.0951742326193029,0.10000000000000003,1.4,-6.933068144569165e-05,0.19289745949648707,-0.17058544436325063,1.9350753960417666,-0.038877755511022016,0.05611222444889785,0.08549080289860228,1.9269186493955583,1.0
copper,2.0,8.0,DVP,3,0.09118737301177358,0.3185335599037731,1.9756545429686092,-0.10897033132049339,0.10000000000000003,1.4,-0.00017117098873531666,0.14648700238015022,-0.1652008757156356,1.9756545429686092,-0.038877755511022016,0.05611222444889785,0.085133316557696,1.961398024374164,1.0
copper,2.0,8.0,DVP,4,0.08934353455885705,0.3188674789122723,1.9194114282661274,-0.11227233880545148,0.10000000000000003,1.4,-8.838623587858585e-06,0.16509422347922942,-0.16865092725443426,1.9194114282661274,-0.03607214428857719,0.05611222444889785,0.08512861459698913,1.9116243342291483,0.8181818181818221
copper,2.0,8.0,DVP,5,0.08925762204656584,0.31944204136615684,1.9652625061840467,-0.0960732320310113,0.10000000000000003,1.4,-9.517092522927057e-05,0.16362547461604104,-0.15702271848672433,1.9652625061840467,-0.04168336673346695,0.05611222444889785,0.08536669429049508,1.9551585841792103,0.8181818181818156
copper,2.0,8.0,DVP,6,0.08929906787270563,0.320580209596633,1.9168846016318717,-0.09974335683950118,0.10000000000000003,1.4,-0.00020287861737964427,0.17377903858020016,-0.15628038158467267,1.9168846016318717,-0.04168336673346695,0.05891783567134268,0.08828197714514417,1.9055650796701518,0.7499999999999992
copper,2.0,8.0,DVP,7,0.0845980685958381,0.32183637625804634,1.967592363261929,-0.09891166387574174,0.10000000000000003,1.4,-0.00013898913536731974,0.18835362684185342,-0.18330463195974211,1.967592363261929,-0.04168336673346695,0.05611222444889785,0.08638407126431867,1.9641190713235503,0.8181818181818156
copper,2.0,8.0,DVP,8,0.08970666996232358,0.320125817190464,1.9763093368514069,-0.10192694228350425,0.10000000000000003,1.4,-4.1329756943609074e-05,0.1660983637680551,-0.1625400719896185,1.9763093368514069,-0.038877755511022016,0.05611222444889785,0.08571241690005667,1.9654059663005956,1.0
copper,2.0,8.0,DVP,9,0.0893977905009092,0.31973632467175805,1.9511490959502205,-0.09142356129284815,0.10000000000000003,1.4,0.00037445046046512043,0.19601652466740233,-0.15078484848023588,1.9511490959502205,-0.04168336673346695,0.05611222444889785,0.08565788609593311,1.9406916043515827,0.8181818181818156
copper,5.0,6.0,DVP,0,0.17762881409808234,0.6449045225671903,3.9662016159735187,-0.2820589178316964,0.10000000000000003,1.4,0.0001434567707738857,0.3237947469113339,-0.31367643968391534,3.9662016159735187,-0.06132264529058118,0.053306613226452915,0.16697035560739695,3.946156779724379,0.8999999999999985
copper,5.0,6.0,DVP,1,0.1769838877944915,0.6463282824368423,3.957114467563354,-0.1967120784178937,0.10000000000000003,1.4,-2.2433817520860934e-05,0.3694738658547321,-0.3784069216378225,3.957114467563354,-0.06132264529058118,0.05891783567134268,0.17848825289877016,3.9404433767398914,0.9090909090909042
copper,5.0,6.0,DVP,2,0.17569526625836984,0.6495048493833363,3.8886394136942,-0.19449005387121218,0.10000000000000003,1.4,-0.0001447335479654943,0.3494206890939553,-0.33065710733120046,3.8886394136942,-0.064128256513026,0.05611222444889785,0.17399057316067154,3.874224411430559,0.6666666666666677
copper,5.0,6.0,DVP,3,0.1835970746524642,0.648156512746211,3.901741022382681,-0.22195459323351893,0.10000000000000003,1.4,-0.00035124458839102943,0.3382806143267093,-0.33501020456004205,3.901741022382681,-0.064128256513026,0.05611222444889785,0.17340549833118368,3.874440352136403,0.6666666666666677
copper,5.0,6.0,DVP,4,0.17985815233945981,0.6473803630292225,3.8702086753577705,-0.22867679529239376,0.10000000000000003,1.4,-2.206818944319744e-05,0.44329600991339113,-0.35327665683775233,3.8702086753577705,-0.06132264529058118,0.05611222444889785,0.17345116734204322,3.8550889084895408,0.8181818181818156
copper,5.0,6.0,DVP,5,0.1796839395668258,0.6495516233868351,3.924163521343138,-0.19582183434156283,0.10000000000000003,1.4,-0.00019713220789314357,0.4148005501112705,-0.3994947900736421,3.924163521343138,-0.05851703406813624,0.05611222444889785,0.17316088647667555,3.904990702044634,1.0
copper,5.0,6.0,DVP,6,0.17976798311407355,0.6541516920302923,3.999176631178182,-0.2032500422609821,0.10000000000000003,1.4,-0.0004155410890108153,0.37839854462987077,-0.30629737850946337,3.999176631178182,-0.06132264529058118,0.05611222444889785,0.17462754087657079,3.978125477024971,0.8181818181818156
copper,5.0,6.0,DVP,7,0.17023533069439162,0.6538061079702115,3.9574273287348825,-0.2030736186145394,0.10000000000000003,1.4,-0.00028598645829773874,0.34696534470534446,-0.3296912498814929,3.9574273287348825,-0.06132264529058118,0.05611222444889785,0.17533906261560187,3.9515953424674106,0.8181818181818156
copper,5.0,6.0,DVP,8,0.18059451569087778,0.6521263579541349,4.0258822695932945,-0.18606831356505282,0.10000000000000003,1.4,-8.795347526444763e-05,0.3297387914676009,-0.33880224270392023,4.0258822695932945,-0.06132264529058118,0.05611222444889785,0.17475959213613154,4.006021625808441,0.8181818181818156
copper,5.0,6.0,DVP,9,0.1799681721473399,0.6477747453703584,3.9371109150658934,-0.1872054501806272,0.10000000000000003,1.4,0.0007551626500752375,0.4191991270458942,-0.30249312186697996,3.9371109150658934,-0.06132264529058118,0.05611222444889785,0.17351199796034,3.916620772582358,0.8181818181818156
copper,5.0,6.5,DVP,0,0.1785160008707319,0.6482032137489961,4.020050665096287,-0.2838516966924313,0.10000000000000003,1.4,0.00014433623541319063,0.3319546777121838,-0.31190010865331064,4.020050665096287,-0.05290581162324648,0.05611222444889785,0.17337816692676333,3.9998884922748363,1.0
copper,5.0,6.5,DVP,1,0.17786700646108403,0.6496192968731317,3.914903066077118,-0.1979585490786191,0.10000000000000003,1.4,-2.2600767802591848e-05,0.34505187723700415,-0.3691593999034828,3.914903066077118,-0.05010020040080154,0.05611222444889785,0.1738096663964775,3.898132906100963,0.8181818181818156
copper,5.0,6.5,DVP,2,0.1765702564782746,0.6526576218524139,4.043181222512511,-0.1957020982544692,0.10000000000000003,1.4,-0.0001456719480569574,0.33829478616736974,-0.3668717685667223,4.043181222512511,-0.05290581162324648,0.05891783567134268,0.18001767519312484,4.027912797271365,0.9090909090909111
copper,5.0,6.5,DVP,3,0.1845219083884583,0.6509231818042361,3.8596781156802407,-0.22336069948128437,0.10000000000000003,1.4,-0.00035348563160577767,0.3329017360385078,-0.34008561281883254,3.8596781156802407,-0.055711422845691416,0.05611222444889774,0.17374373858305162,3.832215667163623,0.999999999999996
copper,5.0,6.5,DVP,4,0.1807594014698585,0.6505806150523834,3.9146579763966733,-0.230125466379523,0.10000000000000003,1.4,-2.22328333935099e-05,0.43763672307063317,-0.3582112440198204,3.9146579763966733,-0.05010020040080154,0.05891783567134268,0.1794677379368459,3.8999237097780055,0.7499999999999992
copper,5.0,6.5,DVP,5,0.18058408978711396,0.652346386839126,4.037189184088616,-0.19706322080141078,0.10000000000000003,1.4,-0.00019840113149503663,0.3943063998488199,-0.37500967268014285,4.037189184088616,-0.05290581162324648,0.05891783567134268,0.17929888226291982,4.0183211044075495,0.9090909090909111
copper,5.0,6.5,DVP,6,0.18066866346945112,0.656500974987163,3.9753495568218584,-0.2045381986341998,0.10000000000000003,1.4,-0.00041818770567195776,0.408412245095805,-0.3283815570361379,3.9753495568218584,-0.05290581162324648,0.05611222444889774,0.1750285897606603,3.9548737350654686,0.8181818181818185
copper,5.0,6.5,DVP,7,0.17107588039479024,0.6574110755457756,3.9568406334158377,-0.20436992991363373,0.10000000000000003,1.4,-0.0002878158622401771,0.3406984173299723,-0.3658998186216096,3.9568406334158377,-0.05290581162324648,0.05611222444889785,0.17685640502059852,3.951118482373371,1.0
copper,5.0,6.5,DVP,8,0.18150040969960352,0.6552544506762498,3.9730311912337535,-0.18724950421392855,0.10000000000000003,1.4,-8.853371449878844e-05,0.3347364688177161,-0.3563243925989733,3.9730311912337535,-0.05851703406813624,0.053306613226452915,0.17027026923373317,3.953055636246439,0.7272727272727295
copper,5.0,6.5,DVP,9,0.18087011526749272,0.6516053536564175,3.9338658401429165,-0.18839747029128265,0.10000000000000003,1.4,0.0007599006709229856,0.3738515543951347,-0.2871959342744974,3.9338658401429165,-0.055711422845691416,0.05891783567134268,0.17957291905231043,3.9144485986125535,0.9090909090909042
copper,5.0,7.0,DVP,0,0.17940434349470355,0.6515960352629974,4.019995973358506,-0.2854471821138034,0.10000000000000003,1.4,0.00014511891588837687,0.3719690299447469,-0.31948530219087035,4.019995973358506,-0.05290581162324648,0.05611222444889774,0.17409413660078094,3.9994884984044523,0.8181818181818185
copper,5.0,7.0,DVP,1,0.17875172866981723,0.6529550590568833,4.015438726787849,-0.19906784694625468,0.10000000000000003,1.4,-2.2749345380357278e-05,0.33931658037786927,-0.3319591383848508,4.015438726787849,-0.05010020040080154,0.05611222444889774,0.1746434278264391,3.9985804001156846,0.999999999999996
copper,5.0,7.0,DVP,2,0.17744774476738007,0.6557271107563277,4.043255564586576,-0.19676135508050752,0.10000000000000003,1.4,-0.0001465070781994037,0.39196606232731623,-0.38706623306691024,4.043255564586576,-0.05290581162324648,0.053306613226452915,0.16999970248036644,4.028430903633426,0.7272727272727295
copper,5.0,7.0,DVP,3,0.18544375496681653,0.6537923130708304,3.9852223618392437,-0.224612065206497,0.10000000000000003,1.4,-0.0003554800503576424,0.3477634524266464,-0.3390042434156631,3.9852223618392437,-0.047294589178356716,0.05611222444889774,0.17449515858966116,3.9572991558154698,0.8181818181818185
copper,5.0,7.0,DVP,4,0.1816602589038105,0.6538253763985078,4.0151922698746505,-0.23141471272802713,0.10000000000000003,1.4,-2.2379358449216957e-05,0.407671049396969,-0.3366767113789444,4.0151922698746505,-0.05010020040080154,0.05611222444889774,0.17484159948443817,4.000686030759372,0.999999999999996
copper,5.0,7.0,DVP,5,0.1814839692448642,0.6552420821687545,4.037230099577032,-0.19816799397916016,0.10000000000000003,1.4,-0.00019953041138113715,0.3550380418299876,-0.32253023401311043,4.037230099577032,-0.05290581162324648,0.05611222444889785,0.17493538883355414,4.018336702841759,0.6666666666666677
copper,5.0,7.0,DVP,6,0.18156901472147843,0.65886068904439,3.975045499956787,-0.205684594745247,0.10000000000000003,1.4,-0.0004205430649364462,0.4059741084925029,-0.33605869233157715,3.975045499956787,-0.05290581162324648,0.05611222444889774,0.17536849521417758,3.954089306969213,0.8181818181818185
copper,5.0,7.0,DVP,7,0.17192271830755537,0.6607645314138297,3.9949013988794837,-0.20552358350949165,0.10000000000000003,1.4,-0.00028944394219130296,0.34679351814249015,-0.386088861099142,3.9949013988794837,-0.05010020040080154,0.05611222444889774,0.17758944744212002,3.9898007315767745,0.999999999999996
copper,5.0,7.0,DVP,8,0.18240540084787862,0.6580599553755191,3.9503493794230864,-0.18830070606677152,0.10000000000000003,1.4,-8.905009901200089e-05,0.3688178265338993,-0.35006464594953113,3.9503493794230864,-0.047294589178356716,0.05611222444889774,0.1759261887225832,3.9295424453854855,0.8181818181818185
copper,5.0,7.0,DVP,9,0.18177159031835186,0.655279737588874,3.997329721036742,-0.1894583098349581,0.10000000000000003,1.4,0.0007641172775298029,0.3625175332850974,-0.3170434691363513,3.997329721036742,-0.05010020040080154,0.05611222444889774,0.175247014465016,3.977385488325187,0.999999999999996
copper,5.0,7.5,DVP,0,0.180294035041777,0.6550983838028894,3.9596013499088087,-0.2868332259833425,0.10000000000000003,1.4,0.00014579885282788697,0.41062441690283324,-0.3072236262885153,3.9596013499088087,-0.04168336673346695,0.05611222444889774,0.1745252048228947,3.9392440178826655,0.8181818181818185
copper,5.0,7.5,DVP,1,0.17963827505850863,0.6562833313042193,3.9931972342142243,-0.2000315257667148,0.10000000000000003,1.4,-2.287841897642623e-05,0.35097037877124215,-0.3456709900190429,3.9931972342142243,-0.04448897795591178,0.05611222444889774,0.17596686042473808,3.9753052577487966,0.999999999999996
copper,5.0,7.5,DVP,2,0.17832800684295996,0.6587353758386794,4.059703858280252,-0.19764827159128612,0.10000000000000003,1.4,-0.00014723257966666904,0.4112484351576403,-0.38405551279186856,4.059703858280252,-0.04448897795591178,0.053306613226452804,0.17023362364670305,4.043721624135186,0.900000000000002
copper,5.0,7.5,DVP,3,0.18636255235839388,0.6567370921841632,4.0077159368493565,-0.22569916244270363,0.10000000000000003,1.4,-0.000357212659034153,0.33262421434546674,-0.34063809266991674,4.0077159368493565,-0.047294589178356716,0.05611222444889774,0.17540923535601552,3.9793538951154477,0.8181818181818185
copper,5.0,7.5,DVP,4,0.18256082242465402,0.6571005523466112,4.030227729612422,-0.2325347179463344,0.10000000000000003,1.4,-2.2506648960603837e-05,0.3633533301637885,-0.33597683120188204,4.030227729612422,-0.047294589178356716,0.05611222444889774,0.17568106996160973,4.015350290374396,0.8181818181818185
copper,5.0,7.5,DVP,5,0.1823836831697786,0.6583015944671838,4.0236190830224725,-0.1991277420719594,0.10000000000000003,1.4,-0.00020051144915318863,0.33630980896506946,-0.3254402767897958,4.0236190830224725,-0.04168336673346695,0.05611222444889774,0.17603219878511822,4.004572881316378,0.8181818181818185
copper,5.0,7.5,DVP,6,0.1824691385075903,0.6613173672092792,3.947440457859467,-0.20668050187199966,0.10000000000000003,1.4,-0.0004225892329711881,0.37800718412860324,-0.31764225563892023,3.947440457859467,-0.04448897795591178,0.05891783567134268,0.18160695344612607,3.9255123527507316,0.9090909090909111
copper,5.0,7.5,DVP,7,0.17277635352358736,0.6638199772378061,4.028422913520915,-0.20652579542110885,0.10000000000000003,1.4,-0.0002908583018621252,0.38532757630302616,-0.3945570888171437,4.028422913520915,-0.04168336673346695,0.05611222444889774,0.17789612817859118,4.023029099226327,0.8181818181818185
copper,5.0,7.5,DVP,8,0.18330955544471647,0.6606134089581824,3.989598000986152,-0.19226790445403652,0.10000000000000003,1.4,-8.949869702441638e-05,0.3697775328122006,-0.3159306531089816,3.989598000986152,-0.04168336673346695,0.05611222444889774,0.17667066896343364,3.9695045105819378,0.8181818181818185
copper,5.0,7.5,DVP,9,0.1826726903806871,0.6588025890342065,4.002616538050561,-0.19037989152187293,0.10000000000000003,1.4,0.0007677803644244566,0.40112737047506863,-0.3275059683151167,4.002616538050561,-0.047294589178356716,0.05891783567134268,0.18118795870774249,3.982127192470148,0.7499999999999992
copper,5.0,8.0,DVP,0,0.18118531468569024,0.6587279065838435,4.004537178779269,-0.28802717717954285,0.10000000000000003,1.4,0.00014638455688827716,0.41552366494303017,-0.2980319341902302,4.004537178779269,-0.04168336673346695,0.05611222444889785,0.17596363551436747,3.9841016683895503,0.8181818181818156
copper,5.0,8.0,DVP,1,0.1805268454334766,0.6595414089033763,4.104950183697524,-0.20086164774606013,0.10000000000000003,1.4,-2.2989604183338342e-05,0.3556231664645264,-0.3590391522066254,4.104950183697524,-0.038877755511022016,0.05611222444889785,0.17701151960174694,4.087949286220499,1.0
copper,5.0,8.0,DVP,2,0.17921116385164018,0.6617301833490151,4.0063314335741405,-0.19835724813726605,0.10000000000000003,1.4,-0.00014785753343885704,0.39952399986222276,-0.3532906583913611,4.0063314335741405,-0.038877755511022016,0.05611222444889785,0.17705490320431652,3.990862682118655,1.0
copper,5.0,8.0,DVP,3,0.1872789040498993,0.6597092700586779,4.0903454788217735,-0.22663559820356022,0.10000000000000003,1.4,-0.0003587051444073289,0.303442704222183,-0.34204550574997733,4.0903454788217735,-0.038877755511022016,0.05611222444889785,0.17632926777127,4.062506239823165,1.0
copper,5.0,8.0,DVP,4,0.1834614672887981,0.6603989978906737,3.973883226454797,-0.23349950095179095,0.10000000000000003,1.4,-2.2616298201638907e-05,0.3419666268213706,-0.3493049420229528,3.973883226454797,-0.03607214428857719,0.05611222444889785,0.1762920336940321,3.958948045329129,0.8181818181818221
copper,5.0,8.0,DVP,5,0.18328359618401652,0.661587365633601,4.068819400822868,-0.19995447808561073,0.10000000000000003,1.4,-0.00020135652429633554,0.338923153796733,-0.3252281655643392,4.068819400822868,-0.04168336673346695,0.05611222444889785,0.17682336715496624,4.049772203279303,0.8181818181818156
copper,5.0,8.0,DVP,6,0.18336940458011,0.6639485480399878,3.968659003923457,-0.20753838561681243,0.10000000000000003,1.4,-0.0004243518213180623,0.35994744958671143,-0.32366663492401015,3.968659003923457,-0.04168336673346695,0.05891783567134268,0.1828177592698379,3.9463539886104875,0.7499999999999992
copper,5.0,8.0,DVP,7,0.17363657390557996,0.6665527805261557,4.073643078321919,-0.207389110166781,0.10000000000000003,1.4,-0.0002920766445552748,0.3901223105784336,-0.37963513915575264,4.073643078321919,-0.04168336673346695,0.05611222444889785,0.17890363741666757,4.067858962021036,0.8181818181818156
copper,5.0,8.0,DVP,8,0.18421329369542158,0.6630057343657765,4.091701147608907,-0.21316992511991015,0.10000000000000003,1.4,-8.988512356206468e-05,0.344030465738122,-0.33665115070126883,4.091701147608907,-0.038877755511022016,0.05611222444889785,0.17750844513138056,4.0704517200302535,1.0
copper,5.0,8.0,DVP,9,0.18357379742670712,0.6622006733837322,4.039599351221511,-0.19117375063533243,0.10000000000000003,1.4,0.000770935781850826,0.4059873815175613,-0.31230699729964106,4.039599351221511,-0.04168336673346695,0.05611222444889785,0.17743556561778662,4.019986268291245,0.8181818181818156
copper,10.0,6.0,DVP,0,0.2754786948708935,1.0031227312611528,6.168551850421986,-0.43987699896898963,0.10000000000000003,1.4,0.00022087592426968346,0.5036760126902984,-0.48792563734970607,6.168551850421986,-0.06132264529058118,0.053306613226452915,0.2597178281520477,6.138178207428292,0.8999999999999985
copper,10.0,6.0,DVP,1,0.2744756537401785,1.0053367658302341,6.154418788139433,-0.30643872244412834,0.10000000000000003,1.4,-3.7130428288228936e-05,0.5747123197562307,-0.5886004557744713,6.154418788139433,-0.06132264529058118,0.05891783567134268,0.2776170945644272,6.129026653175955,0.9090909090909042
copper,10.0,6.0,DVP,2,0.2724714861392319,1.0102783309346932,6.047900974503357,-0.3031666632150385,0.10000000000000003,1.4,-0.00022734078136005159,0.5435315339791305,-0.5143211920052749,6.047900974503357,-0.064128256513026,0.05611222444889785,0.2706130612611382,6.0258551768704605,0.6666666666666677
copper,10.0,6.0,DVP,3,0.28476101252724784,1.0081794755097298,6.068277647496704,-0.3457339364407115,0.10000000000000003,1.4,-0.0005485233201094135,0.5262055959167924,-0.5210439657133902,6.068277647496704,-0.064128256513026,0.05611222444889785,0.269730366938962,6.0266768550395575,0.6666666666666677
copper,10.0,6.0,DVP,4,0.27894594056691646,1.0069713745226048,6.019255927523858,-0.35620311556375767,0.10000000000000003,1.4,-3.656177416697876e-05,0.6895343101477855,-0.5495145110076056,6.019255927523858,-0.06132264529058118,0.05611222444889785,0.2698059251693993,5.996680586513473,0.8181818181818156
copper,10.0,6.0,DVP,5,0.2786749908855731,1.0103477914944226,6.103173949709975,-0.3051009168507728,0.10000000000000003,1.4,-0.0003088353812998319,0.6452155393541055,-0.6213972212062298,6.103173949709975,-0.05851703406813624,0.05611222444889785,0.26935772001861297,6.07435312664216,1.0
copper,10.0,6.0,DVP,6,0.27880570215318834,1.0175048890693768,6.21983723970146,-0.3166462739315997,0.10000000000000003,1.4,-0.0006485223964745797,0.5885927335103758,-0.476446026759324,6.21983723970146,-0.06132264529058118,0.05611222444889785,0.2716149542528328,6.187670495430702,0.8181818181818156
copper,10.0,6.0,DVP,7,0.2639797562916027,1.0169689646354463,6.154905374934699,-0.3171877273093495,0.10000000000000003,1.4,-0.0004470286404341284,0.5397131308675824,-0.5128190130073492,6.154905374934699,-0.06132264529058118,0.05611222444889785,0.2727422491826278,6.14677723512223,0.8181818181818156
copper,10.0,6.0,DVP,8,0.2800911919305388,1.0143537500498356,6.261371991196653,-0.2900483669590705,0.10000000000000003,1.4,-0.00013903185674799502,0.512921013160953,-0.526999569971766,6.261371991196653,-0.06132264529058118,0.05611222444889785,0.27182593537879846,6.231156702802997,0.8181818181818156
copper,10.0,6.0,DVP,9,0.27911705219918004,1.0075861034321463,6.123307658381423,-0.2921388196334479,0.10000000000000003,1.4,0.0011722499858069111,0.6520428070873618,-0.47053244422703866,6.123307658381423,-0.06132264529058118,0.05611222444889785,0.26989072420508853,6.092205056855938,0.8181818181818156
copper,10.0,6.5,DVP,0,0.27685876162071654,1.0082556202448647,6.252315268035874,-0.44266599277032337,0.10000000000000003,1.4,0.0002222440915775629,0.5163678968114187,-0.4851622325221565,6.252315268035874,-0.05290581162324648,0.05611222444889785,0.2696851902097445,6.2217590866493,1.0
copper,10.0,6.5,DVP,1,0.27584939181063983,1.0104577128052197,6.088766226278939,-0.3083778344129533,0.10000000000000003,1.4,-3.739014983619954e-05,0.536737745303763,-0.5742155060605669,6.088766226278939,-0.05010020040080154,0.05611222444889785,0.27034138976988165,6.063219971217989,0.8181818181818156
copper,10.0,6.5,DVP,2,0.2738325789315034,1.0151842599543615,6.288289824979826,-0.3050522217103959,0.10000000000000003,1.4,-0.00022880063348993768,0.5262102293154123,-0.5706551981554133,6.288289824979826,-0.05290581162324648,0.05891783567134268,0.28001543538861406,6.26540199717782,0.9090909090909111
copper,10.0,6.5,DVP,3,0.28619964598025255,1.0124848656702985,6.002890793304945,-0.34792139061864996,0.10000000000000003,1.4,-0.000552009670696955,0.5178375533120807,-0.5290004188047635,6.002890793304945,-0.055711422845691416,0.05611222444889774,0.2702565856934059,5.961035615535094,0.999999999999996
copper,10.0,6.5,DVP,4,0.2803478838735495,1.0119511494740083,6.088385042526777,-0.3584567870960729,0.10000000000000003,1.4,-3.6817907796676484e-05,0.680731090489884,-0.5571906033034772,6.088385042526777,-0.05010020040080154,0.05891783567134268,0.27914364641511175,6.066048253109549,0.7499999999999992
copper,10.0,6.5,DVP,5,0.280075224637529,1.0146968749205487,6.278970510982681,-0.3070321194198148,0.10000000000000003,1.4,-0.0003108094229050495,0.6133358435747389,-0.5833093641364728,6.278970510982681,-0.05290581162324648,0.05891783567134268,0.2789059315000139,6.250627153604963,0.9090909090909111
copper,10.0,6.5,DVP,6,0.2802067606267596,1.0211610846049595,6.182792405437318,-0.3186502356129529,0.10000000000000003,1.4,-0.0006526396903718342,0.6352807987363347,-0.51079554488457,6.182792405437318,-0.05290581162324648,0.05611222444889774,0.2722627357323358,6.151943184174699,0.8181818181818185
copper,10.0,6.5,DVP,7,0.2652872705876518,1.0225782255665266,6.154005796145571,-0.31920437546208985,0.10000000000000003,1.4,-0.0004498746112157721,0.5299646157713995,-0.5691435411720582,6.154005796145571,-0.05290581162324648,0.05611222444889785,0.27511076471358364,6.146191841093295,1.0
copper,10.0,6.5,DVP,8,0.2815003611907714,1.0192212886588967,6.179170607535795,-0.2918859239885846,0.10000000000000003,1.4,-0.00013993452447981202,0.5206850436588382,-0.5542563128754878,6.179170607535795,-0.05851703406813624,0.053306613226452915,0.2648436350165099,6.148771948996201,0.7272727272727295
copper,10.0,6.5,DVP,9,0.28052007513318067,1.0135463222402792,6.118273681412637,-0.29399322386170856,0.10000000000000003,1.4,0.0011796208395493187,0.5815022748119204,-0.44673184349994677,6.118273681412637,-0.055711422845691416,0.05891783567134268,0.2793222378053842,6.088908218865763,0.9090909090909042
copper,10.0,7.0,DVP,0,0.2782406247130201,1.0135349676709038,6.2522303882645875,-0.44514832471710086,0.10000000000000003,1.4,0.0002234618230100448,0.5785913021943987,-0.49696149447370974,6.2522303882645875,-0.05290581162324648,0.05611222444889774,0.27078975960385754,6.220970447535264,0.8181818181818185
copper,10.0,7.0,DVP,1,0.2772256220890757,1.0156483102100105,6.245155164360948,-0.3101037326871951,0.10000000000000003,1.4,-3.762131388378243e-05,0.5278177305333789,-0.5163486053649735,6.245155164360948,-0.05010020040080154,0.05611222444889774,0.27163851179134096,6.219471735369597,0.999999999999996
copper,10.0,7.0,DVP,2,0.27519755433443127,1.0199607043561587,6.288405702137478,-0.3067002753107036,0.10000000000000003,1.4,-0.0002300999686042184,0.6096990542251679,-0.602068991782891,6.288405702137478,-0.05290581162324648,0.053306613226452915,0.2644203217216639,6.265960265810456,0.7272727272727295
copper,10.0,7.0,DVP,3,0.2876336361150242,1.0169496762754546,6.19815675674049,-0.34986832480882674,0.10000000000000003,1.4,-0.0005551126820543047,0.5409558526156963,-0.52725773125989,6.19815675674049,-0.047294589178356716,0.05611222444889774,0.2714197353985514,6.155475009398447,0.8181818181818185
copper,10.0,7.0,DVP,4,0.28174921810122394,1.0170002065897097,6.244771853403173,-0.36046265775793446,0.10000000000000003,1.4,-3.704587843301943e-05,0.6341180574896939,-0.5236925806967534,6.244771853403173,-0.05010020040080154,0.05611222444889774,0.27194826241662606,6.2227739852904485,0.999999999999996
copper,10.0,7.0,DVP,5,0.28147503728341017,1.0192030004494388,6.279034381471821,-0.30875097796677153,0.10000000000000003,1.4,-0.00031256641015204656,0.5522519232382971,-0.5016748940422899,6.279034381471821,-0.05290581162324648,0.05611222444889785,0.27211717113735334,6.250620747607545,0.6666666666666677
copper,10.0,7.0,DVP,6,0.2816073073125702,1.0248335603372367,6.182319551565112,-0.32043385309512756,0.10000000000000003,1.4,-0.0006563042701104262,0.6314883199757368,-0.5227378541869614,6.182319551565112,-0.05290581162324648,0.05611222444889774,0.27277682815058846,6.150452198025978,0.8181818181818185
copper,10.0,7.0,DVP,7,0.2666045586802784,1.027796345555657,6.213213748198012,-0.32099928448360265,0.10000000000000003,1.4,-0.0004524076552790066,0.539436184100226,-0.6005488989593375,6.213213748198012,-0.05010020040080154,0.05611222444889774,0.2762184017221166,6.205780970088859,0.999999999999996
copper,10.0,7.0,DVP,8,0.2829081268473927,1.0235871359745399,6.143919299503246,-0.2935214337255396,0.10000000000000003,1.4,-0.00014073794001517314,0.5737006022000068,-0.5445190633387349,6.143919299503246,-0.047294589178356716,0.05611222444889774,0.2736448868225696,6.112296308799316,0.8181818181818185
copper,10.0,7.0,DVP,9,0.28192237027855394,1.0192636059590008,6.216990483367686,-0.2956437283755047,0.10000000000000003,1.4,0.0011861812362454502,0.5638915228698691,-0.49316142360762294,6.216990483367686,-0.05010020040080154,0.05611222444889774,0.27260584710645885,6.18701702338737,0.999999999999996
copper,10.0,7.5,DVP,0,0.2796245860193363,1.0189847154150358,6.158317468180778,-0.44730487476372877,0.10000000000000003,1.4,0.00022451973904779178,0.6387220913874094,-0.4778916063044272,6.158317468180778,-0.04168336673346695,0.05611222444889774,0.271476320223411,6.127567124309348,0.8181818181818185
copper,10.0,7.5,DVP,1,0.2786046898335038,1.0208273025260548,6.210575107303638,-0.3116031236162056,0.10000000000000003,1.4,-3.7822139900720475e-05,0.5459428314260348,-0.5376852146101625,6.210575107303638,-0.04448897795591178,0.05611222444889774,0.2737083935099546,6.183478793579549,0.999999999999996
copper,10.0,7.5,DVP,2,0.27656684429618483,1.0246419661263038,6.314012117716311,-0.3080802550433985,0.10000000000000003,1.4,-0.00023122877863501485,0.6396940354837561,-0.5973858376014538,6.314012117716311,-0.04448897795591178,0.053306613226452804,0.26479252681778126,6.289913101268365,0.900000000000002
copper,10.0,7.5,DVP,3,0.28906288329699087,1.0215321929920322,6.233146889732397,-0.3515597428417999,0.10000000000000003,1.4,-0.0005578084533817744,0.5174060030693066,-0.5297998424894683,6.233146889732397,-0.047294589178356716,0.05611222444889774,0.2728361858774085,6.189678569856769,0.8181818181818185
copper,10.0,7.5,DVP,4,0.28315009514596384,1.0220966157005673,6.268159229858537,-0.36220527742448744,0.10000000000000003,1.4,-3.724393014285288e-05,0.5651796284685475,-0.5226079975570568,6.268159229858537,-0.047294589178356716,0.05611222444889774,0.2732553939981202,6.2455996821190425,0.8181818181818185
copper,10.0,7.5,DVP,5,0.2828745924391531,1.0239639697321228,6.2578835342631525,-0.3102442530641647,0.10000000000000003,1.4,-0.0003140928099288206,0.5231416182350372,-0.5062231390639171,6.2578835342631525,-0.04168336673346695,0.05611222444889774,0.27382422270331236,6.229245294615375,0.8181818181818185
copper,10.0,7.5,DVP,6,0.28300750017264853,1.0286568954868631,6.139410103535615,-0.32198338814797517,0.10000000000000003,1.4,-0.0006594879094365029,0.5879843997352476,-0.4940901660293724,6.139410103535615,-0.04448897795591178,0.05891783567134268,0.2824652199051868,6.105769838596879,0.9090909090909111
copper,10.0,7.5,DVP,7,0.2679324198269263,1.0325509898494105,6.265354878242284,-0.3225586291711902,0.10000000000000003,1.4,-0.00045460826197053794,0.5993781974328432,-0.6137203662183275,6.265354878242284,-0.04168336673346695,0.05611222444889774,0.2767089121232166,6.257695925632949,0.8181818181818185
copper,10.0,7.5,DVP,8,0.28431459125864617,1.0275609925880145,6.204970924936484,-0.30013847275262684,0.10000000000000003,1.4,-0.00014143591508352916,0.5751935957437333,-0.49142187991074415,6.204970924936484,-0.04168336673346695,0.05611222444889774,0.27479628507168147,6.174330611532913,0.8181818181818185
copper,10.0,7.5,DVP,9,0.2833240821299001,1.0247452438976201,6.225215851673305,-0.29707762024109796,0.10000000000000003,1.4,0.0011918806447469225,0.6239514410344003,-0.5094365065735509,6.225215851673305,-0.047294589178356716,0.05891783567134268,0.2818423963422901,6.194302671515484,0.7499999999999992
copper,10.0,8.0,DVP,0,0.2810110175912331,1.0246323103792436,6.228217721209717,-0.44916262954250896,0.10000000000000003,1.4,0.00022543107823871057,0.646343337199105,-0.4635952036953308,6.228217721209717,-0.04168336673346695,0.05611222444889785,0.2737079752238834,6.1972362534849115,0.8181818181818156
copper,10.0,8.0,DVP,1,0.27998690585844516,1.025897159267293,6.38439476331246,-0.3128947702756395,0.10000000000000003,1.4,-3.799514098328394e-05,0.5531805918082475,-0.5584802715261412,6.38439476331246,-0.038877755511022016,0.05611222444889785,0.2753228362402229,6.35848950340464,1.0
copper,10.0,8.0,DVP,2,0.277940637274085,1.029302339023415,6.231013844257061,-0.30918344998989317,0.10000000000000003,1.4,-0.00023220118928336898,0.6214562098846801,-0.5495295919771097,6.231013844257061,-0.038877755511022016,0.05611222444889785,0.27540842399966825,6.207814328577569,1.0
copper,10.0,8.0,DVP,3,0.29048832627603427,1.0261573693677455,6.361680187701097,-0.3530168107816691,0.10000000000000003,1.4,-0.0005601307190180086,0.4720247543488112,-0.5319897380090852,6.361680187701097,-0.038877755511022016,0.05611222444889785,0.2742793719163795,6.319232448923718,1.0
copper,10.0,8.0,DVP,4,0.2845510987394755,1.0272292624917745,6.180538120805589,-0.3637064528867482,0.10000000000000003,1.4,-3.741454130532729e-05,0.5319406896703371,-0.543340735663213,6.180538120805589,-0.03607214428857719,0.05611222444889785,0.2742062429161786,6.157888728543221,0.8181818181818221
copper,10.0,8.0,DVP,5,0.2842744572946117,1.0290769026546127,6.328195324694194,-0.3115306312553657,0.10000000000000003,1.4,-0.0003154077232942941,0.5272058462500684,-0.5058932753884438,6.328195324694194,-0.04168336673346695,0.05611222444889785,0.2750546083797684,6.299542386757181,0.8181818181818156
copper,10.0,8.0,DVP,6,0.28440791437695173,1.032751691358808,6.172416695273678,-0.3233182313405912,0.10000000000000003,1.4,-0.0006622304477704389,0.5599061132603715,-0.503451869992187,6.172416695273678,-0.04168336673346695,0.05891783567134268,0.2843534928949676,6.138266636339715,0.7499999999999992
copper,10.0,8.0,DVP,7,0.26927052405308044,1.0368038451239783,6.33569755005302,-0.3239019228497491,0.10000000000000003,1.4,-0.000456503969238635,0.6068368227399457,-0.5905086468848011,6.33569755005302,-0.04168336673346695,0.05611222444889785,0.27829712531688183,6.327798924898421,0.8181818181818156
copper,10.0,8.0,DVP,8,0.2857204080754157,1.0312842777086704,6.3637886480521475,-0.33265312890716103,0.10000000000000003,1.4,-0.00014203718400411037,0.5351427234096753,-0.5236593463545232,6.3637886480521475,-0.038877755511022016,0.05611222444889785,0.2761120521353014,6.331567096560438,1.0
copper,10.0,8.0,DVP,9,0.28472580486552707,1.0300328652373838,6.282749625401786,-0.29831284289207477,0.10000000000000003,1.4,0.0011967903863021405,0.6315116351714358,-0.4857937497352989,6.282749625401786,-0.04168336673346695,0.05611222444889785,0.2759935609420574,6.252981424061303,0.8181818181818156
aluminum,0.1,6.0,DVP,0,0.007316782017040496,0.016083670240737948,0.07583066479461621,-0.00623329622687562,0.10000000000000003,1.4,7.74709624057169e-06,0.004889045236394234,-0.0049425493159686975,0.07583066479461621,-0.33346693386773546,0.10380761523046089,0.005945513514377934,0.07376873302357116,0.8499999999999994
aluminum,0.1,6.0,DVP,1,0.007299602781636281,0.016032521585991884,0.07538518233220422,-0.004369822438417086,0.10000000000000003,1.4,3.3281828673824633e-06,0.005594484705564628,-0.0057173314619475436,0.07538518233220422,-0.33627254509018034,0.10380761523046095,0.0059593473973922504,0.07330486958865402,0.6818181818181827
aluminum,0.1,6.0,DVP,2,0.007265277103504198,0.01608002744694893,0.07392013128634742,-0.0041903266360126335,0.10000000000000003,1.4,7.042171315098464e-08,0.005632140991912268,-0.005049425361768341,0.07392013128634742,-0.33346693386773546,0.10380761523046095,0.00595233331714722,0.0718590218361086,0.7619047619047625
aluminum,0.1,6.0,DVP,3,0.0074757616592826285,0.016057494413447674,0.07616151308927938,-0.004979159894497955,0.10000000000000003,1.4,-5.430519646019018e-06,0.005516472533119755,-0.008907682954894336,0.07616151308927938,-0.3278557114228457,0.10380761523046095,0.005950531717444585,0.07381204038402317,0.9473684210526317
aluminum,0.1,6.0,DVP,4,0.007376166052442685,0.016114686748358177,0.07601370912782106,-0.005133206466805947,0.10000000000000003,1.4,3.3379222915330636e-06,0.005605048261840273,-0.004862763183532349,0.07601370912782106,-0.3278557114228457,0.10100200400801601,0.00587873001164312,0.07388651561863002,0.8947368421052625
aluminum,0.1,6.0,DVP,5,0.007371525456742312,0.01593307421904706,0.07432005001628923,-0.004264215210904249,0.10000000000000003,1.4,-1.3253484837699187e-06,0.00493837526487086,-0.005596547359280134,0.07432005001628923,-0.3278557114228457,0.09819639278557113,0.005700349653227765,0.07210498921163487,0.9444444444444435
aluminum,0.1,6.0,DVP,6,0.007373764168164588,0.01591774800326338,0.07524399230204774,-0.004475385131321505,0.10000000000000003,1.4,-7.143218777167004e-06,0.005761137252056538,-0.005369443199526817,0.07524399230204774,-0.3390781563126252,0.09819639278557113,0.005686072348856486,0.07293451278741214,0.5909090909090912
aluminum,0.1,6.0,DVP,7,0.007119837976857981,0.01606140090153943,0.07496073410004037,-0.004816950265949738,0.10000000000000003,1.4,-3.6922050933802773e-06,0.00478731009758278,-0.004709597356752776,0.07496073410004037,-0.33346693386773546,0.10380761523046089,0.005969564805428343,0.07315507226045102,0.8499999999999994
aluminum,0.1,6.0,DVP,8,0.007395780943766874,0.01601494953592258,0.07524980841574096,-0.003923507180698326,0.10000000000000003,1.4,1.5829018675013775e-06,0.0059855329548550475,-0.005705145373781365,0.07524980841574096,-0.3306613226452906,0.10100200400801607,0.00582469887043684,0.07298636977060934,0.8947368421052635
aluminum,0.1,6.0,DVP,9,0.0073790967069503,0.016235314450139156,0.07805295901651446,-0.004240823494722355,0.10000000000000003,1.4,2.4041422026556113e-05,0.005077993591849017,-0.005901332310801553,0.07805295901651446,-0.3278557114228457,0.10100200400801607,0.005911754912486479,0.075776468031135,1.0
aluminum,0.1,6.5,DVP,0,0.007340228582889906,0.01614744599973828,0.0750194842808904,-0.006263846404234517,0.10000000000000003,1.4,7.762588062162765e-06,0.00498272992607126,-0.004963422030741393,0.0750194842808904,-0.3166332665330661,0.10380761523046095,0.005990321978371654,0.0729960560908542,0.9473684210526317
aluminum,0.1,6.5,DVP,1,0.007322977687597825,0.01610255549487873,0.07480032540571112,-0.0043918322131240835,0.10000000000000003,1.4,3.325242038778861e-06,0.005620725611526389,-0.005979281489059646,0.07480032540571112,-0.3222444889779559,0.10100200400801607,0.005884712002882516,0.07272989462168383,0.8947368421052635
aluminum,0.1,6.5,DVP,2,0.00728850882647837,0.016154441582826203,0.0729489316687256,-0.004210099139574582,0.10000000000000003,1.4,5.389175828437228e-08,0.005325393396449014,-0.004749163264186125,0.0729489316687256,-0.32505010020040076,0.10661322645290583,0.006090022149049412,0.07092066217593919,0.8095238095238101
aluminum,0.1,6.5,DVP,3,0.007499871378239159,0.01613590454981844,0.07645609106713015,-0.005003928525067515,0.10000000000000003,1.4,-5.469995723439298e-06,0.005355729836856686,-0.008944908890019986,0.07645609106713015,-0.3278557114228457,0.09819639278557113,0.005760297225096698,0.07411039994964354,0.8421052631578941
aluminum,0.1,6.5,DVP,4,0.00739986032741406,0.016202894192746942,0.07630767056977514,-0.005158724879110088,0.10000000000000003,1.4,3.3350220890706657e-06,0.005562841329770772,-0.004891550011360718,0.07630767056977514,-0.3278557114228457,0.10100200400801601,0.005905695634976032,0.07420739956232232,0.7999999999999996
aluminum,0.1,6.5,DVP,5,0.007395200374358154,0.016016970510416843,0.0746069466838711,-0.004286082294324789,0.10000000000000003,1.4,-1.3477006264957097e-06,0.004813454911163719,-0.005298567476247559,0.0746069466838711,-0.3278557114228457,0.10380761523046095,0.005931014044902484,0.07236230146639147,0.7619047619047609
aluminum,0.1,6.5,DVP,6,0.007397448424136048,0.015985376480572064,0.07501018443945993,-0.004498076069061645,0.10000000000000003,1.4,-7.189839050752045e-06,0.005657090991986179,-0.0049761761736300605,0.07501018443945993,-0.3222444889779559,0.10100200400801601,0.005807143707449319,0.07266212279259936,0.9999999999999989
aluminum,0.1,6.5,DVP,7,0.0071424630283906275,0.016124253628299265,0.07536373750152726,-0.0048432714351973275,0.10000000000000003,1.4,-3.724430124814501e-06,0.004534688444947298,-0.004313577910390831,0.07536373750152726,-0.31102204408817635,0.10100200400801601,0.005893291097358641,0.07355983207133569,0.6363636363636365
aluminum,0.1,6.5,DVP,8,0.007419557038497963,0.01607465313072075,0.07559073849158462,-0.003942235896085232,0.10000000000000003,1.4,1.572680933712333e-06,0.005778461944854249,-0.005509626492986697,0.07559073849158462,-0.319438877755511,0.10661322645290583,0.00604325512562165,0.07333458487000147,1.0
aluminum,0.1,6.5,DVP,9,0.007402803206585258,0.016307538580300453,0.07849766775437626,-0.0042646390910226735,0.10000000000000003,1.4,2.412488250514642e-05,0.004826584469696641,-0.005906295926469043,0.07849766775437626,-0.3222444889779559,0.09258517034068137,0.005612690166131014,0.07623853365338126,0.9411764705882343
aluminum,0.1,7.0,DVP,0,0.007363679910594259,0.016212077407247387,0.07642935681088925,-0.0062938045563936595,0.10000000000000003,1.4,7.777779666724064e-06,0.00499635127490097,-0.004983990609805245,0.07642935681088925,-0.3166332665330661,0.10380761523046095,0.006043243274058483,0.07445675679450842,0.8500000000000004
aluminum,0.1,7.0,DVP,1,0.007346358744095551,0.01617167609278635,0.07618022372193899,-0.004413387632662785,0.10000000000000003,1.4,3.3223581954283456e-06,0.005507119658164689,-0.006213108891903556,0.07618022372193899,-0.3166332665330661,0.10661322645290577,0.006121209935585912,0.07413146244801785,0.8999999999999994
aluminum,0.1,7.0,DVP,2,0.0073117494747004155,0.01622893969817113,0.07626873848819694,-0.004229488467559029,0.10000000000000003,1.4,3.768212936629614e-08,0.005179047443400465,-0.00439129479233924,0.07626873848819694,-0.30541082164328653,0.10100200400801607,0.005922134388922232,0.07427603477524002,0.7142857142857135
aluminum,0.1,7.0,DVP,3,0.007523973007952107,0.016214330716357785,0.07522781084636088,-0.0050282171697810345,0.10000000000000003,1.4,-5.508706807037821e-06,0.005311651352104013,-0.008981413430675001,0.07522781084636088,-0.32505010020040076,0.10100200400801601,0.005886607705233158,0.07289241244091756,0.7142857142857142
aluminum,0.1,7.0,DVP,4,0.007423554563939667,0.016291308824361826,0.07624032796365107,-0.005183748775702501,0.10000000000000003,1.4,3.3321780845762003e-06,0.005394095368327084,-0.004919337665248401,0.07624032796365107,-0.31382765531062123,0.09819639278557118,0.005805803664934777,0.07408093331002726,0.9444444444444446
aluminum,0.1,7.0,DVP,5,0.007418875628650173,0.0161021307525487,0.07518005208942895,-0.004307525620334707,0.10000000000000003,1.4,-1.3696196163721486e-06,0.004758398633656267,-0.004896873456396146,0.07518005208942895,-0.30541082164328653,0.10380761523046095,0.005972403237835566,0.07293186753308148,0.7619047619047609
aluminum,0.1,7.0,DVP,6,0.0074211328358177436,0.016054242993033693,0.0770518817429178,-0.004520327284099109,0.10000000000000003,1.4,-7.2355558847057625e-06,0.005441304572200122,-0.0048850436767356,0.0770518817429178,-0.31102204408817635,0.09819639278557118,0.005733673552005318,0.07473346025883416,0.8421052631578952
aluminum,0.1,7.0,DVP,7,0.00716510876172387,0.016186544964651994,0.07789495385369086,-0.004869076418915478,0.10000000000000003,1.4,-3.7560306788558965e-06,0.004479077510558984,-0.00413004736127545,0.07789495385369086,-0.31102204408817635,0.09819639278557113,0.0058238194557348995,0.07611149544173833,0.9444444444444456
aluminum,0.1,7.0,DVP,8,0.007443331509216115,0.016137338712887327,0.0764154062500423,-0.003960601659285355,0.10000000000000003,1.4,1.5626580647369828e-06,0.005491780887391608,-0.005202741231343431,0.0764154062500423,-0.319438877755511,0.10380761523046089,0.005966913145161343,0.07417324271225759,0.8499999999999994
aluminum,0.1,7.0,DVP,9,0.007426509430875373,0.01637597166758783,0.07870795259965857,-0.004287989749676301,0.10000000000000003,1.4,2.4206725617019427e-05,0.004797226610084833,-0.005806447095392721,0.07870795259965857,-0.3222444889779559,0.10100200400801607,0.005959632098229513,0.07646082810941257,0.7142857142857151
aluminum,0.1,7.5,DVP,0,0.0073871365696926965,0.016277927632791518,0.07653490643651609,-0.006323163534162021,0.10000000000000003,1.4,7.792667431368707e-06,0.004871359708872376,-0.005004276075244202,0.07653490643651609,-0.3166332665330661,0.10380761523046089,0.006080592747469965,0.07462344769466235,0.7619047619047616
aluminum,0.1,7.5,DVP,1,0.007369746537438034,0.016239904946632445,0.0768994515998437,-0.004434499033872949,0.10000000000000003,1.4,3.3195320279465783e-06,0.005283494040740655,-0.006398080066280475,0.0768994515998437,-0.30821643286573147,0.09819639278557113,0.0058433645551901016,0.07485844054886145,0.9444444444444456
aluminum,0.1,7.5,DVP,2,0.007334999667985764,0.016303473261522372,0.07873620425017042,-0.00424848999777621,0.10000000000000003,1.4,2.1796697061622973e-08,0.005183405567509177,-0.004327919665277281,0.07873620425017042,-0.30541082164328653,0.10100200400801601,0.005949769136278373,0.07673826561898166,0.8947368421052625
aluminum,0.1,7.5,DVP,3,0.007548066962773343,0.016292552262631543,0.07643280997510309,-0.005052020032426329,0.10000000000000003,1.4,-5.546643656430438e-06,0.005316536684840147,-0.009017187866166666,0.07643280997510309,-0.31102204408817635,0.09819639278557113,0.0058050144202854365,0.07412408166527104,0.9444444444444435
aluminum,0.1,7.5,DVP,4,0.0074472492735911874,0.016379269234792663,0.0769856780125922,-0.0052082721849114055,0.10000000000000003,1.4,3.3293909591583322e-06,0.005131315661746424,-0.004946144138593591,0.0769856780125922,-0.31382765531062123,0.10100200400801601,0.005942604376198868,0.07487893610684752,0.7999999999999996
aluminum,0.1,7.5,DVP,5,0.007442551735719941,0.01618809062654172,0.07764318943553897,-0.004328540071725168,0.10000000000000003,1.4,-1.3911002202595667e-06,0.0049150288852194725,-0.004407516467332215,0.07764318943553897,-0.30541082164328653,0.09819639278557113,0.005800132982087513,0.07539151711774487,0.8421052631578941
aluminum,0.1,7.5,DVP,6,0.007444817917125936,0.01612475466990841,0.07839198742232403,-0.004542133466431418,0.10000000000000003,1.4,-7.28035836680032e-06,0.0051479109924509655,-0.005142018301247126,0.07839198742232403,-0.31102204408817635,0.09819639278557113,0.005759261544056302,0.07606843653284451,0.9444444444444435
aluminum,0.1,7.5,DVP,7,0.007187775938642897,0.01624873562054479,0.07923841143195652,-0.004894356096268404,0.10000000000000003,1.4,-3.7869992119681766e-06,0.004496915480910836,-0.004146533661587955,0.07923841143195652,-0.31102204408817635,0.09819639278557113,0.0058558144074270764,0.07747846855446568,0.9444444444444435
aluminum,0.1,7.5,DVP,8,0.0074671048483460215,0.01620300074468504,0.0759351283596029,-0.003978600094669874,0.10000000000000003,1.4,1.5528356548394005e-06,0.0051599303531104715,-0.004792557120437947,0.0759351283596029,-0.29979959919839677,0.10100200400801601,0.00588748596594678,0.07371068457183733,0.7142857142857142
aluminum,0.1,7.5,DVP,9,0.007450215888531581,0.01644080918510132,0.0775292327388705,-0.004310868176489794,0.10000000000000003,1.4,2.428693183365494e-05,0.004816233500758023,-0.005594399116207814,0.0775292327388705,-0.30541082164328653,0.09819639278557113,0.005872439674263491,0.07529267749927279,0.8421052631578941
aluminum,0.1,8.0,DVP,0,0.007410598777131453,0.016345024784306498,0.07688211871027892,-0.006351888876011515,0.10000000000000003,1.4,7.807233882001058e-06,0.004740575432981727,-0.005024286354786325,0.07688211871027892,-0.30821643286573147,0.09819639278557113,0.005880487461546891,0.07490448458463417,0.8421052631578941
aluminum,0.1,8.0,DVP,1,0.00739314136540598,0.01630713750452183,0.07756436458194678,-0.00445514895596576,0.10000000000000003,1.4,3.316766854811174e-06,0.004984259293296066,-0.006513183069590877,0.07756436458194678,-0.30821643286573147,0.09539078156312625,0.00574395578181487,0.0755307490395237,0.8888888888888882
aluminum,0.1,8.0,DVP,2,0.007358259865629756,0.01637784944260404,0.08000391803884552,-0.004267081428438579,0.10000000000000003,1.4,6.254108783251312e-09,0.005050363670378049,-0.004159860518396924,0.08000391803884552,-0.30541082164328653,0.09819639278557113,0.00587148266036696,0.07799902900059476,0.8421052631578961
aluminum,0.1,8.0,DVP,3,0.007572152711592834,0.01637038016761197,0.07742019713289307,-0.005075309173257336,0.10000000000000003,1.4,-5.583761740301028e-06,0.005565571359191234,-0.009052190204857542,0.07742019713289307,-0.294188376753507,0.10100200400801607,0.005943148144153085,0.0751068591325301,0.8000000000000006
aluminum,0.1,8.0,DVP,4,0.007470944393891651,0.01646618294391095,0.07673178115580086,-0.005232266321214817,0.10000000000000003,1.4,3.3266639854671865e-06,0.004809400042130879,-0.0049721594743686055,0.07673178115580086,-0.30541082164328653,0.10100200400801607,0.006006270386431698,0.07467569756620153,0.8000000000000006
aluminum,0.1,8.0,DVP,5,0.007466228654926169,0.016274436103457735,0.07890666822575522,-0.0043491009817808995,0.10000000000000003,1.4,-1.4121172231454058e-06,0.004980703395834698,-0.004202637936590287,0.07890666822575522,-0.30541082164328653,0.09819639278557113,0.005824502601381482,0.07665862715725488,0.8421052631578961
aluminum,0.1,8.0,DVP,6,0.007468503616885396,0.01619722820404371,0.0784063535320734,-0.004563469020011318,0.10000000000000003,1.4,-7.324193906855549e-06,0.004811370278211209,-0.005368078069073599,0.0784063535320734,-0.31102204408817635,0.10380761523046095,0.005998321903917973,0.07608698148080541,0.6818181818181812
aluminum,0.1,8.0,DVP,7,0.00721046570278633,0.016311071343692696,0.07925605709869665,-0.004919076440089722,0.10000000000000003,1.4,-3.817299372229021e-06,0.0045143663476516745,-0.004162664148726488,0.07925605709869665,-0.31102204408817635,0.10100200400801601,0.005972965664238721,0.07751510899382083,0.7999999999999996
aluminum,0.1,8.0,DVP,8,0.00749087690111562,0.016271455238612585,0.0783327948103482,-0.003996210078874222,0.10000000000000003,1.4,1.5432252346705873e-06,0.0049403308167089745,-0.004563907120431643,0.0783327948103482,-0.29979959919839677,0.10100200400801601,0.0059150445915642095,0.07610265997136556,0.8947368421052625
aluminum,0.1,8.0,DVP,9,0.00747392250328714,0.01650251845148588,0.07879226999213015,-0.004333244953560258,0.10000000000000003,1.4,2.436540701030675e-05,0.004874189154858974,-0.005270698397850299,0.07879226999213015,-0.30541082164328653,0.09819639278557113,0.00589858112477951,0.07655444766790555,0.9444444444444456
aluminum,0.2,6.0,DVP,0,0.013043225572035884,0.03177973289456326,0.14863575557227948,-0.013264465055457817,0.10000000000000003,1.4,1.131256001227747e-05,0.009636986201253167,-0.009680162226770836,0.14863575557227948,-0.33346693386773546,0.10380761523046089,0.011772930810881859,0.14609371541046517,0.8499999999999994
aluminum,0.2,6.0,DVP,1,0.013009553706700192,0.0316783443964252,0.1477592160542803,-0.009423081010736632,0.10000000000000003,1.4,2.6513447409843544e-06,0.011031582336878114,-0.011255344174697045,0.1477592160542803,-0.33627254509018034,0.10380761523046095,0.011779825805705843,0.1449923535549844,0.6818181818181827
aluminum,0.2,6.0,DVP,2,0.01294227425075093,0.03177324183371515,0.1448910471789144,-0.008994940804837972,0.10000000000000003,1.4,-3.7339740639622843e-06,0.011093478275701955,-0.009957673243285142,0.1448910471789144,-0.33346693386773546,0.10380761523046095,0.011768857521237679,0.14218859967201436,0.7619047619047625
aluminum,0.2,6.0,DVP,3,0.013354830889661403,0.0317257235613901,0.1492670110645315,-0.010679697113444938,0.10000000000000003,1.4,-1.4515999707552776e-05,0.010877412961243595,-0.017475286816793643,0.1492670110645315,-0.3278557114228457,0.10380761523046095,0.011768121944723915,0.14602629287238533,0.9473684210526317
aluminum,0.2,6.0,DVP,4,0.013159620230826228,0.03183661227557168,0.14897731044810675,-0.011006307068781192,0.10000000000000003,1.4,2.670434332035997e-06,0.011052652627126805,-0.009532169743340816,0.14897731044810675,-0.3278557114228457,0.10100200400801601,0.011625701229042194,0.14617345544261573,0.8947368421052625
aluminum,0.2,6.0,DVP,5,0.01315052451091648,0.03147779486792196,0.14565768299169046,-0.009296957031592237,0.10000000000000003,1.4,-6.469729468930114e-06,0.009737052208524347,-0.011030050318803455,0.14565768299169046,-0.3278557114228457,0.09819639278557113,0.011273993281495252,0.14267076280160895,0.9444444444444435
aluminum,0.2,6.0,DVP,6,0.013154912458794408,0.0314518384050332,0.14747044994340366,-0.009697738250813007,0.10000000000000003,1.4,-1.787294622744423e-05,0.011358150637132414,-0.010578048135855389,0.14747044994340366,-0.3390781563126252,0.09819639278557113,0.011245957144701767,0.14429793488797577,0.5909090909090912
aluminum,0.2,6.0,DVP,7,0.012657208788188438,0.03173774025616164,0.14693066285366185,-0.01087730922656353,0.10000000000000003,1.4,-1.1108846120660943e-05,0.009443918647387969,-0.009284728623232957,0.14693066285366185,-0.33346693386773546,0.10380761523046089,0.011818889718988989,0.14487952975444118,0.8499999999999994
aluminum,0.2,6.0,DVP,8,0.013198066061720443,0.03164130995627126,0.14749209472325828,-0.00858817503654027,0.10000000000000003,1.4,-7.694633111902938e-07,0.011794927063409191,-0.011247468852343206,0.14749209472325828,-0.3306613226452906,0.10100200400801607,0.011517484481329412,0.14439037914864813,0.8947368421052635
aluminum,0.2,6.0,DVP,9,0.013165364409865866,0.0320765233168164,0.15297430717248173,-0.00972337428239946,0.10000000000000003,1.4,4.324997344727728e-05,0.010013667838428244,-0.011634309726976003,0.15297430717248173,-0.3278557114228457,0.10100200400801607,0.01169121107228799,0.14987764055640188,1.0
aluminum,0.2,6.5,DVP,0,0.013089761025078445,0.03190064614748938,0.1469794675636228,-0.013323462795583805,0.10000000000000003,1.4,1.1342477431998603e-05,0.009832997275911984,-0.009720486555449147,0.1469794675636228,-0.3166332665330661,0.10380761523046095,0.011854477991680549,0.144476899721872,0.9473684210526317
aluminum,0.2,6.5,DVP,1,0.013055950771955595,0.031811571846661744,0.14659126158441926,-0.009465588558518112,0.10000000000000003,1.4,2.6456654866415926e-06,0.011083110448571111,-0.0117742614466638,0.14659126158441926,-0.3222444889779559,0.10100200400801607,0.011629673375965266,0.14383131578667144,0.8947368421052635
aluminum,0.2,6.5,DVP,2,0.012988394804594294,0.0319150959805769,0.14297355603874992,-0.009036943046921675,0.10000000000000003,1.4,-3.76589629982365e-06,0.010484164475674008,-0.009361251365650025,0.14297355603874992,-0.32505010020040076,0.10661322645290583,0.012034223054729343,0.14029567586903285,0.8095238095238101
aluminum,0.2,6.5,DVP,3,0.01340264700743526,0.03187544171171673,0.14985100634752732,-0.010727529674692534,0.10000000000000003,1.4,-1.4592234922662625e-05,0.010557927878917045,-0.01754717661385153,0.14985100634752732,-0.3278557114228457,0.09819639278557113,0.011391309234794356,0.14661044107906038,0.8421052631578941
aluminum,0.2,6.5,DVP,4,0.013206634053543479,0.03200563128422073,0.1495601150923647,-0.011055587589803592,0.10000000000000003,1.4,2.6648335338831516e-06,0.010968365212114937,-0.009588241463221231,0.1495601150923647,-0.3278557114228457,0.10100200400801601,0.011676083211568917,0.1467868929974327,0.7999999999999996
aluminum,0.2,6.5,DVP,5,0.013197500951191791,0.03163829295167481,0.14622684431998428,-0.009339186197394591,0.10000000000000003,1.4,-6.512895368690756e-06,0.00950148473684672,-0.010438035796953321,0.14622684431998428,-0.3278557114228457,0.10380761523046095,0.01173323221725578,0.14323386643728084,0.7619047619047609
aluminum,0.2,6.5,DVP,6,0.013201906933069052,0.03158030238601865,0.14700256702283443,-0.00974155842351785,0.10000000000000003,1.4,-1.7962978135902022e-05,0.011151121039501725,-0.009796944621323161,0.14700256702283443,-0.3222444889779559,0.10100200400801601,0.011483203917760811,0.14374640872541503,0.9999999999999989
aluminum,0.2,6.5,DVP,7,0.012702157753283596,0.03185683669143053,0.14758810593993432,-0.010928139430273156,0.10000000000000003,1.4,-1.1171078296714585e-05,0.008942246975891091,-0.008498309702985804,0.14758810593993432,-0.31102204408817635,0.10100200400801601,0.011665524060619855,0.14553189685697787,0.6363636363636365
aluminum,0.2,6.5,DVP,8,0.013245237892715813,0.031754192093086456,0.1481229551691949,-0.008628356476703292,0.10000000000000003,1.4,-7.892017229900738e-07,0.011383395283695145,-0.010858783225788718,0.1481229551691949,-0.319438877755511,0.10661322645290583,0.01194416892935641,0.14501349795177618,1.0
aluminum,0.2,6.5,DVP,9,0.013212401840548353,0.03221409697301313,0.15383773074289697,-0.009769366052697206,0.10000000000000003,1.4,4.3411150241217763e-05,0.009514337775541285,-0.011643415159155263,0.15383773074289697,-0.3222444889779559,0.09258517034068137,0.011097715365383051,0.15075380177210623,0.9411764705882343
aluminum,0.2,7.0,DVP,0,0.01313630551102181,0.03202348411120127,0.14977659978395866,-0.013381344142142163,0.10000000000000003,1.4,1.1371828726108181e-05,0.009859640324802403,-0.009760246701083872,0.14977659978395866,-0.3166332665330661,0.10100200400801607,0.011746360675202122,0.1472684316652012,0.8947368421052635
aluminum,0.2,7.0,DVP,1,0.013102359488775342,0.03194324418249913,0.14928834875418717,-0.0095072364759591,0.10000000000000003,1.4,2.640093690059281e-06,0.01085716659725803,-0.01223740719757994,0.14928834875418717,-0.3166332665330661,0.10661322645290577,0.012097260745040275,0.1465973200384342,0.8999999999999994
aluminum,0.2,7.0,DVP,2,0.013034532242330423,0.03205735959558618,0.1493584581455978,-0.00907815048739467,0.10000000000000003,1.4,-3.7972144911943216e-06,0.010218219330779856,-0.008674216240687663,0.1493584581455978,-0.30541082164328653,0.10100200400801607,0.011697396025661796,0.14670406773241773,0.7142857142857135
aluminum,0.2,7.0,DVP,3,0.01345044792454061,0.032025437555721514,0.1474270227249915,-0.010774457117168738,0.10000000000000003,1.4,-1.4667027574325476e-05,0.010478096472146481,-0.017617706063037208,0.1474270227249915,-0.32505010020040076,0.10100200400801601,0.011637299959871937,0.14418907150823848,0.7142857142857142
aluminum,0.2,7.0,DVP,4,0.013253647857140043,0.032175307586126835,0.14938983272979867,-0.011103935592819887,0.10000000000000003,1.4,2.6593387088919396e-06,0.01063301184162303,-0.009642368293494184,0.14938983272979867,-0.31382765531062123,0.09819639278557118,0.011488435082618997,0.14660988546309822,0.9444444444444446
aluminum,0.2,7.0,DVP,5,0.01324447807972125,0.031801529568659975,0.14722485053234818,-0.009380616275511256,0.10000000000000003,1.4,-6.5552444640541685e-06,0.009391893439639538,-0.00964025318086724,0.14722485053234818,-0.30541082164328653,0.10380761523046095,0.011806825783252699,0.1441696101739043,0.7619047619047609
aluminum,0.2,7.0,DVP,6,0.013248901754346799,0.031711447214302795,0.15095749404538086,-0.009784549402471695,0.10000000000000003,1.4,-1.8051306410926014e-05,0.01072239151717836,-0.00962386344368495,0.15095749404538086,-0.31102204408817635,0.09819639278557118,0.011332291254997996,0.14771533839048936,0.8421052631578952
aluminum,0.2,7.0,DVP,7,0.012747145771834265,0.031975067778247775,0.15260974677500017,-0.010977995671330015,0.10000000000000003,1.4,-1.1232132883915406e-05,0.008786331952874149,-0.008109998800396302,0.15260974677500017,-0.31102204408817635,0.09819639278557113,0.011522653411837067,0.15056383933937068,0.9444444444444456
aluminum,0.2,7.0,DVP,8,0.013292406714655303,0.03187318502124977,0.14975891379662373,-0.00866777757757432,0.10000000000000003,1.4,-8.085666405263578e-07,0.010813920520181347,-0.010249144789035824,0.14975891379662373,-0.319438877755511,0.10380761523046089,0.011789237565694754,0.14664186142866117,0.8499999999999994
aluminum,0.2,7.0,DVP,9,0.013259438805384915,0.03234444845607,0.15425406508244216,-0.009814480755235269,0.10000000000000003,1.4,4.3569277134469076e-05,0.00938567280201761,-0.011444573039627433,0.15425406508244216,-0.3222444889779559,0.10100200400801607,0.011778860613822544,0.1511800352722651,0.7142857142857151
aluminum,0.2,7.5,DVP,0,0.01318286015644055,0.032148964003129804,0.14998564214852012,-0.013438095405189443,0.10000000000000003,1.4,1.1400606957330137e-05,0.009611254919079302,-0.009799484710838234,0.14998564214852012,-0.3166332665330661,0.10380761523046089,0.012012375265443794,0.14752891837287777,0.7619047619047616
aluminum,0.2,7.5,DVP,1,0.01314878101584568,0.03207340491892865,0.15067581800354468,-0.00954804563032745,0.10000000000000003,1.4,2.6346306738611627e-06,0.010412935619121069,-0.01260364099474684,0.15067581800354468,-0.30821643286573147,0.09819639278557113,0.011545754536300454,0.14797063225820706,0.9444444444444456
aluminum,0.2,7.5,DVP,2,0.01308068778680764,0.03219993857363685,0.1542535519792742,-0.009118553374449737,0.10000000000000003,1.4,-3.827921225994116e-06,0.010226461211257969,-0.008548091758341425,0.1542535519792742,-0.30541082164328653,0.10100200400801601,0.011753369585893242,0.15161521644968498,0.8947368421052625
aluminum,0.2,7.5,DVP,3,0.013498234470384873,0.032175277901667645,0.14977648979653616,-0.010820468341742077,0.10000000000000003,1.4,-1.474035996801814e-05,0.010487357453348514,-0.01768685848434707,0.14977648979653616,-0.31102204408817635,0.09819639278557113,0.011469624921254648,0.14653673018120641,0.9444444444444435
aluminum,0.2,7.5,DVP,4,0.013300662657188959,0.03234433981383707,0.15086836564546507,-0.011151339642712086,0.10000000000000003,1.4,2.6539511614807828e-06,0.010111091354473831,-0.009694586258254288,0.15086836564546507,-0.31382765531062123,0.10100200400801601,0.011745895544505308,0.14808182449590465,0.7999999999999996
aluminum,0.2,7.5,DVP,5,0.013291456920752157,0.03196659214952323,0.15211157748522927,-0.00942123746703013,0.10000000000000003,1.4,-6.596766733945575e-06,0.009700405000455568,-0.008668552260003057,0.15211157748522927,-0.30541082164328653,0.09819639278557113,0.011461963882660282,0.1490030309267277,0.8421052631578941
aluminum,0.2,7.5,DVP,6,0.013295897942690326,0.03184607676367426,0.1536158779412159,-0.009826701019583065,0.10000000000000003,1.4,-1.813791015658991e-05,0.010139690718129594,-0.01013315598795363,0.1536158779412159,-0.31102204408817635,0.09819639278557113,0.01137958206800874,0.15034318839095337,0.9444444444444435
aluminum,0.2,7.5,DVP,7,0.012792174338545797,0.03209334200585911,0.15527460993232012,-0.01102686027908842,0.10000000000000003,1.4,-1.1291995437024265e-05,0.00882081275445978,-0.008141867020507718,0.15527460993232012,-0.31102204408817635,0.09819639278557113,0.011578823763482599,0.15320853774599655,0.9444444444444435
aluminum,0.2,7.5,DVP,8,0.013339573506447489,0.031998281262984755,0.14870196255412152,-0.008706429015398254,0.10000000000000003,1.4,-8.275534788698066e-07,0.010154841741951682,-0.009434561779800371,0.14870196255412152,-0.29979959919839677,0.10100200400801601,0.011630768709801578,0.1456143510503221,0.7142857142857142
aluminum,0.2,7.5,DVP,9,0.01330647631447056,0.03246796220266629,0.15188825723885935,-0.009858704303137735,0.10000000000000003,1.4,4.372431673215434e-05,0.00942241335411998,-0.011023126519069185,0.15188825723885935,-0.30541082164328653,0.09819639278557113,0.011604618662015977,0.14881906901903347,0.8421052631578941
aluminum,0.2,8.0,DVP,0,0.013229425388542012,0.03227714326164884,0.15065778069972716,-0.013493648662916607,0.10000000000000003,1.4,1.1428777685181456e-05,0.009354893173234943,-0.0098382166242406,0.15065778069972716,-0.30821643286573147,0.09819639278557113,0.011626647087177523,0.14816786489465952,0.8421052631578941
aluminum,0.2,8.0,DVP,1,0.013195215939694329,0.03220184909606143,0.15199470599056583,-0.009587981704578967,0.10000000000000003,1.4,2.6292829786019044e-06,0.009818696836905678,-0.012831270092215331,0.15199470599056583,-0.30821643286573147,0.09539078156312625,0.011352685313110513,0.1493417712153071,0.8888888888888882
aluminum,0.2,8.0,DVP,2,0.013126862342890271,0.0323424544251559,0.15676807421962163,-0.009158103343225043,0.10000000000000003,1.4,-3.857979751165289e-06,0.009962082819629573,-0.008219497027429294,0.15676807421962163,-0.30541082164328653,0.09819639278557113,0.011596706090648737,0.1541062454838698,0.8421052631578961
aluminum,0.2,8.0,DVP,3,0.013546005597796926,0.03232459148586877,0.15161004538441314,-0.010865508280683622,0.10000000000000003,1.4,-1.4812144334909186e-05,0.010963563007731443,-0.017754551114538192,0.15161004538441314,-0.294188376753507,0.10100200400801607,0.011738446508723414,0.14835044096631309,0.8000000000000006
aluminum,0.2,8.0,DVP,4,0.01334767833016955,0.032511561681207925,0.15035601262174944,-0.011197743004772656,0.10000000000000003,1.4,2.6486773418809986e-06,0.009471849994917372,-0.009745272747176539,0.15035601262174944,-0.30541082164328653,0.10100200400801607,0.011861014082110944,0.14758937000871813,0.8000000000000006
aluminum,0.2,8.0,DVP,5,0.013338437393800768,0.03213266657156789,0.15461790946757673,-0.009461001155189023,0.10000000000000003,1.4,-6.637412480923255e-06,0.009830378055072822,-0.008303998743792583,0.15461790946757673,-0.30541082164328653,0.09539078156312625,0.011310820925788409,0.1515535477714131,0.8888888888888903
aluminum,0.2,8.0,DVP,6,0.013342895396854052,0.03198481683076597,0.1536436889976908,-0.00986796282642668,0.10000000000000003,1.4,-1.8222685720476813e-05,0.009471396178507924,-0.010581129702274903,0.1536436889976908,-0.31102204408817635,0.10380761523046095,0.01185450556349622,0.15043440984686915,0.6818181818181812
aluminum,0.2,8.0,DVP,7,0.012837245707086142,0.03221214473631257,0.1553087634746639,-0.011074666130311115,0.10000000000000003,1.4,-1.1350594308352405e-05,0.008854561475635897,-0.0081730625103323,0.1553087634746639,-0.31102204408817635,0.10100200400801601,0.011810654548873247,0.15329428533983253,0.7999999999999996
aluminum,0.2,8.0,DVP,8,0.013386737962663039,0.03212912155676575,0.15345875542475107,-0.008744264530878138,0.10000000000000003,1.4,-8.461395117158217e-07,0.009750594823882235,-0.009011879160425722,0.15345875542475107,-0.29979959919839677,0.10100200400801601,0.01168368653664516,0.15035698322738852,0.8947368421052625
aluminum,0.2,8.0,DVP,9,0.013353514217105705,0.03258555811035261,0.15439373531261008,-0.00990197868142448,0.10000000000000003,1.4,4.387608348008386e-05,0.009608734209210601,-0.010380160020778767,0.15439373531261008,-0.30541082164328653,0.09819639278557113,0.011654496665771404,0.15131649233704675,0.9444444444444456
aluminum,0.5,6.0,DVP,0,0.029693961447330164,0.07742555270767192,0.36033055798733105,-0.033817985359037885,0.10000000000000003,1.4,2.1679831594621903e-05,0.02344253762215069,-0.023455682844333976,0.36033055798733105,-0.33346693386773546,0.10380761523046089,0.028678649218596627,0.35602049487818616,0.8499999999999994
aluminum,0.5,6.0,DVP,1,0.0296123340888091,0.07717812476059069,0.3582006371846245,-0.024116402090250396,0.10000000000000003,1.4,6.833077273035865e-07,0.02684098929562044,-0.027358181139460994,0.3582006371846245,-0.33627254509018034,0.10380761523046095,0.02873144233083409,0.3537019907255335,0.6818181818181827
aluminum,0.5,6.0,DVP,2,0.029449235186591417,0.0774107685847573,0.35125263338960905,-0.02354997319359624,0.10000000000000003,1.4,-1.479598640049156e-05,0.02697336668549046,-0.024229347852618544,0.35125263338960905,-0.33346693386773546,0.10380761523046095,0.02866036133793658,0.34648154443344525,0.7619047619047625
aluminum,0.5,6.0,DVP,3,0.030449355267224296,0.07729067493226632,0.36183530517718776,-0.027255105334690784,0.10000000000000003,1.4,-4.093378019416633e-05,0.026465378206096027,-0.04238724266139318,0.36183530517718776,-0.3278557114228457,0.10380761523046095,0.028667216172703486,0.35584255187777286,0.9473684210526317
aluminum,0.5,6.0,DVP,4,0.029976125457202987,0.07755769638822636,0.36113301274862986,-0.028083476511447682,0.10000000000000003,1.4,7.295847267289775e-07,0.026892609935421447,-0.0231093672787839,0.36113301274862986,-0.3278557114228457,0.10100200400801601,0.028333931583103742,0.35633991546618743,0.8947368421052625
aluminum,0.5,6.0,DVP,5,0.029954075606899836,0.07668375036952298,0.3530855696432418,-0.023930621710208086,0.10000000000000003,1.4,-2.1428006487318992e-05,0.023690128244686012,-0.02682900507803282,0.3530855696432418,-0.3278557114228457,0.09819639278557113,0.027508361802457918,0.34813872762692744,0.9444444444444435
aluminum,0.5,6.0,DVP,6,0.029964712873087274,0.07662681200299049,0.3574827652390385,-0.024882734244411377,0.10000000000000003,1.4,-4.907169219825025e-05,0.027632543402968376,-0.025723068643026065,0.3574827652390385,-0.3390781563126252,0.09819639278557113,0.027418302394825983,0.3518610040497132,0.5909090909090912
aluminum,0.5,6.0,DVP,7,0.02875817930113393,0.07732618734679615,0.3561970710757304,-0.02849896835819441,0.10000000000000003,1.4,-3.267415618460018e-05,0.022983903507590733,-0.022587802613459884,0.3561970710757304,-0.33346693386773546,0.10380761523046089,0.02878768258015362,0.35305413572020267,0.8499999999999994
aluminum,0.5,6.0,DVP,8,0.03006932586623159,0.07708455690988142,0.35755043490973176,-0.022970062753900705,0.10000000000000003,1.4,-7.6094174461553834e-06,0.02868685762520508,-0.027362840197699967,0.35755043490973176,-0.3306613226452906,0.10100200400801607,0.028090280366785715,0.35220856062829775,0.8947368421052635
aluminum,0.5,6.0,DVP,9,0.029990050499881897,0.07814433214251837,0.3708225348875251,-0.025664945034260582,0.10000000000000003,1.4,9.910253065522026e-05,0.02436508987848167,-0.028304044060160197,0.3708225348875251,-0.3278557114228457,0.10100200400801607,0.028476973234271723,0.36515176596653154,1.0
aluminum,0.5,6.5,DVP,0,0.029807632280057433,0.07771252460339191,0.3562169574164907,-0.033964476422526556,0.10000000000000003,1.4,2.1751694215059576e-05,0.02393608233929495,-0.023552566481137845,0.3562169574164907,-0.3166332665330661,0.10380761523046095,0.028875964379987552,0.35203533409964227,0.9473684210526317
aluminum,0.5,6.5,DVP,1,0.029725672509549734,0.07749501608385528,0.3553372144732783,-0.024218510855125365,0.10000000000000003,1.4,6.696659735039873e-07,0.02696604482090119,-0.028624280092620503,0.3553372144732783,-0.3222444889779559,0.10100200400801607,0.028360025408565175,0.3508275348250647,0.8947368421052635
aluminum,0.5,6.5,DVP,2,0.029561909417885217,0.0777486321523881,0.34658361766851303,-0.023650863951107846,0.10000000000000003,1.4,-1.4872664653399183e-05,0.025484283459882073,-0.022771784460675848,0.34658361766851303,-0.32505010020040076,0.10661322645290583,0.029308511378951116,0.34192664691063834,0.8095238095238101
aluminum,0.5,6.5,DVP,3,0.030566102298482375,0.07764764635353467,0.3632608369320668,-0.027370000709756055,0.10000000000000003,1.4,-4.111689967117348e-05,0.025684319108907963,-0.04255992430314633,0.3632608369320668,-0.3278557114228457,0.09819639278557113,0.027743928373562026,0.35720815191700783,0.8421052631578941
aluminum,0.5,6.5,DVP,4,0.030090945349519782,0.07796159632890765,0.36255568455035597,-0.028201849933204702,0.10000000000000003,1.4,7.161314272612802e-07,0.02668596542385407,-0.023244775069400266,0.36255568455035597,-0.3278557114228457,0.10100200400801601,0.028460078147213137,0.35788001743792613,0.7999999999999996
aluminum,0.5,6.5,DVP,5,0.030068805705369604,0.07706689001609959,0.35447546975422106,-0.024032057546320637,0.10000000000000003,1.4,-2.1531692388303922e-05,0.023132832999217326,-0.02538202829869779,0.35447546975422106,-0.3278557114228457,0.10380761523046095,0.02859304027180521,0.3491981288591696,0.7619047619047609
aluminum,0.5,6.5,DVP,6,0.030079486289812704,0.07693208442228339,0.3563342640729542,-0.024987991731090516,0.10000000000000003,1.4,-4.928795178349188e-05,0.027126069946893067,-0.023814255953846092,0.3563342640729542,-0.3222444889779559,0.10100200400801601,0.028006265134011506,0.35062401865704923,0.9999999999999989
aluminum,0.5,6.5,DVP,7,0.02886803933797238,0.07760874438337514,0.3575943464762256,-0.028621063292878262,0.10000000000000003,1.4,-3.282363990423936e-05,0.02175807101201998,-0.020666222146069585,0.3575943464762256,-0.31102204408817635,0.10100200400801601,0.028406904380222427,0.35438376132287974,0.6363636363636365
aluminum,0.5,6.5,DVP,8,0.030184525299595418,0.07735198769255228,0.359024323662554,-0.02306111273963672,0.10000000000000003,1.4,-7.6568297555554e-06,0.02768081683817101,-0.026412485110397704,0.359024323662554,-0.319438877755511,0.10661322645290583,0.029127086377153277,0.35366704940634264,1.0
aluminum,0.5,6.5,DVP,9,0.03010492709930259,0.07847183781331782,0.3729034523556727,-0.025775418295104692,0.10000000000000003,1.4,9.948968258148669e-05,0.023144882003304952,-0.028325192620350576,0.3729034523556727,-0.3222444889779559,0.09258517034068137,0.02702168872774454,0.3671534962778069,0.9411764705882343
aluminum,0.5,7.0,DVP,0,0.029921324564572697,0.07800452994928413,0.36304781396719116,-0.03410823737111297,0.10000000000000003,1.4,2.182221752954829e-05,0.02400058848528505,-0.023648129797263266,0.36304781396719116,-0.3166332665330661,0.10100200400801607,0.028604041149919622,0.35877705572040985,0.8947368421052635
aluminum,0.5,7.0,DVP,1,0.02983903857715195,0.07780848737974973,0.36186428154026257,-0.024318581574159157,0.10000000000000003,1.4,6.562784359863648e-07,0.02641345692785249,-0.029754213040238967,0.36186428154026257,-0.3166332665330661,0.10661322645290577,0.029489449800934014,0.35745273618579726,0.8999999999999994
aluminum,0.5,7.0,DVP,2,0.02967462367436228,0.07808785232486208,0.36188087376480954,-0.02374987441512166,0.10000000000000003,1.4,-1.494791389559371e-05,0.024870580664852246,-0.021127633990500785,0.36188087376480954,-0.30541082164328653,0.10100200400801607,0.028481924938222998,0.35722176180850734,0.7142857142857135
aluminum,0.5,7.0,DVP,3,0.030682813451236406,0.07800565711721898,0.3573601157259328,-0.02748275481034222,0.10000000000000003,1.4,-4.12966064207466e-05,0.02550052920580842,-0.04272938771713655,0.3573601157259328,-0.32505010020040076,0.10100200400801601,0.028341805437640272,0.3513320976241879,0.7142857142857142
aluminum,0.5,7.0,DVP,4,0.030205765278907285,0.07836746314823592,0.3620860850498279,-0.02831801726105352,0.10000000000000003,1.4,7.029288319024048e-07,0.02586616897166817,-0.02337548812023961,0.3620860850498279,-0.31382765531062123,0.09819639278557118,0.027987265760464425,0.3572521295109132,0.9444444444444446
aluminum,0.5,7.0,DVP,5,0.030183537514374068,0.07745705597778169,0.35670895677406717,-0.024131602949793836,0.10000000000000003,1.4,-2.163344594423739e-05,0.022864670644729412,-0.02343254191817551,0.35670895677406717,-0.30541082164328653,0.10380761523046095,0.028783132964323624,0.3514188073046985,0.7619047619047609
aluminum,0.5,7.0,DVP,6,0.030194260609762054,0.0772442329401848,0.3658522744325427,-0.025091287562047367,0.10000000000000003,1.4,-4.9500181017935766e-05,0.02607816740334587,-0.02340289322758382,0.3658522744325427,-0.31102204408817635,0.09819639278557118,0.027638024837511994,0.3601958432379487,0.8421052631578952
aluminum,0.5,7.0,DVP,7,0.02897799184738601,0.07788955325025566,0.369857375423115,-0.02874085318988921,0.10000000000000003,1.4,-3.2970337757088504e-05,0.021310502562067478,-0.019682472984916925,0.369857375423115,-0.31102204408817635,0.09819639278557113,0.028060865163514043,0.36671998557725605,0.9444444444444456
aluminum,0.5,7.0,DVP,8,0.030299717696624626,0.07763462588497796,0.36301926650899125,-0.023146758748443238,0.10000000000000003,1.4,-7.703358475830673e-06,0.02628906499090842,-0.02492253359524907,0.36301926650899125,-0.319438877755511,0.10380761523046089,0.02874872153621788,0.3576468792832276,0.8499999999999994
aluminum,0.5,7.0,DVP,9,0.030219802678958806,0.07878214753662459,0.37391891522468984,-0.025883816140629803,0.10000000000000003,1.4,9.986961923905343e-05,0.022727462498560606,-0.027838508477479068,0.37391891522468984,-0.3222444889779559,0.10100200400801607,0.02867616785717884,0.3682106151424224,0.7142857142857151
aluminum,0.5,7.5,DVP,0,0.030035041047138156,0.07830331552798829,0.36355778137265476,-0.034249234393975606,0.10000000000000003,1.4,2.1891384963587376e-05,0.023393411761065575,-0.023742475974334723,0.36355778137265476,-0.3166332665330661,0.10380761523046089,0.02924305415876355,0.3593506789567983,0.7619047619047616
aluminum,0.5,7.5,DVP,1,0.029952435114600214,0.078118646263198,0.3651947910850752,-0.02441666573386438,0.10000000000000003,1.4,6.431482750587931e-07,0.025327773439334893,-0.030647502771364396,0.3651947910850752,-0.30821643286573147,0.09819639278557113,0.028154144251914523,0.36083940033911555,0.9444444444444456
aluminum,0.5,7.5,DVP,2,0.029787380932305086,0.07842820281402572,0.3738347630685145,-0.023846981286022976,0.10000000000000003,1.4,-1.5021716417648552e-05,0.024890115313850616,-0.020819053690481787,0.3738347630685145,-0.30541082164328653,0.10100200400801601,0.028625682196752104,0.3693069076470375,0.8947368421052625
aluminum,0.5,7.5,DVP,3,0.030799490761747615,0.07836365645662512,0.3630373434311644,-0.027593341118060166,0.10000000000000003,1.4,-4.147285816632709e-05,0.025522513226395926,-0.042895593051056245,0.3630373434311644,-0.31102204408817635,0.09819639278557113,0.02793092281509592,0.356992194588086,0.9444444444444435
aluminum,0.5,7.5,DVP,4,0.0303205877264194,0.07877213535378341,0.36569648814720296,-0.0284319511738556,0.10000000000000003,1.4,6.899800574644288e-07,0.024590746830250435,-0.02350159488311384,0.36569648814720296,-0.31382765531062123,0.10100200400801601,0.028631878796861646,0.36105011114267854,0.7999999999999996
aluminum,0.5,7.5,DVP,5,0.03029827353569198,0.0778520329058168,0.3686427365835596,-0.024229234508763013,0.10000000000000003,1.4,-2.1733243212201796e-05,0.023614806320142095,-0.021058333257153672,0.3686427365835596,-0.30541082164328653,0.09819639278557113,0.027926578174139197,0.3630605065515913,0.8421052631578941
aluminum,0.5,7.5,DVP,6,0.030309038324716008,0.07756521513020197,0.3723438057576859,-0.025192597443362462,0.10000000000000003,1.4,-4.970832997613196e-05,0.024654250228179755,-0.02464584864622331,0.3723438057576859,-0.31102204408817635,0.09819639278557113,0.027749054818243062,0.3665894291059667,0.9444444444444435
aluminum,0.5,7.5,DVP,7,0.02908804045518654,0.07817082447894139,0.3763644794179925,-0.02885829551836508,0.10000000000000003,1.4,-3.311421522987957e-05,0.021393375596009782,-0.019759067094905183,0.3763644794179925,-0.31102204408817635,0.09819639278557113,0.02819276905302698,0.37313530411026236,0.9444444444444435
aluminum,0.5,7.5,DVP,8,0.030414905450773275,0.07793245869394679,0.360285526596645,-0.023225852395164774,0.10000000000000003,1.4,-7.74899265227056e-06,0.02467850716488995,-0.02293208302010044,0.360285526596645,-0.29979959919839677,0.10100200400801601,0.02835540954865059,0.35493503241779245,0.7142857142857142
aluminum,0.5,7.5,DVP,9,0.0303346797068162,0.0790761953507383,0.36810142078498087,-0.02599010473292943,0.10000000000000003,1.4,0.00010024225128317579,0.022815767081587814,-0.02680819542892765,0.36810142078498087,-0.30541082164328653,0.09819639278557113,0.02824882730573231,0.36237488902202203,0.8421052631578941
aluminum,0.5,8.0,DVP,0,0.0301487827663358,0.07860902433738143,0.36517470556135373,-0.03438729670860977,0.10000000000000003,1.4,2.195911274366011e-05,0.022771909371817375,-0.023835644638499964,0.36517470556135373,-0.30821643286573147,0.09819639278557113,0.028311143814633732,0.36095522940120167,0.8421052631578941
aluminum,0.5,8.0,DVP,1,0.030065863548009674,0.07842499615151306,0.36841523716331975,-0.024512680004392755,0.10000000000000003,1.4,6.302914000857804e-07,0.02387575369447824,-0.031202323127231077,0.36841523716331975,-0.30821643286573147,0.09539078156312625,0.027674707380036394,0.36410368938496956,0.8888888888888882
aluminum,0.5,8.0,DVP,2,0.029900183392155465,0.0787687656808943,0.37997462065295534,-0.023942066920316217,0.10000000000000003,1.4,-1.5093982820861878e-05,0.024243850807453227,-0.020023670876769553,0.37997462065295534,-0.30541082164328653,0.09819639278557113,0.028245023298101447,0.37541411158811927,0.8421052631578961
aluminum,0.5,8.0,DVP,3,0.030916131682298047,0.0787207435921491,0.3673312964542176,-0.027701625685353906,0.10000000000000003,1.4,-4.164544141769303e-05,0.026659261801179113,-0.04305833899037886,0.3673312964542176,-0.294188376753507,0.10100200400801607,0.02858900993381165,0.3613164677513032,0.8000000000000006
aluminum,0.5,8.0,DVP,4,0.03043541239103913,0.07917277881692232,0.3644326241150461,-0.028543513669271613,0.10000000000000003,1.4,6.773007936073209e-07,0.02302881985763501,-0.023624017494264224,0.3644326241150461,-0.30541082164328653,0.10100200400801607,0.02890812780417858,0.3598307860986127,0.8000000000000006
aluminum,0.5,8.0,DVP,5,0.030413013572989988,0.07824984386728631,0.37476290323225775,-0.024324833967098808,0.10000000000000003,1.4,-2.183096330738502e-05,0.023931739756549775,-0.020229494013965454,0.37476290323225775,-0.30541082164328653,0.09539078156312625,0.027545105436900034,0.36916661185527055,0.8888888888888903
aluminum,0.5,8.0,DVP,6,0.030423819187839835,0.07789655569676114,0.3724107105823321,-0.02529179866354212,0.10000000000000003,1.4,-4.9912146532390957e-05,0.0230213176424476,-0.02573907983573713,0.3724107105823321,-0.31102204408817635,0.10380761523046095,0.02888912805917799,0.36667784219566363,0.6818181818181812
aluminum,0.5,8.0,DVP,7,0.029198190642665593,0.07845374029960027,0.3764466327832456,-0.028973226921877947,0.10000000000000003,1.4,-3.325509804569568e-05,0.02147451346315926,-0.01983406697715536,0.3764466327832456,-0.31102204408817635,0.09819639278557113,0.028269465554943165,0.37329378813270114,0.7499999999999998
aluminum,0.5,8.0,DVP,8,0.030530087818547075,0.07824461762875018,0.37190193321124554,-0.02329685164544296,0.10000000000000003,1.4,-7.79367700505476e-06,0.023737362475509102,-0.02194521324594695,0.37190193321124554,-0.29979959919839677,0.10100200400801601,0.028485607945207637,0.36654773780973493,0.8947368421052625
aluminum,0.5,8.0,DVP,9,0.030449557815747375,0.07935621710200061,0.3742195344752364,-0.026094142905522,0.10000000000000003,1.4,0.0001006071273691277,0.023375334444171475,-0.025236902278216927,0.3742195344752364,-0.30541082164328653,0.09819639278557113,0.028381916181376136,0.3686097410287485,0.9444444444444456
aluminum,1.0,6.0,DVP,0,0.05580067078266811,0.14899579162884768,0.6922471000454984,-0.06695333212019534,0.10000000000000003,1.4,3.793468950768045e-05,0.04508827873886652,-0.0450543386274268,0.6922471000454984,-0.33346693386773546,0.10380761523046089,0.05517910404018604,0.6851067483192614,0.8499999999999994
aluminum,1.0,6.0,DVP,1,0.05564385394717738,0.14851940204666322,0.6881520011791151,-0.04715407835072259,0.10000000000000003,1.4,-2.402379936121697e-06,0.05162857798401885,-0.05260583909656,0.6881520011791151,-0.33627254509018034,0.10380761523046095,0.05531663161357098,0.6810029084676008,0.6818181818181827
aluminum,1.0,6.0,DVP,2,0.05533051961685983,0.1489680011053376,0.6748072191767476,-0.046370826445106116,0.10000000000000003,1.4,-3.21401291997411e-05,0.05187146332799833,-0.04660592409194386,0.6748072191767476,-0.33346693386773546,0.10380761523046095,0.05513637158359835,0.6667137178333434,0.7619047619047625
aluminum,1.0,6.0,DVP,3,0.05725188114315624,0.14873414071230348,0.6951213959464143,-0.05324370834824908,0.10000000000000003,1.4,-8.235425083367153e-05,0.050905768157901626,-0.08144672898564181,0.6951213959464143,-0.3278557114228457,0.10380761523046095,0.0551465211454456,0.6846518303649163,0.9473684210526317
aluminum,1.0,6.0,DVP,4,0.05634274476275668,0.14924596320462338,0.6937722003062402,-0.0548587915635297,0.10000000000000003,1.4,-2.3134757655424132e-06,0.05172809855459948,-0.04439707205657737,0.6937722003062402,-0.3278557114228457,0.10100200400801601,0.0545544744585933,0.6860946963733371,0.8947368421052625
aluminum,1.0,6.0,DVP,5,0.05630038411541694,0.14756438800315247,0.6783120092080198,-0.04687476262606254,0.10000000000000003,1.4,-4.488110749145976e-05,0.04556717338780371,-0.05160020574991103,0.6783120092080198,-0.3278557114228457,0.09819639278557113,0.05296849072829113,0.6703557747124005,0.9444444444444435
aluminum,1.0,6.0,DVP,6,0.05632081969549706,0.14745884912114574,0.6867613336655276,-0.048691308209682885,0.10000000000000003,1.4,-9.798824452284744e-05,0.05314918391236553,-0.04946896499377523,0.6867613336655276,-0.3390781563126252,0.09819639278557113,0.05275713253849521,0.6771180258270719,0.5909090909090912
aluminum,1.0,6.0,DVP,7,0.054002910846122534,0.14880646368802078,0.6843061308807021,-0.056127989465813176,0.10000000000000003,1.4,-6.648643245769006e-05,0.04421326248593335,-0.043445708746284895,0.6843061308807021,-0.33346693386773546,0.10380761523046089,0.05538474077932262,0.6793710831838532,0.8499999999999994
aluminum,1.0,6.0,DVP,8,0.056521794942440425,0.14833721417723722,0.6869011658193876,-0.045735506396326876,0.10000000000000003,1.4,-1.8333789978754845e-05,0.055171736407280125,-0.05263015082560485,0.6869011658193876,-0.3306613226452906,0.10100200400801607,0.05410358228723097,0.6783320352237309,0.8947368421052635
aluminum,1.0,6.0,DVP,9,0.05636949659163542,0.15037619183963125,0.712387040070371,-0.05065975349705517,0.10000000000000003,1.4,0.00018667382405532844,0.04686670221288643,-0.05444054110107857,0.712387040070371,-0.3278557114228457,0.10100200400801607,0.054806390251915964,0.7027892397245971,1.0
aluminum,1.0,6.5,DVP,0,0.05601960326008621,0.14954310193786327,0.6842806760746909,-0.06723388622219063,0.10000000000000003,1.4,3.8072318060105804e-05,0.04604832682138926,-0.045239901673267045,0.6842806760746909,-0.3166332665330661,0.10380761523046095,0.05553898634069902,0.6772257493104284,0.9473684210526317
aluminum,1.0,6.5,DVP,1,0.05586214980182696,0.14912423379801157,0.6826302517187735,-0.0473496359374602,0.10000000000000003,1.4,-2.4285061026501317e-06,0.051868917231838424,-0.05504344513010814,0.6826302517187735,-0.3222444889779559,0.10100200400801607,0.054599705678782536,0.6754577612362223,0.8947368421052635
aluminum,1.0,6.5,DVP,2,0.055547543441193205,0.1496131610911059,0.665824084668265,-0.046564048578659006,0.10000000000000003,1.4,-3.2286980467030185e-05,0.04900298853388732,-0.04379817585658058,0.665824084668265,-0.32505010020040076,0.10661322645290583,0.05642193342081486,0.6583365198069272,0.8095238095238101
aluminum,1.0,6.5,DVP,3,0.057476705038766125,0.1494160367971402,0.6978663737744928,-0.053463751591892685,0.10000000000000003,1.4,-8.270495427686346e-05,0.049401006592967756,-0.08177744228512707,0.6978663737744928,-0.3278557114228457,0.09819639278557113,0.053387583307302845,0.6874489961171322,0.8421052631578941
aluminum,1.0,6.5,DVP,4,0.056563877875309795,0.15001810339592483,0.6965117008610335,-0.05508549582964843,0.10000000000000003,1.4,-2.33924101151637e-06,0.05132961020028459,-0.044656870970446405,0.6965117008610335,-0.3278557114228457,0.10100200400801601,0.0547832595407156,0.6889277904650928,0.7999999999999996
aluminum,1.0,6.5,DVP,5,0.056521345258216275,0.14829657823609196,0.6809887466696293,-0.04706902867364913,0.10000000000000003,1.4,-4.507968277708015e-05,0.04450544076861321,-0.04881273259155633,0.6809887466696293,-0.3278557114228457,0.10380761523046095,0.055052415893482386,0.672369248593248,0.7619047619047609
aluminum,1.0,6.5,DVP,6,0.05654186379976879,0.14804131366547765,0.6845456903120308,-0.04889289333679087,0.10000000000000003,1.4,-9.840241663835511e-05,0.05217321206095116,-0.045792015697431576,0.6845456903120308,-0.3222444889779559,0.10100200400801601,0.05389628000004179,0.674824184751265,0.9999999999999989
aluminum,1.0,6.5,DVP,7,0.054214545032484414,0.14934528592938978,0.6868633902800403,-0.056361820460172685,0.10000000000000003,1.4,-6.67727179802346e-05,0.041852017340271414,-0.039744307087694886,0.6868633902800403,-0.31102204408817635,0.10100200400801601,0.054662822002426274,0.68191302191739,0.6363636363636365
aluminum,1.0,6.5,DVP,8,0.05674365493754243,0.14884693729870518,0.6896968396953516,-0.04590977751066488,0.10000000000000003,1.4,-1.8424592226367774e-05,0.05323356421370723,-0.05079915349737718,0.6896968396953516,-0.319438877755511,0.10661322645290583,0.05609864823029881,0.6811007693939718,1.0
aluminum,1.0,6.5,DVP,9,0.056590738307472806,0.15100146548327092,0.7163768677238518,-0.050871327366533714,0.10000000000000003,1.4,0.00018741528267055037,0.044516229125847975,-0.05448057209654572,0.7163768677238518,-0.3222444889779559,0.09258517034068137,0.05202493258428588,0.706835960359726,0.9411764705882343
aluminum,1.0,7.0,DVP,0,0.056238576660880855,0.15010031992295486,0.6974360139828769,-0.06750923905156139,0.10000000000000003,1.4,3.8207395036176495e-05,0.04617219856406646,-0.04542295884929763,0.6974360139828769,-0.3166332665330661,0.10100200400801607,0.05502497801771005,0.6903002928817683,0.8947368421052635
aluminum,1.0,7.0,DVP,1,0.05608049838238443,0.14972272187833804,0.6951623489949735,-0.04754130783923826,0.10000000000000003,1.4,-2.454147950029382e-06,0.050804183742488296,-0.05721883454663032,0.6951623489949735,-0.3166332665330661,0.10661322645290577,0.056791709769491314,0.6883629706348846,0.8999999999999994
aluminum,1.0,7.0,DVP,2,0.055764643573967786,0.15026116288041638,0.6950950315875243,-0.04675368847464423,0.10000000000000003,1.4,-3.243110925804723e-05,0.047844036089879305,-0.04065336305502254,0.6950950315875243,-0.30541082164328653,0.10100200400801607,0.05483638810403099,0.687668742056716,0.7142857142857135
aluminum,1.0,7.0,DVP,3,0.057701460635068084,0.15010016662569206,0.6865144714187668,-0.05367971539099693,0.10000000000000003,1.4,-8.304915597007339e-05,0.049054220035130214,-0.08210202438467501,0.6865144714187668,-0.32505010020040076,0.10100200400801601,0.05453639234701729,0.676147271103138,0.7142857142857142
aluminum,1.0,7.0,DVP,4,0.056785011113036174,0.15079426397698403,0.6955728016503675,-0.055307997160629715,0.10000000000000003,1.4,-2.3645286295503295e-06,0.04975025484223272,-0.0449076636510627,0.6955728016503675,-0.31382765531062123,0.09819639278557118,0.053887779315662104,0.68784400291731,0.9444444444444446
aluminum,1.0,7.0,DVP,5,0.056742309714385285,0.14904251759764184,0.6851593455728118,-0.047259693167496154,0.10000000000000003,1.4,-4.527457666008025e-05,0.04398865465764809,-0.04505748845691815,0.6851593455728118,-0.30541082164328653,0.10380761523046095,0.055407013961789126,0.6764296989809445,0.7619047619047609
aluminum,1.0,7.0,DVP,6,0.056762909679363746,0.14863723199854917,0.7027860659037716,-0.049090741219653664,0.10000000000000003,1.4,-9.880891034003741e-05,0.050154507373015925,-0.045007051036906776,0.7027860659037716,-0.31102204408817635,0.09819639278557118,0.05317030011914559,0.6930030898868345,0.8421052631578952
aluminum,1.0,7.0,DVP,7,0.05442635544732518,0.14988097609912757,0.710480200587443,-0.0565912594226919,0.10000000000000003,1.4,-6.705369601502653e-05,0.04094716512216072,-0.03782696954583198,0.710480200587443,-0.31102204408817635,0.09819639278557113,0.05398463654152219,0.7055651657302029,0.9444444444444456
aluminum,1.0,7.0,DVP,8,0.05696550158193455,0.14938613006685042,0.6973904368110984,-0.04607367997738095,0.10000000000000003,1.4,-1.8513711106492914e-05,0.05055256311167802,-0.04792895801980557,0.6973904368110984,-0.319438877755511,0.10380761523046089,0.05536920833836697,0.6887679262468942,0.8499999999999994
aluminum,1.0,7.0,DVP,9,0.05681197813505615,0.15159390617262888,0.718331704953893,-0.05107894693007556,0.10000000000000003,1.4,0.00018814299513142643,0.04372328001046191,-0.053542580089913305,0.718331704953893,-0.3222444889779559,0.10100200400801607,0.05517335289042653,0.7085315061767459,0.7142857142857151
aluminum,1.0,7.5,DVP,0,0.05645759627082453,0.150670806658096,0.6984178021314835,-0.06777932597336145,0.10000000000000003,1.4,3.8339888751175613e-05,0.04500247248862435,-0.045603709189940334,0.6984178021314835,-0.3166332665330661,0.10380761523046089,0.05625658904959097,0.6914425058845312,0.7619047619047616
aluminum,1.0,7.5,DVP,1,0.056298905121289426,0.15031507449810913,0.7015393538178454,-0.047729193550521055,0.10000000000000003,1.4,-2.4792994366435174e-06,0.04871276607102813,-0.05893849592729569,0.7015393538178454,-0.30821643286573147,0.09819639278557113,0.054206549073575645,0.6947197260651433,0.9444444444444456
aluminum,1.0,7.5,DVP,2,0.055981825740677636,0.15091157304401173,0.7181164150232494,-0.046939701591822994,0.10000000000000003,1.4,-3.2572481718143354e-05,0.04788127668458225,-0.040058710053220425,0.7181164150232494,-0.30541082164328653,0.10100200400801601,0.05512433138042536,0.711066855541155,0.8947368421052625
aluminum,1.0,7.5,DVP,3,0.057926151860550945,0.15078451127558223,0.6974092991299026,-0.05389154905129964,0.10000000000000003,1.4,-8.338677509453976e-05,0.04909615252487767,-0.08242039910009408,0.6974092991299026,-0.31102204408817635,0.09819639278557113,0.053734472009587274,0.6869030483219623,0.9444444444444435
aluminum,1.0,7.5,DVP,4,0.05700614925471898,0.1515683671846089,0.7025257666375823,-0.055526243327623834,0.10000000000000003,1.4,-2.3893326611784393e-06,0.047293416526838425,-0.045149620751720805,0.7025257666375823,-0.31382765531062123,0.10100200400801601,0.055096845118896474,0.6948585244014034,0.7999999999999996
aluminum,1.0,7.5,DVP,5,0.056963282302326036,0.14979794830359291,0.7081422082562505,-0.04744671135197383,0.10000000000000003,1.4,-4.5465743369467476e-05,0.045431213327551734,-0.04048428617861216,0.7081422082562505,-0.30541082164328653,0.09819639278557113,0.05376451211261337,0.6989161682242596,0.8421052631578941
aluminum,1.0,7.5,DVP,6,0.0569839621335711,0.14925037061130766,0.7152875938156079,-0.04928480541644868,0.10000000000000003,1.4,-9.9207630187019e-05,0.04741164600319671,-0.04740031738202885,0.7152875938156079,-0.31102204408817635,0.09819639278557113,0.05337232036658675,0.7052098699140875,0.9444444444444435
aluminum,1.0,7.5,DVP,7,0.05463834905782079,0.15041778621666604,0.7230115587350344,-0.05681622484414453,0.10000000000000003,1.4,-6.73293005841094e-05,0.04110591239695855,-0.037973689433775284,0.7230115587350344,-0.31102204408817635,0.09819639278557113,0.05424676819190266,0.7180094042475124,0.9444444444444435
aluminum,1.0,7.5,DVP,8,0.0571873394869384,0.14995477146018923,0.692027657873194,-0.04622500242334181,0.10000000000000003,1.4,-1.860112567723249e-05,0.047450180111966,-0.04409486323637324,0.692027657873194,-0.29979959919839677,0.10100200400801601,0.0546093715643843,0.683439844325118,0.7142857142857142
aluminum,1.0,7.5,DVP,9,0.05703322082814826,0.1521553097198804,0.7071023068387764,-0.051282547382109,0.10000000000000003,1.4,0.00018885679064095,0.04381522292588925,-0.051557624460434104,0.7071023068387764,-0.30541082164328653,0.09819639278557113,0.054363533033335625,0.6973949757704122,0.8421052631578941
aluminum,1.0,8.0,DVP,0,0.056676664087074204,0.15125483938046771,0.7015160568876075,-0.06804381851904986,0.10000000000000003,1.4,3.8469638082262436e-05,0.043808465633792315,-0.045782229302832544,0.7015160568876075,-0.30821643286573147,0.09819639278557113,0.05445187921108415,0.6943922518764493,0.8421052631578941
aluminum,1.0,8.0,DVP,1,0.056517372761047326,0.15090033794854749,0.7077412551749215,-0.047913132894224254,0.10000000000000003,1.4,-2.5039299637607087e-06,0.04591583049585747,-0.0600063198611446,0.7077412551749215,-0.30821643286573147,0.09539078156312625,0.053281130475311834,0.7009875098953666,0.8888888888888882
aluminum,1.0,8.0,DVP,2,0.05619909417310213,0.15156262796767497,0.7299404403694167,-0.04712186166464435,0.10000000000000003,1.4,-3.2710925905447945e-05,0.04663625246737424,-0.038531449628204234,0.7299404403694167,-0.30541082164328653,0.09819639278557113,0.054389517899974336,0.7228263997443156,0.8421052631578961
aluminum,1.0,8.0,DVP,3,0.05815077381478746,0.1514673398666156,0.7055609123290961,-0.05409899494946657,0.10000000000000003,1.4,-8.371740104131716e-05,0.051268567316831604,-0.08273217924015373,0.7055609123290961,-0.294188376753507,0.10100200400801607,0.054998679507448925,0.6951236945796622,0.8000000000000006
aluminum,1.0,8.0,DVP,4,0.05722729172104452,0.15233496407704614,0.700083607567499,-0.05573996890867121,0.10000000000000003,1.4,-2.4136229302295748e-06,0.04428480964238983,-0.04538451851747578,0.700083607567499,-0.30541082164328653,0.10100200400801607,0.055621964035130776,0.6924622442650006,0.8000000000000006
aluminum,1.0,8.0,DVP,5,0.05718426264406444,0.1505590704257706,0.719928510739844,-0.04762985578330303,0.10000000000000003,1.4,-4.56529504056645e-05,0.046041282177384124,-0.03892749277090313,0.719928510739844,-0.30541082164328653,0.09539078156312625,0.05302862657338158,0.710674450711092,0.8888888888888903
aluminum,1.0,8.0,DVP,6,0.05720502068728668,0.14988366365003494,0.7154157938076339,-0.04947484991432806,0.10000000000000003,1.4,-9.959809126218211e-05,0.044266256234056715,-0.04950524856351121,0.7154157938076339,-0.31102204408817635,0.10380761523046095,0.055573726093359636,0.7054949165496669,0.6818181818181812
aluminum,1.0,8.0,DVP,7,0.05485053640585806,0.15095799118070333,0.7231689710818859,-0.05703640248396421,0.10000000000000003,1.4,-6.759919649807378e-05,0.04126135176458478,-0.03811737027698904,0.7231689710818859,-0.31102204408817635,0.09819639278557113,0.054384621704432264,0.7182246447790278,0.7499999999999998
aluminum,1.0,8.0,DVP,8,0.05740916722221711,0.15055119470141462,0.7143992613456256,-0.04636077531125885,0.10000000000000003,1.4,-1.8686729618067695e-05,0.04566723274410922,-0.042223403725714787,0.7143992613456256,-0.29979959919839677,0.10100200400801601,0.05486906982676474,0.7059066350996891,0.8947368421052625
aluminum,1.0,8.0,DVP,9,0.05725446568028431,0.15268997524845274,0.7188846763721937,-0.051481857182810696,0.10000000000000003,1.4,0.00018955580112108586,0.04496000394836941,-0.0485308068053113,0.7188846763721937,-0.30541082164328653,0.09819639278557113,0.054594239313388616,0.7091552230944711,0.9444444444444456
aluminum,2.0,6.0,DVP,0,0.10261270131499826,0.2773293702866802,1.2874077961497985,-0.12636843665744327,0.10000000000000003,1.4,6.708133128281992e-05,0.08390133177573639,-0.08378296279021397,1.2874077961497985,-0.33346693386773546,0.10380761523046089,0.10266893357238699,1.2749205239275412,0.8499999999999994
aluminum,2.0,6.0,DVP,1,0.10232106196907916,0.27644243364741067,1.2797889297209601,-0.08846301509363827,0.10000000000000003,1.4,-7.935337125711913e-06,0.09607528873562993,-0.0978775016403238,1.2797889297209601,-0.33627254509018034,0.10380761523046095,0.10299567282867662,1.2679744608210615,0.6818181818181827
aluminum,2.0,6.0,DVP,2,0.10173833997458255,0.2772782566308272,1.2549740626571342,-0.08729097710298593,0.10000000000000003,1.4,-6.323997146046483e-05,0.0965163262731849,-0.08672944010728567,1.2549740626571342,-0.33346693386773546,0.10380761523046095,0.10260491321717553,1.2408683805913183,0.7619047619047625
aluminum,2.0,6.0,DVP,3,0.10531158271379286,0.2768404092755572,1.2927378345670966,-0.09984396202773295,0.10000000000000003,1.4,-0.00015662543956657758,0.09472991565769112,-0.151484428601536,1.2927378345670966,-0.3278557114228457,0.10380761523046095,0.10266839926590797,1.2746430202074595,0.9473684210526317
aluminum,2.0,6.0,DVP,4,0.10362082075892196,0.2777911855068267,1.290228674547473,-0.1028697013120906,0.10000000000000003,1.4,-7.769998027546133e-06,0.09626069883726357,-0.08256812889951742,1.290228674547473,-0.3278557114228457,0.10100200400801601,0.10154416790558861,1.2771172313622015,0.8947368421052625
aluminum,2.0,6.0,DVP,5,0.10354204075137867,0.2746614622089664,1.2614766594621047,-0.08801598082000853,0.10000000000000003,1.4,-8.693494377474604e-05,0.08479497847201473,-0.09601753109258915,1.2614766594621047,-0.3278557114228457,0.09819639278557113,0.09860059241118795,1.2479150668021015,0.9444444444444435
aluminum,2.0,6.0,DVP,6,0.10358004572188706,0.27446876908935125,1.2771918701544052,-0.09138254428534218,0.10000000000000003,1.4,-0.00018570068317384994,0.09890315999818117,-0.09204781362270475,1.2771918701544052,-0.3390781563126252,0.09819639278557113,0.09821238530162558,1.260542297224708,0.5909090909090912
aluminum,2.0,6.0,DVP,7,0.09926932603024005,0.276978727352318,1.2726396174275483,-0.10566968248637101,0.10000000000000003,1.4,-0.00012711534163702349,0.08227969927468573,-0.08084609215686756,1.2726396174275483,-0.33346693386773546,0.10380761523046089,0.10307873123581024,1.2645172684001251,0.8499999999999994
aluminum,2.0,6.0,DVP,8,0.10395380845840113,0.27610134754788657,1.2774610971056675,-0.08655630189309106,0.10000000000000003,1.4,-3.7563699347553656e-05,0.10266186387858717,-0.09793705264115876,1.2774610971056675,-0.3306613226452906,0.10100200400801607,0.10072666414097661,1.2628926957967677,0.8947368421052635
aluminum,2.0,6.0,DVP,9,0.1036705723423659,0.279896119335152,1.3248475321223707,-0.09547803074068688,0.10000000000000003,1.4,0.00034369821222103965,0.08721442088147435,-0.10130598407100139,1.3248475321223707,-0.3278557114228457,0.10100200400801607,0.10201123636593758,1.3081435819299279,1.0
aluminum,2.0,6.5,DVP,0,0.10302037881048265,0.27834348560126637,1.2725328612549123,-0.12688937965607108,0.10000000000000003,1.4,6.733688495467158e-05,0.08569786865135148,-0.0841275371901884,1.2725328612549123,-0.3166332665330661,0.10380761523046095,0.10335872761796863,1.260423915066387,0.9473684210526317
aluminum,2.0,6.5,DVP,1,0.10272755736039303,0.27756356323716513,1.269500525400351,-0.0888261360850951,0.10000000000000003,1.4,-7.98384913575409e-06,0.0965223436238638,-0.10241574105939638,1.269500525400351,-0.3222444889779559,0.10100200400801607,0.1016590546527098,1.2576413358999214,0.8947368421052635
aluminum,2.0,6.5,DVP,2,0.10214247341402137,0.27847442153362695,1.238255266874717,-0.08764975894530247,0.10000000000000003,1.4,-6.351265020181632e-05,0.0911744597010691,-0.0815006707733752,1.238255266874717,-0.32505010020040076,0.10661322645290583,0.1050440435150397,1.2257384853316486,0.8095238095238101
aluminum,2.0,6.5,DVP,3,0.1057301996075508,0.27810491919532393,1.2978487156988432,-0.10025254627710323,0.10000000000000003,1.4,-0.00015727663839741108,0.09192748070231638,-0.1520985090114374,1.2978487156988432,-0.3278557114228457,0.09819639278557113,0.09939211834181776,1.2798372714765098,0.8421052631578941
aluminum,2.0,6.5,DVP,4,0.1040325844732781,0.27922360821081643,1.2953293852801797,-0.10329065398878892,0.10000000000000003,1.4,-7.817839867255525e-06,0.09551821462698762,-0.08305097396542571,1.2953293852801797,-0.3278557114228457,0.10100200400801601,0.10198463546266104,1.282542461864565,0.7999999999999996
aluminum,2.0,6.5,DVP,5,0.10395348514607931,0.2760195260655416,1.2664608294144994,-0.08837670103989335,0.10000000000000003,1.4,-8.73036655431616e-05,0.08282873745856445,-0.09082640925461316,1.2664608294144994,-0.3278557114228457,0.10380761523046095,0.1025129194051798,1.2520036486746005,0.7619047619047609
aluminum,2.0,6.5,DVP,6,0.10399164416244872,0.2755482587749594,1.2730627304648583,-0.09175685483666737,0.10000000000000003,1.4,-0.00018646973292983367,0.09708532895512428,-0.08520041247903298,1.2730627304648583,-0.3222444889779559,0.10100200400801601,0.10032192666175634,1.2561701223522765,0.9999999999999989
aluminum,2.0,6.5,DVP,7,0.09966345179505776,0.27797705100775866,1.2772768481351566,-0.10610386779463168,0.10000000000000003,1.4,-0.00012764692694408866,0.07788254179092927,-0.07395328698302295,1.2772768481351566,-0.31102204408817635,0.10100200400801601,0.10173399770057451,1.269123694627468,0.6363636363636365
aluminum,2.0,6.5,DVP,8,0.10436692187455092,0.2770455173601125,1.2826268684438165,-0.08687979710009469,0.10000000000000003,1.4,-3.773230424299723e-05,0.09905228364570318,-0.09452697267403004,1.2826268684438165,-0.319438877755511,0.10661322645290583,0.10443853066101355,1.2680083365855908,1.0
aluminum,2.0,6.5,DVP,9,0.10408253771522631,0.2810553125185006,1.3322602332116216,-0.0958708884601306,0.10000000000000003,1.4,0.00034507497938197505,0.08283726534558031,-0.10137987322627495,1.3322602332116216,-0.3222444889779559,0.09258517034068137,0.09684141481149057,1.315739001433578,0.9411764705882343
aluminum,2.0,7.0,DVP,0,0.10342813214391623,0.279376248585421,1.2970286484937616,-0.1274006903406413,0.10000000000000003,1.4,6.75877133239237e-05,0.08592818905015731,-0.08446747990811787,1.2970286484937616,-0.3166332665330661,0.10100200400801607,0.10240869815019563,1.2848374057336158,0.8947368421052635
aluminum,2.0,7.0,DVP,1,0.10313415044693922,0.278673106876279,1.2928002630516968,-0.08918205838351803,0.10000000000000003,1.4,-8.031464228402869e-06,0.0945392800997662,-0.10646574207533194,1.2928002630516968,-0.3166332665330661,0.10661322645290577,0.10569496509182753,1.2812266202883444,0.8999999999999994
aluminum,2.0,7.0,DVP,2,0.10254674822153631,0.2796760914099195,1.2925824869937717,-0.08800190678827091,0.10000000000000003,1.4,-6.378028714934268e-05,0.08903781823130719,-0.07566501517071678,1.2925824869937717,-0.30541082164328653,0.10100200400801607,0.10209345745837024,1.2802021891248347,0.7142857142857135
aluminum,2.0,7.0,DVP,3,0.10614869006814562,0.2793738046089416,1.2767222816266073,-0.10065357574251574,0.10000000000000003,1.4,-0.0001579157965412803,0.09128842428081074,-0.15270123496095092,1.2767222816266073,-0.32505010020040076,0.10100200400801601,0.10151315507863186,1.2586453547226728,0.7142857142857142
aluminum,2.0,7.0,DVP,4,0.10444434847078451,0.2806637335268526,1.2935489831409908,-0.103703823187456,0.10000000000000003,1.4,-7.864797181120653e-06,0.09257689157565901,-0.08351708184426271,1.2935489831409908,-0.31382765531062123,0.09819639278557118,0.10029530366432976,1.2802752855061907,0.9444444444444446
aluminum,2.0,7.0,DVP,5,0.10436493572819854,0.27740339373967754,1.2741048703153885,-0.08873075148889342,0.10000000000000003,1.4,-8.766556966779817e-05,0.08186614323253666,-0.08383325466431857,1.2741048703153885,-0.30541082164328653,0.10380761523046095,0.10316680865148416,1.2594045775932985,0.7619047619047609
aluminum,2.0,7.0,DVP,6,0.10440324594209785,0.276652996702242,1.3069432092314928,-0.09212424432984427,0.10000000000000003,1.4,-0.00018722456291759898,0.09332587559449332,-0.08374554090189956,1.3069432092314928,-0.31102204408817635,0.09819639278557118,0.09896953421630746,1.2899363073911003,0.8421052631578952
aluminum,2.0,7.0,DVP,7,0.10005790397135406,0.27896976120016953,1.3212521629510658,-0.10652991887461397,0.10000000000000003,1.4,-0.00012816868323615722,0.07615773247129344,-0.07036192889643827,1.3212521629510658,-0.31102204408817635,0.09819639278557113,0.10046618817782012,1.3131246541482327,0.9444444444444456
aluminum,2.0,7.0,DVP,8,0.10478001061766275,0.27804473035037297,1.2969525352838422,-0.08718402149133822,0.10000000000000003,1.4,-3.7897791685611416e-05,0.09405952525926492,-0.08918185698797598,1.2969525352838422,-0.319438877755511,0.10380761523046089,0.10307992542003269,1.282284799797655,0.8499999999999994
aluminum,2.0,7.0,DVP,9,0.10449449964254107,0.2821536342784719,1.3358994658476369,-0.09625642282839209,0.10000000000000003,1.4,0.00034642628983499167,0.08137435632763568,-0.09963263953289864,1.3358994658476369,-0.3222444889779559,0.10100200400801607,0.10272592340650959,1.3191618304229704,0.7142857142857151
aluminum,2.0,7.5,DVP,0,0.10383597115467601,0.2804339149169147,1.2988564600438661,-0.1279022488053637,0.10000000000000003,1.4,6.783375761167862e-05,0.0837497537932125,-0.08480316185240558,1.2988564600438661,-0.3166332665330661,0.10380761523046089,0.10471785740385992,1.2871410520301687,0.7619047619047616
aluminum,2.0,7.5,DVP,1,0.10354085134018044,0.2797714531864379,1.3046399490628127,-0.08953096756659511,0.10000000000000003,1.4,-8.078171195558107e-06,0.09064447699682301,-0.10966717331034481,1.3046399490628127,-0.30821643286573147,0.09819639278557113,0.1008843805890076,1.2930266715241663,0.9444444444444456
aluminum,2.0,7.5,DVP,2,0.1029511750522422,0.2808824614434666,1.3354490323213948,-0.08834733800222307,0.10000000000000003,1.4,-6.40428194983419e-05,0.08910680741830806,-0.07455740422088958,1.3354490323213948,-0.30541082164328653,0.09819639278557113,0.10080420397310996,1.3234389027166475,0.8421052631578941
aluminum,2.0,7.5,DVP,3,0.10656706141702588,0.28064331064041353,1.2969728059000543,-0.10104695637986702,0.10000000000000003,1.4,-0.00015854276406926677,0.09136612643939668,-0.15329246511905853,1.2969728059000543,-0.31102204408817635,0.09819639278557113,0.10003390480976258,1.2787830292273754,0.9444444444444435
aluminum,2.0,7.5,DVP,4,0.10485612165029069,0.28210025459450405,1.3064955073789526,-0.10410911201713932,0.10000000000000003,1.4,-7.910858915297199e-06,0.08800165184485839,-0.08396677058508503,1.3064955073789526,-0.31382765531062123,0.10100200400801601,0.10256850201848304,1.2935821767948243,0.7999999999999996
aluminum,2.0,7.5,DVP,5,0.10477640147008367,0.27880514521732913,1.3168998816003858,-0.08907804913980016,0.10000000000000003,1.4,-8.802057123766877e-05,0.0845502879615278,-0.07531702934812379,1.3168998816003858,-0.30541082164328653,0.09819639278557113,0.1000863522482796,1.3010561152402036,0.8421052631578941
aluminum,2.0,7.5,DVP,6,0.10481485999772507,0.2777899929490971,1.330221282747055,-0.09248462660956881,0.10000000000000003,1.4,-0.00018796499608240218,0.08821801084115813,-0.08820143373588707,1.330221282747055,-0.31102204408817635,0.09819639278557113,0.09934430655390779,1.312664479940402,0.9444444444444435
aluminum,2.0,7.5,DVP,7,0.10045269551771673,0.2799647705533721,1.344585631993179,-0.10694768432485255,0.10000000000000003,1.4,-0.00012868048811583128,0.07645253010900464,-0.07063439155864581,1.344585631993179,-0.31102204408817635,0.09819639278557113,0.10096062950624235,1.3363671273819087,0.9444444444444435
aluminum,2.0,7.5,DVP,8,0.1051930832759242,0.27909895078019153,1.286875617403558,-0.08746485764627995,0.10000000000000003,1.4,-3.806012282543947e-05,0.08828214539637827,-0.08204191741727618,1.286875617403558,-0.29979959919839677,0.10100200400801601,0.10166518508808169,1.2722824019085097,0.7142857142857142
aluminum,2.0,7.5,DVP,9,0.1049064669767437,0.2831944256959973,1.3149659645904097,-0.0966345135116724,0.10000000000000003,1.4,0.00034775182673075226,0.08146941961222287,-0.09593591099968724,1.3149659645904097,-0.30541082164328653,0.09819639278557113,0.10117513361373995,1.297970252909102,0.8421052631578941
aluminum,2.0,8.0,DVP,0,0.10424389955874308,0.2815170025698043,1.304610893748477,-0.1283934438343218,0.10000000000000003,1.4,6.807471799975626e-05,0.08152918720698887,-0.08513472594232548,1.304610893748477,-0.30821643286573147,0.09819639278557113,0.10133443671315935,1.2923762214840258,0.8421052631578941
aluminum,2.0,8.0,DVP,1,0.10394766514304586,0.28085682882326873,1.3161879081612422,-0.08987256566219799,0.10000000000000003,1.4,-8.12391309893358e-06,0.08543596820867536,-0.1116548657288517,1.3161879081612422,-0.30821643286573147,0.09539078156312625,0.09915671308496551,1.3046421911438644,0.8888888888888882
aluminum,2.0,8.0,DVP,2,0.10335576178031687,0.28209025168209473,1.357465358481693,-0.08868563155102586,0.10000000000000003,1.4,-6.429992729849862e-05,0.08678814509895688,-0.07171781152732876,1.357465358481693,-0.30541082164328653,0.09819639278557113,0.10123405145069671,1.3454135984108142,0.8421052631578961
aluminum,2.0,8.0,DVP,3,0.10698530453511335,0.2819102179985383,1.3120416028633615,-0.10143220880235827,0.10000000000000003,1.4,-0.00015915677691816018,0.09539559789662233,-0.15387147899837078,1.3120416028633615,-0.294188376753507,0.10100200400801607,0.10237037954477522,1.2938372586294515,0.8000000000000006
aluminum,2.0,8.0,DVP,4,0.10526790293346802,0.2835230339117598,1.301940543413277,-0.1045060265793188,0.10000000000000003,1.4,-7.955968917798803e-06,0.08239899822195026,-0.08440334793840688,1.301940543413277,-0.30541082164328653,0.10100200400801607,0.10354261100126315,1.2891026282884155,0.8000000000000006
aluminum,2.0,8.0,DVP,5,0.10518788166806003,0.2802177118133501,1.3388461517879302,-0.08941817076408307,0.10000000000000003,1.4,-8.836823761637225e-05,0.08568597893198349,-0.07245493881782589,1.3388461517879302,-0.30541082164328653,0.09539078156312625,0.09872013026298944,1.323000983729653,0.8888888888888903
aluminum,2.0,8.0,DVP,6,0.10522648544491554,0.27896470895224845,1.330459391315072,-0.09283756250194426,0.10000000000000003,1.4,-0.00018869013008801494,0.08236062888108,-0.09212044766158908,1.330459391315072,-0.31102204408817635,0.10380761523046095,0.103436793597635,1.3131717715246147,0.6818181818181812
aluminum,2.0,8.0,DVP,7,0.10084784605020324,0.28096631325094806,1.3448779914794482,-0.10735657935391202,0.10000000000000003,1.4,-0.00012918171786095842,0.0767411997533478,-0.07090122446979429,1.3448779914794482,-0.31102204408817635,0.09819639278557113,0.10120934808190975,1.336696401553394,0.7499999999999998
aluminum,2.0,8.0,DVP,8,0.10560613718741857,0.2802050805090289,1.3285324014486526,-0.08771677636720462,0.10000000000000003,1.4,-3.821909982071153e-05,0.08498975874297843,-0.07858429699978131,1.3285324014486526,-0.29979959919839677,0.10100200400801601,0.10217044834521381,1.314343948766455,0.8947368421052625
aluminum,2.0,8.0,DVP,9,0.10531843840290234,0.28418568556406376,1.3369049308081176,-0.09700465519725943,0.10000000000000003,1.4,0.00034904997474528664,0.08366354926624153,-0.09029918733665299,1.3369049308081176,-0.30541082164328653,0.09819639278557113,0.10159338892396633,1.3197655128120445,0.9444444444444456
aluminum,5.0,6.0,DVP,0,0.21094911483267653,0.5743304269067722,2.664779692848322,-0.2638719643007884,0.10000000000000003,1.4,0.00013453498796242913,0.17372582594677793,-0.1734120644240928,2.664779692848322,-0.33346693386773546,0.10380761523046089,0.21258023534471301,2.6399784970598446,0.8499999999999994
aluminum,5.0,6.0,DVP,1,0.21034545767690896,0.5724933702927671,2.6490058214892307,-0.18406369727010025,0.10000000000000003,1.4,-2.0740180907334385e-05,0.19893767647507254,-0.20264906352731998,2.6490058214892307,-0.33627254509018034,0.10380761523046095,0.21328596938928593,2.6258873686657047,0.6818181818181827
aluminum,5.0,6.0,DVP,2,0.20913929565959796,0.5742253359850535,2.597645900426029,-0.18199189719693631,0.10000000000000003,1.4,-0.00013521389212099613,0.19983729480347373,-0.17958672002850506,2.597645900426029,-0.33346693386773546,0.10380761523046095,0.21251348322160274,2.5701349690301902,0.7619047619047625
aluminum,5.0,6.0,DVP,3,0.2165354634915519,0.573315410224124,2.6757930210892464,-0.20769026340025273,0.10000000000000003,1.4,-0.00032851019063415956,0.19615151415720378,-0.3135716762840339,2.6757930210892464,-0.3278557114228457,0.10380761523046095,0.21266147386246237,2.6401848240790513,0.9473684210526317
aluminum,5.0,6.0,DVP,4,0.21303579663576153,0.575282050938622,2.670599372077182,-0.21398066387304576,0.10000000000000003,1.4,-2.039794954818358e-05,0.1993218594914291,-0.1709068604503215,2.670599372077182,-0.3278557114228457,0.10100200400801601,0.21034407717640427,2.6454303792189084,0.8947368421052625
aluminum,5.0,6.0,DVP,5,0.2128727318231758,0.5688009088642545,2.611086278621558,-0.18322851435456916,0.10000000000000003,1.4,-0.0001842595363160668,0.1755793273811887,-0.19881191259992936,2.611086278621558,-0.3278557114228457,0.09819639278557113,0.2042149700339426,2.584640441475236,0.9444444444444435
aluminum,5.0,6.0,DVP,6,0.2129513973829611,0.5684065102799281,2.6436168260286643,-0.19018226206043937,0.10000000000000003,1.4,-0.0003886923269090253,0.20479093322535424,-0.19058743473537043,2.6436168260286643,-0.3390781563126252,0.09819639278557113,0.20343413567432483,2.6110104849818176,0.5909090909090912
aluminum,5.0,6.0,DVP,7,0.20402874402776913,0.573606453130042,2.6342114005788204,-0.22032331490537627,0.10000000000000003,1.4,-0.0002674279600234816,0.17037631012865528,-0.16740126519278786,2.6342114005788204,-0.33346693386773546,0.10380761523046089,0.21344968856254068,2.6186494986157944,0.8499999999999994
aluminum,5.0,6.0,DVP,8,0.21372503973819587,0.571784552703896,2.6441855095110576,-0.18102728575703103,0.10000000000000003,1.4,-8.206720388677446e-05,0.21256758745504067,-0.20279016827144059,2.6441855095110576,-0.3306613226452906,0.10100200400801607,0.20869165055042538,2.6163850897411227,0.8947368421052635
aluminum,5.0,6.0,DVP,9,0.21313877622262786,0.5796427223835381,2.7422560994427125,-0.19920032950452024,0.10000000000000003,1.4,0.0007070975105474006,0.1805905698002062,-0.20976600922996513,2.7422560994427125,-0.3278557114228457,0.10100200400801607,0.2112708664355238,2.709246377112312,1.0
aluminum,5.0,6.5,DVP,0,0.21179360222711446,0.5764248566299863,2.633916489814853,-0.2649492358887659,0.10000000000000003,1.4,0.0001350634540535236,0.17745823688640694,-0.17412463652934923,2.633916489814853,-0.3166332665330661,0.10380761523046095,0.21402797184290487,2.610117843131142,0.9473684210526317
aluminum,5.0,6.5,DVP,1,0.21118750056736024,0.574809354558898,2.627686015920574,-0.18481460785533585,0.10000000000000003,1.4,-2.0840500155223722e-05,0.199863130416837,-0.2120487687814634,2.627686015920574,-0.3222444889779559,0.10100200400801607,0.21049750090125297,2.604284115242737,0.8947368421052635
aluminum,5.0,6.5,DVP,2,0.2099764542082808,0.576696677518413,2.5630245742667923,-0.18273383150810596,0.10000000000000003,1.4,-0.0001357777715880373,0.18877129297368994,-0.16875501615224286,2.5630245742667923,-0.32505010020040076,0.10661322645290583,0.21756949830453143,2.5388687484031474,0.8095238095238101
aluminum,5.0,6.5,DVP,3,0.2174025727524525,0.575928248609695,2.6863792784380536,-0.20853518540573335,0.10000000000000003,1.4,-0.00032985682164782135,0.19034589221252318,-0.31484154914946993,2.6863792784380536,-0.3278557114228457,0.09819639278557113,0.20585317957816526,2.650726016569291,0.8421052631578941
aluminum,5.0,6.5,DVP,4,0.21388873402857625,0.5782425491878173,2.6811645977930607,-0.2148511628713712,0.10000000000000003,1.4,-2.049688293339502e-05,0.19778327058592904,-0.1719058980395207,2.6811645977930607,-0.3278557114228457,0.10100200400801601,0.21119954522094453,2.656113051468031,0.7999999999999996
aluminum,5.0,6.5,DVP,5,0.21372500888656237,0.5716074163755686,2.621410506624056,-0.18397445708748714,0.10000000000000003,1.4,-0.0001850220256589501,0.17151979551245156,-0.18805806096054467,2.621410506624056,-0.3278557114228457,0.10380761523046095,0.21228958984390134,2.5928605012031785,0.7619047619047609
aluminum,5.0,6.5,DVP,6,0.21380399300179367,0.5706362521959901,2.6350593091042587,-0.19095630859352447,0.10000000000000003,1.4,-0.0003902826649186851,0.20102479948163887,-0.17640270217359655,2.6350593091042587,-0.3222444889779559,0.10100200400801601,0.20775469141027475,2.601477196941507,0.9999999999999989
aluminum,5.0,6.5,DVP,7,0.20484520744558463,0.5756681886582449,2.6436622791712834,-0.22122117734009394,0.10000000000000003,1.4,-0.0002685272391175804,0.1612674698053087,-0.15312264045506807,2.6436622791712834,-0.31102204408817635,0.10100200400801601,0.21066456440186426,2.6280416918872156,0.6363636363636365
aluminum,5.0,6.5,DVP,8,0.21458076821448485,0.5737341506479219,2.6548363635474064,-0.18169612814991798,0.10000000000000003,1.4,-8.241586633862435e-05,0.20508989147403694,-0.19572563991142677,2.6548363635474064,-0.319438877755511,0.10661322645290583,0.2163803570237566,2.626932277509529,1.0
aluminum,5.0,6.5,DVP,9,0.213992130630313,0.5820375518252946,2.7575903076261747,-0.20001272984816915,0.10000000000000003,1.4,0.0007099445631998422,0.1715230920255323,-0.20991825584079127,2.7575903076261747,-0.3222444889779559,0.09258517034068137,0.20055750800011538,2.7248924539410084,0.9411764705882343
aluminum,5.0,7.0,DVP,0,0.2126382462617981,0.578558160864158,2.684657316933238,-0.2660066204667977,0.10000000000000003,1.4,0.0001355821642184254,0.1779349098893962,-0.17482765721567328,2.684657316933238,-0.3166332665330661,0.10100200400801607,0.21214103000543305,2.6614875765517394,0.8947368421052635
aluminum,5.0,7.0,DVP,1,0.2120297452249089,0.5771016208161627,2.6759051498686848,-0.1855506525002798,0.10000000000000003,1.4,-2.093896761549352e-05,0.1957547888123239,-0.2204371566417559,2.6759051498686848,-0.3166332665330661,0.10661322645290577,0.21890930709091938,2.6536411451150475,0.8999999999999994
aluminum,5.0,7.0,DVP,2,0.21081390469162348,0.5791796873956618,2.6753391695053725,-0.18346206917123553,0.10000000000000003,1.4,-0.0001363312416977692,0.18437199975861152,-0.15669198149560926,2.6753391695053725,-0.30541082164328653,0.10100200400801607,0.21145743165568281,2.651470254563562,0.7142857142857135
aluminum,5.0,7.0,DVP,3,0.2182694210418393,0.5785504191516474,2.642631785250466,-0.20936450969888787,0.10000000000000003,1.4,-0.00033117859329178664,0.18903043982081402,-0.31608797943747513,2.642631785250466,-0.32505010020040076,0.10100200400801601,0.21024401271183765,2.6068431054501096,0.7142857142857142
aluminum,5.0,7.0,DVP,4,0.21474167207014505,0.5812192718037836,2.677436717447861,-0.21570559199239683,0.10000000000000003,1.4,-2.0593990114755725e-05,0.19168996515873105,-0.17287030680566848,2.677436717447861,-0.31382765531062123,0.09819639278557118,0.20771142405517395,2.6514919482307167,0.9444444444444446
aluminum,5.0,7.0,DVP,5,0.21457729878873766,0.5744676256889915,2.6370930847196377,-0.18470662931841283,0.10000000000000003,1.4,-0.00018577043919994579,0.16952547393442197,-0.1735714564585884,2.6370930847196377,-0.30541082164328653,0.10380761523046095,0.21363798934530714,2.6080102173817985,0.7619047619047609
aluminum,5.0,7.0,DVP,6,0.214656595578711,0.572918538068184,2.705135455218505,-0.1917160658134283,0.10000000000000003,1.4,-0.0003918436445970982,0.19323675633562665,-0.17339747458945454,2.705135455218505,-0.31102204408817635,0.09819639278557118,0.20495928881269923,2.671382232363246,0.8421052631578952
aluminum,5.0,7.0,DVP,7,0.20566234484124943,0.5777185681309174,2.7347529901354504,-0.22210224503477652,0.10000000000000003,1.4,-0.0002696062250907725,0.15764504547928632,-0.1456571205364129,2.7347529901354504,-0.31102204408817635,0.09819639278557113,0.20805218060676114,2.719337558938373,0.9444444444444456
aluminum,5.0,7.0,DVP,8,0.21543644581463364,0.5757979761366578,2.6845105346064786,-0.18232509756649654,0.10000000000000003,1.4,-8.275809245442833e-05,0.19474706622939458,-0.1846528517428847,2.6845105346064786,-0.319438877755511,0.10380761523046089,0.21356386745030248,2.656504696035436,0.8499999999999994
aluminum,5.0,7.0,DVP,9,0.21484547798843467,0.5843066210131015,2.765127712487444,-0.20081000990735323,0.10000000000000003,1.4,0.0007127390575775288,0.16850970437595192,-0.2062982056723789,2.765127712487444,-0.3222444889779559,0.10100200400801607,0.212740496928251,2.731981793331384,0.7142857142857151
aluminum,5.0,7.5,DVP,0,0.21348306731444647,0.5807432942355982,2.6884430683553795,-0.26704387021656883,0.10000000000000003,1.4,0.00013609099697455685,0.17342203338383078,-0.17552189515696803,2.6884430683553795,-0.3166332665330661,0.10380761523046089,0.2168578677865844,2.6656304263495025,0.7619047619047616
aluminum,5.0,7.5,DVP,1,0.2128722125896139,0.5793709752313557,2.7003870409154516,-0.18627221600379504,0.10000000000000003,1.4,-2.1035560123331798e-05,0.1876864365679482,-0.22706782668254433,2.7003870409154516,-0.30821643286573147,0.09819639278557113,0.20896846826416224,2.6782730772099943,0.9444444444444456
aluminum,5.0,7.5,DVP,2,0.21165166917329167,0.5816727013305769,2.764133089497102,-0.18417643940914888,0.10000000000000003,1.4,-0.00013687417264680122,0.18451446425921614,-0.15439723929463833,2.764133089497102,-0.30541082164328653,0.09819639278557113,0.20871679623680475,2.7403247741354058,0.8421052631578941
aluminum,5.0,7.5,DVP,3,0.2191360235334393,0.5811741495143763,2.6845340644252613,-0.21017804191169434,0.10000000000000003,1.4,-0.00033247519569649145,0.1891909232129978,-0.31731067504866195,2.6845340644252613,-0.31102204408817635,0.09819639278557113,0.20719637895274545,2.6486882658282465,0.9444444444444435
aluminum,5.0,7.5,DVP,4,0.215594629194328,0.5841888103528606,2.704254050237551,-0.21654375098430367,0.10000000000000003,1.4,-2.0689248246256066e-05,0.1822121392951332,-0.1738007459137279,2.704254050237551,-0.31382765531062123,0.10100200400801601,0.21241296105997473,2.679016425925302,0.7999999999999996
aluminum,5.0,7.5,DVP,5,0.21542962011546554,0.5773651413896393,2.725739068482527,-0.18542485944876963,0.10000000000000003,1.4,-0.00018650460144693258,0.17508300354301498,-0.1559299492547075,2.725739068482527,-0.30541082164328653,0.09819639278557113,0.20731485110680198,2.694850124468706,0.8421052631578941
aluminum,5.0,7.5,DVP,6,0.21550922362619562,0.5752678845686218,2.753353534274117,-0.192461355656504,0.10000000000000003,1.4,-0.0003933749000117188,0.18265559803758308,-0.18262687444053038,2.753353534274117,-0.31102204408817635,0.09819639278557113,0.20572906063675211,2.7184110499380627,0.9444444444444435
aluminum,5.0,7.5,DVP,7,0.2064801830391901,0.5797739758599657,2.7830856301048845,-0.22296620483734822,0.10000000000000003,1.4,-0.0002706646649749611,0.1582547025283113,-0.14622058790477477,2.7830856301048845,-0.31102204408817635,0.09819639278557113,0.20906271875461527,2.767350935766139,0.9444444444444435
aluminum,5.0,7.5,DVP,8,0.21629209033043412,0.5779759593969799,2.663523752316686,-0.18290566544793677,0.10000000000000003,1.4,-8.309380193986382e-05,0.1827789793403038,-0.16986224280736617,2.663523752316686,-0.29979959919839677,0.10100200400801601,0.21063167622082146,2.635684724979606,0.7142857142857142
aluminum,5.0,7.5,DVP,9,0.21569883663492168,0.5864568472340842,2.7217361439584753,-0.20159192084009053,0.10000000000000003,1.4,0.0007154803388242943,0.1686119890863092,-0.19863994556195852,2.7217361439584753,-0.30541082164328653,0.09819639278557113,0.20952850169874304,2.688055829998709,0.8421052631578941
aluminum,5.0,8.0,DVP,0,0.2143280730788911,0.5829813318735203,2.7003446590550606,-0.2680597195639512,0.10000000000000003,1.4,0.000136589331523099,0.16882571427638637,-0.17620764673658054,2.7003446590550606,-0.30821643286573147,0.09819639278557113,0.20983444589211275,2.6762858098260174,0.8421052631578941
aluminum,5.0,8.0,DVP,1,0.21371491322709965,0.5816137476149834,2.724307305072442,-0.18697868149665156,0.10000000000000003,1.4,-2.1130159783190188e-05,0.176896858344054,-0.23118435759411682,2.724307305072442,-0.30821643286573147,0.09539078156312625,0.20542156767441352,2.702674304545321,0.8888888888888882
aluminum,5.0,8.0,DVP,2,0.21248976395701383,0.5841689301618102,2.8097373118272455,-0.18487607043093737,0.10000000000000003,1.4,-0.000137405901950988,0.1797110966177622,-0.14852053477958815,2.8097373118272455,-0.30541082164328653,0.09819639278557113,0.20961869030808006,2.785983340431155,0.8421052631578961
aluminum,5.0,8.0,DVP,3,0.22000236134501033,0.5837927758284653,2.7156112009569466,-0.21097478943333628,0.10000000000000003,1.4,-0.00033374504680456883,0.19751815438128073,-0.3185081441531017,2.7156112009569466,-0.294188376753507,0.10100200400801607,0.2120149062094911,2.6795590093479498,0.8000000000000006
aluminum,5.0,8.0,DVP,4,0.2164476031679338,0.5871301767116945,2.6948094520849333,-0.21736461718853178,0.10000000000000003,1.4,-2.0782541060458347e-05,0.1706061203632187,-0.17470406745541883,2.6948094520849333,-0.30541082164328653,0.10100200400801607,0.21442147549939797,2.6696692056540665,0.8000000000000006
aluminum,5.0,8.0,DVP,5,0.21628197140930697,0.5802853299961146,2.7711984067849285,-0.186128271148174,0.10000000000000003,1.4,-0.00018722361658972408,0.17743513427834212,-0.15004702824070415,2.7711984067849285,-0.30541082164328653,0.09539078156312625,0.20444023668579966,2.739857497385405,0.8888888888888903
aluminum,5.0,8.0,DVP,6,0.2163618753125709,0.5776956020164732,2.7538460026894285,-0.1931912687761418,0.10000000000000003,1.4,-0.0003948745627992276,0.17052189129276252,-0.19074419414571187,2.7538460026894285,-0.31102204408817635,0.10380761523046095,0.2142087362012603,2.7195397804716066,0.6818181818181812
aluminum,5.0,8.0,DVP,7,0.20729876265568772,0.5818431803854679,2.7836902958280922,-0.2238118458243627,0.10000000000000003,1.4,-0.0002717012673007766,0.1588517050987708,-0.1467724298874293,2.7836902958280922,-0.31102204408817635,0.09819639278557113,0.20958639452774072,2.768131330627816,0.7499999999999998
aluminum,5.0,8.0,DVP,8,0.21714769624974195,0.5802616897362389,2.749811954258514,-0.18342637881096482,0.10000000000000003,1.4,-8.34225851468301e-05,0.17599331891179026,-0.1627337928626209,2.749811954258514,-0.29979959919839677,0.10100200400801601,0.21162719538077324,2.722321362571476,0.8947368421052625
aluminum,5.0,8.0,DVP,9,0.21655220384667534,0.5885047913739803,2.7671803767883976,-0.20235741631641221,0.10000000000000003,1.4,0.0007181650622755789,0.17323461128760265,-0.1869631537091867,2.7671803767883976,-0.30541082164328653,0.09819639278557113,0.21038244367216935,2.733091724448472,0.9444444444444456
aluminum,10.0,6.0,DVP,0,0.3273104478701828,0.8933316886300168,4.144179137450439,-0.41156093843623304,0.10000000000000003,1.4,0.00020698521180349016,0.27020398635271137,-0.2696803587715922,4.144179137450439,-0.33346693386773546,0.10380761523046089,0.3306310838231082,4.106132308615281,0.8499999999999994
aluminum,10.0,6.0,DVP,1,0.3263716604742075,0.8904741336180636,4.119646186721815,-0.2867459114596334,0.10000000000000003,1.4,-3.449353163574506e-05,0.30941950034336285,-0.31518148185038997,4.119646186721815,-0.33627254509018034,0.10380761523046095,0.33171993625436785,4.084136134723829,0.6818181818181827
aluminum,10.0,6.0,DVP,2,0.3244958776916515,0.8931686218992162,4.039774911362988,-0.2837077002608088,0.10000000000000003,1.4,-0.00021251921431193776,0.31081166841008023,-0.27932231698092647,4.039774911362988,-0.33346693386773546,0.10380761523046095,0.33056267180943866,3.997858457134524,0.7619047619047625
aluminum,10.0,6.0,DVP,3,0.33599815025284846,0.8917516504446003,4.16129673994637,-0.32352517968925537,0.10000000000000003,1.4,-0.0005131271454845254,0.30508582365668013,-0.4876653867578277,4.16129673994637,-0.3278557114228457,0.10380761523046095,0.330802183614317,4.1068778726818715,0.9473684210526317
aluminum,10.0,6.0,DVP,4,0.3305555855405151,0.894809404894954,4.1532197509053885,-0.33332206810518267,0.10000000000000003,1.4,-3.396130488516369e-05,0.3100171801940512,-0.2657892017456295,4.1532197509053885,-0.3278557114228457,0.10100200400801601,0.3271920385519761,4.114989163362405,0.8947368421052625
aluminum,10.0,6.0,DVP,5,0.33030199260399484,0.8847285933114406,4.060666980681711,-0.28549382815094904,0.10000000000000003,1.4,-0.00028879335793452276,0.2730884428762276,-0.3092206927374439,4.060666980681711,-0.3278557114228457,0.09819639278557113,0.31766746287096714,4.0205335139052245,0.9444444444444435
aluminum,10.0,6.0,DVP,6,0.33042433064855903,0.8841175466458029,4.111258445301016,-0.2963004774485066,0.10000000000000003,1.4,-0.0006067203886986601,0.3185222452100961,-0.29642628704156637,4.111258445301016,-0.3390781563126252,0.09819639278557113,0.3164562438678698,4.06157602455185,0.5909090909090912
aluminum,10.0,6.0,DVP,7,0.31654811891400403,0.892206729391128,4.0966403528524085,-0.3434698089850485,0.10000000000000003,1.4,-0.0004181341056978248,0.26499859586069663,-0.26036793252766444,4.0966403528524085,-0.33346693386773546,0.10380761523046089,0.33199057785081354,4.073032963606329,0.8499999999999994
aluminum,10.0,6.0,DVP,8,0.33162747333501236,0.8893703463172705,4.112148767279809,-0.28249612027755905,0.10000000000000003,1.4,-0.0001298672643177893,0.33061447574086056,-0.3154101813558168,4.112148767279809,-0.3306613226452906,0.10100200400801607,0.3246445911089999,4.070042594740837,0.8947368421052635
aluminum,10.0,6.0,DVP,9,0.3307157359458721,0.9015929033766588,4.264657893971968,-0.3106057615101189,0.10000000000000003,1.4,0.0010974152754164542,0.28088347049069606,-0.3262601103266305,4.264657893971968,-0.3278557114228457,0.10100200400801607,0.32864304932988,4.214325124053267,1.0
aluminum,10.0,6.5,DVP,0,0.3286241014523856,0.8965864545640598,4.096143350119974,-0.41323574813869723,0.10000000000000003,1.4,0.0002078068060485862,0.27601566943516986,-0.2707881876714108,4.096143350119974,-0.3166332665330661,0.10380761523046095,0.3329106058386629,4.059940032023371,0.9473684210526317
aluminum,10.0,6.5,DVP,1,0.32768151364151016,0.8940734787523386,4.086477839071923,-0.28791333679374254,0.10000000000000003,1.4,-3.464949569465386e-05,0.31085879030558616,-0.3298027615199801,4.086477839071923,-0.3222444889779559,0.10100200400801607,0.3274131090001802,4.050827265258637,0.8947368421052635
aluminum,10.0,6.5,DVP,2,0.32579813728359636,0.8970095959924185,3.985924941465687,-0.2848611687051911,0.10000000000000003,1.4,-0.00021339586492879226,0.29359752130354183,-0.26247264637398926,3.985924941465687,-0.32505010020040076,0.10661322645290583,0.33842460079879305,3.94921566396508,0.8095238095238101
aluminum,10.0,6.5,DVP,3,0.3373469735377172,0.8958126918195962,4.177763956935724,-0.3248387607661138,0.10000000000000003,1.4,-0.0005152207221760404,0.2960545564271899,-0.48963962929772686,4.177763956935724,-0.3278557114228457,0.09819639278557113,0.3202002453505384,4.123162076113389,0.8421052631578941
aluminum,10.0,6.5,DVP,4,0.3318823761435259,0.8994111676993737,4.169654270492081,-0.3346754131526632,0.10000000000000003,1.4,-3.4115114374802883e-05,0.30762351587516223,-0.26734266834132636,4.169654270492081,-0.3278557114228457,0.10100200400801601,0.3285044482946564,4.131429610671754,0.7999999999999996
aluminum,10.0,6.5,DVP,5,0.33162775660782184,0.8890908348576034,4.0767268265898755,-0.2866535283978655,0.10000000000000003,1.4,-0.0002899787828203536,0.2667805615703305,-0.2924920572372858,4.0767268265898755,-0.3278557114228457,0.10380761523046095,0.33024048511533965,4.033450647021697,0.7619047619047609
aluminum,10.0,6.5,DVP,6,0.3317505899033123,0.8875827431204909,4.097944523198429,-0.2975038700360746,0.10000000000000003,1.4,-0.000609192851128931,0.31266349004715455,-0.27436071703072007,4.097944523198429,-0.3222444889779559,0.10100200400801601,0.3231591721353079,4.046572619011011,0.9999999999999989
aluminum,10.0,6.5,DVP,7,0.3178182042554097,0.8954106465705893,4.111261445839714,-0.34486569500003483,0.10000000000000003,1.4,-0.0004198431299705891,0.2508290591540865,-0.23815639048059767,4.111261445839714,-0.31102204408817635,0.10100200400801601,0.32765825822503974,4.08756281985615,0.6363636363636365
aluminum,10.0,6.5,DVP,8,0.3329586031721916,0.8923998470919658,4.128691006436447,-0.2835358911293578,0.10000000000000003,1.4,-0.0001304093219228174,0.31898213691928423,-0.3044205047219639,4.128691006436447,-0.319438877755511,0.10661322645290583,0.336603830784742,4.0864202674454475,1.0
aluminum,10.0,6.5,DVP,9,0.33204317487244306,0.9053148961083277,4.288500387552916,-0.31186878170939564,0.10000000000000003,1.4,0.0011018415235968125,0.26677823920029553,-0.3264965186489752,4.288500387552916,-0.3222444889779559,0.09258517034068137,0.31195627475826787,4.23842764367121,0.9411764705882343
aluminum,10.0,7.0,DVP,0,0.32993799846248584,0.8999018201345359,4.175073294146008,-0.41487965652822484,0.10000000000000003,1.4,0.00020861324110511064,0.2767569433833933,-0.271881180990455,4.175073294146008,-0.3166332665330661,0.10100200400801607,0.3299755381432341,4.139852981850993,0.8947368421052635
aluminum,10.0,7.0,DVP,1,0.3289916803568021,0.8976360751675964,4.161462250523967,-0.28905766099606095,0.10000000000000003,1.4,-3.480258236459399e-05,0.30446774261470055,-0.3428508982131,4.161462250523967,-0.3166332665330661,0.10661322645290577,0.3405206960590798,4.127817300365537,0.8999999999999994
aluminum,10.0,7.0,DVP,2,0.32710085052986515,0.9008688583544414,4.160522272943758,-0.2859933546936789,0.10000000000000003,1.4,-0.00021425634102756146,0.28676797251016084,-0.24372094532604915,4.160522272943758,-0.30541082164328653,0.10100200400801607,0.328901222160472,4.124103649116,0.7142857142857135
aluminum,10.0,7.0,DVP,3,0.33869539134691756,0.8998883891839634,4.10971977062424,-0.32612810542980597,0.10000000000000003,1.4,-0.0005172756712830724,0.29401260466007706,-0.4915774457270751,4.10971977062424,-0.32505010020040076,0.10100200400801601,0.32702900794750306,4.05490735623143,0.7142857142857142
aluminum,10.0,7.0,DVP,4,0.33320916778797666,0.9040383078765091,4.16383465429598,-0.33600378811622206,0.10000000000000003,1.4,-3.426608622865923e-05,0.29814474789610457,-0.2688422891716228,4.16383465429598,-0.31382765531062123,0.09819639278557118,0.32309479355975174,4.1243871386243836,0.9444444444444446
aluminum,10.0,7.0,DVP,5,0.33295354059450194,0.8935367427049099,4.101043389079756,-0.28779183143160025,0.10000000000000003,1.4,-0.00029114233610484565,0.26367808839200213,-0.269956932459841,4.101043389079756,-0.30541082164328653,0.10380761523046095,0.3323085567794092,4.056669942327908,0.7619047619047609
aluminum,10.0,7.0,DVP,6,0.3330768600032214,0.891129801165195,4.206897497204554,-0.2986850592587592,0.10000000000000003,1.4,-0.000611619695289894,0.30054844305758455,-0.2696902922538651,4.206897497204554,-0.31102204408817635,0.09819639278557118,0.318784422618716,4.154997461682592,0.8421052631578952
aluminum,10.0,7.0,DVP,7,0.3190893368866925,0.8985970397390837,4.252957582296455,-0.3462354842438399,0.10000000000000003,1.4,-0.0004215206218975831,0.24516845574713048,-0.22652973377934854,4.252957582296455,-0.31102204408817635,0.09819639278557113,0.3235950474510658,4.22958751076067,0.9444444444444456
aluminum,10.0,7.0,DVP,8,0.33428965398915794,0.8956071437811689,4.174850607953013,-0.2845136607583331,0.10000000000000003,1.4,-0.00013094137846537967,0.30289294356768215,-0.28719577203519386,4.174850607953013,-0.319438877755511,0.10380761523046089,0.33222139122787503,4.132418338866549,0.8499999999999994
aluminum,10.0,7.0,DVP,9,0.33337060287846854,0.9088414332264713,4.300224718137606,-0.31310830714031135,0.10000000000000003,1.4,0.0011061861044121058,0.2620995226500695,-0.32086492485922835,4.300224718137606,-0.3222444889779559,0.10100200400801607,0.3309042981182695,4.249455086825605,0.7142857142857151
aluminum,10.0,7.5,DVP,0,0.33125217059716283,0.9032979351368752,4.1809620180233,-0.41649227839897424,0.10000000000000003,1.4,0.0002094043281420927,0.26973670405523564,-0.2729605346322387,4.1809620180233,-0.3166332665330661,0.10380761523046089,0.3373045456050661,4.146230124692489,0.7619047619047616
aluminum,10.0,7.5,DVP,1,0.33030219319085724,0.9011631775107287,4.1995228062386545,-0.29017948284375045,0.10000000000000003,1.4,-3.4952755638349764e-05,0.2919166894406381,-0.3531648247489805,4.1995228062386545,-0.30821643286573147,0.09819639278557113,0.3250707552211468,4.166252232088188,0.9444444444444456
aluminum,10.0,7.5,DVP,2,0.328404051747752,0.9047438215712856,4.2986455953524905,-0.2871039927721432,0.10000000000000003,1.4,-0.00021510044084329432,0.2869893549401913,-0.2401511362257016,4.2986455953524905,-0.30541082164328653,0.09819639278557113,0.32462820902648637,4.26221907886217,0.8421052631578941
aluminum,10.0,7.5,DVP,3,0.34004342728810555,0.9039666551614741,4.17487763839678,-0.3273929115569902,0.10000000000000003,1.4,-0.0005192915111479544,0.2942620012290874,-0.4934783820100876,4.17487763839678,-0.31102204408817635,0.09819639278557113,0.3222968141433566,4.120067964399553,0.9444444444444435
aluminum,10.0,7.5,DVP,4,0.3345359891490347,0.9086544190200901,4.2055502629375265,-0.3373068817268134,0.10000000000000003,1.4,-3.441418493506498e-05,0.28340118137135384,-0.2702890897852332,4.2055502629375265,-0.31382765531062123,0.10100200400801601,0.330390094813751,4.167036307468738,0.7999999999999996
aluminum,10.0,7.5,DVP,5,0.3342793734753201,0.8980408182419436,4.238936713652234,-0.2889084705213663,0.10000000000000003,1.4,-0.00029228374500503385,0.27232184620461286,-0.24251419656177942,4.238936713652234,-0.30541082164328653,0.09819639278557113,0.3224756928187705,4.191781115033617,0.8421052631578941
aluminum,10.0,7.5,DVP,6,0.334403169745664,0.8947813000921514,4.281902989617999,-0.29984376833654536,0.10000000000000003,1.4,-0.0006140003523802422,0.2840885620633728,-0.28404679223440654,4.281902989617999,-0.31102204408817635,0.09819639278557113,0.32000381632601826,4.228385262360829,0.9444444444444435
aluminum,10.0,7.5,DVP,7,0.32036155852521697,0.9017913924300083,4.328141183632272,-0.3475786898322509,0.10000000000000003,1.4,-0.00042316618826809913,0.24611629512682578,-0.2274057617580243,4.328141183632272,-0.31102204408817635,0.09819639278557113,0.3251656545688685,4.304265155287093,0.9444444444444435
aluminum,10.0,7.5,DVP,8,0.3356206534630558,0.8989921300624283,4.142145823149304,-0.28541616271638287,0.10000000000000003,1.4,-0.00013146330913683469,0.28427557876155707,-0.2641877774856105,4.142145823149304,-0.29979959919839677,0.10100200400801601,0.32765929624452944,4.099976220275208,0.7142857142857142
aluminum,10.0,7.5,DVP,9,0.3346980484900017,0.9121832731319066,4.232711521798248,-0.31432395093357657,0.10000000000000003,1.4,0.001110447999961802,0.26222551509086356,-0.3089516863881021,4.232711521798248,-0.30541082164328653,0.09819639278557113,0.32590804519745,4.181110709094953,0.8421052631578941
aluminum,10.0,8.0,DVP,0,0.33256662982275365,0.9067764731317186,4.199466110680649,-0.4180716453476269,0.10000000000000003,1.4,0.00021017910160372615,0.26258865075833193,-0.2740267098118914,4.199466110680649,-0.30821643286573147,0.09819639278557113,0.32638632376216276,4.162858253324519,0.8421052631578941
aluminum,10.0,8.0,DVP,1,0.33161306857663886,0.9046490782467876,4.23673184249558,-0.29127784294847187,0.10000000000000003,1.4,-3.50998321477643e-05,0.2751326292302012,-0.35956788589384536,4.23673184249558,-0.30821643286573147,0.09539078156312625,0.31954042211716116,4.204081201901846,0.8888888888888882
aluminum,10.0,8.0,DVP,2,0.3297077662949474,0.9086239273388268,4.369584965420615,-0.288191727005657,0.10000000000000003,1.4,-0.0002159271339851433,0.2795172297305527,-0.23101234864312548,4.369584965420615,-0.30541082164328653,0.09819639278557113,0.3260339637881382,4.333283774371088,0.8421052631578961
aluminum,10.0,8.0,DVP,3,0.3413910519926774,0.90803712615838,4.223148917427833,-0.3286316352962384,0.10000000000000003,1.4,-0.0005212657811270079,0.30720534467961746,-0.4953401178378125,4.223148917427833,-0.294188376753507,0.10100200400801607,0.3297812496641858,4.167926815675225,0.8000000000000006
aluminum,10.0,8.0,DVP,4,0.3358628367531007,0.9132268586478163,4.190853835473008,-0.338583103398427,0.10000000000000003,1.4,-3.4559229658131324e-05,0.26534710340384016,-0.271693729158876,4.190853835473008,-0.30541082164328653,0.10100200400801607,0.33351649645821035,4.1525287579051,0.8000000000000006
aluminum,10.0,8.0,DVP,5,0.3356052529832388,0.9025803028465058,4.309650828818741,-0.29000208267182703,0.10000000000000003,1.4,-0.0002934016162277705,0.2759805233540604,-0.23338667984305483,4.309650828818741,-0.30541082164328653,0.09539078156312625,0.31798332928893497,4.261581087525428,0.8888888888888903
aluminum,10.0,8.0,DVP,6,0.3357295162815339,0.898554832356204,4.282668659350772,-0.3009785829225019,0.10000000000000003,1.4,-0.0006163319164520123,0.26521361758679174,-0.29667340333236236,4.282668659350772,-0.31102204408817635,0.10380761523046095,0.3331860078866355,4.230083197488744,0.6818181818181812
aluminum,10.0,8.0,DVP,7,0.32163493234305984,0.905007343421185,4.329081289387746,-0.3488934283296614,0.10000000000000003,1.4,-0.0004247778204028042,0.24704447009941022,-0.2282637245952594,4.329081289387746,-0.31102204408817635,0.09819639278557113,0.3259856820618131,4.305540549103774,0.7499999999999998
aluminum,10.0,8.0,DVP,8,0.3369515930203854,0.9025448373248968,4.27637147394318,-0.28622558143574417,0.10000000000000003,1.4,-0.00013197447679340145,0.2737378835375508,-0.2531165847153003,4.27637147394318,-0.29979959919839677,0.10100200400801601,0.32918239183158493,4.234499760166733,0.8947368421052625
aluminum,10.0,8.0,DVP,9,0.33602550747146853,0.9153661730323219,4.303402152100549,-0.3155140856666132,0.10000000000000003,1.4,0.0011146220081414474,0.26944056679202744,-0.29078741388709295,4.303402152100549,-0.30541082164328653,0.09819639278557113,0.32723710030009495,4.25118161426114,0.9444444444444456
