substance,concentration,pH,method,seed,meanCurrent,stdCurrent,maxCurrent,minCurrent,meanVoltage,voltageRange,meanGradient,maxGradient,minGradient,peakCurrent,peakPotential,peakWidth,peakArea,peakProminence,peakSymmetry,split,label
glucose,1.0,6.5,CV,7,0.0901154309608621,0.1462396543024468,0.5301366846589708,-0.062293769873164,0.1,1.4,-2.418911794766321e-05,0.0468268410766881,-0.0389117341382716,0.5301366846589708,0.4829659318637275,0.2356713426853707,0.0955602148977145,0.5103581298293793,0.7142857142857143,train,3
ascorbic_acid,0.1,7.5,CV,7,0.0153781999726788,0.0249556369767627,0.1014657590887372,-0.0076994149089257,0.1,1.4,-1.7399816844513166e-06,0.0074574060092092,-0.0072588792231617,0.1014657590887372,0.0565130260521041,0.1963927855711422,0.0148053798087684,0.096889062464869,0.7073170731707324,train,2
glucose,1.0,6.5,CV,3,0.092377247342102,0.1471835906598634,0.5354817861268466,-0.0565385841905157,0.1,1.4,-0.0001762167569011,0.0507836059008983,-0.0938451457712449,0.5354817861268466,0.4829659318637275,0.2440881763527054,0.0986462661917283,0.513920496933794,0.6730769230769229,train,3
copper,10.0,7.5,CV,4,0.2388464866381613,1.4488597723191678,6.338716076056091,-4.662743476894051,0.1,1.4,-0.0003877295430485,0.5630331206563446,-0.4517589584325518,6.338716076056091,-0.0472945891783567,0.0981963927855711,0.485346783773726,6.315165681273545,0.8421052631578941,train,4
glucose,0.5,8.0,CV,7,0.0497113833117531,0.0773124406621249,0.2962263530858925,-0.0310903140245499,0.1,1.4,-1.1566811906249425e-05,0.0249542723264473,-0.0207217027368914,0.2962263530858925,0.4521042084168337,0.2356713426853707,0.0506343520719444,0.2833554457530772,0.8260869565217396,train,3
aluminum,10.0,6.0,CV,6,0.3229707817111015,1.059614984164015,4.146963123528062,-2.165840882384922,0.1,1.4,-0.0001065194313745,0.5389728307356565,-0.3276344694219527,4.146963123528062,-0.3390781563126252,0.1683366733466934,0.5361430807115293,4.092901858195122,0.8181818181818181,train,5
glucose,0.1,6.5,CV,9,0.0133979217148421,0.0156272265545124,0.062752820320897,-0.0029427019440944,0.1,1.4,-8.605161214942127e-07,0.0061163672164095,-0.0059545324874064,0.062752820320897,0.4857715430861723,0.2132264529058116,0.0096144220749335,0.0565771561549113,0.7272727272727264,train,3
glucose,0.1,7.5,CV,7,0.0133572228396784,0.0157924304502769,0.0637243285168715,-0.0037835626700725,0.1,1.4,-3.223123824138601e-07,0.0054257502376513,-0.0045172311640834,0.0637243285168715,0.4521042084168337,0.230060120240481,0.0102237385098994,0.0576556623303408,0.5769230769230774,train,3
uric_acid,10.0,7.0,CV,8,0.4579911878386242,1.0826083492919705,4.709251725283425,-0.4276505051948168,0.1,1.4,6.4759890770753e-05,0.3406841523251152,-0.3729245618294597,4.709251725283425,0.339879759519038,0.1458917835671341,0.5420486818106228,4.66117251873764,0.6249999999999997,train,1
copper,5.0,6.0,CV,8,0.1501228136683263,0.919549777129289,4.074559249829983,-2.93543747997856,0.1,1.4,4.685982438164987e-05,0.3231784604390694,-0.2456688328709857,4.074559249829983,-0.0613226452905811,0.0925851703406814,0.2977723343732243,4.061885565957381,0.8333333333333318,train,4
aluminum,0.5,6.5,CV,9,0.0300468203100851,0.0931965912675625,0.3729090388607993,-0.191224352240954,0.1,1.4,-4.633463316398042e-05,0.0301179917406617,-0.0439127428032366,0.3729090388607993,-0.3222444889779559,0.1627254509018036,0.0464236665726745,0.3674699924136383,0.8709677419354849,train,5
uric_acid,10.0,7.0,CV,2,0.4588838366583957,1.0849051534229244,4.81248338646944,-0.4060052417863919,0.1,1.4,-5.405224481444687e-05,0.3994646546107494,-0.3638035527693305,4.81248338646944,0.3539078156312625,0.1430861723446893,0.5365533775065581,4.764878005481697,0.9615384615384608,train,1
glucose,2.0,7.5,CV,8,0.1684853928149023,0.2766251130731277,1.0470403037298857,-0.1166447888606641,0.1,1.4,2.017088785242545e-05,0.0792530271065826,-0.0842184433607632,1.0470403037298857,0.4745490981963928,0.2300601202404809,0.178641727073,1.0110319562054553,0.8222222222222219,train,3
glucose,10.0,7.5,CV,6,0.5360431438263829,0.8852248248065993,3.4400502037100207,-0.3222760872380412,0.1,1.4,0.0002667413487694,0.4504890239053559,-0.3005983070857514,3.4400502037100207,0.4829659318637275,0.2160320641282563,0.5454061618784717,3.3234585200127875,0.9249999999999988,train,3
aluminum,2.0,6.5,CV,4,0.1019141553684924,0.330907990343216,1.286729710517894,-0.6792093882661663,0.1,1.4,-0.0002156172504604,0.1085206017923852,-0.118573375018276,1.286729710517894,-0.3278557114228457,0.1767535070140281,0.1758310733733366,1.270743094295119,0.7999999999999996,train,5
aluminum,5.0,7.5,CV,5,0.2110028585714248,0.686971483610167,2.7405329933140723,-1.432113064726293,0.1,1.4,-0.0002201442995744,0.2091551632620839,-0.3992759523978137,2.7405329933140723,-0.3054108216432865,0.1711422845691382,0.3551618993064557,2.708986895496498,0.9677419354838716,train,5
glucose,0.1,7.0,CV,7,0.0132886226497827,0.0157096818175631,0.0617854312969032,-0.0037554059232048,0.1,1.4,-3.07523330703296e-07,0.0053985124783375,-0.0044959186310067,0.0617854312969032,0.4521042084168337,0.2328657314629258,0.0102535083671718,0.0558163403501559,0.4561403508771939,train,3
ascorbic_acid,0.5,6.0,CV,4,0.0622253863865778,0.1184134152996936,0.4737874037132157,-0.046079432541713,0.1,1.4,-3.729767109510396e-05,0.0372208041476948,-0.0462903471160554,0.4737874037132157,0.1070140280561122,0.1935871743486974,0.0699276621955223,0.4618121468356638,0.8157894736842106,train,2
copper,0.5,7.5,CV,9,0.0227011602106446,0.1245121334942914,0.5461404475997499,-0.389814297486585,0.1,1.4,-1.8056523562155e-05,0.0531762204229363,-0.0353411138935222,0.5461404475997499,-0.0416833667334669,0.0981963927855711,0.0421838205155042,0.5425816173113485,0.9444444444444456,train,4
ascorbic_acid,0.5,6.0,CV,0,0.0616223687090631,0.1170566523117841,0.4906313957574338,-0.0565619160003599,0.1,1.4,-1.4121352198950277e-06,0.0389169705420219,-0.0412980307138101,0.4906313957574338,0.0929859719438878,0.1795591182364729,0.0655962991439231,0.4787243894541775,0.8285714285714291,train,2
glucose,2.0,7.5,CV,9,0.1698090187804808,0.2753282518287753,1.0185033247393145,-0.1130744195087508,0.1,1.4,-5.71370915238488e-05,0.0991360659262266,-0.0966546028291716,1.0185033247393145,0.4857715430861723,0.2272545090180361,0.1758100379894284,0.98114815937056,0.8409090909090918,train,3
dopamine,1.0,7.0,CV,6,0.0507297191062001,0.2080918453760448,0.9645613762370376,-0.5163411283030055,0.1,1.4,5.258370378726064e-05,0.0849529941358491,-0.0618313487335324,0.9645613762370376,0.1995991983967936,0.1094188376753506,0.0819767647854247,0.9574190649610866,0.9500000000000012,train,0
ascorbic_acid,0.1,7.0,CV,0,0.0153386180873972,0.024730975010951,0.1026365992223935,-0.0083417323504375,0.1,1.4,1.8949423458224368e-06,0.007755392665063,-0.0083962825675974,0.1026365992223935,0.0537074148296593,0.1851703406813627,0.0141303533271399,0.0977507292585355,0.885714285714286,train,2
aluminum,0.1,8.0,CV,9,0.007817911466777,0.019485211070274,0.0782879315612326,-0.0375115818929216,0.1,1.4,-4.986406853063607e-06,0.0063912005670101,-0.0073939863942254,0.0782879315612326,-0.3054108216432865,0.1683366733466934,0.0099150383824316,0.0756079138275392,0.8750000000000009,train,5
dopamine,10.0,8.0,CV,2,0.2952167218986254,1.2767690536903789,5.627131892117578,-3.2152919804801003,0.1,1.4,-5.640057356598849e-05,0.3938471428221688,-0.447751923133134,5.627131892117578,0.1462925851703407,0.1094188376753506,0.5004639822812436,5.600793693920069,0.9500000000000012,train,0
aluminum,0.2,8.0,CV,2,0.0134023207583254,0.0383140307917776,0.1567936446672227,-0.0793322035372296,0.1,1.4,-6.767150829057298e-06,0.0110719269401506,-0.0187452668762699,0.1567936446672227,-0.3054108216432865,0.1655310621242484,0.0193828158903367,0.1537301344938742,0.9666666666666668,train,5
uric_acid,2.0,7.0,CV,1,0.1431265256149798,0.3340785904024331,1.480767123187679,-0.1140888441947695,0.1,1.4,2.4200245725491857e-05,0.1065535486651724,-0.0927204035853672,1.480767123187679,0.3454909819639279,0.1486973947895791,0.1701433943844988,1.465727661569489,0.7666666666666689,train,1
ascorbic_acid,5.0,8.0,CV,2,0.4593311240531589,0.906162639962329,3.7324872795219743,-0.3576814241653721,0.1,1.4,-4.759844209730657e-05,0.2541202009322183,-0.3225085297922603,3.7324872795219743,0.0172344689378757,0.176753507014028,0.5033577507909323,3.659936916693368,0.9687499999999982,train,2
uric_acid,1.0,7.0,CV,2,0.0789789823951478,0.1806750895191275,0.8046900714041505,-0.065609062351473,0.1,1.4,-6.701445630504149e-06,0.0667249303891857,-0.0608365888889445,0.8046900714041505,0.3539078156312625,0.1402805611222445,0.0882606856864384,0.7937086067092193,0.9230769230769234,train,1
ascorbic_acid,0.5,6.5,CV,1,0.0621193030098299,0.1174263778721498,0.4786242220567868,-0.0472326234491192,0.1,1.4,1.0826089957118812e-05,0.0399574546507238,-0.0386925605190676,0.4786242220567868,0.0845691382765531,0.176753507014028,0.0647524818095389,0.4657649964958023,0.8,train,2
aluminum,0.1,6.5,CV,9,0.0077876702652323,0.0192299669110077,0.078232169321252,-0.0373799563346641,0.1,1.4,-7.399018726399175e-06,0.0063092541157599,-0.0090908269580994,0.078232169321252,-0.3222444889779559,0.1627254509018036,0.0095109902937687,0.0754882564766935,0.8709677419354849,train,5
ascorbic_acid,10.0,6.0,CV,2,0.685107934606253,1.3503768443776707,5.3142781366759975,-0.5364461593387773,0.1,1.4,-7.251185489826729e-05,0.4075034629824738,-0.4819145739528988,5.3142781366759975,0.0845691382765531,0.1879759519038076,0.7796715886455966,5.208756648203301,0.7179487179487174,train,2
ascorbic_acid,0.1,6.5,CV,6,0.0153354299187837,0.02459559573849,0.1012434967991598,-0.0093087438535243,0.1,1.4,1.0033628648910192e-05,0.0123261890840717,-0.0079416147145785,0.1012434967991598,0.0789579158316633,0.1907815631262525,0.0142417588965905,0.0962895843485348,0.8888888888888882,train,2
dopamine,2.0,7.5,CV,2,0.0925676274486973,0.3916435246279443,1.796861722220635,-0.9915564283736596,0.1,1.4,-1.5367774575797105e-05,0.1190764107624931,-0.1336262697210536,1.796861722220635,0.1659318637274549,0.1150300601202405,0.1587199013090981,1.7878235103750504,0.7826086956521753,train,0
ascorbic_acid,0.5,8.0,CV,3,0.0654263472479261,0.1215271844763654,0.4808757896174211,-0.0526952565801671,0.1,1.4,-0.0001410641452408,0.0443014424703556,-0.0754134673389904,0.4808757896174211,0.0256513026052104,0.1991983967935872,0.0726541047535369,0.4664967201258367,0.9189189189189196,train,2
aluminum,2.0,7.0,CV,7,0.0994175180028446,0.3323714830741203,1.332883785727085,-0.6721365656125202,0.1,1.4,-0.0001468423029644,0.0997209913514308,-0.1019167362198821,1.332883785727085,-0.3110220440881763,0.1683366733466934,0.1701088397595052,1.322321846740066,0.935483870967742,train,5
aluminum,0.2,8.0,CV,5,0.0135250231501816,0.0379649349235651,0.1539822446402634,-0.0748824192938527,0.1,1.4,-8.10750909568263e-06,0.0116955288821833,-0.0141465830013163,0.1539822446402634,-0.3054108216432865,0.1683366733466934,0.0194383045975964,0.150386598043033,0.8750000000000009,train,5
uric_acid,0.1,8.0,CV,6,0.0113113587520892,0.0194366017959527,0.0912401002410115,-0.0066322071150121,0.1,1.4,8.318175902153024e-06,0.0093981601250297,-0.0064668774018986,0.0912401002410115,0.292184368737475,0.151503006012024,0.0099892367669133,0.0871033105696509,0.6875000000000008,train,1
dopamine,2.0,6.5,CV,1,0.0890381062120235,0.3832203646624662,1.7562338318981623,-0.9545914965520093,0.1,1.4,2.4270448176778285e-05,0.1252506109521775,-0.1191275180032193,1.7562338318981623,0.2360721442885771,0.1150300601202404,0.1556540496800691,1.746499157911469,0.7826086956521736,train,0
dopamine,5.0,8.0,CV,1,0.187937349705845,0.8250159093256537,3.710518694010303,-2.136804299842604,0.1,1.4,4.8900274998518345e-05,0.2295578151251423,-0.2707309595799423,3.710518694010303,0.1519038076152304,0.1150300601202405,0.3330178872906264,3.692606514717861,0.8636363636363632,train,0
uric_acid,0.1,8.0,CV,8,0.0112690922258207,0.0194551003699224,0.0939395903223247,-0.0052578501414915,0.1,1.4,3.970692814219152e-06,0.0051529407566748,-0.0071017540295091,0.0939395903223247,0.3034068136272545,0.1458917835671341,0.0097168259636381,0.0897956758169457,0.925925925925926,train,1
aluminum,0.5,7.5,CV,1,0.0294494637979935,0.0932972540772486,0.3631006265353844,-0.2022710559214653,0.1,1.4,-1.276800957374761e-05,0.0252617357913552,-0.0308151955061177,0.3631006265353844,-0.3082164328657314,0.1767535070140281,0.0490186193183046,0.3579939484372896,0.96875,train,5
copper,0.5,7.0,CV,9,0.0225975988302132,0.1238595368495052,0.542694509606397,-0.3964263108805886,0.1,1.4,-1.795454880383171e-05,0.0535196913979207,-0.033706326193609,0.542694509606397,-0.0472945891783567,0.0925851703406813,0.0404187057479521,0.5392210392537922,0.9411764705882344,train,4
copper,2.0,6.0,CV,9,0.0751287852587696,0.4396237668308052,1.9109685858597545,-1.4206118542632291,0.1,1.4,-7.064989999052718e-05,0.1866276654146833,-0.1188315152147036,1.9109685858597545,-0.0613226452905811,0.0981963927855711,0.1483388063816456,1.9029858746320536,0.8421052631578941,train,4
dopamine,1.0,6.0,CV,5,0.0498823600136442,0.2022376086840505,0.9270582092149732,-0.4782443019714519,0.1,1.4,-1.2610951129076431e-05,0.0597199430883527,-0.0669504685882868,0.9270582092149732,0.2669338677354709,0.1150300601202404,0.0821529990434151,0.9192402971352952,0.7083333333333346,train,0
aluminum,1.0,7.5,CV,8,0.0554627761510491,0.179495498270291,0.7085065904355101,-0.4029886944804891,0.1,1.4,-2.8395390697082385e-05,0.0545539133947844,-0.0983430453922692,0.7085065904355101,-0.2997995991983967,0.1739478957915831,0.0934634739370911,0.6988795366336407,0.8787878787878786,train,5
ascorbic_acid,0.2,6.0,CV,1,0.0269592862682111,0.0476194051467267,0.1976193992803964,-0.0182424146236759,0.1,1.4,6.087861520523291e-06,0.0163560626984666,-0.0157234295879228,0.1976193992803964,0.0845691382765531,0.1907815631262525,0.0276863015876189,0.1905995286860632,0.7,train,2
uric_acid,5.0,8.0,CV,4,0.3024894071062908,0.7072679515582153,3.125009813889425,-0.3462367413600431,0.1,1.4,-0.0002248336985862,0.207669982113865,-0.2627077239282938,3.125009813889425,0.3006012024048096,0.1458917835671342,0.3549734197067206,3.0902668173829,0.7931034482758614,train,1
aluminum,0.5,8.0,CV,1,0.0294591129811298,0.0936025772471699,0.3688027550345956,-0.2031165443419114,0.1,1.4,-9.264658482065085e-06,0.0249583739500536,-0.0476753303837701,0.3688027550345956,-0.2969939879759519,0.1627254509018036,0.0466729507777479,0.3636828165501787,0.8709677419354837,train,5
ascorbic_acid,5.0,8.0,CV,0,0.45622561560797,0.9060370117827222,3.831594679497515,-0.4677432013796481,0.1,1.4,-2.961211916818085e-05,0.2695206388322464,-0.3160238674004456,3.831594679497515,0.0144288577154308,0.176753507014028,0.5018026740289293,3.7586962528493664,0.8529411764705892,train,2
copper,0.5,6.5,CV,7,0.0214663246040666,0.1238666011315197,0.5380128941261694,-0.3809456110362143,0.1,1.4,-1.465104912738398e-05,0.0364000578812107,-0.0404079104113629,0.5380128941261694,-0.0529058116232464,0.0981963927855711,0.042036141490063,0.5357974115893781,0.9444444444444446,train,4
aluminum,5.0,8.0,CV,7,0.2043647726430942,0.6932228018366806,2.7949055390511943,-1.3888243813272858,0.1,1.4,-0.0002527305577875,0.2080963056415823,-0.2956365723054694,2.7949055390511943,-0.3110220440881763,0.1655310621242485,0.3513015194551108,2.774389232642679,0.787878787878788,train,5
copper,1.0,6.0,CV,4,0.0408844218884617,0.2381226130407109,1.012822409089168,-0.7349651037278867,0.1,1.4,-6.139363380273703e-05,0.084188658684818,-0.0740971910100865,1.012822409089168,-0.064128256513026,0.1038076152304609,0.0823914720894876,1.007492511721347,0.7619047619047625,train,4
dopamine,2.0,6.5,CV,3,0.0929919213746538,0.3840004137429375,1.7811791925464997,-0.9663735210869436,0.1,1.4,-0.0003709716609702,0.1243944341125883,-0.1959615916072716,1.7811791925464997,0.2248496993987976,0.1122244488977955,0.1530921092843899,1.7692713292523503,0.8181818181818203,train,0
uric_acid,0.1,7.5,CV,0,0.0111470252018245,0.0193543413962125,0.0863145709394192,-0.0050629435232543,0.1,1.4,2.1236478409950733e-06,0.0070164452675576,-0.0064825908862379,0.0863145709394192,0.3314629258517034,0.1543086172344688,0.0100947491138934,0.0823827747604944,0.9642857142857164,train,1
aluminum,0.2,7.5,CV,6,0.0134476230381493,0.0380731634116037,0.1528881413878743,-0.0780694321351485,0.1,1.4,4.703071209855655e-06,0.0191810052258004,-0.0181400776733057,0.1528881413878743,-0.3110220440881763,0.1711422845691382,0.0194974723021825,0.1493795103027317,0.9062499999999996,train,5
ascorbic_acid,1.0,7.0,CV,1,0.1180108606105296,0.2283955173500404,0.8953794245545131,-0.0933149551077908,0.1,1.4,1.8357884269816107e-05,0.077493606024878,-0.0741064036430408,0.8953794245545131,0.0649298597194388,0.1879759519038075,0.1313868034053739,0.8727111135123349,0.914285714285714,train,2
aluminum,0.1,6.5,CV,5,0.0077781783620343,0.018904281451817,0.0752653455886254,-0.0380950923121185,0.1,1.4,-5.154490727746808e-06,0.0058816084772634,-0.007293547721028,0.0752653455886254,-0.3054108216432865,0.1739478957915831,0.0097882519616635,0.0725225903558339,0.7222222222222215,train,5
aluminum,5.0,7.5,CV,3,0.2143133844198772,0.6900482030343509,2.7368877476391105,-1.409188184787059,0.1,1.4,-0.0009511908233107,0.2256579753530014,-0.415463615540227,2.7368877476391105,-0.294188376753507,0.1627254509018036,0.3476243440552907,2.7059566325901976,0.7058823529411767,train,5
aluminum,2.0,8.0,CV,6,0.1023126386493409,0.3344573418770919,1.3312464775096853,-0.7155449647885761,0.1,1.4,3.137695231795598e-05,0.1663586612546405,-0.1228748135370302,1.3312464775096853,-0.3110220440881763,0.1655310621242484,0.1680838421150398,1.3139309087379905,0.8437499999999992,train,5
glucose,0.2,6.5,CV,9,0.0226468812832431,0.0310431697834492,0.1199332416109259,-0.0091533299902032,0.1,1.4,-4.199761026214125e-06,0.0117187633554168,-0.011443211949876,0.1199332416109259,0.4857715430861723,0.2132264529058116,0.0190673444549877,0.1120149760777337,0.7272727272727264,train,3
glucose,10.0,6.0,CV,4,0.524010465347468,0.8657862993924371,3.235619884112412,-0.3911038375242172,0.1,1.4,-0.0003047016674291,0.2838393330484552,-0.3548757011406849,3.235619884112412,0.4997995991983969,0.2328657314629258,0.5583255915173502,3.1261523535756908,0.7291666666666692,train,3
uric_acid,10.0,7.5,CV,5,0.4663490937229241,1.0858826628873437,4.683603528964045,-0.4504577018059634,0.1,1.4,-9.11497923249424e-05,0.4139460540787523,-0.2756906898449555,4.683603528964045,0.3090180360721443,0.1571142284569137,0.5693842377743628,4.628723759441392,0.5555555555555555,train,1
aluminum,1.0,6.5,CV,2,0.0553635306745317,0.1780427026247038,0.7014447454604829,-0.379176608267425,0.1,1.4,-6.501801095187101e-05,0.0510373978809897,-0.0787881201142711,0.7014447454604829,-0.3054108216432865,0.1655310621242485,0.0900043194549709,0.6930497607949712,0.6388888888888884,train,5
uric_acid,0.2,8.0,CV,5,0.0195649616250999,0.0386159838934244,0.1772242820782484,-0.0144865623798681,0.1,1.4,-6.105282505266003e-07,0.0126719140061008,-0.0106028339534442,0.1772242820782484,0.2977955911823647,0.1402805611222445,0.0189194355440306,0.1719082573502242,0.7857142857142864,train,1
glucose,0.1,8.0,CV,4,0.0135713877799921,0.0156887658991318,0.0627044792641797,-0.0037448162071106,0.1,1.4,-3.2397140199356256e-06,0.0055181543995017,-0.0069873191677814,0.0627044792641797,0.4268537074148296,0.2300601202404809,0.0101437740529208,0.056371859928673,0.4642857142857144,train,3
glucose,0.5,6.0,CV,6,0.0489705529729735,0.0753435761872948,0.2919444835446586,-0.0254888310041019,0.1,1.4,2.5586891760586624e-05,0.0388733527320271,-0.0235240115646048,0.2919444835446586,0.4829659318637275,0.2272545090180362,0.0481327307513242,0.278473747438959,0.4727272727272733,train,3
ascorbic_acid,2.0,7.5,CV,3,0.2246760405440991,0.4312230083015545,1.7306900934438598,-0.1912823240834798,0.1,1.4,-0.0005056795810799,0.1603031299215276,-0.2665934151966821,1.7306900934438598,0.0284569138276553,0.1851703406813627,0.2468803776500383,1.6886143730283434,0.7837837837837843,train,2
ascorbic_acid,0.2,6.5,CV,4,0.0274957365748671,0.0489898827761181,0.1956899485111257,-0.0175078166185892,0.1,1.4,-1.3940859986605353e-05,0.0157852894848832,-0.0193364873248167,0.1956899485111257,0.062124248496994,0.1907815631262525,0.0286742707300231,0.1890346435435116,0.6585365853658545,train,2
glucose,0.1,6.5,CV,0,0.0132722169051272,0.0156638283300912,0.0618128933306161,-0.0035841165497258,0.1,1.4,2.178724251739469e-06,0.0051583093771689,-0.005959223326617,0.0618128933306161,0.5110220440881764,0.2328657314629257,0.0102724837056666,0.0558839768255789,0.9302325581395338,train,3
dopamine,5.0,6.0,CV,6,0.1825802160609663,0.7838873216703086,3.6252183387392622,-1.9344999917037375,0.1,1.4,0.0001895634807193,0.318757600189643,-0.288042934804932,3.6252183387392622,0.2529058116232465,0.1094188376753507,0.3076661663092545,3.6068524452424473,0.8571428571428585,train,0
glucose,0.5,8.0,CV,9,0.0505581101429508,0.0771060719351179,0.2837765821503982,-0.0284669023240196,0.1,1.4,-1.4198910518044998e-05,0.0279308198992859,-0.0271019902938795,0.2837765821503982,0.4857715430861723,0.2384769539078156,0.0509238616712277,0.2700668536109508,0.7708333333333343,train,3
aluminum,2.0,8.0,CV,1,0.1004817530106551,0.3356873947786968,1.318173198498004,-0.735619647544875,0.1,1.4,-4.055225608508399e-05,0.0892562734331051,-0.1708234849960141,1.318173198498004,-0.2969939879759519,0.1627254509018036,0.1675131452246918,1.3046874081742623,0.8709677419354837,train,5
glucose,10.0,6.0,CV,8,0.5216953142450448,0.8774956472189442,3.197024621616603,-0.3768568253855978,0.1,1.4,5.7597924456919305e-05,0.2565927398780777,-0.2602770910602955,3.197024621616603,0.4857715430861723,0.227254509018036,0.5634935571470356,3.100339299343427,0.5576923076923072,train,3
glucose,5.0,6.0,CV,5,0.3391987768682096,0.5643011225121942,2.068710648994312,-0.2085983284777259,0.1,1.4,-5.017664113340598e-05,0.190995869856741,-0.2258293829190837,2.068710648994312,0.5054108216432865,0.2496993987975952,0.3837094068358943,2.000822928179196,0.745098039215686,train,3
glucose,0.2,6.0,CV,1,0.0222258023574112,0.0311025133779304,0.118080917405468,-0.0113570830623996,0.1,1.4,5.048685116163361e-06,0.0111802339911457,-0.0092427301875276,0.118080917405468,0.5306613226452906,0.2356713426853709,0.0205134635326115,0.1110236062444112,0.8260869565217381,train,3
ascorbic_acid,0.2,7.5,CV,3,0.0283131292788562,0.0493077950729574,0.200439027551488,-0.0203949275013245,0.1,1.4,-5.608364507540728e-05,0.0185513654461072,-0.0308553768330596,0.200439027551488,0.0284569138276553,0.1851703406813627,0.0281993482355572,0.193000310475926,0.7837837837837843,train,2
uric_acid,0.2,6.5,CV,2,0.0190055793673336,0.0379325728515452,0.1708805874796078,-0.0143534931499366,0.1,1.4,7.730691358523697e-07,0.0136533686796176,-0.0130120308187607,0.1708805874796078,0.3763527054108216,0.151503006012024,0.0194760615211899,0.1659670727517072,0.862068965517243,train,1
aluminum,2.0,7.5,CV,3,0.1044971896765668,0.3331166927554083,1.3221697990071568,-0.6788192479656703,0.1,1.4,-0.0004579888621373,0.1090147339669105,-0.2006853377858339,1.3221697990071568,-0.294188376753507,0.1627254509018036,0.1678577902368596,1.3066758088165689,0.7058823529411767,train,5
ascorbic_acid,0.5,6.5,CV,6,0.0627844912124925,0.1190039647406024,0.4783713876067818,-0.0511446340726659,0.1,1.4,3.695904979119336e-05,0.0582839766057234,-0.0375687013986997,0.4783713876067818,0.0789579158316633,0.1991983967935872,0.0711434018152349,0.4666059538436591,0.9722222222222218,train,2
aluminum,10.0,8.0,CV,0,0.3202155044981689,1.0845762093032163,4.156798174947132,-2.493224333397808,0.1,1.4,-0.0002457909815015,0.313888473544983,-0.361048672161165,4.156798174947132,-0.3082164328657314,0.1739478957915831,0.5661271417523402,4.11582966649872,0.8235294117647052,train,5
aluminum,1.0,6.5,CV,4,0.055657366078214,0.1776955674010384,0.6917306856282193,-0.3635404116460322,0.1,1.4,-0.0001145568033558,0.0583272574586571,-0.06375406162597,0.6917306856282193,-0.3278557114228457,0.1767535070140281,0.0944333837279043,0.6824805380610659,0.7999999999999996,train,5
uric_acid,0.2,7.5,CV,3,0.0196001459163942,0.0384712686566669,0.18019989787467,-0.0145655463279459,0.1,1.4,-4.0794892951203806e-05,0.0115642685786727,-0.0228389777819904,0.18019989787467,0.3230460921843687,0.1458917835671342,0.019342447899598,0.1751016721478709,0.7931034482758614,train,1
ascorbic_acid,10.0,8.0,CV,8,0.7116191991045738,1.4135945282115852,5.584880056118995,-0.5157210727020555,0.1,1.4,8.821264233651926e-05,0.4117550081634909,-0.4511919056126111,5.584880056118995,0.0256513026052104,0.1879759519038075,0.8195975566765686,5.480753802804441,0.914285714285714,train,2
glucose,1.0,7.5,CV,5,0.0929688699245074,0.1485295880126398,0.5470588345215167,-0.0521898328028309,0.1,1.4,-1.1264394556229191e-05,0.0530821241108585,-0.0589535022085928,0.5470588345215167,0.4829659318637275,0.224448897795591,0.0936467186551506,0.5252550813692803,0.999999999999999,train,3
ascorbic_acid,5.0,7.5,CV,5,0.4577865748971587,0.9032876890891358,3.71351504105562,-0.3921577235496629,0.1,1.4,-7.893301940560172e-05,0.2723344457490947,-0.3057399732750534,3.71351504105562,0.0172344689378757,0.1795591182364729,0.505183983130913,3.640523333894522,0.5609756097560971,train,2
aluminum,10.0,7.0,CV,5,0.3262931565179456,1.0636824518626258,4.202686088031499,-2.2666377091921524,0.1,1.4,-0.000389474104143,0.3239776002225852,-0.4019572392542745,4.202686088031499,-0.3054108216432865,0.1739478957915831,0.555078723841525,4.154032936968335,0.8235294117647058,train,5
copper,0.5,6.5,CV,1,0.0217043752893871,0.1233304895725151,0.5395909151575645,-0.380789146550752,0.1,1.4,9.453812948743646e-06,0.0397824531101844,-0.0356008232485365,0.5395909151575645,-0.0501002004008015,0.0981963927855711,0.0417469059788743,0.5364751983747154,0.8421052631578934,train,4
ascorbic_acid,0.1,6.0,CV,7,0.0150117122885873,0.024193536585495,0.0991718413576671,-0.0074078648874289,0.1,1.4,-1.6068965462366635e-06,0.0072354427985433,-0.0073108636712891,0.0991718413576671,0.087374749498998,0.1935871743486974,0.0141779502997276,0.0945951874054746,0.7250000000000003,train,2
glucose,5.0,6.5,CV,1,0.3376064316811042,0.5674059487981354,2.0411012725814257,-0.2444364607461352,0.1,1.4,4.2208876107583975e-05,0.1962351577682608,-0.1624248861749028,2.0411012725814257,0.4857715430861723,0.2440881763527054,0.3810546774196775,1.9791124603522776,0.7058823529411755,train,3
dopamine,0.2,7.5,CV,8,0.0131917722954197,0.0447060763120349,0.2076906372455456,-0.1045082818399607,0.1,1.4,5.095905325578188e-06,0.0141581997686173,-0.0175449485667173,0.2076906372455456,0.1715430861723447,0.1122244488977955,0.0179393322756674,0.2036984205002728,0.818181818181817,train,0
dopamine,0.5,7.5,CV,3,0.0287196742767432,0.110075345462037,0.510821698553647,-0.269035085427559,0.1,1.4,-0.0001044964364669,0.0383062791453969,-0.0562398066298579,0.510821698553647,0.1771543086172344,0.1122244488977955,0.0441823099939018,0.505044049960954,0.999999999999998,train,0
glucose,0.2,7.5,CV,1,0.0226608424311636,0.0314987407917919,0.1200540689714515,-0.0101453296403954,0.1,1.4,5.084727492865079e-06,0.0113597222848162,-0.009391304472521,0.1200540689714515,0.4689378757515029,0.2468937875751503,0.0213902559239059,0.1124517793981742,0.7599999999999986,train,3
aluminum,2.0,7.0,CV,4,0.1021357007540301,0.3324401204649742,1.2861136263239,-0.6886220491739943,0.1,1.4,-0.0001999523251234,0.1099175649310548,-0.1388900441749774,1.2861136263239,-0.3138276553106212,0.1739478957915832,0.1748780073203711,1.2703685393081827,0.9375000000000002,train,5
uric_acid,0.5,7.5,CV,2,0.0428059002600091,0.0945779970873776,0.4092250342181225,-0.0355206024706408,0.1,1.4,-2.192579256726064e-06,0.0325341262160595,-0.0319872858286256,0.4092250342181225,0.314629258517034,0.1571142284569138,0.0496824614962601,0.4018574867443015,0.6969696969696967,train,1
uric_acid,0.1,7.5,CV,7,0.0110851836558202,0.0194392765551891,0.0901001676623081,-0.0052461494519999,0.1,1.4,-5.652814963774912e-07,0.0058592333419797,-0.0051959927757784,0.0901001676623081,0.3230460921843687,0.1543086172344688,0.0101330510312723,0.0863306377013501,0.8333333333333331,train,1
dopamine,0.2,7.5,CV,4,0.0132885445724917,0.045146687790274,0.2100131635986921,-0.1142097613551103,0.1,1.4,-1.0048055019978026e-05,0.0142118788551929,-0.0180898491260293,0.2100131635986921,0.1743486973947895,0.1122244488977955,0.0181561748630605,0.2064382401490805,0.999999999999998,train,0
dopamine,0.1,6.0,CV,8,0.0079465304838949,0.0216792466198787,0.1015147479618128,-0.0520496982284006,0.1,1.4,3.933868583480497e-06,0.0066176909695778,-0.0095870990716296,0.1015147479618128,0.2557114228456913,0.1122244488977955,0.0085985106968521,0.0979613216534732,0.999999999999998,train,0
ascorbic_acid,2.0,7.0,CV,0,0.2175206565105146,0.42875525325601,1.7310549718656771,-0.2190137449493803,0.1,1.4,-1.2553544442571284e-05,0.1316447037619625,-0.1424622011049976,1.7310549718656771,0.0537074148296593,0.1851703406813627,0.2455332823122623,1.6955808137023267,0.885714285714286,train,2
copper,5.0,6.0,CV,3,0.1566778218748211,0.9194141109890752,3.972456462705472,-2.9376904293581667,0.1,1.4,-0.0008495797046373,0.2426737281996772,-0.4469116388034208,3.972456462705472,-0.064128256513026,0.0981963927855711,0.3088860903533308,3.950933871109148,0.7500000000000014,train,4
dopamine,0.1,7.0,CV,7,0.0079604827426292,0.0223742752899742,0.1054673017190374,-0.0516937544177072,0.1,1.4,-5.689308122331527e-07,0.0072522294316509,-0.0090187554610851,0.1054673017190374,0.2052104208416834,0.1122244488977955,0.0090026813818608,0.1023777064184282,0.904761904761905,train,0
ascorbic_acid,1.0,6.0,CV,1,0.1157185550962902,0.2239402881614722,0.917664450334116,-0.0914141731677726,0.1,1.4,1.804788620208042e-05,0.0759190729591512,-0.0732022709166085,0.917664450334116,0.0845691382765531,0.1907815631262525,0.1301668603555845,0.8953375421816894,0.7,train,2
glucose,1.0,7.5,CV,7,0.0914369225809555,0.1480772091774153,0.5564875036043528,-0.0628772066945748,0.1,1.4,-2.4507477258091385e-05,0.0474032089215789,-0.039370522400465,0.5564875036043528,0.4521042084168337,0.230060120240481,0.0952949494927197,0.5356353405277854,0.5769230769230774,train,3
ascorbic_acid,0.2,7.0,CV,8,0.0276149626741187,0.0491615668218187,0.2012756425565868,-0.016164210185114,0.1,1.4,5.819408930559656e-06,0.0155227987072684,-0.0159299535463843,0.2012756425565868,0.0452905811623246,0.1879759519038076,0.0282084840208912,0.1944531192680892,0.7631578947368424,train,2
dopamine,0.1,8.0,CV,8,0.0081994594863564,0.0228148885530754,0.1062807366480346,-0.0555076752092314,0.1,1.4,3.990476394048106e-06,0.0075249134711708,-0.0079434563215711,0.1062807366480346,0.1490981963927855,0.1178356713426853,0.0094125250268439,0.1028117236701029,1.0,train,0
ascorbic_acid,0.1,7.0,CV,6,0.0154595985487045,0.0248902550338233,0.0999762681424629,-0.0094205618118916,0.1,1.4,1.0105589028466096e-05,0.012449015011916,-0.0080203907793585,0.0999762681424629,0.0649298597194388,0.1851703406813627,0.0141429936060961,0.0950754227284095,0.885714285714286,train,2
uric_acid,0.2,7.5,CV,7,0.0190492855093741,0.0387081648841766,0.1757306468176323,-0.0130154730330628,0.1,1.4,-3.768895718694038e-06,0.0114310790300492,-0.0102072310896895,0.1757306468176323,0.3230460921843687,0.1543086172344688,0.0201576459398074,0.1714853247074006,0.8333333333333331,train,1
uric_acid,2.0,6.5,CV,9,0.1443819604566251,0.3320256802169075,1.4445412902500216,-0.1330010473138037,0.1,1.4,-6.306097126724303e-05,0.105007135234907,-0.0959141975806033,1.4445412902500216,0.3735470941883767,0.151503006012024,0.170003634676758,1.4247148493091704,0.8620689655172404,train,1
ascorbic_acid,2.0,7.0,CV,9,0.2206005095469295,0.4282354612962766,1.6735383297027653,-0.1729518852553808,0.1,1.4,-8.701699347944869e-05,0.1539109318140643,-0.1307463759178295,1.6735383297027653,0.0593186372745491,0.1963927855711422,0.2545871485044978,1.6334316602788408,1.0,train,2
aluminum,1.0,8.0,CV,2,0.0556376887639417,0.1802313380419727,0.7311627590607104,-0.3835920985147988,0.1,1.4,-4.2137390035543176e-05,0.051709856680266,-0.0879897254238565,0.7311627590607104,-0.3054108216432865,0.1655310621242484,0.0911942785718215,0.7226842287117717,0.9666666666666668,train,5
copper,0.5,6.5,CV,4,0.022291505070026,0.1241984734493115,0.5395467874486953,-0.391479570021485,0.1,1.4,-3.0774083096747284e-05,0.0455870208227558,-0.0387620986994966,0.5395467874486953,-0.0501002004008015,0.0953907815631263,0.0407863858964035,0.5357987288773456,0.8888888888888872,train,4
ascorbic_acid,1.0,6.5,CV,6,0.1181417293884861,0.2291615526436897,0.9183539268823409,-0.0999531726616646,0.1,1.4,6.837204112385775e-05,0.1119013953809839,-0.0721336358635077,0.9183539268823409,0.0789579158316633,0.1991983967935872,0.1370500784255375,0.8986588716779642,0.9722222222222218,train,2
ascorbic_acid,0.1,7.0,CV,2,0.0154258570722027,0.0247087393148001,0.1069585980206415,-0.0076471023229598,0.1,1.4,1.3896761131218932e-06,0.0076712832453147,-0.009066760062883,0.1069585980206415,0.0480961923847695,0.1795591182364728,0.0137659010568452,0.1019435808187903,0.7777777777777782,train,2
ascorbic_acid,2.0,7.0,CV,3,0.2224889247570307,0.4271315996961311,1.6647972690501718,-0.1893787056582071,0.1,1.4,-0.0005006712783455,0.1623444777614992,-0.2639673962155681,1.6647972690501718,0.0789579158316633,0.2020040080160321,0.2586103269167458,1.623303074467654,0.6744186046511629,train,2
ascorbic_acid,0.5,7.0,CV,9,0.0636774961543479,0.1194505040359904,0.4689080134323836,-0.0455510219521885,0.1,1.4,-2.2361486897863822e-05,0.0430990022882959,-0.0366189479979523,0.4689080134323836,0.0593186372745491,0.1963927855711422,0.0709346291272716,0.4552482474169552,1.0,train,2
dopamine,10.0,6.0,CV,1,0.2766910297437693,1.2180073309196244,5.600833400291124,-3.1033963764163577,0.1,1.4,7.100831859115606e-05,0.36738722697788,-0.3937077713772562,5.600833400291124,0.2585170340681363,0.1094188376753507,0.4791716325071222,5.576637109735556,0.9499999999999992,train,0
glucose,10.0,8.0,CV,4,0.5400885700335448,0.8849956411442911,3.262153341211081,-0.3997904121789687,0.1,1.4,-0.0003121414403103,0.2873175423422464,-0.3634612308257636,3.262153341211081,0.4268537074148296,0.2328657314629257,0.5716934391305759,3.1405885729681597,0.4821428571428568,train,3
copper,2.0,7.5,CV,8,0.0745905390644305,0.4501363238882288,1.967821334295284,-1.4000322929324365,0.1,1.4,2.441786230128876e-05,0.1406661770874205,-0.134525275644174,1.967821334295284,-0.038877755511022,0.101002004008016,0.1544301742731826,1.9608626238212148,0.8947368421052635,train,4
copper,10.0,7.0,CV,5,0.2394428770730353,1.455133696091045,6.383966134363204,-4.587088185959186,0.1,1.4,-0.0001012658764995,0.4987646446976319,-0.4680027329141636,6.383966134363204,-0.0529058116232464,0.1010020040080159,0.4953805946935499,6.356447399488676,0.8000000000000004,train,4
glucose,10.0,7.5,CV,3,0.5423196306799016,0.8927423022039112,3.275835195247524,-0.3641426910184889,0.1,1.4,-0.001076512219239,0.3046920274351604,-0.5658998714568069,3.275835195247524,0.4577154308617234,0.2440881763527054,0.5997314251663098,3.1643533259078067,0.6111111111111099,train,3
dopamine,0.5,6.5,CV,5,0.0276586747374533,0.1065231866684266,0.4857112885876773,-0.260501487727751,0.1,1.4,-5.325978679023034e-06,0.0282344068101764,-0.0379656784291368,0.4857112885876773,0.2304609218436873,0.1094188376753507,0.0417887392962825,0.4800645837737933,0.9499999999999992,train,0
uric_acid,0.5,7.5,CV,8,0.042727430385427,0.0941731053171414,0.4160514132919634,-0.0347772429484502,0.1,1.4,8.251811831580201e-06,0.0259303543402133,-0.0328162334121832,0.4160514132919634,0.3230460921843687,0.1430861723446892,0.0464874071537522,0.4089393760848344,0.8214285714285724,train,1
copper,1.0,8.0,CV,0,0.0406851055377222,0.2417137850711379,1.0450062485041165,-0.7502161892398074,0.1,1.4,-4.08390372159724e-06,0.0752487146554375,-0.1022395349773729,1.0450062485041165,-0.0416833667334669,0.0981963927855711,0.0813375253376402,1.0406411387444956,0.8421052631578941,train,4
dopamine,5.0,7.0,CV,6,0.1871029427047309,0.802904171964209,3.711818911817515,-2.000260475959573,0.1,1.4,0.0001943613482944,0.3269468640607688,-0.2383460183847558,3.711818911817515,0.1995991983967936,0.1094188376753506,0.3162226768316406,3.692826748941458,0.9500000000000012,train,0
glucose,0.2,6.0,CV,3,0.0226389757530793,0.0311117794505027,0.117223185554772,-0.0102167842197103,0.1,1.4,-3.6254086417209606e-05,0.0111061806388643,-0.0204580825398556,0.117223185554772,0.5138276553106212,0.2356713426853707,0.0203991901355527,0.1093265000211969,0.9534883720930244,train,3
dopamine,0.2,8.0,CV,8,0.0133191399737814,0.0453163780514504,0.2079291015083611,-0.1133537120710771,0.1,1.4,5.123766199340157e-06,0.0147843127006977,-0.0156548834442017,0.2079291015083611,0.1490981963927855,0.1178356713426853,0.0187158252230101,0.2042805937304009,1.0,train,0
aluminum,2.0,6.5,CV,0,0.1002576653880773,0.3328039876938284,1.275530078483695,-0.7313906679525909,0.1,1.4,-0.0001170396584003,0.0963411556264872,-0.1956577116397214,1.275530078483695,-0.3334669338677354,0.1683366733466934,0.1696491459121117,1.2615469978203058,0.7647058823529412,train,5
uric_acid,1.0,6.0,CV,6,0.0778294934631814,0.176441972108005,0.7785951282978474,-0.0691713925836873,0.1,1.4,5.094339984482521e-05,0.0821532332831227,-0.0701282771246937,0.7785951282978474,0.4044088176352706,0.1402805611222444,0.0859701317281106,0.7660921590497521,0.9230769230769248,train,1
copper,5.0,6.0,CV,4,0.1519842455762194,0.9185401142940208,3.900528693318364,-2.84363930789272,0.1,1.4,-0.000244436937997,0.3243689513689552,-0.2853299459464545,3.900528693318364,-0.064128256513026,0.1038076152304609,0.3176124450351298,3.884210903048911,0.7619047619047625,train,4
uric_acid,5.0,7.5,CV,7,0.2942886455681964,0.7049998139835979,3.135120006425635,-0.2826488723447979,0.1,1.4,-0.0001144858032419,0.203994066009733,-0.1833956272184577,3.135120006425635,0.3230460921843687,0.1543086172344688,0.3665759723173171,3.114226045856382,0.8333333333333331,train,1
ascorbic_acid,10.0,6.5,CV,9,0.6971686144390848,1.3670432904875975,5.334089520431872,-0.5598559847496452,0.1,1.4,-0.0002833702417422,0.4698005201873556,-0.4166033317988888,5.334089520431872,0.0789579158316633,0.1963927855711422,0.8136948913169161,5.214751272941196,1.0,train,2
ascorbic_acid,1.0,6.0,CV,3,0.118526176605631,0.2252159519324436,0.9341157145396028,-0.0988956888280032,0.1,1.4,-0.0002626152711267,0.08801207596566,-0.1391467480102277,0.9341157145396028,0.0929859719438878,0.1739478957915832,0.124092795172459,0.910697333462484,0.7714285714285721,train,2
dopamine,0.5,6.5,CV,8,0.0272908696516425,0.1067000719458074,0.492844430849236,-0.2580367042557603,0.1,1.4,8.216041640120645e-06,0.0327926996089244,-0.0374559783183673,0.492844430849236,0.2276553106212424,0.1094188376753507,0.0418364562971858,0.4876703578752605,0.9499999999999992,train,0
dopamine,10.0,7.5,CV,3,0.3001753762068639,1.272786073235087,5.870482568462436,-3.142474783244086,0.1,1.4,-0.0012303516330081,0.4405820264371078,-0.6465629707440468,5.870482568462436,0.1771543086172344,0.1122244488977955,0.5108017466859938,5.837107716825408,0.999999999999998,train,0
uric_acid,10.0,6.5,CV,6,0.4561106064183494,1.0687726370281077,4.641553481371586,-0.462036380008609,0.1,1.4,0.0002932897824906,0.4958033485930267,-0.4018901584116237,4.641553481371586,0.3847695390781563,0.1402805611222445,0.520374599927249,4.584701972720676,0.9230769230769234,train,1
uric_acid,0.5,6.0,CV,6,0.0418532254263189,0.0915372459736436,0.4058053821181354,-0.0348299222198362,0.1,1.4,2.789455995379639e-05,0.0428122075389223,-0.0365109504588923,0.4058053821181354,0.4044088176352706,0.1402805611222444,0.0446056042673331,0.3975992338789472,0.9230769230769248,train,1
copper,0.2,7.5,CV,8,0.0102865449483552,0.0513775187483569,0.2266165057474049,-0.1571043681384212,0.1,1.4,5.294308834820312e-06,0.0161417645282599,-0.0154254231124401,0.2266165057474049,-0.038877755511022,0.101002004008016,0.0176611869065782,0.2242411621456853,0.8947368421052635,train,4
ascorbic_acid,1.0,6.0,CV,8,0.1164850386019583,0.2261418567028313,0.924314714652868,-0.0810638447803585,0.1,1.4,1.6523477908261143e-05,0.0683318829357078,-0.0724767560751933,0.924314714652868,0.0845691382765531,0.1711422845691382,0.1225746494684588,0.903726750058026,0.648648648648649,train,2
glucose,0.5,7.0,CV,2,0.049598128629839,0.0762401049663692,0.2879061852440212,-0.0270620852204892,0.1,1.4,-1.66414119696625e-06,0.0234560987420038,-0.0286061544153552,0.2879061852440212,0.4829659318637275,0.2412825651302604,0.0506462760922522,0.2745552332159455,0.8297872340425544,train,3
glucose,0.5,6.0,CV,2,0.0488652548388718,0.0753792042816021,0.2836727218307151,-0.0266961430436409,0.1,1.4,-1.6131439855813677e-06,0.0224322170411858,-0.0282798564316691,0.2836727218307151,0.4997995991983969,0.2328657314629258,0.0489536011001504,0.2707600244033982,0.6600000000000013,train,3
aluminum,10.0,7.0,CV,2,0.322893746044219,1.073559038887301,4.280574567244524,-2.3014318072269835,0.1,1.4,-0.0003523401260584,0.3085348370767558,-0.5554740950735015,4.280574567244524,-0.3054108216432865,0.1711422845691383,0.5541602360012099,4.238857465663664,0.8484848484848478,train,5
uric_acid,0.1,7.0,CV,1,0.0110582986687203,0.0190819015337912,0.0881166610627252,-0.005727819109272,0.1,1.4,4.078753276991181e-06,0.0063500472300378,-0.0054661145412421,0.0881166610627252,0.3454909819639279,0.1430861723446893,0.0095046209845503,0.0841098056198542,0.7000000000000024,train,1
aluminum,5.0,7.5,CV,9,0.2113404854267563,0.6991809996246837,2.7669269150660307,-1.436881094946845,0.1,1.4,-0.0002999821270449,0.2247785415923813,-0.2907487090304528,2.7669269150660307,-0.3222444889779559,0.1711422845691382,0.360993827988913,2.7382401252024824,0.6944444444444448,train,5
dopamine,2.0,6.5,CV,7,0.0882695195539112,0.3859779195913511,1.7321074775717915,-0.928089568239738,0.1,1.4,-5.355615149212548e-05,0.1185114447378269,-0.1547408985731216,1.7321074775717915,0.2220440881763526,0.1094188376753506,0.1519253122931954,1.727860356710707,0.6956521739130435,train,0
copper,1.0,6.0,CV,2,0.0405658981972073,0.2373397685191772,1.046387651231235,-0.7587360272928557,0.1,1.4,-7.69255211194244e-06,0.0688447499669325,-0.0767165800589994,1.046387651231235,-0.0529058116232464,0.0981963927855711,0.0798191652108599,1.0423524688032968,0.8421052631578941,train,4
copper,5.0,7.0,CV,9,0.1550088365236442,0.9202793299727476,4.017561196848853,-2.9646802080661767,0.1,1.4,-0.0001508825581994,0.3967709292198274,-0.2500367380593848,4.017561196848853,-0.0472945891783567,0.0925851703406813,0.3001040093454877,4.003704526143398,0.9411764705882344,train,4
dopamine,10.0,8.0,CV,3,0.3038863754700704,1.2899424041948406,5.867596674056167,-3.254633216674448,0.1,1.4,-0.0012454295686519,0.5110786579791216,-0.6544688317330167,5.867596674056167,0.1462925851703407,0.1150300601202405,0.5266729398873925,5.834550576285952,0.9523809523809534,train,0
ascorbic_acid,0.5,7.0,CV,3,0.0642066049576634,0.1191428353697623,0.4665360021666862,-0.0516301497745929,0.1,1.4,-0.0001382619109577,0.0454707610693018,-0.0739441631052027,0.4665360021666862,0.0789579158316633,0.2020040080160321,0.0721463269437152,0.4529426928379751,0.6744186046511629,train,2
uric_acid,2.0,7.0,CV,3,0.147067409511608,0.3353743138040646,1.477755994251429,-0.1584046068283069,0.1,1.4,-0.0003697491927633,0.104892715480049,-0.1953206110423238,1.477755994251429,0.3539078156312625,0.1402805611222446,0.1632165846434554,1.4557336404934424,0.9230769230769248,train,1
copper,10.0,8.0,CV,2,0.2380764895218633,1.4524761805232882,6.358682047176387,-4.548541622774801,0.1,1.4,-6.135698421574426e-05,0.4555358349253819,-0.4271432536818951,6.358682047176387,-0.0444889779559117,0.101002004008016,0.4985833058918892,6.344638441786315,0.7142857142857151,train,4
ascorbic_acid,1.0,8.0,CV,3,0.1232246732595428,0.2339574207165395,0.9231741318293082,-0.1029950673503811,0.1,1.4,-0.0002734003544823,0.0850595826550354,-0.1448017243765596,0.9231741318293082,0.0256513026052104,0.1991983967935872,0.1399786502763728,0.898575252685916,0.9189189189189196,train,2
aluminum,10.0,7.5,CV,1,0.3192246792370614,1.0781922059667224,4.178600942221147,-2.3667682610424894,0.1,1.4,-0.0001774427319523,0.2909084011859081,-0.355059117296894,4.178600942221147,-0.3082164328657314,0.1767535070140281,0.5671294853299687,4.139669802106379,0.96875,train,5
copper,0.2,7.0,CV,9,0.0104338368373783,0.050702321990756,0.2234810344003971,-0.1604974751811252,0.1,1.4,-5.743314344913385e-06,0.0219874254562757,-0.013833453712501,0.2234810344003971,-0.0472945891783567,0.0925851703406813,0.0165602773177936,0.2209309092880585,0.9411764705882344,train,4
uric_acid,10.0,7.5,CV,0,0.4594652550855618,1.092455220053003,4.669257895507648,-0.5330838069985594,0.1,1.4,-3.409337399740853e-05,0.3838842175242436,-0.3506411713525195,4.669257895507648,0.3314629258517034,0.1571142284569137,0.5733301909128358,4.622081192971188,0.9999999999999986,train,1
glucose,0.1,8.0,CV,8,0.0135258739259436,0.015914202247375,0.0648577485499426,-0.0038091378323581,0.1,1.4,3.8827803734883655e-06,0.0047454506236502,-0.0053086120301032,0.0648577485499426,0.4633266533066132,0.2300601202404808,0.0103608456861214,0.0587642645872211,0.8636363636363648,train,3
dopamine,5.0,7.5,CV,3,0.1940423198131326,0.8181912053719553,3.774976062934188,-2.0190246758270987,0.1,1.4,-0.0007901676463905,0.2833012831350856,-0.415759929135492,3.774976062934188,0.1771543086172344,0.1122244488977955,0.3283957347198512,3.7526732309527073,0.999999999999998,train,0
ascorbic_acid,5.0,6.0,CV,2,0.4414971147113369,0.8680989160177218,3.417430605067235,-0.3435377926817646,0.1,1.4,-4.562840685913461e-05,0.2620301951615218,-0.3099048825798908,3.417430605067235,0.0845691382765531,0.1879759519038076,0.5012172638717918,3.348528123206336,0.7179487179487174,train,2
copper,10.0,7.5,CV,6,0.2384306751639635,1.4566281209771568,6.183755903251845,-4.687604174739626,0.1,1.4,0.0003320525357786,0.5619657447147984,-0.4399041277493116,6.183755903251845,-0.0529058116232464,0.0981963927855711,0.4911405405453588,6.158411646975124,0.6666666666666666,train,4
uric_acid,0.5,7.0,CV,1,0.0420702709880849,0.0930360779170251,0.4151357979179774,-0.0311729181172026,0.1,1.4,8.803638143440681e-06,0.0298796143686524,-0.0259549759362188,0.4151357979179774,0.3454909819639279,0.1486973947895791,0.0473743031990273,0.4083303822402709,0.7666666666666689,train,1
copper,1.0,7.0,CV,9,0.0416691762757691,0.2385689767324096,1.0431897114725943,-0.7663394236439447,0.1,1.4,-3.71005583875676e-05,0.1029591700965492,-0.0648650274911486,1.0431897114725943,-0.0472945891783567,0.0925851703406813,0.0778192650998979,1.0381918404142887,0.9411764705882344,train,4
glucose,10.0,6.0,CV,1,0.5186338029114322,0.8784976785945935,3.1993125663368147,-0.3949270223097109,0.1,1.4,6.368676163876238e-05,0.303193393552968,-0.2509612667629711,3.1993125663368147,0.5306613226452906,0.2356713426853709,0.5757870266749476,3.1102886491706254,0.8260869565217381,train,3
copper,1.0,6.0,CV,0,0.0399190824599644,0.2370839694701633,1.0384255877661104,-0.7588651346260004,0.1,1.4,-3.946358233862732e-06,0.0645364415493793,-0.0878482960233624,1.0384255877661104,-0.0529058116232464,0.101002004008016,0.0808759316511769,1.0340928905145017,0.8947368421052635,train,4
ascorbic_acid,0.5,8.0,CV,1,0.0639044932807227,0.1211226302177241,0.4786396831277498,-0.0487110319792745,0.1,1.4,1.1067592604741716e-05,0.0412744679843664,-0.0370584279942161,0.4786396831277498,0.0200400801603206,0.1879759519038075,0.0699430484492282,0.4657265997490168,0.9705882352941184,train,2
ascorbic_acid,2.0,7.5,CV,2,0.2211443419230917,0.4329407832994423,1.7918854310741397,-0.1690567275610861,0.1,1.4,-2.131281513277783e-05,0.1263882997415526,-0.1543250244454759,1.7918854310741397,0.0480961923847695,0.1795591182364729,0.2425066969122349,1.7559045586720008,0.8823529411764698,train,2
glucose,1.0,7.5,CV,1,0.0918093821064727,0.1484717214642555,0.5479289421803063,-0.0538894104960968,0.1,1.4,1.320753910257537e-05,0.0518107060711656,-0.0428752495583386,0.5479289421803063,0.4689378757515029,0.2468937875751503,0.1004411180980855,0.5277542020861973,0.7599999999999986,train,3
ascorbic_acid,10.0,7.5,CV,0,0.7011328129508654,1.3954748599444,5.792287761579924,-0.7229290479101098,0.1,1.4,-4.7113491482588366e-05,0.4150150714931547,-0.4409409358126082,5.792287761579924,0.0144288577154308,0.1795591182364728,0.7827021766698811,5.682580546328061,0.5609756097560976,train,2
ascorbic_acid,0.2,6.0,CV,0,0.0269998711844639,0.04793317395543,0.2028233027102167,-0.020486500939067,0.1,1.4,1.0620195175156111e-06,0.0160698083179448,-0.0170324256644728,0.2028233027102167,0.0929859719438878,0.1795591182364729,0.0268551195276428,0.1961649813151994,0.8285714285714291,train,2
dopamine,0.2,6.5,CV,4,0.0130390525399745,0.0439410962847564,0.2070022169630946,-0.1155690084313256,0.1,1.4,-9.735843932140607e-06,0.0131598683080157,-0.0147072757503394,0.2070022169630946,0.2192384769539078,0.1066132264529058,0.0170294443989062,0.2033942773910765,0.6521739130434792,train,0
glucose,1.0,7.5,CV,4,0.0927280187372362,0.1465482625579412,0.5365363930933056,-0.063431765551177,0.1,1.4,-4.973394352110946e-05,0.0479855285739239,-0.0606418586190203,0.5365363930933056,0.4997995991983969,0.2412825651302605,0.0969191310197252,0.5132694746300098,0.7199999999999988,train,3
dopamine,10.0,6.0,CV,7,0.2742489105214219,1.2280870006816784,5.636124181488739,-3.0254632433840296,0.1,1.4,-0.0001762791317637,0.3885591267166588,-0.4156401417531944,5.636124181488739,0.2557114228456913,0.1122244488977955,0.4913857474813142,5.629030822271685,0.904761904761905,train,0
dopamine,5.0,7.5,CV,9,0.1910680765223122,0.8171640710975315,3.777474129253709,-2.0583994047731085,0.1,1.4,-0.0001386644838968,0.2402422757392509,-0.2612849984239112,3.777474129253709,0.1687374749498997,0.1122244488977955,0.3270864580318495,3.756620575278105,0.818181818181817,train,0
copper,1.0,6.0,CV,5,0.041178723285984,0.2401218819436813,1.0443250554468784,-0.7793639930058259,0.1,1.4,-1.4386840310495545e-05,0.0757630449390438,-0.078714556944605,1.0443250554468784,-0.0529058116232464,0.101002004008016,0.081590581599319,1.038378529182049,0.8947368421052635,train,4
glucose,2.0,7.5,CV,1,0.1675151108889232,0.2765477791286392,1.016378156814139,-0.1019069519809928,0.1,1.4,2.2100617330447976e-05,0.0960975590096688,-0.0795343963333287,1.016378156814139,0.4689378757515029,0.2468937875751503,0.1871650006262718,0.9831549209931568,0.7599999999999986,train,3
glucose,0.1,6.0,CV,4,0.0132842004130283,0.0154195316045138,0.0624074765109945,-0.0036158384836059,0.1,1.4,-3.127206448829179e-06,0.0054210949771701,-0.0068574849501321,0.0624074765109945,0.4997995991983969,0.2328657314629258,0.0100204242336199,0.0562701914078019,0.7291666666666692,train,3
aluminum,2.0,7.0,CV,1,0.1002016680081332,0.3330033858760377,1.2827371735824802,-0.7222294871497077,0.1,1.4,-6.74397685880705e-05,0.0911721125713175,-0.1632250299571313,1.2827371735824802,-0.3082164328657314,0.1683366733466934,0.170022438298685,1.2693202172925635,0.8750000000000003,train,5
ascorbic_acid,1.0,8.0,CV,2,0.1213062767301176,0.2350056601306258,0.970146869615648,-0.0899992974150243,0.1,1.4,-1.0295366634600232e-05,0.0659992418775813,-0.0838314049439393,0.970146869615648,0.0172344689378757,0.176753507014028,0.130511372280961,0.9491291489508688,0.9687499999999982,train,2
glucose,2.0,7.0,CV,8,0.1672855760315501,0.2751640983388697,1.040817388075135,-0.1159414708678213,0.1,1.4,2.0069726980436825e-05,0.0801081677003744,-0.0829836762730641,1.040817388075135,0.4745490981963928,0.2356713426853707,0.1804963414362285,1.0057900232256094,0.6800000000000007,train,3
aluminum,0.1,7.0,CV,2,0.0077290794018295,0.0191672561968499,0.0781177562980291,-0.0383716563459695,0.1,1.4,-3.557913943014272e-06,0.0056047197827891,-0.009971904081982,0.0781177562980291,-0.3054108216432865,0.1711422845691383,0.0098365540103381,0.0755320480617655,0.8484848484848478,train,5
uric_acid,0.2,6.0,CV,3,0.0191547740881294,0.0375143011613814,0.1718346982784832,-0.0142462456961506,0.1,1.4,-3.967632595327122e-05,0.0122780244299664,-0.0222524760617676,0.1718346982784832,0.3931863727454909,0.1571142284569138,0.0197748815738385,0.1668418615023836,0.6969696969696967,train,1
ascorbic_acid,10.0,8.0,CV,1,0.7068470955302815,1.398536386111222,5.497608853233697,-0.5787785115224229,0.1,1.4,9.770356316367534e-05,0.4739872987225859,-0.4260229084733276,5.497608853233697,0.0200400801603206,0.1879759519038075,0.8085584437312101,5.382278720737294,0.9705882352941184,train,2
uric_acid,0.5,7.0,CV,3,0.0431751053661215,0.0933957967285188,0.4142977996837557,-0.0425266287345473,0.1,1.4,-0.0001016408444314,0.0294181193700151,-0.0547425251579624,0.4142977996837557,0.3539078156312625,0.1402805611222446,0.0455140428676856,0.4060240687189771,0.9230769230769248,train,1
aluminum,5.0,8.0,CV,1,0.2060011039116641,0.695360541269728,2.728666428786496,-1.5267671151607067,0.1,1.4,-8.703668680956983e-05,0.1847845812364961,-0.3537864575627765,2.728666428786496,-0.2969939879759519,0.1627254509018036,0.347078713800809,2.702945352349533,0.8709677419354837,train,5
uric_acid,0.1,7.5,CV,8,0.0111957080504061,0.0193151404163464,0.0882616585637341,-0.005208331034776,0.1,1.4,3.9609909508078935e-06,0.0054620764915113,-0.0069001504677072,0.0882616585637341,0.3230460921843687,0.1430861723446892,0.0095498910063496,0.0841683250501318,0.8214285714285724,train,1
glucose,0.1,7.0,CV,8,0.0133906957029624,0.0157779757783887,0.0643148721202418,-0.0037574002446145,0.1,1.4,3.872643861688996e-06,0.0048885667320378,-0.0051723233648138,0.0643148721202418,0.4745490981963928,0.2356713426853707,0.0104271857256752,0.0582846782888559,0.6800000000000007,train,3
aluminum,5.0,6.0,CV,2,0.2074530940945572,0.6836657437462226,2.6365025085917213,-1.4472503595100108,0.1,1.4,-0.0002960537541982,0.1937962705055609,-0.3070035708683974,2.6365025085917213,-0.3054108216432865,0.1711422845691382,0.3536067749985666,2.6089895864746158,0.6052631578947365,train,5
ascorbic_acid,5.0,7.0,CV,8,0.44963871053927,0.8908309579466928,3.5961489677699854,-0.3243863621530482,0.1,1.4,5.665530313003009e-05,0.2785298699214642,-0.2844827169942235,3.5961489677699854,0.0452905811623246,0.1879759519038076,0.5127094176427928,3.529191700212533,0.7631578947368424,train,2
ascorbic_acid,5.0,7.5,CV,8,0.4540894031982525,0.8998828391071513,3.5979275749345634,-0.3276354515593382,0.1,1.4,5.719118387882238e-05,0.2701255764220303,-0.2873136353175162,3.5979275749345634,0.0256513026052104,0.1907815631262525,0.5239439041396827,3.529342265359261,0.7,train,2
ascorbic_acid,10.0,7.0,CV,0,0.6942446207923912,1.3814397426277134,5.57069408209826,-0.7157561746563613,0.1,1.4,-4.662155539625968e-05,0.4237626583483362,-0.4585755248142362,5.57069408209826,0.0537074148296593,0.1851703406813627,0.7915687733742145,5.465319549101575,0.885714285714286,train,2
ascorbic_acid,5.0,7.0,CV,4,0.4519140328651025,0.8964938839359118,3.526594457030157,-0.3706901776349655,0.1,1.4,-0.0002994114560527,0.2921620263057238,-0.3487707746135327,3.526594457030157,0.0537074148296593,0.1851703406813626,0.5143359671473089,3.457347085005935,0.8333333333333337,train,2
aluminum,10.0,7.5,CV,2,0.3237024012673933,1.0783673401634393,4.340319166521029,-2.2952446307750662,0.1,1.4,-0.0003067014394442,0.3098383923698156,-0.4578699799542035,4.340319166521029,-0.3054108216432865,0.1627254509018036,0.53875088676582,4.298357327700415,0.9333333333333328,train,5
copper,0.2,7.5,CV,2,0.01032240256792,0.0511925424313103,0.2276529549702626,-0.1581971444811051,0.1,1.4,5.216364656491865e-07,0.0151469449942015,-0.014678050402864,0.2276529549702626,-0.0444889779559117,0.0953907815631261,0.0169909588739187,0.2255528985325505,0.8888888888888892,train,4
aluminum,0.2,7.5,CV,8,0.0133648735652678,0.0381559759518106,0.1519772881142689,-0.0835002246470919,0.1,1.4,-3.808438148698509e-06,0.0116732673601673,-0.0209589200441713,0.1519772881142689,-0.2997995991983967,0.1739478957915831,0.0198154600241169,0.1483923635054465,0.8787878787878786,train,5
aluminum,2.0,6.5,CV,2,0.1013675794310431,0.3315518637500708,1.3046668484418071,-0.7084465361727312,0.1,1.4,-0.0001234680010542,0.094952863074446,-0.1465834514225318,1.3046668484418071,-0.3054108216432865,0.1655310621242485,0.1676475010680583,1.2906248347410474,0.6388888888888884,train,5
uric_acid,0.1,6.5,CV,5,0.011126182287083,0.0189791923092772,0.0837699713976516,-0.0060959398585419,0.1,1.4,1.0976765801623458e-06,0.007868791870671,-0.0053389022862211,0.0837699713976516,0.3819639278557114,0.1543086172344688,0.0098274254176554,0.079556581736191,0.9642857142857136,train,1
uric_acid,0.5,7.5,CV,4,0.0429575498419701,0.0941248727508941,0.417313646814052,-0.040257207653982,0.1,1.4,-2.775974054758953e-05,0.027886849006243,-0.0352835345215646,0.417313646814052,0.3286573146292585,0.1458917835671341,0.0472830841141557,0.409759481678576,0.9999999999999984,train,1
ascorbic_acid,5.0,6.0,CV,3,0.4485893831853279,0.8686824340356014,3.593733992849676,-0.3861327207100862,0.1,1.4,-0.0010183215816227,0.3386862646102724,-0.5353885930748168,3.593733992849676,0.0929859719438878,0.1739478957915832,0.4784456565070618,3.510864441000467,0.7714285714285721,train,2
dopamine,1.0,6.5,CV,9,0.0505762862733647,0.206566271215544,0.9507173422086,-0.5066725067643413,0.1,1.4,-3.305836339990757e-05,0.063009398410747,-0.0863228599765601,0.9507173422086,0.2276553106212424,0.1094188376753506,0.0804127911463892,0.9436271248260356,0.8571428571428567,train,0
dopamine,1.0,6.0,CV,8,0.0491850437314267,0.2029927647567844,0.9229216992162,-0.508554931569863,0.1,1.4,1.3063167111682414e-05,0.0609679630395925,-0.0882994301745225,0.9229216992162,0.2557114228456913,0.1122244488977955,0.0804873478174815,0.915806902483558,0.999999999999998,train,0
ascorbic_acid,0.1,8.0,CV,8,0.0156508452989731,0.0253607621499944,0.1029013250748668,-0.0074296162410704,0.1,1.4,4.378789258697461e-06,0.0075355273404836,-0.0083195357574455,0.1029013250748668,0.0256513026052104,0.1879759519038075,0.0146319493859588,0.0980044943376848,0.914285714285714,train,2
copper,1.0,6.5,CV,3,0.0423057701286929,0.2394103902874583,1.0257195393464342,-0.7466188254862947,0.1,1.4,-0.0002197274016435,0.0640596369236069,-0.1166592177370666,1.0257195393464342,-0.0472945891783567,0.101002004008016,0.0818327320197541,1.018597190956817,0.7999999999999996,train,4
dopamine,0.1,7.5,CV,2,0.0081521459960624,0.0224707517289192,0.1062618541782563,-0.0541944261226294,0.1,1.4,1.7312175888525796e-06,0.006939459782344,-0.0077611291388969,0.1062618541782563,0.1659318637274549,0.1150300601202405,0.0091182927824917,0.1028666973157432,0.7826086956521753,train,0
dopamine,2.0,8.0,CV,2,0.0936868074583446,0.3961850370629616,1.7483630217205903,-0.995578176413771,0.1,1.4,-1.558988867444866e-05,0.1222909354424894,-0.139040186361613,1.7483630217205903,0.1462925851703407,0.1094188376753506,0.1553709217545626,1.7386662527696073,0.9500000000000012,train,0
glucose,10.0,8.0,CV,1,0.5345818256444611,0.895655652111832,3.310752093968937,-0.333669370341688,0.1,1.4,6.515970866569185e-05,0.3105285576773324,-0.2570330652421169,3.310752093968937,0.4380761523046091,0.2384769539078156,0.5914420048055439,3.2101560614531355,0.5454545454545451,train,3
glucose,1.0,7.5,CV,6,0.0926720787034832,0.1474410603953246,0.577390906950202,-0.0511115573991603,0.1,1.4,4.709992539028987e-05,0.0755929800045226,-0.0504256259249986,0.577390906950202,0.4829659318637275,0.2160320641282563,0.090899948452641,0.5543341096752004,0.9249999999999988,train,3
uric_acid,1.0,8.0,CV,2,0.0803511405558625,0.1838551964637899,0.8247714979275085,-0.0732222965697138,0.1,1.4,-6.872061165394357e-06,0.0529205935839994,-0.0619282467170574,0.8247714979275085,0.2949899799599198,0.1486973947895791,0.09330180355182,0.8136368535211964,0.7096774193548377,train,1
uric_acid,0.1,6.5,CV,2,0.0110653029414716,0.0190488013937823,0.0876798797636183,-0.0061549257452928,0.1,1.4,1.7627013846717816e-06,0.0069699445350581,-0.0066800177809613,0.0876798797636183,0.3763527054108216,0.151503006012024,0.0098010371968293,0.0836051037757774,0.862068965517243,train,1
uric_acid,0.5,6.0,CV,1,0.0413645814299113,0.0917906608884608,0.3997997267010766,-0.0503268651491419,0.1,1.4,8.697415626569934e-06,0.0293506343166538,-0.0281330149218392,0.3997997267010766,0.3987975951903807,0.1486973947895792,0.0467151530463087,0.3927941769671623,0.7666666666666656,train,1
copper,0.5,7.0,CV,5,0.0225480310612567,0.1259140884005363,0.554475854738043,-0.3941680137652175,0.1,1.4,-6.233375195910187e-06,0.0432407911251266,-0.0405863138720472,0.554475854738043,-0.0529058116232464,0.1010020040080159,0.0429079747513337,0.5505411888055358,0.8000000000000004,train,4
dopamine,1.0,7.0,CV,2,0.0504996380860644,0.2081815850087055,0.9401634146530168,-0.5081009850620993,0.1,1.4,-6.849561821850238e-06,0.0549112417446321,-0.0723292683418124,0.9401634146530168,0.2164328657314629,0.1094188376753507,0.0820439544891124,0.9335950596284036,0.6250000000000004,train,0
dopamine,0.1,6.0,CV,4,0.0079942029787947,0.0217784344670951,0.1027081119406426,-0.0521469047617692,0.1,1.4,-3.526433004743243e-06,0.0062185621427791,-0.0079274684502574,0.1027081119406426,0.2529058116232465,0.1094188376753507,0.0085696478748537,0.0992868655559732,0.8571428571428585,train,0
aluminum,5.0,8.0,CV,9,0.2114340705364518,0.7011524886789684,2.7595545735538467,-1.449844403552981,0.1,1.4,-0.0002747058731855,0.2256752864555052,-0.2621214206136533,2.7595545735538467,-0.3054108216432865,0.1683366733466934,0.3589123181422784,2.730569628961549,0.8750000000000009,train,5
dopamine,0.2,6.0,CV,3,0.0131455383868351,0.0432038779799773,0.1974523377527876,-0.1004451239527197,0.1,1.4,-3.988737853495713e-05,0.0152765726559623,-0.0223631379197028,0.1974523377527876,0.2613226452905811,0.1122244488977955,0.0171270430400075,0.1932497755972868,0.8181818181818203,train,0
dopamine,0.5,6.0,CV,1,0.0266812193941154,0.1053208683544915,0.4874229148556667,-0.2660735301411355,0.1,1.4,8.74100029037058e-06,0.0319289942882955,-0.034129501688141,0.4874229148556667,0.2585170340681363,0.1094188376753507,0.0414515073075328,0.4825499131621837,0.9499999999999992,train,0
aluminum,0.1,6.0,CV,3,0.0078600085152675,0.0188879085596349,0.0753071222170192,-0.0368616623535675,0.1,1.4,-2.6649922900251466e-05,0.006329027283813,-0.0116027395582909,0.0753071222170192,-0.3278557114228457,0.176753507014028,0.0099435708237669,0.0724767713938448,0.8529411764705881,train,5
copper,0.5,7.5,CV,1,0.0219028008870805,0.1245056144762602,0.5526768855141583,-0.3840929355198126,0.1,1.4,9.520941023280712e-06,0.0403965153441892,-0.0356080655500965,0.5526768855141583,-0.038877755511022,0.0925851703406812,0.0405090083197427,0.5493657916984611,0.8333333333333326,train,4
dopamine,0.5,8.0,CV,5,0.0285871995394866,0.1114430360650955,0.5098653677367585,-0.2898498920332443,0.1,1.4,-5.631050771564838e-06,0.0298375337551544,-0.032718951357097,0.5098653677367585,0.1462925851703407,0.1094188376753507,0.0437360269972759,0.5048254622155356,0.9499999999999992,train,0
copper,1.0,6.5,CV,5,0.0413763132916909,0.2413293144866134,1.0619896650061753,-0.775738038153565,0.1,1.4,-1.4480192964960878e-05,0.0802281663170423,-0.0786081432306648,1.0619896650061753,-0.0529058116232464,0.0981963927855711,0.0806829258552166,1.056054924082734,0.9444444444444456,train,4
uric_acid,0.2,6.5,CV,1,0.0188499216030293,0.0377422759388828,0.1670196770810731,-0.0174024286082901,0.1,1.4,5.266452442978792e-06,0.0122646987097004,-0.0118674611044861,0.1670196770810731,0.3791583166332665,0.1458917835671344,0.0190256664305692,0.1623787732761741,0.9999999999999984,train,1
glucose,1.0,7.5,CV,8,0.0923324605942915,0.1485110302547177,0.5644719566615647,-0.06099919275872,0.1,1.4,1.216722293236014e-05,0.0426975798550416,-0.0454217202881432,0.5644719566615647,0.4745490981963928,0.2300601202404809,0.0959614131936956,0.5432019986551688,0.8222222222222219,train,3
ascorbic_acid,0.2,8.0,CV,6,0.0282170371942091,0.0504223853663996,0.2035145269925563,-0.020672797963911,0.1,1.4,1.7347476297599673e-05,0.0248098659221486,-0.01598803932911,0.2035145269925563,0.0116232464929859,0.1935871743486973,0.0295493426865837,0.1967227475964477,0.8648648648648647,train,2
dopamine,10.0,7.0,CV,3,0.2964667673585187,1.2544524929720375,5.758813307519227,-3.1422723220269253,0.1,1.4,-0.0012153578716591,0.3243484306390454,-0.6387012451253868,5.758813307519227,0.2024048096192384,0.1122244488977955,0.5013760843615106,5.727764422956128,0.904761904761905,train,0
ascorbic_acid,0.1,6.5,CV,4,0.0153445583034624,0.0247175876429904,0.1001972738303188,-0.0074836757577406,0.1,1.4,-5.767877822364931e-06,0.0080789480615412,-0.0099048309952015,0.1001972738303188,0.062124248496994,0.1907815631262525,0.0144525335342221,0.0953415307886798,0.6585365853658545,train,2
copper,2.0,8.0,CV,2,0.0752643031579296,0.4507465714903548,1.9748908081665808,-1.409473182563435,0.1,1.4,-1.7122027845832248e-05,0.1414261305676383,-0.1326138770660591,1.9748908081665808,-0.0444889779559117,0.101002004008016,0.1547636110539252,1.96938533837847,0.7142857142857151,train,4
aluminum,2.0,7.5,CV,5,0.1028979837008318,0.3316342765224638,1.3238858030912335,-0.6899441196974729,0.1,1.4,-0.0001048443700482,0.1010367699184018,-0.1927938470045522,1.3238858030912335,-0.3054108216432865,0.1711422845691382,0.1714017803342662,1.3075268285409412,0.9677419354838716,train,5
aluminum,1.0,8.0,CV,8,0.0554837899869101,0.1798649326499853,0.7182212169780273,-0.4046587861173437,0.1,1.4,-2.1653363217741915e-05,0.0544169003576313,-0.0620102060770347,0.7182212169780273,-0.2997995991983967,0.1599198396793587,0.0888132002583034,0.7089749909096276,0.9655172413793112,train,5
copper,10.0,7.5,CV,0,0.2329741592847144,1.443432239671234,6.277358530625387,-4.619391256500149,0.1,1.4,-3.826779131083474e-05,0.4249731675644028,-0.5937510544701061,6.277358530625387,-0.0529058116232464,0.0981963927855711,0.4860397424475551,6.261414203975716,0.6666666666666666,train,4
dopamine,10.0,7.0,CV,2,0.2880059776289499,1.2495480464380415,5.625524936102943,-3.0637818335204123,0.1,1.4,-5.497421539425407e-05,0.329148552164042,-0.4334450307375035,5.625524936102943,0.2164328657314629,0.1094188376753507,0.4921668197817958,5.599769318415697,0.6250000000000004,train,0
copper,0.2,7.5,CV,7,0.0100484744766627,0.0512272835216002,0.2274072402984414,-0.1565674404640582,0.1,1.4,-4.455319928556966e-06,0.0149142242459108,-0.0166072195975353,0.2274072402984414,-0.0416833667334669,0.0981963927855711,0.0173720922305097,0.2254025198519544,0.9444444444444456,train,4
uric_acid,1.0,6.0,CV,2,0.0776069941478672,0.1772591948409433,0.7764176200760076,-0.0765182250352511,0.1,1.4,-6.531401410443814e-06,0.0568949693996349,-0.0597485865328074,0.7764176200760076,0.3931863727454909,0.1543086172344688,0.0920796487452223,0.7653680443662855,0.6666666666666659,train,1
uric_acid,5.0,7.0,CV,1,0.293267246774938,0.6922030919407681,3.063990806445521,-0.2372782200814403,0.1,1.4,4.707520556168196e-05,0.2204691081914306,-0.1919147532355304,3.063990806445521,0.3454909819639279,0.1486973947895791,0.3524824288590774,3.036309302532814,0.7666666666666689,train,1
copper,2.0,6.5,CV,5,0.0753213262219929,0.4493814565166816,1.9755942331238203,-1.447112199303304,0.1,1.4,-2.9350790115155498e-05,0.149316318721606,-0.1462925394155946,1.9755942331238203,-0.0529058116232464,0.0981963927855711,0.1502066309190126,1.9660568764406896,0.9444444444444456,train,4
copper,0.2,8.0,CV,8,0.0103277515208739,0.0516094302008436,0.2298420162893656,-0.1593515497220203,0.1,1.4,5.305897580667952e-06,0.0153739597514098,-0.0159232182930271,0.2298420162893656,-0.038877755511022,0.0981963927855711,0.0174317897775482,0.2274282675470977,0.9444444444444456,train,4
glucose,0.5,8.0,CV,8,0.050182624462847,0.077466879215888,0.2964685102399031,-0.0301617498754565,0.1,1.4,7.731785893512478e-06,0.0218825280086117,-0.0241394491347115,0.2964685102399031,0.4633266533066132,0.2328657314629257,0.0504768308244192,0.2831736925992389,0.8863636363636379,train,3
ascorbic_acid,1.0,7.5,CV,7,0.1185945435704323,0.2321453045973464,0.9198279799328934,-0.0843235908782611,0.1,1.4,-3.8437058231147184e-05,0.0679059294091786,-0.0662238219413107,0.9198279799328934,0.0565130260521041,0.1963927855711422,0.1380614470709519,0.9017875552524638,0.7073170731707324,train,2
aluminum,0.5,6.0,CV,0,0.0293469883438147,0.0923465932716838,0.3581748126262469,-0.2042034792117065,0.1,1.4,-3.565319928028223e-05,0.0268517703555191,-0.0313671107992238,0.3581748126262469,-0.344689378757515,0.1599198396793587,0.0455961443675351,0.3531255619007176,0.628571428571429,train,5
glucose,5.0,7.0,CV,3,0.3475483793582365,0.5708956527242036,2.074071528353349,-0.2312292385295154,0.1,1.4,-0.0006875051631489,0.1954027518233178,-0.3619305893330214,2.074071528353349,0.4829659318637275,0.2356713426853708,0.3746776990033257,2.0020199811878627,0.866666666666667,train,3
aluminum,1.0,6.0,CV,7,0.0541080469592581,0.1770141864342851,0.6928742419456205,-0.3767217036276584,0.1,1.4,-9.570848195451835e-05,0.0531703912138983,-0.0790930977286258,0.6928742419456205,-0.3110220440881763,0.1627254509018036,0.0884456160229343,0.6863130626719381,0.6571428571428576,train,5
copper,5.0,6.5,CV,5,0.1538797847178346,0.9308749771653028,4.089936233624655,-3.000863829392699,0.1,1.4,-6.376560066274803e-05,0.3092060428578822,-0.302933570586432,4.089936233624655,-0.0529058116232464,0.0981963927855711,0.3110955189075509,4.07197147857187,0.9444444444444456,train,4
glucose,0.2,7.5,CV,0,0.0226890236283805,0.0314181558706058,0.118322198935478,-0.0100135860443319,0.1,1.4,1.5949027563666018e-06,0.0099663832284159,-0.0115069502735265,0.118322198935478,0.4633266533066132,0.2356713426853707,0.020690271740041,0.1106668440934932,0.6800000000000007,train,3
copper,5.0,7.0,CV,6,0.1532303672041496,0.9317486071818474,4.021915868006627,-2.9755021266210884,0.1,1.4,0.0002134661451425,0.3595559805364878,-0.2822272041274427,4.021915868006627,-0.0529058116232464,0.0953907815631261,0.3089961885702183,4.005409072732185,0.8888888888888892,train,4
dopamine,0.5,8.0,CV,0,0.0279690698991255,0.1106777529336419,0.5143718905214922,-0.2735439298861479,0.1,1.4,-5.077082298511893e-07,0.0402035651986908,-0.0371719405017019,0.5143718905214922,0.1575150300601202,0.1066132264529058,0.0428572247506976,0.5099210939737523,0.583333333333333,train,0
copper,0.2,6.0,CV,6,0.0102517157967288,0.0508242899760456,0.2246880952378201,-0.1549303506574009,0.1,1.4,1.440134376478669e-05,0.0197812451141928,-0.0149337413481489,0.2246880952378201,-0.0613226452905811,0.101002004008016,0.0174944406584501,0.22211173051781,0.8947368421052625,train,4
uric_acid,0.1,6.5,CV,9,0.0111355482166047,0.0189625114847207,0.0860246084925911,-0.005383312513681,0.1,1.4,-1.1170627198685974e-06,0.006225427161676,-0.0057045274598322,0.0860246084925911,0.3735470941883767,0.151503006012024,0.0097599923802214,0.0818926186484967,0.8620689655172404,train,1
aluminum,1.0,6.5,CV,0,0.0547668486427731,0.178714099373756,0.6857004800665597,-0.3915447158284304,0.1,1.4,-6.156217887199299e-05,0.0518024185131057,-0.105113906089641,0.6857004800665597,-0.3334669338677354,0.1683366733466934,0.0910642511361853,0.6772476968832093,0.7647058823529412,train,5
dopamine,10.0,8.0,CV,8,0.2942872051236652,1.28070062219724,5.786391365043076,-3.287944215049171,0.1,1.4,6.73187107137685e-05,0.4131801424171353,-0.43885800393417,5.786391365043076,0.1490981963927855,0.1178356713426853,0.5280221974251532,5.762209996599335,1.0,train,0
glucose,2.0,6.5,CV,4,0.1667304314041989,0.2700192104788456,1.0132547293497425,-0.1197244822295236,0.1,1.4,-9.350411859035104e-05,0.088751677782616,-0.1111528276196137,1.0132547293497425,0.4997995991983969,0.2356713426853707,0.1757449082739984,0.975690644706886,0.9090909090909112,train,3
copper,0.1,7.0,CV,5,0.0062401479024764,0.0259857246998839,0.1161683149166023,-0.0789108579611597,0.1,1.4,9.119256539885786e-07,0.0089908773226827,-0.0084497410117377,0.1161683149166023,-0.0529058116232464,0.1010020040080159,0.0088819346959644,0.1139520139297546,0.8000000000000004,train,4
uric_acid,0.2,6.0,CV,5,0.0189773391698289,0.0375250807275442,0.1626379239335993,-0.0129351666400848,0.1,1.4,-4.942787042834379e-07,0.0140163006210239,-0.0118343294184301,0.1626379239335993,0.4072144288577154,0.1571142284569138,0.0196224187206358,0.157676121245835,1.0,train,1
copper,5.0,8.0,CV,6,0.1547461399669984,0.9409839664257962,4.005052007809492,-3.0123166791774283,0.1,1.4,0.0002155004556584,0.3630282534472672,-0.285540953117489,4.005052007809492,-0.0360721442885771,0.101002004008016,0.3217673263652795,3.987712849208769,0.8000000000000024,train,4
copper,2.0,6.5,CV,2,0.0741751110084908,0.4441516204816937,1.979452069088164,-1.3877010154054716,0.1,1.4,-1.6829933646850452e-05,0.1286933097567401,-0.138957698724085,1.979452069088164,-0.0529058116232464,0.0953907815631263,0.1468811933817153,1.9734321053309771,1.0,train,4
glucose,0.1,6.5,CV,6,0.0133554975319849,0.0155859158020866,0.0656338837997168,-0.0043407163708651,0.1,1.4,7.830775791702612e-06,0.0085662388490084,-0.0054041629345934,0.0656338837997168,0.4829659318637275,0.2244488977955911,0.0099583483383537,0.0594395708170025,0.5686274509803938,train,3
dopamine,10.0,8.0,CV,4,0.2970130906464927,1.2925352620906223,6.094754472427054,-3.195567426468059,0.1,1.4,-0.0003592569937466,0.3302992945011805,-0.5385497284128784,6.094754472427054,0.1462925851703407,0.1094188376753506,0.5105468329552436,6.072369784822577,0.9500000000000012,train,0
aluminum,5.0,7.5,CV,1,0.2059291062834409,0.6931190663653988,2.686826382704909,-1.5204986770853977,0.1,1.4,-0.0001130586299697,0.1870465470466845,-0.2282870576493725,2.686826382704909,-0.3082164328657314,0.1767535070140281,0.3645759301992162,2.661210969876152,0.96875,train,5
copper,10.0,6.5,CV,2,0.2345668727450374,1.431213670374558,6.373317390777781,-4.478338874178848,0.1,1.4,-6.041574779469453e-05,0.4145533327548827,-0.4475715009631056,6.373317390777781,-0.0529058116232464,0.0953907815631263,0.4733525477136314,6.359317266505443,1.0,train,4
ascorbic_acid,2.0,7.5,CV,5,0.222552243124511,0.4361167687471479,1.7944781377832697,-0.1884751444947352,0.1,1.4,-3.6692238348304594e-05,0.1316010844094128,-0.1477380520476662,1.7944781377832697,0.0172344689378757,0.1795591182364729,0.2438841630349145,1.7576714064108605,0.5609756097560971,train,2
uric_acid,5.0,7.5,CV,9,0.3011986694943538,0.7017710030655936,3.10177032948244,-0.3044879835363334,0.1,1.4,-0.0001359660064354,0.220590545711531,-0.2020123444859667,3.10177032948244,0.3258517034068136,0.1486973947895792,0.3550372088960549,3.062438418375239,0.8928571428571412,train,1
dopamine,2.0,6.0,CV,0,0.0881979231629242,0.3789241589762286,1.6930766342744437,-0.9567609326817864,0.1,1.4,-8.451675092551291e-06,0.1073285437771144,-0.1264633166516486,1.6930766342744437,0.2529058116232465,0.1122244488977955,0.1511659375378496,1.6862757025898747,0.8181818181818203,train,0
aluminum,1.0,7.0,CV,1,0.0547366020719169,0.1788281736576628,0.6896324813583238,-0.386572994343057,0.1,1.4,-3.490641096015916e-05,0.0490062591215213,-0.0876818260550634,0.6896324813583238,-0.3082164328657314,0.1683366733466934,0.0912837039423199,0.6815795379254291,0.8750000000000003,train,5
copper,10.0,8.0,CV,0,0.2341232859804562,1.4504568155635418,6.259342479348052,-4.516645682379174,0.1,1.4,-3.846102474396526e-05,0.4510915648900444,-0.6127571407609957,6.259342479348052,-0.0416833667334669,0.0981963927855711,0.4877979388459969,6.241333611417164,0.8421052631578941,train,4
aluminum,1.0,6.0,CV,4,0.0555573951868221,0.1769167752770696,0.6905421006784591,-0.3742882461199781,0.1,1.4,-0.0001240270033815,0.0573904365662096,-0.0993768722418917,0.6905421006784591,-0.3362725450901803,0.1683366733466934,0.0911063332510381,0.6815093934249752,0.7142857142857145,train,5
dopamine,1.0,7.0,CV,8,0.0503480551840097,0.2080177306694369,0.9682324475259568,-0.5108014838350626,0.1,1.4,1.332622053781228e-05,0.0509900599238165,-0.0722640641354273,0.9682324475259568,0.1967935871743487,0.1122244488977955,0.0833535101118054,0.9611009482685504,0.818181818181817,train,0
copper,0.1,7.0,CV,9,0.0062505324483081,0.0255490289724384,0.1136986222925135,-0.0793579285119976,0.1,1.4,-1.5436834463436102e-06,0.0111429953705247,-0.0069988679385749,0.1136986222925135,-0.0472945891783567,0.0925851703406813,0.008357456281988,0.1114926046014226,0.9411764705882344,train,4
uric_acid,2.0,6.5,CV,8,0.1429275262243839,0.3334412156757069,1.4815857773356849,-0.1295762557598046,0.1,1.4,2.188702352455513e-05,0.1041128671994414,-0.1058601693484846,1.4815857773356849,0.3735470941883767,0.1430861723446893,0.1647319203773471,1.4642205432891315,0.7586206896551712,train,1
copper,5.0,7.0,CV,7,0.1473560545946268,0.9250569642737172,4.013525463449839,-2.877803909676491,0.1,1.4,-0.0001270934494225,0.2710041411903655,-0.2992649212722905,4.013525463449839,-0.0472945891783567,0.0953907815631261,0.3073741970601189,4.008465270071968,0.8888888888888892,train,4
dopamine,10.0,7.5,CV,4,0.2933851165598734,1.2761018208001778,5.8442266479084966,-3.3053976327251675,0.1,1.4,-0.0003548834936684,0.398121246730712,-0.506968174882901,5.8442266479084966,0.1743486973947895,0.1122244488977955,0.512264455054545,5.8224577871452015,0.999999999999998,train,0
ascorbic_acid,10.0,6.5,CV,3,0.7031851270452069,1.363585611087874,5.523293141236487,-0.6077092156382264,0.1,1.4,-0.0016012775569136,0.5267824996921733,-0.8410517164765665,5.523293141236487,0.0789579158316633,0.1963927855711423,0.8124644418989742,5.393350991376074,0.9444444444444446,train,2
aluminum,0.1,8.0,CV,5,0.0078082964822289,0.019144107010192,0.0784372285677941,-0.0363213684291668,0.1,1.4,-2.712774097372155e-06,0.005957855105052,-0.0071866974498966,0.0784372285677941,-0.3054108216432865,0.1683366733466934,0.0097716800662046,0.0756966692219469,0.8750000000000009,train,5
ascorbic_acid,0.5,6.5,CV,3,0.0635966722766091,0.1180288348620781,0.4809068787374834,-0.0510968123001152,0.1,1.4,-0.000136858746327,0.045840793462232,-0.0732084374212211,0.4809068787374834,0.0789579158316633,0.1963927855711423,0.070302262944419,0.4668628948185676,0.9444444444444446,train,2
copper,5.0,6.0,CV,5,0.1531176518605727,0.9262128539258386,4.021801333085491,-3.014849681815013,0.1,1.4,-6.340553413711128e-05,0.2919834507244754,-0.3033440458411754,4.021801333085491,-0.0529058116232464,0.101002004008016,0.3146050929788649,4.003904964945391,0.8947368421052635,train,4
uric_acid,2.0,7.5,CV,0,0.1446587237565425,0.3389159870660368,1.451140952864127,-0.162271250526663,0.1,1.4,-8.661985621852415e-06,0.1192497943722133,-0.1089749581097387,1.451140952864127,0.3314629258517034,0.1571142284569137,0.1779804454024177,1.4347867837785548,0.9999999999999986,train,1
uric_acid,1.0,8.0,CV,9,0.0810029809498347,0.183568684015176,0.8353866765599238,-0.0676855349760115,0.1,1.4,-3.359480607449443e-05,0.0578542297081696,-0.0529729670554021,0.8353866765599238,0.3006012024048096,0.1458917835671341,0.0920024381420064,0.8227602569803476,0.8571428571428561,train,1
dopamine,0.2,6.5,CV,1,0.0128197693700978,0.0436811529532269,0.2031921150744353,-0.10643341017977,0.1,1.4,5.288603563484782e-06,0.0144309501470488,-0.0136513049670347,0.2031921150744353,0.2360721442885771,0.1150300601202404,0.0177566247360958,0.1993822826016636,0.7826086956521736,train,0
uric_acid,0.5,7.5,CV,7,0.0422064432066307,0.0947608449346581,0.4247177323615748,-0.035700975379002,0.1,1.4,-1.3084020149737451e-05,0.0276322918768976,-0.0247783701870618,0.4247177323615748,0.3230460921843687,0.1543086172344688,0.0493365192901058,0.4192861931783562,0.8333333333333331,train,1
ascorbic_acid,0.2,7.5,CV,5,0.0280671656746841,0.0498804090521012,0.2078728240541608,-0.0200761618115274,0.1,1.4,-1.7687579466010294e-06,0.0152467305458963,-0.01710654237148,0.2078728240541608,0.0172344689378757,0.1795591182364729,0.0278178576069681,0.2008100423675443,0.5609756097560971,train,2
aluminum,10.0,8.0,CV,1,0.3193367030275625,1.0816766355890677,4.243640639096357,-2.3765180988962293,0.1,1.4,-0.0001369644086988,0.2873890599882864,-0.5503022429122622,4.243640639096357,-0.2969939879759519,0.1627254509018036,0.5399100572390299,4.20456054767068,0.8709677419354837,train,5
uric_acid,0.1,7.5,CV,9,0.0112837740594396,0.019344864099752,0.0891432255877976,-0.0061110071644672,0.1,1.4,-1.1826110841774914e-06,0.0063295833405752,-0.0057996873081253,0.0891432255877976,0.3258517034068136,0.1486973947895792,0.0098306109967615,0.084974892270742,0.8928571428571412,train,1
glucose,0.5,6.5,CV,0,0.0489668875504265,0.076083954677988,0.281380886939312,-0.0291527668877185,0.1,1.4,-5.253651556968304e-08,0.0235284249768717,-0.0271621853201592,0.281380886939312,0.5110220440881764,0.2328657314629257,0.0495580564779986,0.2689008445391462,0.9302325581395338,train,3
dopamine,1.0,7.5,CV,1,0.0503518622365567,0.2113451656125937,1.0033691110458551,-0.5349187819216975,0.1,1.4,1.4639053246142425e-05,0.0605162551351061,-0.0695652472220375,1.0033691110458551,0.1659318637274549,0.1094188376753506,0.0827684050001834,0.996737055356671,0.6956521739130435,train,0
uric_acid,0.2,8.0,CV,2,0.0194431933030089,0.0389656846185837,0.177781513836486,-0.0135267443987499,0.1,1.4,7.19626562747596e-07,0.0113419792019783,-0.0133539750814666,0.177781513836486,0.2949899799599198,0.1486973947895791,0.0197895321254357,0.1727962068156406,0.7096774193548377,train,1
ascorbic_acid,0.1,8.0,CV,2,0.0156735119416672,0.0252837813027932,0.1069154915199212,-0.0078105171770902,0.1,1.4,1.3618444474956526e-06,0.0072114421730072,-0.0092448034288391,0.1069154915199212,0.0172344689378757,0.176753507014028,0.013973249738129,0.1018680367243709,0.9687499999999982,train,2
dopamine,0.2,7.5,CV,9,0.0133663443916963,0.0449715026573313,0.2111085717207927,-0.1105538057842838,0.1,1.4,-5.100189620870769e-06,0.0133249344652292,-0.0145231532221479,0.2111085717207927,0.1687374749498997,0.1122244488977955,0.0180151703764813,0.2070614834359251,0.818181818181817,train,0
dopamine,5.0,6.0,CV,3,0.1870213854288688,0.7853530628447879,3.531728261577458,-1.8709213431910456,0.1,1.4,-0.0007609071788695,0.2751007617694534,-0.400417697005188,3.531728261577458,0.2613226452905811,0.1122244488977955,0.3113441711414398,3.5103565831801347,0.8181818181818203,train,0
ascorbic_acid,10.0,7.5,CV,6,0.707764461651876,1.405008820510743,5.443245869328809,-0.6198265696250249,0.1,1.4,0.000402960213139,0.6829948626210774,-0.4402617291900689,5.443245869328809,0.0116232464929859,0.1991983967935872,0.839725784688954,5.342266904156519,0.5434782608695646,train,2
dopamine,2.0,8.0,CV,5,0.0947606356603197,0.3998119644762936,1.8206268424121212,-1.047654720229953,0.1,1.4,-2.732001459684574e-05,0.10682576817813,-0.1172142288598179,1.8206268424121212,0.1462925851703407,0.1094188376753507,0.1568523165595753,1.8102597490610368,0.9499999999999992,train,0
copper,1.0,7.0,CV,1,0.0401420333009571,0.2386704773739662,1.0489376291256969,-0.7384246263673484,0.1,1.4,1.5651041126250876e-05,0.077827635327106,-0.068409300475202,1.0489376291256969,-0.0501002004008015,0.101002004008016,0.0820917114144537,1.0445702395204777,0.9999999999999978,train,4
ascorbic_acid,0.5,7.5,CV,2,0.0638269754541584,0.1207808140032394,0.5020823178592508,-0.0444788548771693,0.1,1.4,-3.951918256000941e-06,0.0353684916185857,-0.0432440921089266,0.5020823178592508,0.0480961923847695,0.1795591182364729,0.0675995070435054,0.4897294959882888,0.8823529411764698,train,2
ascorbic_acid,5.0,6.5,CV,4,0.4474404576346122,0.8881302436326749,3.4959167854798103,-0.3660926599480822,0.1,1.4,-0.0002963991235827,0.2821164490755815,-0.3452945300763183,3.4959167854798103,0.062124248496994,0.1907815631262525,0.5204240584947147,3.4283609374579167,0.6585365853658545,train,2
aluminum,1.0,7.0,CV,2,0.0554813016203733,0.1789069648479878,0.7148536367444676,-0.381259557994608,0.1,1.4,-5.640370365747229e-05,0.0515032224030871,-0.0926237512019092,0.7148536367444676,-0.3054108216432865,0.1711422845691383,0.0923255339995404,0.706430635894772,0.8484848484848478,train,5
glucose,10.0,8.0,CV,0,0.5353528319946573,0.894387154342119,3.253397372876537,-0.3799477471923571,0.1,1.4,-3.0318031765409927e-05,0.2727879213233248,-0.3147569182949971,3.253397372876537,0.4464929859719438,0.2384769539078156,0.5917037215130168,3.1529831445753262,0.6346153846153846,train,3
dopamine,2.0,7.5,CV,9,0.0937916972956389,0.3944508671224324,1.8251964318111211,-0.9921218570507776,0.1,1.4,-6.554954694405152e-05,0.116024593231489,-0.1262041607488081,1.8251964318111211,0.1687374749498997,0.1122244488977955,0.1578819511314692,1.8134126855427943,0.818181818181817,train,0
glucose,10.0,6.0,CV,2,0.5224847721178163,0.8716088335437444,3.2283626845290048,-0.355820184088666,0.1,1.4,-4.747942930304433e-05,0.2555087978582698,-0.3217483817066361,3.2283626845290048,0.4997995991983969,0.2328657314629258,0.5642322135872611,3.120831948685036,0.6600000000000013,train,3
copper,0.2,8.0,CV,5,0.0104977228480226,0.0520380901575732,0.2286177863517135,-0.1631685124333776,0.1,1.4,-9.521865370240892e-07,0.0180890264721587,-0.0160889618195641,0.2286177863517135,-0.0416833667334669,0.0953907815631263,0.017096237606552,0.2259985566550184,0.8888888888888872,train,4
aluminum,10.0,7.5,CV,8,0.3227844575707602,1.077055714692225,4.242467660175391,-2.431740477922561,0.1,1.4,-0.0001845225393793,0.326846015714603,-0.5897322413526906,4.242467660175391,-0.2997995991983967,0.1739478957915831,0.5612261344308116,4.195035163198373,0.8787878787878786,train,5
glucose,0.5,7.5,CV,0,0.0496561737039754,0.0768727179675335,0.2825667842824742,-0.0295090879202568,0.1,1.4,-8.54527078019557e-08,0.0238029258217408,-0.0274746278022884,0.2825667842824742,0.4633266533066132,0.2356713426853707,0.0504849520657404,0.2699925615549836,0.6800000000000007,train,3
copper,0.2,6.5,CV,4,0.010308027798841,0.0508435461713571,0.2221968465234094,-0.1584773469765447,0.1,1.4,-1.1022747284914074e-05,0.0187279569326578,-0.0159689728019286,0.2221968465234094,-0.0501002004008015,0.0953907815631263,0.0167104597762998,0.2195324511370746,0.8888888888888872,train,4
dopamine,2.0,7.0,CV,9,0.0926582008650839,0.3893643982242926,1.7711231471373612,-0.9203745543555876,0.1,1.4,-6.471883598918543e-05,0.1076090645907661,-0.1474141515405435,1.7711231471373612,0.1967935871743487,0.1122244488977955,0.1551206127012267,1.759834251550626,0.904761904761905,train,0
ascorbic_acid,2.0,6.5,CV,1,0.2150289361037997,0.4210341189869136,1.7081475592161812,-0.1732956765793703,0.1,1.4,3.14305943211588e-05,0.142582312113742,-0.1382280306103095,1.7081475592161812,0.0845691382765531,0.176753507014028,0.2322941337763291,1.670211698486881,0.8,train,2
ascorbic_acid,5.0,8.0,CV,8,0.4585397977207189,0.9087763733072124,3.59143324483022,-0.3308878158071517,0.1,1.4,5.772760485367434e-05,0.2647661060460338,-0.29014740748346,3.59143324483022,0.0256513026052104,0.1879759519038075,0.5269131922407171,3.5235521505723613,0.914285714285714,train,2
uric_acid,0.2,8.0,CV,7,0.0191930111175348,0.039071643230371,0.1746863750610125,-0.0126262070756181,0.1,1.4,-3.825894205118276e-06,0.0116201659056748,-0.0105007530465785,0.1746863750610125,0.3034068136272545,0.1486973947895791,0.0198852481402081,0.1703253140294836,0.9629629629629638,train,1
dopamine,0.1,6.5,CV,8,0.0080107391689345,0.0219585141652786,0.1040692349379868,-0.0510226380796696,0.1,1.4,3.948079959044993e-06,0.0068428019734484,-0.007815809366131,0.1040692349379868,0.2276553106212424,0.1094188376753507,0.0086110448015548,0.1005103982819353,0.9499999999999992,train,0
ascorbic_acid,1.0,6.5,CV,1,0.1168647272039672,0.226124615635422,0.9188239353607676,-0.0923663091377276,0.1,1.4,1.820301127263957e-05,0.0766996875695822,-0.0743287164776604,0.9188239353607676,0.0845691382765531,0.176753507014028,0.1247321356476372,0.8969617935092478,0.8,train,2
glucose,10.0,6.5,CV,0,0.5237058884761381,0.8799588905504532,3.201639140396237,-0.3737288003574359,0.1,1.4,-2.9728965431335296e-05,0.2678564017036747,-0.3091678583903425,3.201639140396237,0.5110220440881764,0.2328657314629257,0.5722719652561297,3.1029557263587173,0.9302325581395338,train,3
copper,5.0,6.5,CV,2,0.1515068532743257,0.9200563594316908,4.097922849188516,-2.877829983028349,0.1,1.4,-3.784452261098933e-05,0.2665186779879873,-0.2877536390893271,4.097922849188516,-0.0529058116232464,0.0953907815631263,0.3042937711289396,4.088126029699208,1.0,train,4
uric_acid,2.0,7.0,CV,2,0.1444798193370871,0.3365760898084634,1.4956889188292002,-0.1242980588057694,0.1,1.4,-1.4865376524287474e-05,0.1240938483584209,-0.1130722723165973,1.4956889188292002,0.3539078156312625,0.1430861723446893,0.1664676942122719,1.478515642199203,0.9615384615384608,train,1
aluminum,0.1,6.0,CV,6,0.0077309943297957,0.0189056845918598,0.0755147566255972,-0.0359315459949111,0.1,1.4,9.608678180695045e-07,0.0097971920148729,-0.0059574559055224,0.0755147566255972,-0.3390781563126252,0.1655310621242485,0.0094213663053694,0.0727846300685086,0.787878787878788,train,5
uric_acid,1.0,7.0,CV,6,0.0792055338333437,0.1795047423967535,0.7751308502393847,-0.0727246909792427,0.1,1.4,5.182007775494076e-05,0.0836495952863425,-0.0630928118901099,0.7751308502393847,0.342685370741483,0.1571142284569138,0.0943649089984602,0.7632841006494573,0.6969696969696967,train,1
ascorbic_acid,2.0,7.0,CV,7,0.2161278633526051,0.4280585725268132,1.753336403742505,-0.1567032855518783,0.1,1.4,-7.311351787742693e-05,0.1232241182768861,-0.124185539830441,1.753336403742505,0.0565130260521041,0.1907815631262525,0.2493381549558419,1.7239376862269715,0.9999999999999988,train,2
copper,5.0,6.0,CV,6,0.151721000929096,0.9223309822786604,4.038933283075637,-2.864601229167589,0.1,1.4,0.0002112474072033,0.3557689167712205,-0.2697368996647208,4.038933283075637,-0.0613226452905811,0.101002004008016,0.3167871193918691,4.022556669048203,0.8947368421052625,train,4
dopamine,5.0,6.0,CV,0,0.1794851308696373,0.785023794391758,3.5039700460095387,-1.984798876152073,0.1,1.4,-2.049234717289386e-05,0.2221646710942801,-0.2618260905723497,3.5039700460095387,0.2529058116232465,0.1122244488977955,0.3131482430313815,3.493143494286572,0.8181818181818203,train,0
aluminum,0.5,8.0,CV,2,0.029849747722051,0.0935767312604907,0.3804662324839175,-0.1978180280236868,0.1,1.4,-2.0541138212352277e-05,0.0268972745793301,-0.0457106569837434,0.3804662324839175,-0.3054108216432865,0.1655310621242484,0.0473110185479387,0.3750714435649975,0.9666666666666668,train,5
dopamine,10.0,6.5,CV,8,0.2837166050716587,1.2339641488599744,5.663554536468851,-3.0113237843977663,0.1,1.4,6.497993199842738e-05,0.3779263381607556,-0.4316702253831108,5.663554536468851,0.2276553106212424,0.1094188376753507,0.4836883040009462,5.63647627341744,0.9499999999999992,train,0
dopamine,0.1,6.0,CV,7,0.0078386006330377,0.0218558300591688,0.1035977513015449,-0.0513035531778718,0.1,1.4,-4.861502910284872e-07,0.0070359785408427,-0.0075018020122439,0.1035977513015449,0.2557114228456913,0.1122244488977955,0.0087587923950658,0.100477516080124,0.904761904761905,train,0
aluminum,0.2,6.0,CV,1,0.01316479789767,0.0376350804548905,0.1470153875610163,-0.0749565929839223,0.1,1.4,-9.117139394101248e-06,0.0105630630712275,-0.0210430327121304,0.1470153875610163,-0.3362725450901803,0.1683366733466934,0.0191708542834527,0.1436290124854292,0.7647058823529412,train,5
uric_acid,5.0,7.0,CV,6,0.2969387996666331,0.6928815569959266,2.981168128842872,-0.2851562654936989,0.1,1.4,0.0001913179083987,0.3217521537041558,-0.242793237928117,2.981168128842872,0.342685370741483,0.1571142284569138,0.3641098839777704,2.944828553080959,0.6969696969696967,train,1
aluminum,5.0,6.0,CV,1,0.204608814668193,0.6831105809582222,2.641837801887285,-1.4077998473226303,0.1,1.4,-0.0002139477458513,0.1900824751729695,-0.3805804652847501,2.641837801887285,-0.3362725450901803,0.1683366733466934,0.3496383448789446,2.616296067335793,0.7647058823529412,train,5
ascorbic_acid,2.0,7.0,CV,5,0.2203860455875343,0.4313536144957979,1.70110839879128,-0.1865992444692978,0.1,1.4,-3.6303205999459686e-05,0.1286421338759725,-0.1462257882102838,1.70110839879128,0.0480961923847695,0.1851703406813627,0.2474098554196084,1.6669534100493006,0.7837837837837843,train,2
copper,0.5,7.0,CV,1,0.0218031419116482,0.1239154178297154,0.5456828668609902,-0.381904841603122,0.1,1.4,9.488116284078772e-06,0.0404454880053971,-0.0355530099138173,0.5456828668609902,-0.0501002004008015,0.101002004008016,0.0426281358916068,0.5424386659852346,0.9999999999999978,train,4
ascorbic_acid,0.1,8.0,CV,0,0.015584558184633,0.0252759826295091,0.1097507668641373,-0.0086027325333992,0.1,1.4,1.877042209155508e-06,0.0077413006187226,-0.0090472988516556,0.1097507668641373,0.0144288577154308,0.176753507014028,0.0139479219169858,0.1048037136525185,0.8529411764705892,train,2
aluminum,1.0,6.5,CV,8,0.0552114878731167,0.1780650795321047,0.6852315265999458,-0.3876346698173161,0.1,1.4,-4.478101568973696e-05,0.054519612648038,-0.0820457434456801,0.6852315265999458,-0.319438877755511,0.1711422845691382,0.0919226339220733,0.6751115751011918,0.9062499999999996,train,5
aluminum,0.1,7.0,CV,8,0.0077124136056167,0.0191532469957177,0.0760272783350927,-0.0401083776481865,0.1,1.4,-1.3396856818992524e-06,0.00593299844122,-0.0064227797597931,0.0760272783350927,-0.2997995991983967,0.1711422845691382,0.0098212549708665,0.0732560936139104,0.6944444444444448,train,5
dopamine,1.0,7.5,CV,0,0.0504981823553469,0.2103001797859186,0.9546540973888558,-0.5323652260252416,0.1,1.4,-3.4805307470894693e-06,0.0703648765409466,-0.0800048859114792,0.9546540973888558,0.1575150300601202,0.1122244488977955,0.0839603153356024,0.9494282662688848,0.5384615384615383,train,0
aluminum,5.0,6.5,CV,9,0.2103459356733929,0.6924653837619636,2.759791682131133,-1.437363959081902,0.1,1.4,-0.0003617131101083,0.2229687665023671,-0.3259702611488481,2.759791682131133,-0.3222444889779559,0.1627254509018036,0.3451734333002977,2.7310292868203154,0.8709677419354849,train,5
uric_acid,0.5,7.0,CV,7,0.0418555009678754,0.0938883281596788,0.4169142824553228,-0.0360876037483151,0.1,1.4,-1.2943838484347571e-05,0.0273276045856099,-0.0258027525533184,0.4169142824553228,0.3595190380761522,0.1402805611222445,0.0460369815189877,0.4114895808952306,0.9230769230769234,train,1
glucose,0.5,6.5,CV,9,0.0495400098744398,0.0759002092675849,0.2861963127465482,-0.0278961561711498,0.1,1.4,-1.390925774916886e-05,0.0280088075134534,-0.0274026030022875,0.2861963127465482,0.4857715430861723,0.2132264529058116,0.0465217042251343,0.273061821086322,0.7272727272727264,train,3
uric_acid,0.2,8.0,CV,1,0.0192834427568119,0.0386119344112095,0.173635749218344,-0.0133216996162429,0.1,1.4,5.331156484137323e-06,0.0125869199116162,-0.0114367688987664,0.173635749218344,0.2949899799599198,0.151503006012024,0.0199242553860747,0.1687700211954163,0.7419354838709673,train,1
dopamine,5.0,6.0,CV,8,0.1811482861235286,0.7832506211953235,3.55142394323024,-1.9694372799626485,0.1,1.4,4.227692240192876e-05,0.23488883366364,-0.3401788897037799,3.55142394323024,0.2557114228456913,0.1122244488977955,0.3105522707295645,3.533096715048909,0.999999999999998,train,0
uric_acid,0.5,6.5,CV,2,0.0420934600517632,0.0928659422060525,0.4128026452999467,-0.0381924045265161,0.1,1.4,-2.10447694148426e-06,0.0330867096537982,-0.0314235764209773,0.4128026452999467,0.3763527054108216,0.151503006012024,0.0476382101991902,0.4056493745082884,0.862068965517243,train,1
copper,5.0,6.0,CV,1,0.14766129187962,0.9119557859422086,3.989968756481181,-2.8256350811788016,0.1,1.4,5.175538208429095e-05,0.2862335976916799,-0.2652968772328764,3.989968756481181,-0.064128256513026,0.0981963927855711,0.3084326064582283,3.98004314250203,0.7500000000000014,train,4
uric_acid,0.2,6.5,CV,5,0.01912422800567,0.0377883632276983,0.1632364972187158,-0.0137548361089313,0.1,1.4,-5.23007336759803e-07,0.0154071119351075,-0.010371840878421,0.1632364972187158,0.3819639278557114,0.1543086172344688,0.0195590364209776,0.1582262462427723,0.9642857142857136,train,1
copper,10.0,7.0,CV,1,0.2308665037497695,1.432138985310542,6.2827871566786495,-4.446230387915305,0.1,1.4,7.974545948484038e-05,0.4666019674728796,-0.4101147223136037,6.2827871566786495,-0.0501002004008015,0.101002004008016,0.4925289414887218,6.266897458923781,0.9999999999999978,train,4
ascorbic_acid,0.5,8.0,CV,9,0.064886727968466,0.121687240626904,0.4839056706298549,-0.0465377541887472,0.1,1.4,-2.28614184512122e-05,0.0478606323800815,-0.0373467633292095,0.4839056706298549,0.0228456913827654,0.176753507014028,0.0674289750669896,0.4700266193382806,0.9687500000000008,train,2
dopamine,2.0,7.5,CV,0,0.0914479237863637,0.3916697165636491,1.7749216241506278,-0.9940100010381072,0.1,1.4,-8.882732911571045e-06,0.130894770014917,-0.1488877740366266,1.7749216241506278,0.1575150300601202,0.1122244488977955,0.1563384976242859,1.767688114701542,0.5384615384615383,train,0
aluminum,2.0,6.0,CV,6,0.1016111817944479,0.32882009144913,1.288015053978996,-0.6702305646690523,0.1,1.4,-3.104737175340018e-05,0.1673886831699653,-0.1017546856361208,1.288015053978996,-0.3390781563126252,0.1683366733466934,0.1663892511579675,1.2702553401408498,0.8181818181818181,train,5
uric_acid,0.5,8.0,CV,0,0.0428514820669308,0.0951286005202727,0.4126044844281957,-0.0423496982262031,0.1,1.4,-4.374209387667388e-07,0.0335330524317706,-0.0325023884491816,0.4126044844281957,0.3090180360721443,0.151503006012024,0.0488242931046241,0.4058312213050933,0.9285714285714288,train,1
dopamine,10.0,8.0,CV,5,0.2986728536326646,1.2884233597016568,5.859714053263611,-3.382816264895366,0.1,1.4,-9.415415497696956e-05,0.3440635868444843,-0.3775848617570906,5.859714053263611,0.1462925851703407,0.1094188376753507,0.5054031978906325,5.8327954275388905,0.9499999999999992,train,0
dopamine,0.2,6.0,CV,1,0.0126939320351418,0.0430751287222046,0.2013431736481297,-0.1073339593797783,0.1,1.4,5.257333497744755e-06,0.0131611279753681,-0.0140121927747426,0.2013431736481297,0.2585170340681363,0.1094188376753507,0.0169591764907035,0.197521794500026,0.9499999999999992,train,0
copper,2.0,6.5,CV,4,0.0747708710507328,0.4454617119232339,1.929320666673224,-1.4118686157700175,0.1,1.4,-0.0001172713123416,0.1632111971690474,-0.1385802707336736,1.929320666673224,-0.0501002004008015,0.0953907815631263,0.1461770398216265,1.9203520388875264,0.8888888888888872,train,4
glucose,1.0,6.5,CV,9,0.091705779455655,0.1462419298406795,0.5468804075364473,-0.0578933909086035,0.1,1.4,-2.9132806881548235e-05,0.0535500152554385,-0.0524253770252538,0.5468804075364473,0.4857715430861723,0.2132264529058116,0.0896574837509235,0.5259897321212541,0.7272727272727264,train,3
ascorbic_acid,0.1,6.5,CV,0,0.0152156420364332,0.0244512432927522,0.1021541304712189,-0.0082108392120541,0.1,1.4,1.903919370118808e-06,0.0081184879179398,-0.0086797121453283,0.1021541304712189,0.0929859719438878,0.1851703406813627,0.0139799410533764,0.0972721095294148,0.6923076923076914,train,2
dopamine,10.0,7.5,CV,2,0.2916104468738574,1.262155423482398,5.783118253183714,-3.2017573599971403,0.1,1.4,-5.568539820612983e-05,0.3834835372841076,-0.4304030222516116,5.783118253183714,0.1659318637274549,0.1150300601202405,0.5112713520999478,5.759093059185174,0.7826086956521753,train,0
copper,0.5,8.0,CV,4,0.0225976936941429,0.1259463445817453,0.5513807664048427,-0.3976527933040222,0.1,1.4,-3.127208160254161e-05,0.0492855088256826,-0.0393367911024565,0.5513807664048427,-0.0332665330661322,0.0953907815631261,0.0415253425103749,0.5479924612847461,0.8888888888888892,train,4
dopamine,5.0,7.0,CV,1,0.1833721143667261,0.8047823992555849,3.613368303075181,-2.0144842385128454,0.1,1.4,4.778991675877117e-05,0.2564692863980155,-0.2277716005590383,3.613368303075181,0.1995991983967936,0.1150300601202404,0.3264201993617311,3.596486281703118,0.8636363636363648,train,0
copper,5.0,7.0,CV,3,0.1582399505367943,0.927557594799779,4.024322746233629,-2.916308032293231,0.1,1.4,-0.000858652835245,0.2548644655760839,-0.4516689816528826,4.024322746233629,-0.0472945891783567,0.101002004008016,0.3168189669876008,4.00235496170883,0.8947368421052635,train,4
copper,0.5,6.0,CV,5,0.0223428458816061,0.1246753233815832,0.5433074125749972,-0.4032005357542805,0.1,1.4,-6.1385024069784935e-06,0.0393798035809183,-0.0409163256398936,0.5433074125749972,-0.0529058116232464,0.101002004008016,0.0423821157513852,0.5393786742969474,0.8947368421052635,train,4
uric_acid,10.0,6.0,CV,0,0.4472122955278124,1.0634302807691831,4.672176273308778,-0.5186027302029139,0.1,1.4,-3.310301050359676e-05,0.3071379981999518,-0.3412321606779031,4.672176273308778,0.4128256513026053,0.1515030060120241,0.5457504242116495,4.626138329214771,0.7999999999999995,train,1
dopamine,0.2,8.0,CV,3,0.0136640678208085,0.0456484773450162,0.2108408763433669,-0.1121799284326173,0.1,1.4,-4.204733519273793e-05,0.0182994579037474,-0.0234956747259349,0.2108408763433669,0.1462925851703407,0.1150300601202405,0.0186384207204813,0.206590908356429,0.9523809523809534,train,0
uric_acid,10.0,6.0,CV,8,0.449775679489199,1.066002457616123,4.687240061187803,-0.4198773763595688,0.1,1.4,6.364185953759855e-05,0.2997836938552118,-0.3243971840243944,4.687240061187803,0.4072144288577154,0.1458917835671344,0.5366245830429994,4.639000638210035,0.9999999999999984,train,1
ascorbic_acid,5.0,6.0,CV,8,0.4407367172554558,0.8722430285047247,3.5559842461143574,-0.3178726774033105,0.1,1.4,5.558098660637611e-05,0.2630562862154831,-0.2788073806061527,3.5559842461143574,0.0845691382765531,0.1711422845691382,0.473069333294725,3.486778855528491,0.648648648648649,train,2
copper,0.5,7.0,CV,0,0.021885770865462,0.1242801921244158,0.5513741907234715,-0.4006112003598137,0.1,1.4,-7.442583290717918e-07,0.0357392992735781,-0.049651168706125,0.5513741907234715,-0.0529058116232464,0.0981963927855711,0.0418419850309158,0.5485023318633477,0.8421052631578941,train,4
copper,0.1,8.0,CV,4,0.0062499082415074,0.0259780659769158,0.1155159015963578,-0.0796180851755632,0.1,1.4,-4.332625330916387e-06,0.0102538177576,-0.0082485434891833,0.1155159015963578,-0.0332665330661322,0.0953907815631261,0.008585668962515,0.113325510803734,0.8888888888888892,train,4
aluminum,0.2,7.0,CV,7,0.0131190802752346,0.0379358948382646,0.1536611408902863,-0.0743603517026056,0.1,1.4,-1.4342214313953034e-05,0.0114904292884489,-0.0116158229438388,0.1536611408902863,-0.3110220440881763,0.1683366733466934,0.0193868472044349,0.1509081173013214,0.935483870967742,train,5
glucose,0.2,7.0,CV,2,0.0226678170701305,0.0311703799039758,0.1206186540941957,-0.0093278100244997,0.1,1.4,9.331168902598168e-07,0.0098064632351077,-0.0119879893439728,0.1206186540941957,0.4829659318637275,0.2412825651302604,0.020791855293599,0.112773585931259,0.8297872340425544,train,3
ascorbic_acid,0.2,7.0,CV,1,0.0274465672314729,0.0486058290234248,0.1928119588832295,-0.0186499004224176,0.1,1.4,6.154319476595574e-06,0.0166935591247835,-0.0159177497054865,0.1928119588832295,0.0649298597194388,0.1879759519038075,0.027944423956399,0.1856883642635791,0.914285714285714,train,2
uric_acid,5.0,6.5,CV,8,0.2928526676328756,0.6908774388243483,3.065610397832004,-0.2714121236022037,0.1,1.4,4.2287679885412655e-05,0.2155081632963837,-0.2191034425558297,3.065610397832004,0.3735470941883767,0.1430861723446893,0.3412673954019768,3.0331489406158534,0.7586206896551712,train,1
ascorbic_acid,10.0,7.0,CV,7,0.6897624851214715,1.3791868222600794,5.642392774453955,-0.5158028669233469,0.1,1.4,-0.0002415090845464,0.3966055158379222,-0.3997467819365439,5.642392774453955,0.0565130260521041,0.1907815631262525,0.8033588932672036,5.554029565852519,0.9999999999999988,train,2
aluminum,5.0,6.5,CV,1,0.2049781235331701,0.6864651633357162,2.62982804187018,-1.4616261921741462,0.1,1.4,-0.0001762945337492,0.1898020339891959,-0.2566214176843535,2.62982804187018,-0.3362725450901803,0.1795591182364729,0.3653560757221827,2.6044732810647826,0.6842105263157894,train,5
copper,5.0,8.0,CV,4,0.1550147558604905,0.935792147412436,4.08188617135357,-2.973733929144542,0.1,1.4,-0.0002494816774027,0.365442206477152,-0.2912246256645409,4.08188617135357,-0.0332665330661322,0.0953907815631261,0.308075632749326,4.066057960099889,0.8888888888888892,train,4
dopamine,0.5,8.0,CV,6,0.0284092374793455,0.1108791737711824,0.5065640327809353,-0.2756154016027063,0.1,1.4,2.936538403056968e-05,0.0453226908492799,-0.0347145095089108,0.5065640327809353,0.137875751503006,0.1178356713426853,0.0457658782132828,0.5014875429194207,0.7499999999999992,train,0
ascorbic_acid,2.0,8.0,CV,2,0.2232965323879318,0.4375094857104417,1.803611648466695,-0.1707654563483189,0.1,1.4,-2.1550604920761664e-05,0.1227598760751011,-0.1558460546826569,1.803611648466695,0.0172344689378757,0.176753507014028,0.243023356696055,1.7671314638531044,0.9687499999999982,train,2
dopamine,0.5,6.0,CV,6,0.0271734781378636,0.1054388156086399,0.4906149909240618,-0.2580435515798378,0.1,1.4,2.8080155625438133e-05,0.0431289924240008,-0.0388565346214543,0.4906149909240618,0.2529058116232465,0.1094188376753507,0.0414292127039972,0.4857584778349892,0.8571428571428585,train,0
uric_acid,1.0,7.5,CV,4,0.0799560770131576,0.1814368466257917,0.8008876247545951,-0.0800512528382761,0.1,1.4,-5.585434609949106e-05,0.0535164971832635,-0.0677048293386655,0.8008876247545951,0.3286573146292585,0.1458917835671341,0.0910576752120889,0.789024691552368,0.9999999999999984,train,1
ascorbic_acid,0.1,6.0,CV,3,0.0153814245494758,0.024148270676605,0.102985002567705,-0.0091341163648522,0.1,1.4,-2.6457049096736077e-05,0.0096763920142186,-0.0153211714275436,0.102985002567705,0.0929859719438878,0.1739478957915832,0.0132718698022574,0.0976526878710808,0.7714285714285721,train,2
uric_acid,10.0,7.0,CV,4,0.4606089550057505,1.0786425239549062,4.708916622894381,-0.4634552776429761,0.1,1.4,-0.0003448962976783,0.3186026663487875,-0.4012604761455485,4.708916622894381,0.3482965931863727,0.1486973947895792,0.5488508701194247,4.653486654039503,0.7666666666666656,train,1
copper,1.0,7.5,CV,9,0.0418686279060888,0.239827372045969,1.049822478491525,-0.7536052004951715,0.1,1.4,-3.729697735722342e-05,0.1022977051272289,-0.0680135258295865,1.049822478491525,-0.0416833667334669,0.0981963927855711,0.0812252300921397,1.0447397728101917,0.9444444444444456,train,4
uric_acid,0.5,8.0,CV,4,0.0433151433487776,0.0950643143240797,0.423306398207009,-0.0442528240959794,0.1,1.4,-2.802986836457705e-05,0.028133276418121,-0.0355952631762585,0.423306398207009,0.3006012024048096,0.1458917835671342,0.0477938670426471,0.4161571286237159,0.7931034482758614,train,1
uric_acid,1.0,6.5,CV,1,0.0775714291446556,0.1780976161611218,0.7741781842394353,-0.0894159050338397,0.1,1.4,1.421277697842764e-05,0.056816714208622,-0.0552980884412691,0.7741781842394353,0.3791583166332665,0.1543086172344691,0.0929342938624909,0.7647853573852164,0.8965517241379295,train,1
dopamine,1.0,8.0,CV,6,0.0519371635363758,0.2136107442005778,0.9727699101154912,-0.533869724863445,0.1,1.4,5.38112535449608e-05,0.0870482434780417,-0.0667956706517959,0.9727699101154912,0.137875751503006,0.1178356713426853,0.088107017958924,0.9654379767678553,0.7499999999999992,train,0
uric_acid,0.5,6.0,CV,8,0.041660860751759,0.0921101968479744,0.4085779690274674,-0.0337785382995059,0.1,1.4,8.108165300669948e-06,0.0260764131013835,-0.0281985887145096,0.4085779690274674,0.4072144288577154,0.1458917835671344,0.0464485691715998,0.4016320990762436,0.9999999999999984,train,1
ascorbic_acid,2.0,7.5,CV,7,0.2182517029061944,0.4322045025509815,1.7099708138513894,-0.1583055538831366,0.1,1.4,-7.386871834519804e-05,0.1262700209677696,-0.1231554907726272,1.7099708138513894,0.0565130260521041,0.1963927855711422,0.2570983763460575,1.6790891372236063,0.7073170731707324,train,2
copper,2.0,8.0,CV,9,0.0766065308735032,0.4489487230444112,1.9666098613098624,-1.387485059006198,0.1,1.4,-7.214778136600075e-05,0.1871230738827118,-0.1305157854849947,1.9666098613098624,-0.0416833667334669,0.0981963927855711,0.1520645384488596,1.9590366782166144,0.8421052631578941,train,4
dopamine,10.0,7.0,CV,4,0.2897590693906014,1.259512917060596,5.7103340960603015,-3.051467106860826,0.1,1.4,-0.000350534409153,0.4096579899229575,-0.4077668808713779,5.7103340960603015,0.1995991983967936,0.1150300601202405,0.5121781535101482,5.689088399778629,0.9523809523809534,train,0
copper,0.5,8.0,CV,0,0.0220852804951517,0.1254899847742731,0.5436277647691227,-0.3880595072071759,0.1,1.4,-7.784113156003927e-07,0.0391099790559561,-0.0531513036520246,0.5436277647691227,-0.0416833667334669,0.0981963927855711,0.0422470831204029,0.5404960371925627,0.8421052631578941,train,4
uric_acid,2.0,8.0,CV,0,0.1459264820799055,0.3415854660979429,1.4719429022167965,-0.1637633024508166,0.1,1.4,-8.764312066086174e-06,0.1198346405649511,-0.1161650260772586,1.4719429022167965,0.3090180360721443,0.151503006012024,0.1750927016991826,1.4551867179367433,0.9285714285714288,train,1
glucose,10.0,6.0,CV,0,0.5193865963204132,0.8754763437441477,3.2151900783103797,-0.3715452060639668,0.1,1.4,-2.953557522348893e-05,0.2662553104297565,-0.3073309108124565,3.2151900783103797,0.5306613226452906,0.2525050100200401,0.6013698251492106,3.1193631008013707,0.9148936170212753,train,3
copper,10.0,7.0,CV,0,0.2318178624258764,1.4364374852722377,6.348254742236893,-4.661686678128365,0.1,1.4,-3.806625077031076e-05,0.4119709029501128,-0.5723100228371444,6.348254742236893,-0.0529058116232464,0.0981963927855711,0.4830534551977842,6.332614649419688,0.8421052631578941,train,4
ascorbic_acid,0.2,8.0,CV,7,0.0278115342753926,0.0499308461839826,0.1946110760797104,-0.0169323344025199,0.1,1.4,-6.161301461899138e-06,0.0146877664313384,-0.0147675155421696,0.1946110760797104,0.0256513026052104,0.1823647294589179,0.028185716384843,0.1884106122794664,0.7105263157894741,train,2
aluminum,0.2,7.5,CV,5,0.0135199375479793,0.0378610992590372,0.152642063143217,-0.0763398738075035,0.1,1.4,-9.517656660503738e-06,0.0116475470752001,-0.0220802953014619,0.152642063143217,-0.3054108216432865,0.1683366733466933,0.01929727101147,0.1489923349124704,0.935483870967742,train,5
copper,0.5,7.0,CV,8,0.0221391829496906,0.1249283119890481,0.5389237500320228,-0.3799525621774398,0.1,1.4,8.819786513552273e-06,0.0410254367866477,-0.0360293599537632,0.5389237500320228,-0.0585170340681362,0.1010020040080159,0.0428533110588269,0.5358275550027737,0.636363636363637,train,4
ascorbic_acid,10.0,8.0,CV,9,0.7181291422790681,1.4051099337577049,5.558000262624288,-0.5768976343763274,0.1,1.4,-0.00029200848188,0.5503687739260651,-0.4291791396848545,5.558000262624288,0.0228456913827654,0.176753507014028,0.7799214295090887,5.434145792542746,0.9687500000000008,train,2
dopamine,0.5,7.0,CV,0,0.0273527156970807,0.1078203115667816,0.4850579053737165,-0.2588218657568415,0.1,1.4,-4.2805621902600177e-07,0.0433783320237548,-0.0431340753543038,0.4850579053737165,0.1995991983967936,0.1122244488977955,0.0430441365842417,0.4810522092697294,0.904761904761905,train,0
glucose,0.1,7.0,CV,1,0.0133310754327905,0.0157870275121108,0.0620400824120569,-0.0042564157166625,0.1,1.4,3.99121866944108e-06,0.0059141315445738,-0.0048836301420996,0.0620400824120569,0.4689378757515029,0.2328657314629258,0.0103724817407032,0.0561833407055443,0.566037735849055,train,3
ascorbic_acid,10.0,6.5,CV,1,0.6862171388229953,1.356603321701538,5.496900953722166,-0.5617566402992553,0.1,1.4,9.49229929540536e-05,0.4588189099257093,-0.4449447384470253,5.496900953722166,0.0845691382765531,0.176753507014028,0.7488929132433735,5.383515245057666,0.8,train,2
ascorbic_acid,0.1,6.0,CV,2,0.0151781798952339,0.0241296498409926,0.0979474247519004,-0.0074829862234417,0.1,1.4,1.41762720934141e-06,0.0074519764748546,-0.0088879226771267,0.0979474247519004,0.0845691382765531,0.1879759519038076,0.0138749266105275,0.0928767419387717,0.7179487179487174,train,2
ascorbic_acid,0.2,6.5,CV,1,0.0272029300986085,0.0481033878505892,0.1978669245951929,-0.0184465719469359,0.1,1.4,6.121124393676542e-06,0.0165234320804283,-0.0159639886084691,0.1978669245951929,0.0845691382765531,0.176753507014028,0.0265263668851055,0.1909116647830275,0.8,train,2
copper,0.1,7.0,CV,4,0.0062077316814275,0.0257390759763606,0.1147346963295277,-0.0797789739326634,0.1,1.4,-4.2657004853150645e-06,0.0099051764538888,-0.0081713119314802,0.1147346963295277,-0.0472945891783567,0.0981963927855711,0.0086468694733528,0.1125652384558158,0.9444444444444456,train,4
glucose,0.5,8.0,CV,6,0.05036133494339,0.0769048107285623,0.299220535886011,-0.0261163088619228,0.1,1.4,2.611372688535301e-05,0.0397725838562126,-0.0271009983153475,0.299220535886011,0.4829659318637275,0.2328657314629257,0.0499798016189765,0.2850086587798092,0.8043478260869551,train,3
copper,0.5,6.0,CV,0,0.0216875367386026,0.1230896368482273,0.5402383034843709,-0.392550343553044,0.1,1.4,-7.069990602657748e-07,0.0335320449779676,-0.0456789827386662,0.5402383034843709,-0.0529058116232464,0.101002004008016,0.0420099750308268,0.53714562198957,0.8947368421052635,train,4
ascorbic_acid,0.5,6.0,CV,5,0.0624092273651852,0.1176990948582006,0.463955795119487,-0.0498044700007426,0.1,1.4,-7.933981389367351e-06,0.0355851186773123,-0.0400622427270512,0.463955795119487,0.0761523046092184,0.1963927855711423,0.0697592471698269,0.4516609976546584,0.5909090909090906,train,2
dopamine,2.0,6.5,CV,5,0.0914307604633754,0.3822415571870028,1.7342353301461906,-0.9416768002818544,0.1,1.4,-2.622846625492932e-05,0.1010668413037743,-0.135934528509164,1.7342353301461906,0.2304609218436873,0.1094188376753507,0.1499376444579226,1.7221335718797992,0.9499999999999992,train,0
ascorbic_acid,2.0,7.5,CV,8,0.2207656909094984,0.4344680387525656,1.7386002637078528,-0.1572307117550149,0.1,1.4,2.90858798187702e-05,0.1304994730867366,-0.1388406479515508,1.7386002637078528,0.0256513026052104,0.1907815631262525,0.252949530318656,1.7039729876497944,0.7,train,2
uric_acid,10.0,6.5,CV,7,0.4480103951524122,1.0766024914309142,4.71665530919731,-0.437440028166847,0.1,1.4,-0.0001763148926413,0.3308104039480231,-0.3125000441976289,4.71665530919731,0.3735470941883767,0.151503006012024,0.5538668697983007,4.687127772641043,0.8000000000000005,train,1
copper,10.0,8.0,CV,3,0.247471918000858,1.455460337415656,6.42410203710085,-4.658124012118234,0.1,1.4,-0.0013499248365203,0.430946993872652,-0.7092591612109945,6.42410203710085,-0.038877755511022,0.0981963927855711,0.4872195510632556,6.390357229445601,0.9444444444444456,train,4
glucose,2.0,7.0,CV,2,0.1675343206326999,0.2736465586797663,1.020510200969119,-0.1086802581681376,0.1,1.4,-1.3038340406542268e-05,0.0832320887204795,-0.1013822566245122,1.020510200969119,0.4829659318637275,0.2412825651302604,0.1813930481157594,0.9830679898260396,0.8297872340425544,train,3
uric_acid,0.2,7.0,CV,0,0.0190251264559366,0.0382239054149658,0.1701692868381825,-0.014290069547527,0.1,1.4,1.4869858134846231e-06,0.0125344273753564,-0.0125326497941446,0.1701692868381825,0.3482965931863727,0.1515030060120239,0.0196729403533827,0.1655601758201954,0.8620689655172417,train,1
glucose,5.0,6.0,CV,6,0.3380811748134091,0.5600457594386671,2.1373710580851584,-0.2020404331363104,0.1,1.4,0.0001696010317848,0.284684596031541,-0.1721433390559699,2.1373710580851584,0.4829659318637275,0.2216432865731463,0.3513254898121769,2.0638664774470112,0.49056603773585,train,3
ascorbic_acid,10.0,7.0,CV,3,0.7102329620647103,1.3762006434659504,5.357217172928171,-0.6138483297143811,0.1,1.4,-0.0016174290326665,0.5224886714204187,-0.8495204700963979,5.357217172928171,0.0789579158316633,0.2020040080160321,0.8332486896341684,5.2300092873467365,0.6744186046511629,train,2
aluminum,0.5,7.0,CV,3,0.0305094587647777,0.092453748245592,0.3614671860716286,-0.1880097928925205,0.1,1.4,-0.0001295604458709,0.0303809213073472,-0.0558892726209284,0.3614671860716286,-0.294188376753507,0.1627254509018035,0.0465978323621378,0.3558592183790127,0.611111111111111,train,5
dopamine,0.1,7.5,CV,0,0.0080859501589368,0.0224690182249638,0.1050913018141637,-0.0542331376190595,0.1,1.4,2.1146072089804795e-06,0.0076732011571917,-0.0086618946390051,0.1050913018141637,0.1575150300601202,0.1122244488977955,0.0089659769626847,0.1016666503878249,0.5384615384615383,train,0
dopamine,5.0,7.0,CV,7,0.1817613713113176,0.8079035922211352,3.69122462495384,-1.9664403491218732,0.1,1.4,-0.0001153129079124,0.256143537966442,-0.3203404104877417,3.69122462495384,0.2052104208416834,0.1122244488977955,0.3243444432286557,3.6844530271881215,0.904761904761905,train,0
uric_acid,10.0,6.0,CV,4,0.4523462062481516,1.0556479727540002,4.5714762163773655,-0.5266993586095616,0.1,1.4,-0.0003386216448729,0.3114744304287798,-0.3940195000049501,4.5714762163773655,0.4044088176352706,0.1543086172344691,0.5482734285272912,4.516855179001373,0.9642857142857136,train,1
dopamine,0.5,8.0,CV,3,0.0290408384380182,0.1115695058592455,0.510551250241023,-0.278675687425022,0.1,1.4,-0.0001058058130251,0.0444082459768147,-0.056926356121522,0.510551250241023,0.1462925851703407,0.1150300601202405,0.0455510552870531,0.5047371426649783,0.9523809523809534,train,0
ascorbic_acid,1.0,6.0,CV,0,0.1159070253217062,0.2254419628220664,0.941886060164799,-0.1131246038125106,0.1,1.4,-5.291365487193444e-06,0.0747390643995255,-0.0793441028282032,0.941886060164799,0.0929859719438878,0.1795591182364729,0.1263684766816544,0.9219157867714848,0.8285714285714291,train,2
aluminum,1.0,8.0,CV,6,0.0558712849488485,0.1796086980026348,0.7156939291082384,-0.3829653316798697,0.1,1.4,1.820389363336489e-05,0.0894285523618985,-0.0659874432840178,0.7156939291082384,-0.3110220440881763,0.1655310621242484,0.0902694076069932,0.7056883894475621,0.8437499999999992,train,5
dopamine,1.0,8.0,CV,8,0.0515460876132214,0.2133896662936301,0.9669035591321316,-0.5452707873061919,0.1,1.4,1.3585663412187476e-05,0.0689878269478321,-0.0732335392931771,0.9669035591321316,0.1490981963927855,0.1178356713426853,0.088015835348548,0.9605176970131832,1.0,train,0
dopamine,10.0,7.0,CV,8,0.2870988541875994,1.2485576377829022,5.794185990072066,-3.0794699424067105,0.1,1.4,6.576450169029802e-05,0.3054035915541182,-0.4331543430870432,5.794185990072066,0.1967935871743487,0.1122244488977955,0.5002165018177585,5.76680145800767,0.818181818181817,train,0
glucose,0.5,7.5,CV,8,0.0498625560866432,0.0770647670998274,0.2953473015657705,-0.0299660718557127,0.1,1.4,7.703640573093445e-06,0.0223108881186052,-0.0237850862668744,0.2953473015657705,0.4745490981963928,0.2300601202404809,0.0499083730581388,0.2825451777682704,0.8222222222222219,train,3
uric_acid,2.0,6.0,CV,5,0.1429381299288035,0.3297660450488539,1.4003770550885046,-0.1263338283057324,0.1,1.4,-2.5613331781600247e-05,0.1211088028274261,-0.1018741981817545,1.4003770550885046,0.4072144288577154,0.1571142284569138,0.1720277209697263,1.3818495080716773,1.0,train,1
copper,2.0,8.0,CV,0,0.0740365159588833,0.4501171930723956,1.9440297365806576,-1.399600584608664,0.1,1.4,-1.001099355304038e-05,0.1400492060751974,-0.1902598118366182,1.9440297365806576,-0.0416833667334669,0.0981963927855711,0.1514230620500549,1.9373749359765904,0.8421052631578941,train,4
glucose,5.0,7.0,CV,4,0.3437472506562586,0.5624947756501902,2.084802881249836,-0.2531597998869678,0.1,1.4,-0.0001974256602854,0.1839608379150321,-0.2310787306517532,2.084802881249836,0.4997995991983969,0.2356713426853708,0.3650023291471461,2.00601517033244,0.8666666666666655,train,3
glucose,5.0,6.5,CV,6,0.3408743895942187,0.5629412574618696,2.1923075869911983,-0.2032716088399518,0.1,1.4,0.0001705957184193,0.2863823818063137,-0.1805263885028294,2.1923075869911983,0.4829659318637275,0.2244488977955911,0.3562532052574378,2.1170211942329167,0.5686274509803938,train,3
uric_acid,0.5,6.0,CV,0,0.0414374333962769,0.0918799169414528,0.4073093589560085,-0.0406956470759967,0.1,1.4,-3.242236021893039e-07,0.0267297194130725,-0.0297440981950711,0.4073093589560085,0.4128256513026053,0.1515030060120241,0.0472495524200381,0.4006482457551539,0.7999999999999995,train,1
ascorbic_acid,5.0,8.0,CV,6,0.4605322434891911,0.9128906465589728,3.636827918570452,-0.4018448740233775,0.1,1.4,0.000262668134554,0.4435366382300496,-0.2859018484869734,3.636827918570452,0.0116232464929859,0.1935871743486973,0.5363584141764371,3.5675730143702844,0.8648648648648647,train,2
uric_acid,0.2,6.5,CV,4,0.0190672485172058,0.037659391982839,0.1716410468878826,-0.0140490744971726,0.1,1.4,-9.623959863930712e-06,0.0113422608475117,-0.0143547661429893,0.1716410468878826,0.3763527054108216,0.1458917835671344,0.0189821035333901,0.166583765387898,0.9259259259259262,train,1
glucose,0.5,7.5,CV,5,0.0501955277666288,0.0770779183404641,0.2862653545453247,-0.0252222850106264,0.1,1.4,-4.555867057491455e-06,0.0277525092105475,-0.0308177035162417,0.2862653545453247,0.4829659318637275,0.224448897795591,0.0486594037763837,0.2730027223028375,0.999999999999999,train,3
ascorbic_acid,2.0,6.5,CV,8,0.2164683916591242,0.4256239518807523,1.7206367515434973,-0.1540892857315906,0.1,1.4,2.8567756476777672e-05,0.1329085764657437,-0.1361035371915441,1.7206367515434973,0.0845691382765531,0.1907815631262525,0.2474827677583618,1.6853606518468165,0.9999999999999988,train,2
aluminum,10.0,7.0,CV,6,0.3242814637493116,1.069738572358664,4.230814847290487,-2.22382555802327,0.1,1.4,6.1274907340648775e-06,0.5370534773234796,-0.3496939918424828,4.230814847290487,-0.3110220440881763,0.1711422845691383,0.5480657726993379,4.176129613245551,0.9677419354838712,train,5
dopamine,1.0,6.0,CV,4,0.0496184583916823,0.2039233844698191,0.933747693089697,-0.5092662368757283,0.1,1.4,-5.476219183083116e-05,0.0570753168291543,-0.0732381232428067,0.933747693089697,0.2529058116232465,0.1094188376753507,0.0801858344073351,0.9278117402879146,0.8571428571428585,train,0
glucose,0.1,7.0,CV,0,0.0133457354296144,0.0157293731838362,0.0610697623542221,-0.0036095852618367,0.1,1.4,2.175794748334476e-06,0.0051826992335487,-0.0059870357566543,0.0610697623542221,0.5110220440881764,0.2412825651302604,0.010540882341153,0.0550447743036087,0.8695652173913031,train,3
dopamine,2.0,7.5,CV,6,0.0930006959317371,0.3924477187261667,1.7890110383340438,-0.9928591378736624,0.1,1.4,9.650009772525576e-05,0.1599119071516659,-0.1180647084849816,1.7890110383340438,0.1743486973947895,0.1122244488977955,0.1568684800918485,1.778056161328827,0.999999999999998,train,0
dopamine,0.5,6.0,CV,8,0.0269796904442942,0.1053549036999108,0.4806256485407607,-0.2627333825614615,0.1,1.4,8.147390981112085e-06,0.0317024319249692,-0.0459158672729648,0.4806256485407607,0.2557114228456913,0.1122244488977955,0.0417751098603546,0.4754029914246064,0.999999999999998,train,0
glucose,0.1,8.0,CV,1,0.0134656872798711,0.0159052517200904,0.063558680098288,-0.0043170704446402,0.1,1.4,4.002481608768237e-06,0.0059702201254821,-0.0049300583529543,0.063558680098288,0.4380761523046091,0.2328657314629258,0.0103968134317959,0.0575084781543296,0.5090909090909089,train,3
dopamine,0.5,7.0,CV,7,0.0270594814864411,0.1086830867510225,0.4995065680085761,-0.2621054681214617,0.1,1.4,-1.3178159065006058e-05,0.0346029226772324,-0.0432299263431353,0.4995065680085761,0.2052104208416834,0.1122244488977955,0.0436584610629068,0.4960376529553477,0.904761904761905,train,0
uric_acid,1.0,7.0,CV,4,0.0792674350268426,0.1796254083738135,0.7873631643746559,-0.0749782102635936,0.1,1.4,-5.533273668947781e-05,0.0532055415757608,-0.0671028898513793,0.7873631643746559,0.3482965931863727,0.1486973947895792,0.0914505635086744,0.7754679704588056,0.7666666666666656,train,1
ascorbic_acid,0.2,7.0,CV,7,0.0273266607774172,0.0489254192732997,0.2030727914018181,-0.0165650621497237,0.1,1.4,-5.987332344977503e-06,0.014248265902654,-0.0143407533609806,0.2030727914018181,0.0565130260521041,0.1907815631262525,0.0284562976598439,0.1969848047966396,0.9999999999999988,train,2
dopamine,1.0,6.0,CV,1,0.0486119045125061,0.2029233112721511,0.9359676942798296,-0.5149614991126464,0.1,1.4,1.4203045755351786e-05,0.0613551550505398,-0.0656714551696424,0.9359676942798296,0.2585170340681363,0.1094188376753507,0.079882026103809,0.9297105514290172,0.9499999999999992,train,0
glucose,1.0,7.0,CV,4,0.0920813692090916,0.1457529359232319,0.5439895953533656,-0.0630832548709506,0.1,1.4,-4.943111953053221e-05,0.0479527937879907,-0.0602923984403373,0.5439895953533656,0.4997995991983969,0.2356713426853708,0.0947686875179671,0.5209168885700105,0.8666666666666655,train,3
copper,5.0,7.5,CV,1,0.1498677632307243,0.9250486624386944,4.091431565718785,-2.873425227993278,0.1,1.4,5.2520315676817726e-05,0.2996207388448541,-0.2640786741645505,4.091431565718785,-0.038877755511022,0.0925851703406812,0.3009253385491803,4.080358226130629,0.8333333333333326,train,4
glucose,1.0,6.5,CV,2,0.0911338423025745,0.1460460962552144,0.5451095924644624,-0.0559201504927086,0.1,1.4,-5.6857625020609554e-06,0.0438175245182451,-0.0543378932176518,0.5451095924644624,0.4997995991983969,0.2384769539078156,0.0961455875447145,0.5233986122689244,0.8478260869565225,train,3
ascorbic_acid,0.2,8.0,CV,5,0.0283144740317144,0.0504387370414651,0.2120746143045341,-0.0202923151937193,0.1,1.4,-1.8135849329603823e-06,0.0155223560827208,-0.017277384547044,0.2120746143045341,0.0172344689378757,0.1823647294589178,0.0283861647159619,0.2050389147637124,0.9696969696969692,train,2
glucose,5.0,6.5,CV,7,0.3361955277109872,0.5642776864554547,2.0319183791994053,-0.2500804909948046,0.1,1.4,-0.0001006583689773,0.179484221697723,-0.149111730312249,2.0319183791994053,0.4829659318637275,0.2356713426853707,0.3683699638500424,1.9673745335383612,0.7142857142857143,train,3
copper,5.0,6.5,CV,1,0.1483937522010831,0.9162945715430524,3.9944542459310295,-2.848952996666734,0.1,1.4,5.202157856570189e-05,0.2950589414357389,-0.2640246699409331,3.9944542459310295,-0.0501002004008015,0.0981963927855711,0.3100834395313099,3.984478494123056,0.8421052631578934,train,4
copper,0.2,6.5,CV,2,0.0102394185839815,0.0506941380061054,0.227960479241416,-0.1557046248511234,0.1,1.4,5.443328195637396e-07,0.0147432021639767,-0.0159374330677824,0.227960479241416,-0.0529058116232464,0.0953907815631263,0.0168097590249416,0.2258265286059036,1.0,train,4
uric_acid,2.0,8.0,CV,1,0.1456571734072449,0.3393955250065967,1.4973614433826596,-0.128861751478992,0.1,1.4,2.458558646274306e-05,0.1084725162177545,-0.0992488497256448,1.4973614433826596,0.2949899799599198,0.151503006012024,0.1750636116653821,1.4810240479011108,0.7419354838709673,train,1
aluminum,0.2,8.0,CV,6,0.0134524107027296,0.0381799600113437,0.153456955765185,-0.0791918085254606,0.1,1.4,6.171808535628127e-06,0.019161681247268,-0.0140273255726047,0.153456955765185,-0.3110220440881763,0.1655310621242484,0.0191677489033543,0.1499648367226276,0.8437499999999992,train,5
aluminum,0.2,6.5,CV,5,0.0134652663454199,0.0375026919457719,0.147693666982933,-0.078297010563567,0.1,1.4,-1.295436604006043e-05,0.0115506090239834,-0.0143641051858253,0.147693666982933,-0.3054108216432865,0.1739478957915831,0.0194866822526862,0.1440773161436211,0.7222222222222215,train,5
dopamine,2.0,6.5,CV,9,0.0915899768154808,0.3847209171739199,1.767713961130389,-0.9459702039122004,0.1,1.4,-6.387798213063441e-05,0.1172255923458593,-0.1606295873656297,1.767713961130389,0.2276553106212424,0.1094188376753506,0.1497422114081905,1.7570691735747797,0.8571428571428567,train,0
ascorbic_acid,5.0,6.5,CV,8,0.4451878144624834,0.8816162211695282,3.5607134511206078,-0.3211320366470727,0.1,1.4,5.611855920383935e-05,0.2751182356722306,-0.2816472383390092,3.5607134511206078,0.0845691382765531,0.1907815631262525,0.5127768345506064,3.4915673980910142,0.9999999999999988,train,2
aluminum,5.0,7.0,CV,7,0.2037975331590968,0.6885097714188579,2.7591816513868315,-1.39516112910356,0.1,1.4,-0.0003071043149511,0.2064379568942755,-0.2111378408490013,2.7591816513868315,-0.3110220440881763,0.1683366733466934,0.3524726599779139,2.739542843543192,0.935483870967742,train,5
uric_acid,10.0,6.5,CV,1,0.4504530020339825,1.0694080115466875,4.629634704695037,-0.5467014803360796,0.1,1.4,7.102193777852811e-05,0.3397220126267738,-0.3310825720298411,4.629634704695037,0.3791583166332665,0.1543086172344691,0.5576559822991746,4.588774415147996,0.8965517241379295,train,1
glucose,0.5,6.0,CV,9,0.0491628804476169,0.0755233658688839,0.2804280715157045,-0.0277095511764855,0.1,1.4,-1.3814556009842471e-05,0.0280580098844143,-0.0274521626101671,0.2804280715157045,0.4885771543086171,0.227254509018036,0.0482948387080077,0.267371909319734,0.5882352941176457,train,3
dopamine,0.2,7.5,CV,6,0.0132748589878506,0.0447390215462492,0.2069120979559028,-0.1105746971047742,0.1,1.4,1.3642100673668331e-05,0.0184853273094351,-0.0135750775472027,0.2069120979559028,0.1743486973947895,0.1122244488977955,0.017912824294582,0.2030933740318513,0.999999999999998,train,0
ascorbic_acid,0.1,8.0,CV,5,0.0157577911125543,0.0254883246831836,0.1085548203105486,-0.0094198348122591,0.1,1.4,4.412080874874047e-07,0.0079474520855633,-0.0088417458752903,0.1085548203105486,0.0172344689378757,0.1823647294589178,0.0142977898764389,0.1034409254318512,0.9696969696969692,train,2
copper,5.0,7.0,CV,5,0.1546418846473775,0.9354377517126286,4.104766927291714,-2.947750975778087,0.1,1.4,-6.411031208009088e-05,0.320665092924923,-0.3008925540405541,4.104766927291714,-0.0529058116232464,0.1010020040080159,0.3184964698409589,4.0866914368455145,0.8000000000000004,train,4
glucose,1.0,7.0,CV,7,0.0907977145869498,0.1471625318683457,0.5383580054071071,-0.0626141029553979,0.1,1.4,-2.4350051895637892e-05,0.047115355585219,-0.0391436563843018,0.5383580054071071,0.4521042084168337,0.2328657314629258,0.095340187034684,0.5178254977216687,0.4561403508771939,train,3
dopamine,0.5,6.0,CV,0,0.0267546102834057,0.1055903598960596,0.4742060686835144,-0.2648123168844779,0.1,1.4,-3.473765769363285e-07,0.0300349965444067,-0.035353757281946,0.4742060686835144,0.2529058116232465,0.1122244488977955,0.0421328677121793,0.4700566084561225,0.8181818181818203,train,0
glucose,0.2,7.5,CV,2,0.0228050053866127,0.0313417873321892,0.120491588462586,-0.0093862393628612,0.1,1.4,9.231656175789552e-07,0.0100396149442822,-0.0120516610648903,0.120491588462586,0.4829659318637275,0.2384769539078156,0.0207154969736773,0.1125075746557049,0.9767441860465113,train,3
glucose,5.0,6.5,CV,5,0.3419986564832379,0.5672130302209891,2.077407474416324,-0.2098723366073858,0.1,1.4,-5.0492601476332747e-05,0.1948720469065404,-0.2270348778813711,2.077407474416324,0.4829659318637275,0.2328657314629257,0.3677405154144601,2.0094024100650607,0.6600000000000004,train,3
copper,1.0,7.0,CV,4,0.0412764655507789,0.2403253704264814,1.0526960221271306,-0.7701943480811669,0.1,1.4,-6.207593529593329e-05,0.0915678090115847,-0.0748845698477857,1.0526960221271306,-0.0472945891783567,0.0981963927855711,0.0804498381527404,1.0473661053457093,0.9444444444444456,train,4
uric_acid,1.0,6.0,CV,0,0.077031719548166,0.1771018251457274,0.7814204917939706,-0.0826173210344982,0.1,1.4,-3.199555786523145e-06,0.0513269368505181,-0.0570676124479511,0.7814204917939706,0.4128256513026053,0.1515030060120241,0.090983109783333,0.7713409842012373,0.7999999999999995,train,1
uric_acid,0.2,8.0,CV,3,0.0197486472757577,0.0387978778369588,0.1733856824640091,-0.0147235724081778,0.1,1.4,-4.117289281757881e-05,0.0124857760613385,-0.0230371756300251,0.1733856824640091,0.3230460921843687,0.1486973947895792,0.0196036260364726,0.1682914438916687,0.709677419354839,train,1
ascorbic_acid,0.1,7.5,CV,0,0.0154615922714882,0.0250055058951869,0.1067833185900619,-0.0084721939655707,0.1,1.4,1.885994916517003e-06,0.0076668739405887,-0.0081440336100713,0.1067833185900619,0.0144288577154308,0.1795591182364728,0.0139793679894698,0.1018445029945197,0.5609756097560976,train,2
ascorbic_acid,0.1,7.0,CV,5,0.015508511583418,0.0248978230087761,0.1008647192530333,-0.0092000554591709,0.1,1.4,4.867869704947014e-07,0.0076362410357834,-0.00866637648647,0.1008647192530333,0.0480961923847695,0.1851703406813627,0.0142139466164112,0.0959076256401887,0.7837837837837843,train,2
dopamine,0.2,7.0,CV,7,0.0128480217912425,0.0444555836187655,0.206304121832502,-0.1055392717041011,0.1,1.4,-3.795701821800996e-06,0.0142514225850477,-0.0177735826553106,0.206304121832502,0.2052104208416834,0.1122244488977955,0.017857101303225,0.2029910570084796,0.904761904761905,train,0
glucose,0.2,8.0,CV,8,0.0229065384334188,0.031657797540092,0.124128219061153,-0.0102495846507064,0.1,1.4,4.8677621010535865e-06,0.0091309231827939,-0.010127527037188,0.124128219061153,0.4633266533066132,0.2300601202404808,0.0205377722854599,0.1162228995619928,0.8636363636363648,train,3
glucose,5.0,8.0,CV,8,0.3471023038117646,0.5762153234333424,2.172515679928584,-0.2469198913220217,0.1,1.4,3.890873060570693e-05,0.1606928548268,-0.176669229682039,2.172515679928584,0.4633266533066132,0.2328657314629257,0.3747352837399483,2.10062805510264,0.8863636363636379,train,3
dopamine,5.0,6.5,CV,5,0.186177859256174,0.7918840251321425,3.5891853347474107,-1.9537086932193797,0.1,1.4,-5.728359065341884e-05,0.2092750296942628,-0.2814882486280615,3.5891853347474107,0.2304609218436873,0.1094188376753507,0.3106084106240482,3.56742368751963,0.9499999999999992,train,0
copper,10.0,6.5,CV,1,0.2297252040456286,1.425359706653252,6.212391199020166,-4.433453246123908,0.1,1.4,7.934903303584651e-05,0.4589401438175766,-0.4106671394224717,6.212391199020166,-0.0501002004008015,0.0981963927855711,0.4823088813959675,6.197604258717604,0.8421052631578934,train,4
aluminum,0.5,7.0,CV,6,0.0298891370842935,0.0925521169681665,0.3676350782700014,-0.1898612776272118,0.1,1.4,3.196832216240668e-06,0.0466428318725088,-0.0302399060859308,0.3676350782700014,-0.3110220440881763,0.1711422845691383,0.0474003416726495,0.3613539173802081,0.9677419354838712,train,5
uric_acid,0.1,7.5,CV,5,0.011274251624083,0.019245145635796,0.0866466795963678,-0.0063811315560166,0.1,1.4,1.0691367821076088e-06,0.0075928230662653,-0.0051010851246606,0.0866466795963678,0.3090180360721443,0.1571142284569137,0.0101098391211977,0.0824137015988634,0.5555555555555555,train,1
aluminum,0.2,7.0,CV,9,0.0135095192453569,0.0383457000936758,0.1543360890945606,-0.0751838985623411,0.1,1.4,-1.5555916104642652e-05,0.012454302058405,-0.0176543245116309,0.1543360890945606,-0.3222444889779559,0.1655310621242485,0.0192569899967261,0.1507314157085496,0.787878787878788,train,5
aluminum,2.0,7.0,CV,2,0.1015868954865536,0.3331565586980537,1.3296331075203396,-0.7123237388967418,0.1,1.4,-0.000107427224761,0.0958190180364782,-0.1724255346280459,1.3296331075203396,-0.3054108216432865,0.1711422845691383,0.1719641970706796,1.315539804965113,0.8484848484848478,train,5
copper,2.0,7.0,CV,7,0.0721699170505858,0.4465653740120432,1.9386799785622488,-1.3876680318499384,0.1,1.4,-5.994033409575645e-05,0.130873873657054,-0.1445137708105347,1.9386799785622488,-0.0472945891783567,0.0953907815631261,0.1483996162887087,1.935271265044261,0.8888888888888892,train,4
copper,1.0,7.5,CV,0,0.040493583399024,0.2405445791832697,1.0480564275669768,-0.7673404900541116,0.1,1.4,-4.051703844287932e-06,0.0709090946314435,-0.0990719080458067,1.0480564275669768,-0.0529058116232464,0.0981963927855711,0.0810314944437966,1.043901004897,0.6666666666666666,train,4
copper,2.0,8.0,CV,3,0.0781823382894976,0.451674499719907,1.995199630857428,-1.4435053328776737,0.1,1.4,-0.0004173258366279,0.1338054346752836,-0.2202666210002474,1.995199630857428,-0.038877755511022,0.0981963927855711,0.1512137152537388,1.9833549906657877,0.9444444444444456,train,4
copper,10.0,6.5,CV,5,0.2382573882874424,1.4480350527966204,6.360896160088513,-4.669708172822049,0.1,1.4,-0.000100729656436,0.4809394502635116,-0.4711776411032572,6.360896160088513,-0.0529058116232464,0.0981963927855711,0.4838858717906561,6.333714468700625,0.9444444444444456,train,4
aluminum,0.2,7.0,CV,2,0.0133691056481142,0.0380254236478131,0.1533227815476084,-0.0788702274068323,0.1,1.4,-9.79954264944629e-06,0.0110258027694385,-0.0197339332693749,0.1533227815476084,-0.3054108216432865,0.1711422845691383,0.0195818518419305,0.1500622657752038,0.8484848484848478,train,5
aluminum,1.0,6.0,CV,6,0.0554945984784783,0.1765720888662768,0.6924008728229405,-0.3586450818115793,0.1,1.4,-1.532402599899404e-05,0.0899753190937795,-0.0546963973474058,0.6924008728229405,-0.3390781563126252,0.1683366733466934,0.0893141268021311,0.6819480870991066,0.8181818181818181,train,5
uric_acid,1.0,6.0,CV,7,0.0764871612596264,0.1775537318349658,0.7785551302667244,-0.0700087918013073,0.1,1.4,-2.6877468978735607e-05,0.0529340460812068,-0.0510404159759033,0.7785551302667244,0.4128256513026053,0.1543086172344688,0.0924359623729859,0.7711191960047062,0.8965517241379294,train,1
glucose,5.0,7.0,CV,1,0.3402462735061993,0.5701964448910808,2.0748745193076323,-0.2319082536048273,0.1,1.4,4.244795794079409e-05,0.1974257671069595,-0.163410431966151,2.0748745193076323,0.4689378757515029,0.2328657314629258,0.3715285318051489,2.012121505003156,0.566037735849055,train,3
aluminum,1.0,7.5,CV,1,0.0548683423452802,0.1796896955077812,0.6977936366832583,-0.3921392318092744,0.1,1.4,-2.72131606595932e-05,0.0485640748610528,-0.0592576447860102,0.6977936366832583,-0.3082164328657314,0.1767535070140281,0.0944682385701449,0.689727242217188,0.96875,train,5
copper,0.5,8.0,CV,8,0.0223411306350252,0.1260715877692747,0.5581797687817325,-0.3936498256457931,0.1,1.4,8.877648371492776e-06,0.0374153807864408,-0.038781600198456,0.5581797687817325,-0.038877755511022,0.0981963927855711,0.0425358199768897,0.5549427971577361,0.9444444444444456,train,4
copper,5.0,7.5,CV,7,0.1480876398299772,0.9297710593183824,4.088309021626619,-2.8941600838340884,0.1,1.4,-0.0001277338558065,0.2691192384848075,-0.2999422958885427,4.088309021626619,-0.0416833667334669,0.0981963927855711,0.3146655312756165,4.082886706280555,0.9444444444444456,train,4
aluminum,1.0,6.0,CV,5,0.0558277679547062,0.1756780620571975,0.6829945918838762,-0.3779033773072108,0.1,1.4,-8.084216983047062e-05,0.0536573227076759,-0.0918373125855307,0.6829945918838762,-0.344689378757515,0.1711422845691382,0.0906234557602966,0.6731794551404435,0.648648648648649,train,5
dopamine,5.0,8.0,CV,5,0.1930754550398431,0.8282494015300622,3.768043890501232,-2.173536179265064,0.1,1.4,-5.954361799440511e-05,0.2212082878922652,-0.2427500697210029,3.768043890501232,0.1462925851703407,0.1094188376753507,0.3249379089059347,3.750009835915232,0.9499999999999992,train,0
glucose,1.0,7.0,CV,5,0.0923208321943116,0.1477773749507488,0.5476595524619059,-0.0518623815458467,0.1,1.4,-1.1183298792891777e-05,0.0519206831277237,-0.0592223712264768,0.5476595524619059,0.4829659318637275,0.227254509018036,0.0941251815574673,0.5260662912034495,0.8409090909090925,train,3
copper,5.0,8.0,CV,8,0.1531153432776432,0.936695839921586,4.132370731627214,-2.9441539149874343,0.1,1.4,4.775870698018536e-05,0.2773519926249209,-0.287611414654697,4.132370731627214,-0.038877755511022,0.0981963927855711,0.3158172733442862,4.120235053072599,0.9444444444444456,train,4
copper,2.0,6.0,CV,6,0.0742787629471536,0.4452523416865628,1.9509628569747623,-1.3812900155003738,0.1,1.4,0.0001034911569589,0.171844630993451,-0.1302541362759077,1.9509628569747623,-0.0613226452905811,0.101002004008016,0.1529630686378344,1.9422683086156745,0.8947368421052625,train,4
dopamine,2.0,6.5,CV,6,0.0908183186889108,0.3831627739026033,1.73307033559167,-0.9635425995708702,0.1,1.4,9.420888209427382e-05,0.1560011344815391,-0.1185459946769778,1.73307033559167,0.2332665330661323,0.1094188376753506,0.1502440080026665,1.7224858012805555,0.9499999999999972,train,0
dopamine,1.0,6.5,CV,8,0.0497843552148018,0.2055812855001222,0.9464154927456934,-0.4995531147945327,0.1,1.4,1.3195330268042274e-05,0.0630675801836465,-0.0720361754293096,0.9464154927456934,0.2276553106212424,0.1094188376753507,0.080586193675435,0.9392359497946992,0.9499999999999992,train,0
uric_acid,0.5,6.5,CV,9,0.0424241794308605,0.0924627443868307,0.4050285256664007,-0.0353502299971106,0.1,1.4,-1.566259590103354e-05,0.0293847104502646,-0.0268786919686895,0.4050285256664007,0.3735470941883767,0.151503006012024,0.047416153112049,0.3973966672494062,0.8620689655172404,train,1
dopamine,0.2,7.0,CV,3,0.013401128210169,0.0443723122133097,0.2069613945524344,-0.1084160253336713,0.1,1.4,-4.09726643979236e-05,0.0115696297181662,-0.0229321892387027,0.2069613945524344,0.2024048096192384,0.1094188376753506,0.01746227295677,0.2027586104426088,0.9500000000000012,train,0
dopamine,0.1,6.5,CV,1,0.0079469039194456,0.0219825512097599,0.103901529122301,-0.0522081356982996,0.1,1.4,4.075037660077543e-06,0.007345918922735,-0.0069078962852681,0.103901529122301,0.2360721442885771,0.1150300601202404,0.0089284122098334,0.1003660025428364,0.7826086956521736,train,0
ascorbic_acid,1.0,7.0,CV,4,0.1193843452066289,0.2324668709913132,0.9166484341354716,-0.0940128916852355,0.1,1.4,-7.574804830924687e-05,0.0759315484869287,-0.0906622466673384,0.9166484341354716,0.0537074148296593,0.1851703406813626,0.1332955715355006,0.8961565467021259,0.8333333333333337,train,2
ascorbic_acid,0.2,6.0,CV,3,0.0275638755797303,0.0478894074763971,0.2011500472887953,-0.0197358768919961,0.1,1.4,-5.434975248610674e-05,0.0189286381502157,-0.0299462395278606,0.2011500472887953,0.0929859719438878,0.1739478957915832,0.0263876272326078,0.1938349148928928,0.7714285714285721,train,2
aluminum,0.5,6.5,CV,3,0.0304452766834793,0.0920239343068633,0.3608268414577691,-0.1895840030896177,0.1,1.4,-0.0001336158546374,0.0302562329110734,-0.0556522772289575,0.3608268414577691,-0.3278557114228457,0.1739478957915831,0.0484333568535746,0.355159766044591,0.8235294117647058,train,5
glucose,5.0,7.5,CV,6,0.3460269730594259,0.5690310064736784,2.213196219384384,-0.2057639367400216,0.1,1.4,0.0001726093101783,0.2898192908049988,-0.1933814437311429,2.213196219384384,0.4829659318637275,0.2160320641282563,0.3506175752060654,2.1366899458656605,0.9249999999999988,train,3
uric_acid,10.0,6.0,CV,2,0.45065221950635,1.064351027161368,4.6426540662780695,-0.4699642442166263,0.1,1.4,-5.302618399406822e-05,0.3404573134955804,-0.3572384569976722,4.6426540662780695,0.3931863727454909,0.1543086172344688,0.5527581594060387,4.593676958729152,0.6666666666666659,train,1
uric_acid,0.2,7.0,CV,7,0.0189055513642104,0.0383502753569199,0.1725619509067022,-0.0133518605126006,0.1,1.4,-3.7122530952384857e-06,0.0113076338265069,-0.0106386360267864,0.1725619509067022,0.3595190380761522,0.1402805611222445,0.0188195186006862,0.1683616996426604,0.9230769230769234,train,1
uric_acid,0.2,6.5,CV,6,0.01905401447612,0.0377112782237029,0.1674833159509731,-0.0141890284155174,0.1,1.4,1.3284560451435617e-05,0.017875058022393,-0.0144338513318905,0.1674833159509731,0.3847695390781563,0.1402805611222445,0.0184193148472052,0.1624211800760553,0.9230769230769234,train,1
uric_acid,10.0,6.5,CV,3,0.4630184245829732,1.0717488974837193,4.702630636354759,-0.5103080188588315,0.1,1.4,-0.0011850772743259,0.3422618063724383,-0.6228241251512425,4.702630636354759,0.3707414829659319,0.1486973947895792,0.5427983846193242,4.645088337504154,0.7666666666666679,train,1
uric_acid,0.2,6.5,CV,0,0.018880349823237,0.0378842945460321,0.1713748979476505,-0.014123907705643,0.1,1.4,1.498367121719177e-06,0.0110780124520222,-0.012424504250253,0.1713748979476505,0.3847695390781563,0.151503006012024,0.0195689518124237,0.1668692824266811,0.928571428571426,train,1
aluminum,1.0,6.5,CV,6,0.0555943097556791,0.1774482979627712,0.696409557612624,-0.3591334203547123,0.1,1.4,-5.4044260556838364e-06,0.0898115933874449,-0.0864723302393679,0.696409557612624,-0.3110220440881763,0.1711422845691382,0.0908124934085819,0.6859653437280404,0.8484848484848483,train,5
glucose,0.5,6.0,CV,5,0.0491231974871607,0.0759344924697429,0.2825489901824688,-0.0247176571767868,0.1,1.4,-4.43081979221431e-06,0.0260663169660032,-0.0307865496559357,0.2825489901824688,0.5054108216432865,0.2496993987975952,0.0517161140606912,0.2696991471122672,0.745098039215686,train,3
dopamine,2.0,6.0,CV,9,0.0904552599720474,0.3799826766835125,1.7151014049841606,-0.9065058927865418,0.1,1.4,-6.302865732443103e-05,0.1327016058604455,-0.1369793450051337,1.7151014049841606,0.2585170340681363,0.1094188376753507,0.149297653246931,1.7042311702387822,0.9499999999999992,train,0
uric_acid,0.1,7.0,CV,2,0.0111388298481393,0.0192244213627602,0.0890126937139205,-0.0055076401053611,0.1,1.4,1.7540542237715351e-06,0.0073071224924779,-0.0067353453388756,0.0890126937139205,0.3539078156312625,0.1402805611222445,0.0094178454213245,0.0848930701468496,0.9230769230769234,train,1
glucose,2.0,6.5,CV,1,0.165046487828034,0.2738890863543735,0.987704471132956,-0.1165855357714462,0.1,1.4,2.1873280687049164e-05,0.0949654398225637,-0.0785972667061093,0.987704471132956,0.4857715430861723,0.2440881763527054,0.1839436530302723,0.9554004050921124,0.7058823529411755,train,3
aluminum,0.5,6.0,CV,1,0.0292718666163438,0.0919360620879602,0.3569163118432744,-0.1870948475556886,0.1,1.4,-2.635048368737533e-05,0.0256668597624798,-0.0512925763179999,0.3569163118432744,-0.3362725450901803,0.1683366733466934,0.0470055835225314,0.3518499045520134,0.7647058823529412,train,5
uric_acid,0.1,6.0,CV,7,0.0108677128307485,0.0189029058416529,0.0863253773252749,-0.005089625542995,0.1,1.4,-4.828343854137866e-07,0.0057969656097603,-0.0055839762169144,0.0863253773252749,0.4128256513026053,0.1543086172344688,0.0098631830528273,0.0825012697088976,0.8965517241379294,train,1
glucose,0.1,7.0,CV,6,0.0134294052348908,0.0156514341645742,0.0662523044861765,-0.0043686854865767,0.1,1.4,7.854258871434984e-06,0.0086063210591618,-0.0056009610792377,0.0662523044861765,0.4829659318637275,0.2328657314629257,0.0102398965291303,0.0600412843233968,0.7659574468085115,train,3
dopamine,1.0,7.0,CV,3,0.0519134600670873,0.2090027617390993,0.962315396316624,-0.5211855895096241,0.1,1.4,-0.0002007529647055,0.054124568618966,-0.1067102920804285,0.962315396316624,0.2024048096192384,0.1122244488977955,0.0835459505549222,0.9545559002638536,0.904761904761905,train,0
dopamine,1.0,6.0,CV,6,0.0495571646699978,0.2031563041091262,0.9421010698274858,-0.4995084709392473,0.1,1.4,5.133907076241688e-05,0.0828285861351015,-0.0747475799153709,0.9421010698274858,0.2529058116232465,0.1094188376753507,0.0797632840284865,0.935181642458622,0.8571428571428585,train,0
dopamine,0.1,7.5,CV,3,0.0083094711241026,0.0226681943778791,0.1078396782597531,-0.0529869878473689,0.1,1.4,-1.984566980968517e-05,0.0080599823565465,-0.0118546063205204,0.1078396782597531,0.1771543086172344,0.1122244488977955,0.0091016751163814,0.1041684915201708,0.999999999999998,train,0
uric_acid,10.0,7.5,CV,6,0.4643672083293227,1.0871988349707786,4.740213630956796,-0.4551299079623277,0.1,1.4,0.0002985901494777,0.5048503060572054,-0.3568384030852519,4.740213630956796,0.3342685370741483,0.1458917835671341,0.5415633420252588,4.683606193057346,0.8571428571428561,train,1
uric_acid,1.0,6.0,CV,8,0.0774604062550432,0.1775375136524221,0.7838992051818827,-0.0676468574275816,0.1,1.4,1.2979541988119689e-05,0.0500858236938245,-0.0541809216364293,0.7838992051818827,0.4072144288577154,0.1458917835671344,0.0894537722672196,0.7733811797790271,0.9999999999999984,train,1
glucose,1.0,7.0,CV,1,0.0911680273550307,0.1477704933177471,0.5412863769110032,-0.0580883628896993,0.1,1.4,1.3147585162620248e-05,0.0515121400118085,-0.0426281067668737,0.5412863769110032,0.4689378757515029,0.2328657314629258,0.096339154770163,0.5217847238798046,0.566037735849055,train,3
dopamine,0.1,6.0,CV,9,0.008032529156461,0.0217906828546321,0.1014679407702892,-0.0495028455501672,0.1,1.4,-1.0889881585469594e-06,0.0077471992952094,-0.0080012625064002,0.1014679407702892,0.2585170340681363,0.1094188376753507,0.008574536362628,0.0979619435982868,0.9499999999999992,train,0
dopamine,0.2,6.0,CV,2,0.012849012990745,0.0433114721057827,0.2020840334556856,-0.1081726120466374,0.1,1.4,7.806009667639842e-07,0.012358041140931,-0.0144791873981072,0.2020840334556856,0.2529058116232465,0.1066132264529058,0.0167646025444681,0.1983789347668196,0.8095238095238101,train,0
uric_acid,0.1,6.0,CV,2,0.0109917737273237,0.0188693953257506,0.0860183586990209,-0.0062601941686196,0.1,1.4,1.7712085265305604e-06,0.0062589783627927,-0.0066255861138161,0.0860183586990209,0.3931863727454909,0.1543086172344688,0.0098321931439609,0.0818488962181648,0.6666666666666659,train,1
copper,0.5,6.0,CV,9,0.0223918933895217,0.1225699428001233,0.5344135158095937,-0.3939111077410349,0.1,1.4,-1.7736651111634248e-05,0.052130593508464,-0.0331913325318929,0.5344135158095937,-0.0613226452905811,0.0981963927855711,0.0413837198716885,0.5308758307694837,0.8421052631578941,train,4
ascorbic_acid,10.0,7.5,CV,4,0.7082698236234624,1.4073585518618863,5.698697504203867,-0.5845881489117255,0.1,1.4,-0.0004718364508306,0.475316818873661,-0.5477499551179367,5.698697504203867,0.0200400801603206,0.1907815631262525,0.8251779519126994,5.597204866366058,0.6190476190476192,train,2
copper,1.0,7.5,CV,3,0.0427117379282248,0.2415099727432418,1.057341820899679,-0.7682796606983785,0.1,1.4,-0.0002219788584417,0.0693252816391338,-0.1178397310970826,1.057341820899679,-0.038877755511022,0.101002004008016,0.0824099317024402,1.0501687107793407,0.7999999999999988,train,4
ascorbic_acid,0.5,6.0,CV,6,0.0621826875289762,0.1176850981041129,0.4769986185686187,-0.0506104450638782,0.1,1.4,3.661532648945615e-05,0.0576972907973718,-0.0371949445081831,0.4769986185686187,0.0901803607214428,0.1879759519038075,0.0676539063723278,0.4653037406038315,0.7631578947368413,train,2
uric_acid,0.1,7.0,CV,8,0.0111223207642727,0.0191839904834737,0.0871204401003655,-0.0051595003809261,0.1,1.4,3.951423970194592e-06,0.006222962464497,-0.0068203080182261,0.0871204401003655,0.339879759519038,0.1458917835671341,0.009632855266209,0.0830149547853007,0.6249999999999997,train,1
dopamine,10.0,7.5,CV,9,0.2955501134694798,1.2711897780263417,5.87436498946982,-3.203660474548944,0.1,1.4,-0.0002171953421054,0.3736612680624025,-0.4063718240749481,5.87436498946982,0.1687374749498997,0.1122244488977955,0.5088549473979458,5.84403992104805,0.818181818181817,train,0
aluminum,2.0,6.0,CV,1,0.0998097192808809,0.3297631436932576,1.2761376009414396,-0.6781830658527341,0.1,1.4,-0.0001018206466268,0.0918110728586538,-0.1837647155574972,1.2761376009414396,-0.3362725450901803,0.1683366733466934,0.1687577769285653,1.2628540799530403,0.7647058823529412,train,5
uric_acid,0.2,6.0,CV,2,0.0188597145638542,0.0375681493138366,0.1675614868158404,-0.0145582220145621,0.1,1.4,7.906115948513766e-07,0.012239482140431,-0.0128997880344036,0.1675614868158404,0.3931863727454909,0.1543086172344688,0.0195375349130076,0.1625215803502498,0.6666666666666659,train,1
aluminum,1.0,8.0,CV,3,0.057073111036972,0.1793736242860332,0.7239267416123778,-0.3665605772987081,0.1,1.4,-0.0002390032381066,0.0588483936633368,-0.1083206877625638,0.7239267416123778,-0.294188376753507,0.1599198396793587,0.089436775325602,0.7143710142076587,0.8999999999999997,train,5
glucose,1.0,8.0,CV,2,0.0930845107210733,0.148674585675487,0.5456747530396356,-0.0570013993975981,0.1,1.4,-5.836443900519038e-06,0.0471263980077823,-0.0553020054732183,0.5456747530396356,0.4549098196392785,0.2440881763527054,0.0992957108666532,0.5229392037657176,0.8124999999999993,train,3
uric_acid,2.0,7.5,CV,3,0.1483681787883858,0.3382144824738891,1.553642011095731,-0.1407319606457008,0.1,1.4,-0.0003731050257954,0.0994855175749016,-0.1970801854350615,1.553642011095731,0.3230460921843687,0.1458917835671342,0.1693364581110575,1.5313525481799124,0.7931034482758614,train,1
glucose,1.0,6.5,CV,0,0.0906106694407244,0.1465969893582962,0.5375435637152857,-0.0593780957718988,0.1,1.4,-2.6556770242483902e-06,0.044960250769319,-0.0518990023154498,0.5375435637152857,0.5110220440881764,0.2328657314629257,0.0953469500921038,0.5172304113874673,0.9302325581395338,train,3
dopamine,5.0,6.5,CV,1,0.1812259993446384,0.7939110798387912,3.6346747655801934,-1.9804588962593843,0.1,1.4,4.7229441185236366e-05,0.2592896292593329,-0.2467035090088899,3.6346747655801934,0.2360721442885771,0.1150300601202404,0.3224169101974103,3.617536019279495,0.7826086956521736,train,0
glucose,10.0,7.5,CV,0,0.5316690117218305,0.8894700315579901,3.2182866690402654,-0.377973132561789,0.1,1.4,-3.01202507451272e-05,0.2711183130639112,-0.3128820787423061,3.2182866690402654,0.4633266533066132,0.2356713426853707,0.5834094588992531,3.119371486138968,0.6800000000000007,train,3
ascorbic_acid,0.1,7.0,CV,4,0.0154688178133559,0.0249733452702942,0.1010403019808826,-0.0075794405990246,0.1,1.4,-5.853233389404758e-06,0.0083595241685552,-0.0100033316841528,0.1010403019808826,0.0537074148296593,0.1851703406813626,0.0142895789284136,0.0961578409256922,0.8333333333333337,train,2
ascorbic_acid,0.1,8.0,CV,7,0.0155003540398387,0.0252245295804711,0.0996290019251453,-0.0077923804984004,0.1,1.4,-1.7842342286917278e-06,0.0075036822575994,-0.0075336800047558,0.0996290019251453,0.0256513026052104,0.1823647294589179,0.0142129868058294,0.0950319905607062,0.7105263157894741,train,2
ascorbic_acid,2.0,6.5,CV,3,0.2203016475828899,0.4231997213578638,1.7163372697308876,-0.1874719020472024,0.1,1.4,-0.0004956546436576,0.1636758757508746,-0.261337008514636,1.7163372697308876,0.0789579158316633,0.1963927855711423,0.2520941559125815,1.673670211976342,0.9444444444444446,train,2
ascorbic_acid,2.0,8.0,CV,9,0.2249370472641672,0.4361356992179528,1.7271048900840265,-0.1764807375377913,0.1,1.4,-8.880489134213131e-05,0.1709796870238343,-0.1333492511840409,1.7271048900840265,0.0228456913827654,0.176753507014028,0.2419945476277559,1.686272126617638,0.9687500000000008,train,2
aluminum,0.1,7.0,CV,1,0.0076477837808358,0.0191656477973545,0.0753454786975905,-0.0389287696504548,0.1,1.4,-1.2111477026792403e-06,0.0053344823342325,-0.0094406505850644,0.0753454786975905,-0.3082164328657314,0.1683366733466934,0.0097092039364841,0.07270752085531,0.8750000000000003,train,5
uric_acid,2.0,7.5,CV,9,0.1469582325142024,0.3386963763609985,1.4989933481000686,-0.1457455527572125,0.1,1.4,-6.425858427812287e-05,0.1065994918392983,-0.0976161852438924,1.4989933481000686,0.3258517034068136,0.1486973947895792,0.1713520489483883,1.4781778401204186,0.8928571428571412,train,1
glucose,0.2,7.5,CV,7,0.0225792346201442,0.0314058170141576,0.1219247035272039,-0.010656289502043,0.1,1.4,-3.178827918911208e-06,0.0103837177987451,-0.0086337616250734,0.1219247035272039,0.4521042084168337,0.230060120240481,0.0202682885088285,0.1140959116329091,0.5769230769230774,train,3
glucose,0.5,7.0,CV,3,0.050252641417057,0.0767820968792953,0.2831448227801345,-0.0280168704929456,0.1,1.4,-9.142951362430484e-05,0.0266881592850022,-0.0493883862505877,0.2831448227801345,0.4829659318637275,0.2356713426853708,0.0504859034298674,0.2698085080092482,0.866666666666667,train,3
copper,10.0,6.0,CV,7,0.2258598748159767,1.4240837685846717,6.194948955668822,-4.428013916587526,0.1,1.4,-0.0001970926586937,0.4299029922492139,-0.4742285040589851,6.194948955668822,-0.0613226452905811,0.101002004008016,0.4916604152165926,6.187576387969185,0.8947368421052625,train,4
dopamine,0.1,7.0,CV,5,0.0081497553951677,0.0222720191881655,0.1033425461396414,-0.0536886166123422,0.1,1.4,1.0672568813701497e-06,0.0062733460105658,-0.0079710024060398,0.1033425461396414,0.2024048096192384,0.1122244488977955,0.0088772026627,0.0998295231388564,0.904761904761905,train,0
aluminum,2.0,8.0,CV,2,0.1018781347700907,0.3356148574234706,1.359997910163926,-0.716704224912655,0.1,1.4,-8.086170364954065e-05,0.096201383206082,-0.163800468833714,1.359997910163926,-0.3054108216432865,0.1655310621242484,0.1698207886384246,1.345623124443811,0.9666666666666668,train,5
glucose,2.0,8.0,CV,4,0.1703711755984482,0.274555517126847,1.0155184036684293,-0.1216894294275699,0.1,1.4,-9.523239112838032e-05,0.0894396022194413,-0.1131472615110677,1.0155184036684293,0.4268537074148296,0.2328657314629257,0.177312778583666,0.9743711550908928,0.4821428571428568,train,3
dopamine,10.0,8.0,CV,9,0.2992045591875353,1.2873843925011652,5.901597392989764,-3.1545765531103025,0.1,1.4,-0.0002198853155304,0.3646435576206257,-0.4384931098766271,5.901597392989764,0.1462925851703407,0.1122244488977955,0.5140836662024313,5.871875135530538,0.999999999999998,train,0
dopamine,5.0,6.5,CV,6,0.1849103439562064,0.7937995186479901,3.5867597305754257,-1.99899858531238,0.1,1.4,0.0001919746867617,0.322873179083787,-0.2454399966702641,3.5867597305754257,0.2332665330661323,0.1094188376753506,0.3112231519831299,3.567961539867078,0.9499999999999972,train,0
copper,0.2,6.5,CV,9,0.0103917271707928,0.0504384344237868,0.2208797800471371,-0.1610270861846345,0.1,1.4,-5.699685732312731e-06,0.0218547436893141,-0.0130786649230211,0.2208797800471371,-0.0501002004008015,0.0981963927855711,0.0170450006745853,0.2183366768661787,0.8421052631578934,train,4
uric_acid,0.5,7.5,CV,1,0.0424231248377009,0.0937447392430113,0.4143531711306047,-0.0329045678845841,0.1,1.4,8.857024986695088e-06,0.0301454767860821,-0.0264816602543424,0.4143531711306047,0.3258517034068136,0.151503006012024,0.048384529794836,0.407619212999312,0.8620689655172404,train,1
copper,0.1,7.5,CV,3,0.0063637829946862,0.0258672433612853,0.1152451859496214,-0.0795718957621316,0.1,1.4,-2.169104795076405e-05,0.0075096518438129,-0.0128221991926548,0.1152451859496214,-0.038877755511022,0.101002004008016,0.0088545402517234,0.112841125034338,0.7999999999999988,train,4
uric_acid,0.5,7.0,CV,0,0.0421444363923543,0.0935904670113786,0.4111934562030881,-0.0415218486405353,0.1,1.4,-3.806509561301921e-07,0.0303733396923326,-0.0302802908372021,0.4111934562030881,0.3482965931863727,0.1515030060120239,0.048110860024423,0.4046525907549552,0.8620689655172417,train,1
dopamine,5.0,7.5,CV,1,0.1856542504393095,0.8154042914090005,3.8611051305013255,-2.0722365334896984,0.1,1.4,4.834353701434435e-05,0.2330696899896801,-0.2681039926527663,3.8611051305013255,0.1659318637274549,0.1094188376753506,0.3191720755197507,3.8431518683647705,0.6956521739130435,train,0
copper,1.0,8.0,CV,8,0.0411769225794352,0.2428269559202523,1.0729809362697649,-0.7610063817238073,0.1,1.4,1.4477800845995897e-05,0.0719741520388967,-0.0746212854082027,1.0729809362697649,-0.038877755511022,0.0981963927855711,0.0818828139385124,1.0683142662630436,0.9444444444444456,train,4
glucose,0.1,7.5,CV,0,0.0134146069357156,0.0157963684879175,0.0618359658796328,-0.0036355970033231,0.1,1.4,2.172802783726209e-06,0.0052077839238333,-0.006015420964693,0.0618359658796328,0.4633266533066132,0.2356713426853707,0.0104365810093281,0.055843248980662,0.6800000000000007,train,3
dopamine,2.0,6.0,CV,4,0.0898073946524014,0.3798032788063472,1.7361307369577494,-0.9506228333995508,0.1,1.4,-0.0001042312003525,0.1061783903194478,-0.1362966864907853,1.7361307369577494,0.2529058116232465,0.1094188376753507,0.1492765457131663,1.727255439646917,0.8571428571428585,train,0
dopamine,2.0,7.0,CV,5,0.0924969768574626,0.3881358079535886,1.7477710382569638,-0.9824705842294756,0.1,1.4,-2.659457454107181e-05,0.1078812975490519,-0.13715960646518,1.7477710382569638,0.2024048096192384,0.1122244488977955,0.1544132441246087,1.7354404666352294,0.904761904761905,train,0
ascorbic_acid,0.5,7.5,CV,3,0.0648164909884206,0.1203011322572749,0.4849087769801979,-0.0521624563531354,0.1,1.4,-0.0001396623767685,0.0449026549960251,-0.0746784737083484,0.4849087769801979,0.0284569138276553,0.1851703406813627,0.0688127534286137,0.4708213907294772,0.7837837837837843,train,2
glucose,2.0,6.5,CV,2,0.1662525919742858,0.2720121803747169,1.0109818110170758,-0.1079990634939241,0.1,1.4,-1.2943410029578634e-05,0.0812926335535364,-0.1007748588913298,1.0109818110170758,0.4997995991983969,0.2384769539078156,0.1789189052418013,0.973949543523429,0.8478260869565225,train,3
copper,10.0,6.0,CV,8,0.2324141134418156,1.4304223253716768,6.336975621664365,-4.567956057876348,0.1,1.4,7.132111380916628e-05,0.502670948497782,-0.3821181297735614,6.336975621664365,-0.0613226452905811,0.0925851703406814,0.4632282970959116,6.3187244212251095,0.8333333333333318,train,4
aluminum,0.5,7.0,CV,9,0.0301093596065478,0.0936621399521848,0.3746021162312595,-0.1876806486228959,0.1,1.4,-4.191937504725208e-05,0.030242207132737,-0.0430715633412082,0.3746021162312595,-0.3222444889779559,0.1655310621242485,0.0472020502986168,0.3690400512482787,0.787878787878788,train,5
aluminum,1.0,6.0,CV,1,0.0545261595456225,0.1770829865253037,0.6860202301623705,-0.3629165553410504,0.1,1.4,-5.3370665480533546e-05,0.0493481212413569,-0.0987208730827581,0.6860202301623705,-0.3362725450901803,0.1683366733466934,0.0905959575037463,0.6780123834533818,0.7647058823529412,train,5
aluminum,2.0,6.0,CV,4,0.1017279944423275,0.329462427645897,1.2845490556543515,-0.6992246176004475,0.1,1.4,-0.0002332535535002,0.1067780036627667,-0.1849774281078329,1.2845490556543515,-0.3362725450901803,0.1683366733466934,0.1697908256868002,1.2698686477048018,0.7142857142857145,train,5
dopamine,0.5,7.0,CV,6,0.027782301673755,0.1080048688149888,0.5022824639999385,-0.2666431611492564,0.1,1.4,2.8726888605760205e-05,0.0442328717927136,-0.0321293610518362,0.5022824639999385,0.1995991983967936,0.1094188376753506,0.0425804425108637,0.4973174243827056,0.9500000000000012,train,0
aluminum,1.0,7.5,CV,5,0.056186000732057,0.1780943400128301,0.711754301143093,-0.3692538348084765,0.1,1.4,-5.502341284562047e-05,0.0543189456340947,-0.1035731841803033,0.711754301143093,-0.3054108216432865,0.1711422845691382,0.0919819800995329,0.7018566969931692,0.9677419354838716,train,5
glucose,2.0,6.0,CV,0,0.1639417072539552,0.2716608570450302,1.0012079777884548,-0.1129041098097314,0.1,1.4,-7.263922624844585e-06,0.0828974761985976,-0.095689937302628,1.0012079777884548,0.5306613226452906,0.2525050100200401,0.1867906533812676,0.968938528851814,0.9148936170212753,train,3
aluminum,1.0,7.5,CV,9,0.0562736827536217,0.1812583192675644,0.7185517114780339,-0.3704196076642408,0.1,1.4,-7.575737402019512e-05,0.0583675287256592,-0.0753955648910092,0.7185517114780339,-0.3222444889779559,0.1711422845691382,0.0936006107911297,0.7100149198326203,0.6944444444444448,train,5
dopamine,10.0,6.0,CV,4,0.282714288703853,1.224030615856379,5.5875693475244015,-3.0691344967138985,0.1,1.4,-0.0003416824412569,0.3418731430728552,-0.4389777900810829,5.5875693475244015,0.2529058116232465,0.1094188376753507,0.4811255677691821,5.566537399614544,0.8571428571428585,train,0
dopamine,1.0,8.0,CV,7,0.0505148606385503,0.2139489231165421,0.9748021009879776,-0.5355415563035517,0.1,1.4,-2.864586619478077e-05,0.0900579076989535,-0.0681527832069233,0.9748021009879776,0.1490981963927855,0.1094188376753506,0.0840714845720419,0.970791020044166,0.9500000000000012,train,0
copper,2.0,7.5,CV,7,0.0725230967270852,0.4488402477445388,1.974798132709901,-1.3955641109548045,0.1,1.4,-6.024948487332696e-05,0.129963907414377,-0.1448407670568273,1.974798132709901,-0.0416833667334669,0.0981963927855711,0.1519320609734618,1.971338908120854,0.9444444444444456,train,4
copper,0.1,8.0,CV,8,0.0061961661112452,0.0260072470631776,0.1169216252205621,-0.0787727775789239,0.1,1.4,4.077517679061588e-06,0.0077935768557642,-0.0080618700186732,0.1169216252205621,-0.038877755511022,0.0981963927855711,0.0087866371633462,0.1146739704417914,0.9444444444444456,train,4
glucose,0.2,6.5,CV,7,0.0222980542632309,0.0310428939215453,0.1162602479102011,-0.0105427474452567,0.1,1.4,-3.115412354007611e-06,0.0102685831246484,-0.0085423733230351,0.1162602479102011,0.4829659318637275,0.2440881763527054,0.0208293135690723,0.1086912000002401,0.6730769230769229,train,3
dopamine,0.2,6.5,CV,2,0.0129768282788018,0.0437796539881227,0.2044516536120114,-0.1037332317080715,0.1,1.4,7.547733253311876e-07,0.0125642720323356,-0.0169872285822531,0.2044516536120114,0.2164328657314629,0.1066132264529058,0.0169595181838938,0.2006647537746839,0.583333333333333,train,0
copper,1.0,7.5,CV,2,0.041150490887883,0.240872437148597,1.062720241684166,-0.755622099885956,0.1,1.4,-7.856346606565027e-06,0.0709622944452721,-0.0687908188955206,1.062720241684166,-0.0444889779559117,0.0953907815631261,0.0797709749031822,1.0590731539062246,0.8888888888888892,train,4
copper,0.2,6.5,CV,0,0.010100096074826,0.0506304253816996,0.2262454704743986,-0.1615333478287735,0.1,1.4,1.3512537103598866e-06,0.0141389211970685,-0.0196030742278152,0.2262454704743986,-0.0529058116232464,0.0953907815631263,0.0167399206994257,0.2240081418931263,1.0,train,4
ascorbic_acid,10.0,8.0,CV,2,0.7128497595454398,1.4095312170833358,5.80424258695172,-0.5584430192281329,0.1,1.4,-7.557574869433692e-05,0.3952109202231963,-0.501516373428501,5.80424258695172,0.0172344689378757,0.176753507014028,0.7829253804446105,5.6926628109790265,0.9687499999999982,train,2
uric_acid,10.0,8.0,CV,4,0.468872885074077,1.1002897829234786,4.859436698031223,-0.5401029598505531,0.1,1.4,-0.0003511768982346,0.3229281141654536,-0.4085083160160201,4.859436698031223,0.3006012024048096,0.1458917835671342,0.5522794200416389,4.807694207285297,0.7931034482758614,train,1
uric_acid,2.0,7.5,CV,7,0.1436188234670307,0.3402576396936669,1.5151094518126336,-0.1350478304801843,0.1,1.4,-5.387784093396214e-05,0.0985824308958544,-0.0885899103721062,1.5151094518126336,0.3230460921843687,0.1543086172344688,0.1769049490281237,1.5030903573914631,0.8333333333333331,train,1
uric_acid,10.0,7.5,CV,1,0.4586063715403328,1.0850465688730633,4.756145619074088,-0.3967833417681446,0.1,1.4,7.22666581489356e-05,0.3459206253659461,-0.3045598965805922,4.756145619074088,0.3258517034068136,0.151503006012024,0.559940390599647,4.714852898949938,0.8620689655172404,train,1
copper,2.0,6.0,CV,5,0.0749534000110754,0.4471316582269952,1.9427015185274945,-1.4538639853189428,0.1,1.4,-2.917696344783657e-05,0.1410019604777516,-0.1464906958358116,1.9427015185274945,-0.0529058116232464,0.101002004008016,0.151885162637278,1.933035364199151,0.8947368421052635,train,4
glucose,10.0,7.0,CV,4,0.5324966617416338,0.8750525297810205,3.240412845672188,-0.3957172086489806,0.1,1.4,-0.0003084215658515,0.2859668710103129,-0.3591684798103151,3.240412845672188,0.4997995991983969,0.2356713426853708,0.5678277998890792,3.1204763775769173,0.8666666666666655,train,3
ascorbic_acid,5.0,6.0,CV,9,0.4447593918543008,0.8706173933791571,3.4377829051799185,-0.3549247431681143,0.1,1.4,-0.0001793682007111,0.2895856049155257,-0.2651940396418026,3.4377829051799185,0.0985971943887775,0.1907815631262526,0.5071954088063618,3.3609510075275995,1.0,train,2
glucose,5.0,6.0,CV,3,0.3420476299593368,0.5649944314513111,2.0461850286934467,-0.2284153160702012,0.1,1.4,-0.0006792743265895,0.1937069800132621,-0.3576148891470565,2.0461850286934467,0.5138276553106212,0.2356713426853707,0.3695655074396636,1.978474549886868,0.9534883720930244,train,3
aluminum,1.0,7.0,CV,9,0.0561362698024893,0.1804009940836956,0.7199574921122566,-0.3640644419277163,0.1,1.4,-8.325467487084966e-05,0.0581318854591589,-0.0829232834814098,0.7199574921122566,-0.3222444889779559,0.1655310621242485,0.0909868245879427,0.711143260829992,0.787878787878788,train,5
aluminum,0.5,7.0,CV,5,0.0300639210561879,0.0920350942825675,0.3652285901158675,-0.1936407291309156,0.1,1.4,-3.1174628037773286e-05,0.0281498938388016,-0.0348868566663712,0.3652285901158675,-0.3054108216432865,0.1683366733466934,0.0469148928517372,0.3589942562054832,0.8749999999999998,train,5
aluminum,5.0,6.0,CV,4,0.2085799527193543,0.6824985655594568,2.659250865741416,-1.451220220169534,0.1,1.4,-0.0004860349980607,0.2210749446576565,-0.3830815716832971,2.659250865741416,-0.3362725450901803,0.1683366733466934,0.3516849311160012,2.6302864768476137,0.7142857142857145,train,5
dopamine,1.0,6.5,CV,5,0.050490656046734,0.2052362716324562,0.9327137232197376,-0.5043790687656399,0.1,1.4,-1.2809585342001905e-05,0.0543102166906003,-0.0730409457417391,0.9327137232197376,0.2304609218436873,0.1094188376753507,0.080525198518949,0.9249065714041268,0.9499999999999992,train,0
uric_acid,0.5,8.0,CV,6,0.0432823121270952,0.0947620378286531,0.430200431477805,-0.0384165095877969,0.1,1.4,2.8801956776006778e-05,0.044361002268356,-0.0306932305398919,0.430200431477805,0.292184368737475,0.151503006012024,0.0485184019390362,0.4220717132404614,0.6875000000000008,train,1
ascorbic_acid,0.5,6.0,CV,8,0.0619234580593024,0.1174244476126199,0.4814857069550212,-0.0412162046755349,0.1,1.4,9.951300963867094e-06,0.0355657573838226,-0.0377576606012338,0.4814857069550212,0.0845691382765531,0.1711422845691382,0.0636576735263774,0.4694320364250106,0.648648648648649,train,2
copper,1.0,6.5,CV,4,0.0410804138779334,0.2392178798508127,1.0371201516155013,-0.7568040431907125,0.1,1.4,-6.174222690048558e-05,0.0876993802553788,-0.074499468933955,1.0371201516155013,-0.0501002004008015,0.0953907815631263,0.0785224282977733,1.031540593699194,0.8888888888888872,train,4
dopamine,5.0,7.5,CV,0,0.1862173253838595,0.8114122415413605,3.673255043227871,-2.0623879089250243,0.1,1.4,-2.1384972206513696e-05,0.2709782377689624,-0.3083024579833961,3.673255043227871,0.1575150300601202,0.1122244488977955,0.3238532153967016,3.661472537384946,0.5384615384615383,train,0
uric_acid,0.2,7.5,CV,8,0.0192648495928327,0.0384653416901736,0.1721448635138715,-0.0125794189924603,0.1,1.4,5.0590356643913385e-06,0.0107000216102736,-0.0135322189377503,0.1721448635138715,0.3230460921843687,0.1430861723446892,0.0190007686470012,0.1672675910823051,0.8214285714285724,train,1
ascorbic_acid,1.0,8.0,CV,8,0.1211005958755793,0.2356866238628695,0.9335041631118556,-0.0844434732806135,0.1,1.4,1.708088820988224e-05,0.0687809032227575,-0.0754214099779251,0.9335041631118556,0.0256513026052104,0.1879759519038075,0.1366442981706049,0.9138271934775708,0.914285714285714,train,2
uric_acid,2.0,7.0,CV,5,0.1455113545008802,0.3345082721164995,1.4917799543888892,-0.1367939734040035,0.1,1.4,-2.61335080023187e-05,0.1380919926006087,-0.0899059130726695,1.4917799543888892,0.3454909819639279,0.1430861723446893,0.1649208256711388,1.471924353289202,0.7000000000000024,train,1
aluminum,2.0,6.0,CV,8,0.1009019993370723,0.330258776712794,1.2613549827924897,-0.6981190983952192,0.1,1.4,-0.0001039930101083,0.101056867383821,-0.1506596585259941,1.2613549827924897,-0.3306613226452906,0.1739478957915831,0.1725276617581512,1.2448312985813303,0.8787878787878786,train,5
ascorbic_acid,1.0,6.0,CV,7,0.1151727783352762,0.2256374400579568,0.8994788965080254,-0.0816488025790239,0.1,1.4,-3.7217123982133614e-05,0.0655426640667379,-0.0667295592400609,0.8994788965080254,0.087374749498998,0.1935871743486974,0.1324212251438726,0.8820387661637445,0.7250000000000003,train,2
aluminum,2.0,7.5,CV,6,0.1022706168878161,0.3335520891943137,1.326277280394118,-0.7057261240497008,0.1,1.4,1.85280035425891e-05,0.1665537960047177,-0.1586103645779266,1.326277280394118,-0.3110220440881763,0.1711422845691382,0.1708994784540234,1.3082456982648352,0.9062499999999996,train,5
uric_acid,0.2,7.0,CV,5,0.0192711279241159,0.038052231207398,0.1730804005416533,-0.0141213271300309,0.1,1.4,-5.519874130872817e-07,0.0159496140406454,-0.0103617669250355,0.1730804005416533,0.3454909819639279,0.1430861723446893,0.0187754536341083,0.1678026798595361,0.7000000000000024,train,1
aluminum,2.0,7.0,CV,6,0.1020179285539441,0.3319693679903811,1.3141491777577798,-0.6882009833503839,0.1,1.4,3.914870147105371e-06,0.1667978901953419,-0.1085090559536887,1.3141491777577798,-0.3110220440881763,0.1711422845691383,0.1700982362593983,1.2961857465698583,0.9677419354838712,train,5
aluminum,10.0,6.0,CV,3,0.3300524323143706,1.0584979279397269,4.132796163594439,-2.216895416026305,0.1,1.4,-0.0016220889947677,0.3466944309175876,-0.6380683710096697,4.132796163594439,-0.3278557114228457,0.176753507014028,0.5621402587403642,4.086070493518124,0.8529411764705881,train,5
aluminum,2.0,6.5,CV,5,0.1024191666648578,0.3285745726480775,1.2805725147228613,-0.7071104629379475,0.1,1.4,-0.0001349551743733,0.1002215968857823,-0.1249573764283093,1.2805725147228613,-0.3054108216432865,0.1739478957915831,0.1713629096074956,1.2643232695889697,0.7222222222222215,train,5
ascorbic_acid,0.5,7.0,CV,6,0.0633862641614373,0.1203346392058544,0.4723534978658167,-0.0516778168314361,0.1,1.4,3.730217883174458e-05,0.0588696480965665,-0.0379442987296215,0.4723534978658167,0.0649298597194388,0.1851703406813627,0.0686490866425272,0.4608701807655239,0.885714285714286,train,2
dopamine,1.0,6.5,CV,4,0.050223354192621,0.2069994282156003,0.962235971356678,-0.5538638591031536,0.1,1.4,-5.55039223793539e-05,0.0615710229380024,-0.0689091285013173,0.962235971356678,0.2192384769539078,0.1066132264529058,0.0801243793998917,0.9562483122563358,0.6521739130434792,train,0
uric_acid,2.0,8.0,CV,7,0.1448773026623926,0.3433971127336799,1.5064336915565322,-0.1316545419845191,0.1,1.4,-5.438363270400863e-05,0.1002499540669011,-0.0911673213835371,1.5064336915565322,0.3034068136272545,0.1486973947895791,0.17456353484442,1.4936168633136118,0.9629629629629638,train,1
aluminum,0.1,6.0,CV,7,0.0075797103594131,0.0189555831886812,0.0757259132425058,-0.0379611375041498,0.1,1.4,-7.809725618539175e-06,0.0057986735456176,-0.0085060300282938,0.0757259132425058,-0.3110220440881763,0.1627254509018036,0.0094307092328854,0.0734532101821289,0.6571428571428576,train,5
uric_acid,1.0,7.5,CV,5,0.0802249852754226,0.1808405405910864,0.7831552931369248,-0.0736654603817661,0.1,1.4,-1.2903428234111974e-05,0.0691614944317937,-0.046099510082281,0.7831552931369248,0.3090180360721443,0.1571142284569137,0.0948164702535397,0.7710454319988711,0.5555555555555555,train,1
aluminum,10.0,8.0,CV,8,0.3229106724993439,1.0792541466891628,4.300746119454304,-2.44174932901107,0.1,1.4,-0.0001440724399406,0.3260149712448109,-0.3720709552579206,4.300746119454304,-0.2997995991983967,0.1599198396793587,0.5330221539070826,4.254102521475257,0.9655172413793112,train,5
uric_acid,2.0,8.0,CV,8,0.1467524161973039,0.3405294863816255,1.5803899316857677,-0.1331936983558602,0.1,1.4,2.240733059609347e-05,0.0864396042660411,-0.1205843966569152,1.5803899316857677,0.3034068136272545,0.1458917835671341,0.1698007736884105,1.5622760999331236,0.925925925925926,train,1
dopamine,0.1,8.0,CV,0,0.0081495342450503,0.0227919394845532,0.108636528168845,-0.0538194603093037,0.1,1.4,2.106244045444565e-06,0.0084226742316138,-0.0077277266153828,0.108636528168845,0.1575150300601202,0.1066132264529058,0.0088263301495884,0.1052144798477232,0.583333333333333,train,0
ascorbic_acid,1.0,7.0,CV,8,0.1187929328918983,0.2309985858344217,0.9347359288681234,-0.0827554158571986,0.1,1.4,1.6802472492173594e-05,0.0723453140930515,-0.0739506123159792,0.9347359288681234,0.0452905811623246,0.1879759519038076,0.1329444401189813,0.9152396084222854,0.7631578947368424,train,2
aluminum,0.5,7.0,CV,1,0.0293810845305656,0.0928474541614739,0.3588625568486981,-0.1993799502778097,0.1,1.4,-1.6762807667669988e-05,0.0254906870052889,-0.0455519623404485,0.3588625568486981,-0.3082164328657314,0.1683366733466934,0.0473644949591569,0.3537581769450041,0.8750000000000003,train,5
copper,2.0,7.0,CV,6,0.0750074225409955,0.4497970299628598,1.942733813706098,-1.43486649980541,0.1,1.4,0.0001045622696341,0.1736728649318322,-0.1362839370995772,1.942733813706098,-0.0529058116232464,0.0953907815631261,0.1491951103143875,1.9339219167331985,0.8888888888888892,train,4
ascorbic_acid,5.0,8.0,CV,9,0.4627260930749229,0.9033195240355296,3.574143730415938,-0.3695388842277998,0.1,1.4,-0.0001867780510657,0.3538994253516956,-0.2759815188540761,3.574143730415938,0.0228456913827654,0.176753507014028,0.5013927696922736,3.4935124460656737,0.9687500000000008,train,2
aluminum,0.5,6.0,CV,7,0.0290543272516492,0.0918970854278811,0.3605636034131741,-0.1943121680226922,0.1,1.4,-4.83783823889912e-05,0.0276625432386702,-0.0410846766592162,0.3605636034131741,-0.3110220440881763,0.1627254509018036,0.0459210133628603,0.3564460977292832,0.6571428571428576,train,5
aluminum,2.0,8.0,CV,4,0.1024313591876862,0.3349828104497576,1.295736663023615,-0.7017415920617682,0.1,1.4,-0.0001741318447986,0.1117351207657308,-0.1227701128576573,1.295736663023615,-0.3138276553106212,0.1599198396793587,0.1672273088545124,1.2811502196216578,0.7272727272727268,train,5
uric_acid,10.0,6.0,CV,7,0.4439560434432747,1.0661073461523265,4.65504249783899,-0.4335574282022301,0.1,1.4,-0.0001746879534055,0.3169023007592189,-0.3055970882665157,4.65504249783899,0.4128256513026053,0.1543086172344688,0.5546482557480475,4.626114875178737,0.8965517241379294,train,1
uric_acid,0.2,8.0,CV,4,0.0195064839484812,0.0388311006001709,0.1751184203884143,-0.0165115193604355,0.1,1.4,-9.95077634946651e-06,0.0116404031914779,-0.0147319137633419,0.1751184203884143,0.3006012024048096,0.1458917835671342,0.0195179316866597,0.1701109677967517,0.7931034482758614,train,1
aluminum,0.1,7.5,CV,5,0.0078057326572546,0.0190898904346358,0.0777609598396622,-0.0371103254591589,0.1,1.4,-3.423135742854154e-06,0.0059326276253481,-0.0111660691123313,0.0777609598396622,-0.3054108216432865,0.1683366733466933,0.0097010203050117,0.0750024669241345,0.935483870967742,train,5
ascorbic_acid,0.2,7.5,CV,7,0.0275691066968229,0.0494201372050447,0.1981227143065509,-0.016749514432863,0.1,1.4,-6.074282063982292e-06,0.0145969953871584,-0.0142232425363289,0.1981227143065509,0.0565130260521041,0.1963927855711422,0.0293649649794739,0.1919648869838665,0.7073170731707324,train,2
uric_acid,0.2,7.0,CV,1,0.0189944333173766,0.0380006815218659,0.1718026606516677,-0.0122393601939786,0.1,1.4,5.287877356988104e-06,0.0123713931513369,-0.0107093271029487,0.1718026606516677,0.3454909819639279,0.1486973947895791,0.0193842585210102,0.1671723025136719,0.7666666666666689,train,1
ascorbic_acid,0.2,7.5,CV,4,0.0279888613539424,0.0499516034747053,0.2051189143359904,-0.0179915479883162,0.1,1.4,-1.4275783280648046e-05,0.0170853136198137,-0.0197229902365158,0.2051189143359904,0.0200400801603206,0.1907815631262525,0.029221046051236,0.1984655566163414,0.6190476190476192,train,2
ascorbic_acid,0.5,8.0,CV,7,0.0636086583449263,0.1217885906181044,0.4707897224675993,-0.0435085080621904,0.1,1.4,-1.888846618614831e-05,0.0355768727211335,-0.0358012834894191,0.4707897224675993,0.0256513026052104,0.1823647294589179,0.0688000360459916,0.4598497118270505,0.7105263157894741,train,2
dopamine,10.0,6.5,CV,0,0.2810968403573452,1.2341461517639043,5.566154433972804,-3.090980131468455,0.1,1.4,-3.389280834893715e-05,0.4357753432837703,-0.4298413481586757,5.566154433972804,0.2276553106212424,0.1122244488977955,0.4919891294666247,5.550900129812517,0.904761904761905,train,0
copper,2.0,7.5,CV,4,0.0755037260418979,0.4496252121398094,1.9686907242259863,-1.4449404603354428,0.1,1.4,-0.0001184873972758,0.1748072642173763,-0.1402458975360944,1.9686907242259863,-0.0472945891783567,0.0981963927855711,0.1506551457847044,1.960240871531468,0.8421052631578941,train,4
uric_acid,0.5,6.5,CV,7,0.0415045695333159,0.0930186221041421,0.4110306451062748,-0.0353838104001524,0.1,1.4,-1.2803936123715972e-05,0.0287540440515753,-0.0271591403437307,0.4110306451062748,0.3735470941883767,0.151503006012024,0.0479398919860516,0.4057645840525156,0.8000000000000005,train,1
uric_acid,1.0,7.0,CV,0,0.0783932309840217,0.1804076468947721,0.7890955489110265,-0.0842185886999433,0.1,1.4,-3.308920952933822e-06,0.0583429923374681,-0.05810683913928,0.7890955489110265,0.3482965931863727,0.1515030060120239,0.0926532235908865,0.7792256529980257,0.8620689655172417,train,1
uric_acid,10.0,6.5,CV,0,0.4512964946530469,1.0736343750476924,4.749430993374382,-0.5234357266960151,0.1,1.4,-3.343215565154789e-05,0.3080570926300806,-0.3443599169090395,4.749430993374382,0.3847695390781563,0.151503006012024,0.552547258350887,4.706698287691368,0.928571428571426,train,1
dopamine,1.0,6.0,CV,3,0.0507113078094967,0.203539002191476,0.9178205929000928,-0.4829554182326049,0.1,1.4,-0.0001956632613232,0.0714114283286302,-0.1040415920431101,0.9178205929000928,0.2613226452905811,0.1122244488977955,0.0806815088526722,0.9098109647435668,0.8181818181818203,train,0
glucose,0.2,6.5,CV,3,0.0227941610415037,0.0312517991620934,0.1174326424028589,-0.0102835857129668,0.1,1.4,-3.646115288149085e-05,0.0111504552351713,-0.0205666543444286,0.1174326424028589,0.4829659318637275,0.2440881763527054,0.0210179663023474,0.109491511120539,0.6730769230769229,train,3
uric_acid,10.0,6.5,CV,4,0.4564774637599905,1.0673741914785748,4.758015920422353,-0.4531178572997436,0.1,1.4,-0.000341751231009,0.3143294337304221,-0.3976310557745469,4.758015920422353,0.3763527054108216,0.1458917835671344,0.5366059675247202,4.703715098113606,0.9259259259259262,train,1
uric_acid,0.2,8.0,CV,6,0.0194929019386065,0.0387065041997118,0.1779819172897973,-0.0147659853068665,0.1,1.4,1.3560088330501448e-05,0.0183453441380856,-0.0126665347009913,0.1779819172897973,0.292184368737475,0.151503006012024,0.0198626266048467,0.1729131013648255,0.6875000000000008,train,1
aluminum,0.5,6.5,CV,6,0.0298275020092283,0.0921237895051821,0.3623895277912934,-0.1851302112187248,0.1,1.4,-1.403670531993126e-06,0.0467191853657617,-0.0449190220226261,0.3623895277912934,-0.3110220440881763,0.1711422845691382,0.0471318576495769,0.3561308359948725,0.8484848484848483,train,5
ascorbic_acid,1.0,7.5,CV,0,0.1193511711623029,0.2326396873103709,0.9682233857097378,-0.116723232442016,0.1,1.4,-5.538169689407957e-06,0.0693862978121896,-0.0737193218225768,0.9682233857097378,0.0144288577154308,0.1795591182364728,0.1304672953118039,0.9474928522141748,0.5609756097560976,train,2
aluminum,5.0,6.5,CV,7,0.2033614158565978,0.6857794751559917,2.720068630824163,-1.4332300258502328,0.1,1.4,-0.0003400013321931,0.2056013174283454,-0.3801761141512052,2.720068630824163,-0.3110220440881763,0.1599198396793587,0.339061952394839,2.700676806410696,0.7812500000000006,train,5
aluminum,0.5,7.5,CV,7,0.0292292226314755,0.0930685128939632,0.3762800902182474,-0.1827539950083979,0.1,1.4,-3.506949102192737e-05,0.0280060848139965,-0.0375690822487956,0.3762800902182474,-0.3110220440881763,0.1683366733466934,0.0475588006696921,0.3720575533699742,0.9999999999999992,train,5
ascorbic_acid,10.0,6.0,CV,3,0.6961367881201005,1.351283187106593,5.58844770158223,-0.6015604946216483,0.1,1.4,-0.0015851013144947,0.5266919060937314,-0.8325699768732585,5.58844770158223,0.0929859719438878,0.1739478957915832,0.7442224815453212,5.461059787087322,0.7714285714285721,train,2
dopamine,1.0,7.5,CV,5,0.0516709188604838,0.211731371579057,0.9712360001549438,-0.5150465505683595,0.1,1.4,-1.3200709872423568e-05,0.0482114768423174,-0.0707443467411337,0.9712360001549438,0.1659318637274549,0.1150300601202405,0.0857630831711731,0.9637850761439782,0.7083333333333335,train,0
ascorbic_acid,5.0,6.0,CV,1,0.4377879019867489,0.8637580522988821,3.530399349871899,-0.3569231255992094,0.1,1.4,6.144569004658962e-05,0.2920477101907781,-0.2817683523092686,3.530399349871899,0.0845691382765531,0.1907815631262525,0.5025521200561845,3.455293300956064,0.7,train,2
copper,0.1,7.5,CV,0,0.006122051990865,0.0257577230569415,0.1142524805922608,-0.0794742817601766,0.1,1.4,2.058311774738312e-06,0.0076833673219865,-0.0107363461843248,0.1142524805922608,-0.0529058116232464,0.0981963927855711,0.0087035063284015,0.1121504181964106,0.6666666666666666,train,4
copper,5.0,7.0,CV,4,0.1534964139327035,0.927047610357154,4.054172264679461,-2.9795235453563795,0.1,1.4,-0.0002470686866899,0.3528882331962113,-0.2883669951799635,4.054172264679461,-0.0472945891783567,0.0981963927855711,0.3101633396788193,4.038158611521275,0.9444444444444456,train,4
uric_acid,2.0,7.5,CV,8,0.1454773531667881,0.3381595876981276,1.4841938899063658,-0.1319884030315782,0.1,1.4,2.2233969529269204e-05,0.0926287080196041,-0.1172669174898721,1.4841938899063658,0.3230460921843687,0.1430861723446892,0.1668132065297133,1.466968600815413,0.8214285714285724,train,1
ascorbic_acid,10.0,6.5,CV,7,0.6829187121575659,1.366302556227645,5.514802392010551,-0.5106080879476026,0.1,1.4,-0.0002390736083635,0.3791742503624087,-0.4033716228273438,5.514802392010551,0.0565130260521041,0.1907815631262525,0.7949041918337311,5.427454885845596,0.5813953488372088,train,2
copper,5.0,7.5,CV,5,0.1554093892500845,0.9399235878228278,4.081907978594815,-2.984855287361012,0.1,1.4,-6.444020965026553e-05,0.3263825400860685,-0.2967848286028686,4.081907978594815,-0.0416833667334669,0.101002004008016,0.320017785453409,4.063777814177765,0.8947368421052635,train,4
copper,10.0,7.0,CV,7,0.2281115356604486,1.438992743514348,6.242063206477249,-4.478320222897603,0.1,1.4,-0.0001992208695882,0.4215144285409588,-0.4654791199163985,6.242063206477249,-0.0472945891783567,0.0953907815631261,0.4781235804758406,6.235217751364519,0.8888888888888892,train,4
copper,0.2,8.0,CV,7,0.0100885724620327,0.0514810403654357,0.2289754862779098,-0.1567962355749174,0.1,1.4,-4.489130820369723e-06,0.0146683792865611,-0.0163972337723849,0.2289754862779098,-0.0416833667334669,0.0981963927855711,0.0174455771201545,0.2269700279879902,0.8421052631578941,train,4
copper,5.0,6.5,CV,6,0.1524755385809632,0.9270690652588685,4.012987318370429,-2.9050955019968017,0.1,1.4,0.0002123809461698,0.3577037033318793,-0.2776522642031177,4.012987318370429,-0.0613226452905811,0.0981963927855711,0.3129891760983273,3.996558791951355,0.6666666666666666,train,4
copper,5.0,6.5,CV,7,0.1466314869695048,0.9202972503526984,3.982841962870685,-2.850102867267615,0.1,1.4,-0.0001264242859843,0.2698499276691374,-0.2996279100927503,3.982841962870685,-0.0529058116232464,0.0981963927855711,0.3120219599562951,3.9774667218848334,0.9444444444444446,train,4
aluminum,5.0,7.5,CV,4,0.2099489283416512,0.691830009113648,2.680599205913375,-1.4506467468213853,0.1,1.4,-0.0003884815248927,0.2297774376113622,-0.2631709670626178,2.680599205913375,-0.3138276553106212,0.1711422845691382,0.3601521583897428,2.651420631027917,0.8484848484848483,train,5
glucose,0.2,7.0,CV,9,0.0227939390749151,0.0311951817546863,0.1207785448142167,-0.0092016565358007,0.1,1.4,-4.237360718136414e-06,0.0116999036904236,-0.011407428239496,0.1207785448142167,0.4857715430861723,0.2272545090180361,0.020036676481181,0.1128096201703447,0.8409090909090902,train,3
glucose,10.0,7.0,CV,2,0.5309525122859602,0.8819625194062279,3.278015908684976,-0.3601851466586688,0.1,1.4,-4.808772463753103e-05,0.267430694876375,-0.3256404678764333,3.278015908684976,0.4829659318637275,0.2412825651302604,0.5842812114428821,3.1663137466538807,0.8297872340425544,train,3
uric_acid,0.5,7.0,CV,2,0.0424496694852201,0.0937318402940878,0.4193253295709497,-0.0328786604827308,0.1,1.4,-2.1484841705095363e-06,0.0347307261371123,-0.031705150054292,0.4193253295709497,0.3539078156312625,0.1402805611222445,0.045794966648561,0.4119540009199565,0.9230769230769234,train,1
glucose,0.2,7.0,CV,3,0.0229420093227229,0.0313989173591942,0.1186239968088418,-0.0103515772071082,0.1,1.4,-3.667190802492764e-05,0.0111894434350258,-0.0206771602456397,0.1186239968088418,0.4829659318637275,0.2356713426853708,0.0206875069373348,0.1106093441396305,0.866666666666667,train,3
copper,0.2,8.0,CV,4,0.0104333966447409,0.0515556821578568,0.2270561229056158,-0.161004919932846,0.1,1.4,-1.12265806760173e-05,0.0202422426372275,-0.0162041974059658,0.2270561229056158,-0.0332665330661322,0.0953907815631261,0.0170092314980332,0.2244975225146946,0.8888888888888892,train,4
ascorbic_acid,10.0,8.0,CV,6,0.7147175731163332,1.4199945727194163,5.655489033063011,-0.6259599372620454,0.1,1.4,0.0004069075956585,0.689732471948121,-0.4446011714640505,5.655489033063011,0.0116232464929859,0.1935871743486973,0.8344042631663037,5.549822637809442,0.8648648648648647,train,2
dopamine,5.0,6.0,CV,1,0.1789428332160851,0.7829707631254278,3.6016052405719985,-1.9940671432861965,0.1,1.4,4.6663201661525807e-05,0.2362306247233058,-0.2531207787168504,3.6016052405719985,0.2585170340681363,0.1094188376753507,0.3080430814393101,3.5850566326431474,0.9499999999999992,train,0
dopamine,0.1,6.5,CV,9,0.0080978210690302,0.0220651720195301,0.1045422726110328,-0.0516856061469155,0.1,1.4,-1.138044000226414e-06,0.0068569118350949,-0.0093623208950238,0.1045422726110328,0.2276553106212424,0.1094188376753506,0.008598491096949,0.1010528838062713,0.8571428571428567,train,0
dopamine,0.2,8.0,CV,1,0.0131896134523428,0.045417693988869,0.2073641329514842,-0.114733823600408,0.1,1.4,5.381372921585914e-06,0.0128369939493557,-0.0149953052694782,0.2073641329514842,0.1519038076152304,0.1150300601202405,0.0183414643746733,0.2034781009579823,0.8636363636363632,train,0
uric_acid,0.5,6.5,CV,6,0.0422104665609713,0.0923337801404121,0.4045317744799303,-0.0379172044222157,0.1,1.4,2.8120001964502747e-05,0.0431970043438355,-0.0349623448388622,0.4045317744799303,0.3847695390781563,0.1402805611222445,0.0449914599330354,0.3965630433006769,0.9230769230769234,train,1
glucose,10.0,7.0,CV,1,0.5270549581195758,0.8870173110352074,3.2250656261051027,-0.3622731716411732,0.1,1.4,6.442323752442435e-05,0.3068609874283228,-0.2539971758656089,3.2250656261051027,0.4689378757515029,0.2328657314629258,0.577834695789183,3.1295053427621022,0.566037735849055,train,3
uric_acid,0.1,7.5,CV,6,0.0112376226150029,0.0192596382691215,0.0876417700200127,-0.0065268395910574,0.1,1.4,8.272271692571544e-06,0.0093198082991049,-0.0065640082065538,0.0876417700200127,0.3342685370741483,0.1458917835671341,0.0096341998338748,0.0835077837996053,0.8571428571428561,train,1
glucose,5.0,8.0,CV,7,0.3436486553578905,0.5751011449586825,2.171043694938993,-0.2531355197554064,0.1,1.4,-0.0001025275007131,0.1829077199730013,-0.1518053399312846,2.171043694938993,0.4521042084168337,0.2356713426853707,0.376474507853735,2.104458260143196,0.8260869565217396,train,3
ascorbic_acid,0.2,7.5,CV,0,0.0277320149751277,0.0495225774293875,0.2085282084073465,-0.0212577496911351,0.1,1.4,1.009125081171486e-06,0.0149565696734549,-0.0158891463910759,0.2085282084073465,0.0144288577154308,0.1795591182364728,0.0277460733061379,0.2017703906998728,0.5609756097560976,train,2
uric_acid,0.2,6.5,CV,8,0.018973669154371,0.0379323169510715,0.1719591225946333,-0.0123103807719943,0.1,1.4,5.020339131720033e-06,0.0120143940484261,-0.0122338411061915,0.1719591225946333,0.3735470941883767,0.1430861723446893,0.0187928961575419,0.1671833608717128,0.7586206896551712,train,1
dopamine,0.1,7.0,CV,6,0.0081130867316593,0.0222295845482306,0.1060433963681389,-0.0526163321603285,0.1,1.4,8.278189878759913e-06,0.0093299097843118,-0.0066705144675251,0.1060433963681389,0.1995991983967936,0.1094188376753506,0.008766494087963,0.1025271826123384,0.9500000000000012,train,0
aluminum,0.2,6.0,CV,6,0.0133723648985377,0.037518865163323,0.1483753215307952,-0.0740473179417617,0.1,1.4,-9.625448374891997e-07,0.0192670495438776,-0.0117140237923591,0.1483753215307952,-0.3390781563126252,0.1683366733466934,0.0189525517654413,0.1448208401713168,0.8181818181818181,train,5
ascorbic_acid,5.0,8.0,CV,3,0.4667118678428654,0.9021229822964816,3.5516899941170945,-0.40191965707051,0.1,1.4,-0.0010598555408315,0.3272793871811326,-0.5571662233426854,3.5516899941170945,0.0256513026052104,0.1991983967935872,0.5396798495108708,3.4643534338041917,0.9189189189189196,train,2
ascorbic_acid,2.0,8.0,CV,4,0.2240355218302232,0.440796190380365,1.7934578528442575,-0.1813570494184651,0.1,1.4,-0.0001461395554407,0.1557854959697471,-0.1718943465694298,1.7934578528442575,0.0200400801603206,0.1879759519038075,0.2548710668255897,1.757590424639528,0.9705882352941184,train,2
copper,10.0,7.0,CV,8,0.2347355537899049,1.4438446310311572,6.204466023154154,-4.42341827914812,0.1,1.4,7.205056203855548e-05,0.4731008291087963,-0.4155497412673505,6.204466023154154,-0.0585170340681362,0.1010020040080159,0.4948190687354201,6.1872729076643855,0.636363636363637,train,4
aluminum,0.1,6.0,CV,2,0.0077059181379715,0.0189771952088947,0.0748935376248348,-0.0375004101433238,0.1,1.4,-5.5166763456013164e-06,0.0054746044334557,-0.0086668479253969,0.0748935376248348,-0.3054108216432865,0.1711422845691382,0.0097518452347339,0.072301275147571,0.6052631578947365,train,5
dopamine,0.1,8.0,CV,6,0.0082424437161767,0.0228367813278657,0.1069589950656017,-0.0542545530935019,0.1,1.4,8.411781589663027e-06,0.0095579314531983,-0.0072163713864378,0.1069589950656017,0.137875751503006,0.1178356713426853,0.0094378153877391,0.1035131403127585,0.7499999999999992,train,0
dopamine,10.0,8.0,CV,6,0.2966275945294911,1.2820366364015794,5.821311034394873,-3.219714686775126,0.1,1.4,0.0003080482964946,0.5209939908171646,-0.4004397465378012,5.821311034394873,0.137875751503006,0.1178356713426853,0.5287194860560761,5.792768113902109,0.7499999999999992,train,0
ascorbic_acid,0.1,7.0,CV,7,0.0152560371559877,0.0246944684688442,0.1039598179497018,-0.0076056078316847,0.1,1.4,-1.695755227603027e-06,0.0072811148469822,-0.0073180487586562,0.1039598179497018,0.0565130260521041,0.1907815631262525,0.0143531220456117,0.0994589151127166,0.9999999999999988,train,2
copper,0.2,6.5,CV,5,0.0103714195915726,0.051303309839533,0.2275162012136812,-0.162514394898686,0.1,1.4,-8.976002923422565e-07,0.0171240271128738,-0.0167861750617527,0.2275162012136812,-0.0529058116232464,0.0981963927855711,0.0171861406306048,0.2249248062409906,0.9444444444444456,train,4
copper,0.1,7.5,CV,2,0.0061936407393535,0.0257963346232445,0.1158135862139362,-0.0781848736679554,0.1,1.4,1.6436877699636057e-06,0.007671674978433,-0.007441455257167,0.1158135862139362,-0.0444889779559117,0.0981963927855711,0.0087314787804043,0.1138790009877978,0.9444444444444456,train,4
dopamine,2.0,6.0,CV,1,0.0879358916213446,0.3779371222251514,1.740254884971432,-0.9612433745098384,0.1,1.4,2.3997058313248687e-05,0.1141193053828399,-0.1222294407226793,1.740254884971432,0.2585170340681363,0.1094188376753507,0.1486930765914312,1.7306124675890515,0.9499999999999992,train,0
glucose,5.0,7.5,CV,8,0.3447250359540303,0.5731200499286097,2.163841335516571,-0.2454245969823062,0.1,1.4,3.869365523886187e-05,0.163852776460149,-0.1740051453288267,2.163841335516571,0.4745490981963928,0.2300601202404809,0.3698377819508324,2.093072947002455,0.8222222222222219,train,3
glucose,1.0,8.0,CV,6,0.0932904493251396,0.1482308633158363,0.5717834429421529,-0.0514218928536458,0.1,1.4,4.736048536996964e-05,0.0760377180875216,-0.0518368908988493,0.5717834429421529,0.4829659318637275,0.2328657314629257,0.0962488661601474,0.5483746645065141,0.8043478260869551,train,3
dopamine,0.1,6.0,CV,3,0.008114408553443,0.0217391179068563,0.1009744464384163,-0.0492160666830922,0.1,1.4,-1.9024537090089904e-05,0.0077585116283728,-0.0114240592424607,0.1009744464384163,0.2613226452905811,0.1122244488977955,0.0086159088239037,0.097287324808911,0.8181818181818203,train,0
aluminum,5.0,6.0,CV,9,0.2099546566766444,0.6888390246310329,2.7443614365901814,-1.4787135967495857,0.1,1.4,-0.0003986074151456,0.2220561263301695,-0.2569278767079446,2.7443614365901814,-0.3278557114228457,0.1655310621242485,0.3474341847543131,2.7145725628072057,0.9666666666666676,train,5
glucose,0.2,8.0,CV,0,0.0228196480574574,0.0315762349692026,0.1195400430872903,-0.0100773848044545,0.1,1.4,1.5884257796742862e-06,0.0100211710574116,-0.0115683355288884,0.1195400430872903,0.4464929859719438,0.2384769539078156,0.0209681026221036,0.1118083622385229,0.6346153846153846,train,3
copper,0.2,7.0,CV,0,0.0101407097959817,0.0508737612626827,0.2270563811692601,-0.1622170066181004,0.1,1.4,1.3437934651955895e-06,0.0146902870496526,-0.0204099978367973,0.2270563811692601,-0.0529058116232464,0.0981963927855711,0.0171496049111088,0.2248179843734575,0.8421052631578941,train,4
copper,2.0,7.5,CV,1,0.0733829581517647,0.4465618712259796,1.976313825826364,-1.3855484554804025,0.1,1.4,2.6819540021830383e-05,0.1446821224996292,-0.1275215287857964,1.976313825826364,-0.038877755511022,0.0925851703406812,0.1453053829637039,1.9702168071330968,0.8333333333333326,train,4
ascorbic_acid,5.0,6.5,CV,3,0.4531204680379355,0.8765998718509739,3.551833850635373,-0.3900863211000176,0.1,1.4,-0.0010287228339774,0.3387451408654294,-0.5408423141391383,3.551833850635373,0.0789579158316633,0.1963927855711423,0.5222180566877026,3.466809563736001,0.9444444444444446,train,2
glucose,10.0,8.0,CV,6,0.5397532388953362,0.8900473826763181,3.4064376763260324,-0.3242384505353201,0.1,1.4,0.0002683267736099,0.453195114093135,-0.3090901737672691,3.4064376763260324,0.4829659318637275,0.2328657314629257,0.5772465613685943,3.28651978642358,0.8043478260869551,train,3
glucose,0.1,6.5,CV,3,0.0134749977544589,0.0157376894159478,0.0614439197840489,-0.0043684878018819,0.1,1.4,-1.774389742315231e-05,0.0058424476682987,-0.0107525774545725,0.0614439197840489,0.4829659318637275,0.2440881763527054,0.0106073010419778,0.0552694866821119,0.6730769230769229,train,3
aluminum,0.5,6.0,CV,9,0.0299941434136308,0.0927034732432901,0.3708043252443255,-0.196788361795166,0.1,1.4,-5.129985449091508e-05,0.02999303839045,-0.0346802886404099,0.3708043252443255,-0.3278557114228457,0.1655310621242485,0.0466981999722809,0.3651055116298087,0.9666666666666676,train,5
ascorbic_acid,10.0,7.0,CV,5,0.7034657047130297,1.3897719703660112,5.474314548439356,-0.6048878585563339,0.1,1.4,-0.0001230501367917,0.4139612917307341,-0.4705764011169605,5.474314548439356,0.0480961923847695,0.1851703406813627,0.7974766394591107,5.372477130987153,0.7837837837837843,train,2
copper,2.0,7.0,CV,3,0.0774272325095697,0.4477736411504324,1.9438954567325533,-1.406283353667099,0.1,1.4,-0.0004133099812042,0.1230828424088276,-0.2181609750098861,1.9438954567325533,-0.0472945891783567,0.101002004008016,0.1529552933054736,1.932279103628376,0.8947368421052635,train,4
ascorbic_acid,5.0,7.0,CV,5,0.4532994526658981,0.8934479914564605,3.5203327923716023,-0.3882741119755474,0.1,1.4,-7.812761906003818e-05,0.2662067278416611,-0.3026091194331458,3.5203327923716023,0.0480961923847695,0.1851703406813627,0.5126104973617236,3.4534905034440904,0.7837837837837843,train,2
ascorbic_acid,1.0,7.5,CV,6,0.12045962505765,0.2342356064111922,0.909905181963546,-0.1020008789228178,0.1,1.4,6.968987292466378e-05,0.1141507430744825,-0.0735783191639669,0.909905181963546,0.0116232464929859,0.1991983967935872,0.1399400022599607,0.8904612878453531,0.5434782608695646,train,2
glucose,0.2,6.5,CV,2,0.0225214325948603,0.0310003866307118,0.1195891631705019,-0.0092691150143719,0.1,1.4,9.431134102815236e-07,0.0095890355818176,-0.0119240281147529,0.1195891631705019,0.4997995991983969,0.2384769539078156,0.0205170164144554,0.1117693096355154,0.8478260869565225,train,3
dopamine,0.2,6.0,CV,8,0.0128172210249419,0.0430865379896776,0.1985313170076066,-0.105949559965552,0.1,1.4,5.01213218917361e-06,0.0130370144424142,-0.0188838310916563,0.1985313170076066,0.2557114228456913,0.1122244488977955,0.0170834716960946,0.1945051595969986,0.999999999999998,train,0
glucose,10.0,6.5,CV,8,0.5260284118138779,0.8820652920410291,3.274515766457992,-0.3791347510934678,0.1,1.4,5.792556540053634e-05,0.2580203160794387,-0.2626401983569361,3.274515766457992,0.4745490981963928,0.2440881763527054,0.5922526579338564,3.172742362827679,0.5535714285714288,train,3
copper,10.0,7.5,CV,7,0.2292495564960463,1.446326741026339,6.358376272685315,-4.50376316581554,0.1,1.4,-0.000200217069031,0.4185823718567513,-0.4665328268559403,6.358376272685315,-0.0416833667334669,0.0981963927855711,0.4894755452465265,6.351071657658124,0.9444444444444456,train,4
uric_acid,2.0,8.0,CV,9,0.1482465095702911,0.3419601762262109,1.5528516370609733,-0.1292861179490843,0.1,1.4,-6.48570043964914e-05,0.1075507635575037,-0.0984856000376343,1.5528516370609733,0.3006012024048096,0.1458917835671341,0.1713708242342153,1.532248732291957,0.8571428571428561,train,1
copper,2.0,7.0,CV,0,0.0733210383076688,0.4457689305188897,1.9716625291160528,-1.4446133591597308,0.1,1.4,-9.8884851522434e-06,0.1279194562542173,-0.1777073307890425,1.9716625291160528,-0.0529058116232464,0.0981963927855711,0.1499700531932489,1.9659398853286405,0.8421052631578941,train,4
ascorbic_acid,0.5,7.5,CV,5,0.0642214428929211,0.1216770387373575,0.5028186836576489,-0.0513811009000724,0.1,1.4,-8.260943405892007e-06,0.036876706584627,-0.0413906050676941,0.5028186836576489,0.0172344689378757,0.1795591182364729,0.0679797622954732,0.4902028115878921,0.5609756097560971,train,2
aluminum,0.2,8.0,CV,0,0.0132728126172531,0.0384218592162918,0.148845251566051,-0.0856836360669489,0.1,1.4,-6.017072286882959e-06,0.0112606466650025,-0.0128546863802667,0.148845251566051,-0.3082164328657314,0.1739478957915831,0.0200322186539503,0.1457099493804478,0.8235294117647052,train,5
copper,2.0,6.5,CV,6,0.0746430224766459,0.4475388330105798,1.9384372221143824,-1.400877100368323,0.1,1.4,0.0001040383872255,0.1727786736657537,-0.1340753495102603,1.9384372221143824,-0.0613226452905811,0.0981963927855711,0.1511388154709053,1.929819900165417,0.6666666666666666,train,4
uric_acid,0.1,6.0,CV,1,0.0109125562724437,0.0188384155113318,0.0849797891584532,-0.0087693048788478,0.1,1.4,4.057984203810691e-06,0.006246618825829,-0.0059193419426378,0.0849797891584532,0.3987975951903807,0.1486973947895792,0.0096135383658454,0.080900182609665,0.7666666666666656,train,1
glucose,5.0,6.5,CV,0,0.3380936517466751,0.5656601519884245,2.059883893247258,-0.2390070698207772,0.1,1.4,-1.812612754258447e-05,0.1723294798746651,-0.1989097772153885,2.059883893247258,0.5110220440881764,0.2328657314629257,0.3678819412509645,1.9948152653942803,0.9302325581395338,train,3
copper,0.2,7.5,CV,5,0.0104557284639376,0.0517985228677322,0.2270511982997544,-0.1616223378286836,0.1,1.4,-9.34769266782976e-07,0.0180707296393026,-0.0164472283366386,0.2270511982997544,-0.0416833667334669,0.101002004008016,0.0176791858923223,0.224451268791293,0.8947368421052635,train,4
glucose,0.1,7.5,CV,6,0.0134986742172512,0.0157181343180418,0.0662017468145203,-0.0043972509438453,0.1,1.4,7.878242644020051e-06,0.0086472578793737,-0.0057519328605786,0.0662017468145203,0.4829659318637275,0.2132264529058115,0.0096797373562224,0.059952069767373,0.9487179487179468,train,3
glucose,1.0,7.5,CV,9,0.0930460266723299,0.1478103355558223,0.5491267654523077,-0.0586355846554022,0.1,1.4,-2.9509469032877185e-05,0.0534314672852406,-0.0520777927375852,0.5491267654523077,0.4857715430861723,0.2272545090180361,0.0944133976197795,0.5270414877673493,0.8409090909090918,train,3
glucose,10.0,6.5,CV,1,0.5229485935973649,0.8826654298255796,3.1725274667297807,-0.3817578246078381,0.1,1.4,6.405081192964149e-05,0.3050063363025281,-0.252461958937681,3.1725274667297807,0.4857715430861723,0.2440881763527054,0.5927915128501939,3.078757437365664,0.7058823529411755,train,3
dopamine,0.1,8.0,CV,7,0.0080861144946255,0.0228753210922729,0.1071488870972827,-0.0544383086831139,0.1,1.4,-6.513071237013723e-07,0.0097974922427514,-0.0073725024611107,0.1071488870972827,0.1490981963927855,0.1094188376753506,0.0090113801493663,0.1041276771416851,0.9500000000000012,train,0
aluminum,1.0,8.0,CV,5,0.0562099156042282,0.1785684716050791,0.7180516979813676,-0.3628049324168406,0.1,1.4,-4.838819708306723e-05,0.0545368264180977,-0.0661137284519163,0.7180516979813676,-0.3054108216432865,0.1683366733466934,0.0916228799742032,0.7081136498146648,0.8750000000000009,train,5
aluminum,0.1,7.5,CV,8,0.007726761611815,0.0192364613739792,0.0774421136962455,-0.0407115902944047,0.1,1.4,-5.155427181114028e-07,0.0059303236948168,-0.0105949746850511,0.0774421136962455,-0.2997995991983967,0.1739478957915831,0.0099565460303892,0.0746931884153637,0.8787878787878786,train,5
uric_acid,1.0,6.0,CV,1,0.0768919395759086,0.1769202848365855,0.7670897231007712,-0.0988109822849163,0.1,1.4,1.411012772678802e-05,0.0563055287456003,-0.0540491055467196,0.7670897231007712,0.3987975951903807,0.1486973947895792,0.0900071843326827,0.7567163947665998,0.7666666666666656,train,1
copper,5.0,7.5,CV,6,0.1539909129822332,0.9363941946143608,3.976044466319277,-3.0123669289740107,0.1,1.4,0.000214504708086,0.3613286568052459,-0.2828205822715544,3.976044466319277,-0.0529058116232464,0.0981963927855711,0.3157137610011279,3.958795641328354,0.6666666666666666,train,4
uric_acid,1.0,8.0,CV,3,0.0817682571506967,0.1830723890997542,0.8037896731131007,-0.0755443408387224,0.1,1.4,-0.000201227315016,0.0581918204704134,-0.106959009657106,0.8037896731131007,0.3230460921843687,0.1486973947895792,0.0921425691332603,0.7901729639812743,0.709677419354839,train,1
uric_acid,0.5,8.0,CV,3,0.0439005145828252,0.0949786390286213,0.4188795442071649,-0.0384085831912264,0.1,1.4,-0.0001035017783852,0.0302847645091032,-0.0557182744578787,0.4188795442071649,0.3230460921843687,0.1486973947895792,0.0478702562261136,0.4105894723268167,0.709677419354839,train,1
copper,0.2,6.0,CV,9,0.0103496109941816,0.0501762869193304,0.2200820431209743,-0.1594676301887227,0.1,1.4,-5.6540982180288e-06,0.0214186637031069,-0.0136357002657393,0.2200820431209743,-0.0613226452905811,0.0981963927855711,0.0169592100887622,0.217542105248592,0.8421052631578941,train,4
ascorbic_acid,5.0,7.0,CV,9,0.4537432723016221,0.8870050282739053,3.46327479959019,-0.3622331678772664,0.1,1.4,-0.0001830766032578,0.318545798538063,-0.2705928402559329,3.46327479959019,0.0593186372745491,0.1963927855711422,0.5275099630479563,3.3842200145486387,1.0,train,2
uric_acid,1.0,7.5,CV,1,0.078930427180037,0.1806992402229303,0.7952121577923136,-0.0648237585761245,0.1,1.4,1.4419273509698482e-05,0.0578450512229122,-0.050874488002259,0.7952121577923136,0.3258517034068136,0.151503006012024,0.0932955772072705,0.7856957427805262,0.8620689655172404,train,1
copper,0.1,7.5,CV,7,0.0060542856643562,0.0258144622250576,0.1156913322738992,-0.0773546903665457,0.1,1.4,-8.882326635694772e-07,0.0075587550839057,-0.0084088666955965,0.1156913322738992,-0.0416833667334669,0.0981963927855711,0.0087734432821248,0.1138220779278664,0.9444444444444456,train,4
copper,5.0,6.0,CV,0,0.1482665541754858,0.9145445667721108,3.999081448640452,-2.935821607288143,0.1,1.4,-2.319740703695329e-05,0.2487911411737695,-0.3384545006867002,3.999081448640452,-0.0529058116232464,0.101002004008016,0.3118933614563116,3.987801307412387,0.8947368421052635,train,4
ascorbic_acid,5.0,6.5,CV,1,0.4422089624148404,0.8721119352799005,3.5348679458529952,-0.3605893555157435,0.1,1.4,6.204300080487668e-05,0.2950535289159406,-0.2861093004601546,3.5348679458529952,0.0845691382765531,0.176753507014028,0.4813647046364691,3.46053275091641,0.8,train,2
copper,0.1,8.0,CV,5,0.0062826312586188,0.0262281525507592,0.1162996957636057,-0.0807144829764971,0.1,1.4,8.940032911337205e-07,0.0091588709414692,-0.008155028880863,0.1162996957636057,-0.0416833667334669,0.0953907815631263,0.0086314489438982,0.1140947134907661,0.8888888888888872,train,4
glucose,0.1,6.0,CV,7,0.0131384085781206,0.0155501665290331,0.0605679339605177,-0.0037003567884909,0.1,1.4,-2.786093193037683e-07,0.0053467321649487,-0.0044542505892423,0.0605679339605177,0.5138276553106212,0.2440881763527054,0.0104756997301117,0.0547080322617681,0.8913043478260877,train,3
copper,0.5,8.0,CV,7,0.0217602755158579,0.1257613758107175,0.556072921763161,-0.3874498341747012,0.1,1.4,-1.4909937451015948e-05,0.0357012952328332,-0.0399327116273946,0.556072921763161,-0.0416833667334669,0.0981963927855711,0.0425709926669065,0.5538447050473271,0.8421052631578941,train,4
glucose,2.0,6.0,CV,5,0.1658202696519505,0.2724015980138939,1.0011197724630954,-0.0986926398840611,0.1,1.4,-2.2834311136372063e-05,0.0924172865197483,-0.1092520572905355,1.0011197724630954,0.5054108216432865,0.2496993987975952,0.1853726219312281,0.9665126678127686,0.745098039215686,train,3
dopamine,2.0,6.0,CV,7,0.0871770941734656,0.3810656208490198,1.7512153402287658,-0.9370250910135616,0.1,1.4,-5.283829210891322e-05,0.1206557248627943,-0.1290477025620569,1.7512153402287658,0.2557114228456913,0.1122244488977955,0.1524961952994605,1.746986490262835,0.904761904761905,train,0
dopamine,10.0,7.5,CV,5,0.2950248306002273,1.270752893066655,5.812109109534922,-3.1062493230891546,0.1,1.4,-9.29829388965655e-05,0.2884139579216339,-0.4240988373856333,5.812109109534922,0.1659318637274549,0.1150300601202405,0.5145890112800995,5.782155969132542,0.7083333333333335,train,0
glucose,5.0,8.0,CV,3,0.3524742359577802,0.5768446733687651,2.13009338264359,-0.2340461056749146,0.1,1.4,-0.0006957375385057,0.1964936601251276,-0.3662470963613677,2.13009338264359,0.4577154308617234,0.2356713426853706,0.378371278816585,2.054438955380319,0.8260869565217387,train,3
dopamine,1.0,7.5,CV,4,0.0513969217136321,0.2126173974491762,0.9765728213279172,-0.548384981949676,0.1,1.4,-5.696444123065269e-05,0.0664444459130866,-0.0846039070521343,0.9765728213279172,0.1743486973947895,0.1122244488977955,0.0853853462068537,0.9705542097683588,0.999999999999998,train,0
copper,5.0,6.5,CV,3,0.1574593154913744,0.923502402849502,3.950165862784257,-2.888731575594986,0.1,1.4,-0.0008542151088055,0.2468395444547373,-0.4493421347179608,3.950165862784257,-0.0472945891783567,0.101002004008016,0.3155971501856727,3.928301239613541,0.7999999999999996,train,4
copper,0.2,6.0,CV,8,0.0101628077543602,0.0506718998328284,0.2266699874974874,-0.1588704498531868,0.1,1.4,5.256371497050102e-06,0.017899898071495,-0.0135975877453455,0.2266699874974874,-0.0613226452905811,0.0925851703406814,0.0164464824093175,0.2243418438838428,0.8333333333333318,train,4
uric_acid,10.0,6.5,CV,5,0.4580569770417253,1.0706351543896078,4.524359434278715,-0.4340750623302973,0.1,1.4,-8.94661406974458e-05,0.4291101170713844,-0.2865795108183504,4.524359434278715,0.3819639278557114,0.1543086172344688,0.5525481536656285,4.468607491322176,0.9642857142857136,train,1
copper,0.2,6.5,CV,1,0.0100662435520922,0.0504907852302444,0.2222150186298185,-0.1540549345978403,0.1,1.4,5.543388285768495e-06,0.0163318570697791,-0.0146170053109147,0.2222150186298185,-0.0501002004008015,0.0981963927855711,0.0171142538834917,0.2199095934983341,0.8421052631578934,train,4
glucose,0.2,8.0,CV,1,0.022791316098135,0.0316354342401995,0.1216687984567462,-0.0102109913447305,0.1,1.4,5.096920174568553e-06,0.011420440912022,-0.0094415652765256,0.1216687984567462,0.4380761523046091,0.2328657314629258,0.0206640351065623,0.1140874048590511,0.5090909090909089,train,3
glucose,10.0,7.0,CV,6,0.5321652912365864,0.8804827701823104,3.4425779676787065,-0.3203567356679713,0.1,1.4,0.0002651906737943,0.4478422466965349,-0.2919154946383748,3.4425779676787065,0.4829659318637275,0.2300601202404809,0.5655645468796949,3.3240290637499808,0.7826086956521745,train,3
dopamine,0.2,7.0,CV,0,0.0129691278122189,0.0440963880721196,0.2003293979063282,-0.1042081193693173,0.1,1.4,1.4701033492559023e-06,0.0178492770763687,-0.0177560780909182,0.2003293979063282,0.1995991983967936,0.1122244488977955,0.0176008147651434,0.1967717421804793,0.904761904761905,train,0
uric_acid,0.5,6.0,CV,3,0.0424498496589616,0.0918315253415399,0.4149842104961409,-0.0380698283178034,0.1,1.4,-9.979114193025968e-05,0.029638301391694,-0.0537726648806301,0.4149842104961409,0.3931863727454909,0.1571142284569138,0.048336254121436,0.4075139162130361,0.6969696969696967,train,1
copper,0.1,6.5,CV,4,0.0061867260918197,0.0256222268881763,0.1130553324485756,-0.0783443073050043,0.1,1.4,-4.229959836399989e-06,0.0094907127376505,-0.0081300670699608,0.1130553324485756,-0.0501002004008015,0.0953907815631263,0.0084411959339278,0.1108770176458146,0.8888888888888872,train,4
aluminum,5.0,6.5,CV,0,0.2055364127129242,0.6894139074852617,2.64056429196335,-1.517891300011362,0.1,1.4,-0.0002454303967372,0.199416518660313,-0.4052019473413357,2.64056429196335,-0.3334669338677354,0.1683366733466934,0.3514216663718773,2.613215926887532,0.7647058823529412,train,5
ascorbic_acid,0.5,7.0,CV,8,0.0631217683839271,0.1199706005607007,0.4869020040529063,-0.0420963623939546,0.1,1.4,1.0096467336765111e-05,0.0376507974873089,-0.0385245370095439,0.4869020040529063,0.0452905811623246,0.1879759519038076,0.0689984202602879,0.4751617690100987,0.7631578947368424,train,2
uric_acid,10.0,7.5,CV,8,0.4620993374412044,1.090008410074527,4.775655151177412,-0.431542792621069,0.1,1.4,6.531972954585158e-05,0.298158449727949,-0.3775001365737129,4.775655151177412,0.3230460921843687,0.1430861723446892,0.5375815411245055,4.727172498206864,0.8214285714285724,train,1
dopamine,1.0,7.5,CV,3,0.052531577954824,0.2120659587702038,0.9809673888965232,-0.521091199271114,0.1,1.4,-0.0002032556642336,0.0735936253990557,-0.108022540324085,0.9809673888965232,0.1771543086172344,0.1122244488977955,0.0851120066133504,0.9727526004378504,0.999999999999998,train,0
aluminum,0.2,7.5,CV,0,0.0132687618652597,0.0383178207420068,0.1487083100085033,-0.0845346229259451,0.1,1.4,-7.435797165835844e-06,0.0112145323774035,-0.0155572353413235,0.1487083100085033,-0.3166332665330661,0.1739478957915831,0.0199237372854625,0.1456104073452715,0.7222222222222224,train,5
ascorbic_acid,0.1,7.5,CV,6,0.0155837613801096,0.0251838831410369,0.1003800592197495,-0.009532005583138,0.1,1.4,1.0177312172089454e-05,0.0125714360125906,-0.008099138802163,0.1003800592197495,0.0116232464929859,0.1991983967935872,0.0149907002687472,0.0955584739737143,0.5434782608695646,train,2
dopamine,5.0,7.0,CV,8,0.1856342260432038,0.8026114208589537,3.7259201861237337,-1.9786120315902904,0.1,1.4,4.32909526249472e-05,0.1963692208554174,-0.2784870806792077,3.7259201861237337,0.1967935871743487,0.1122244488977955,0.3215716610721891,3.707311111638706,0.818181818181817,train,0
copper,0.2,7.5,CV,0,0.0101816816847421,0.0511197831964064,0.224544285353054,-0.1607183221098539,0.1,1.4,1.3366563866643953e-06,0.0151509729097176,-0.0211696802624526,0.224544285353054,-0.0529058116232464,0.0981963927855711,0.0172548860188283,0.2222883380586338,0.6666666666666666,train,4
aluminum,1.0,7.5,CV,4,0.0559122940298935,0.1793476654408888,0.6961542118688487,-0.37399861781775,0.1,1.4,-9.874075341674916e-05,0.0596512465286523,-0.0682335985730347,0.6961542118688487,-0.3138276553106212,0.1711422845691382,0.0933949007455117,0.6875649175812822,0.8484848484848483,train,5
ascorbic_acid,0.5,8.0,CV,4,0.0646341425179245,0.1229908084746382,0.502489683187795,-0.048536849559111,0.1,1.4,-3.892519371225594e-05,0.0436231617902139,-0.0481685151641391,0.502489683187795,0.0200400801603206,0.1879759519038075,0.0710972962934529,0.4904130927971841,0.9705882352941184,train,2
ascorbic_acid,0.5,6.0,CV,2,0.06202641449041,0.1168612203343969,0.462725796215124,-0.0430459138506487,0.1,1.4,-3.752266644337421e-06,0.0354276049019609,-0.0419667094796282,0.462725796215124,0.0845691382765531,0.1879759519038076,0.0674311666822008,0.4506519988695668,0.7179487179487174,train,2
uric_acid,10.0,6.0,CV,3,0.4588277559731682,1.0628155979528409,4.761056602949535,-0.4638943088070489,0.1,1.4,-0.0011742878156522,0.3399371777520548,-0.6171668546577798,4.761056602949535,0.3931863727454909,0.1571142284569138,0.5580516846792352,4.704258943171137,0.6969696969696967,train,1
dopamine,0.2,6.0,CV,9,0.012985407717696,0.0433062788197592,0.1984330681266967,-0.1010011637637082,0.1,1.4,-4.811015522431378e-06,0.0152558561339824,-0.0157517067510402,0.1984330681266967,0.2585170340681363,0.1094188376753507,0.017023800366283,0.1944209992592291,0.9499999999999992,train,0
uric_acid,5.0,8.0,CV,2,0.301359977730503,0.7096260300030541,3.172420868772076,-0.2898318715900684,0.1,1.4,-3.4419042350367384e-05,0.2037915657701901,-0.2381834609376295,3.172420868772076,0.2949899799599198,0.1486973947895791,0.3601757241094296,3.13984308979364,0.7096774193548377,train,1
aluminum,1.0,6.0,CV,9,0.0559143819494558,0.1785649756826143,0.712674691076033,-0.3814277989285185,0.1,1.4,-0.0001013235772189,0.0576564461183932,-0.0666912581151577,0.712674691076033,-0.3278557114228457,0.1655310621242485,0.0900465945016724,0.7037025256587494,0.9666666666666676,train,5
copper,2.0,7.0,CV,1,0.0730255626886834,0.4444403331293693,1.9513254787037924,-1.3777014818066513,0.1,1.4,2.6701802912214648e-05,0.1448576925936188,-0.1273240283783748,1.9513254787037924,-0.0501002004008015,0.101002004008016,0.1528846067533766,1.9452472774952216,0.9999999999999978,train,4
dopamine,1.0,8.0,CV,2,0.0517014086166194,0.212730807007197,0.9402861737212176,-0.5331378005666187,0.1,1.4,-7.087662655377469e-06,0.0657167255717229,-0.0747252412008795,0.9402861737212176,0.1462925851703407,0.1094188376753506,0.08343951081589,0.9337180058056642,0.9500000000000012,train,0
dopamine,1.0,8.0,CV,1,0.050943754000939,0.2138438643776273,0.9642185134271548,-0.5516009018008823,0.1,1.4,1.4783604851787202e-05,0.0596593935860997,-0.0702468355217389,0.9642185134271548,0.1519038076152304,0.1150300601202405,0.0863545174502832,0.9575403930325116,0.8636363636363632,train,0
aluminum,0.2,7.0,CV,1,0.0132094552325383,0.0380146335668686,0.1478990616890156,-0.0799891111495811,0.1,1.4,-5.190903205531192e-06,0.0104925662067469,-0.0186817343019934,0.1478990616890156,-0.3082164328657314,0.1683366733466934,0.0193310584820859,0.1445447346801221,0.8750000000000003,train,5
dopamine,2.0,8.0,CV,6,0.0941251688800164,0.397821467850987,1.808725276370557,-0.9969464424344244,0.1,1.4,9.764522646731764e-05,0.1618664757778905,-0.1243205113217969,1.808725276370557,0.137875751503006,0.1178356713426853,0.1640790688100188,1.7977734800995868,0.7499999999999992,train,0
uric_acid,10.0,6.5,CV,9,0.4585629745804626,1.070243558694137,4.647780624078068,-0.4339102325267244,0.1,1.4,-0.0002091181872105,0.3380362367935086,-0.3086458296884263,4.647780624078068,0.3735470941883767,0.151503006012024,0.5476433411322474,4.589641848207099,0.8620689655172404,train,1
aluminum,10.0,7.0,CV,4,0.3246606331903401,1.0712572075348363,4.1405939973608215,-2.225180980183372,0.1,1.4,-0.0006502261344699,0.3539453718910914,-0.4475060588102044,4.1405939973608215,-0.3138276553106212,0.1739478957915832,0.5636503828048557,4.094167153992353,0.9375000000000002,train,5
glucose,10.0,7.0,CV,0,0.5278168580284964,0.8847126154111734,3.1602252090593312,-0.3759165293991325,0.1,1.4,-2.992680475460408e-05,0.2695003837304467,-0.3110464245766826,3.1602252090593312,0.5110220440881764,0.2356713426853708,0.5802518776205009,3.061980411441041,0.8260869565217389,train,3
copper,0.5,6.0,CV,1,0.0216057750545171,0.1227480523347303,0.5389922793000701,-0.377651849634073,0.1,1.4,9.417977015923656e-06,0.0385898245138019,-0.0357720767993395,0.5389922793000701,-0.064128256513026,0.0981963927855711,0.0415274381104544,0.535912026293874,0.7500000000000014,train,4
dopamine,5.0,8.0,CV,4,0.1920081572633856,0.8308901684055561,3.919184817754567,-2.053119149139298,0.1,1.4,-0.000230015952122,0.212397565528369,-0.346257747392948,3.919184817754567,0.1462925851703407,0.1094188376753506,0.3281977709348805,3.9036320307889296,0.9500000000000012,train,0
ascorbic_acid,0.5,8.0,CV,2,0.0644270956901828,0.1220720480376229,0.5053299737179491,-0.0449566318560716,0.1,1.4,-4.0184068211639725e-06,0.0343442728058876,-0.0436693887435007,0.5053299737179491,0.0172344689378757,0.176753507014028,0.0677367500661107,0.4927796609391286,0.9687499999999982,train,2
uric_acid,0.5,7.0,CV,4,0.0425999811827169,0.0931834031870257,0.410290716440067,-0.0376246460924991,0.1,1.4,-2.7490086594392728e-05,0.0276865872706621,-0.0349723527077093,0.410290716440067,0.3482965931863727,0.1486973947895792,0.0474689737347123,0.4025762386348921,0.7666666666666656,train,1
copper,0.1,6.0,CV,5,0.0061978081064251,0.02573302911285,0.1138637186848128,-0.0807747152529556,0.1,1.4,9.315015103219942e-07,0.0081941681310964,-0.0085178416644267,0.1138637186848128,-0.0529058116232464,0.101002004008016,0.0087727387509078,0.1116435177459018,0.8947368421052635,train,4
ascorbic_acid,5.0,7.5,CV,0,0.45179782361291,0.8971164438558075,3.724831600492702,-0.463126555566641,0.1,1.4,-2.929549642836826e-05,0.2668884542013125,-0.2835602441025955,3.724831600492702,0.0144288577154308,0.1795591182364728,0.5031114266851087,3.652914659080643,0.5609756097560976,train,2
dopamine,0.1,7.0,CV,9,0.0081592881394772,0.0223370643136362,0.1047302700049506,-0.0500502688825,0.1,1.4,-1.1869287187370633e-06,0.0063364457588906,-0.0086025326764619,0.1047302700049506,0.1967935871743487,0.1122244488977955,0.0089153188362212,0.1012419777792267,0.904761904761905,train,0
uric_acid,5.0,7.5,CV,6,0.2995928135241155,0.6988498390186446,3.0483693178888744,-0.2920015194636839,0.1,1.4,0.0001930200121013,0.3246573977815324,-0.2294658958566344,3.0483693178888744,0.3342685370741483,0.1458917835671341,0.3481021019234618,3.010620633765868,0.8571428571428561,train,1
uric_acid,1.0,6.5,CV,4,0.0785788424277888,0.1777494309231999,0.7956376283211437,-0.0737863238580666,0.1,1.4,-5.48113436931983e-05,0.0525650054574315,-0.0665012001064665,0.7956376283211437,0.3763527054108216,0.1458917835671344,0.0893881201412153,0.7837503193657105,0.9259259259259262,train,1
aluminum,10.0,6.5,CV,3,0.3306798431378032,1.0636680648977863,4.153343627431314,-2.2200309946725687,0.1,1.4,-0.0015688058366853,0.3481181472684426,-0.6408030862824932,4.153343627431314,-0.3278557114228457,0.1739478957915831,0.5602499269225366,4.1069553841225614,0.8235294117647058,train,5
uric_acid,5.0,8.0,CV,9,0.3038672472347763,0.7085251443143104,3.213270545649116,-0.2718474671153383,0.1,1.4,-0.0001372066633702,0.2225627418945341,-0.203814836367943,3.213270545649116,0.3006012024048096,0.1458917835671341,0.3550157529655204,3.1739596914947623,0.8571428571428561,train,1
glucose,0.1,7.5,CV,5,0.0135326630598758,0.0158537053598729,0.0627280859943029,-0.0022187444916814,0.1,1.4,1.1942993699981712e-06,0.0060414107245666,-0.0067013046370837,0.0627280859943029,0.4829659318637275,0.224448897795591,0.0100588565644002,0.0566082376637053,0.999999999999999,train,3
glucose,0.5,8.0,CV,3,0.0509156103245801,0.0775522969885768,0.2906550731300574,-0.0283650400902498,0.1,1.4,-9.250874470087916e-05,0.0268267640892038,-0.049954262844568,0.2906550731300574,0.4577154308617234,0.2356713426853706,0.0509317142054255,0.2766963168415707,0.8260869565217387,train,3
dopamine,0.2,6.5,CV,7,0.0127308614138166,0.0439955607614894,0.2003859413266113,-0.1033677411899632,0.1,1.4,-3.714159947749473e-06,0.0136107422363903,-0.0177764076872759,0.2003859413266113,0.2220440881763526,0.1094188376753506,0.0173240704165268,0.1971294381967996,0.6956521739130435,train,0
dopamine,5.0,6.0,CV,4,0.1828160757129227,0.7868412533022293,3.59307435276667,-1.9720480996403973,0.1,1.4,-0.0002187166200743,0.219816931825555,-0.2822322185789645,3.59307435276667,0.2529058116232465,0.1094188376753507,0.3092922650655949,3.5784939446207,0.8571428571428585,train,0
copper,2.0,6.0,CV,3,0.0766731014707205,0.4438444224707733,1.9188570261168267,-1.4166084212225316,0.1,1.4,-0.0004089298581504,0.1172277092952639,-0.2158643314377156,1.9188570261168267,-0.064128256513026,0.0981963927855711,0.149140267734466,1.9076057965539448,0.7500000000000014,train,4
aluminum,0.5,7.0,CV,7,0.0291617385707519,0.0926659049764961,0.3728756069176398,-0.1854854171089358,0.1,1.4,-3.897364105025711e-05,0.0278922645437468,-0.028402531181052,0.3728756069176398,-0.3110220440881763,0.1683366733466934,0.0474160950114559,0.3687328011335944,0.935483870967742,train,5
dopamine,0.5,7.0,CV,8,0.0275835552798184,0.1079675520287765,0.5041984530503696,-0.2638141320493273,0.1,1.4,8.28407811930392e-06,0.0265272203439798,-0.037563075774695,0.5041984530503696,0.1967935871743487,0.1122244488977955,0.0432716947060279,0.4990247379080711,0.818181818181817,train,0
dopamine,1.0,6.0,CV,2,0.0493328365106346,0.2040443246686499,0.939426788646218,-0.5188950561012797,0.1,1.4,-6.608147444313199e-06,0.0578500595328423,-0.0676787480152688,0.939426788646218,0.2529058116232465,0.1066132264529058,0.0789073610434281,0.9332213913100472,0.8095238095238101,train,0
dopamine,2.0,7.0,CV,7,0.0892958739447248,0.3899772299755777,1.7835310736762109,-0.9477574317423167,0.1,1.4,-5.4266851130076566e-05,0.123728457563696,-0.1547111555967125,1.7835310736762109,0.2052104208416834,0.1122244488977955,0.1565737793445866,1.7786949123014069,0.904761904761905,train,0
aluminum,1.0,7.5,CV,0,0.0550145073606258,0.1802734077199387,0.6936260511281906,-0.407845463587152,0.1,1.4,-4.531353738376262e-05,0.0522251001047012,-0.0731146728775523,0.6936260511281906,-0.3166332665330661,0.1739478957915831,0.0938160195414065,0.6854456902003685,0.7222222222222224,train,5
aluminum,0.2,6.0,CV,8,0.0132906519155382,0.0376874750867037,0.145335064613332,-0.0772536502098596,0.1,1.4,-9.367442117160504e-06,0.0116175920626865,-0.0172363969035343,0.145335064613332,-0.3306613226452906,0.1739478957915831,0.0196139334511548,0.1416666507016862,0.8787878787878786,train,5
ascorbic_acid,0.2,6.5,CV,9,0.0275970985059929,0.0484711510378697,0.1919908596930851,-0.0169258033469075,0.1,1.4,-7.494505779981592e-06,0.0168877422119227,-0.0149751505075551,0.1919908596930851,0.0789579158316633,0.1963927855711422,0.0287915307465182,0.1846403415598665,1.0,train,2
copper,5.0,6.0,CV,2,0.150757554991593,0.915520632337076,4.029744751104403,-2.935370472348661,0.1,1.4,-3.762465651509669e-05,0.2653831923039915,-0.2956740046688031,4.029744751104403,-0.0529058116232464,0.0981963927855711,0.3078268618985914,4.019707862349018,0.8421052631578941,train,4
uric_acid,5.0,6.0,CV,6,0.2916313149393927,0.6810298912844996,2.9940313341658507,-0.2732578450317164,0.1,1.4,0.0001879193626257,0.3159513291343711,-0.2699112470243138,2.9940313341658507,0.4044088176352706,0.1402805611222444,0.3316410482965801,2.9549054301298416,0.9230769230769248,train,1
uric_acid,0.5,8.0,CV,5,0.0434564989789283,0.0945295059173583,0.4283966367988247,-0.0378254830584336,0.1,1.4,-5.452079161404763e-06,0.0306920251071136,-0.025732617750917,0.4283966367988247,0.2977955911823647,0.1402805611222445,0.0463098125785332,0.4203511797942167,0.7857142857142864,train,1
copper,0.2,7.0,CV,1,0.0101066836239788,0.0507291351453473,0.2247093570701141,-0.1545182072259382,0.1,1.4,5.557431935921802e-06,0.0166033310521812,-0.0145974230203357,0.2247093570701141,-0.0501002004008015,0.101002004008016,0.0174704821712442,0.222300610435481,0.9999999999999978,train,4
dopamine,2.0,8.0,CV,3,0.0963804890720056,0.4002796502089061,1.8230759911031729,-1.0078122871503807,0.1,1.4,-0.0003850239745671,0.1587467316761094,-0.203329684991852,1.8230759911031729,0.1462925851703407,0.1150300601202405,0.1634390941310118,1.8106663980933304,0.9523809523809534,train,0
aluminum,0.5,7.0,CV,2,0.0297685665796189,0.092884750487957,0.3719958549656161,-0.1966276109530334,0.1,1.4,-2.794827842661028e-05,0.0267886440690805,-0.0481189104450253,0.3719958549656161,-0.3054108216432865,0.1711422845691383,0.0478891713819501,0.3666037101114938,0.8484848484848478,train,5
dopamine,0.5,6.5,CV,2,0.0273688241426317,0.1070440422400249,0.4948768047160003,-0.257585451844342,0.1,1.4,-2.159751558442006e-06,0.0305753110164413,-0.0413357959270604,0.4948768047160003,0.2164328657314629,0.1066132264529058,0.0414500205378495,0.490089451600226,0.583333333333333,train,0
aluminum,2.0,6.0,CV,2,0.1011836605807087,0.3300273500148656,1.2736760609837223,-0.6972356081228078,0.1,1.4,-0.000141482303912,0.0936054333834557,-0.1482825557066041,1.2736760609837223,-0.3054108216432865,0.1711422845691382,0.1706485050918048,1.2593006335931085,0.6052631578947365,train,5
aluminum,0.1,6.0,CV,9,0.0077767960972093,0.019123756498304,0.0777725831028619,-0.0385259871094353,0.1,1.4,-8.422377866873406e-06,0.0062815460522131,-0.0072423148049118,0.0777725831028619,-0.3278557114228457,0.1627254509018036,0.0094633954315523,0.075006392773486,0.9999999999999992,train,5
glucose,0.1,6.5,CV,4,0.01336184389677,0.0154789823252482,0.0627404928026308,-0.0036506419562088,0.1,1.4,-3.1549711670110555e-06,0.0054411056515463,-0.006889525553515,0.0627404928026308,0.4997995991983969,0.2216432865731463,0.0097284119469453,0.0565435464324719,0.7954545454545481,train,3
ascorbic_acid,0.2,6.0,CV,8,0.0271243397604432,0.048089195218852,0.1990514579508827,-0.0158015680732458,0.1,1.4,5.759597558387203e-06,0.0146676773074234,-0.0156139855351651,0.1990514579508827,0.0845691382765531,0.1711422845691382,0.0260223529008364,0.1920999654404405,0.648648648648649,train,2
glucose,0.5,8.0,CV,0,0.0499750561546011,0.0772830193508169,0.285580364720551,-0.0296741269246926,0.1,1.4,-1.0206549528114089e-07,0.0239432712481095,-0.0276320948198714,0.285580364720551,0.4464929859719438,0.2384769539078156,0.0511865810778436,0.2728515029491872,0.6346153846153846,train,3
copper,2.0,7.5,CV,2,0.0749019324106011,0.4485456008730833,1.976974943517492,-1.4096994217516123,0.1,1.4,-1.70287935907998e-05,0.1320704787580825,-0.1280349706073085,1.976974943517492,-0.0444889779559117,0.0953907815631261,0.1484899495552439,1.9714840168304424,0.8888888888888892,train,4
aluminum,0.1,6.0,CV,5,0.0077673458107723,0.0188173018456841,0.074476877027852,-0.0380327815891124,0.1,1.4,-6.1876908856812135e-06,0.0058558276609382,-0.0098886984685913,0.074476877027852,-0.344689378757515,0.1711422845691382,0.0096401301970734,0.0717278140229383,0.648648648648649,train,5
glucose,10.0,7.5,CV,4,0.5363764727049163,0.8799139175453233,3.195709417431249,-0.3978370315173979,0.1,1.4,-0.0003102608938617,0.2861815196001829,-0.3612910721909985,3.195709417431249,0.4997995991983969,0.2412825651302605,0.5809052838195948,3.075215639273288,0.7199999999999988,train,3
dopamine,2.0,6.0,CV,2,0.0892763329505138,0.3800265770112185,1.746689977518611,-0.9685653181266208,0.1,1.4,-1.4697553032302746e-05,0.1076559762205384,-0.1259230945530233,1.746689977518611,0.2529058116232465,0.1066132264529058,0.1469357318595404,1.7376793177026302,0.8095238095238101,train,0
glucose,0.5,7.0,CV,5,0.0498590482151023,0.0766961649621043,0.286578675883932,-0.0250545790041644,0.1,1.4,-4.514336028066394e-06,0.0271514113554912,-0.0309594652717568,0.286578675883932,0.4829659318637275,0.227254509018036,0.0489096219183993,0.2734071636796019,0.8409090909090925,train,3
ascorbic_acid,10.0,6.0,CV,7,0.6760747481967341,1.353811151578226,5.381198405350031,-0.5054053432969776,0.1,1.4,-0.0002366343976231,0.3920631031686281,-0.3994742544251826,5.381198405350031,0.087374749498998,0.1935871743486974,0.7950207197858956,5.293980991494639,0.7250000000000003,train,2
aluminum,5.0,8.0,CV,2,0.2088917383843211,0.6952186022704835,2.815302117002795,-1.4876208602905507,0.1,1.4,-0.0001704808294419,0.1991674874515417,-0.3392481892965274,2.815302117002795,-0.3054108216432865,0.1655310621242484,0.3518759620090275,2.7878312421609777,0.9666666666666668,train,5
uric_acid,10.0,7.0,CV,6,0.4602387490416003,1.0779152358647983,4.6356960877954885,-0.4444799463795412,0.1,1.4,0.0002959412813815,0.500329072517516,-0.3775685574566225,4.6356960877954885,0.342685370741483,0.1571142284569138,0.5663232116105756,4.580379667950032,0.6969696969696967,train,1
copper,1.0,7.0,CV,5,0.0415738947465005,0.242510925255434,1.0658346511963903,-0.7619680288699514,0.1,1.4,-1.456955952079203e-05,0.0831990238946446,-0.0780789822090749,1.0658346511963903,-0.0529058116232464,0.1010020040080159,0.0826003158986534,1.0598486371449745,0.8000000000000004,train,4
copper,10.0,6.0,CV,2,0.2334012975873822,1.424157114933593,6.267262576009276,-4.567846306140515,0.1,1.4,-6.007373481746276e-05,0.4127870240567859,-0.4598920731261562,6.267262576009276,-0.0529058116232464,0.0981963927855711,0.4788252097623526,6.252648797276335,0.8421052631578941,train,4
aluminum,10.0,8.0,CV,2,0.3238322755996056,1.0814601504040036,4.378406635459358,-2.315642431622364,0.1,1.4,-0.0002667384089967,0.3097607105299991,-0.5276920372010305,4.378406635459358,-0.3054108216432865,0.1655310621242484,0.5473465028943031,4.3364454958965295,0.9666666666666668,train,5
glucose,1.0,8.0,CV,1,0.0924226779411725,0.1491800056857297,0.5555576821999013,-0.054218934065405,0.1,1.4,1.3268728132544483e-05,0.0521154227848533,-0.043127483639191,0.5555576821999013,0.4380761523046091,0.2328657314629258,0.0970251277542642,0.5352515340699725,0.5090909090909089,train,3
copper,0.5,6.0,CV,7,0.0213690075384983,0.1232186886432767,0.5380746609674638,-0.3803662926385143,0.1,1.4,-1.4556952146980367e-05,0.0372639863660843,-0.0411164601453295,0.5380746609674638,-0.0613226452905811,0.101002004008016,0.0425770880651192,0.5357972203182818,0.8947368421052625,train,4
copper,1.0,6.5,CV,6,0.0410116883574965,0.2403350219715585,1.042026686695103,-0.7509061860844125,0.1,1.4,5.722370126198908e-05,0.0928727966495265,-0.0720359419269267,1.042026686695103,-0.0613226452905811,0.0981963927855711,0.0811858839638998,1.0366054406953715,0.6666666666666666,train,4
copper,0.5,7.0,CV,3,0.0230340569143223,0.1248442769161858,0.5436078580299061,-0.3899205892072028,0.1,1.4,-0.0001135599832922,0.0343836729693281,-0.0609921243847923,0.5436078580299061,-0.0472945891783567,0.101002004008016,0.0426644553670885,0.5389788076802732,0.8947368421052635,train,4
aluminum,0.2,6.0,CV,4,0.0133858242132896,0.0375916564673534,0.1479845669996916,-0.0774959698071085,0.1,1.4,-2.4261020595946474e-05,0.0122805327614801,-0.0211905377501658,0.1479845669996916,-0.3362725450901803,0.1683366733466934,0.0193058883614005,0.1445194227142527,0.7142857142857145,train,5
glucose,10.0,8.0,CV,5,0.54153234647321,0.8962169222560405,3.2350195127592465,-0.3346840068861375,0.1,1.4,-8.153668776871931e-05,0.3237561772616992,-0.3482739005455154,3.2350195127592465,0.4408817635270542,0.2356713426853707,0.5840185650445435,3.121279553775282,0.6470588235294132,train,3
ascorbic_acid,0.5,6.0,CV,9,0.0624681208760978,0.117202047749324,0.4654727653642899,-0.0445634760805165,0.1,1.4,-2.186039123834782e-05,0.0392003983516512,-0.0358894383165646,0.4654727653642899,0.0985971943887775,0.1907815631262526,0.0682215810477261,0.4522467842364105,1.0,train,2
aluminum,2.0,6.5,CV,9,0.1025809471803814,0.3342800253470309,1.3331491827051862,-0.6925448837286916,0.1,1.4,-0.0001732110319347,0.1077016367597386,-0.1573841582296321,1.3331491827051862,-0.3222444889779559,0.1627254509018036,0.1666480827444973,1.318559032965303,0.8709677419354849,train,5
uric_acid,2.0,7.5,CV,1,0.1443917968973294,0.3366204496321949,1.4781317200822748,-0.1220581694713004,0.1,1.4,2.4392960516463475e-05,0.1075132536613664,-0.0946133515502475,1.4781317200822748,0.3258517034068136,0.151503006012024,0.1737216263451172,1.4629389249972011,0.8620689655172404,train,1
dopamine,1.0,6.5,CV,1,0.0492038314016343,0.2057621294295363,0.9445618235170372,-0.5113154596414149,0.1,1.4,1.4349895642258588e-05,0.067332516621925,-0.0640020897908923,0.9445618235170372,0.2360721442885771,0.1150300601202404,0.0836230614198118,0.9382614906760536,0.7826086956521736,train,0
aluminum,1.0,7.0,CV,3,0.0569052181013832,0.1780769437812308,0.6945256907049939,-0.3646605051247921,0.1,1.4,-0.0002516915509225,0.0583767927413013,-0.1074336702261696,0.6945256907049939,-0.294188376753507,0.1627254509018035,0.0897568233612629,0.6852165189849455,0.611111111111111,train,5
dopamine,0.5,6.5,CV,9,0.0277032665479538,0.1072121698832975,0.4950846124252945,-0.2616795602780351,0.1,1.4,-1.5870499107771634e-05,0.0327734441007804,-0.0448825697018867,0.4950846124252945,0.2276553106212424,0.1094188376753506,0.0417246347318335,0.4897604081364297,0.8571428571428567,train,0
uric_acid,0.2,7.0,CV,6,0.0192003030918859,0.0380310509753496,0.1671678207029907,-0.0141805562705343,0.1,1.4,1.3375793719257262e-05,0.0180307799743467,-0.0135690724308166,0.1671678207029907,0.342685370741483,0.1571142284569138,0.0200481626236065,0.1622137610351245,0.6969696969696967,train,1
aluminum,5.0,7.0,CV,5,0.2104742073148525,0.6837888016470399,2.702326765538169,-1.456142649318586,0.1,1.4,-0.0002493870909289,0.208315639831933,-0.2584409994454704,2.702326765538169,-0.3054108216432865,0.1739478957915831,0.3568258960513506,2.670451583153018,0.8235294117647058,train,5
glucose,5.0,6.5,CV,3,0.3448644987463915,0.5678888258265904,2.052404803380713,-0.2298057342434238,0.1,1.4,-0.0006833419190657,0.194598731823231,-0.3597476625874219,2.052404803380713,0.4829659318637275,0.2440881763527054,0.3802598800899405,1.981150297253816,0.6730769230769229,train,3
glucose,2.0,7.0,CV,7,0.1656340792159387,0.2741051534431034,0.9984970424790284,-0.1195552552861686,0.1,1.4,-4.756352775143629e-05,0.0873936868608287,-0.072596644559897,0.9984970424790284,0.4521042084168337,0.2328657314629258,0.1775082679536025,0.9639695475344596,0.4561403508771939,train,3
uric_acid,0.2,7.0,CV,2,0.0191514462906993,0.0382849082883435,0.1735415178505618,-0.0120033648026669,0.1,1.4,7.553731386208424e-07,0.0143249738188607,-0.0131252559943955,0.1735415178505618,0.3539078156312625,0.1402805611222445,0.0187256223213318,0.1685802916868129,0.9230769230769234,train,1
glucose,2.0,7.5,CV,0,0.167753693000546,0.2759636597232344,1.0018447959744925,-0.1148859409631005,0.1,1.4,-7.444250775023267e-06,0.0843974399373361,-0.0974020431868662,1.0018447959744925,0.4633266533066132,0.2356713426853707,0.1810169499687343,0.9679493175966584,0.6800000000000007,train,3
glucose,2.0,6.5,CV,6,0.1666278882904866,0.2717237187656149,1.0608745580684142,-0.096088884823779,0.1,1.4,8.400107339509694e-05,0.1385778859916009,-0.087357376506341,1.0608745580684142,0.4829659318637275,0.2244488977955911,0.1719741210849473,1.0221531738748952,0.5686274509803938,train,3
uric_acid,2.0,6.0,CV,4,0.1424516527893348,0.3274979470652363,1.4208961429671028,-0.1620269841835148,0.1,1.4,-0.0001033150709721,0.0968131250167416,-0.1224747085771367,1.4208961429671028,0.4044088176352706,0.1543086172344691,0.1701320400816802,1.4016852771144792,0.9642857142857136,train,1
aluminum,2.0,6.0,CV,0,0.1000782994484716,0.331260409147822,1.2806955842727463,-0.7392445576466815,0.1,1.4,-0.0001350803305706,0.0959460499245494,-0.1125258736335102,1.2806955842727463,-0.344689378757515,0.1599198396793587,0.1636054435471304,1.266917998485258,0.628571428571429,train,5
aluminum,0.5,7.5,CV,8,0.0297587683222307,0.0931936536468387,0.3687026414220599,-0.2079164076110591,0.1,1.4,-1.3383164862251814e-05,0.0283719804794172,-0.0510940842422287,0.3687026414220599,-0.2997995991983967,0.1739478957915831,0.0484877285880205,0.3627189676166816,0.8787878787878786,train,5
uric_acid,0.5,8.0,CV,8,0.0430829901624443,0.0948367665626567,0.4429846097517972,-0.0351118810946747,0.1,1.4,8.29994379133946e-06,0.0242404973702102,-0.0337495000715721,0.4429846097517972,0.3034068136272545,0.1458917835671341,0.0473025522059521,0.4355271593490961,0.925925925925926,train,1
glucose,0.1,8.0,CV,9,0.0136079785239884,0.0158324974147197,0.0622445054623448,-0.0030104395209802,0.1,1.4,-9.126382246731832e-07,0.0060881175189973,-0.0058813678104877,0.0622445054623448,0.4857715430861723,0.2356713426853708,0.0104209178520038,0.0559406457435022,0.7872340425531921,train,3
dopamine,0.1,7.5,CV,8,0.0081352783848676,0.0225023218881214,0.1061622028926109,-0.0510616671447032,0.1,1.4,3.976307554668723e-06,0.0072088504430798,-0.008895519711701,0.1061622028926109,0.1715430861723447,0.1094188376753506,0.0089024834218192,0.1026304520684407,0.8571428571428567,train,0
aluminum,10.0,7.0,CV,0,0.3193057855771566,1.0771335555049693,4.136639295189326,-2.4036785030581447,0.1,1.4,-0.0003315595625028,0.3113882606930037,-0.4993156139998256,4.136639295189326,-0.3166332665330661,0.1795591182364729,0.5720415507534105,4.094198643249866,0.9393939393939396,train,5
copper,2.0,6.0,CV,8,0.0735067759481811,0.4439101631504475,1.9681715932945216,-1.4155063902116527,0.1,1.4,2.408552043189005e-05,0.1560647646602679,-0.1186298323065188,1.9681715932945216,-0.0613226452905811,0.0925851703406814,0.143778761613743,1.961248460642666,0.8333333333333318,train,4
uric_acid,0.2,6.0,CV,1,0.0187054002501807,0.0375006593167798,0.1655439022256808,-0.0194039242987662,0.1,1.4,5.245213420919026e-06,0.0121589299958296,-0.0116038547595138,0.1655439022256808,0.3987975951903807,0.1486973947895792,0.019111504193561,0.1607387893576575,0.7666666666666656,train,1
uric_acid,1.0,6.5,CV,5,0.0788429693711197,0.1783043720473558,0.7565865566826611,-0.0709412614451715,0.1,1.4,-1.2624113916445016e-05,0.0716932350829002,-0.04795111570018,0.7565865566826611,0.3819639278557114,0.1543086172344688,0.0920206131916742,0.74432305410403,0.9642857142857136,train,1
dopamine,10.0,7.5,CV,1,0.287131041591374,1.2684495792846222,6.004407145092926,-3.225224847165698,0.1,1.4,7.362189984049439e-05,0.3624847661306103,-0.417008051725813,6.004407145092926,0.1659318637274549,0.1094188376753506,0.4964926066674309,5.978125457072204,0.6956521739130435,train,0
glucose,5.0,7.0,CV,2,0.3427538058940932,0.5669414592386234,2.1089504529035503,-0.229941543690358,0.1,1.4,-2.9937150660769323e-05,0.1720421309742149,-0.2095067513352599,2.1089504529035503,0.4829659318637275,0.2412825651302604,0.3756430334049128,2.035705725752376,0.8297872340425544,train,3
ascorbic_acid,2.0,6.0,CV,4,0.2153971575999745,0.4246272620422283,1.6908331029207735,-0.1725656019420818,0.1,1.4,-0.0001403201587539,0.1328410407244285,-0.165178737949985,1.6908331029207735,0.1070140280561122,0.1935871743486974,0.2507187490572865,1.6554361772403896,0.8157894736842106,train,2
glucose,5.0,8.0,CV,4,0.3486277764867984,0.5688745748156874,2.098717391412208,-0.2557738318255658,0.1,1.4,-0.0001998135398411,0.1848450376357938,-0.2338343538592247,2.098717391412208,0.4268537074148296,0.2328657314629257,0.3674309526272692,2.01867010744737,0.4821428571428568,train,3
copper,10.0,8.0,CV,1,0.2331627383017783,1.4458244663850652,6.460578971970056,-4.451322900216735,0.1,1.4,8.048860765940252e-05,0.4630410606421736,-0.4120937639685176,6.460578971970056,-0.0360721442885771,0.0981963927855711,0.4873256873109042,6.443566048723212,0.842105263157898,train,4
copper,10.0,6.5,CV,8,0.2335743191131455,1.437170693940987,6.29691660041705,-4.5114391801993285,0.1,1.4,7.169378293666478e-05,0.4901288551275252,-0.3952656412984081,6.29691660041705,-0.0613226452905811,0.101002004008016,0.4919550489972624,6.279139636070846,0.7142857142857142,train,4
dopamine,2.0,6.5,CV,8,0.0901175017418461,0.3828880139988433,1.7597153278703754,-0.9326170233468142,0.1,1.4,2.212370987672918e-05,0.1173535729383203,-0.1340420461109995,1.7597153278703754,0.2276553106212424,0.1094188376753507,0.1500897895103662,1.7491345088537786,0.9499999999999992,train,0
ascorbic_acid,5.0,7.5,CV,1,0.4510506184261712,0.8897769854130274,3.490189948024436,-0.3678869044257676,0.1,1.4,6.323482170721095e-05,0.3013017171781427,-0.2806245846532097,3.490189948024436,0.0200400801603206,0.1879759519038075,0.514671064757464,3.414739234209061,0.6341463414634151,train,2
glucose,5.0,7.5,CV,7,0.3412919617530423,0.5714651033174064,2.1333296638842936,-0.2523645347931904,0.1,1.4,-0.0001019000048602,0.181731076710147,-0.1509010543568859,2.1333296638842936,0.4521042084168337,0.230060120240481,0.3676990061651903,2.0659361172247253,0.5769230769230774,train,3
dopamine,2.0,6.0,CV,5,0.0902980715010234,0.3766612008955508,1.7236238154794443,-0.8929188981002968,0.1,1.4,-2.5858669712979215e-05,0.1110816039129413,-0.1246021164567572,1.7236238154794443,0.2669338677354709,0.1150300601202404,0.1529509002128921,1.7113519020748431,0.7083333333333346,train,0
dopamine,5.0,7.5,CV,4,0.1896758901971986,0.8203222534143956,3.758089293659678,-2.123820782392815,0.1,1.4,-0.0002272038997665,0.2559740463803013,-0.3259549172411438,3.758089293659678,0.1743486973947895,0.1122244488977955,0.3293176956059883,3.74308328253264,0.999999999999998,train,0
ascorbic_acid,1.0,8.0,CV,5,0.1220710398281098,0.236791263994921,0.9850224094596256,-0.1014735020419561,0.1,1.4,-1.864937281897033e-05,0.072081639261497,-0.0802634866294711,0.9850224094596256,0.0172344689378757,0.1823647294589178,0.1335208684964807,0.963316476695034,0.9696969696969692,train,2
ascorbic_acid,1.0,8.0,CV,1,0.1203029671622629,0.2331750349898296,0.9189001366458152,-0.0952081793076208,0.1,1.4,1.866723914499896e-05,0.0792317338385961,-0.0711781192643136,0.9189001366458152,0.0200400801603206,0.1879759519038075,0.1347681612227524,0.8971855112315112,0.9705882352941184,train,2
aluminum,0.5,6.5,CV,8,0.0296283179706631,0.0924462277105876,0.3565446006603411,-0.1999417972151781,0.1,1.4,-2.189149660854173e-05,0.0283523859544727,-0.042615847949283,0.3565446006603411,-0.319438877755511,0.1711422845691382,0.0476836582419966,0.3503164207260723,0.9062499999999996,train,5
copper,0.2,8.0,CV,3,0.0106997794478627,0.0515504382477247,0.2297414866363779,-0.1620874538496932,0.1,1.4,-4.557131403308336e-05,0.0153582580267264,-0.0253434135343492,0.2297414866363779,-0.038877755511022,0.0981963927855711,0.0172738160844344,0.2266209821266644,0.9444444444444456,train,4
copper,5.0,8.0,CV,9,0.1565417836417059,0.9300014129377756,4.071373469269843,-2.8774316824662898,0.1,1.4,-0.0001523666969387,0.3874781990796532,-0.2702953299113877,4.071373469269843,-0.0416833667334669,0.0981963927855711,0.3149406606974236,4.057433103100907,0.8421052631578941,train,4
copper,5.0,7.5,CV,0,0.1504824839051328,0.9279084879869692,4.036229057886069,-2.9685123565947054,0.1,1.4,-2.360375382517152e-05,0.2732314220217061,-0.3817457060025492,4.036229057886069,-0.0529058116232464,0.0981963927855711,0.3124479096531897,4.025165326559788,0.6666666666666666,train,4
uric_acid,0.1,7.5,CV,4,0.0112445265523808,0.0193012564246482,0.0885359514364434,-0.0061480260674442,0.1,1.4,-3.6786500745309054e-06,0.0059185791402255,-0.0074938532497638,0.0885359514364434,0.3286573146292585,0.1458917835671341,0.0097144066468062,0.084348751068073,0.9999999999999984,train,1
ascorbic_acid,10.0,7.5,CV,9,0.7111427056415347,1.392395025664882,5.529156358694619,-0.5712088206000133,0.1,1.4,-0.0002891286543566,0.5237916914584099,-0.4249866004195719,5.529156358694619,0.0228456913827654,0.1991983967935872,0.8345504974187883,5.406078298092744,0.6904761904761892,train,2
dopamine,5.0,8.0,CV,8,0.1902552976191893,0.8232811103626494,3.720896591081243,-2.112512746016466,0.1,1.4,4.429026187023388e-05,0.2656691500731483,-0.2821618048023159,3.720896591081243,0.1490981963927855,0.1178356713426853,0.3394228795726153,3.70412832780139,1.0,train,0
dopamine,0.1,6.0,CV,0,0.007898990457945,0.0217246915672508,0.1001611332111657,-0.0524682972218118,0.1,1.4,2.139656829972004e-06,0.006315283637015,-0.0073942099621432,0.1001611332111657,0.2529058116232465,0.1122244488977955,0.0086613195200992,0.0967214145412381,0.8181818181818203,train,0
glucose,5.0,6.0,CV,7,0.3334300499729468,0.5608238351149877,2.018160454843251,-0.2487458333517871,0.1,1.4,-0.0001000450179284,0.178397930738075,-0.1482278288442132,2.018160454843251,0.5138276553106212,0.2384769539078157,0.3691836519090113,1.9561422149951704,0.9318181818181815,train,3
copper,2.0,6.5,CV,1,0.072671366000989,0.4423377244294804,1.9294784620204528,-1.373728626482469,0.1,1.4,2.6578776127979585e-05,0.142479890942304,-0.127495474216742,1.9294784620204528,-0.0501002004008015,0.0981963927855711,0.1497119965320327,1.923741576488574,0.8421052631578934,train,4
dopamine,5.0,7.0,CV,3,0.1916582070907624,0.8064020682790297,3.703171345575255,-2.018949436662368,0.1,1.4,-0.0007805271972504,0.2085382040590113,-0.4107051223918334,3.703171345575255,0.2024048096192384,0.1122244488977955,0.3223226457774309,3.682251712552991,0.904761904761905,train,0
copper,10.0,8.0,CV,9,0.2423981662445903,1.446688000339207,6.332045492634265,-4.47774472247898,0.1,1.4,-0.0002385277544057,0.6026744446615527,-0.4204289146656612,6.332045492634265,-0.0416833667334669,0.0981963927855711,0.4898831276095287,6.311281033114816,0.8421052631578941,train,4
copper,0.1,8.0,CV,0,0.0061425733158055,0.0258812556935396,0.1138747787105566,-0.0776394940363491,0.1,1.4,2.054867889539831e-06,0.0081339199706863,-0.011075676801726,0.1138747787105566,-0.0416833667334669,0.0981963927855711,0.0087375195070987,0.1117648956207496,0.8421052631578941,train,4
uric_acid,5.0,8.0,CV,8,0.3007755634490954,0.705562756332254,3.270249267130523,-0.2789152554296215,0.1,1.4,4.336687670601286e-05,0.1788497059398469,-0.2495962430122822,3.270249267130523,0.3034068136272545,0.1458917835671341,0.3518681429932236,3.236782985080935,0.925925925925926,train,1
dopamine,0.5,8.0,CV,8,0.0282055955449095,0.1107653106040454,0.5034912701022334,-0.2815521884847516,0.1,1.4,8.419024248573991e-06,0.0358924119988606,-0.0380773407700046,0.5034912701022334,0.1490981963927855,0.1178356713426853,0.0457004421390426,0.498756352920613,1.0,train,0
dopamine,0.1,6.0,CV,2,0.0079627866264741,0.021793402365773,0.1033327715998108,-0.0531651418607478,0.1,1.4,1.7701654861046668e-06,0.0062653601063,-0.007354246244023,0.1033327715998108,0.2529058116232465,0.1066132264529058,0.0084377994564848,0.0999239629727155,0.8095238095238101,train,0
glucose,1.0,7.5,CV,2,0.0924673444425897,0.1477857710544029,0.5496105010470365,-0.0566387428181911,0.1,1.4,-5.785904565590774e-06,0.0459669564446864,-0.0549786371431447,0.5496105010470365,0.4829659318637275,0.2384769539078156,0.0971964522487023,0.527178507327023,0.9767441860465113,train,3
glucose,0.2,6.0,CV,2,0.0223676854925571,0.0308407221928494,0.118926287945813,-0.0092114472961852,0.1,1.4,9.529349691876052e-07,0.0093922922959283,-0.011861186347906,0.118926287945813,0.4997995991983969,0.2328657314629258,0.0200935120740694,0.1111705354506348,0.6600000000000013,train,3
uric_acid,1.0,7.5,CV,7,0.0785145793492431,0.1826537792120997,0.8151048911773858,-0.0712696025139932,0.1,1.4,-2.768921524532395e-05,0.0530341935009685,-0.0476244771668925,0.8151048911773858,0.3230460921843687,0.1543086172344688,0.0950372043184775,0.8074965411197972,0.8333333333333331,train,1
copper,0.5,8.0,CV,2,0.0224286176792491,0.1256682915136903,0.552266247430225,-0.390785107014073,0.1,1.4,-2.766933831557829e-06,0.0394914909323124,-0.037033430327747,0.552266247430225,-0.0444889779559117,0.101002004008016,0.0431865125711944,0.5495217097027446,0.7142857142857151,train,4
dopamine,0.2,6.0,CV,0,0.0127242474998936,0.0431806719223757,0.1958812938635384,-0.1068083022535965,0.1,1.4,1.503211273085999e-06,0.0123852889085916,-0.0145492122290219,0.1958812938635384,0.2529058116232465,0.1122244488977955,0.0172286551666303,0.1922758270901193,0.8181818181818203,train,0
uric_acid,5.0,6.5,CV,7,0.2890757866396828,0.6920419979356813,3.0332531848910405,-0.2802451159573123,0.1,1.4,-0.0001123857968599,0.2127131805298628,-0.2009381870517439,3.0332531848910405,0.3735470941883767,0.151503006012024,0.3560236772950312,3.012966088314009,0.8000000000000005,train,1
ascorbic_acid,0.2,8.0,CV,0,0.0279760389895637,0.0500364319997919,0.2144145439348173,-0.0215144442557346,0.1,1.4,9.915202356645947e-07,0.0151029243030174,-0.0176799357624765,0.2144145439348173,0.0144288577154308,0.176753507014028,0.0276699872493346,0.2075728080830763,0.8529411764705892,train,2
dopamine,2.0,7.0,CV,8,0.0911671584604907,0.3874205081740524,1.8002934031373552,-0.9536753560025882,0.1,1.4,2.236730349513735e-05,0.0948544619290409,-0.134486526023637,1.8002934031373552,0.1967935871743487,0.1122244488977955,0.1552233838186119,1.7896427714408394,0.818181818181817,train,0
uric_acid,0.1,8.0,CV,5,0.0113482953393917,0.0193951008128388,0.0908422553224946,-0.0064599494480864,0.1,1.4,1.0545553960717158e-06,0.0064745212994032,-0.0053994691553715,0.0908422553224946,0.2977955911823647,0.1402805611222445,0.0095032157358295,0.086491664429791,0.7857142857142864,train,1
glucose,0.1,6.0,CV,5,0.0133113975635744,0.015664683958931,0.0620352051439698,-0.0021526952385806,0.1,1.4,1.2168124721302528e-06,0.0057046437696159,-0.0067071875246829,0.0620352051439698,0.5054108216432865,0.2440881763527054,0.0105993923682,0.0560747727973647,0.7058823529411755,train,3
glucose,0.5,8.0,CV,5,0.0505175094826582,0.0774571169124164,0.2839770654139558,-0.0253929564132926,0.1,1.4,-4.598167981008584e-06,0.0283752220533089,-0.0305280356641825,0.2839770654139558,0.4408817635270542,0.2356713426853707,0.0506025726025368,0.2704622544336029,0.6470588235294132,train,3
aluminum,2.0,8.0,CV,8,0.101591873178709,0.3349312765387481,1.3358979243015234,-0.7558812935128139,0.1,1.4,-4.276010058376348e-05,0.1012441539588692,-0.1154689559358083,1.3358979243015234,-0.2997995991983967,0.1599198396793587,0.1653619245812858,1.31995983881381,0.9655172413793112,train,5
glucose,0.1,7.0,CV,3,0.0135494638934546,0.0158019482778967,0.0620427603636882,-0.0043964829138798,0.1,1.4,-1.7839927263237117e-05,0.0058591972432349,-0.0108029290799169,0.0620427603636882,0.4829659318637275,0.2328657314629258,0.0103392589997824,0.0557592094866634,0.8444444444444444,train,3
glucose,0.1,6.0,CV,9,0.0133201101786542,0.0155658817360869,0.0615755378500308,-0.002920508748236,0.1,1.4,-8.43439100177706e-07,0.0061304379954613,-0.0059683471226635,0.0615755378500308,0.522244488977956,0.227254509018036,0.0099975988947667,0.055432305468791,0.9285714285714284,train,3
copper,5.0,6.0,CV,7,0.1459085582864363,0.9154737906107404,3.9832387051088936,-2.8454749959458074,0.1,1.4,-0.0001257253147807,0.27638999746784,-0.3048914643333456,3.9832387051088936,-0.0613226452905811,0.101002004008016,0.3160657051054373,3.977726943584401,0.8947368421052625,train,4
copper,0.5,6.0,CV,2,0.022024032871229,0.1232242412164769,0.5443804469256542,-0.3924754235575042,0.1,1.4,-2.6558999287194795e-06,0.0357733774582928,-0.039872782648696,0.5443804469256542,-0.0529058116232464,0.0981963927855711,0.0414819825876846,0.5416555559202231,0.8421052631578941,train,4
glucose,0.5,7.5,CV,9,0.0502358964581689,0.0766965391515589,0.2873590689268618,-0.0282754652179578,0.1,1.4,-1.4101756489835346e-05,0.0279423641969984,-0.0272176486480466,0.2873590689268618,0.4857715430861723,0.2272545090180361,0.0490306077413001,0.2738402516372599,0.8409090909090918,train,3
glucose,0.5,7.0,CV,6,0.0497046420182261,0.0761089658889423,0.3023589942199198,-0.0258019780369045,0.1,1.4,2.5849812362549757e-05,0.0393221200547823,-0.0256229564330235,0.3023589942199198,0.4829659318637275,0.2300601202404809,0.0490345160236784,0.2884553460529496,0.7826086956521745,train,3
ascorbic_acid,2.0,6.5,CV,6,0.2174029840488884,0.4266877554063512,1.7072881352385156,-0.1874719315109035,0.1,1.4,0.0001246987842031,0.2080429738745542,-0.1341121390417842,1.7072881352385156,0.0789579158316633,0.1991983967935872,0.2551076286802501,1.6727723410298585,0.9722222222222218,train,2
ascorbic_acid,2.0,6.0,CV,3,0.218114213073643,0.4193648604167723,1.7365867467883316,-0.1855620346544937,0.1,1.4,-0.0004906301061901,0.1636465294360172,-0.2587024771245434,1.7365867467883316,0.0929859719438878,0.1739478957915832,0.23109028356719,1.695694311030036,0.7714285714285721,train,2
aluminum,5.0,8.0,CV,5,0.211095096794626,0.688789186887411,2.7648180001048037,-1.407552337177397,0.1,1.4,-0.0001945495506372,0.209989534619844,-0.2546802276583796,2.7648180001048037,-0.3054108216432865,0.1683366733466934,0.3536901449130673,2.732700001894708,0.8750000000000009,train,5
dopamine,5.0,6.5,CV,8,0.1834599265615772,0.7932280877669954,3.641923517730355,-1.9348506402820944,0.1,1.4,4.2786531256833406e-05,0.2429868704562803,-0.2775413468314819,3.641923517730355,0.2276553106212424,0.1094188376753507,0.3109460231070811,3.623517369664469,0.9499999999999992,train,0
ascorbic_acid,0.5,7.0,CV,5,0.0636174062078664,0.1203308232820382,0.4766304415737551,-0.0508565451862452,0.1,1.4,-8.152158747146532e-06,0.0360505802452205,-0.0409677768102805,0.4766304415737551,0.0480961923847695,0.1851703406813627,0.0689632096785957,0.4647669897596924,0.7837837837837843,train,2
copper,10.0,6.5,CV,7,0.22698443071028,1.4315878171716476,6.194337167496792,-4.4352408589223415,0.1,1.4,-0.0001981799442134,0.4197189798786707,-0.4660407493943812,6.194337167496792,-0.0529058116232464,0.0981963927855711,0.4853608305319732,6.187082543217502,0.9444444444444446,train,4
uric_acid,2.0,8.0,CV,3,0.1496690369275695,0.3410363321844159,1.493973352530641,-0.1421325959307843,0.1,1.4,-0.0003764593117333,0.1082320587458661,-0.1988389486350308,1.493973352530641,0.3230460921843687,0.1486973947895792,0.171634081959916,1.4715228343221296,0.709677419354839,train,1
uric_acid,0.2,7.5,CV,6,0.0193465987373064,0.0383605994615693,0.1709018247969773,-0.0145548114659906,0.1,1.4,1.346765246897056e-05,0.0181875695331439,-0.0128323402552063,0.1709018247969773,0.3342685370741483,0.1458917835671341,0.0191615158110661,0.1658848910000774,0.8571428571428561,train,1
glucose,1.0,6.0,CV,2,0.0904108265300073,0.1452215671743897,0.5419788589095124,-0.0555666729598712,0.1,1.4,-5.636502346762228e-06,0.0428775311479475,-0.0540227095259645,0.5419788589095124,0.4997995991983969,0.2328657314629258,0.0941178966497388,0.5206135298793219,0.6600000000000013,train,3
copper,2.0,8.0,CV,5,0.0764275692257307,0.4558615599898447,1.985427644653979,-1.4528632628347913,0.1,1.4,-2.9829141918141124e-05,0.1577689764280475,-0.1401866163366275,1.985427644653979,-0.0416833667334669,0.0953907815631263,0.1494338391137087,1.9756647070465525,0.8888888888888872,train,4
dopamine,0.2,7.0,CV,2,0.0130970649297045,0.0441941745707612,0.202311206550666,-0.1056315601080345,0.1,1.4,7.291237801030862e-07,0.0117242637258275,-0.015460644342491,0.202311206550666,0.2164328657314629,0.1094188376753507,0.0174412513306192,0.1986143549706307,0.6250000000000004,train,0
uric_acid,10.0,8.0,CV,0,0.4635501858235903,1.1010465466713364,4.736274619254262,-0.5378970754688845,0.1,1.4,-3.4423472873233164e-05,0.3857713862197893,-0.3739698946200732,4.736274619254262,0.3090180360721443,0.151503006012024,0.564116648953735,4.6882954288888135,0.9285714285714288,train,1
glucose,2.0,7.5,CV,3,0.1710692439985841,0.2769871511934193,1.0197583728148922,-0.1101713413901872,0.1,1.4,-0.0003331873788633,0.0948625418010659,-0.176150041209278,1.0197583728148922,0.4577154308617234,0.2440881763527054,0.1861232682096783,0.9821062519070994,0.6111111111111099,train,3
copper,5.0,7.0,CV,1,0.1491274449859927,0.9206520041286468,4.039708787727385,-2.857170775823324,0.1,1.4,5.227642304544547e-05,0.2999843965532625,-0.2636695415257173,4.039708787727385,-0.0501002004008015,0.101002004008016,0.316623236083204,4.028717268634456,0.9999999999999978,train,4
dopamine,5.0,6.5,CV,4,0.1851492487607954,0.7986942743917166,3.7026555944419672,-2.1442480315409296,0.1,1.4,-0.0002215766641735,0.2372343554525253,-0.2655864756900947,3.7026555944419672,0.2192384769539078,0.1066132264529058,0.3090580700150171,3.687931766573924,0.6521739130434792,train,0
uric_acid,2.0,8.0,CV,5,0.1480849556663838,0.3394173163798088,1.528358328161349,-0.140033859823186,0.1,1.4,-2.665473315042294e-05,0.1096076840667216,-0.0919906364501947,1.528358328161349,0.2977955911823647,0.1402805611222445,0.1661930690568649,1.5078772000984042,0.7857142857142864,train,1
uric_acid,10.0,8.0,CV,5,0.4704956073847652,1.0940436561597662,4.917869910434016,-0.4549870800760525,0.1,1.4,-9.199031877584146e-05,0.3527848257496618,-0.2961634940716731,4.917869910434016,0.2977955911823647,0.1402805611222445,0.5357644591927946,4.860161696920292,0.7857142857142864,train,1
dopamine,5.0,6.5,CV,0,0.1817752985311518,0.7933431967641368,3.579290815665677,-1.986037306397254,0.1,1.4,-2.07931440186197e-05,0.2801942997798556,-0.2763559884695257,3.579290815665677,0.2276553106212424,0.1122244488977955,0.3162755688165864,3.5684264854988013,0.904761904761905,train,0
glucose,0.5,6.5,CV,1,0.0489003595403095,0.0763333745670372,0.2786876500758994,-0.0305328287455731,0.1,1.4,8.185974204521128e-06,0.0268036949482455,-0.0221752984458915,0.2786876500758994,0.4857715430861723,0.2440881763527054,0.0513666706789736,0.2667483778556844,0.7058823529411755,train,3
glucose,1.0,6.0,CV,7,0.0893983231959363,0.1453584778323759,0.5266613913135494,-0.0619536879117625,0.1,1.4,-2.4032516131006596e-05,0.0465493984918835,-0.0386860549356639,0.5266613913135494,0.5138276553106212,0.2384769539078157,0.0957528489856925,0.5074090551482876,0.9318181818181815,train,3
uric_acid,1.0,8.0,CV,8,0.0801992044218385,0.18279984516883,0.8502037990861815,-0.0702275934474448,0.1,1.4,1.3350736597979724e-05,0.0465093134193348,-0.0648385371206456,0.8502037990861815,0.3034068136272545,0.1458917835671341,0.0911525299002038,0.8388803082963731,0.925925925925926,train,1
glucose,0.1,8.0,CV,5,0.0135991006863761,0.0159181039977197,0.0621051070970878,-0.0023567631384032,0.1,1.4,1.186683130849413e-06,0.0061661276767382,-0.0066373691317515,0.0621051070970878,0.4829659318637275,0.2356713426853707,0.0104645275949328,0.0559920238620041,0.7499999999999992,train,3
aluminum,0.1,7.0,CV,7,0.0076017639302155,0.0191222312963572,0.0782699224152705,-0.0361427366157724,0.1,1.4,-5.871088716811412e-06,0.0058495864757803,-0.0058426164072311,0.0782699224152705,-0.3110220440881763,0.1683366733466934,0.0097506545632741,0.0760156327155319,0.935483870967742,train,5
copper,0.1,7.5,CV,4,0.0062288945390183,0.0258579853335092,0.1153317580480405,-0.0802472167056755,0.1,1.4,-4.299880095451799e-06,0.0101579054597785,-0.0082107553475811,0.1153317580480405,-0.0472945891783567,0.0981963927855711,0.0086966651555477,0.1131500350441856,0.8421052631578941,train,4
ascorbic_acid,0.2,7.0,CV,9,0.0278446820725773,0.0489451571078559,0.1938349490871783,-0.017118702124365,0.1,1.4,-7.597631064273747e-06,0.0177954908217819,-0.0151252833548307,0.1938349490871783,0.0593186372745491,0.1963927855711422,0.0290533763198412,0.1864950507585167,1.0,train,2
dopamine,0.1,7.0,CV,0,0.0080223912380601,0.0221882689983296,0.1024068953381788,-0.0510703266258548,0.1,1.4,2.1229095499877715e-06,0.0090694433643047,-0.0090281954341984,0.1024068953381788,0.1995991983967936,0.1038076152304608,0.0084081391369412,0.098989339975258,0.9473684210526307,train,0
copper,0.5,7.5,CV,4,0.0224958590214759,0.1253566248914547,0.5505334586080439,-0.4007015006349326,0.1,1.4,-3.11131432390227e-05,0.0488205079210768,-0.0391539186394076,0.5505334586080439,-0.0472945891783567,0.0981963927855711,0.04204482854667,0.547020231968403,0.8421052631578941,train,4
dopamine,0.5,7.5,CV,2,0.0279744047987054,0.1091482419292247,0.5032448191436729,-0.27430372219777,0.1,1.4,-2.2839303688384977e-06,0.033271213453796,-0.0373165062796463,0.5032448191436729,0.1659318637274549,0.1150300601202405,0.0442533227746737,0.4985759272164617,0.7826086956521753,train,0
uric_acid,5.0,7.5,CV,5,0.3008673329597092,0.6980068496907694,3.011982856466708,-0.2889753126241645,0.1,1.4,-5.761563628601535e-05,0.2661812428014842,-0.1772944699466664,3.011982856466708,0.3090180360721443,0.1571142284569137,0.3659628597834724,2.9752090583517634,0.5555555555555555,train,1
uric_acid,0.1,6.5,CV,8,0.0110489296150625,0.0190498695665304,0.0882307870842927,-0.005111408471857,0.1,1.4,3.942001725652579e-06,0.0061262641512051,-0.0062480308790607,0.0882307870842927,0.3735470941883767,0.1430861723446893,0.0094570021712267,0.0842209300656619,0.7586206896551712,train,1
dopamine,2.0,7.5,CV,4,0.0931190242733289,0.3959761425039002,1.8158234810831897,-1.0237319907040714,0.1,1.4,-0.0001083297950992,0.1236301012264703,-0.1574253325401976,1.8158234810831897,0.1743486973947895,0.1122244488977955,0.1589420084321596,1.8067045078920827,0.999999999999998,train,0
uric_acid,1.0,6.0,CV,4,0.0778902874854146,0.1758009358811778,0.7645252943399642,-0.0860535728447551,0.1,1.4,-5.429286807617326e-05,0.052092019722567,-0.0659028770296756,0.7645252943399642,0.4044088176352706,0.1543086172344691,0.091355330694995,0.7527093465573387,0.9642857142857136,train,1
glucose,0.5,7.5,CV,1,0.0495888795162599,0.0770466958083159,0.2866784186345152,-0.0271802842043945,0.1,1.4,8.24793778318492e-06,0.0271122688554618,-0.0224307253953634,0.2866784186345152,0.4689378757515029,0.2468937875751503,0.0521882227601712,0.2742357654176159,0.7599999999999986,train,3
glucose,0.1,8.0,CV,3,0.0136861503698641,0.0159324099954434,0.0635639238073991,-0.0044536588184886,0.1,1.4,-1.803605410769146e-05,0.0058802337143984,-0.010905764879531,0.0635639238073991,0.4577154308617234,0.227254509018036,0.0102687083893556,0.0572623996396742,0.7608695652173915,train,3
ascorbic_acid,0.1,7.5,CV,5,0.0156331549911634,0.0251952416882286,0.1064364173122204,-0.0093099129186415,0.1,1.4,4.640042483931711e-07,0.0078078498976556,-0.0087548805976497,0.1064364173122204,0.0172344689378757,0.1795591182364729,0.0140073489555845,0.1012933786068985,0.5609756097560971,train,2
dopamine,2.0,7.0,CV,6,0.091876812433343,0.3875605931990664,1.7934752878345956,-0.9640754142338664,0.1,1.4,9.536144135408845e-05,0.1579683859235404,-0.1150900852662292,1.7934752878345956,0.1995991983967936,0.1094188376753506,0.1526578195175049,1.7827887444973785,0.9500000000000012,train,0
glucose,2.0,8.0,CV,0,0.1688970157524371,0.2774782027730851,1.0127224629075895,-0.1154943424167701,0.1,1.4,-7.505251423534087e-06,0.084912468634959,-0.0979802820596935,1.0127224629075895,0.4464929859719438,0.2384769539078156,0.1836274165006814,0.9785485993816831,0.6346153846153846,train,3
glucose,1.0,8.0,CV,9,0.0936665970317404,0.1486145209793291,0.5422306716197935,-0.0590101523148753,0.1,1.4,-2.96995615269786e-05,0.0534139726762892,-0.0518593831911699,0.5422306716197935,0.4857715430861723,0.2384769539078156,0.0980910221989009,0.5198947509549728,0.7708333333333343,train,3
uric_acid,5.0,7.5,CV,8,0.298134381299096,0.7006578991542908,3.071148426590621,-0.2764164122979398,0.1,1.4,4.300746096583577e-05,0.1917234049146987,-0.2427365052624384,3.071148426590621,0.3230460921843687,0.1430861723446892,0.3455691728477305,3.038801339957639,0.8214285714285724,train,1
dopamine,0.5,7.5,CV,0,0.0276608265572799,0.1091531288460706,0.4971972074640215,-0.2749094861142205,0.1,1.4,-4.677641553594847e-07,0.0366078205650785,-0.0415894290724547,0.4971972074640215,0.1575150300601202,0.1122244488977955,0.043590650910515,0.4930473011393302,0.5384615384615383,train,0
uric_acid,10.0,6.0,CV,9,0.4544127745170602,1.0600870371856823,4.612980877702702,-0.4097525959590172,0.1,1.4,-0.0002071932979028,0.3338311277611105,-0.3062198755039186,4.612980877702702,0.4100200400801602,0.1571142284569137,0.557014836734917,4.558782373321256,0.9999999999999986,train,1
aluminum,0.1,7.5,CV,7,0.007615635690515,0.0192091500537325,0.0789740970550327,-0.0354268917799626,0.1,1.4,-5.066449308756186e-06,0.0058747707635612,-0.0077642167544204,0.0789740970550327,-0.3110220440881763,0.1683366733466934,0.0097885724918886,0.0767437296978538,0.9999999999999992,train,5
dopamine,1.0,6.5,CV,2,0.0499340522254269,0.2062434362538081,0.9502347576815136,-0.4988105377370129,0.1,1.4,-6.729438721888977e-06,0.0588148412754713,-0.0795119447269434,0.9502347576815136,0.2164328657314629,0.1066132264529058,0.0798151209634997,0.9435637430732644,0.583333333333333,train,0
ascorbic_acid,0.2,6.0,CV,6,0.0272315037066821,0.0481949398587371,0.1971884384158342,-0.0197946487472559,0.1,1.4,1.678234972284556e-05,0.0238452768457674,-0.0153693189030877,0.1971884384158342,0.0901803607214428,0.1879759519038075,0.0276531142592653,0.1903811322088829,0.7631578947368413,train,2
ascorbic_acid,0.2,7.0,CV,3,0.0280633980743433,0.0488193258894452,0.1929172876814809,-0.0201757551240038,0.1,1.4,-5.55070160424069e-05,0.0187830619821071,-0.0305530311351192,0.1929172876814809,0.0789579158316633,0.2020040080160321,0.02954307936736,0.1855720100618764,0.6744186046511629,train,2
dopamine,10.0,7.0,CV,6,0.289382860403629,1.2490143614675426,5.772262063502871,-3.1131999867019973,0.1,1.4,0.0003006945816748,0.5084422665044583,-0.3707320206231732,5.772262063502871,0.1995991983967936,0.1094188376753506,0.4919320251799147,5.744610208675682,0.9500000000000012,train,0
copper,1.0,8.0,CV,5,0.0419704067155705,0.244806762141521,1.0672595294095848,-0.7788252657114186,0.1,1.4,-1.4737070587269404e-05,0.0847675211013072,-0.0753289944285327,1.0672595294095848,-0.0416833667334669,0.0953907815631263,0.0802735992605693,1.0612705620880516,0.8888888888888872,train,4
aluminum,10.0,6.5,CV,5,0.3255726548736204,1.0587943843532828,4.122559945102532,-2.2845782842030604,0.1,1.4,-0.0004410115231798,0.3226653590279742,-0.4023962988538987,4.122559945102532,-0.3054108216432865,0.1739478957915831,0.5524349779483799,4.07501590033658,0.7222222222222215,train,5
uric_acid,2.0,8.0,CV,4,0.1475806517569726,0.3413515071713264,1.5101985769298203,-0.1657406069033614,0.1,1.4,-0.0001072038230514,0.1003606867554893,-0.1269623450879969,1.5101985769298203,0.3006012024048096,0.1458917835671342,0.1713647207538019,1.4918995297609403,0.7931034482758614,train,1
glucose,0.5,8.0,CV,2,0.0502536017066819,0.0771376552874608,0.2854603565047494,-0.0274294107714557,0.1,1.4,-1.715331193514502e-06,0.0246306105229166,-0.0289336859059009,0.2854603565047494,0.4549098196392785,0.2440881763527054,0.0515801427775143,0.2716761852266327,0.8124999999999993,train,3
copper,0.1,7.0,CV,3,0.0063419712819184,0.0257567150711711,0.1138899705973477,-0.0780209048755945,0.1,1.4,-2.157321144618857e-05,0.0071638220302225,-0.0127604136109541,0.1138899705973477,-0.0472945891783567,0.101002004008016,0.0088273315466796,0.1114917225486978,0.8947368421052635,train,4
aluminum,5.0,7.0,CV,3,0.2137714450160675,0.6869348293628804,2.67384480395471,-1.4144704521051488,0.1,1.4,-0.0009774992609433,0.2247522572630863,-0.413754661708746,2.67384480395471,-0.294188376753507,0.1627254509018035,0.346252278675775,2.6425874541013186,0.611111111111111,train,5
aluminum,0.1,8.0,CV,4,0.0077782825105497,0.0192779628930896,0.0760636902766844,-0.0377136406374763,0.1,1.4,-7.506705014737063e-06,0.0065319892547233,-0.0072261350795145,0.0760636902766844,-0.3138276553106212,0.1599198396793587,0.0095701787308846,0.07340302276349,0.7272727272727268,train,5
glucose,1.0,6.0,CV,0,0.0898906886984431,0.1458671131698509,0.5399617068463872,-0.0590205480900991,0.1,1.4,-2.6239950001269443e-06,0.0446979274004395,-0.0515980678214138,0.5399617068463872,0.5306613226452906,0.2525050100200401,0.1003321156293828,0.520585389009296,0.9148936170212753,train,3
ascorbic_acid,5.0,6.0,CV,5,0.4443244265453437,0.8742268148073632,3.426184368705848,-0.3804881359095884,0.1,1.4,-7.651297831459259e-05,0.263193532631119,-0.2959051394280896,3.426184368705848,0.0761523046092184,0.1963927855711423,0.5180886170131336,3.353518504491458,0.5909090909090906,train,2
dopamine,2.0,7.5,CV,3,0.0952287845500033,0.3949480936726652,1.8239872474423704,-0.973053886163006,0.1,1.4,-0.0003803411760913,0.1368674876469957,-0.2008743386723544,1.8239872474423704,0.1771543086172344,0.1122244488977955,0.1585164557748594,1.8115206514990985,0.999999999999998,train,0
dopamine,0.5,8.0,CV,9,0.0286334642967423,0.1113452336808825,0.5135097203821961,-0.2699695582352823,0.1,1.4,-1.6571168980210048e-05,0.0316368047248929,-0.0380640780513312,0.5135097203821961,0.1462925851703407,0.1122244488977955,0.0444675263190398,0.5080503507080243,0.999999999999998,train,0
glucose,0.2,7.5,CV,6,0.0228498637234991,0.0312651607265698,0.1265784192714906,-0.0099146887141581,0.1,1.4,1.2510724858146388e-05,0.0165542329335252,-0.0110283533012581,0.1265784192714906,0.4829659318637275,0.2160320641282563,0.0193746331674629,0.1184851312326457,0.9249999999999988,train,3
glucose,2.0,6.0,CV,8,0.1646605341072862,0.2722946715042431,0.9954070495953128,-0.1145207246613775,0.1,1.4,1.986537659648857e-05,0.0798415165569586,-0.0810454898930461,0.9954070495953128,0.4857715430861723,0.227254509018036,0.1750165245840881,0.9628767917359572,0.5576923076923072,train,3
copper,1.0,6.5,CV,2,0.0407601606467102,0.2385143855530511,1.064063460402826,-0.7438181281610178,0.1,1.4,-7.749555699383112e-06,0.0691391382987937,-0.0746631565909556,1.064063460402826,-0.0529058116232464,0.0953907815631263,0.0788962185186335,1.0600193792615975,1.0,train,4
copper,2.0,6.5,CV,0,0.072965320397861,0.4436229959717359,1.9645599923084545,-1.438625365831148,0.1,1.4,-9.823131062519794e-06,0.1230901774061066,-0.1706396729331771,1.9645599923084545,-0.0529058116232464,0.0953907815631263,0.1463914466639215,1.9588656019172148,1.0,train,4
aluminum,0.2,6.0,CV,0,0.0131957440758222,0.0377973677182733,0.1475204631951566,-0.0820287447659248,0.1,1.4,-1.294936615098514e-05,0.0110743364381814,-0.0128347948764339,0.1475204631951566,-0.344689378757515,0.1599198396793587,0.0186359035469938,0.1443815335388499,0.628571428571429,train,5
aluminum,0.5,7.0,CV,4,0.0299220808528238,0.0926828028604545,0.3597798520691295,-0.1899791268512394,0.1,1.4,-5.3829814878771965e-05,0.0307258487300815,-0.0387382125024878,0.3597798520691295,-0.3138276553106212,0.1739478957915832,0.0487323162049758,0.3540974852478149,0.9375000000000002,train,5
aluminum,0.2,7.0,CV,0,0.013240663942384,0.0381496774121396,0.1480974598304115,-0.0825055421557415,0.1,1.4,-9.05564063223873e-06,0.0111681004435796,-0.0177324868475157,0.1480974598304115,-0.3166332665330661,0.1795591182364729,0.0202366911293383,0.1449504450636862,0.9393939393939396,train,5
ascorbic_acid,0.2,6.0,CV,5,0.0273251539496851,0.0482068851441869,0.1918350600131285,-0.0194267054159405,0.1,1.4,-1.6340735353440603e-06,0.0146762092589836,-0.0165596144211816,0.1918350600131285,0.0761523046092184,0.1935871743486974,0.028303608567098,0.1848907346498803,0.6046511627906975,train,2
glucose,5.0,7.0,CV,8,0.3422397557735234,0.5700742946110664,2.1509465641080663,-0.2439617819187513,0.1,1.4,3.848325305227598e-05,0.1656209772222728,-0.1714428985266539,2.1509465641080663,0.4745490981963928,0.2356713426853707,0.3737795180797734,2.082705341360843,0.6800000000000007,train,3
uric_acid,10.0,7.0,CV,7,0.4520646001800492,1.0866903886313763,4.784485956728076,-0.4424679624726036,0.1,1.4,-0.0001779498795504,0.3136697485983181,-0.2968472946164427,4.784485956728076,0.3595190380761522,0.1402805611222445,0.5321140197667674,4.754253266717927,0.9230769230769234,train,1
glucose,0.1,7.5,CV,3,0.013619303218561,0.0158665735706878,0.0629400775867668,-0.0044250749217128,0.1,1.4,-1.7938004596884227e-05,0.0058723581616061,-0.0108543542739421,0.0629400775867668,0.4577154308617234,0.2440881763527054,0.0107250824422803,0.0566651810257605,0.6111111111111099,train,3
copper,5.0,7.5,CV,3,0.1590251937155483,0.9316127525809098,4.072051052739865,-2.9721445084943694,0.1,1.4,-0.0008628998520128,0.2671352969841605,-0.4538958331912516,4.072051052739865,-0.038877755511022,0.101002004008016,0.3178243068820388,4.049984527744997,0.7999999999999988,train,4
copper,0.5,6.5,CV,6,0.022255752021817,0.1247802389322021,0.542105426557428,-0.3884224069645396,0.1,1.4,3.111551101307788e-05,0.0483099036981691,-0.0374370415439138,0.542105426557428,-0.0613226452905811,0.0981963927855711,0.0421701481844443,0.538430720493499,0.6666666666666666,train,4
uric_acid,0.2,6.0,CV,9,0.0189954350241536,0.0374135009089317,0.1665409130833518,-0.0118337904841887,0.1,1.4,-4.773362766150466e-06,0.0120381420906424,-0.0110319557026523,0.1665409130833518,0.4100200400801602,0.1571142284569137,0.0197224574362278,0.1615372949697062,0.9999999999999986,train,1
dopamine,0.5,7.5,CV,8,0.027894500743025,0.1092895486518393,0.5029040848256173,-0.2599145922615556,0.1,1.4,8.351351151761228e-06,0.0343647693459494,-0.0426948263143801,0.5029040848256173,0.1715430861723447,0.1122244488977955,0.043868302662173,0.4978699373394625,0.818181818181817,train,0
dopamine,0.2,7.5,CV,2,0.0132247712802033,0.0446464365353276,0.2078519830079889,-0.1105216081891024,0.1,1.4,7.037190957426484e-07,0.0136779006825187,-0.0153245130528682,0.2078519830079889,0.1659318637274549,0.1150300601202405,0.0181077874949678,0.2041156297823858,0.7826086956521753,train,0
glucose,0.2,7.5,CV,4,0.0228621204746094,0.0310681357761272,0.1177689876857557,-0.0107695189423233,0.1,1.4,-8.706077325732557e-06,0.0105049113021894,-0.0132955257730394,0.1177689876857557,0.4997995991983969,0.2412825651302605,0.0205875834918932,0.1093439951914186,0.7199999999999988,train,3
uric_acid,2.0,6.5,CV,7,0.14110218561059,0.3340033635077162,1.4659477588127898,-0.1338912321760213,0.1,1.4,-5.286560423601315e-05,0.102760593209507,-0.0970702510883337,1.4659477588127898,0.3735470941883767,0.151503006012024,0.1718491416435588,1.4544242150863815,0.8000000000000005,train,1
uric_acid,0.5,8.0,CV,1,0.0427759952495206,0.0945221735133569,0.4197129615950437,-0.0348002990009847,0.1,1.4,8.910505646826872e-06,0.0304118064044239,-0.0277608095653015,0.4197129615950437,0.2949899799599198,0.151503006012024,0.0487468233825261,0.4125995631967959,0.7419354838709673,train,1
uric_acid,0.2,7.5,CV,5,0.0194180390632176,0.0383226001915013,0.1689114764712369,-0.0143280995275619,0.1,1.4,-5.811661725639937e-07,0.0148647133850285,-0.0099434187810724,0.1689114764712369,0.3090180360721443,0.1571142284569137,0.0201310006036726,0.1638528032734686,0.5555555555555555,train,1
dopamine,5.0,7.5,CV,8,0.1879442018440999,0.8123848665392542,3.7165133284829697,-1.9516232857080609,0.1,1.4,4.378920428820965e-05,0.2543277124591927,-0.3164692097960805,3.7165133284829697,0.1715430861723447,0.1122244488977955,0.3258928749801469,3.698080507697773,0.818181818181817,train,0
glucose,2.0,6.5,CV,8,0.1660053377474635,0.2736986768160597,1.0194712450548264,-0.1152223088280048,0.1,1.4,1.9966287569913823e-05,0.0802817061934777,-0.0818029512705053,1.0194712450548264,0.4745490981963928,0.2440881763527054,0.1838039450589286,0.984781725860424,0.5535714285714288,train,3
aluminum,10.0,7.5,CV,4,0.3254764040754694,1.076192869561131,4.16893295144677,-2.258132843574111,0.1,1.4,-0.0006057871034996,0.3573720809233945,-0.4093739934298055,4.16893295144677,-0.3138276553106212,0.1711422845691382,0.5602693244856339,4.124600029795517,0.8484848484848483,train,5
uric_acid,0.2,6.0,CV,0,0.0187355658505839,0.0375309320672516,0.1687030458861271,-0.0144006785933994,0.1,1.4,1.5096496807323734e-06,0.0110417303387962,-0.0123172898920531,0.1687030458861271,0.4128256513026053,0.1515030060120241,0.0193318914410093,0.1640597643876775,0.7999999999999995,train,1
dopamine,10.0,7.5,CV,8,0.2906921581065183,1.2637566840479952,5.779571114534601,-3.037658496315693,0.1,1.4,6.653943099309035e-05,0.3955384907541139,-0.4922256041300115,5.779571114534601,0.1715430861723447,0.1122244488977955,0.5069939400300201,5.752966646724985,0.818181818181817,train,0
uric_acid,0.1,6.0,CV,9,0.0110614460032397,0.0187896516976164,0.0855198733022883,-0.0049357353164575,0.1,1.4,-1.0850649934265111e-06,0.0061747455189863,-0.0056580747553893,0.0855198733022883,0.4100200400801602,0.1571142284569137,0.0099287458524604,0.0813910301004463,0.9999999999999986,train,1
aluminum,0.1,8.0,CV,8,0.0077289895382612,0.0192792508101058,0.0784846272501209,-0.040892617743464,0.1,1.4,2.0718619706661285e-07,0.0059172448420635,-0.0066422151518765,0.0784846272501209,-0.2997995991983967,0.1599198396793587,0.0094674595310837,0.0757744740895877,0.9655172413793112,train,5
dopamine,5.0,8.0,CV,9,0.1934173641926388,0.8275784239387717,3.794976648812368,-2.026760284437363,0.1,1.4,-0.0001403940702626,0.2344454286689108,-0.2819343906667371,3.794976648812368,0.1462925851703407,0.1122244488977955,0.330421625059905,3.774270830990397,0.999999999999998,train,0
uric_acid,2.0,7.5,CV,2,0.1457572805784072,0.3396081307958975,1.459754842158695,-0.1340813552803254,0.1,1.4,-1.5024550110982456e-05,0.1162213324732159,-0.1140907205608085,1.459754842158695,0.314629258517034,0.1571142284569138,0.178416150092409,1.4425309473024617,0.6969696969696967,train,1
copper,0.2,8.0,CV,6,0.0104184562575934,0.0518456557840695,0.222767489077339,-0.1631417144676759,0.1,1.4,1.4635675627210872e-05,0.0201812156062393,-0.0158101064267391,0.222767489077339,-0.0360721442885771,0.101002004008016,0.0177714184005046,0.22016654961257,0.8000000000000024,train,4
glucose,1.0,6.0,CV,9,0.0909794457614068,0.1454971768235449,0.5357702903015287,-0.057528303771986,0.1,1.4,-2.8947525737784683e-05,0.0536401770881929,-0.0525166140122546,0.5357702903015287,0.4885771543086171,0.227254509018036,0.0930093734557158,0.5148005106453201,0.5882352941176457,train,3
glucose,2.0,6.0,CV,1,0.1637073225716115,0.2726102175820744,0.996264462667393,-0.1206785646916474,0.1,1.4,2.176115590550358e-05,0.0944070669415595,-0.0781350646794731,0.996264462667393,0.5306613226452906,0.2356713426853709,0.1787734439879081,0.9658506981798868,0.8260869565217381,train,3
aluminum,10.0,7.0,CV,8,0.321979484290483,1.07265911821852,4.163341568642923,-2.3980922609335096,0.1,1.4,-0.0002306512949758,0.3270967334552384,-0.360276329755467,4.163341568642923,-0.2997995991983967,0.1711422845691382,0.5541330244023471,4.11548517391695,0.6944444444444448,train,5
aluminum,0.2,7.5,CV,2,0.013397738618823,0.0382006160008312,0.1554419276570817,-0.0786079923778915,0.1,1.4,-8.182798045364447e-06,0.0110733511014824,-0.0163689613696868,0.1554419276570817,-0.3054108216432865,0.1627254509018036,0.0190433168076256,0.1521810885125019,0.9333333333333328,train,5
dopamine,1.0,6.0,CV,9,0.0499669009749173,0.2040206543238284,0.9224393523878728,-0.4855219397581472,0.1,1.4,-3.2602153172768574e-05,0.0713204938634874,-0.0736216904443523,0.9224393523878728,0.2585170340681363,0.1094188376753507,0.0801707972064734,0.9151892799556244,0.9499999999999992,train,0
ascorbic_acid,0.1,7.0,CV,1,0.0153174207967778,0.0245347334304979,0.0987181018736825,-0.0086501163127694,0.1,1.4,4.519913477503523e-06,0.0085506957006638,-0.0081246264102783,0.0987181018736825,0.0649298597194388,0.1879759519038075,0.0140828388589503,0.0936354528693099,0.914285714285714,train,2
glucose,2.0,8.0,CV,3,0.1722322987977066,0.2784149495248573,1.0306589907504442,-0.1108557415451853,0.1,1.4,-0.0003351869950821,0.0950835613450352,-0.1771985062133955,1.0306589907504442,0.4577154308617234,0.2356713426853706,0.1825933072662798,0.9915959809906886,0.8260869565217387,train,3
copper,5.0,8.0,CV,7,0.1488151001874974,0.934406421258552,4.11676214804547,-2.898279007503777,0.1,1.4,-0.0001283478610589,0.2646596088193952,-0.2961331991347866,4.11676214804547,-0.0416833667334669,0.0981963927855711,0.3160856228530954,4.112175599443596,0.8421052631578941,train,4
ascorbic_acid,1.0,6.5,CV,8,0.1176390114354504,0.2285909059528131,0.9255418813558568,-0.0819103192866292,0.1,1.4,1.666308863174981e-05,0.0714599582901013,-0.0732142836093061,0.9255418813558568,0.0845691382765531,0.1907815631262525,0.13288531885808,0.9050885425694528,0.9999999999999988,train,2
copper,0.5,8.0,CV,6,0.0225614104158366,0.126648750066162,0.5409885423360539,-0.4028559542870059,0.1,1.4,3.153535663945293e-05,0.0490265192707488,-0.038503807470432,0.5409885423360539,-0.0360721442885771,0.101002004008016,0.0433572216734105,0.5372389381239883,0.8000000000000024,train,4
copper,10.0,7.5,CV,2,0.2369088517196481,1.4453800756740571,6.365397512317455,-4.549270566706761,0.1,1.4,-6.105653911512673e-05,0.4253897634595707,-0.41240689882389,6.365397512317455,-0.0444889779559117,0.0953907815631261,0.4783750310804574,6.351412620935245,0.8888888888888892,train,4
ascorbic_acid,0.2,6.0,CV,4,0.0272491551646211,0.0484952120616449,0.1958793306658207,-0.0171967639384792,0.1,1.4,-1.37728510785087e-05,0.0153862619372596,-0.0191426043272053,0.1958793306658207,0.1070140280561122,0.1935871743486974,0.02861234156762,0.1890853935261925,0.8157894736842106,train,2
glucose,5.0,7.5,CV,5,0.3471647318913285,0.5731710373114086,2.0969172298086014,-0.2124541168250751,0.1,1.4,-5.113221512015751e-05,0.2036124069469925,-0.226160534437422,2.0969172298086014,0.4829659318637275,0.224448897795591,0.361046214647271,2.0245611447410283,0.999999999999999,train,3
copper,5.0,6.5,CV,8,0.1508686601288363,0.923887342940779,4.048807024683305,-2.8991052037672214,0.1,1.4,4.709939805743663e-05,0.3151156886302438,-0.2541260572343453,4.048807024683305,-0.0613226452905811,0.101002004008016,0.3162771957883364,4.036826739412798,0.7142857142857142,train,4
ascorbic_acid,10.0,7.0,CV,9,0.70415586933444,1.379757911696052,5.385584341321127,-0.5655352862489215,0.1,1.4,-0.0002862517396864,0.4953758405749505,-0.4207983019524142,5.385584341321127,0.0593186372745491,0.1963927855711422,0.8205199537188158,5.264037874671415,1.0,train,2
ascorbic_acid,10.0,6.5,CV,5,0.6964853297947133,1.3747391746064572,5.459260634645847,-0.5988381236702065,0.1,1.4,-0.0001217955308177,0.4022044761834219,-0.4655225906411483,5.459260634645847,0.0761523046092184,0.1879759519038075,0.7977285162530705,5.357540511737172,0.914285714285714,train,2
copper,10.0,7.0,CV,6,0.2372476040645744,1.4494006655111211,6.255111407810897,-4.630258910978666,0.1,1.4,0.0003304369743922,0.5592082158155622,-0.4389810835277423,6.255111407810897,-0.0529058116232464,0.0953907815631261,0.4806174964185769,6.230162688777786,0.8888888888888892,train,4
glucose,0.5,7.0,CV,4,0.0497337449271164,0.0756304888109246,0.2847181289765558,-0.0310992208538323,0.1,1.4,-2.4528191999661022e-05,0.0250668248243059,-0.031554313693224,0.2847181289765558,0.4997995991983969,0.2356713426853708,0.0492489102773662,0.2708178445470431,0.8666666666666655,train,3
aluminum,5.0,7.5,CV,8,0.2082180226765984,0.6923864180498945,2.727912916001157,-1.5622754278759594,0.1,1.4,-0.0001176109042297,0.2101494004346807,-0.3791368716553672,2.727912916001157,-0.2997995991983967,0.1739478957915831,0.3607905055508946,2.6968786884190665,0.8787878787878786,train,5
dopamine,0.5,7.5,CV,1,0.0275846334524397,0.1097022352209514,0.5225000693105599,-0.2762355064174667,0.1,1.4,8.967625688993257e-06,0.0314808213855384,-0.0361572852505206,0.5225000693105599,0.1659318637274549,0.1094188376753506,0.0429642246039134,0.517547134452553,0.6956521739130435,train,0
copper,0.5,6.0,CV,8,0.0219382890211602,0.1237702784296905,0.5504106706264232,-0.3924758490223888,0.1,1.4,8.756662004167817e-06,0.0435843925014592,-0.03312281269582,0.5504106706264232,-0.0613226452905811,0.0925851703406814,0.0401291354254422,0.5473569557377447,0.8333333333333318,train,4
ascorbic_acid,5.0,7.0,CV,7,0.4444874131340228,0.886638078124455,3.6284171539069545,-0.3297982124024916,0.1,1.4,-0.0001543042375214,0.2550330063866715,-0.2570454244173119,3.6284171539069545,0.0565130260521041,0.1907815631262525,0.5164372340492231,3.570494451365397,0.9999999999999988,train,2
uric_acid,10.0,8.0,CV,7,0.4601741920687517,1.1068636808507155,4.847310910221835,-0.4302540191880828,0.1,1.4,-0.000181214897679,0.3225903609108663,-0.2935308607177345,4.847310910221835,0.3034068136272545,0.1486973947895791,0.5623921871688854,4.811911085444559,0.9629629629629638,train,1
uric_acid,0.1,7.0,CV,7,0.0110127115534262,0.0192584531928524,0.0885254347656422,-0.005532689558519,0.1,1.4,-5.373692312591518e-07,0.0057981200733762,-0.0054234636763917,0.0885254347656422,0.3595190380761522,0.1402805611222445,0.0094569022293755,0.0847312262837206,0.9230769230769234,train,1
copper,0.1,6.5,CV,3,0.0063202872028549,0.0256461532320701,0.111830063272115,-0.077208591077329,0.1,1.4,-2.144999315544254e-05,0.0069409158201287,-0.0126958061805372,0.111830063272115,-0.0472945891783567,0.101002004008016,0.0087937965885062,0.1094378935602258,0.7999999999999996,train,4
uric_acid,5.0,7.0,CV,2,0.2960674705455752,0.6973773744493553,3.094857680012886,-0.2601211648857123,0.1,1.4,-3.3759045164185705e-05,0.2568619156586509,-0.233960568249165,3.094857680012886,0.3539078156312625,0.1430861723446893,0.3448865505968186,3.0629047667794973,0.9615384615384608,train,1
ascorbic_acid,1.0,7.5,CV,5,0.1209077787783051,0.2342534289230556,0.9652646610606488,-0.1004641535450752,0.1,1.4,-1.844004900255813e-05,0.0707903727194268,-0.0794656169494125,0.9652646610606488,0.0172344689378757,0.1795591182364729,0.1310117310422241,0.944287765079745,0.5609756097560971,train,2
ascorbic_acid,5.0,7.5,CV,2,0.4548730006769355,0.8967246063762937,3.70816434213626,-0.3541438526914768,0.1,1.4,-4.7106147635418206e-05,0.2616177289528172,-0.3193595524883492,3.70816434213626,0.0480961923847695,0.1795591182364729,0.5021973015691756,3.636123786884891,0.8823529411764698,train,2
glucose,2.0,8.0,CV,8,0.1696330701779288,0.2781107028381291,1.0512001302296026,-0.1173633010321207,0.1,1.4,2.02742349156598e-05,0.0777257629354691,-0.0855020045273145,1.0512001302296026,0.4633266533066132,0.2328657314629257,0.1810315805951776,1.014788463399638,0.8863636363636379,train,3
dopamine,0.2,8.0,CV,5,0.0134767298740995,0.0455999803094651,0.2105576294250616,-0.1168078446497439,0.1,1.4,-6.784527327213658e-07,0.0122575432176246,-0.0134247541320663,0.2105576294250616,0.1462925851703407,0.1094188376753507,0.0179196332981086,0.2068558130227722,0.9499999999999992,train,0
copper,5.0,7.0,CV,8,0.1516151681982422,0.928177039180352,3.9893667885500137,-2.8425143898062,0.1,1.4,4.732875506637302e-05,0.3041690967723173,-0.2671658327838426,3.9893667885500137,-0.0585170340681362,0.1010020040080159,0.3181248938383966,3.9778262545055862,0.636363636363637,train,4
dopamine,0.2,6.0,CV,4,0.0129104536181121,0.0432840066620727,0.2008623931787199,-0.1061373770586935,0.1,1.4,-9.57790058262766e-06,0.0122252654521935,-0.0156413253155191,0.2008623931787199,0.2529058116232465,0.1094188376753507,0.0170363105357825,0.1972177774161562,0.8571428571428585,train,0
glucose,2.0,7.0,CV,3,0.1698543750715545,0.2755612740008129,1.0036325778957953,-0.1095017913546108,0.1,1.4,-0.0003312300622836,0.0945618459383476,-0.1751237553067392,1.0036325778957953,0.4829659318637275,0.2356713426853708,0.1809494322944056,0.9668514641149758,0.866666666666667,train,3
uric_acid,10.0,8.0,CV,6,0.468495992014674,1.0968121514320512,4.938372836927158,-0.461147732475835,0.1,1.4,0.0003012362423982,0.5093668027745952,-0.3529037272752031,4.938372836927158,0.292184368737475,0.151503006012024,0.5612194767870646,4.878888583197924,0.6875000000000008,train,1
aluminum,0.2,8.0,CV,9,0.013543900192021,0.0386444022052015,0.1536891307173804,-0.0772284778901111,0.1,1.4,-1.2571318729679978e-05,0.0125577946583626,-0.0145573000674376,0.1536891307173804,-0.3054108216432865,0.1683366733466934,0.0197017231596178,0.1501052028825193,0.8750000000000009,train,5
uric_acid,0.5,8.0,CV,7,0.0425573986483097,0.0956404068019154,0.4222547864608207,-0.034753269334324,0.1,1.4,-1.3224448156835028e-05,0.0280962162689797,-0.0254964612630644,0.4222547864608207,0.3034068136272545,0.1486973947895791,0.0486500084984552,0.4163921875332096,0.9629629629629638,train,1
aluminum,0.2,8.0,CV,3,0.0137101178307876,0.0381316098725417,0.1552983664905392,-0.075680140678525,0.1,1.4,-4.898102255348197e-05,0.0126291734969346,-0.0232097546348501,0.1552983664905392,-0.294188376753507,0.1599198396793587,0.0189721292238713,0.1517461964852112,0.8999999999999997,train,5
ascorbic_acid,2.0,7.0,CV,6,0.2195610883132734,0.4313937962879079,1.6857896429988146,-0.1893781823261586,0.1,1.4,0.0001259255490527,0.2101368834931002,-0.1354549642916856,1.6857896429988146,0.0649298597194388,0.1851703406813627,0.2461495802459496,1.6522398781025045,0.885714285714286,train,2
aluminum,0.2,7.0,CV,4,0.0134323566234144,0.0379409586805823,0.1482548170030795,-0.0761157823838387,0.1,1.4,-2.0463257421327724e-05,0.0126427009361584,-0.0158688966087698,0.1482548170030795,-0.3138276553106212,0.1739478957915832,0.0199205998604733,0.1448311746913702,0.9375000000000002,train,5
aluminum,0.1,7.5,CV,4,0.0077758458074692,0.0192162413543891,0.0760151512299342,-0.0375460775041142,0.1,1.4,-8.19676233050884e-06,0.0064868118153055,-0.0073156709200401,0.0760151512299342,-0.3138276553106212,0.1711422845691382,0.0099415594332419,0.0733242055961253,0.8484848484848483,train,5
copper,10.0,6.0,CV,5,0.2370718482915141,1.4407819157408743,6.254908541314448,-4.691463948421903,0.1,1.4,-0.000100169554507,0.454148755063549,-0.4718161625136032,6.254908541314448,-0.0529058116232464,0.101002004008016,0.4893274593549028,6.227668441328367,0.8947368421052635,train,4
copper,0.1,8.0,CV,3,0.0063854183226259,0.0259770320309653,0.1168704853524042,-0.0801625894497563,0.1,1.4,-2.18039393521936e-05,0.0077855769799711,-0.0128813918930109,0.1168704853524042,-0.038877755511022,0.0981963927855711,0.008722972771685,0.114433342830152,0.9444444444444456,train,4
uric_acid,0.1,8.0,CV,0,0.0112200005814677,0.0195121997948479,0.0875165043660855,-0.0051127292034902,0.1,1.4,2.117921311945015e-06,0.0070489671845512,-0.0068281398649041,0.0875165043660855,0.3090180360721443,0.151503006012024,0.0100391352665298,0.0835683562568539,0.9285714285714288,train,1
aluminum,2.0,6.0,CV,9,0.1023920510481764,0.3325263997701775,1.3256836229121989,-0.7125054103400474,0.1,1.4,-0.0001910212869382,0.1072597979064291,-0.1240902378629813,1.3256836229121989,-0.3278557114228457,0.1655310621242485,0.1677306279224436,1.3105754491957096,0.9666666666666676,train,5
copper,0.1,6.5,CV,9,0.0062293105300692,0.0254169110513936,0.112385237384284,-0.0796248407209417,0.1,1.4,-1.521700733629219e-06,0.0110761350521045,-0.0066294933138448,0.112385237384284,-0.0501002004008015,0.0981963927855711,0.0086034843391663,0.1101969461651136,0.8421052631578934,train,4
aluminum,5.0,8.0,CV,8,0.2082991514225866,0.6938009950447689,2.7653783041073288,-1.568710524913759,0.1,1.4,-9.160712134512868e-05,0.2096157980074483,-0.2391877770375411,2.7653783041073288,-0.2997995991983967,0.1599198396793587,0.3426084424558968,2.734521745778549,0.9655172413793112,train,5
uric_acid,0.1,6.5,CV,4,0.0110969457613242,0.018907073579759,0.0880700761602137,-0.0060485500291957,0.1,1.4,-3.572078101082369e-06,0.0058213575515403,-0.0073708687371664,0.0880700761602137,0.3763527054108216,0.1458917835671344,0.0095493528214014,0.0839044072607118,0.9259259259259262,train,1
dopamine,0.2,6.0,CV,6,0.0128972686173687,0.0431196395171931,0.2026593028045553,-0.104038366791553,0.1,1.4,1.3245729435711524e-05,0.0178087791121964,-0.0159653954969878,0.2026593028045553,0.2529058116232465,0.1094188376753507,0.0169508557027961,0.1988528539364774,0.8571428571428585,train,0
aluminum,2.0,6.0,CV,7,0.0990319581591084,0.3296408496233067,1.2887415937969042,-0.7038008709193221,0.1,1.4,-0.0001805762466927,0.0989086013763763,-0.1472461286117049,1.2887415937969042,-0.3110220440881763,0.1627254509018036,0.1647722819414322,1.278263574586687,0.6571428571428576,train,5
aluminum,10.0,7.5,CV,9,0.3276405874316072,1.0876241033701275,4.303208317757028,-2.236727210408797,0.1,1.4,-0.0004681506918134,0.3495868012424228,-0.4522635671350359,4.303208317757028,-0.3222444889779559,0.1711422845691382,0.5615637477901959,4.259555146847792,0.6944444444444448,train,5
aluminum,10.0,7.0,CV,9,0.32681613584028,1.0825059485052226,4.311653401274627,-2.198455892297849,0.1,1.4,-0.0005131417930362,0.3481845400539457,-0.4973811729395052,4.311653401274627,-0.3222444889779559,0.1655310621242485,0.5461598297464507,4.267876990627628,0.787878787878788,train,5
glucose,2.0,6.0,CV,7,0.1630285855855515,0.2707136789439429,0.9766826604819938,-0.1183133869669423,0.1,1.4,-4.6967322707822805e-05,0.0863312832213378,-0.0717374522356572,0.9766826604819938,0.5138276553106212,0.2384769539078157,0.1782830351644587,0.9446505745975926,0.9318181818181815,train,3
uric_acid,2.0,7.0,CV,8,0.1442023908961328,0.3358636105562355,1.4636172178194586,-0.1307825517138563,0.1,1.4,2.2060528503276528e-05,0.1058273920468129,-0.1158482205952392,1.4636172178194586,0.339879759519038,0.1458917835671341,0.1682042706060248,1.4465187751099615,0.6249999999999997,train,1
ascorbic_acid,1.0,6.5,CV,0,0.1170551155457444,0.2278779585612649,0.9261203526336392,-0.1143261475301563,0.1,1.4,-5.373770776794351e-06,0.0741859540691258,-0.0792625067366334,0.9261203526336392,0.0929859719438878,0.1907815631262525,0.1332393644113383,0.906665905522434,0.7435897435897425,train,2
ascorbic_acid,10.0,7.0,CV,6,0.7008109168107833,1.3899240841237508,5.4249706531864215,-0.6136993085913777,0.1,1.4,0.0003990168232153,0.6762640681224187,-0.4359322744681201,5.4249706531864215,0.0649298597194388,0.1851703406813627,0.7928406630521146,5.321947053281456,0.885714285714286,train,2
copper,0.2,6.0,CV,1,0.0100258719341009,0.0502534422547933,0.2219734428136164,-0.1527715002795705,0.1,1.4,5.528714083134021e-06,0.0158403965315821,-0.0146871213789359,0.2219734428136164,-0.064128256513026,0.0981963927855711,0.0170218185574123,0.2196567376920244,0.7500000000000014,train,4
ascorbic_acid,2.0,7.5,CV,4,0.2218761166102095,0.4368216838962861,1.7708468023701145,-0.1794775602149036,0.1,1.4,-0.0001446854035183,0.1476861296844218,-0.1702162490521213,1.7708468023701145,0.0200400801603206,0.1907815631262525,0.2561222901057642,1.737399769485566,0.6190476190476192,train,2
dopamine,2.0,6.5,CV,4,0.0909337534157771,0.3855275553938141,1.7890867197013776,-1.0337211525111032,0.1,1.4,-0.000105612077231,0.1145728905070395,-0.128251431532414,1.7890867197013776,0.2192384769539078,0.1066132264529058,0.1491627595442957,1.780121348558006,0.6521739130434792,train,0
uric_acid,2.0,6.5,CV,6,0.1436197567256646,0.3315679251553125,1.4426405411412258,-0.1418302510722395,0.1,1.4,9.308900445276237e-05,0.1540896658204976,-0.1248629888176695,1.4426405411412258,0.3847695390781563,0.1402805611222445,0.1614733061600308,1.422756841474775,0.9230769230769234,train,1
aluminum,1.0,7.5,CV,3,0.0570457475035314,0.1788878500304192,0.7108719199686583,-0.3632277320551934,0.1,1.4,-0.0002448769036056,0.0586133333679822,-0.1078799091265281,0.7108719199686583,-0.294188376753507,0.1627254509018036,0.0901149662892323,0.7016432052976092,0.7058823529411767,train,5
aluminum,1.0,7.0,CV,7,0.0543150423180443,0.1784853914799062,0.7165822388370706,-0.3597185443509598,0.1,1.4,-7.759328543927722e-05,0.0536087222897077,-0.0547224317505097,0.7165822388370706,-0.3110220440881763,0.1683366733466934,0.0913162848331028,0.7099817691302853,0.935483870967742,train,5
copper,2.0,8.0,CV,7,0.0728742854412301,0.4510770779874071,1.988534104750297,-1.3975535245944446,0.1,1.4,-6.054588373005287e-05,0.1278109616182317,-0.1430018732682993,1.988534104750297,-0.0416833667334669,0.0981963927855711,0.1525898842607105,1.9851969472358395,0.8421052631578941,train,4
dopamine,10.0,6.5,CV,5,0.2879432616632539,1.231870810900192,5.581539043393166,-3.040705911559684,0.1,1.4,-9.06390946369806e-05,0.3254986394470095,-0.4378237257928032,5.581539043393166,0.2304609218436873,0.1094188376753507,0.4831644877958994,5.5492536560791565,0.9499999999999992,train,0
ascorbic_acid,0.2,7.5,CV,2,0.0279041122447169,0.0495047275214628,0.2075603471251425,-0.016031939067456,0.1,1.4,1.2381030822114505e-08,0.0145844409448374,-0.0178791548037304,0.2075603471251425,0.0480961923847695,0.1795591182364729,0.0276912803236086,0.2007767233674555,0.8823529411764698,train,2
copper,0.5,6.5,CV,2,0.0221248998680249,0.123833279594446,0.5535582747898498,-0.3847295948900726,0.1,1.4,-2.68549876714147e-06,0.0359262349857083,-0.0388065850167103,0.5535582747898498,-0.0529058116232464,0.0953907815631263,0.0410012485905235,0.5508229363409788,1.0,train,4
uric_acid,0.5,7.5,CV,6,0.0429250062313889,0.0939250806901922,0.4129964456099975,-0.0378976835331042,0.1,1.4,2.8574221188038484e-05,0.0439722906598112,-0.0310587211351341,0.4129964456099975,0.3342685370741483,0.1458917835671341,0.0468037705352715,0.4049992038165299,0.8571428571428561,train,1
glucose,1.0,7.0,CV,0,0.0912959055203541,0.1473730977015415,0.5306387694307537,-0.0597378996277609,0.1,1.4,-2.688235479383537e-06,0.0452308332482302,-0.0522081552748404,0.5306387694307537,0.5110220440881764,0.2412825651302604,0.0980935757501776,0.5103841753248916,0.8695652173913031,train,3
uric_acid,5.0,6.5,CV,3,0.2987273675885841,0.6889207897911201,3.024234481803598,-0.327242400928984,0.1,1.4,-0.0007611153206181,0.2201104071971353,-0.4005268326169069,3.024234481803598,0.3707414829659319,0.1486973947895792,0.3488579076060455,2.985597291871505,0.7666666666666679,train,1
aluminum,1.0,8.0,CV,1,0.0548869717571326,0.1802738931355753,0.7087008150400133,-0.3937658035133428,0.1,1.4,-2.046639095722011e-05,0.0479786095674424,-0.0917654104301291,0.7087008150400133,-0.2969939879759519,0.1627254509018036,0.0899448243243905,0.7006354735161235,0.8709677419354837,train,5
aluminum,10.0,7.5,CV,0,0.3200999912562006,1.0817450697425803,4.153853707238205,-2.460869301785815,0.1,1.4,-0.0002858371877675,0.3126422051730411,-0.4386044012326053,4.153853707238205,-0.3166332665330661,0.1739478957915831,0.5628951241826131,4.11261278985172,0.7222222222222224,train,5
copper,1.0,7.0,CV,0,0.0403008666163755,0.2393803351285875,1.0598724847158771,-0.7743897510412655,0.1,1.4,-4.0181173151455295e-06,0.0687420715259057,-0.0954984366123547,1.0598724847158771,-0.0529058116232464,0.0981963927855711,0.0805407105966137,1.0558395144627435,0.8421052631578941,train,4
copper,2.0,7.5,CV,5,0.0760597559749093,0.453747856709693,1.9717062066229492,-1.439378629642884,0.1,1.4,-2.9676455647238627e-05,0.1576084024708128,-0.1433241594916134,1.9717062066229492,-0.0416833667334669,0.101002004008016,0.1545143694224104,1.9620864529296784,0.8947368421052635,train,4
glucose,0.1,7.5,CV,4,0.0135050805287219,0.0156143096201321,0.0616840673186731,-0.0037165394857804,0.1,1.4,-3.2112738174231576e-06,0.0054922094465746,-0.0069544990525956,0.0616840673186731,0.4997995991983969,0.2412825651302605,0.0103922237108203,0.0553612850240543,0.7199999999999988,train,3
aluminum,0.5,6.0,CV,8,0.0295773767567208,0.0920708851468607,0.3528003058133035,-0.1926709450648303,0.1,1.4,-2.695809257705484e-05,0.0282441240134102,-0.0420394391282223,0.3528003058133035,-0.3306613226452906,0.1739478957915831,0.048007169088613,0.3465522205553425,0.8787878787878786,train,5
dopamine,5.0,7.0,CV,0,0.1839283438151477,0.8015589696948462,3.5845310866615727,-1.9425728558038309,0.1,1.4,-2.1090878948037016e-05,0.3212803301653006,-0.3193917027071576,3.5845310866615727,0.1995991983967936,0.1122244488977955,0.3198884842543826,3.574539799550395,0.904761904761905,train,0
glucose,0.2,7.0,CV,5,0.0227771230000161,0.0313675878134291,0.1200625262554603,-0.007956689194115,0.1,1.4,-2.609030835716841e-07,0.0113536868393429,-0.0129335173793763,0.1200625262554603,0.4829659318637275,0.227254509018036,0.0200590306710677,0.1122081493881098,0.8409090909090925,train,3
uric_acid,5.0,7.0,CV,8,0.2954934179934055,0.6959010228489185,3.028476712489585,-0.2739153149993193,0.1,1.4,4.264772102509517e-05,0.2190619014667085,-0.2397957422617383,3.028476712489585,0.339879759519038,0.1458917835671341,0.3484301787837077,2.996300570741876,0.6249999999999997,train,1
glucose,0.2,7.0,CV,0,0.0225524484324577,0.0312671092214542,0.116530668701844,-0.0099459894275449,0.1,1.4,1.6013029891552116e-06,0.0099127938022119,-0.011446223101322,0.116530668701844,0.5110220440881764,0.2412825651302604,0.0208847849816405,0.1088375902526436,0.8695652173913031,train,3
uric_acid,0.5,7.0,CV,8,0.0423718918883532,0.09353352317589,0.4103464040991808,-0.0344431918101793,0.1,1.4,8.203764305897935e-06,0.0296118568603445,-0.0324220040889417,0.4103464040991808,0.339879759519038,0.1458917835671341,0.0468795739980525,0.4032675714617811,0.6249999999999997,train,1
uric_acid,1.0,7.5,CV,2,0.0796650364233862,0.182303855474058,0.7853406444684509,-0.0708077855753426,0.1,1.4,-6.786741661336332e-06,0.0624962124068932,-0.0613823427080491,0.7853406444684509,0.314629258517034,0.1571142284569138,0.0957489768692404,0.7742958303306352,0.6969696969696967,train,1
aluminum,2.0,7.0,CV,8,0.1013029205493857,0.3328786748334632,1.2932525372041956,-0.7423292833287688,0.1,1.4,-6.962997685094999e-05,0.1015773709375578,-0.1118023636143041,1.2932525372041956,-0.2997995991983967,0.1711422845691382,0.1719276311572823,1.2770971427916344,0.6944444444444448,train,5
uric_acid,2.0,6.0,CV,8,0.1416526947436908,0.3307203688149698,1.4568890079415244,-0.1283762572434415,0.1,1.4,2.1714424324237272e-05,0.0931371806182017,-0.1007699323929751,1.4568890079415244,0.4072144288577154,0.1458917835671344,0.1665443660943785,1.4398136794266838,0.9999999999999984,train,1
dopamine,2.0,7.5,CV,5,0.0936284898500947,0.3943206377326086,1.8058692948756303,-0.9618056492788416,0.1,1.4,-2.6956266600724228e-05,0.0896256977180616,-0.131667534783289,1.8058692948756303,0.1659318637274549,0.1150300601202405,0.1596854800083602,1.7944247254812855,0.7083333333333335,train,0
aluminum,0.1,6.0,CV,1,0.0076253298198192,0.0189690881130048,0.0748272389983349,-0.0363905265968069,0.1,1.4,-3.190327864668402e-06,0.005368635637728,-0.0106397505196356,0.0748272389983349,-0.3362725450901803,0.1683366733466934,0.0096228764211566,0.0721660515390291,0.7647058823529412,train,5
ascorbic_acid,10.0,7.0,CV,8,0.6977730437747988,1.385706104322464,5.5922087469463815,-0.5056095718749354,0.1,1.4,8.654492610842057e-05,0.4331682867927739,-0.4423817955029067,5.5922087469463815,0.0452905811623246,0.1879759519038076,0.797490095491962,5.489426722236979,0.7631578947368424,train,2
aluminum,0.1,6.5,CV,0,0.007651359870851,0.0191397485466757,0.0748055388488132,-0.0395614082712645,0.1,1.4,-4.1033607890888685e-06,0.0056730122171034,-0.0113363931984865,0.0748055388488132,-0.3334669338677354,0.1683366733466934,0.0096933257487419,0.072202775839971,0.7647058823529412,train,5
ascorbic_acid,1.0,6.0,CV,5,0.1174175893870188,0.2266626629278545,0.8906142316442716,-0.0974338045966669,0.1,1.4,-1.7811614691354284e-05,0.0683682235677783,-0.0769120426634148,0.8906142316442716,0.0761523046092184,0.1963927855711423,0.1343676819180833,0.8697983864346281,0.5909090909090906,train,2
ascorbic_acid,5.0,6.5,CV,0,0.4429414307755404,0.878892159362947,3.562812263553384,-0.4538951341480836,0.1,1.4,-2.866237924691584e-05,0.2856018457529212,-0.3051274494288097,3.562812263553384,0.0929859719438878,0.1935871743486974,0.5187530665601946,3.497096413148415,0.7692307692307685,train,2
copper,10.0,7.0,CV,9,0.2400135817095506,1.431562924914339,6.248339810881047,-4.61343579638285,0.1,1.4,-0.0002362190580584,0.6171297485622862,-0.3889155209855621,6.248339810881047,-0.0472945891783567,0.0925851703406813,0.4668041849945807,6.227694497474547,0.9411764705882344,train,4
copper,0.2,6.0,CV,2,0.0101981187656837,0.0504458426991414,0.2242026237071342,-0.158876140860154,0.1,1.4,5.56453038533091e-07,0.0146806123149871,-0.016373982725589,0.2242026237071342,-0.0529058116232464,0.0981963927855711,0.0170072347996389,0.2220743805452239,0.8421052631578941,train,4
ascorbic_acid,5.0,6.5,CV,7,0.44008786233887,0.8783465677009535,3.546394273783898,-0.3264580274581063,0.1,1.4,-0.0001527382534985,0.2438267647933076,-0.2593752685530626,3.546394273783898,0.0565130260521041,0.1907815631262525,0.5109460793439252,3.488840034820239,0.5813953488372088,train,2
ascorbic_acid,0.5,7.5,CV,0,0.0634106286826334,0.1208301626736915,0.5043710418760661,-0.0584342117239301,0.1,1.4,-1.5405425939099829e-06,0.0361527618813276,-0.0384095512466123,0.5043710418760661,0.0144288577154308,0.1795591182364728,0.0677257510290751,0.4920475291924399,0.5609756097560976,train,2
dopamine,2.0,6.0,CV,3,0.0918393484705142,0.3790858472166372,1.7064996308630909,-0.9017382404183416,0.1,1.4,-0.0003662109950657,0.1328694168668097,-0.1934654168161508,1.7064996308630909,0.2613226452905811,0.1122244488977955,0.1502866290725765,1.6945352249146397,0.8181818181818203,train,0
dopamine,1.0,7.0,CV,4,0.0507925846958485,0.2098458661022301,0.954213037085624,-0.5060620557092764,0.1,1.4,-5.62385091905856e-05,0.0683665852445393,-0.0681481551867971,0.954213037085624,0.1995991983967936,0.1150300601202405,0.0853662675684396,0.9482587167494652,0.9523809523809534,train,0
ascorbic_acid,0.1,6.0,CV,5,0.0152592027750422,0.0243145617306968,0.0982485638125289,-0.008979326061379,0.1,1.4,5.325614409073392e-07,0.0074853144854844,-0.0084766999244539,0.0982485638125289,0.0761523046092184,0.1879759519038075,0.0139827543745885,0.0931482883347637,0.55813953488372,train,2
aluminum,0.2,6.5,CV,1,0.0131851035185772,0.0378251926197708,0.1463544049856601,-0.0779253381110793,0.1,1.4,-7.041301663258041e-06,0.0105489293923661,-0.0141415576293227,0.1463544049856601,-0.3362725450901803,0.1795591182364729,0.020030810209615,0.1429581089093301,0.6842105263157894,train,5
uric_acid,2.0,7.0,CV,7,0.1423604526804769,0.337131634481778,1.4870089757889375,-0.1356544792978231,0.1,1.4,-5.337181587803262e-05,0.0974840282547852,-0.0922111249281312,1.4870089757889375,0.3595190380761522,0.1402805611222445,0.1650761381016354,1.4751202319894805,0.9230769230769234,train,1
glucose,5.0,6.5,CV,9,0.3422909318967154,0.564287197494713,2.0960912100875677,-0.236166801101216,0.1,1.4,-0.0001196062802805,0.2053410955873157,-0.2011351993418886,2.0960912100875677,0.4857715430861723,0.2132264529058116,0.3456225058402655,2.027302142196659,0.7272727272727264,train,3
copper,1.0,6.5,CV,7,0.0394942286484713,0.2385776028970597,1.0341816900358731,-0.7365855450613131,0.1,1.4,-3.075007501212942e-05,0.0700245247230931,-0.0777441243572417,1.0341816900358731,-0.0529058116232464,0.0981963927855711,0.0809297423489519,1.0315798846716202,0.9444444444444446,train,4
glucose,2.0,6.5,CV,5,0.1671719332951913,0.273796708231218,1.0052731409165638,-0.0993041864271373,0.1,1.4,-2.298597497623388e-05,0.0942855932130314,-0.1098307697763862,1.0052731409165638,0.4829659318637275,0.2328657314629257,0.1776268396716838,0.9705416876166768,0.6600000000000004,train,3
aluminum,2.0,8.0,CV,5,0.1029425133771931,0.332513797457008,1.3356104960358526,-0.678030442473905,0.1,1.4,-9.248860548304928e-05,0.1014406607893143,-0.1230087928676595,1.3356104960358526,-0.3054108216432865,0.1683366733466934,0.1706739361286863,1.3188556887518743,0.8750000000000009,train,5
copper,1.0,8.0,CV,3,0.0429136758496308,0.2425531318976034,1.0725116295567143,-0.7737931080358893,0.1,1.4,-0.000223034378317,0.0719009431758319,-0.1183931751230084,1.0725116295567143,-0.038877755511022,0.0981963927855711,0.0812093078878168,1.0651970223234482,0.9444444444444456,train,4
uric_acid,2.0,7.0,CV,4,0.1450159729542405,0.3346276248897483,1.463493071015988,-0.1419570149841768,0.1,1.4,-0.0001052574885841,0.0989636665366275,-0.1247162667986499,1.463493071015988,0.3482965931863727,0.1486973947895792,0.1703048901872695,1.4440394585062846,0.7666666666666656,train,1
ascorbic_acid,5.0,7.5,CV,4,0.456387368205885,0.904758921581876,3.664631962182816,-0.3747987369080142,0.1,1.4,-0.0003024189441867,0.305650926257805,-0.3522414287624251,3.664631962182816,0.0200400801603206,0.1907815631262525,0.5304567544789895,3.598211286956714,0.6190476190476192,train,2
uric_acid,0.5,6.5,CV,0,0.0417909383444397,0.0927552747396314,0.4139328150915315,-0.0411086390885709,0.1,1.4,-3.5234738942328815e-07,0.0268127753342977,-0.0300113491124728,0.4139328150915315,0.3847695390781563,0.151503006012024,0.0478224088198112,0.4074995808385738,0.928571428571426,train,1
glucose,0.1,7.5,CV,1,0.0133998772960775,0.0158452159917977,0.0627493984524084,-0.0042867473829354,0.1,1.4,3.9968509379931385e-06,0.0059421798134301,-0.0049068475413847,0.0627493984524084,0.4689378757515029,0.2468937875751503,0.0107838893909321,0.0567531631420446,0.7599999999999986,train,3
ascorbic_acid,0.2,7.5,CV,6,0.02797067441289,0.0498683971866577,0.1959932626934263,-0.0204535260563286,0.1,1.4,1.7206354780661237e-05,0.0245689919647826,-0.0158329002622186,0.1959932626934263,0.0116232464929859,0.1991983967935872,0.0297426778416166,0.1894154461060222,0.5434782608695646,train,2
uric_acid,0.2,6.0,CV,6,0.0189077316390286,0.0373906057282695,0.1680418432161143,-0.0129270946649391,0.1,1.4,1.3194118763455163e-05,0.017720687182385,-0.0150699783334599,0.1680418432161143,0.4044088176352706,0.1402805611222444,0.0182588957959457,0.1628284795214072,0.9230769230769248,train,1
uric_acid,2.0,6.5,CV,1,0.1418613555048844,0.3317710652815629,1.4389120670766082,-0.1682582456031914,0.1,1.4,2.4007459874996583e-05,0.1055934897979585,-0.1028471373358504,1.4389120670766082,0.3791583166332665,0.1543086172344691,0.1730331834423984,1.4239283066462936,0.8965517241379295,train,1
uric_acid,5.0,8.0,CV,7,0.29689544576903,0.711496840541023,3.117213779127303,-0.2756221470648087,0.1,1.4,-0.000115534421174,0.2074497930809558,-0.1887354564196681,3.117213779127303,0.3034068136272545,0.1486973947895791,0.3615333770662963,3.0933811304722867,0.9629629629629638,train,1
dopamine,0.1,6.5,CV,2,0.0080272000716645,0.0220296720900193,0.1045699878884174,-0.0508210925077669,0.1,1.4,1.7571231530838384e-06,0.0063699993658442,-0.0086133826700178,0.1045699878884174,0.2164328657314629,0.1066132264529058,0.0085364824007538,0.1011236302342959,0.583333333333333,train,0
aluminum,1.0,6.5,CV,9,0.0560158286957467,0.1795093914866648,0.716698719990271,-0.370709480798292,0.1,1.4,-9.175951667449178e-05,0.0578948523030473,-0.08453831128923,0.716698719990271,-0.3222444889779559,0.1627254509018036,0.0894696433613308,0.7079997439932331,0.8709677419354849,train,5
uric_acid,10.0,6.5,CV,8,0.453883375071626,1.0747909001090192,4.766970175402125,-0.4237543520255212,0.1,1.4,6.419949597670351e-05,0.3351549628079141,-0.3407351063711262,4.766970175402125,0.3735470941883767,0.1430861723446893,0.5309533811179247,4.718810091136789,0.7586206896551712,train,1
copper,0.5,7.5,CV,0,0.0219858357177076,0.124883802694901,0.5452389176575143,-0.3969509932804544,0.1,1.4,-7.61695434042961e-07,0.0368644722340436,-0.0515066055050088,0.5452389176575143,-0.0529058116232464,0.0981963927855711,0.0420943988015316,0.5422781977029647,0.6666666666666666,train,4
dopamine,5.0,6.0,CV,2,0.1817169961399485,0.7873014415080681,3.614927643194721,-2.009230781670982,0.1,1.4,-3.341874882165124e-05,0.2229210976977778,-0.2607171536832551,3.614927643194721,0.2529058116232465,0.1066132264529058,0.3043492945745001,3.599204156161948,0.8095238095238101,train,0
aluminum,10.0,6.5,CV,2,0.3221870134622981,1.0684002863693134,4.200132942752163,-2.2889421901182008,0.1,1.4,-0.0004040279535456,0.3057470960030359,-0.4720010417021829,4.200132942752163,-0.3054108216432865,0.1655310621242485,0.5402535939998032,4.158494775315066,0.6388888888888884,train,5
uric_acid,1.0,6.5,CV,8,0.0781450577145418,0.1789942669928936,0.7971306944051763,-0.0682891523711136,0.1,1.4,1.307192509702415e-05,0.0559790972810096,-0.0569278908021009,0.7971306944051763,0.3735470941883767,0.1430861723446893,0.0884743906898973,0.7864508773398026,0.7586206896551712,train,1
ascorbic_acid,0.5,7.5,CV,6,0.063988006154359,0.1216628053638615,0.4740070389476556,-0.0522099471245287,0.1,1.4,3.764464790404681e-05,0.0594541931180792,-0.0383202989691494,0.4740070389476556,0.0116232464929859,0.1991983967935872,0.0726890142550037,0.4625843142927033,0.5434782608695646,train,2
aluminum,5.0,7.0,CV,4,0.2094245074643939,0.6886552644513089,2.6623809480738445,-1.42946296233923,0.1,1.4,-0.0004170486260583,0.2275738290010725,-0.2876870512312477,2.6623809480738445,-0.3138276553106212,0.1739478957915832,0.3623038955224548,2.6317397618210165,0.9375000000000002,train,5
ascorbic_acid,0.1,8.0,CV,1,0.0155629442394025,0.0250899447419792,0.1012735801122652,-0.0088563342692633,0.1,1.4,4.553609855949804e-06,0.0087396686807409,-0.0078129783341325,0.1012735801122652,0.0200400801603206,0.1879759519038075,0.0144404073391743,0.0962331286313881,0.9705882352941184,train,2
uric_acid,1.0,7.0,CV,9,0.0796193309661874,0.1800150347275979,0.7766318714073002,-0.0778192682059389,0.1,1.4,-3.2953073598082924e-05,0.0568341592874365,-0.0520441016140287,0.7766318714073002,0.3370741482965932,0.1543086172344689,0.0938134764653849,0.7646831673680191,0.617647058823529,train,1
glucose,5.0,7.0,CV,6,0.3435340599632426,0.5659889900698313,2.214823181063241,-0.2045317362970672,0.1,1.4,0.0001716137956405,0.2881200919193084,-0.1878011187986885,2.214823181063241,0.4829659318637275,0.2300601202404809,0.3635953896287672,2.137111856722093,0.7826086956521745,train,3
uric_acid,10.0,6.5,CV,2,0.4547679496186409,1.074861019665107,4.736935426933113,-0.4642908723167857,0.1,1.4,-5.353794867936029e-05,0.3804396857330414,-0.3605129063331908,4.736935426933113,0.3763527054108216,0.151503006012024,0.5511727990836147,4.690819574570247,0.862068965517243,train,1
copper,0.2,6.5,CV,8,0.0102039172893812,0.0509091659901338,0.225250580915674,-0.1568678895204866,0.1,1.4,5.269578105363361e-06,0.0174554999419541,-0.0140776307946795,0.225250580915674,-0.0613226452905811,0.101002004008016,0.0174616429872913,0.2228829487041443,0.7142857142857142,train,4
dopamine,0.5,6.0,CV,4,0.0272053977847428,0.1058379076199824,0.4862648417017446,-0.2631250580451349,0.1,1.4,-2.7173706309091508e-05,0.0296909104595676,-0.0380708475852802,0.4862648417017446,0.2529058116232465,0.1094188376753507,0.0416268779431944,0.4817159130866307,0.8571428571428585,train,0
aluminum,1.0,7.0,CV,8,0.055328636436657,0.1787586749478218,0.6953173223211275,-0.3973786629944475,0.1,1.4,-3.608386890825852e-05,0.054594170413041,-0.0600369540015619,0.6953173223211275,-0.2997995991983967,0.1711422845691382,0.0922467920838996,0.6854465954229267,0.6944444444444448,train,5
ascorbic_acid,0.1,6.0,CV,1,0.0150718841930219,0.0240130835608682,0.101184794228559,-0.0084426255329486,0.1,1.4,4.486072500671859e-06,0.0083788738242678,-0.0080253704814024,0.101184794228559,0.0845691382765531,0.1907815631262525,0.0139496248414286,0.0961541607684634,0.7,train,2
copper,0.5,6.5,CV,9,0.0224947540184355,0.123212604883726,0.5363485271745098,-0.3977197691482952,0.1,1.4,-1.7847980574638272e-05,0.0531956211113544,-0.0318308716020106,0.5363485271745098,-0.0501002004008015,0.0981963927855711,0.0415940585957167,0.5328116823872964,0.8421052631578934,train,4
aluminum,0.5,7.5,CV,0,0.0295255185245129,0.0935954413603157,0.3609118534253046,-0.2104393252988189,0.1,1.4,-2.218626330839389e-05,0.02718499384813,-0.0379714297664896,0.3609118534253046,-0.3166332665330661,0.1739478957915831,0.0486998689230819,0.3558391607309507,0.7222222222222224,train,5
dopamine,0.1,7.0,CV,1,0.0080065002527314,0.0222905379190929,0.1032307492068485,-0.053041123993359,0.1,1.4,4.09077320250451e-06,0.0072682016658868,-0.0063646395935339,0.1032307492068485,0.1995991983967936,0.1150300601202404,0.0090392576904462,0.0996900256922688,0.8636363636363648,train,0
glucose,5.0,6.5,CV,4,0.3410862945404026,0.5594205984495695,2.0938402080018688,-0.2516837014692335,0.1,1.4,-0.0001962180713452,0.183463652619547,-0.2296851678564464,2.0938402080018688,0.4997995991983969,0.2356713426853707,0.3639603568094587,2.0204190991021527,0.9090909090909112,train,3
uric_acid,5.0,6.0,CV,3,0.2960333865871625,0.6831813161858392,3.061840329208358,-0.2974065419992237,0.1,1.4,-0.000754183852994,0.2186173163179288,-0.3968924345945332,3.061840329208358,0.3931863727454909,0.1571142284569138,0.3587352754189752,3.0241428748915715,0.6969696969696967,train,1
ascorbic_acid,0.2,8.0,CV,8,0.028105540248966,0.0501958064675548,0.2010040224808104,-0.0165257410882605,0.1,1.4,5.8790371663177e-06,0.0147692331533506,-0.0162449539724628,0.2010040224808104,0.0256513026052104,0.1879759519038075,0.0289968448167599,0.1941167305558821,0.914285714285714,train,2
ascorbic_acid,0.1,7.5,CV,9,0.0156459958372605,0.0249530427090848,0.1018790284306919,-0.0077189401177277,0.1,1.4,-2.5724403918398546e-06,0.0096020785879064,-0.0078173721565834,0.1018790284306919,0.0228456913827654,0.1991983967935872,0.0148925099841995,0.0966360210821831,0.6904761904761892,train,2
aluminum,1.0,6.0,CV,3,0.0566770424242225,0.1763876967371509,0.6900781890923858,-0.3671698068494367,0.1,1.4,-0.0002683831156074,0.0578995429859001,-0.1065217746266816,0.6900781890923858,-0.3278557114228457,0.176753507014028,0.0936491548473727,0.6808200501754063,0.8529411764705881,train,5
dopamine,2.0,7.5,CV,8,0.0922823115308137,0.3921425285218726,1.7957353897452415,-0.9404870551423336,0.1,1.4,2.2607958735389983e-05,0.1228556085294381,-0.1528339461058687,1.7957353897452415,0.1715430861723447,0.1122244488977955,0.1572952470774769,1.7850328068531038,0.818181818181817,train,0
aluminum,5.0,8.0,CV,0,0.2065661696034858,0.6972208518401359,2.6728039438410174,-1.6018025591674316,0.1,1.4,-0.0001570117206553,0.201836770880967,-0.2321004948334885,2.6728039438410174,-0.3082164328657314,0.1739478957915831,0.3639639677415391,2.646046225248521,0.8235294117647052,train,5
dopamine,2.0,8.0,CV,8,0.0933980044253668,0.3974081560211858,1.797849732565053,-1.0181455162273954,0.1,1.4,2.284998191246057e-05,0.1283313296149533,-0.1362722400933483,1.797849732565053,0.1490981963927855,0.1178356713426853,0.1639011283099875,1.788583458884043,1.0,train,0
glucose,5.0,6.0,CV,9,0.3394893196262153,0.561355953664647,2.053232619085856,-0.2347368906252462,0.1,1.4,-0.0001188806029781,0.2056713421849341,-0.2014710680589464,2.053232619085856,0.4885771543086171,0.227254509018036,0.3584926200501386,1.9841383328736744,0.5882352941176457,train,3
ascorbic_acid,0.1,7.5,CV,4,0.0155930712251246,0.0252257567471087,0.105017263645978,-0.0076748896858827,0.1,1.4,-5.938307559985548e-06,0.008735614180057,-0.01010150764028,0.105017263645978,0.0200400801603206,0.1907815631262525,0.0147387134849175,0.1002034389876871,0.6190476190476192,train,2
aluminum,1.0,7.0,CV,0,0.0548821770899721,0.1795006941998503,0.6907562129404679,-0.3983113871764766,0.1,1.4,-5.293372524049131e-05,0.0520143807496237,-0.0832540007457891,0.6907562129404679,-0.3166332665330661,0.1795591182364729,0.0953107700665562,0.6822552604474884,0.9393939393939396,train,5
aluminum,5.0,6.5,CV,5,0.2100110270512255,0.6806445963399552,2.650816454370203,-1.4676753053336271,0.1,1.4,-0.0002825180568336,0.2074712679186248,-0.2587225711692185,2.650816454370203,-0.3054108216432865,0.1739478957915831,0.3550987884947177,2.61950568241976,0.7222222222222215,train,5
aluminum,0.5,7.5,CV,2,0.0298385272599364,0.0933054434924171,0.3771681549909251,-0.196051456343205,0.1,1.4,-2.399913108651488e-05,0.02690273908077,-0.0397608913182385,0.3771681549909251,-0.3054108216432865,0.1627254509018036,0.0465536948419636,0.3717022847770274,0.9333333333333328,train,5
ascorbic_acid,10.0,7.5,CV,3,0.7172802821378936,1.3893302861982837,5.569542150102254,-0.6199776202006895,0.1,1.4,-0.001633554818069,0.5159075563586317,-0.8579757534125847,5.569542150102254,0.0284569138276553,0.1851703406813627,0.7950202864077647,5.438130888811634,0.7837837837837843,train,2
aluminum,10.0,7.0,CV,1,0.3184339845019713,1.073048870053136,4.129639696258431,-2.3333806526216296,0.1,1.4,-0.000223599885202,0.2935682091303393,-0.5258324086870574,4.129639696258431,-0.3082164328657314,0.1683366733466934,0.5480328271583815,4.090858424809846,0.8750000000000003,train,5
glucose,10.0,8.0,CV,3,0.5460674277223035,0.8973809023547051,3.3109673591214133,-0.3663616819624017,0.1,1.4,-0.0010829955295902,0.3054156180741157,-0.5692992857795602,3.3109673591214133,0.4577154308617234,0.2356713426853706,0.5886193212273436,3.1958752519770943,0.8260869565217387,train,3
ascorbic_acid,1.0,7.0,CV,9,0.1198598095911981,0.2300023402644439,0.9001954106156067,-0.0911636767150598,0.1,1.4,-4.550975468633245e-05,0.0827724091555463,-0.070318891327291,0.9001954106156067,0.0593186372745491,0.1963927855711422,0.1367013950682345,0.8771414905529364,1.0,train,2
aluminum,0.2,7.0,CV,6,0.0134187831266567,0.0378879421520292,0.1515019374420837,-0.0760671715959362,0.1,1.4,3.0328707989566584e-06,0.0192058500507595,-0.0123674230452617,0.1515019374420837,-0.3110220440881763,0.1711422845691383,0.0193974603999137,0.1479745566596227,0.9677419354838712,train,5
glucose,0.2,6.5,CV,5,0.0226301549828372,0.0312205988859855,0.1188634920994414,-0.0078906040734192,0.1,1.4,-2.4453215462941733e-07,0.0111244350862004,-0.0129306943501342,0.1188634920994414,0.4829659318637275,0.2384769539078156,0.0206406211271324,0.111079560249209,0.6346153846153846,train,3
glucose,0.5,6.5,CV,6,0.0493465865175399,0.0757155434987679,0.2993338029240351,-0.0256434363053442,0.1,1.4,2.5716699533329943e-05,0.0390949157674526,-0.0246479964061546,0.2993338029240351,0.4829659318637275,0.2244488977955911,0.0480444648920897,0.2856883578664336,0.5686274509803938,train,3
uric_acid,10.0,6.0,CV,5,0.4539113729192187,1.062918317071952,4.505421393985749,-0.4108104709039989,0.1,1.4,-8.862804271136066e-05,0.3897655491032403,-0.3277519924127119,4.505421393985749,0.4072144288577154,0.1571142284569138,0.5543036582534346,4.452515998795994,1.0,train,1
uric_acid,0.5,7.5,CV,5,0.0430976671554705,0.0938192382218002,0.4081121935381634,-0.037435437167901,0.1,1.4,-5.379739379224528e-06,0.0360091329272784,-0.0240234351051008,0.4081121935381634,0.3090180360721443,0.1571142284569137,0.0492161070868521,0.4003131057031924,0.5555555555555555,train,1
glucose,0.5,7.0,CV,9,0.049899189159816,0.0762996418075891,0.2882670242131052,-0.0280875123454478,0.1,1.4,-1.4006370704636478e-05,0.0279711445298479,-0.0273228992318906,0.2882670242131052,0.4857715430861723,0.2272545090180361,0.0488748522879298,0.2749199968927907,0.8409090909090902,train,3
copper,0.2,7.5,CV,4,0.0103917004105134,0.0513153954385657,0.226702271970876,-0.1622532342466272,0.1,1.4,-1.1161541923530992e-05,0.0200518785305832,-0.0161291424077741,0.226702271970876,-0.0472945891783567,0.0981963927855711,0.0172259283543101,0.2241317874950067,0.8421052631578941,train,4
glucose,5.0,6.0,CV,8,0.3368023031022769,0.5640876976803053,2.0569012361055776,-0.2410042017962694,0.1,1.4,3.805785502919601e-05,0.1650608563724982,-0.1674607261701128,2.0569012361055776,0.4857715430861723,0.227254509018036,0.3623160394614627,1.993430660752919,0.5576923076923072,train,3
aluminum,0.5,6.5,CV,7,0.0291030901534261,0.0922940556818352,0.3676085391204977,-0.1906084626984805,0.1,1.4,-4.340099418653368e-05,0.0277777470887443,-0.0512368967161136,0.3676085391204977,-0.3110220440881763,0.1599198396793587,0.0456195442208109,0.3635714635991459,0.7812500000000006,train,5
uric_acid,5.0,6.5,CV,0,0.291189059103817,0.690131396331831,3.05434899885778,-0.3348567149998716,0.1,1.4,-2.049869678214528e-05,0.1980969084242106,-0.2214567174697804,3.05434899885778,0.3847695390781563,0.151503006012024,0.3551970643267088,3.025715086876834,0.928571428571426,train,1
ascorbic_acid,0.5,8.0,CV,8,0.0643199609497144,0.1224277870607008,0.4862564810919385,-0.0429744733362442,0.1,1.4,1.0241296466936694e-05,0.0358026239015331,-0.039289631551513,0.4862564810919385,0.0256513026052104,0.1879759519038075,0.0709652651360512,0.4746440400860419,0.914285714285714,train,2
aluminum,0.1,6.5,CV,8,0.0076998866257029,0.019074581243208,0.0748129498549657,-0.0390621921276312,0.1,1.4,-2.2719088246602355e-06,0.0059233345028453,-0.0088187946666568,0.0748129498549657,-0.319438877755511,0.1683366733466934,0.0096882232897346,0.0720521423184778,0.9354838709677415,train,5
aluminum,0.1,6.5,CV,4,0.0077485485989971,0.0190301585149308,0.0754816955639134,-0.0365975430037507,0.1,1.4,-9.887054568892902e-06,0.0063412936844387,-0.0069769156125102,0.0754816955639134,-0.3278557114228457,0.1767535070140281,0.0100435230229325,0.0727270827459226,0.7999999999999996,train,5
uric_acid,0.2,7.0,CV,8,0.0191192582566555,0.0382040337781011,0.1698357458480939,-0.0124444403361113,0.1,1.4,5.0396213001974304e-06,0.0122083094555604,-0.0133719231544328,0.1698357458480939,0.339879759519038,0.1458917835671341,0.019169714790528,0.1650051369971147,0.6249999999999997,train,1
ascorbic_acid,5.0,7.0,CV,3,0.4576512284589477,0.8847182729940684,3.445071151277064,-0.3940337029710052,0.1,1.4,-0.0010391080527503,0.3359854282756211,-0.5462876282652539,3.445071151277064,0.0789579158316633,0.2020040080160321,0.5356071888587348,3.361949134237144,0.6744186046511629,train,2
aluminum,0.1,7.0,CV,9,0.0078005794385981,0.0193302499161446,0.0785832226189763,-0.0364945400759069,0.1,1.4,-6.489118055597135e-06,0.0063367685672326,-0.0089129460781784,0.0785832226189763,-0.3222444889779559,0.1627254509018036,0.0095679930489474,0.0758071922805324,0.7575757575757577,train,5
uric_acid,5.0,7.5,CV,0,0.2964404442187482,0.7022293211950718,3.00273305021011,-0.3410558759684701,0.1,1.4,-2.0923547874352188e-05,0.246841391249085,-0.2254925966375079,3.00273305021011,0.3314629258517034,0.1571142284569137,0.3686056781212087,2.971582790340827,0.9999999999999986,train,1
aluminum,0.1,6.5,CV,1,0.007635536967229,0.0190675837449069,0.0744946353998812,-0.0378876976578655,0.1,1.4,-2.1439280496578222e-06,0.0053622076158375,-0.0071253579749526,0.0744946353998812,-0.3362725450901803,0.1767535070140281,0.009968819214126,0.0718526305334843,0.6578947368421053,train,5
glucose,0.2,6.5,CV,0,0.0224066798655384,0.0311175516004732,0.118001553112369,-0.0098752167529055,0.1,1.4,1.6077323230973238e-06,0.0098593232117385,-0.0113851781674841,0.118001553112369,0.5110220440881764,0.2328657314629257,0.0203269128010613,0.1104006098061471,0.9302325581395338,train,3
uric_acid,1.0,6.0,CV,9,0.07823588937693,0.1765454346414994,0.7714987313989096,-0.0651607663523342,0.1,1.4,-3.231348999563448e-05,0.0558195006852639,-0.0511935774443212,0.7714987313989096,0.4100200400801602,0.1571142284569137,0.0928366282049551,0.759885735363706,0.9999999999999986,train,1
uric_acid,10.0,7.0,CV,1,0.4545295028356337,1.0768558171671658,4.764490318092832,-0.3695927349226795,0.1,1.4,7.164460686721896e-05,0.3428228573122266,-0.2984568324894094,4.764490318092832,0.3454909819639279,0.1486973947895791,0.5483717990573465,4.723524482638901,0.7666666666666689,train,1
uric_acid,1.0,7.5,CV,0,0.0790740297296635,0.181929521057538,0.7806999231467264,-0.0850186345950179,0.1,1.4,-3.3637797102781946e-06,0.0641176228822069,-0.058627830350826,0.7806999231467264,0.3314629258517034,0.1571142284569137,0.0955619805250615,0.7704238327123148,0.9999999999999986,train,1
copper,0.2,7.5,CV,9,0.0104762398694557,0.050968522186206,0.2248944278971214,-0.1577901782448879,0.1,1.4,-5.785053031442028e-06,0.0218467695485449,-0.0145028039185521,0.2248944278971214,-0.0416833667334669,0.0981963927855711,0.0172854330670243,0.2223282839882898,0.9444444444444456,train,4
dopamine,0.5,8.0,CV,4,0.0284427802627765,0.1117921679069038,0.5303167018224253,-0.2735362556079576,0.1,1.4,-2.869817574536071e-05,0.0287429492437973,-0.0467260077272869,0.5303167018224253,0.1462925851703407,0.1094188376753506,0.0441963831786007,0.5257928991010972,0.9500000000000012,train,0
aluminum,2.0,7.0,CV,5,0.1026427718499035,0.3300951802022456,1.3054404997685178,-0.701543800470783,0.1,1.4,-0.0001189612510399,0.100630366364774,-0.1248224313476181,1.3054404997685178,-0.3054108216432865,0.1683366733466934,0.1686031537740636,1.289136230689309,0.8749999999999998,train,5
dopamine,10.0,7.0,CV,9,0.2918977424496723,1.254817790392809,5.700302141639044,-2.972507606418446,0.1,1.4,-0.0002145203857637,0.3465712447223719,-0.4747173370726933,5.700302141639044,0.1967935871743487,0.1122244488977955,0.4999770497749923,5.671687250538492,0.904761904761905,train,0
uric_acid,1.0,7.5,CV,6,0.0798936204505059,0.1810525896507572,0.7925769004649796,-0.0744970014654922,0.1,1.4,5.225982893274997e-05,0.0844001867473019,-0.0596358862184778,0.7925769004649796,0.3342685370741483,0.1458917835671341,0.0902077024542548,0.7803428149568277,0.8571428571428561,train,1
aluminum,0.5,8.0,CV,6,0.0299712992312663,0.0932523915088253,0.3724050078843548,-0.1974882286000141,0.1,1.4,1.0857380136189046e-05,0.0465252224024847,-0.0342617944890684,0.3724050078843548,-0.3110220440881763,0.1655310621242484,0.0468504134528926,0.3663403941847217,0.8437499999999992,train,5
aluminum,0.2,8.0,CV,4,0.0134660968985252,0.0382392922656076,0.1493552696584933,-0.0776158590197897,0.1,1.4,-1.751940508463852e-05,0.0128537688109173,-0.0141693082157891,0.1493552696584933,-0.3138276553106212,0.1599198396793587,0.0190461017562213,0.1459912322665227,0.7272727272727268,train,5
copper,0.1,6.0,CV,4,0.0061657269860374,0.0255066841354896,0.1104141952675446,-0.076004414926377,0.1,1.4,-4.1926012420269055e-06,0.0091323172210252,-0.0080869550924715,0.1104141952675446,-0.064128256513026,0.1038076152304609,0.0088535734626889,0.1082160656658173,0.7619047619047625,train,4
glucose,0.1,7.5,CV,9,0.0135414991317452,0.015761427226109,0.0629867576193367,-0.0029877063896558,0.1,1.4,-8.951457386566255e-07,0.0060945615499337,-0.0059089537141563,0.0629867576193367,0.4857715430861723,0.2440881763527054,0.0106275691188744,0.0567149298885927,0.977272727272726,train,3
glucose,5.0,6.0,CV,4,0.3382918235531263,0.5565521728561923,2.0817244631664424,-0.2501991106003586,0.1,1.4,-0.0001950382270726,0.1825963373861698,-0.2283236225259384,2.0817244631664424,0.4997995991983969,0.2328657314629258,0.3589399015865762,2.0098230098835246,0.7291666666666692,train,3
dopamine,0.2,8.0,CV,4,0.0134170894621956,0.045738494206568,0.2190033578391578,-0.1100575121077032,0.1,1.4,-1.0204416760624654e-05,0.0118717902675243,-0.019209968650389,0.2190033578391578,0.1462925851703407,0.1094188376753506,0.018097842302484,0.2154088684357742,0.9500000000000012,train,0
ascorbic_acid,0.2,6.5,CV,8,0.02736965627052,0.0486299350571439,0.1993134959876183,-0.0159830743447747,0.1,1.4,5.789533749678069e-06,0.0153336613737664,-0.0157721307310415,0.1993134959876183,0.0845691382765531,0.1907815631262525,0.0282161584227081,0.1924122928755887,0.9999999999999988,train,2
dopamine,10.0,6.5,CV,1,0.2802426253018914,1.2350237587766388,5.652259472127563,-3.082316473722861,0.1,1.4,7.188910034247161e-05,0.4032574637373889,-0.3837295734223884,5.652259472127563,0.2360721442885771,0.1150300601202404,0.5015457589719667,5.627282815270183,0.7826086956521736,train,0
ascorbic_acid,2.0,6.0,CV,0,0.2132450302823078,0.4197903145414775,1.7510323549642122,-0.2145473543722291,0.1,1.4,-1.2247226656141751e-05,0.1389717844198768,-0.1475646459298735,1.7510323549642122,0.0929859719438878,0.1795591182364729,0.2353043881952486,1.716409502575429,0.8285714285714291,train,2
aluminum,1.0,8.0,CV,4,0.0559351109954086,0.1798905600533093,0.6965990623759999,-0.3755524229410634,0.1,1.4,-9.228089893990292e-05,0.0600563894971657,-0.0660116676333064,0.6965990623759999,-0.3138276553106212,0.1599198396793587,0.0897996466186881,0.6879831107208725,0.7272727272727268,train,5
dopamine,5.0,6.5,CV,2,0.1840359791174664,0.7957810779054724,3.6563620210194223,-1.9323767624706,0.1,1.4,-3.388643672180211e-05,0.2266383353862782,-0.3063873433091049,3.6563620210194223,0.2164328657314629,0.1066132264529058,0.3078267487268954,3.638621581544087,0.583333333333333,train,0
dopamine,10.0,6.0,CV,9,0.2847993831582723,1.224604237926703,5.519879257446341,-2.927228867322834,0.1,1.4,-0.0002090758772524,0.4273309434458443,-0.4410960868968842,5.519879257446341,0.2585170340681363,0.1094188376753507,0.48126315547148,5.493063379531017,0.9499999999999992,train,0
dopamine,0.2,6.5,CV,0,0.0128504714881771,0.0436398979722834,0.2000582050015907,-0.1067644700556848,0.1,1.4,1.4866000392417465e-06,0.0155840210645367,-0.0153100223840424,0.2000582050015907,0.2276553106212424,0.1122244488977955,0.0174059732430363,0.1964982429794605,0.904761904761905,train,0
glucose,10.0,6.0,CV,6,0.5236830555010962,0.8712155491610142,3.322089352851899,-0.3164749957943624,0.1,1.4,0.0002620545537758,0.4424893448164141,-0.2675532776924019,3.322089352851899,0.4829659318637275,0.2216432865731463,0.546507905105229,3.2102745252619145,0.49056603773585,train,3
aluminum,0.5,8.0,CV,8,0.0297696666684068,0.0933872192224464,0.3737476686630008,-0.2087846954544854,0.1,1.4,-9.882298148229468e-06,0.028301701233864,-0.0321966725019495,0.3737476686630008,-0.2997995991983967,0.1599198396793587,0.0460708370376006,0.367909975921971,0.9655172413793112,train,5
copper,0.2,8.0,CV,1,0.0101880484389796,0.0512102852856134,0.2310530625708706,-0.1547208532931083,0.1,1.4,5.5837437901911646e-06,0.0165121641106624,-0.0146674888573732,0.2310530625708706,-0.0360721442885771,0.0981963927855711,0.0172873699352148,0.2286285439230465,0.842105263157898,train,4
aluminum,1.0,6.5,CV,5,0.0559288566213655,0.1764463890043103,0.6884918000604294,-0.3784713335077156,0.1,1.4,-7.11934350386686e-05,0.0538791464394923,-0.0671576009229781,0.6884918000604294,-0.3054108216432865,0.1739478957915831,0.0919606876789558,0.6786921246916247,0.7222222222222215,train,5
dopamine,0.2,7.5,CV,1,0.0130638024956407,0.0448793213844875,0.215804066314033,-0.1112485354265793,0.1,1.4,5.350415987189404e-06,0.0129621589153417,-0.0148498449379784,0.215804066314033,0.1659318637274549,0.1094188376753506,0.0175878522319023,0.2120184472088664,0.6956521739130435,train,0
glucose,2.0,8.0,CV,7,0.1679620099969808,0.2775701756458638,1.0504632147509332,-0.1204188450656991,0.1,1.4,-4.816019246076299e-05,0.088498762758969,-0.0734564993093485,1.0504632147509332,0.4521042084168337,0.2356713426853707,0.1816520617468808,1.0156969788497592,0.8260869565217396,train,3
ascorbic_acid,0.5,7.5,CV,1,0.0633094649250064,0.1198474203853973,0.4725660920567791,-0.0482184495574799,0.1,1.4,1.0987093513486702e-05,0.0408013761872067,-0.0379563867989351,0.4725660920567791,0.0200400801603206,0.1879759519038075,0.0692547260612942,0.4596369702146315,0.6341463414634151,train,2
copper,2.0,8.0,CV,4,0.0758689256001448,0.4517451159075086,1.9716990327635264,-1.4340072732398634,0.1,1.4,-0.0001190575511773,0.1764749848923655,-0.1406415979801914,1.9716990327635264,-0.0332665330661322,0.0953907815631261,0.1487617389640952,1.96334307976444,0.8888888888888892,train,4
uric_acid,5.0,6.0,CV,0,0.288563477250821,0.683574609448793,3.0047095098024315,-0.3317518405593072,0.1,1.4,-2.0287244196279948e-05,0.1975046861930516,-0.219447354293638,3.0047095098024315,0.4128256513026053,0.1515030060120241,0.3508721456597223,2.9742275296460616,0.7999999999999995,train,1
ascorbic_acid,1.0,7.5,CV,9,0.1210242852015444,0.2321284136513651,0.9241937754403778,-0.092110858100945,0.1,1.4,-4.599004856833239e-05,0.0875095956894977,-0.0710181175333301,0.9241937754403778,0.0228456913827654,0.1991983967935872,0.1389834282708941,0.9005965370421702,0.6904761904761892,train,2
uric_acid,0.1,8.0,CV,4,0.0113183206626649,0.0195000508832255,0.0897627666412786,-0.0069708590016505,0.1,1.4,-3.733099201412629e-06,0.0059682510235847,-0.0075566877747727,0.0897627666412786,0.3006012024048096,0.1458917835671342,0.0098139251872141,0.0856325804827399,0.7931034482758614,train,1
dopamine,5.0,8.0,CV,3,0.1964279700139297,0.8292239947168937,3.773112748955509,-2.091100949599485,0.1,1.4,-0.0007998623860008,0.3286210532864901,-0.4208432021706278,3.773112748955509,0.1462925851703407,0.1150300601202405,0.338578948298001,3.750833826020642,0.9523809523809534,train,0
ascorbic_acid,10.0,6.0,CV,5,0.6895045544140873,1.359900826487752,5.327861971502029,-0.5927788843942795,0.1,1.4,-0.000120539001032,0.4093125144286238,-0.4601499620015956,5.327861971502029,0.0761523046092184,0.1963927855711423,0.805817753181338,5.215995113326033,0.5909090909090906,train,2
glucose,10.0,7.0,CV,9,0.5343804369736371,0.8826427040117509,3.2819685115428667,-0.3721516560138514,0.1,1.4,-0.0001886183788337,0.3188045085708173,-0.3117972066737292,3.2819685115428667,0.4857715430861723,0.230060120240481,0.5691151137126987,3.1742831174347925,0.8636363636363632,train,3
aluminum,2.0,6.0,CV,3,0.103810730336317,0.3284748923966372,1.2836502536617056,-0.6860880153282072,0.1,1.4,-0.0005017806809799,0.1076917650430876,-0.1981677395203003,1.2836502536617056,-0.3278557114228457,0.176753507014028,0.1744339885937496,1.2679916313955737,0.8529411764705881,train,5
ascorbic_acid,10.0,8.0,CV,3,0.7243272637803574,1.403248002780621,5.523076890832936,-0.6261130993606067,0.1,1.4,-0.0016496969305935,0.5089442405757055,-0.8664395975672797,5.523076890832936,0.0256513026052104,0.1991983967935872,0.8395666305761879,5.389243708859021,0.9189189189189196,train,2
aluminum,0.2,8.0,CV,7,0.0131502194561942,0.0382039040250517,0.1556340868082827,-0.0738303459097694,0.1,1.4,-1.134753972554156e-05,0.0115858302950876,-0.0163253074631539,0.1556340868082827,-0.3110220440881763,0.1655310621242485,0.019349651937549,0.1529391275739979,0.787878787878788,train,5
ascorbic_acid,0.2,6.5,CV,7,0.0270842122535287,0.0484453057215869,0.1985505451464395,-0.0163758759116556,0.1,1.4,-5.900169633564156e-06,0.0136294665025526,-0.0144680833306627,0.1985505451464395,0.0565130260521041,0.1907815631262525,0.0281458970263362,0.1924660801110492,0.5813953488372088,train,2
uric_acid,1.0,6.5,CV,9,0.0789275825141589,0.1782311888691423,0.7771997623691784,-0.0703116337277785,0.1,1.4,-3.2632384612392385e-05,0.0564594057435317,-0.0515951075581401,0.7771997623691784,0.3735470941883767,0.151503006012024,0.0912983586482118,0.765154816408575,0.8620689655172404,train,1
copper,0.1,6.0,CV,2,0.0061310054489618,0.025422865493634,0.1140885575208706,-0.078537763212917,0.1,1.4,1.6612305140432391e-06,0.0074264867366016,-0.0082923848684359,0.1140885575208706,-0.0529058116232464,0.0981963927855711,0.0085875973225058,0.1121411088499416,0.8421052631578941,train,4
aluminum,0.5,7.5,CV,9,0.0301807111499692,0.0941097610537942,0.3738731916435152,-0.1909669535541873,0.1,1.4,-3.802724730930568e-05,0.0303656755990473,-0.0391582569829298,0.3738731916435152,-0.3222444889779559,0.1711422845691382,0.0485487937719046,0.3683894924011531,0.6944444444444448,train,5
glucose,0.2,7.0,CV,6,0.0227124382699963,0.0311146746755056,0.1266733077644966,-0.0098535831864637,0.1,1.4,1.2459420197901384e-05,0.0164666633218206,-0.0107247000477262,0.1266733077644966,0.4829659318637275,0.2328657314629257,0.0202940165584707,0.118606251940899,0.7659574468085115,train,3
glucose,2.0,6.0,CV,9,0.1659608732206162,0.2709710832518435,0.9936253032968,-0.1109964118742628,0.1,1.4,-5.608250593961195e-05,0.0995116493156579,-0.0974597682504806,0.9936253032968,0.4885771543086171,0.227254509018036,0.1730971081035367,0.9580693292160802,0.5882352941176457,train,3
ascorbic_acid,2.0,6.5,CV,4,0.2175569249855276,0.4287692132532383,1.6893270945529877,-0.1752725086427132,0.1,1.4,-0.0001417775741141,0.1363230987823975,-0.1668606015011428,1.6893270945529877,0.062124248496994,0.1907815631262525,0.2512755819903099,1.655329925075054,0.6585365853658545,train,2
dopamine,0.2,6.5,CV,8,0.0129446308278952,0.0436386461105302,0.203558950427086,-0.1039986786365432,0.1,1.4,5.040274877430508e-06,0.0134835238092986,-0.0154008919720182,0.203558950427086,0.2276553106212424,0.1094188376753507,0.0171138003391629,0.199588498719304,0.9499999999999992,train,0
dopamine,10.0,8.0,CV,7,0.2881158390445297,1.2840528805167624,5.833660098775871,-3.229719742978004,0.1,1.4,-0.0001854153969928,0.5395162342536854,-0.4085223553834738,5.833660098775871,0.1490981963927855,0.1094188376753506,0.5042041242420954,5.822241846463478,0.9500000000000012,train,0
aluminum,0.1,6.5,CV,2,0.0077164801767162,0.0190699587493447,0.0766789959441114,-0.0381470400797866,0.1,1.4,-4.480521202982005e-06,0.0055535232163387,-0.0085715269735726,0.0766789959441114,-0.3054108216432865,0.1655310621242485,0.0095857164945424,0.0741179155984348,0.6388888888888884,train,5
copper,10.0,6.5,CV,9,0.2388251524137073,1.4240698876480884,6.175060281384513,-4.628382317232099,0.1,1.4,-0.00023498750246,0.6133847856993788,-0.3670092028346154,6.175060281384513,-0.0501002004008015,0.0981963927855711,0.4804250860846932,6.1541619302352135,0.8421052631578934,train,4
dopamine,0.1,7.0,CV,4,0.008119998143214,0.0224219262012689,0.1049057051258601,-0.0515254394322142,0.1,1.4,-3.685669911570183e-06,0.0074216915519646,-0.0075019541716934,0.1049057051258601,0.1995991983967936,0.1150300601202405,0.0091294968839704,0.101504968859837,0.9523809523809534,train,0
glucose,5.0,7.5,CV,4,0.3462414210044819,0.5656135743494699,2.0560638355721306,-0.2545204889604462,0.1,1.4,-0.0001986064865729,0.1840975234460719,-0.2324414092315793,2.0560638355721306,0.4997995991983969,0.2412825651302605,0.3733348565120907,1.976626191583612,0.7199999999999988,train,3
ascorbic_acid,0.5,6.5,CV,4,0.0628276241640283,0.1195861486793928,0.4733532641214717,-0.0468358683410225,0.1,1.4,-3.77053773564735e-05,0.0381929591619852,-0.0467608418832363,0.4733532641214717,0.062124248496994,0.1907815631262525,0.0700181993583047,0.4614207953793647,0.6585365853658545,train,2
uric_acid,5.0,6.5,CV,5,0.2955366880400372,0.6882070475045423,2.909599629594691,-0.2784462905223863,0.1,1.4,-5.653384350558957e-05,0.2759314533620341,-0.1843101986248487,2.909599629594691,0.3819639278557114,0.1543086172344688,0.3552142947172413,2.8727129714435145,0.9642857142857136,train,1
glucose,0.5,6.5,CV,3,0.0498914204453724,0.0763942932249655,0.2802306204790912,-0.0278412612098595,0.1,1.4,-9.088517259881364e-05,0.0265845080065392,-0.0491029702241642,0.2802306204790912,0.4829659318637275,0.2440881763527054,0.0512419509668181,0.2669598120171996,0.6730769230769229,train,3
ascorbic_acid,0.2,7.0,CV,0,0.0274879738981523,0.0490016726101284,0.2004901690662709,-0.0210012606665778,0.1,1.4,1.0267158293212758e-06,0.0152000466679849,-0.0164524608468859,0.2004901690662709,0.0537074148296593,0.1851703406813627,0.0280662478739006,0.1939315804639685,0.885714285714286,train,2
copper,10.0,8.0,CV,6,0.2396054725183615,1.4637687815042255,6.228895220212193,-4.687526033428069,0.1,1.4,0.0003336015068804,0.5646096136593528,-0.4441327009402918,6.228895220212193,-0.0360721442885771,0.101002004008016,0.5005536286998319,6.203365451522764,0.8000000000000024,train,4
glucose,5.0,7.5,CV,3,0.3500649661485051,0.5738688068619933,2.10750969791634,-0.2326218135324042,0.1,1.4,-0.0006915761411873,0.1960303295175044,-0.3640651379357652,2.10750969791634,0.4577154308617234,0.2440881763527054,0.3855737979782584,2.034393466417894,0.6111111111111099,train,3
dopamine,5.0,7.5,CV,5,0.1907302969974801,0.8168859870814349,3.737449205514933,-1.9957338491516716,0.1,1.4,-5.879055502907688e-05,0.1854700374590698,-0.2726611985379911,3.737449205514933,0.1659318637274549,0.1150300601202405,0.3308184881420473,3.717244344655728,0.7083333333333335,train,0
dopamine,0.5,6.0,CV,7,0.026468692233624,0.1061935335194366,0.4904877114544955,-0.2592867482971835,0.1,1.4,-1.277936577862888e-05,0.0337159189727179,-0.0360429446514713,0.4904877114544955,0.2557114228456913,0.1122244488977955,0.0425093020437459,0.4870929584612123,0.904761904761905,train,0
ascorbic_acid,10.0,7.5,CV,1,0.6999708651182771,1.384054599912651,5.427429954324661,-0.5731061594029399,0.1,1.4,9.67765731402208e-05,0.4685365039871387,-0.4364115758682997,5.427429954324661,0.0200400801603206,0.1879759519038075,0.8006700570703974,5.312122281494785,0.6341463414634151,train,2
aluminum,0.2,6.5,CV,8,0.0133114930722478,0.0378441990820851,0.1469096321476798,-0.0802321698075153,0.1,1.4,-7.292669478015768e-06,0.0116630523940098,-0.0174676468846517,0.1469096321476798,-0.319438877755511,0.1683366733466934,0.0192955485479119,0.1433144481614288,0.9354838709677415,train,5
uric_acid,5.0,6.0,CV,9,0.2931941094570044,0.6814257252045364,2.9666313864296483,-0.2620703832704388,0.1,1.4,-0.0001322448087997,0.2146832875857477,-0.196922890621234,2.9666313864296483,0.4100200400801602,0.1571142284569137,0.3580722506633486,2.9306260973987865,0.9999999999999986,train,1
dopamine,0.5,7.0,CV,4,0.0278150380905838,0.1089180532572937,0.496893704491905,-0.2613115700216276,0.1,1.4,-2.7940826501885083e-05,0.0355501040254606,-0.0354925084863566,0.496893704491905,0.1995991983967936,0.1150300601202405,0.0443391245889224,0.4925180407787736,0.9523809523809534,train,0
copper,0.2,7.0,CV,5,0.0104134250887785,0.0515530731284805,0.2283336302252387,-0.1595869017692848,0.1,1.4,-9.16596217048515e-07,0.0177556190437805,-0.0166736671374074,0.2283336302252387,-0.0529058116232464,0.1010020040080159,0.0175942526554455,0.2257257750056788,0.8000000000000004,train,4
copper,0.1,6.5,CV,6,0.0061792351626632,0.0257450593600015,0.1136014892965638,-0.0777220248617913,0.1,1.4,8.737062228296927e-06,0.0101131383112913,-0.007780841215617,0.1136014892965638,-0.0613226452905811,0.0981963927855711,0.0087269299507073,0.1114120146447988,0.6666666666666666,train,4
ascorbic_acid,10.0,6.0,CV,6,0.6869027361452399,1.3598484932687651,5.478346505299501,-0.6014142710787651,0.1,1.4,0.0003911114223252,0.6627706957249397,-0.4273077932866652,5.478346505299501,0.0901803607214428,0.1879759519038075,0.7818723109462861,5.375254564392133,0.7631578947368413,train,2
ascorbic_acid,0.5,8.0,CV,5,0.0648254443658876,0.1230062736774345,0.5130783229947381,-0.0519061427644269,0.1,1.4,-8.369829253954686e-06,0.0375478461667635,-0.0418056262233737,0.5130783229947381,0.0172344689378757,0.1823647294589178,0.069319695725089,0.5002839151541553,0.9696969696969692,train,2
ascorbic_acid,1.0,7.5,CV,4,0.1205440943157818,0.2346272059938582,0.9525445728214158,-0.0950795209030657,0.1,1.4,-7.652893532826099e-05,0.0794297361033303,-0.0915633936217431,0.9525445728214158,0.0200400801603206,0.1907815631262525,0.1375540805011228,0.9331953629151898,0.6190476190476192,train,2
copper,0.5,8.0,CV,3,0.0232446141043205,0.1259289337828,0.5579356288313165,-0.4002997518741253,0.1,1.4,-0.0001146795265667,0.0373772844549838,-0.0615791379991636,0.5579356288313165,-0.038877755511022,0.0981963927855711,0.0421779655650974,0.5532449169026737,0.9444444444444456,train,4
ascorbic_acid,0.2,7.5,CV,9,0.0280922504865854,0.0494158626090844,0.1990028174475839,-0.0173111295292201,0.1,1.4,-7.70050434969334e-06,0.0188037538361258,-0.0152750493622684,0.1990028174475839,0.0228456913827654,0.1991983967935872,0.0295213669240217,0.1914536795342964,0.6904761904761892,train,2
ascorbic_acid,10.0,6.5,CV,8,0.6908494167327581,1.371386086042663,5.537092128444171,-0.5005483246674053,0.1,1.4,8.571016213290727e-05,0.4278619437088273,-0.4379719543862864,5.537092128444171,0.0845691382765531,0.1907815631262525,0.7977872163762472,5.431907430310618,0.9999999999999988,train,2
aluminum,0.2,6.5,CV,2,0.013344084566222,0.0378374978516517,0.1504702262019505,-0.0784261229365943,0.1,1.4,-1.1630618417417697e-05,0.010925634397203,-0.0168648253760173,0.1504702262019505,-0.3054108216432865,0.1655310621242485,0.0190848345384371,0.147225284460367,0.6388888888888884,train,5
dopamine,10.0,8.0,CV,0,0.2915688940983253,1.279752129362911,5.9106522098117,-3.195879375258176,0.1,1.4,-3.527327349128173e-05,0.4628894150608144,-0.4287799851897463,5.9106522098117,0.1575150300601202,0.1066132264529058,0.4954222038207335,5.892088354270352,0.583333333333333,train,0
uric_acid,0.5,6.5,CV,5,0.0423800840181769,0.0925053484524215,0.394300703067656,-0.0360245498216018,0.1,1.4,-5.235457495195113e-06,0.0373262271993922,-0.0250060777080483,0.394300703067656,0.3819639278557114,0.1543086172344688,0.0477937721931021,0.3865729629258536,0.9642857142857136,train,1
copper,5.0,8.0,CV,3,0.1598040999360463,0.9356424961877206,4.130563291010507,-2.993410767511516,0.1,1.4,-0.0008669717830046,0.2770701150025862,-0.4560308814590006,4.130563291010507,-0.038877755511022,0.0981963927855711,0.3132197070758418,4.108192006526181,0.9444444444444456,train,4
dopamine,2.0,8.0,CV,9,0.0949258378180799,0.3994835929262194,1.8336400938885875,-0.976724448086694,0.1,1.4,-6.638497984097335e-05,0.1132264810242102,-0.1361728245058048,1.8336400938885875,0.1462925851703407,0.1122244488977955,0.1594888031818708,1.8218891231403564,0.999999999999998,train,0
aluminum,5.0,6.0,CV,8,0.2068700100278804,0.6841422458768355,2.611207645732994,-1.4490706404860827,0.1,1.4,-0.0002184448875833,0.2092358003912883,-0.3120382702026839,2.611207645732994,-0.3306613226452906,0.1739478957915831,0.3574996805730723,2.5792457197108614,0.8787878787878786,train,5
aluminum,5.0,7.0,CV,6,0.2091807044517106,0.6876792821512911,2.720398696996764,-1.4285914032819542,0.1,1.4,4.981669358675528e-06,0.3453139768464084,-0.2247946500429287,2.720398696996764,-0.3110220440881763,0.1711422845691383,0.3523364882025059,2.6847529223861226,0.9677419354838712,train,5
copper,1.0,7.0,CV,8,0.0407879874093585,0.2406213503485103,1.035901142411157,-0.7346425373503064,0.1,1.4,1.4366345770131515e-05,0.078926786990345,-0.069320621472499,1.035901142411157,-0.0585170340681362,0.1010020040080159,0.082505638216808,1.0316298401677986,0.636363636363637,train,4
copper,1.0,8.0,CV,9,0.0420666068378601,0.2410870579096621,1.0571441047839445,-0.7436809624493679,0.1,1.4,-3.7485286982709655e-05,0.10054987163712,-0.0701172169056889,1.0571441047839445,-0.0416833667334669,0.0981963927855711,0.0816656899729531,1.0521156779260985,0.8421052631578941,train,4
uric_acid,5.0,6.0,CV,5,0.2928716577991822,0.6832499377673755,2.897452004199676,-0.2634922095584681,0.1,1.4,-5.599542455130621e-05,0.2506397340675509,-0.210779563257395,2.897452004199676,0.4072144288577154,0.1571142284569138,0.3562843042158111,2.8619991725146496,1.0,train,1
ascorbic_acid,5.0,7.0,CV,6,0.4515922556245728,0.8935421437294079,3.4886090586249825,-0.3939615824897464,0.1,1.4,0.0002575945562382,0.4348767760822359,-0.2803279531267522,3.4886090586249825,0.0649298597194388,0.1851703406813627,0.5097450552524917,3.4216292673209256,0.885714285714286,train,2
uric_acid,10.0,7.5,CV,4,0.4647407595935073,1.0895014473504954,4.790056995336246,-0.4939093227549349,0.1,1.4,-0.0003480382438392,0.3200648382242761,-0.4048862954365156,4.790056995336246,0.3286573146292585,0.1458917835671341,0.5466740191141566,4.735854545191698,0.9999999999999984,train,1
glucose,0.2,7.0,CV,7,0.0224432398077159,0.0312247085419743,0.118073530601258,-0.0106048614564262,0.1,1.4,-3.1471920588451613e-06,0.0103256986720636,-0.0085881711215534,0.118073530601258,0.4521042084168337,0.2328657314629258,0.020284220823127,0.1103032087648811,0.4561403508771939,train,3
copper,0.1,6.0,CV,0,0.006060497548864,0.0253921108554387,0.1132206312428795,-0.0785662369190812,0.1,1.4,2.069594517103075e-06,0.0069568479167575,-0.0095338570660694,0.1132206312428795,-0.0529058116232464,0.101002004008016,0.0086932645025105,0.1111607870802157,0.8947368421052635,train,4
ascorbic_acid,2.0,7.0,CV,2,0.2189920114476175,0.4283100754616813,1.8038865160609905,-0.1673513411041089,0.1,1.4,-2.107526174239027e-05,0.130485490932515,-0.1528052226323541,1.8038865160609905,0.0480961923847695,0.1795591182364728,0.2396695798714228,1.7686189019546457,0.7777777777777782,train,2
aluminum,1.0,6.5,CV,3,0.0567816421619288,0.1772540098056222,0.69350375250808,-0.3676933883161922,0.1,1.4,-0.0002595097127118,0.0581388569775093,-0.1069812955669869,0.69350375250808,-0.3278557114228457,0.1739478957915831,0.0933225688209587,0.6842245271231111,0.8235294117647058,train,5
dopamine,10.0,7.0,CV,1,0.2835810367175803,1.2519311358208225,5.619161190999941,-3.1353088753811225,0.1,1.4,7.276085593377995e-05,0.398869906244946,-0.3542903179237539,5.619161190999941,0.1995991983967936,0.1150300601202404,0.507753916492586,5.59442240599949,0.8636363636363648,train,0
glucose,0.2,6.0,CV,7,0.0221454851077838,0.0308707705837343,0.115618342309301,-0.0104755375936454,0.1,1.4,-3.0841888639930902e-06,0.0102131888177363,-0.0084973770868512,0.115618342309301,0.5138276553106212,0.2384769539078157,0.0203852381509808,0.1080987766374234,0.9318181818181815,train,3
aluminum,0.1,7.0,CV,0,0.0076636755744034,0.0192285652606616,0.0754199482531718,-0.0402101164833216,0.1,1.4,-3.179111443633517e-06,0.0056976164740201,-0.0089572840932826,0.0754199482531718,-0.3166332665330661,0.1795591182364729,0.0101498455349285,0.0728101969758423,0.9393939393939396,train,5
aluminum,5.0,6.5,CV,4,0.2089655820117082,0.6854872184584067,2.663727453833999,-1.4097575913013336,0.1,1.4,-0.000449499999474,0.2246823415361561,-0.2454409288690415,2.663727453833999,-0.3278557114228457,0.1767535070140281,0.3643299054238835,2.632837113806425,0.7999999999999996,train,5
ascorbic_acid,0.2,6.0,CV,7,0.0268417594594561,0.0479791383616908,0.1936962966903866,-0.0161764795754126,0.1,1.4,-5.812828920555236e-06,0.0141221224758891,-0.0143288198408291,0.1936962966903866,0.087374749498998,0.1935871743486974,0.0281462474367159,0.1876135379275291,0.7250000000000003,train,2
aluminum,0.1,7.5,CV,1,0.007661853614605,0.0192624683183061,0.0762439897346264,-0.039526905160486,0.1,1.4,-3.864515001655109e-07,0.005288302303043,-0.0064359532662097,0.0762439897346264,-0.2969939879759519,0.1767535070140281,0.0100511388476358,0.0736138789476698,0.7499999999999998,train,5
copper,0.5,8.0,CV,1,0.0220018565753524,0.1250962135705698,0.5611103615382529,-0.3823665661403176,0.1,1.4,9.552408084674432e-06,0.0401704847667667,-0.0357242185041567,0.5611103615382529,-0.0360721442885771,0.0981963927855711,0.0421643278961481,0.5576383979709147,0.842105263157898,train,4
dopamine,2.0,8.0,CV,4,0.0942449434239411,0.4010830460766708,1.893654449611218,-0.9894604081780372,0.1,1.4,-0.0001096880857819,0.1026269902778204,-0.1672272823054265,1.893654449611218,0.1462925851703407,0.1094188376753506,0.1584240998866055,1.8844586834757835,0.9500000000000012,train,0
uric_acid,0.1,7.0,CV,0,0.0110740410280681,0.0191910003525634,0.0872877618654145,-0.005013850001995,0.1,1.4,2.129294755415646e-06,0.0063993517107878,-0.0064289637211354,0.0872877618654145,0.3595190380761522,0.1515030060120239,0.0098966539035891,0.0833690860559494,0.8620689655172417,train,1
ascorbic_acid,0.1,8.0,CV,9,0.0157707569676689,0.0252025136102272,0.1023947990513263,-0.0078168749040798,0.1,1.4,-2.6247971407712816e-06,0.0100780653465489,-0.0078933808658849,0.1023947990513263,0.0228456913827654,0.176753507014028,0.0139310907893276,0.0971974504163275,0.9687500000000008,train,2
ascorbic_acid,0.5,6.0,CV,3,0.0629866947292397,0.1169418848908847,0.4865837927085809,-0.050562534424768,0.1,1.4,-0.0001354531515721,0.04583132306873,-0.0724714375426286,0.4865837927085809,0.0929859719438878,0.1739478957915832,0.0644035670125142,0.4728096540785916,0.7714285714285721,train,2
glucose,10.0,7.0,CV,3,0.5384049024809688,0.8881072639890788,3.223802252918869,-0.3619735336433018,0.1,1.4,-0.0010701710122265,0.3037133544405079,-0.5625749666205097,3.223802252918869,0.4829659318637275,0.2356713426853708,0.5827312018132476,3.113761542802458,0.866666666666667,train,3
uric_acid,2.0,6.0,CV,2,0.1419251364510539,0.3302053095127144,1.4430101108005011,-0.1443537455837641,0.1,1.4,-1.4547743235206203e-05,0.1057850287265221,-0.1110399435095083,1.4430101108005011,0.3931863727454909,0.1543086172344688,0.1715265089203387,1.4255478748746038,0.6666666666666659,train,1
dopamine,10.0,6.5,CV,3,0.2929677788798706,1.2375447074808856,5.732621568340457,-3.120266191767716,0.1,1.4,-0.0012001775827227,0.400586992763583,-0.6307417169155443,5.732621568340457,0.2248496993987976,0.1122244488977955,0.49335792643396,5.701237710906109,0.8181818181818203,train,0
glucose,2.0,7.0,CV,5,0.1684592034673767,0.2752369889140929,1.0158045725327562,-0.0999315447240357,0.1,1.4,-2.3141438922923405e-05,0.0963345497537957,-0.1099006853521817,1.0158045725327562,0.4829659318637275,0.227254509018036,0.1752117375472591,0.9791559200413648,0.8409090909090925,train,3
copper,0.2,7.5,CV,3,0.0106568485380175,0.0513303809379619,0.226516442046085,-0.1609153325656254,0.1,1.4,-4.534708855993474e-05,0.0148107104810555,-0.0252258446931778,0.226516442046085,-0.038877755511022,0.101002004008016,0.0175294161523947,0.2234226867559747,0.7999999999999988,train,4
dopamine,0.2,7.5,CV,0,0.0130952689222923,0.0446464291641592,0.2054333642836155,-0.1107054315253015,0.1,1.4,1.4537641433029388e-06,0.0150777297458241,-0.0170882321908721,0.2054333642836155,0.1575150300601202,0.1122244488977955,0.0178256137301674,0.2018141328800183,0.5384615384615383,train,0
dopamine,10.0,6.0,CV,2,0.281005115861934,1.2247452425967154,5.621553284106099,-3.1269825758482583,0.1,1.4,-5.352669985465447e-05,0.3467243763214791,-0.4054959579342447,5.621553284106099,0.2529058116232465,0.1066132264529058,0.4734254278283917,5.598641358930352,0.8095238095238101,train,0
dopamine,0.2,6.5,CV,6,0.0130256993734302,0.0436680840680676,0.2004924893452584,-0.1074569420680473,0.1,1.4,1.337888610934906e-05,0.0180360582355863,-0.0136336308242607,0.2004924893452584,0.2332665330661323,0.1094188376753506,0.0171526192202388,0.1967134350711958,0.9499999999999972,train,0
glucose,0.2,8.0,CV,9,0.0230637208674236,0.0315047093190553,0.11893578492976,-0.0092490235435682,0.1,1.4,-4.312668535969107e-06,0.0116777854509609,-0.0113118420680486,0.11893578492976,0.4857715430861723,0.2384769539078156,0.0208472220637359,0.1107544389363936,0.7708333333333343,train,3
ascorbic_acid,1.0,6.0,CV,9,0.1175306496178143,0.2257173485460481,0.893583279329504,-0.0892657161960142,0.1,1.4,-4.454670124471149e-05,0.0752641112312216,-0.0689168500300762,0.893583279329504,0.0985971943887775,0.1907815631262526,0.1314861197126451,0.8713943762711027,1.0,train,2
ascorbic_acid,2.0,7.5,CV,6,0.2217190796428614,0.4360924730511273,1.6915156453023843,-0.1912811704231983,0.1,1.4,0.0001271502764099,0.2122273154101023,-0.1367995967546741,1.6915156453023843,0.0116232464929859,0.1991983967935872,0.2606235341193474,1.65816865400212,0.5434782608695646,train,2
ascorbic_acid,0.2,6.5,CV,5,0.0275725055443224,0.0487573370592685,0.1964918323861791,-0.0196436682115805,0.1,1.4,-1.6790660427890849e-06,0.0144895309537326,-0.0167517410175036,0.1964918323861791,0.0761523046092184,0.1879759519038075,0.0282174811241542,0.1897052294988646,0.914285714285714,train,2
dopamine,0.2,8.0,CV,6,0.0134032373957278,0.0453618361849519,0.2092201267644076,-0.1109020143261724,0.1,1.4,1.377392394658801e-05,0.0187103305112507,-0.0142532964965194,0.2092201267644076,0.137875751503006,0.1178356713426853,0.0187441416922463,0.2054399362583919,0.7499999999999992,train,0
glucose,1.0,7.0,CV,9,0.0923975442312037,0.147029196746535,0.5508724178385226,-0.0582685775795183,0.1,1.4,-2.932321352297601e-05,0.0534828431299329,-0.0522767858495957,0.5508724178385226,0.4857715430861723,0.230060120240481,0.094789320629315,0.5289676480861758,0.8636363636363632,train,3
copper,10.0,7.0,CV,2,0.2357332479616682,1.4382766618264624,6.396451695915368,-4.498514346877871,0.1,1.4,-6.074317787636621e-05,0.408820321980486,-0.4277951387662826,6.396451695915368,-0.0529058116232464,0.0981963927855711,0.4847634132495033,6.382385909730884,0.8421052631578941,train,4
glucose,2.0,7.5,CV,5,0.1696658972420827,0.2766534405374234,1.014688522754689,-0.100545435740577,0.1,1.4,-2.3293478347069758e-05,0.0985007439321058,-0.109403899863843,1.014688522754689,0.4829659318637275,0.224448897795591,0.1742888024899022,0.9774590493192216,0.999999999999999,train,3
uric_acid,0.1,6.5,CV,1,0.0109854339858472,0.0189545986648249,0.0857038055866496,-0.0077577665870111,0.1,1.4,4.068283978409718e-06,0.0062979109196663,-0.0060508592290241,0.0857038055866496,0.3791583166332665,0.1458917835671344,0.0095600463208698,0.0816718679916874,0.9999999999999984,train,1
uric_acid,0.1,7.0,CV,4,0.0111707350306091,0.0191056205056958,0.0870857610675623,-0.0056073053744181,0.1,1.4,-3.624957941462621e-06,0.0058695978339001,-0.0074318922988492,0.0870857610675623,0.3482965931863727,0.1486973947895792,0.0097537548085416,0.0828423554352816,0.7666666666666656,train,1
copper,0.2,8.0,CV,9,0.0105183297659341,0.0512349815384907,0.2264509728390121,-0.1556394254368307,0.1,1.4,-5.825055892459009e-06,0.0214751357277605,-0.0149500204080554,0.2264509728390121,-0.0416833667334669,0.0981963927855711,0.0173775022078327,0.2238805270807029,0.8421052631578941,train,4
dopamine,0.2,7.0,CV,9,0.0132369269066603,0.0443837837283226,0.2048657723606073,-0.1023490759250187,0.1,1.4,-5.004635537723824e-06,0.0124053341113708,-0.0169438856542041,0.2048657723606073,0.1967935871743487,0.1122244488977955,0.0176977848569571,0.2008803827650996,0.904761904761905,train,0
aluminum,0.1,8.0,CV,3,0.0079025740978165,0.019225157045496,0.0791427805367215,-0.0367229393454647,0.1,1.4,-2.3531618684753956e-05,0.0064390993675058,-0.0118109689481027,0.0791427805367215,-0.294188376753507,0.1599198396793587,0.0095226675076396,0.0763181680280112,0.8999999999999997,train,5
ascorbic_acid,5.0,6.5,CV,5,0.4488120683375715,0.8837749309233157,3.510655276374774,-0.384384199928966,0.1,1.4,-7.732092141125202e-05,0.2586482136639743,-0.2993596229962419,3.510655276374774,0.0761523046092184,0.1879759519038075,0.5128684878912505,3.444409800395154,0.914285714285714,train,2
uric_acid,0.1,6.0,CV,0,0.0109280418228893,0.0188481964821577,0.0866428169395379,-0.006200882148103,0.1,1.4,2.140327668943831e-06,0.0056465207439825,-0.0063241253131015,0.0866428169395379,0.4128256513026053,0.1515030060120241,0.0097293436808681,0.0826853417512514,0.7999999999999995,train,1
dopamine,0.2,8.0,CV,2,0.0133525403832327,0.0451729006463151,0.2022002338162791,-0.1107513155408734,0.1,1.4,6.781500864511541e-07,0.0140426441149598,-0.0159808818414693,0.2022002338162791,0.1462925851703407,0.1094188376753506,0.0177364916369105,0.1984724316044346,0.9500000000000012,train,0
glucose,2.0,7.0,CV,1,0.1663209464523661,0.275225873839045,1.0040069371168827,-0.1105340195709879,0.1,1.4,2.1988214880172887e-05,0.0955378033594834,-0.0790710497149315,1.0040069371168827,0.4689378757515029,0.2328657314629258,0.1793203808513617,0.9712403673450506,0.566037735849055,train,3
ascorbic_acid,1.0,7.0,CV,0,0.1182031639517902,0.2302800347676348,0.9311301572338886,-0.1155257387604259,0.1,1.4,-5.456042160553509e-06,0.070786796556468,-0.076605258665573,0.9311301572338886,0.0537074148296593,0.1851703406813627,0.1318586475097823,0.9106655124986,0.885714285714286,train,2
dopamine,0.1,7.0,CV,8,0.0080711267905115,0.0222238748331004,0.1064550292141518,-0.0521106876615542,0.1,1.4,3.962241760582531e-06,0.0055590721326912,-0.0078193714654959,0.1064550292141518,0.1967935871743487,0.1122244488977955,0.0089070312058009,0.102880806881245,0.818181818181817,train,0
glucose,1.0,8.0,CV,0,0.0925520540353078,0.1489566090312621,0.5459151899973917,-0.0603998830885228,0.1,1.4,-2.752588852309827e-06,0.0457717493248828,-0.0528184828440052,0.5459151899973917,0.4464929859719438,0.2384769539078156,0.0985604269328496,0.5253271566475111,0.6346153846153846,train,3
aluminum,0.1,8.0,CV,0,0.0076798335377903,0.0193700144107964,0.075814039405317,-0.0418144542642729,0.1,1.4,-1.6480141743702723e-06,0.0057462912189387,-0.0065485154202222,0.075814039405317,-0.3082164328657314,0.1739478957915831,0.0100596161644289,0.0732422568389474,0.8235294117647052,train,5
dopamine,5.0,6.0,CV,7,0.1773724341983731,0.7894507227567484,3.624296388693396,-1.9439506287636088,0.1,1.4,-0.0001123544112281,0.2498234364709075,-0.2672262000292128,3.624296388693396,0.2557114228456913,0.1122244488977955,0.3158852363774279,3.618649582524948,0.904761904761905,train,0
dopamine,1.0,6.0,CV,0,0.0487528334131098,0.2034497191375687,0.9105918267345878,-0.5125470064909217,0.1,1.4,-3.248915551662769e-06,0.0577079949363638,-0.0679732291550494,0.9105918267345878,0.2529058116232465,0.1122244488977955,0.0811663849810384,0.9054662182259534,0.8181818181818203,train,0
glucose,0.1,8.0,CV,7,0.0134228312072917,0.0158781194138095,0.064767421992917,-0.0038117114293592,0.1,1.4,-3.370972387267517e-07,0.0054538466910703,-0.0045385376511639,0.064767421992917,0.4521042084168337,0.2356713426853707,0.0104523298535692,0.0587195500177794,0.8260869565217396,train,3
copper,1.0,7.0,CV,3,0.0425081568187936,0.2404601985049966,1.0449453933678907,-0.7538035542607459,0.1,1.4,-0.0002208778837792,0.066140165731618,-0.117262453620937,1.0449453933678907,-0.0472945891783567,0.101002004008016,0.0821495199224814,1.0377971059890627,0.8947368421052635,train,4
uric_acid,5.0,7.0,CV,9,0.2985302858868411,0.6948410052209805,2.9868311078189143,-0.307050097455709,0.1,1.4,-0.0001347242304019,0.2186167721193506,-0.2002216180714789,2.9868311078189143,0.3370741482965932,0.1543086172344689,0.3617238497293877,2.948461548365628,0.617647058823529,train,1
uric_acid,10.0,8.0,CV,3,0.4755927798565595,1.099267484053587,4.806855013734832,-0.4617562203726809,0.1,1.4,-0.0012175728959762,0.3484252024680392,-0.6398626557290695,4.806855013734832,0.3230460921843687,0.1486973947895792,0.5530164888425173,4.740812852281848,0.709677419354839,train,1
glucose,1.0,6.0,CV,1,0.0897643058341487,0.1463848521900876,0.5372961077362635,-0.0635434693545508,0.1,1.4,1.3026654711074884e-05,0.0509099155641827,-0.0421296059120777,0.5372961077362635,0.5306613226452906,0.2356713426853709,0.0960652700143396,0.5191054750060469,0.8260869565217381,train,3
dopamine,2.0,7.5,CV,1,0.0911758586770425,0.3936038965059318,1.8656170479505236,-0.998764655239629,0.1,1.4,2.480850955551339e-05,0.1125797915136414,-0.1294691790330333,1.8656170479505236,0.1659318637274549,0.1094188376753506,0.1540723755770494,1.855343161663597,0.6956521739130435,train,0
dopamine,1.0,6.5,CV,6,0.0501612707339065,0.2057278504928706,0.9320934365246154,-0.516123346472687,0.1,1.4,5.196439859597999e-05,0.0838959300237777,-0.0637152530749405,0.9320934365246154,0.2332665330661323,0.1094188376753506,0.0806782405958107,0.9249951533273708,0.9499999999999972,train,0
dopamine,1.0,7.0,CV,9,0.0511499630349613,0.2090623930570115,0.9525441899495102,-0.492846835175825,0.1,1.4,-3.351017978615828e-05,0.0578252770633482,-0.0792259878880121,0.9525441899495102,0.1967935871743487,0.1122244488977955,0.0833073213559156,0.945148234907023,0.904761904761905,train,0
aluminum,2.0,6.5,CV,6,0.1017968615769013,0.3304468531686024,1.2953420248784586,-0.6711391746675176,0.1,1.4,-1.2578194580922435e-05,0.1670807388056355,-0.1609817104900774,1.2953420248784586,-0.3110220440881763,0.1711422845691382,0.169158065566658,1.2775193774703932,0.8484848484848483,train,5
uric_acid,0.1,7.0,CV,9,0.011209657553483,0.01915075612267,0.0859446100286708,-0.0061846340653857,0.1,1.4,-1.1495870968664111e-06,0.0062770927774634,-0.0057517447293029,0.0859446100286708,0.3370741482965932,0.1515030060120241,0.0099113878418302,0.0818083882564628,0.5882352941176473,train,1
copper,0.5,6.5,CV,3,0.0229289716301648,0.1243001887215977,0.533625206075647,-0.3861671608045439,0.1,1.4,-0.0001129626432268,0.0333034024832725,-0.0606789192066277,0.533625206075647,-0.0472945891783567,0.101002004008016,0.0424983833931595,0.5289935306990521,0.7999999999999996,train,4
glucose,10.0,6.5,CV,7,0.520755600273581,0.877807599539958,3.158254650104731,-0.390920531836035,0.1,1.4,-0.0001580103072496,0.2789772571634992,-0.231761727442732,3.158254650104731,0.4829659318637275,0.2356713426853707,0.5729731057616385,3.060119143024841,0.7142857142857143,train,3
ascorbic_acid,1.0,7.0,CV,6,0.1193007073762922,0.2317007025031876,0.9067935992097296,-0.1009779476875713,0.1,1.4,6.903153360223574e-05,0.1130270533619922,-0.0728555246715951,0.9067935992097296,0.0649298597194388,0.1851703406813627,0.1321392680843919,0.8870892820625923,0.885714285714286,train,2
copper,0.1,7.0,CV,0,0.0061014030789647,0.0256347132846913,0.1155185101585525,-0.0802295854899979,0.1,1.4,2.0619065161341205e-06,0.007451208771583,-0.0103535105007852,0.1155185101585525,-0.0529058116232464,0.0981963927855711,0.0086524630329528,0.113446507725133,0.8421052631578941,train,4
aluminum,0.5,7.0,CV,8,0.0296891318353276,0.0928087392432922,0.3618534524824934,-0.205002355500307,0.1,1.4,-1.737546255560351e-05,0.0283920008897528,-0.031167783255994,0.3618534524824934,-0.2997995991983967,0.1711422845691382,0.0478665594687166,0.355821618103257,0.6944444444444448,train,5
glucose,0.2,7.5,CV,3,0.0230806548195156,0.0315454415912799,0.1204364111168448,-0.010419260950722,0.1,1.4,-3.688170922541269e-05,0.0112198826654278,-0.0207871659629697,0.1204364111168448,0.4577154308617234,0.2440881763527054,0.0212771215744472,0.1123258238225727,0.6111111111111099,train,3
aluminum,0.1,6.0,CV,8,0.0076893973405283,0.018993078554543,0.073984584835564,-0.0375598715560337,0.1,1.4,-3.3177475145513314e-06,0.0058994726087339,-0.0087062501066839,0.073984584835564,-0.3306613226452906,0.1739478957915831,0.0098481301282498,0.0711979904963933,0.8787878787878786,train,5
dopamine,0.1,8.0,CV,5,0.0082800075024056,0.0229629750559378,0.1076211056670705,-0.0572960294120321,0.1,1.4,1.0248217250819897e-06,0.0062115147258815,-0.0067891836578494,0.1076211056670705,0.1462925851703407,0.1094188376753507,0.0090316208335996,0.1042939490681883,0.9499999999999992,train,0
copper,0.5,7.0,CV,4,0.0223933011595897,0.1247725712702982,0.5476399236207291,-0.398432223539665,0.1,1.4,-3.094734732098513e-05,0.0475956222497484,-0.0389620463543904,0.5476399236207291,-0.0472945891783567,0.0981963927855711,0.0417984309346084,0.5441312444820436,0.9444444444444456,train,4
copper,10.0,6.0,CV,4,0.2353091133420376,1.428854070589179,6.06630840649026,-4.425144961016344,0.1,1.4,-0.0003817194161427,0.5045041708820579,-0.4437545121487302,6.06630840649026,-0.064128256513026,0.1038076152304609,0.4940776786258175,6.0422265775647865,0.7619047619047625,train,4
ascorbic_acid,1.0,7.5,CV,2,0.1201504770294555,0.2325409993365198,0.9638636793806308,-0.0890808092948679,0.1,1.4,-1.0167548002007533e-05,0.0679558303292776,-0.0830138086244813,0.9638636793806308,0.0480961923847695,0.1795591182364729,0.1302129572042416,0.9430088693808388,0.8823529411764698,train,2
ascorbic_acid,0.5,6.0,CV,1,0.0615241938406842,0.1162802131308638,0.47802155858497,-0.0467371859797904,0.1,1.4,1.0745371132091398e-05,0.0395512734249832,-0.0381070168361129,0.47802155858497,0.0845691382765531,0.1907815631262525,0.0675952871198427,0.4650443963323972,0.7,train,2
copper,10.0,7.5,CV,8,0.2359062378840172,1.4504972940941114,6.335880854800578,-4.518093457353965,0.1,1.4,7.239201124432881e-05,0.4530533453839817,-0.4333041649583506,6.335880854800578,-0.038877755511022,0.101002004008016,0.497586633781698,6.317939324215331,0.8947368421052635,train,4
copper,10.0,8.0,CV,4,0.2400232402141951,1.455694876622351,6.3483834683576905,-4.627514411412529,0.1,1.4,-0.0003895668500151,0.5684070000311818,-0.4529799822514329,6.3483834683576905,-0.0332665330661322,0.0953907815631261,0.479209724282686,6.324730446154931,0.8888888888888892,train,4
aluminum,0.1,7.5,CV,9,0.0078153069182671,0.019426622241853,0.078434460356785,-0.0371503928884272,0.1,1.4,-5.6871386999717e-06,0.0063640872048086,-0.0080977073474331,0.078434460356785,-0.3222444889779559,0.1711422845691382,0.0099614226689685,0.0757340622859307,0.6944444444444448,train,5
aluminum,0.5,7.0,CV,0,0.0294568301200505,0.09319185133897,0.35942130118577,-0.2054876260340085,0.1,1.4,-2.614277934987551e-05,0.0270745846012217,-0.0432480763944394,0.35942130118577,-0.3166332665330661,0.1795591182364729,0.0494835831828645,0.3542523451530611,0.9393939393939396,train,5
glucose,1.0,6.5,CV,8,0.0910005306502938,0.1469567941504468,0.5496703030958334,-0.0602405500227,0.1,1.4,1.2058104688534063e-05,0.0432528291339024,-0.0441285247941655,0.5496703030958334,0.4745490981963928,0.2440881763527054,0.0988242340321571,0.5294226985797973,0.5535714285714288,train,3
copper,1.0,6.0,CV,9,0.0412730028241907,0.2360822633227544,1.027254219901626,-0.761495325631697,0.1,1.4,-3.668090071025014e-05,0.1002838661662462,-0.063852632504751,1.027254219901626,-0.0613226452905811,0.0981963927855711,0.0796854065937408,1.0222180305834812,0.8421052631578941,train,4
aluminum,5.0,6.5,CV,8,0.2072486118648411,0.6868971537799572,2.6385709721838837,-1.5030665984243086,0.1,1.4,-0.0001808101576579,0.2100277027126548,-0.3163719795385549,2.6385709721838837,-0.319438877755511,0.1711422845691382,0.3550179544761018,2.606429506143584,0.9062499999999996,train,5
aluminum,5.0,7.0,CV,2,0.2082884127197137,0.690136088649793,2.752408454173072,-1.4785008432702516,0.1,1.4,-0.0002255102307437,0.1983784307880405,-0.3571096619856764,2.752408454173072,-0.3054108216432865,0.1711422845691383,0.356225314864609,2.724926578376213,0.8484848484848478,train,5
glucose,0.5,8.0,CV,4,0.0503907711543664,0.0764596442681164,0.2864421619178092,-0.0314403124289189,0.1,1.4,-2.484123334094693e-05,0.0252244053045887,-0.0319155647382697,0.2864421619178092,0.4268537074148296,0.2328657314629257,0.0494848142415182,0.2720624783544454,0.4821428571428568,train,3
aluminum,0.1,7.0,CV,6,0.0077543756809087,0.0190969167000393,0.0771704339827469,-0.036931632484651,0.1,1.4,2.9764819517425507e-06,0.0097698510115336,-0.0062208018937089,0.0771704339827469,-0.3110220440881763,0.1711422845691383,0.0097595114663512,0.0745472999806883,0.9677419354838712,train,5
aluminum,1.0,6.0,CV,8,0.0551133527422788,0.1773469953085304,0.6780853136206663,-0.3736338641584261,0.1,1.4,-5.4538495149975694e-05,0.0543128839855326,-0.0809281596533506,0.6780853136206663,-0.3306613226452906,0.1739478957915831,0.0925527384451939,0.6679522623158495,0.8787878787878786,train,5
copper,1.0,6.5,CV,0,0.0401098327887028,0.2382287477715196,1.0560581640248117,-0.7711739819369027,0.1,1.4,-3.983020502208317e-06,0.0661485743668151,-0.0917028497414859,1.0560581640248117,-0.0529058116232464,0.0953907815631263,0.078618378762371,1.0520363097250849,1.0,train,4
aluminum,0.2,6.0,CV,9,0.0134623377333014,0.0379466547511592,0.1527610210524491,-0.0790262011038153,0.1,1.4,-1.9394960467513994e-05,0.0123494476348328,-0.0142638435423425,0.1527610210524491,-0.3278557114228457,0.1627254509018036,0.0188493867548892,0.1491475946931919,0.9999999999999992,train,5
uric_acid,0.1,7.0,CV,5,0.0112002139674885,0.019109300788684,0.0887720075487745,-0.0062784992156896,0.1,1.4,1.0835154464535315e-06,0.0081406877217765,-0.0052762725725633,0.0887720075487745,0.3454909819639279,0.1430861723446893,0.0094434125948392,0.084506443088704,0.7000000000000024,train,1
aluminum,1.0,6.5,CV,1,0.0546218671019769,0.1779568104801638,0.6829073512261427,-0.376873053495075,0.1,1.4,-4.3608357978139786e-05,0.0492764519904466,-0.0665291817152861,0.6829073512261427,-0.3362725450901803,0.1795591182364729,0.0946666118339655,0.6749256153447735,0.6842105263157894,train,5
glucose,1.0,6.0,CV,4,0.0906669678273373,0.1442418739514976,0.5431972352384818,-0.062326141368547,0.1,1.4,-4.882030659735682e-05,0.0476056765031224,-0.0595875177062764,0.5431972352384818,0.4997995991983969,0.2328657314629258,0.0930313014909283,0.5211218733675197,0.7291666666666692,train,3
dopamine,10.0,6.5,CV,7,0.2777689681226421,1.2439099622398877,5.574648417880687,-2.9970213615300367,0.1,1.4,-0.0001785918636133,0.3816697502722945,-0.4983357695361323,5.574648417880687,0.2220440881763526,0.1094188376753506,0.489620463913331,5.568179641129077,0.6956521739130435,train,0
glucose,2.0,7.0,CV,0,0.1665581387114131,0.2744996672727344,0.9840157417805084,-0.114251456484894,0.1,1.4,-7.384540526835209e-06,0.0838979971244744,-0.0968354430855029,0.9840157417805084,0.5110220440881764,0.2356713426853708,0.1800380390532451,0.950289625743452,0.8260869565217389,train,3
copper,10.0,6.5,CV,4,0.2364850654801697,1.4354354117944057,6.211883138950287,-4.55617856415068,0.1,1.4,-0.0003838109224593,0.5256679183546575,-0.4461681193723228,6.211883138950287,-0.0501002004008015,0.0953907815631263,0.4709523372232242,6.186994620360097,0.8888888888888872,train,4
dopamine,10.0,6.0,CV,6,0.2823475046041927,1.2194365507002862,5.637556290423095,-3.010743632277105,0.1,1.4,0.0002932317881869,0.4957043607305491,-0.4480144509721031,5.637556290423095,0.2529058116232465,0.1094188376753507,0.4785977791008834,5.610646226624188,0.8571428571428585,train,0
ascorbic_acid,1.0,6.5,CV,2,0.1178386725556286,0.2275523848110379,0.924562027876437,-0.0872460699128618,0.1,1.4,-9.911935673750594e-06,0.0692921535150485,-0.0813784161873465,0.924562027876437,0.0480961923847695,0.1935871743486974,0.1339648823736507,0.904733325194322,0.5000000000000009,train,2
aluminum,10.0,7.0,CV,3,0.3314211152020807,1.0685793580921434,4.1583341388919965,-2.2018279123404163,0.1,1.4,-0.0015218550434589,0.3495338556544248,-0.6434954053206781,4.1583341388919965,-0.294188376753507,0.1627254509018035,0.5386103995233392,4.110532874052864,0.611111111111111,train,5
uric_acid,0.2,8.0,CV,0,0.0193146710403461,0.0388566184324135,0.1707083102874917,-0.0146253319071969,0.1,1.4,1.463995145424328e-06,0.0138263905745877,-0.0133983215892271,0.1707083102874917,0.3090180360721443,0.151503006012024,0.0199574791292318,0.1659910500654659,0.9285714285714288,train,1
copper,2.0,7.0,CV,5,0.0756892365269375,0.4515832481245369,1.9827538724320488,-1.4214715042301649,0.1,1.4,-2.9517200379201176e-05,0.1548482688606768,-0.1453072150892626,1.9827538724320488,-0.0529058116232464,0.1010020040080159,0.1537670011882015,1.973032268331617,0.8000000000000004,train,4
copper,0.5,6.0,CV,3,0.0228237704294989,0.1237516022351336,0.5366266361052393,-0.3928032234389314,0.1,1.4,-0.0001123386153228,0.0327928888788318,-0.0603517207107987,0.5366266361052393,-0.064128256513026,0.0981963927855711,0.041597197288871,0.5320663743616371,0.7500000000000014,train,4
copper,1.0,8.0,CV,4,0.041670110055551,0.2425895946456392,1.059889775348075,-0.7686932861205579,0.1,1.4,-6.270144725277105e-05,0.0948224817384458,-0.0756064133179418,1.059889775348075,-0.0332665330661322,0.0953907815631261,0.0799083932538618,1.0546157180200355,0.8888888888888892,train,4
glucose,0.5,6.0,CV,0,0.0485930052732537,0.0757149000996283,0.2827282095902341,-0.0290555874513537,0.1,1.4,-3.634305557296061e-08,0.0233943328783898,-0.0270083713799674,0.2827282095902341,0.5306613226452906,0.2525050100200401,0.052108727145751,0.2705180267458166,0.9148936170212753,train,3
glucose,2.0,8.0,CV,9,0.1709645735219838,0.276840052882976,1.0056655906683651,-0.1137773591950304,0.1,1.4,-5.749383230161834e-05,0.0991079017936746,-0.0962519497656216,1.0056655906683651,0.4857715430861723,0.2384769539078156,0.1826161688816001,0.9676504580074462,0.7708333333333343,train,3
aluminum,10.0,6.0,CV,0,0.3180355247783769,1.0674782715396884,4.123426258383439,-2.3879637326759364,0.1,1.4,-0.0004414631943987,0.3088587928928205,-0.3626150983673111,4.123426258383439,-0.344689378757515,0.1599198396793587,0.5271806331276185,4.082325502801802,0.628571428571429,train,5
aluminum,1.0,7.5,CV,7,0.0544450740625961,0.1792562251632166,0.7231370822419978,-0.3546356154415725,0.1,1.4,-7.00730396872938e-05,0.0538259512061711,-0.0723414253255666,0.7231370822419978,-0.3110220440881763,0.1683366733466934,0.0915916333738046,0.7163976771998393,0.9999999999999992,train,5
ascorbic_acid,1.0,6.0,CV,2,0.1166826881847822,0.2250628635633394,0.888300562922218,-0.0863266371390811,0.1,1.4,-9.783809473629112e-06,0.0680658380669183,-0.08055862741588,0.888300562922218,0.0845691382765531,0.1879759519038076,0.1299624132152909,0.868316958447528,0.7179487179487174,train,2
uric_acid,0.2,8.0,CV,8,0.0194104440599961,0.0387393573618751,0.1832621346645125,-0.0127152456570811,0.1,1.4,5.078572001277466e-06,0.0100375517010835,-0.0139210591190134,0.1832621346645125,0.3034068136272545,0.1458917835671341,0.0193393296075302,0.1782984336830348,0.925925925925926,train,1
ascorbic_acid,10.0,8.0,CV,5,0.7174252326352204,1.4201712573039835,5.893240908694459,-0.6169740385282594,0.1,1.4,-0.0001255566258951,0.4312330874467258,-0.4802252348528834,5.893240908694459,0.0172344689378757,0.1823647294589178,0.80096679176219,5.777504671612202,0.9696969696969692,train,2
dopamine,5.0,6.5,CV,3,0.1894088526718119,0.7955304933363667,3.686338909447158,-2.0048574873080303,0.1,1.4,-0.0007707673732437,0.2575587034621751,-0.4055877234523317,3.686338909447158,0.2248496993987976,0.1122244488977955,0.317132528543156,3.6648954652125822,0.8181818181818203,train,0
ascorbic_acid,0.1,7.5,CV,8,0.0155272402851313,0.0250911380089879,0.1030808695732456,-0.0073376535938046,0.1,1.4,4.363621617797874e-06,0.0076802155232836,-0.008239409064822,0.1030808695732456,0.0256513026052104,0.1851703406813627,0.0142821414554015,0.0982038774815512,0.7368421052631576,train,2
ascorbic_acid,0.2,8.0,CV,9,0.0283398046647233,0.0498885296066306,0.2000255339040994,-0.0175037111375527,0.1,1.4,-7.80346007454559e-06,0.0197468325007994,-0.0154249353938544,0.2000255339040994,0.0228456913827654,0.176753507014028,0.0276126064768088,0.1925562062954624,0.9687500000000008,train,2
glucose,1.0,7.5,CV,0,0.0919380016002784,0.1481509487540717,0.5400860724191227,-0.0600761093800403,0.1,1.4,-2.720084114584978e-06,0.0454972580359663,-0.0525103691128162,0.5400860724191227,0.4633266533066132,0.2356713426853707,0.0971749439472588,0.5196929437891104,0.6800000000000007,train,3
copper,1.0,6.5,CV,8,0.0405944481497573,0.2395106471314454,1.0513275903716437,-0.7493265685244106,0.1,1.4,1.4306884885132169e-05,0.0817647999672019,-0.0659399451489283,1.0513275903716437,-0.0613226452905811,0.101002004008016,0.0820294409947841,1.046971092010718,0.7142857142857142,train,4
glucose,0.2,7.0,CV,1,0.0225244162110079,0.0313645176331971,0.1186439754631135,-0.0101852434012783,0.1,1.4,5.0726792788717e-06,0.011299723095822,-0.0093416391922698,0.1186439754631135,0.4689378757515029,0.2328657314629258,0.0205358684709437,0.1112178976398799,0.566037735849055,train,3
ascorbic_acid,10.0,7.5,CV,7,0.696606067717852,1.392492083416803,5.502656416660169,-0.5209893831418723,0.1,1.4,-0.0002439406868926,0.4064176604490073,-0.3964275011629452,5.502656416660169,0.0565130260521041,0.1963927855711422,0.8282612064394099,5.409044885959067,0.7073170731707324,train,2
glucose,0.2,7.0,CV,4,0.0227246302275889,0.0309132441434451,0.1193560126259921,-0.0106999550633868,0.1,1.4,-8.645222472097633e-06,0.0104702619419557,-0.0132252990119943,0.1193560126259921,0.4997995991983969,0.2356713426853708,0.0201617315367861,0.1110729897219246,0.8666666666666655,train,3
copper,5.0,8.0,CV,0,0.151221208647856,0.9324236219306145,4.024626951843509,-2.9024616138908743,0.1,1.4,-2.3727972877235825e-05,0.2900160576466419,-0.3939638811394432,4.024626951843509,-0.0416833667334669,0.0981963927855711,0.3136303214444971,4.01276789117136,0.8421052631578941,train,4
uric_acid,10.0,8.0,CV,1,0.4626836186932694,1.0939772796966538,4.818115283557831,-0.4187103754112218,0.1,1.4,7.288805771771492e-05,0.3490151479388323,-0.3195379216271464,4.818115283557831,0.2949899799599198,0.151503006012024,0.5642552704508987,4.773016463081863,0.7419354838709673,train,1
glucose,2.0,6.5,CV,3,0.1685587456106377,0.2741197959849766,0.9931740758155132,-0.1088174656719966,0.1,1.4,-0.0003292286592783,0.0941761007912573,-0.1740743534312983,0.9931740758155132,0.4829659318637275,0.2440881763527054,0.1836444632229603,0.9567362002481454,0.6730769230769229,train,3
uric_acid,0.5,6.5,CV,3,0.0428124518857858,0.0925959565357995,0.4098097025989062,-0.0420824960767214,0.1,1.4,-0.0001007130465732,0.0298361123279132,-0.0542560500153455,0.4098097025989062,0.3707414829659319,0.1486973947895792,0.0470002335527464,0.4022477510264305,0.7666666666666679,train,1
glucose,0.2,6.0,CV,8,0.0223385991114277,0.0310604444545666,0.1177937457876136,-0.0099477711246558,0.1,1.4,4.824351120627815e-06,0.0093845820637959,-0.0096002087898533,0.1177937457876136,0.4857715430861723,0.2216432865731463,0.0197068900726513,0.1103195057617203,0.5192307692307696,train,3
dopamine,10.0,6.0,CV,8,0.280120717917605,1.2184449845872594,5.522800626240769,-3.065099041257237,0.1,1.4,6.418723886961226e-05,0.3653294866316753,-0.5290884843507223,5.522800626240769,0.2557114228456913,0.1122244488977955,0.483063898144884,5.495733800908589,0.999999999999998,train,0
dopamine,5.0,6.0,CV,5,0.1838315752289581,0.7803289159897796,3.567104218548648,-1.8525943919984804,0.1,1.4,-5.651767557858292e-05,0.2299471618212748,-0.2580245015237887,3.567104218548648,0.2669338677354709,0.1150300601202404,0.3168458047334694,3.5449446527412087,0.7083333333333346,train,0
copper,0.2,8.0,CV,0,0.0102223999561893,0.0513668521711524,0.2238509365601897,-0.1570776863832142,0.1,1.4,1.329816124444918e-06,0.0160608642247908,-0.0218430616256213,0.2238509365601897,-0.0416833667334669,0.0981963927855711,0.017324175814586,0.2215953897921697,0.8421052631578941,train,4
uric_acid,10.0,7.5,CV,2,0.4630000525225078,1.0946728773714238,4.696942991071867,-0.4377944898642423,0.1,1.4,-5.456603066928248e-05,0.3741019087915644,-0.3670909342540537,4.696942991071867,0.314629258517034,0.1571142284569138,0.5751083564658428,4.6493579485148055,0.6969696969696967,train,1
glucose,0.5,6.0,CV,8,0.0487958818991193,0.0758991727678514,0.2809398086749423,-0.029387615051354,0.1,1.4,7.6204391898583236e-06,0.0224823455272685,-0.0228813885527128,0.2809398086749423,0.4857715430861723,0.2216432865731463,0.0480845850683484,0.269056731611617,0.5192307692307696,train,3
glucose,2.0,8.0,CV,6,0.1702667923544839,0.2761293361208799,1.0605169314566152,-0.0978923492363528,0.1,1.4,8.54581212734204e-05,0.1410648553298688,-0.0961909051865079,1.0605169314566152,0.4829659318637275,0.2328657314629257,0.1791413595363659,1.0203048496617155,0.8043478260869551,train,3
aluminum,0.1,7.0,CV,4,0.007761287443988,0.0191231974569954,0.0755081118216338,-0.0369564311119814,0.1,1.4,-8.98798633807974e-06,0.0064236289435394,-0.0080037879680731,0.0755081118216338,-0.3138276553106212,0.1739478957915832,0.01000234364005,0.0728068673418792,0.9375000000000002,train,5
uric_acid,0.1,6.0,CV,3,0.0111432429202634,0.0188425946088906,0.088212017395846,-0.0060531580062972,0.1,1.4,-1.900254682406877e-05,0.0063077377270007,-0.0114125290177416,0.088212017395846,0.3931863727454909,0.1571142284569138,0.009930629977305,0.0839340026687919,0.6969696969696967,train,1
aluminum,2.0,7.0,CV,3,0.1042355451877103,0.3316110741212348,1.2917340438406844,-0.6814135063688652,0.1,1.4,-0.0004706852565322,0.1085762863470123,-0.1998581073114297,1.2917340438406844,-0.294188376753507,0.1627254509018035,0.1671854549100485,1.2760346329545702,0.611111111111111,train,5
uric_acid,2.0,7.5,CV,6,0.1461821700847846,0.3372839704205634,1.473203922963569,-0.1401233646546018,0.1,1.4,9.473057385430125e-05,0.1568915866283198,-0.1108776994713699,1.473203922963569,0.3342685370741483,0.1458917835671341,0.1680234341134627,1.453290428512782,0.8571428571428561,train,1
glucose,0.2,6.5,CV,6,0.0225658155794694,0.0309651760275162,0.1254389812134203,-0.0097921998186649,0.1,1.4,1.24078822610167e-05,0.0163786955407363,-0.0103287659883394,0.1254389812134203,0.4829659318637275,0.2244488977955911,0.0197302290647792,0.1174511981317858,0.5686274509803938,train,3
ascorbic_acid,0.5,7.0,CV,4,0.063429830456405,0.1207330346354017,0.4774748245137699,-0.0474566176071559,0.1,1.4,-3.811237873702428e-05,0.0395466123154968,-0.0472305232148538,0.4774748245137699,0.0537074148296593,0.1851703406813626,0.0692272527293602,0.4654519056639352,0.8333333333333337,train,2
ascorbic_acid,0.2,6.0,CV,9,0.0273495001825621,0.0479956873528914,0.1924259021266338,-0.0167325106307231,0.1,1.4,-7.391169895706678e-06,0.0161991326568071,-0.0148247111607028,0.1924259021266338,0.0985971943887775,0.1879759519038076,0.0276641905770962,0.1851867507917039,0.9705882352941172,train,2
glucose,0.2,7.0,CV,8,0.0226384195519658,0.0313524798618822,0.1229940535597194,-0.0100979066131154,0.1,1.4,4.845945582459179e-06,0.0094086007728205,-0.0098480988193087,0.1229940535597194,0.4745490981963928,0.2356713426853707,0.0206537914736568,0.1152508789976525,0.6800000000000007,train,3
dopamine,0.2,7.0,CV,5,0.0132182788564328,0.0442486825028898,0.2021581828396048,-0.1095002143348803,0.1,1.4,-5.949750109854636e-07,0.0123790869857338,-0.0157340971381473,0.2021581828396048,0.2024048096192384,0.1122244488977955,0.0176244294736255,0.1981313012329674,0.904761904761905,train,0
glucose,2.0,6.5,CV,9,0.1673133685542508,0.2723755598853853,1.01431470140963,-0.1116827819149952,0.1,1.4,-5.643083764850218e-05,0.0993490481141946,-0.0972947199656178,1.01431470140963,0.4857715430861723,0.2132264529058116,0.1669498205593831,0.9792604029916946,0.7272727272727264,train,3
ascorbic_acid,0.1,6.5,CV,2,0.0153020210528077,0.0244192880523205,0.1020555294332644,-0.0075651488055512,0.1,1.4,1.4036338580252702e-06,0.0075777686629962,-0.0089774562327094,0.1020555294332644,0.0480961923847695,0.1935871743486974,0.0143118543817082,0.0970325585662724,0.5000000000000009,train,2
uric_acid,5.0,8.0,CV,0,0.2990664820991821,0.7077539780743775,3.045817122931289,-0.344149228727385,0.1,1.4,-2.113569316953196e-05,0.2480541429342481,-0.24046380198183,3.045817122931289,0.3090180360721443,0.151503006012024,0.3626262615744015,3.013798692754368,0.9285714285714288,train,1
copper,5.0,8.0,CV,1,0.1506035965741531,0.9294484457077812,4.154019816011757,-2.8604527545627976,0.1,1.4,5.275415369033526e-05,0.2977082039089319,-0.264941761230572,4.154019816011757,-0.0360721442885771,0.0981963927855711,0.3132891618902056,4.142418468146524,0.842105263157898,train,4
aluminum,2.0,8.0,CV,7,0.0996912887864722,0.3346512805914413,1.3501319423492557,-0.6689785084909728,0.1,1.4,-0.0001205941642794,0.100523760947596,-0.1427377333616157,1.3501319423492557,-0.3110220440881763,0.1655310621242485,0.1696040383000958,1.3394773082065303,0.787878787878788,train,5
copper,0.5,6.0,CV,4,0.0221897400179255,0.1236307208978164,0.5269102939544478,-0.3801401174501508,0.1,1.4,-3.0593077808508466e-05,0.0437737055889296,-0.0385532178236784,0.5269102939544478,-0.064128256513026,0.1038076152304609,0.0427916626785769,0.5232428486906001,0.7619047619047625,train,4
uric_acid,2.0,7.0,CV,6,0.1449009157658017,0.3344023666407904,1.4407455463697474,-0.1368204246689493,0.1,1.4,9.390994044918096e-05,0.155490884464131,-0.1173127680222673,1.4407455463697474,0.342685370741483,0.1571142284569138,0.1757634495310701,1.4215721800882306,0.6969696969696967,train,1
glucose,10.0,7.0,CV,8,0.5301535043852725,0.8868303043608233,3.343307530958252,-0.3814650789734539,0.1,1.4,5.826074401832543e-05,0.2574680689309784,-0.2664546557619911,3.343307530958252,0.4745490981963928,0.2356713426853707,0.5813866645206358,3.2394205831589677,0.6800000000000007,train,3
copper,0.1,6.0,CV,3,0.0062985788930393,0.0255346249704594,0.1124501143027416,-0.0786196177698901,0.1,1.4,-2.1321196888920747e-05,0.0068816741478633,-0.0126282740326973,0.1124501143027416,-0.064128256513026,0.0981963927855711,0.0086035706011747,0.1100349069631431,0.7500000000000014,train,4
glucose,10.0,8.0,CV,2,0.5385259644707447,0.8926842752905614,3.251904477002455,-0.36455008110948,0.1,1.4,-4.869601605336904e-05,0.2810825878503857,-0.3295325289733192,3.251904477002455,0.4549098196392785,0.2440881763527054,0.5954963971484866,3.135905715613573,0.8124999999999993,train,3
copper,10.0,6.0,CV,0,0.2295271579621267,1.422640847141059,6.219573344296206,-4.56853896178475,0.1,1.4,-3.7635693639271775e-05,0.3869821658920622,-0.5264091541842034,6.219573344296206,-0.0529058116232464,0.101002004008016,0.4851051229479294,6.202574601826784,0.8947368421052635,train,4
copper,5.0,7.5,CV,4,0.1542582713293821,0.9313988425379608,4.075667233144073,-2.9963812004619155,0.1,1.4,-0.0002483005747019,0.3619875878575933,-0.2904396947540293,4.075667233144073,-0.0472945891783567,0.0981963927855711,0.3120212090231295,4.059904995364279,0.8421052631578941,train,4
uric_acid,0.5,6.0,CV,9,0.0420650350365329,0.0915915131346943,0.4021254481004681,-0.0320269365824608,0.1,1.4,-1.5498123850709168e-05,0.0290876134664325,-0.0266718180155138,0.4021254481004681,0.4100200400801602,0.1571142284569137,0.0482031110983169,0.3946008664272478,0.9999999999999986,train,1
copper,1.0,6.0,CV,3,0.0421031605553683,0.2383519641272923,1.0314992448748197,-0.759350763386146,0.1,1.4,-0.0002185256034956,0.0630226393982951,-0.1160290751685838,1.0314992448748197,-0.064128256513026,0.0981963927855711,0.0800942480777749,1.024482106877074,0.7500000000000014,train,4
glucose,1.0,8.0,CV,4,0.0933467184244697,0.1473816113855395,0.5474694583470434,-0.0637517246876952,0.1,1.4,-5.004300588212678e-05,0.0482150313605236,-0.0609985179038393,0.5474694583470434,0.4268537074148296,0.2328657314629257,0.095254540791625,0.5235241859573464,0.4821428571428568,train,3
aluminum,2.0,7.5,CV,7,0.0996597042149503,0.333802572205005,1.3450875506983784,-0.662837141735541,0.1,1.4,-0.000132838023501,0.1001236426680012,-0.1346918336011563,1.3450875506983784,-0.3110220440881763,0.1683366733466934,0.1705812845371812,1.3340384653228947,0.9999999999999992,train,5
glucose,10.0,7.5,CV,2,0.5348231974480436,0.8872719892529151,3.274515595958298,-0.3623434308391702,0.1,1.4,-4.838850022871832e-05,0.2741055749722528,-0.3275649352400596,3.274515595958298,0.4829659318637275,0.2384769539078156,0.582662675544076,3.1595512532536225,0.9767441860465113,train,3
aluminum,10.0,8.0,CV,4,0.3256133505106184,1.079430011130911,4.171597146132166,-2.267449603841152,0.1,1.4,-0.0005670163849208,0.3597930308548434,-0.3952106499345412,4.171597146132166,-0.3138276553106212,0.1599198396793587,0.5387035440983272,4.127248392463439,0.7272727272727268,train,5
dopamine,10.0,6.5,CV,9,0.2884556914176381,1.2398670261586944,5.689297731954977,-3.0545991502219256,0.1,1.4,-0.0002118121520381,0.3774633232343989,-0.5173018788331636,5.689297731954977,0.2276553106212424,0.1094188376753506,0.4826294423264362,5.66255988700352,0.8571428571428567,train,0
ascorbic_acid,2.0,8.0,CV,8,0.2229141481564404,0.4387736123939685,1.7354655239751555,-0.1588016800774139,0.1,1.4,2.9344983748957443e-05,0.1279143695918494,-0.1402094264666641,1.7354655239751555,0.0256513026052104,0.1879759519038075,0.2543359463791697,1.7009149226989753,0.914285714285714,train,2
copper,1.0,7.5,CV,4,0.0414739842510097,0.2414520276195038,1.0582687759280478,-0.7745648318857323,0.1,1.4,-6.23952835731889e-05,0.0939268774592582,-0.0753473431826658,1.0582687759280478,-0.0472945891783567,0.0981963927855711,0.0809249636048762,1.0529367870163124,0.8421052631578941,train,4
ascorbic_acid,2.0,8.0,CV,3,0.2268630509355453,0.4355586595556089,1.7162608144161409,-0.1931878314900751,0.1,1.4,-0.0005106928676049,0.1581431443654958,-0.2692220473404769,1.7162608144161409,0.0256513026052104,0.1991983967935872,0.2606104716484214,1.6728947208552458,0.9189189189189196,train,2
ascorbic_acid,0.1,6.0,CV,8,0.0151563890227403,0.024250784127446,0.1019179860711525,-0.007061084585686,0.1,1.4,4.3180064401005806e-06,0.0074805069107781,-0.0079984359092685,0.1019179860711525,0.0845691382765531,0.1711422845691382,0.0130936982409592,0.0968071602675471,0.648648648648649,train,2
aluminum,2.0,6.5,CV,3,0.1040054699163899,0.3300832474216386,1.2900278688741549,-0.6870619411362572,0.1,1.4,-0.0004852504237417,0.108135286338015,-0.1990195353455225,1.2900278688741549,-0.3278557114228457,0.1739478957915831,0.1738780380468237,1.2746423042730464,0.8235294117647058,train,5
ascorbic_acid,1.0,7.0,CV,2,0.118994602280747,0.2300425581444802,0.9703078896552048,-0.088164097109405,0.1,1.4,-1.003985367301563e-05,0.0701557047002061,-0.0821968550543683,0.9703078896552048,0.0480961923847695,0.1795591182364728,0.1287649671101562,0.9502666255532788,0.7777777777777782,train,2
copper,0.2,7.0,CV,8,0.0102450635699024,0.0511437393752498,0.2219539170972993,-0.1537329717128556,0.1,1.4,5.282217223922962e-06,0.0168521346882266,-0.0147963506386641,0.2219539170972993,-0.0585170340681362,0.1010020040080159,0.01755389977884,0.2195146833920576,0.636363636363637,train,4
uric_acid,1.0,7.0,CV,1,0.0782509053606769,0.1793342407766213,0.796658124249105,-0.0608588669597882,0.1,1.4,1.4316003820965156e-05,0.0573307760303695,-0.0498586475636917,0.796658124249105,0.3454909819639279,0.1486973947895791,0.0913780944167582,0.7872371048693213,0.7666666666666689,train,1
ascorbic_acid,5.0,6.0,CV,4,0.4429666462598781,0.8795769194581223,3.4990152846005733,-0.3604879107654868,0.1,1.4,-0.0002933821404186,0.2749053922098615,-0.3418129186175376,3.4990152846005733,0.1070140280561122,0.1935871743486974,0.5193654273551106,3.4290414254247894,0.8157894736842106,train,2
dopamine,1.0,7.0,CV,1,0.0497602178989206,0.2085853563807173,0.9389777858421656,-0.5200513893551413,0.1,1.4,1.449533119209176e-05,0.0666017932687745,-0.0590799774060839,0.9389777858421656,0.1995991983967936,0.1150300601202404,0.0846491831670621,0.9326346789813972,0.8636363636363648,train,0
aluminum,0.5,6.5,CV,4,0.0298603105124818,0.0922517821191942,0.3599043063628238,-0.1874942516078806,0.1,1.4,-5.81961693936356e-05,0.0303348154263857,-0.033181752234107,0.3599043063628238,-0.3278557114228457,0.1767535070140281,0.0490050800543382,0.3542218551729391,0.7999999999999996,train,5
aluminum,0.2,7.5,CV,1,0.0132374231497241,0.0382018150994351,0.1496350058898901,-0.0811740303552248,0.1,1.4,-3.5549604560034377e-06,0.010399614022493,-0.0126747357291783,0.1496350058898901,-0.3082164328657314,0.1767535070140281,0.0200114649666371,0.1463051211826218,0.96875,train,5
ascorbic_acid,0.2,7.0,CV,6,0.0277242964417267,0.0493099441696325,0.1952696537015889,-0.0202344262853971,0.1,1.4,1.7065346261588538e-05,0.0243283108800352,-0.0156780837587565,0.1952696537015889,0.0649298597194388,0.1851703406813627,0.0280868045107982,0.1886594823656273,0.885714285714286,train,2
copper,0.1,7.5,CV,9,0.006271902185978,0.0256823067075183,0.1144129925496565,-0.0779935234792249,0.1,1.4,-1.5647060235248478e-06,0.0110720906763997,-0.0073361893768957,0.1144129925496565,-0.0416833667334669,0.0981963927855711,0.0087230502238108,0.1121938969816157,0.9444444444444456,train,4
glucose,0.5,7.0,CV,7,0.049062049697706,0.0763695932144003,0.2817420039631512,-0.0308584603093912,0.1,1.4,-1.1404074976057665e-05,0.0246524400661289,-0.0204871822094506,0.2817420039631512,0.4521042084168337,0.2328657314629258,0.0494868011477424,0.2688903763997052,0.4561403508771939,train,3
dopamine,5.0,8.0,CV,2,0.1908530162063372,0.8207521319710788,3.6184837270905663,-2.065797331945752,0.1,1.4,-3.526646889001328e-05,0.2532198211434064,-0.2878833451621679,3.6184837270905663,0.1462925851703407,0.1094188376753506,0.3217805003743593,3.600995770763993,0.9500000000000012,train,0
glucose,0.1,6.0,CV,8,0.0132395336024332,0.015650914420404,0.0616853114612837,-0.0037068171021832,0.1,1.4,3.862733530680793e-06,0.004880060237734,-0.0050525326103777,0.0616853114612837,0.4857715430861723,0.2216432865731463,0.0099660920568946,0.0558118284884778,0.5192307692307696,train,3
glucose,10.0,7.5,CV,1,0.5309026090446856,0.8913184143146868,3.2649343870565346,-0.3344887270220669,0.1,1.4,6.478739282423626e-05,0.3086744531144844,-0.2554983008532808,3.2649343870565346,0.4689378757515029,0.2468937875751503,0.6028586636377975,3.166725241967661,0.7599999999999986,train,3
uric_acid,5.0,8.0,CV,6,0.3022470344646432,0.7050318059697829,3.1757791144958323,-0.295869359617354,0.1,1.4,0.0001947205818542,0.3275600236292987,-0.2269266909576379,3.1757791144958323,0.292184368737475,0.151503006012024,0.3608098193564766,3.136670068288034,0.6875000000000008,train,1
copper,5.0,7.5,CV,8,0.1523677509953027,0.9324530442429412,4.073850031681766,-2.903383211492816,0.1,1.4,4.754825554168335e-05,0.2912814189446912,-0.2785793829920806,4.073850031681766,-0.038877755511022,0.101002004008016,0.3198975705389714,4.061763954670595,0.8947368421052635,train,4
glucose,0.1,6.5,CV,2,0.0133322705473643,0.0156049668529896,0.0625998225192368,-0.0040563857742834,0.1,1.4,1.8309086777648576e-06,0.0050048658760937,-0.0062436036790022,0.0625998225192368,0.4997995991983969,0.2384769539078156,0.010372764925245,0.0565757065054962,0.8478260869565225,train,3
uric_acid,0.5,6.0,CV,5,0.0420213323237408,0.0918470872475669,0.3927304547252163,-0.0340156870779296,0.1,1.4,-5.163846263528133e-06,0.0339245221850345,-0.0285725101500738,0.3927304547252163,0.4072144288577154,0.1571142284569138,0.0479296048630558,0.3850904397890711,1.0,train,1
dopamine,0.5,7.5,CV,4,0.0281288260553397,0.1103609715158457,0.5085291841567077,-0.2832876116828018,0.1,1.4,-2.8318378496250352e-05,0.0345524458344689,-0.0439919582222529,0.5085291841567077,0.1743486973947895,0.1122244488977955,0.0443405848075852,0.5040366637935154,0.999999999999998,train,0
copper,2.0,8.0,CV,8,0.0749514460659634,0.4521835239081291,1.996072684868995,-1.4197146891740398,0.1,1.4,2.451945355889776e-05,0.1339416039398523,-0.1388855485429206,1.996072684868995,-0.038877755511022,0.0981963927855711,0.152458266392766,1.9890687183599045,0.9444444444444456,train,4
uric_acid,0.5,6.5,CV,1,0.0417174317514511,0.0923967013483748,0.4034612111187046,-0.0454461381778551,0.1,1.4,8.75035767072558e-06,0.0296142816684151,-0.0287803496346756,0.4034612111187046,0.3791583166332665,0.1458917835671344,0.0465051368911252,0.396750492932257,0.9999999999999984,train,1
glucose,10.0,7.0,CV,5,0.5339233855780886,0.887048778130973,3.2629006688728373,-0.3306635279793429,0.1,1.4,-8.054051154707431e-05,0.3095211095589414,-0.3531565931555648,3.2629006688728373,0.4829659318637275,0.227254509018036,0.5644756249063967,3.154199197418034,0.8409090909090925,train,3
ascorbic_acid,2.0,7.5,CV,9,0.2227688404498186,0.4321737904977655,1.7181528415186953,-0.174713955083543,0.1,1.4,-8.791049784218718e-05,0.1627306466841377,-0.13204716630682,1.7181528415186953,0.0228456913827654,0.1991983967935872,0.2589572101200136,1.6776468370687947,0.6904761904761892,train,2
uric_acid,0.2,7.5,CV,0,0.0191698997523567,0.0385477739378352,0.1683285889166603,-0.0144571901220192,0.1,1.4,1.475526476671457e-06,0.013760678844091,-0.0126414774371735,0.1683285889166603,0.3314629258517034,0.1543086172344688,0.0200722028383566,0.1637004638906799,0.9642857142857164,train,1
copper,2.0,6.0,CV,2,0.0738133808506857,0.4419628732412676,1.9465385003308977,-1.415479178818314,0.1,1.4,-1.67237905094461e-05,0.1281451420513899,-0.142781320242992,1.9465385003308977,-0.0529058116232464,0.0981963927855711,0.1486094255388058,1.940639855520838,0.8421052631578941,train,4
uric_acid,0.2,7.0,CV,3,0.0194516658368372,0.0381465867290655,0.1714608891131847,-0.0160663030280983,0.1,1.4,-4.041925308003307e-05,0.0121837627779601,-0.0226420173575964,0.1714608891131847,0.3539078156312625,0.1402805611222446,0.0186413246887934,0.166356833869041,0.9230769230769248,train,1
dopamine,10.0,6.5,CV,2,0.2846124242864961,1.237935262555253,5.685957468522853,-3.0075514310207905,0.1,1.4,-5.425418522173633e-05,0.3525059559693833,-0.4765438922457263,5.685957468522853,0.2164328657314629,0.1066132264529058,0.4787654221920918,5.659257937252132,0.583333333333333,train,0
glucose,5.0,6.0,CV,0,0.3353169216252832,0.5627858855669227,2.0686636333972404,-0.2376060669323092,0.1,1.4,-1.8002040842048122e-05,0.1713021462743349,-0.1977311209591525,2.0686636333972404,0.5306613226452906,0.2525050100200401,0.3866305491550699,2.005566258450174,0.9148936170212753,train,3
glucose,1.0,6.5,CV,6,0.0913361901962813,0.1458900073055328,0.571983743101779,-0.0504966376966609,0.1,1.4,4.658363418710297e-05,0.0747117458247497,-0.04709916144613,0.571983743101779,0.4829659318637275,0.2244488977955911,0.0923871766753401,0.5492394678759087,0.5686274509803938,train,3
copper,10.0,6.0,CV,3,0.2426088178644107,1.4302115539811358,6.1781743760784575,-4.571445178837181,0.1,1.4,-0.0013228702804935,0.3774120448007136,-0.6950735615295482,6.1781743760784575,-0.064128256513026,0.0981963927855711,0.4804875942555542,6.145850316233869,0.7500000000000014,train,4
glucose,10.0,8.0,CV,8,0.5377174066036623,0.8964023690521618,3.3768916407163783,-0.3860732660778413,0.1,1.4,5.892355930983267e-05,0.2498056572286,-0.2745895826260023,3.3768916407163783,0.4633266533066132,0.2328657314629257,0.5828344934081794,3.267102403216644,0.8863636363636379,train,3
uric_acid,0.5,8.0,CV,2,0.0431621535312836,0.0953859613964913,0.4297343441796246,-0.0367735700037888,0.1,1.4,-2.236751831384616e-06,0.0275336511488231,-0.0322699174010957,0.4297343441796246,0.2949899799599198,0.1486973947895791,0.0483936904447566,0.4221982099986738,0.7096774193548377,train,1
aluminum,0.1,8.0,CV,7,0.0076173909496288,0.0192615493635848,0.0792662785836614,-0.0357807499775496,0.1,1.4,-4.363077397357201e-06,0.005899763300108,-0.0082433842906332,0.0792662785836614,-0.3110220440881763,0.1655310621242485,0.009736522225871,0.0770384066316597,0.787878787878788,train,5
uric_acid,0.5,6.0,CV,2,0.0417372609403208,0.0919639003830811,0.4046641156335017,-0.038686877037042,0.1,1.4,-2.060749238941447e-06,0.0296293593904094,-0.0311437912958012,0.4046641156335017,0.3931863727454909,0.1543086172344688,0.0477671087649132,0.3971542992763685,0.6666666666666659,train,1
aluminum,2.0,6.5,CV,1,0.0999879789562162,0.3313854748810995,1.270340318230809,-0.7041692591310017,0.1,1.4,-8.364297997805295e-05,0.0916764120762761,-0.1238845977404358,1.270340318230809,-0.3362725450901803,0.1795591182364729,0.1763310714085902,1.2570661220900603,0.6842105263157894,train,5
ascorbic_acid,1.0,6.5,CV,4,0.1182245343346886,0.2302805195858965,0.9087019194611502,-0.092819356844097,0.1,1.4,-7.496579347959998e-05,0.0733259721125032,-0.0897595212526102,0.9087019194611502,0.062124248496994,0.1907815631262525,0.134934622105018,0.8889840322550153,0.6585365853658545,train,2
copper,5.0,6.5,CV,0,0.1490023060076272,0.9189653903641072,4.06709279490774,-2.9832985685578297,0.1,1.4,-2.3338815502097613e-05,0.2548693158684669,-0.3533220351768054,4.06709279490774,-0.0529058116232464,0.0953907815631263,0.3031451591635607,4.056557664503894,1.0,train,4
aluminum,10.0,6.0,CV,2,0.3215943374983205,1.0635000703672597,4.100279063429941,-2.2528217591481168,0.1,1.4,-0.0004620749415425,0.3014086511181928,-0.4774816982643977,4.100279063429941,-0.3054108216432865,0.1711422845691382,0.5501175093428663,4.058655498828824,0.6052631578947365,train,5
uric_acid,10.0,7.5,CV,9,0.4668643240285904,1.0917405163432303,4.823271531707951,-0.4749891128916857,0.1,1.4,-0.0002129850894933,0.3430253813520771,-0.3141415525607873,4.823271531707951,0.3258517034068136,0.1486973947895792,0.5522551409050203,4.7635570969430905,0.8928571428571412,train,1
copper,1.0,8.0,CV,6,0.0416003632318476,0.2439386282447183,1.0399277246058904,-0.7787042068432394,0.1,1.4,5.803238736235076e-05,0.0942531064978194,-0.074085289353753,1.0399277246058904,-0.0360721442885771,0.101002004008016,0.0834526197799722,1.0341730282766275,0.8000000000000024,train,4
aluminum,0.1,6.5,CV,3,0.0078712491305226,0.0189855900215904,0.0756752034146455,-0.0369188157525537,0.1,1.4,-2.570683343084948e-05,0.0063568408541284,-0.0116559757963609,0.0756752034146455,-0.3278557114228457,0.1739478957915831,0.0099096720932726,0.0728328111283964,0.8235294117647058,train,5
ascorbic_acid,10.0,7.0,CV,2,0.6989795754485953,1.379997628502084,5.805063922808758,-0.547450112278688,0.1,1.4,-7.404522047538408e-05,0.4200684648475974,-0.491725387006686,5.805063922808758,0.0480961923847695,0.1795591182364728,0.7724506429149695,5.699154270343526,0.7777777777777782,train,2
ascorbic_acid,2.0,6.0,CV,7,0.2118800145182862,0.420149536681044,1.6721891566531988,-0.1533919354285507,0.1,1.4,-7.159941254093138e-05,0.1218392914980983,-0.1240993342719783,1.6721891566531988,0.087374749498998,0.1935871743486974,0.2466996894735722,1.6429104778143686,0.7250000000000003,train,2
aluminum,1.0,8.0,CV,9,0.0562979493405091,0.1817724012202865,0.7166847510832834,-0.3737813013357928,0.1,1.4,-6.920532740841529e-05,0.058601697207128,-0.0680433754940891,0.7166847510832834,-0.3054108216432865,0.1683366733466934,0.093052345654733,0.7079954139760157,0.8750000000000009,train,5
glucose,2.0,8.0,CV,2,0.1698847613675685,0.2769511897444917,1.0122660847573632,-0.1100270341755088,0.1,1.4,-1.322602530618277e-05,0.087463672118576,-0.102583130214615,1.0122660847573632,0.4549098196392785,0.2440881763527054,0.1848757268238696,0.973566094756898,0.8124999999999993,train,3
ascorbic_acid,2.0,8.0,CV,5,0.2247183144500254,0.440821712750475,1.8312669782932176,-0.1903529048844221,0.1,1.4,-3.708165783210182e-05,0.1340043027417088,-0.149222408736956,1.8312669782932176,0.0172344689378757,0.1823647294589178,0.2485972901379866,1.793346392463734,0.9696969696969692,train,2
copper,2.0,7.5,CV,9,0.0762378803255062,0.4466016595370611,1.9529764649181576,-1.405919923131258,0.1,1.4,-7.179710140355282e-05,0.1903776087349259,-0.126598540335633,1.9529764649181576,-0.0416833667334669,0.0981963927855711,0.1512092916975826,1.944945149311866,0.9444444444444456,train,4
aluminum,10.0,6.5,CV,6,0.3235691103187675,1.0648443787874449,4.170217867754463,-2.1687667953689838,0.1,1.4,-4.701228350206785e-05,0.5379726368129503,-0.5186267356934828,4.170217867754463,-0.3110220440881763,0.1711422845691382,0.5450363270998906,4.115924150113535,0.8484848484848483,train,5
copper,0.5,7.5,CV,7,0.0216623465616772,0.1251389527429305,0.5522427267082639,-0.3868937445937481,0.1,1.4,-1.482731212982837e-05,0.036301665347741,-0.0404455072662499,0.5522427267082639,-0.0416833667334669,0.0981963927855711,0.0423927690869866,0.5500320160929849,0.9444444444444456,train,4
glucose,0.2,8.0,CV,2,0.0229362502880543,0.0315181312245259,0.1194968437541525,-0.0094453693156643,0.1,1.4,9.130950211893776e-07,0.0102829035443802,-0.012116096260604,0.1194968437541525,0.4549098196392785,0.2440881763527054,0.0211498884768636,0.1114321005969229,0.8124999999999993,train,3
aluminum,2.0,7.5,CV,9,0.103061080111895,0.33752752790373,1.3365959539399297,-0.6921967805512336,0.1,1.4,-0.0001434113943293,0.1085777481251012,-0.1403728066572208,1.3365959539399297,-0.3222444889779559,0.1711422845691382,0.1742812786582656,1.3219892373760795,0.6944444444444448,train,5
dopamine,2.0,7.0,CV,2,0.0914490069727688,0.3877268746448795,1.7479843666271422,-0.9487356141066362,0.1,1.4,-1.5146915886057685e-05,0.1021935366445305,-0.1345906066858971,1.7479843666271422,0.2164328657314629,0.1094188376753507,0.1527949007298675,1.738474412156921,0.6250000000000004,train,0
aluminum,5.0,7.5,CV,0,0.2064919267295258,0.6953994459257012,2.670898997476771,-1.581001942557817,0.1,1.4,-0.0001827556233173,0.2010348744294669,-0.2819659462232968,2.670898997476771,-0.3166332665330661,0.1739478957915831,0.361854811531944,2.6437900360826085,0.7222222222222224,train,5
copper,1.0,8.0,CV,2,0.0413450976654434,0.2420535846983077,1.061600966706204,-0.7555005908527332,0.1,1.4,-7.9064119354339e-06,0.0759866088264414,-0.0712535902710933,1.061600966706204,-0.0444889779559117,0.101002004008016,0.0831409955823748,1.0579385077523582,0.7142857142857151,train,4
aluminum,0.2,7.0,CV,3,0.0136743681642655,0.0378489475859434,0.1490440453212143,-0.0753428032010718,0.1,1.4,-5.166580406643129e-05,0.0125252867707307,-0.0230144993451447,0.1490440453212143,-0.294188376753507,0.1627254509018035,0.0190290630255939,0.1455375474278758,0.611111111111111,train,5
ascorbic_acid,1.0,6.5,CV,5,0.1185810530613824,0.2291571218421403,0.9125147986800116,-0.0984456349406452,0.1,1.4,-1.8021442202642124e-05,0.0672398636380441,-0.0778089994697002,0.9125147986800116,0.0761523046092184,0.1879759519038075,0.1329115742859305,0.8928052305568588,0.914285714285714,train,2
ascorbic_acid,1.0,7.5,CV,1,0.1191569561700301,0.2307413313104098,0.9072032729574704,-0.0942612311228712,0.1,1.4,1.851248646320003e-05,0.0783220014328148,-0.0729085963664231,0.9072032729574704,0.0200400801603206,0.1879759519038075,0.1333830858548142,0.8851293013652259,0.6341463414634151,train,2
dopamine,0.5,7.5,CV,5,0.0282715042701238,0.1099041053752105,0.5057674319453305,-0.2658924378259752,0.1,1.4,-5.529341697025077e-06,0.0251150844308446,-0.0367679534099319,0.5057674319453305,0.1659318637274549,0.1150300601202405,0.0445171462324921,0.5003699972975422,0.7083333333333335,train,0
copper,0.2,7.0,CV,6,0.0103349092368129,0.0513401003337453,0.2237250286544796,-0.1611126351152833,0.1,1.4,1.4523632402841745e-05,0.0199899740775893,-0.0156221808954365,0.2237250286544796,-0.0529058116232464,0.0953907815631261,0.01706947882075,0.2212055541455307,0.8888888888888892,train,4
aluminum,0.5,7.5,CV,3,0.0305824432147233,0.0928772120078978,0.3699557951202651,-0.187224771258966,0.1,1.4,-0.0001260260036552,0.0305048599570415,-0.0561230354511461,0.3699557951202651,-0.294188376753507,0.1627254509018036,0.0467645416651733,0.3642589717893174,0.7058823529411767,train,5
glucose,0.2,8.0,CV,4,0.0229936709269776,0.0312323333650811,0.1199601854550691,-0.0108322463426127,0.1,1.4,-8.767661877674746e-06,0.0105610926232444,-0.0133665946090481,0.1199601854550691,0.4268537074148296,0.2328657314629257,0.0202572978049565,0.1115276479638963,0.4821428571428568,train,3
dopamine,5.0,6.0,CV,9,0.1841568907939773,0.7872107230382133,3.5495478695641416,-1.880783041223683,0.1,1.4,-0.0001334442812182,0.2747550364819772,-0.2836070598457993,3.5495478695641416,0.2585170340681363,0.1094188376753507,0.3093620793096567,3.531077570475592,0.9499999999999992,train,0
uric_acid,1.0,7.0,CV,3,0.0803711154922833,0.1800290863132017,0.795042091566009,-0.0840138060767575,0.1,1.4,-0.0001976302530934,0.0564398883476815,-0.1050729509684128,0.795042091566009,0.3539078156312625,0.1402805611222446,0.0876128362448212,0.7815493029650873,0.9230769230769248,train,1
glucose,0.2,6.0,CV,0,0.0222535378918336,0.0309786778408378,0.1186659003166247,-0.0099929938975262,0.1,1.4,1.614049129536197e-06,0.0098070009391297,-0.011325179161407,0.1186659003166247,0.5306613226452906,0.2412825651302605,0.020716963302073,0.1111296346727445,0.999999999999998,train,3
uric_acid,0.5,6.0,CV,7,0.041153614895814,0.0921178822088968,0.4058159603078529,-0.0350521921473724,0.1,1.4,-1.2664922399238342e-05,0.0275524831313979,-0.0265638128710367,0.4058159603078529,0.4128256513026053,0.1543086172344688,0.0479911279717431,0.4004378204915518,0.8965517241379294,train,1
dopamine,10.0,7.0,CV,7,0.2810761647791395,1.256787881345654,5.74022880965944,-3.060581260381396,0.1,1.4,-0.0001808808948268,0.3983671428434652,-0.4982384990744023,5.74022880965944,0.2052104208416834,0.1122244488977955,0.5045150011764413,5.731132808100938,0.904761904761905,train,0
glucose,0.1,6.0,CV,1,0.0131804670703482,0.0156756792372061,0.0619360258433079,-0.0043678348982722,0.1,1.4,3.980207045416285e-06,0.0058592944947568,-0.0048382379029896,0.0619360258433079,0.5306613226452906,0.2468937875751504,0.0107120973177579,0.056272318012284,0.9130434782608682,train,3
aluminum,10.0,7.5,CV,6,0.3250957076316713,1.0748270120775505,4.269890527876446,-2.28029204746991,0.1,1.4,5.320980909828576e-05,0.5362593649710881,-0.5110000225905063,4.269890527876446,-0.3110220440881763,0.1711422845691382,0.5506380404889656,4.214988613775338,0.9062499999999996,train,5
glucose,0.2,8.0,CV,5,0.0230467249846373,0.0316580330099069,0.1188752293627273,-0.0080890642401331,0.1,1.4,-2.936921536811424e-07,0.0118495573400338,-0.0127511223782397,0.1188752293627273,0.4408817635270542,0.2356713426853707,0.0207086163902051,0.1107514928300351,0.6470588235294132,train,3
uric_acid,0.1,6.0,CV,6,0.0110164233557058,0.018777538091733,0.0862714141574186,-0.0057073035765028,0.1,1.4,8.138565164367617e-06,0.0090915906537437,-0.0076962681259889,0.0862714141574186,0.4044088176352706,0.1402805611222444,0.0092030399331922,0.0821242572232167,0.9230769230769248,train,1
copper,0.1,8.0,CV,7,0.0060744946921987,0.0259413965526706,0.1164816592591725,-0.0774709238871611,0.1,1.4,-9.052555241156872e-07,0.0074348367653564,-0.0083030218116672,0.1164816592591725,-0.0416833667334669,0.0981963927855711,0.0088071081765992,0.1145787486757423,0.8421052631578941,train,4
aluminum,5.0,7.5,CV,7,0.2042992768532556,0.6914688728050715,2.7844586348402864,-1.3761035311587246,0.1,1.4,-0.0002780941288986,0.2072697286225225,-0.2789884927532349,2.7844586348402864,-0.3110220440881763,0.1683366733466934,0.3534287559416607,2.7636902680766293,0.9999999999999992,train,5
dopamine,0.2,6.0,CV,5,0.0129672219621797,0.0429285610315391,0.1994864743592362,-0.0994864031451055,0.1,1.4,-5.106727374801379e-07,0.0128069300517206,-0.0142922705351957,0.1994864743592362,0.2669338677354709,0.1150300601202404,0.0174526592439101,0.1954365119629293,0.7083333333333346,train,0
ascorbic_acid,0.5,7.0,CV,7,0.062424320230497,0.1194015453565609,0.4912628219010482,-0.0426163985514063,0.1,1.4,-1.846591811703535e-05,0.0345065974337613,-0.0347606175123546,0.4912628219010482,0.0565130260521041,0.1907815631262525,0.069543651378105,0.4809776216038192,0.9999999999999988,train,2
copper,0.5,7.5,CV,3,0.0231397621947809,0.1253883312002136,0.5500590174650326,-0.3974370180403995,0.1,1.4,-0.0001141315758696,0.0360399425185763,-0.0612918293023907,0.5500590174650326,-0.038877755511022,0.101002004008016,0.0427974462312582,0.5453970637020505,0.7999999999999988,train,4
ascorbic_acid,2.0,6.5,CV,9,0.2184320485080353,0.4242726872017657,1.6575432577220852,-0.1711878993904368,0.1,1.4,-8.612200265873238e-05,0.1459726648579821,-0.1294434217411864,1.6575432577220852,0.0789579158316633,0.1963927855711422,0.2524412457242615,1.6179897682265831,1.0,train,2
ascorbic_acid,1.0,7.5,CV,3,0.1220501568787253,0.2316180435227467,0.930929248306694,-0.1019708040590612,0.1,1.4,-0.0002707055733738,0.0862188744137976,-0.1433887614017025,0.930929248306694,0.0284569138276553,0.1851703406813627,0.1325695772076702,0.9068441240929388,0.7837837837837843,train,2
glucose,10.0,6.5,CV,2,0.5268225903984997,0.8766549466859904,3.24716846006962,-0.3579778458997583,0.1,1.4,-4.778011816166325e-05,0.2611731569229345,-0.323672294124984,3.24716846006962,0.4997995991983969,0.2384769539078156,0.5765231881429504,3.1378199515249743,0.8478260869565225,train,3
uric_acid,2.0,6.0,CV,7,0.1398438650843933,0.3307518775721188,1.4469150212274602,-0.1326895911807767,0.1,1.4,-5.236203525921385e-05,0.0984458141291399,-0.094929497405319,1.4469150212274602,0.4128256513026053,0.1543086172344688,0.1721141728765247,1.4356857202805389,0.8965517241379294,train,1
ascorbic_acid,0.1,8.0,CV,6,0.0157079166416923,0.0254747629642506,0.1041709682084737,-0.0096435133557088,0.1,1.4,1.0249077621197692e-05,0.0126939292234246,-0.0081780332770885,0.1041709682084737,0.0116232464929859,0.1935871743486973,0.0148790402689787,0.0991571883681074,0.8648648648648647,train,2
ascorbic_acid,10.0,6.5,CV,2,0.6920439209714256,1.3651846134020509,5.530598419158204,-0.5419520853328047,0.1,1.4,-7.327912505169598e-05,0.4148927086865408,-0.4868237919333142,5.530598419158204,0.0480961923847695,0.1935871743486974,0.8036204410941673,5.425784143993114,0.5000000000000009,train,2
dopamine,0.5,7.0,CV,1,0.0272774468586649,0.1082653916044496,0.488960150730841,-0.2685843233911048,0.1,1.4,8.892876890006295e-06,0.034652936251835,-0.0306943677409233,0.488960150730841,0.1995991983967936,0.1150300601202404,0.0439292634226703,0.4840661834257523,0.8636363636363648,train,0
dopamine,2.0,8.0,CV,1,0.0922780285670744,0.3982487395540493,1.7928435679134491,-1.0298950305203671,0.1,1.4,2.5077427740887727e-05,0.1109218483608109,-0.130737735022059,1.7928435679134491,0.1519038076152304,0.1150300601202405,0.1607611027251796,1.7826219240694534,0.8636363636363632,train,0
uric_acid,5.0,8.0,CV,1,0.2985092095272925,0.7032114986827672,3.098439187752832,-0.2686101951606028,0.1,1.4,4.787427796067578e-05,0.224448427940417,-0.2054596522495831,3.098439187752832,0.2949899799599198,0.151503006012024,0.3626939962721139,3.068131749738837,0.7419354838709673,train,1
aluminum,0.2,6.5,CV,0,0.0132161813793457,0.0379784078882029,0.1469584846619329,-0.0811342398725046,0.1,1.4,-1.0889835365809763e-05,0.0111213672914344,-0.0224124773982291,0.1469584846619329,-0.3334669338677354,0.1683366733466934,0.0193287551233348,0.1438114456698871,0.7647058823529412,train,5
aluminum,5.0,6.0,CV,7,0.2029987240787621,0.6828644748294836,2.667748893795588,-1.4607555152228864,0.1,1.4,-0.0003769845022296,0.2047598877523967,-0.3049717143696885,2.667748893795588,-0.3110220440881763,0.1627254509018036,0.341368121247096,2.647924282074137,0.6571428571428576,train,5
glucose,2.0,6.0,CV,6,0.1652794238283211,0.270336534303037,1.0343574733023309,-0.095497909282262,0.1,1.4,8.352361475887208e-05,0.1377629333697626,-0.0833133961875677,1.0343574733023309,0.4829659318637275,0.2216432865731463,0.1696073933867659,0.9965366762018616,0.49056603773585,train,3
ascorbic_acid,0.2,6.5,CV,0,0.0272439263091865,0.0484711760980011,0.1994729756085127,-0.0207441433441134,0.1,1.4,1.0443496677274566e-06,0.0159217319515445,-0.0170162626876084,0.1994729756085127,0.0929859719438878,0.1851703406813627,0.0277707629312649,0.1929246469645467,0.6923076923076914,train,2
ascorbic_acid,1.0,7.0,CV,5,0.1197444499363895,0.2316838526122338,0.915023784281264,-0.0994557832011653,0.1,1.4,-1.8230928751060803e-05,0.0692006426562305,-0.0786527438547261,0.915023784281264,0.0480961923847695,0.1851703406813627,0.1328280821731559,0.8950528647326318,0.7837837837837843,train,2
ascorbic_acid,0.2,7.0,CV,4,0.0277423053007504,0.0494737521925305,0.1973719711329994,-0.0177632459510579,0.1,1.4,-1.4108526490173496e-05,0.0163404719226938,-0.0195299751861038,0.1973719711329994,0.0537074148296593,0.1851703406813626,0.0283463198118178,0.1906508183557345,0.8333333333333337,train,2
dopamine,0.1,7.5,CV,7,0.0080232887937517,0.0226129240176894,0.1060900566622111,-0.0522039958103473,0.1,1.4,-6.099686474189056e-07,0.0089237797939265,-0.0068976653932701,0.1060900566622111,0.1659318637274549,0.1122244488977955,0.0091142402241717,0.103035999609055,0.7391304347826093,train,0
copper,10.0,6.0,CV,1,0.2285858211994391,1.4186094467358248,6.205410445535719,-4.397179871800109,0.1,1.4,7.893495077015397e-05,0.4452147854108117,-0.4126461318321839,6.205410445535719,-0.064128256513026,0.0981963927855711,0.4797625262757715,6.19092114827568,0.7500000000000014,train,4
copper,0.2,6.0,CV,7,0.0099283663936746,0.0504440883711743,0.2215897750227131,-0.1539127372165845,0.1,1.4,-4.3446353696004055e-06,0.0152970299656605,-0.0168851605480052,0.2215897750227131,-0.0613226452905811,0.101002004008016,0.0174512872402572,0.2195879203217074,0.8947368421052625,train,4
glucose,0.5,7.5,CV,4,0.0500695135480361,0.0760348211128278,0.2808466792146573,-0.031277413054425,0.1,1.4,-2.4683275219124408e-05,0.0250820678983221,-0.0317332803909454,0.2808466792146573,0.4997995991983969,0.2412825651302605,0.0503027841682651,0.2666001818908607,0.7199999999999988,train,3
glucose,1.0,8.0,CV,7,0.0920480274336247,0.1490084073897294,0.5662617726943636,-0.063072133780023,0.1,1.4,-2.466814568502577e-05,0.0477047689010538,-0.0396020620035736,0.5662617726943636,0.4521042084168337,0.2356713426853707,0.0975639217812594,0.5456451247074445,0.8260869565217396,train,3
ascorbic_acid,2.0,6.0,CV,9,0.2162634597753749,0.4202988002768992,1.6612297181636808,-0.1694214570927685,0.1,1.4,-8.522560194577733e-05,0.1399300791532099,-0.1281384158612006,1.6612297181636808,0.0985971943887775,0.1907815631262526,0.2448803228183906,1.622730041105377,1.0,train,2
glucose,0.1,7.0,CV,4,0.013435781256852,0.015545305441142,0.0624854435107189,-0.0036843345534452,0.1,1.4,-3.1828255446287227e-06,0.0054662571476672,-0.0069216696242698,0.0624854435107189,0.4997995991983969,0.2356713426853708,0.0101889446383493,0.0562647196911974,0.8666666666666655,train,3
ascorbic_acid,2.0,6.0,CV,2,0.2146870410160703,0.4190819023109975,1.6514001446039042,-0.1639334513114425,0.1,1.4,-2.0598989719256e-05,0.126589566500635,-0.1497579285429522,1.6514001446039042,0.0845691382765531,0.1879759519038076,0.2419815831020549,1.6166704726112684,0.7179487179487174,train,2
glucose,5.0,7.5,CV,0,0.3432128645268795,0.5717610877786102,2.0704864133454906,-0.2417315511981825,0.1,1.4,-1.8377322189180863e-05,0.174423575194792,-0.2012942031868105,2.0704864133454906,0.4633266533066132,0.2356713426853707,0.3750402183440351,2.005295589495053,0.6800000000000007,train,3
uric_acid,5.0,7.0,CV,5,0.298201914265157,0.6930901617979558,3.086778462375546,-0.2851694598496656,0.1,1.4,-5.7074966238818e-05,0.2858261076207545,-0.1861164517464747,3.086778462375546,0.3454909819639279,0.1430861723446893,0.3417083291216038,3.0494387045643663,0.7000000000000024,train,1
copper,0.1,7.0,CV,8,0.0061544934128324,0.0257746477522706,0.1129431279927648,-0.0759325834578398,0.1,1.4,4.065592865055791e-06,0.0085385651834786,-0.007493992937704,0.1129431279927648,-0.0585170340681362,0.1010020040080159,0.0088509489058508,0.1107090898008075,0.636363636363637,train,4
glucose,2.0,7.0,CV,4,0.168015040335392,0.2714932971972167,1.0088901557531624,-0.1204339365568178,0.1,1.4,-9.408464475830138e-05,0.0889897036539083,-0.11182275729723,1.0088901557531624,0.4997995991983969,0.2356713426853708,0.1762887803543364,0.968939336847408,0.8666666666666655,train,3
aluminum,0.1,6.5,CV,7,0.0075897166098247,0.0190416148360768,0.0771813673052305,-0.037198393173573,0.1,1.4,-6.783668506705376e-06,0.0058242198863245,-0.0106271167858554,0.0771813673052305,-0.3110220440881763,0.1599198396793587,0.0093771934894038,0.0749468123122929,0.7812500000000006,train,5
ascorbic_acid,0.5,6.5,CV,0,0.0622184759638076,0.1183338068773127,0.4824462330077206,-0.0571871353588705,0.1,1.4,-1.4550145438411155e-06,0.0386111646031026,-0.0412563865720845,0.4824462330077206,0.0929859719438878,0.1851703406813627,0.0677993123043898,0.4706698100587749,0.6923076923076914,train,2
glucose,0.1,7.5,CV,2,0.0134752278344729,0.0157588753926835,0.0630203055271686,-0.0041104443483343,0.1,1.4,1.8217018028249288e-06,0.0052279174219066,-0.0063025124829813,0.0630203055271686,0.4829659318637275,0.2384769539078156,0.0104308040704675,0.0567963965675198,0.9767441860465113,train,3
ascorbic_acid,2.0,6.5,CV,7,0.214003967680084,0.4240430800804983,1.713738439572876,-0.1550608263371316,0.1,1.4,-7.235706103797024e-05,0.1178135885737994,-0.1253096973321799,1.713738439572876,0.0565130260521041,0.1907815631262525,0.2466251904728062,1.6842053106988286,0.5813953488372088,train,2
aluminum,2.0,8.0,CV,0,0.1007547198739532,0.3365801090228033,1.2911541424663588,-0.7718581486770811,0.1,1.4,-7.435516745363325e-05,0.0975127718489519,-0.1120452952525483,1.2911541424663588,-0.3082164328657314,0.1739478957915831,0.175719555304779,1.2774919102005324,0.8235294117647052,train,5
ascorbic_acid,1.0,8.0,CV,4,0.1217037721482537,0.2367722125734936,0.964688163682084,-0.0960897606198673,0.1,1.4,-7.73105824792395e-05,0.0837800468668369,-0.0924654177660333,0.964688163682084,0.0200400801603206,0.1823647294589178,0.134122120192335,0.9437592087385028,0.9117647058823536,train,2
aluminum,0.5,6.5,CV,0,0.0293969700732766,0.0927809466793213,0.3567570501800809,-0.2020152425284181,0.1,1.4,-3.062281528889081e-05,0.0269635074306429,-0.0546183222251732,0.3567570501800809,-0.3334669338677354,0.1683366733466934,0.0472708720473927,0.3515833916230612,0.7647058823529412,val,5
copper,2.0,6.0,CV,4,0.0744059204149403,0.4434205675294589,1.884113098296253,-1.3712030101569312,0.1,1.4,-0.0001166222169648,0.1566568504429629,-0.1378312118960596,1.884113098296253,-0.064128256513026,0.1038076152304609,0.1533516721062514,1.875355707159968,0.7619047619047625,val,4
ascorbic_acid,0.2,6.5,CV,2,0.0274126491830621,0.0484044807650916,0.1992019662572612,-0.0156388233900361,0.1,1.4,6.714926765805095e-08,0.0148668692360733,-0.0175287507155406,0.1992019662572612,0.0480961923847695,0.1935871743486974,0.0284773642119598,0.1926021083614246,0.5000000000000009,val,2
aluminum,0.2,6.5,CV,6,0.013393553761492,0.0377094940717007,0.1493531308186337,-0.0741517864941973,0.1,1.4,1.147992439809546e-06,0.0192350511157118,-0.0184165183568301,0.1493531308186337,-0.3110220440881763,0.1711422845691382,0.0192769990020014,0.145789914705249,0.8484848484848483,val,5
ascorbic_acid,10.0,8.0,CV,0,0.7080205055641627,1.4093381960204634,5.958362629573731,-0.7301091835775048,0.1,1.4,-4.760592566951516e-05,0.4191088320971171,-0.4914390494283251,5.958362629573731,0.0144288577154308,0.176753507014028,0.7805413164857438,5.84643399291231,0.8529411764705892,val,2
glucose,0.5,7.5,CV,3,0.0505913540899834,0.0771665034772783,0.2876180578427638,-0.0281893565353559,0.1,1.4,-9.196417345297991e-05,0.0267688385303861,-0.0496687261049116,0.2876180578427638,0.4577154308617234,0.2440881763527054,0.051929180504207,0.2740468416455046,0.6111111111111099,val,3
copper,0.1,6.5,CV,5,0.006218978471021,0.0258607981538535,0.1157563623129007,-0.0803862283913361,0.1,1.4,9.21496940597755e-07,0.0086725798980298,-0.0085064471819876,0.1157563623129007,-0.0529058116232464,0.0981963927855711,0.0086760152058098,0.1135507011119076,0.9444444444444456,val,4
ascorbic_acid,0.2,8.0,CV,2,0.0281498227434527,0.0500474919615838,0.2088719534997315,-0.0162286325625663,0.1,1.4,-1.4991507082603994e-08,0.0141548830829963,-0.0180542445526698,0.2088719534997315,0.0172344689378757,0.176753507014028,0.0277492789862072,0.202004350558447,0.9687499999999982,val,2
glucose,2.0,7.5,CV,7,0.1668242188828783,0.2758228530409488,1.0322588450681285,-0.1200501074139847,0.1,1.4,-4.785867093115956e-05,0.0879331690301985,-0.0730219760080058,1.0322588450681285,0.4521042084168337,0.230060120240481,0.177451448442437,0.9972145830026328,0.5769230769230774,val,3
copper,0.2,6.0,CV,5,0.0103294122614911,0.0510479890088587,0.223760726963797,-0.1632852598694364,0.1,1.4,-8.777514606407525e-07,0.0161747441320351,-0.0168087922880698,0.223760726963797,-0.0529058116232464,0.101002004008016,0.0173768113968928,0.221135457928281,0.8947368421052635,val,4
uric_acid,1.0,7.0,CV,5,0.0795339521336,0.1795662877310796,0.8025830682218151,-0.0726811088904458,0.1,1.4,-1.2763742097658854e-05,0.0742562638881999,-0.0483334580901612,0.8025830682218151,0.3454909819639279,0.1430861723446893,0.0885222034927366,0.790219728690678,0.7000000000000024,val,1
ascorbic_acid,0.2,8.0,CV,1,0.0279338130885592,0.0496601906873935,0.1978436458445742,-0.0190553710848174,0.1,1.4,6.220573945207558e-06,0.0170655031482041,-0.0152970500975397,0.1978436458445742,0.0200400801603206,0.1879759519038075,0.0286525683090453,0.1908349822690011,0.9705882352941184,val,2
glucose,5.0,8.0,CV,5,0.3495566207325433,0.5760985275757051,2.081228480714471,-0.2137581826411154,0.1,1.4,-5.145546198705792e-05,0.2082688865035315,-0.224042434576874,2.081228480714471,0.4408817635270542,0.2356713426853707,0.3754620983552266,2.006662219507281,0.6470588235294132,val,3
copper,2.0,7.0,CV,8,0.0742272229922113,0.4480730709838357,1.9270330184013291,-1.3706383549016534,0.1,1.4,2.431190029917038e-05,0.1468878287349056,-0.1290152972991975,1.9270330184013291,-0.0585170340681362,0.1010020040080159,0.1535752677372971,1.9203467617990249,0.636363636363637,val,4
dopamine,0.2,7.0,CV,1,0.0129380417070057,0.0442863117059063,0.2019410291244056,-0.1081998167526246,0.1,1.4,5.319658004424249e-06,0.014276106185913,-0.0125901600017264,0.2019410291244056,0.1995991983967936,0.1150300601202404,0.0179762962884806,0.1981278431032683,0.8636363636363648,val,0
aluminum,5.0,6.0,CV,3,0.2128915509328786,0.6804500436913117,2.65734560309356,-1.4241558692362188,0.1,1.4,-0.0010419293322704,0.2229251932325787,-0.4102626868455321,2.65734560309356,-0.3278557114228457,0.176753507014028,0.361375023789857,2.6267717399340667,0.8529411764705881,val,5
aluminum,10.0,6.5,CV,1,0.3177453158565649,1.0678475492504729,4.090018559853206,-2.275191046183449,0.1,1.4,-0.0002758091655776,0.2951962204882576,-0.399190594661154,4.090018559853206,-0.3362725450901803,0.1795591182364729,0.5683595213203565,4.051557997914203,0.6842105263157894,val,5
copper,0.1,8.0,CV,2,0.006214491976797,0.0259211677865897,0.1156936309079573,-0.0781718351523642,0.1,1.4,1.6383331146215558e-06,0.0082099613087733,-0.0077018646620216,0.1156936309079573,-0.0444889779559117,0.101002004008016,0.0089421083643785,0.1137586102437401,0.7142857142857151,val,4
copper,0.5,6.0,CV,6,0.022154179690077,0.124143868524367,0.5455981470991749,-0.3829074678397484,0.1,1.4,3.096291160216875e-05,0.0480494386430293,-0.0363715070718989,0.5455981470991749,-0.0613226452905811,0.101002004008016,0.0426869404037046,0.5419758037305389,0.8947368421052625,val,4
ascorbic_acid,0.1,6.0,CV,9,0.0152716676689123,0.0242015855943682,0.0985208962512494,-0.0074244109525422,0.1,1.4,-2.414982661464962e-06,0.0082886444548766,-0.0075887829404011,0.0985208962512494,0.0985971943887775,0.1879759519038076,0.0139408239477668,0.0933795101061965,0.9705882352941172,val,2
copper,0.5,6.5,CV,0,0.0217865800835953,0.1236831504399624,0.5493936828666267,-0.3989414793804968,0.1,1.4,-7.260357666498095e-07,0.0343926803641332,-0.047680390653812,0.5493936828666267,-0.0529058116232464,0.0953907815631263,0.0408469649016269,0.5465677673053743,1.0,val,4
copper,1.0,7.0,CV,7,0.0396820798401977,0.2398103611101041,1.0421418060799563,-0.7437821587150081,0.1,1.4,-3.09235558681445e-05,0.0703237580562404,-0.077645989746813,1.0421418060799563,-0.0472945891783567,0.0953907815631261,0.079716046442315,1.0395426187052046,0.8888888888888892,val,4
copper,5.0,7.0,CV,0,0.1497391499360903,0.9234125213878608,4.081805203299316,-2.995702280805322,0.1,1.4,-2.3474193575241288e-05,0.2648728323397386,-0.3679622001693774,4.081805203299316,-0.0529058116232464,0.0981963927855711,0.3105563220979573,4.071224410094867,0.8421052631578941,val,4
ascorbic_acid,1.0,8.0,CV,9,0.1221886941360627,0.2342667711647016,0.929001687471472,-0.0930605506964296,0.1,1.4,-4.6470809980059926e-05,0.0919402939192028,-0.0717180244130381,0.929001687471472,0.0228456913827654,0.176753507014028,0.1299167959078558,0.9054105095652144,0.9687500000000008,val,2
aluminum,0.2,7.5,CV,9,0.0135387371350413,0.0385319901186785,0.1540388600955152,-0.0765128985706099,0.1,1.4,-1.396315074566736e-05,0.0125062259671138,-0.0160462731990366,0.1540388600955152,-0.3222444889779559,0.1711422845691382,0.0198131243648606,0.1504916963006374,0.6944444444444448,val,5
uric_acid,0.5,7.0,CV,5,0.0427388623518477,0.0931579095227552,0.4182232663209471,-0.0369258575271155,0.1,1.4,-5.307526496982882e-06,0.0386555690293566,-0.0251488197345316,0.4182232663209471,0.3454909819639279,0.1430861723446893,0.0459425272638087,0.4102287318855003,0.7000000000000024,val,1
glucose,1.0,6.5,CV,5,0.0916295220410971,0.1470129322160958,0.5420052190339516,-0.051527825238141,0.1,1.4,-1.1100395624339375e-05,0.0508223107528731,-0.0591870193606517,0.5420052190339516,0.4829659318637275,0.2328657314629257,0.0954340962778195,0.5214586138840119,0.6600000000000004,val,3
ascorbic_acid,10.0,6.0,CV,9,0.6901809485316658,1.3542933131462762,5.345932624567729,-0.5541690133971893,0.1,1.4,-0.0002804843253108,0.4503267251787537,-0.4124019318505973,5.345932624567729,0.0985971943887775,0.1907815631262526,0.7890273154644107,5.228380245455718,1.0,val,2
aluminum,0.1,7.5,CV,3,0.0078996109671734,0.0191696720292496,0.0777419738216424,-0.0363650905764854,0.1,1.4,-2.415380369774468e-05,0.0064118827476637,-0.0117600008722472,0.0777419738216424,-0.294188376753507,0.1627254509018036,0.0095828459782936,0.0749238375967098,0.7058823529411767,val,5
dopamine,2.0,8.0,CV,7,0.0914805465706158,0.3984489676855124,1.8125362385376147,-1.000055036764664,0.1,1.4,-5.567509564271944e-05,0.1675507226221831,-0.1268371922028803,1.8125362385376147,0.1490981963927855,0.1094188376753506,0.1565157790498636,1.8073178136681696,0.9500000000000012,val,0
dopamine,1.0,7.5,CV,7,0.0499281448014647,0.2115712314373035,0.9648287500933632,-0.5137899507096849,0.1,1.4,-2.8266306670769403e-05,0.0819141253754461,-0.0638866116939382,0.9648287500933632,0.1659318637274549,0.1122244488977955,0.0850827310032608,0.9609572995620372,0.7391304347826093,val,0
aluminum,0.1,8.0,CV,6,0.0077713114733387,0.0192484624144086,0.078157361121026,-0.0385078545315665,0.1,1.4,4.560368567181254e-06,0.00975093958013,-0.0070683812362548,0.078157361121026,-0.3110220440881763,0.1627254509018036,0.009533951544003,0.0754728858110462,0.8125,val,5
aluminum,5.0,6.5,CV,3,0.2132948998624285,0.6837756874705608,2.670555109607071,-1.4261720205198365,0.1,1.4,-0.001007678926411,0.2238413085723284,-0.4120223188329907,2.670555109607071,-0.3278557114228457,0.1739478957915831,0.3601704991481912,2.6402564023905284,0.8235294117647058,val,5
uric_acid,0.1,8.0,CV,3,0.0114424495246497,0.0194849369453254,0.0889565765735058,-0.006577933779087,0.1,1.4,-1.9737032701713893e-05,0.0063644308279802,-0.0117976442871125,0.0889565765735058,0.3230460921843687,0.1486973947895792,0.0098359835921512,0.084649965297556,0.709677419354839,val,1
ascorbic_acid,5.0,7.0,CV,1,0.4466298680145353,0.8807995163269466,3.4446956571331717,-0.3642424392518593,0.1,1.4,6.263939080521518e-05,0.2981109190623634,-0.2852480907878811,3.4446956571331717,0.0649298597194388,0.1879759519038075,0.5069304680375298,3.3666628018100635,0.914285714285714,val,2
copper,0.1,6.5,CV,0,0.006080934907789,0.0255130540984545,0.1151098418738968,-0.0798850486178633,0.1,1.4,2.06566543525738e-06,0.0071733426475489,-0.0099468542929486,0.1151098418738968,-0.0529058116232464,0.0953907815631263,0.0084467062978352,0.1130494422182011,1.0,val,4
ascorbic_acid,0.1,6.5,CV,7,0.0151338751561519,0.0244404878183207,0.1016800668872537,-0.0075093336666406,0.1,1.4,-1.6513824846933202e-06,0.0069686650473804,-0.0073816485730701,0.1016800668872537,0.0565130260521041,0.1907815631262525,0.0141913483287106,0.0971654211049671,0.5813953488372088,val,2
glucose,0.2,7.5,CV,8,0.0227754516368832,0.0315031654670674,0.1237008680007363,-0.0101732939569442,0.1,1.4,4.8567888321436135e-06,0.0093083524441851,-0.0099853433084273,0.1237008680007363,0.4745490981963928,0.2300601202404809,0.0204721055974371,0.1160219264711794,0.8222222222222219,val,3
glucose,1.0,8.0,CV,5,0.093588986411654,0.149275845015021,0.5428404379881039,-0.0525237503144194,0.1,1.4,-1.13471609448427e-05,0.054285832159308,-0.0584004799520187,0.5428404379881039,0.4408817635270542,0.2356713426853707,0.0974063962388231,0.5205888844844729,0.6470588235294132,val,3
ascorbic_acid,0.2,8.0,CV,3,0.0285628479806744,0.0498237124448473,0.1987799965531467,-0.0206142749078259,0.1,1.4,-5.666073619708724e-05,0.0183060932187094,-0.031157964818966,0.1987799965531467,0.0256513026052104,0.1991983967935872,0.0297781116995704,0.1912367667539724,0.9189189189189196,val,2
ascorbic_acid,0.2,6.5,CV,6,0.0274779062341029,0.0487500868810248,0.1977526027144961,-0.0200147787521235,0.1,1.4,1.6923992327053493e-05,0.0240870402215023,-0.0155233494959481,0.1977526027144961,0.0789579158316633,0.1907815631262525,0.0282979102903806,0.1911035665067938,0.8888888888888882,val,2
aluminum,10.0,7.0,CV,7,0.315909401289886,1.0710291675337538,4.291131210799152,-2.1717430676680096,0.1,1.4,-0.000479237587085,0.3210598828477012,-0.3284493976728697,4.291131210799152,-0.3110220440881763,0.1683366733466934,0.5483152651057628,4.261567060791574,0.935483870967742,val,5
dopamine,0.1,7.5,CV,9,0.0082245118647688,0.02263705964914,0.1079151238755115,-0.0541925326653942,0.1,1.4,-1.2354820318667203e-06,0.0067590391737355,-0.0073830535345969,0.1079151238755115,0.1687374749498997,0.1122244488977955,0.0090766308271546,0.1043943909628589,0.818181818181817,val,0
copper,0.5,7.5,CV,2,0.0223275715771363,0.1250558973772422,0.5528474272001962,-0.3908482088454942,0.1,1.4,-2.740943480741917e-06,0.0368827301169742,-0.0357508112101004,0.5528474272001962,-0.0444889779559117,0.0953907815631261,0.0414339471682221,0.5500925185404569,0.8888888888888892,val,4
dopamine,0.5,6.5,CV,4,0.027519477702784,0.1074370329112837,0.5011076693952112,-0.2862511377794894,0.1,1.4,-2.7558989865911067e-05,0.0320122891014239,-0.0358143825801289,0.5011076693952112,0.2192384769539078,0.1066132264529058,0.0415991083270402,0.4965640095036978,0.6521739130434792,val,0
dopamine,0.1,6.0,CV,5,0.0080232302588586,0.0216013647691341,0.1020438312982,-0.0487764434832013,0.1,1.4,1.1099002613943929e-06,0.0065239372343145,-0.0072398332959424,0.1020438312982,0.2669338677354709,0.1150300601202404,0.0087887997022578,0.0985103674728257,0.7083333333333346,val,0
ascorbic_acid,1.0,6.0,CV,4,0.1170646625000161,0.2280447241110215,0.9095198145406128,-0.0913646043023389,0.1,1.4,-7.418226544211137e-05,0.0714552098356612,-0.0888553265504252,0.9095198145406128,0.1070140280561122,0.1935871743486974,0.1346138542291693,0.8889447461515634,0.8157894736842106,val,2
copper,0.1,6.5,CV,8,0.0061337569062951,0.0256574473715502,0.1146152671492495,-0.0775207450110324,0.1,1.4,4.059224518787208e-06,0.0088426472600013,-0.0071317851222354,0.1146152671492495,-0.0613226452905811,0.101002004008016,0.0088051524103774,0.1124247192511527,0.7142857142857142,val,4
uric_acid,0.2,6.5,CV,7,0.0187618068070093,0.0379963673243598,0.1701440600866769,-0.0128899896796784,0.1,1.4,-3.6559961610653848e-06,0.0118549107792917,-0.0111951859217347,0.1701440600866769,0.3735470941883767,0.151503006012024,0.0195811361314829,0.1658810217835862,0.8000000000000005,val,1
dopamine,2.0,6.5,CV,0,0.089303518210213,0.382940838636155,1.7294522744831815,-0.9572974347792398,0.1,1.4,-8.596904814532083e-06,0.1353429834141422,-0.1334558260003172,1.7294522744831815,0.2276553106212424,0.1122244488977955,0.1526907710953741,1.72276949326479,0.904761904761905,val,0
dopamine,1.0,7.5,CV,8,0.050946926827542,0.2105570290048894,0.965769613747458,-0.5035763382312168,0.1,1.4,1.3455568681702348e-05,0.0660466747326304,-0.0821273506841723,0.965769613747458,0.1715430861723447,0.1122244488977955,0.0844722341816258,0.9586550994957788,0.818181818181817,val,0
glucose,0.5,6.0,CV,1,0.0485268541921023,0.0759919956185337,0.2813329867169797,-0.0316796661857854,0.1,1.4,8.15549058341253e-06,0.0266518888344918,-0.0220496385225687,0.2813329867169797,0.5306613226452906,0.2356713426853709,0.0499456060836227,0.2699847654274887,0.8260869565217381,val,3
ascorbic_acid,2.0,6.5,CV,2,0.216839577454904,0.4236952664275377,1.7187062332698455,-0.1656436587783692,0.1,1.4,-2.0837313152706427e-05,0.1288784561308231,-0.1512827913159616,1.7187062332698455,0.0480961923847695,0.1935871743486974,0.2494302965363439,1.684263893774482,0.5000000000000009,val,2
ascorbic_acid,0.1,6.5,CV,5,0.0153838607875733,0.0246045465473124,0.100595899400398,-0.009089833381795,0.1,1.4,5.096450500484129e-07,0.0074247542549409,-0.0085744296176559,0.100595899400398,0.0761523046092184,0.1879759519038075,0.0142037449331418,0.0955815142978286,0.914285714285714,val,2
dopamine,0.2,7.5,CV,5,0.0133474681928076,0.0449636265761027,0.2088937782053409,-0.1069831218249271,0.1,1.4,-6.365793174402529e-07,0.0103843144676219,-0.015097970261685,0.2088937782053409,0.1659318637274549,0.1150300601202405,0.0182370168359973,0.205034983619782,0.7083333333333335,val,0
glucose,10.0,7.5,CV,5,0.5378116283664444,0.8916535211617388,3.259311026273916,-0.3326523298417582,0.1,1.4,-8.103308054310298e-05,0.316510119074093,-0.3515658086090437,3.259311026273916,0.4829659318637275,0.224448897795591,0.5615803092856156,3.148971512354509,0.999999999999999,val,3
uric_acid,2.0,7.0,CV,9,0.1456700501232812,0.3353499045564242,1.4435023306694252,-0.146983742548542,0.1,1.4,-6.365988815098167e-05,0.1056478786763761,-0.0967528350279146,1.4435023306694252,0.3370741482965932,0.1543086172344689,0.1746706133547135,1.4237251041609702,0.617647058823529,val,1
glucose,1.0,6.0,CV,5,0.0909036307313447,0.1462732373684846,0.5398150727273845,-0.0512025275287739,0.1,1.4,-1.1019724100616148e-05,0.0498216023617885,-0.058879138809064,0.5398150727273845,0.5054108216432865,0.2496993987975952,0.0995975443901472,0.519292134329727,0.745098039215686,val,3
ascorbic_acid,2.0,7.5,CV,0,0.2196583507810206,0.4331279249326338,1.7999586229287354,-0.221241476488239,0.1,1.4,-1.270632861926646e-05,0.128977465688218,-0.1370333932001685,1.7999586229287354,0.0144288577154308,0.1795591182364728,0.242839858029889,1.763432127563631,0.5609756097560976,val,2
glucose,0.2,7.5,CV,5,0.0229148922171157,0.0315130049275993,0.1199325051116904,-0.0080225104344959,0.1,1.4,-2.771999126271376e-07,0.0115974004946011,-0.0128728240352934,0.1199325051116904,0.4829659318637275,0.224448897795591,0.019932434973243,0.1119646658259447,0.999999999999999,val,3
dopamine,0.1,6.5,CV,3,0.0081807318077092,0.0220240915139723,0.1053442563838836,-0.0528922545035803,0.1,1.4,-1.9299506655556854e-05,0.0072591971847111,-0.0115682348917096,0.1053442563838836,0.2248496993987976,0.1122244488977955,0.0087877543771414,0.1017391495221821,0.8181818181818203,val,0
ascorbic_acid,0.5,7.0,CV,0,0.0628145623325017,0.1195931722928602,0.4850182413815451,-0.0578112737704321,0.1,1.4,-1.4978197340434484e-06,0.0368468098457115,-0.0398773484589708,0.4850182413815451,0.0537074148296593,0.1851703406813627,0.0684723960958488,0.4729740679915316,0.885714285714286,val,2
ascorbic_acid,0.5,7.0,CV,1,0.0627143930185094,0.1186175310295796,0.466407943110989,-0.0477261957566254,0.1,1.4,1.0906669227801424e-05,0.0403705004656857,-0.038577754363861,0.466407943110989,0.0649298597194388,0.1879759519038075,0.0682249950453374,0.4532187554271214,0.914285714285714,val,2
copper,5.0,7.5,CV,2,0.1530124113631774,0.9291620464757364,4.092821539188903,-2.923421223783559,0.1,1.4,-3.8256456611457575e-05,0.2734922767391576,-0.2651428645688747,4.092821539188903,-0.0444889779559117,0.0953907815631261,0.3075445172532117,4.083264996106516,0.8888888888888892,val,4
glucose,5.0,7.0,CV,5,0.3446651484136129,0.570217370857802,2.099225904696724,-0.2111773223649874,0.1,1.4,-5.081599179528132e-05,0.1991209268027053,-0.2271847837573843,2.099225904696724,0.4829659318637275,0.227254509018036,0.3628985714137021,2.0278640388757854,0.8409090909090925,val,3
dopamine,0.2,6.5,CV,5,0.0130965449260222,0.0435690451185374,0.2006152476018751,-0.1049575187193337,0.1,1.4,-5.529697049972346e-07,0.0116033784612446,-0.0155948386470833,0.2006152476018751,0.2304609218436873,0.1094188376753507,0.017107593313586,0.1965729778878398,0.9499999999999992,val,0
copper,10.0,6.5,CV,3,0.2438244745133854,1.4365722413481523,6.143500605362624,-4.495316138176503,0.1,1.4,-0.0013300808891771,0.3839244751030853,-0.6988543224536314,6.143500605362624,-0.0472945891783567,0.101002004008016,0.490920041068238,6.110575090626026,0.7999999999999996,val,4
dopamine,1.0,7.0,CV,7,0.049341646687555,0.2093924626567385,0.9592190453463711,-0.5075858007758418,0.1,1.4,-2.788892535990771e-05,0.0665120647970773,-0.0831429590388604,0.9592190453463711,0.2052104208416834,0.1122244488977955,0.0840996161652202,0.9553914594818504,0.904761904761905,val,0
copper,2.0,6.0,CV,1,0.0723177645818573,0.4402441062574689,1.9273161494304016,-1.3624726899106876,0.1,1.4,2.6450266411243776e-05,0.1382166298152471,-0.1281096401921417,1.9273161494304016,-0.064128256513026,0.0981963927855711,0.1489142446058237,1.921595706680124,0.7500000000000014,val,4
ascorbic_acid,0.1,7.5,CV,1,0.015440186714986,0.0248079305976099,0.1000199369990437,-0.008753208215716,0.1,1.4,4.536756699446358e-06,0.0086408402623998,-0.0079973500268024,0.1000199369990437,0.0200400801603206,0.1879759519038075,0.0143047156185486,0.0950205199766385,0.6341463414634151,val,2
ascorbic_acid,5.0,6.0,CV,0,0.4385129846196999,0.8695694382942065,3.623628065785712,-0.449268577096149,0.1,1.4,-2.8345076789995092e-05,0.2876246507526896,-0.3054464742508821,3.623628065785712,0.0929859719438878,0.1795591182364729,0.487620006305817,3.556246637349606,0.8285714285714291,val,2
aluminum,0.2,8.0,CV,8,0.0133693202999126,0.0382373633175295,0.1540440669817634,-0.083857125819119,0.1,1.4,-2.37476845822571e-06,0.0116455506116188,-0.0131817416390999,0.1540440669817634,-0.2997995991983967,0.1599198396793587,0.0188262345509164,0.15048208944907,0.9655172413793112,val,5
aluminum,0.5,8.0,CV,9,0.0301933135623457,0.0943786012583962,0.3729326174944869,-0.1927129908665545,0.1,1.4,-3.462590864784141e-05,0.0304883528624491,-0.035386012132624,0.3729326174944869,-0.3054108216432865,0.1683366733466934,0.0482639823433192,0.3673476588603593,0.8750000000000009,val,5
copper,0.2,8.0,CV,2,0.0103637761132513,0.051442169001492,0.227414969781766,-0.1581712944870535,0.1,1.4,5.110010220953191e-07,0.0162150771573168,-0.0152079739859277,0.227414969781766,-0.0444889779559117,0.101002004008016,0.0177132073089457,0.2253496902812153,0.7142857142857151,val,4
copper,5.0,7.5,CV,9,0.1557781502104434,0.9251378544632488,4.043132833505507,-2.915562566946201,0.1,1.4,-0.000151640245625,0.3942196713698822,-0.2621810024781972,4.043132833505507,-0.0416833667334669,0.0981963927855711,0.3132247888424957,4.028811044904085,0.9444444444444456,val,4
uric_acid,2.0,6.5,CV,3,0.145766728317946,0.3324950685997682,1.4615897861870009,-0.1568019980287811,0.1,1.4,-0.0003663921223384,0.1063832424477152,-0.1935603878435599,1.4615897861870009,0.3707414829659319,0.1486973947895792,0.1683474657762342,1.4409226391436762,0.7666666666666679,val,1
dopamine,1.0,7.5,CV,6,0.0513332832079775,0.2107199531337866,0.9621527443915586,-0.5317475165664657,0.1,1.4,5.319571243491991e-05,0.0859976041065494,-0.0634549013693523,0.9621527443915586,0.1743486973947895,0.1122244488977955,0.0842225901821149,0.9547227367844054,0.999999999999998,val,0
glucose,0.1,8.0,CV,6,0.0135649511876046,0.0157875625028694,0.0655951869807462,-0.0044258082975888,0.1,1.4,7.902219612824477e-06,0.0086881830865192,-0.0058988046723458,0.0655951869807462,0.4829659318637275,0.2300601202404808,0.0102534105082125,0.0593227841603568,0.822222222222221,val,3
ascorbic_acid,0.1,7.0,CV,9,0.0155212274941906,0.0247041443469179,0.0992331015610495,-0.007621063064016,0.1,1.4,-2.5201145077480767e-06,0.0090932249735099,-0.007741408099408,0.0992331015610495,0.0593186372745491,0.1963927855711422,0.014648921102002,0.0940623758878291,1.0,val,2
uric_acid,0.2,6.5,CV,9,0.0191424814013552,0.037765166347992,0.1676594691866762,-0.0130520118696768,0.1,1.4,-4.83934483315881e-06,0.0121426663337344,-0.0111146788762053,0.1676594691866762,0.3735470941883767,0.151503006012024,0.0193973635677596,0.1626381280652231,0.8620689655172404,val,1
dopamine,0.5,8.0,CV,2,0.0282864746471958,0.1104211335192649,0.4896279315677215,-0.2752383601903223,0.1,1.4,-2.346036606280244e-06,0.0341657239130262,-0.0388572910150857,0.4896279315677215,0.1462925851703407,0.1094188376753506,0.0433322221120444,0.4848804692331925,0.9500000000000012,val,0
aluminum,5.0,6.0,CV,6,0.208338131754263,0.6811673890282877,2.666436444654439,-1.3913283964249183,0.1,1.4,-6.743568621359786e-05,0.3465453257462808,-0.2106610099614326,2.666436444654439,-0.3390781563126252,0.1683366733466934,0.3446746327352557,2.631240812115275,0.8181818181818181,val,5
dopamine,0.5,8.0,CV,7,0.0276686127148985,0.1110560020038055,0.5076042165852959,-0.2764859614310082,0.1,1.4,-1.3571872848815031e-05,0.0468407609148447,-0.0354249397284088,0.5076042165852959,0.1490981963927855,0.1094188376753506,0.0436542186032794,0.50412352321649,0.9500000000000012,val,0
dopamine,0.2,6.5,CV,9,0.0131149626285972,0.0438491030734981,0.2044842099650761,-0.1054242164560603,0.1,1.4,-4.908160464755753e-06,0.0134890952889121,-0.0184521483455989,0.2044842099650761,0.2276553106212424,0.1094188376753506,0.0170785852922087,0.2005520728924412,0.8571428571428567,val,0
ascorbic_acid,0.1,8.0,CV,4,0.0157173171204996,0.0254757158850401,0.106319557049833,-0.0077772115070341,0.1,1.4,-6.023431911984164e-06,0.0092029745816799,-0.0101997415053726,0.106319557049833,0.0200400801603206,0.1823647294589178,0.0143951468863869,0.1014635351765419,0.9117647058823536,val,2
dopamine,5.0,7.5,CV,2,0.1885347011001137,0.8113544179628236,3.718806835363549,-2.0571890204064096,0.1,1.4,-3.480662882613578e-05,0.2465584181925573,-0.2767150611197158,3.718806835363549,0.1659318637274549,0.1150300601202405,0.3287108729449552,3.702636713969254,0.7826086956521753,val,0
glucose,0.2,8.0,CV,6,0.0229813486054237,0.0314197743355086,0.1253812014643769,-0.009976526945942,0.1,1.4,1.256264470225104e-05,0.0166428525748266,-0.0113245628880746,0.1253812014643769,0.4829659318637275,0.2300601202404808,0.0203285744282479,0.1171180470570208,0.822222222222221,val,3
glucose,10.0,8.0,CV,7,0.5323491263010897,0.8946720426716541,3.374630136622465,-0.3956830592369439,0.1,1.4,-0.0001609220169842,0.2843099332769619,-0.2359577983770679,3.374630136622465,0.4521042084168337,0.2356713426853707,0.5856915758394965,3.2737129253872803,0.8260869565217396,val,3
dopamine,2.0,7.0,CV,4,0.091993702746668,0.390822298219724,1.7742339093226376,-0.944924995562992,0.1,1.4,-0.0001069791815979,0.1272099308787493,-0.1267031078910352,1.7742339093226376,0.1995991983967936,0.1150300601202405,0.158957335313456,1.7656675867139853,0.9523809523809534,val,0
uric_acid,0.1,8.0,CV,2,0.0112858789387874,0.0195703138686814,0.0911310695385812,-0.0056114711375802,0.1,1.4,1.7363704549095094e-06,0.0057734147758148,-0.0068484922731286,0.0911310695385812,0.2949899799599198,0.1486973947895791,0.0099402417974707,0.0869431280220679,0.7096774193548377,val,1
uric_acid,0.1,7.0,CV,6,0.0111638882604407,0.0190933375807956,0.0857442006757951,-0.0063398239434751,0.1,1.4,8.227005678763904e-06,0.0092425457807758,-0.0069364287532327,0.0857442006757951,0.342685370741483,0.1571142284569138,0.0100858079821032,0.0816545922834147,0.6969696969696967,val,1
glucose,0.2,8.0,CV,3,0.0232133743740237,0.0316932269600501,0.1216778006025675,-0.0104877562764888,0.1,1.4,-3.7094026109885176e-05,0.0112405662906282,-0.0208984907367255,0.1216778006025675,0.4577154308617234,0.227254509018036,0.0203840508799669,0.1135038716992329,0.7608695652173915,val,3
uric_acid,1.0,6.5,CV,3,0.0796726249293987,0.1784847571820958,0.7863729424020511,-0.0831549103558539,0.1,1.4,-0.0001958327156743,0.0572418749633978,-0.1041304425711259,0.7863729424020511,0.3707414829659319,0.1486973947895792,0.0904128889663095,0.773899434149356,0.7666666666666679,val,1
aluminum,2.0,8.0,CV,3,0.1045481122196049,0.3340178711930454,1.3464767729957705,-0.6850245035983914,0.1,1.4,-0.0004470448016864,0.1094504709144839,-0.2015024852385953,1.3464767729957705,-0.294188376753507,0.1599198396793587,0.1666098224652827,1.3305133226639527,0.8999999999999997,val,5
ascorbic_acid,0.5,8.0,CV,0,0.0640066524069777,0.1220513783369377,0.5187446034172556,-0.05905772910991,0.1,1.4,-1.583305194947454e-06,0.036508260861967,-0.0427809877031709,0.5187446034172556,0.0144288577154308,0.176753507014028,0.0675475696597227,0.5062694646782794,0.8529411764705892,val,2
aluminum,0.2,6.5,CV,4,0.0134070703485109,0.0377613980611971,0.1482670093510361,-0.0752128424496895,0.1,1.4,-2.2249623323256207e-05,0.0124813681459606,-0.0136828777400842,0.1482670093510361,-0.3278557114228457,0.1767535070140281,0.0200250601038991,0.1448257189375874,0.7999999999999996,val,5
uric_acid,10.0,7.0,CV,9,0.4627135020773313,1.080961550492946,4.6444805351276255,-0.4789732193930368,0.1,1.4,-0.0002110525980048,0.3399537317432862,-0.3113547554145667,4.6444805351276255,0.3370741482965932,0.1543086172344689,0.5626295797445097,4.586120036496856,0.617647058823529,val,1
aluminum,0.2,6.0,CV,3,0.013625799921837,0.0374813798393358,0.1479178781471807,-0.0758744353255206,0.1,1.4,-5.520108739322749e-05,0.0124200330753981,-0.0228136492120379,0.1479178781471807,-0.3278557114228457,0.176753507014028,0.0198463059139584,0.1444202688389873,0.8529411764705881,val,5
aluminum,5.0,6.5,CV,6,0.2087227672203012,0.6845311355180314,2.681442877693675,-1.3932096346485816,0.1,1.4,-2.9180344596475725e-05,0.3459036182020195,-0.3334177047845764,2.681442877693675,-0.3110220440881763,0.1711422845691382,0.3503971086322675,2.6461062222656224,0.8484848484848483,val,5
aluminum,0.5,6.5,CV,1,0.0293215354909588,0.09239244215613,0.3553005042427711,-0.1943424772750392,0.1,1.4,-2.1281357247418573e-05,0.0256303204041186,-0.0345425073935681,0.3553005042427711,-0.3362725450901803,0.1795591182364729,0.0491158422687321,0.3502306318924139,0.6842105263157894,val,5
glucose,2.0,7.5,CV,4,0.1692191314902845,0.272989679159063,0.9950145007377786,-0.1210878458901806,0.1,1.4,-9.465238323501328e-05,0.0890538028887961,-0.1124779299245338,0.9950145007377786,0.4997995991983969,0.2412825651302605,0.1803154662187351,0.9547789563989556,0.7199999999999988,val,3
dopamine,0.5,6.0,CV,3,0.0277745159023908,0.1056392747976494,0.4779803601899593,-0.2494034597059442,0.1,1.4,-0.0001005501021208,0.0371367808746454,-0.0541706128427604,0.4779803601899593,0.2613226452905811,0.1122244488977955,0.0418864782811368,0.4723830948652064,0.8181818181818203,val,0
uric_acid,1.0,6.5,CV,2,0.0782929766804366,0.1790040633498122,0.7921125384256628,-0.0755694631046099,0.1,1.4,-6.616184988666275e-06,0.0635562689589949,-0.060291061500996,0.7921125384256628,0.3763527054108216,0.151503006012024,0.0917936040380176,0.7814470639435772,0.862068965517243,val,1
uric_acid,1.0,7.0,CV,7,0.0778387552847327,0.1809744491065869,0.8000346047599501,-0.0717350036364105,0.1,1.4,-2.7418052612950828e-05,0.0524453365165492,-0.0495785895763995,0.8000346047599501,0.3595190380761522,0.1402805611222445,0.0886862764421373,0.7925118804212652,0.9230769230769234,val,1
ascorbic_acid,0.5,7.5,CV,9,0.0642821293900069,0.1205658805269136,0.4814089116659314,-0.0460437463221885,0.1,1.4,-2.2611336473297992e-05,0.0455593941732563,-0.0369826864865761,0.4814089116659314,0.0228456913827654,0.1991983967935872,0.072123467718524,0.4674850113242014,0.6904761904761892,val,2
ascorbic_acid,0.2,7.5,CV,8,0.0278602594896623,0.0496835377223086,0.2013611481267135,-0.0163449032553776,0.1,1.4,5.8492111077029226e-06,0.0150605687544069,-0.0160873906804771,0.2013611481267135,0.0256513026052104,0.1907815631262525,0.0288482019152461,0.1945428142444124,0.7,val,2
copper,5.0,8.0,CV,5,0.1561712881778158,0.9443040636283692,4.110330997076719,-3.012779770463168,0.1,1.4,-6.475650699815979e-05,0.3267152016127894,-0.2902856841810758,4.110330997076719,-0.0416833667334669,0.0953907815631263,0.3095149343870179,4.092091273448896,0.8888888888888872,val,4
aluminum,0.5,8.0,CV,5,0.0301475053077671,0.0927159639341203,0.3736439067586742,-0.1870060902696316,0.1,1.4,-2.3793738552308477e-05,0.0283789187879961,-0.034383788681598,0.3736439067586742,-0.3054108216432865,0.1683366733466934,0.0475142058589702,0.3673738033903101,0.8750000000000009,val,5
copper,0.5,8.0,CV,5,0.0227539122387504,0.127104302934029,0.5552042343694421,-0.402919459623384,0.1,1.4,-6.32033849889857e-06,0.0440551710152406,-0.0391583975951721,0.5552042343694421,-0.0416833667334669,0.0953907815631263,0.0417061956051168,0.5513486015040122,0.8888888888888872,val,4
glucose,0.1,7.5,CV,8,0.0134597807943732,0.0158447793997714,0.0646690257693754,-0.0037832727082711,0.1,1.4,3.877712836578857e-06,0.0048365809159454,-0.0052393999629296,0.0646690257693754,0.4745490981963928,0.2300601202404809,0.0103176368043656,0.0586177788192058,0.8222222222222219,val,3
dopamine,1.0,8.0,CV,3,0.0531500960724087,0.2149340117234651,0.9804675154879652,-0.5397245934995331,0.1,1.4,-0.0002057728091327,0.0853442470296486,-0.1093423627541093,0.9804675154879652,0.1462925851703407,0.1150300601202405,0.087748103218276,0.9722070331470206,0.9523809523809534,val,0
ascorbic_acid,5.0,6.0,CV,6,0.4426512885659489,0.8741894912569077,3.522932293946074,-0.3860623992533959,0.1,1.4,0.0002525114450059,0.4262006426705524,-0.2747824689522211,3.522932293946074,0.0901803607214428,0.1879759519038075,0.5025998286071374,3.4554192235111167,0.7631578947368413,val,2
uric_acid,0.2,7.5,CV,4,0.0193600640083781,0.0384427206517816,0.1726719758440991,-0.0148767536388023,0.1,1.4,-9.841133857006538e-06,0.0115403804838914,-0.0146053858586892,0.1726719758440991,0.3286573146292585,0.1458917835671341,0.0193249897479041,0.1675995130157656,0.9999999999999984,val,1
dopamine,0.1,6.5,CV,0,0.0079626003353132,0.0219563844163188,0.1022794836282086,-0.0523873625226533,0.1,1.4,2.1312685594345154e-06,0.0079274736480054,-0.0077566090135134,0.1022794836282086,0.2276553106212424,0.1122244488977955,0.0087518317153756,0.0988747869523329,0.904761904761905,val,0
glucose,0.5,6.5,CV,7,0.048707706075826,0.0758991513710869,0.2774332787201907,-0.0306957758811013,0.1,1.4,-1.1321993956164286e-05,0.0245052025861485,-0.0203688950815344,0.2774332787201907,0.4829659318637275,0.2440881763527054,0.0508261616874943,0.2651909405444125,0.6730769230769229,val,3
ascorbic_acid,10.0,7.5,CV,8,0.7046963534343217,1.3997731900743746,5.594982835141032,-0.5106627646825003,0.1,1.4,8.737836231369034e-05,0.4200943540784574,-0.4467846217476272,5.594982835141032,0.0256513026052104,0.1907815631262525,0.8150195381006351,5.489963933073288,0.7,val,2
ascorbic_acid,0.5,8.0,CV,6,0.0645897108007581,0.1229815023329332,0.4923750286878119,-0.0527425639785295,0.1,1.4,3.798743552590697e-05,0.0600392818615152,-0.0386971338496033,0.4923750286878119,0.0116232464929859,0.1935871743486973,0.0722453562655962,0.4806163214432432,0.8648648648648647,val,2
glucose,0.1,7.0,CV,2,0.0134060697083261,0.0156812172154783,0.0630859052860547,-0.0040831299492745,0.1,1.4,1.8263537985650655e-06,0.0051121441454345,-0.0062727473882064,0.0630859052860547,0.4829659318637275,0.2412825651302604,0.0104843463342687,0.0569681353824254,0.8297872340425544,val,3
aluminum,10.0,6.0,CV,1,0.3171708060101209,1.062632402946327,4.108700980680969,-2.1914623163088143,0.1,1.4,-0.0003343805561293,0.2956332406216788,-0.5919751594362441,4.108700980680969,-0.3362725450901803,0.1683366733466934,0.5439225050731168,4.070022907172887,0.7647058823529412,val,5
dopamine,0.5,6.5,CV,6,0.0274871478359233,0.1067751363426314,0.4853947812756812,-0.2666010707063926,0.1,1.4,2.8404975106546765e-05,0.0436834121531031,-0.0331365702584196,0.4853947812756812,0.2332665330661323,0.1094188376753506,0.0418950840363647,0.4803608132918086,0.9499999999999972,val,0
aluminum,2.0,6.5,CV,7,0.099207014286886,0.3310508270687245,1.3140005300357651,-0.690513689253783,0.1,1.4,-0.0001627229692466,0.0993159650414574,-0.1835687657991964,1.3140005300357651,-0.3110220440881763,0.1599198396793587,0.1636812155652496,1.3038495873264777,0.7812500000000006,val,5
dopamine,2.0,7.0,CV,1,0.0900741521779999,0.3884719014455202,1.7459059591452306,-0.9709578524630692,0.1,1.4,2.454111131996914e-05,0.1238893989543214,-0.1099783119780959,1.7459059591452306,0.1995991983967936,0.1150300601202404,0.1575624737451115,1.7360799486930172,0.8636363636363648,val,0
dopamine,0.5,7.0,CV,5,0.0279559855361114,0.1081722653652723,0.489483649551806,-0.2717831677127217,0.1,1.4,-5.428233897988757e-06,0.0301327030519916,-0.0383067879745829,0.489483649551806,0.2024048096192384,0.1122244488977955,0.043041136789862,0.4838063598552216,0.904761904761905,val,0
aluminum,1.0,8.0,CV,0,0.0550337230772416,0.1807484985990854,0.6941449690328646,-0.4132401935269297,0.1,1.4,-3.863937286031077e-05,0.0524345006622787,-0.0601695917299197,0.6941449690328646,-0.3082164328657314,0.1739478957915831,0.0943773597577726,0.686129682897491,0.8235294117647052,val,5
ascorbic_acid,5.0,7.5,CV,3,0.4621816570268215,0.8931674040131098,3.5815651921898706,-0.3979746989971345,0.1,1.4,-0.0010494765703425,0.33175526409656,-0.5517241854079209,3.5815651921898706,0.0284569138276553,0.1851703406813627,0.5111536937050636,3.496371476600724,0.7837837837837843,val,2
copper,1.0,6.5,CV,9,0.0414711047548628,0.2373215017937578,1.0309723652631062,-0.7688305189802076,0.1,1.4,-3.689530705581565e-05,0.1023350215138126,-0.0612324796048706,1.0309723652631062,-0.0501002004008015,0.0981963927855711,0.0800916544338259,1.0259497115892593,0.8421052631578934,val,4
glucose,5.0,8.0,CV,0,0.345581070012079,0.5749161634483865,2.093047865928332,-0.2429986625764281,0.1,1.4,-1.8504270516938065e-05,0.1754952761811354,-0.2024975888160006,2.093047865928332,0.4464929859719438,0.2384769539078156,0.3803659813926168,2.026884222673433,0.6346153846153846,val,3
copper,2.0,6.5,CV,7,0.0718201255556797,0.4442684458746136,1.9238636689084456,-1.3742847371063185,0.1,1.4,-5.961729383994906e-05,0.1303166721637099,-0.1446918183291623,1.9238636689084456,-0.0529058116232464,0.0981963927855711,0.1506629021462785,1.9204969443156847,0.9444444444444446,val,4
aluminum,0.2,6.0,CV,5,0.0134437736230479,0.0373352009569604,0.1463490480738392,-0.0781749779337697,0.1,1.4,-1.5005149028766554e-05,0.0115016735326001,-0.0195676686398833,0.1463490480738392,-0.344689378757515,0.1711422845691382,0.0192012365069625,0.1427428936489133,0.648648648648649,val,5
aluminum,5.0,8.0,CV,4,0.2100369621469571,0.6939124751465804,2.682312253093809,-1.4566365263125425,0.1,1.4,-0.0003635583195004,0.2313344702729815,-0.2541253718054407,2.682312253093809,-0.3138276553106212,0.1599198396793587,0.3463355484937906,2.6533987996084494,0.7272727272727268,val,5
uric_acid,10.0,6.0,CV,1,0.4463764642942815,1.0622894898302733,4.586905685657596,-0.6030458004969699,0.1,1.4,7.040233356905734e-05,0.3366364308066442,-0.3235764480454767,4.586905685657596,0.3987975951903807,0.1486973947895792,0.5402934960109614,4.541838241062622,0.7666666666666656,val,1
ascorbic_acid,10.0,7.0,CV,1,0.6930941235675397,1.3701034015163376,5.356682831567164,-0.5674380523599106,0.1,1.4,9.58505207067657e-05,0.4635739038404775,-0.4436043561465108,5.356682831567164,0.0649298597194388,0.1879759519038075,0.7885456144313472,5.236899932233045,0.914285714285714,val,2
glucose,2.0,6.0,CV,2,0.1649063343899744,0.2704597826637674,1.0051484840163214,-0.1073345197062151,0.1,1.4,-1.2850800097845135e-05,0.0795380943738652,-0.1001823081778044,1.0051484840163214,0.4997995991983969,0.2328657314629258,0.1751902450569773,0.9690050173171966,0.6600000000000013,val,3
aluminum,10.0,8.0,CV,6,0.3252311364117039,1.0777352443396613,4.285898709836628,-2.311927203710366,0.1,1.4,9.460763400399324e-05,0.535623183939802,-0.3959341907514901,4.285898709836628,-0.3110220440881763,0.1655310621242484,0.5420661641899269,4.236352691183082,0.8437499999999992,val,5
aluminum,0.5,6.5,CV,5,0.0300015683278795,0.0916073050462357,0.3582929399602274,-0.1951918190177787,0.1,1.4,-3.5634003486633885e-05,0.0280343183059845,-0.0349231107373127,0.3582929399602274,-0.3054108216432865,0.1739478957915831,0.0476933219606965,0.3521743184914539,0.7222222222222215,val,5
ascorbic_acid,5.0,7.5,CV,9,0.4582348111672532,0.8951374167146683,3.5556009658713723,-0.3658811223861268,0.1,1.4,-0.0001849263947331,0.3368136504145902,-0.2732858220397539,3.5556009658713723,0.0228456913827654,0.1991983967935872,0.5365302576442812,3.475558815248196,0.6904761904761892,val,2
copper,1.0,7.0,CV,2,0.0409545566298373,0.2396900510989988,1.0679191679890545,-0.7471478458086628,0.1,1.4,-7.804125270101367e-06,0.0681836312477841,-0.0713670884862405,1.0679191679890545,-0.0529058116232464,0.0981963927855711,0.0808227345229797,1.0641137918575931,0.8421052631578941,val,4
glucose,10.0,6.5,CV,6,0.5280280391426714,0.8757310819035938,3.4075504699082617,-0.3183937938943595,0.1,1.4,0.0002636047815934,0.4451353587924866,-0.2805968087953536,3.4075504699082617,0.4829659318637275,0.2244488977955911,0.5541995400034007,3.293066059013041,0.5686274509803938,val,3
glucose,2.0,7.5,CV,2,0.1687355949607714,0.2752824557875066,1.0194217243075987,-0.1093464476493944,0.1,1.4,-1.313117967992332e-05,0.0853012010184047,-0.1019762747460611,1.0194217243075987,0.4829659318637275,0.2384769539078156,0.1809055282825428,0.9810694363302322,0.9767441860465113,val,3
uric_acid,0.2,6.5,CV,3,0.0193032076611193,0.0378216320220119,0.1696394472913887,-0.0158867042923928,0.1,1.4,-4.004617100480383e-05,0.012356846395045,-0.0224463980703202,0.1696394472913887,0.3707414829659319,0.1486973947895792,0.0192217558132534,0.1646041938677106,0.7666666666666679,val,1
ascorbic_acid,0.2,7.0,CV,5,0.0278198428849501,0.0493145122894101,0.1970252387445566,-0.0198601807830285,0.1,1.4,-1.7239668548858778e-06,0.0149076270539464,-0.0169324828685475,0.1970252387445566,0.0480961923847695,0.1851703406813627,0.0282178643605782,0.1902644767105935,0.7837837837837843,val,2
glucose,0.1,8.0,CV,0,0.0134804865425668,0.0158676057569744,0.0624362287689731,-0.0036616013657292,0.1,1.4,2.169811667886449e-06,0.0052331471823039,-0.0060437622277567,0.0624362287689731,0.4464929859719438,0.2384769539078156,0.0105762399173723,0.0564262401349716,0.6346153846153846,val,3
copper,0.1,7.0,CV,1,0.0060840921493834,0.0255658910687198,0.1143216420626699,-0.0763164546623564,0.1,1.4,4.205609276502734e-06,0.0084036474439323,-0.0073904751469161,0.1143216420626699,-0.0501002004008015,0.101002004008016,0.0088230286775289,0.1122462560633871,0.9999999999999978,val,4
dopamine,0.5,7.0,CV,2,0.0276624900530946,0.1080519226739838,0.4896478837443699,-0.2623624419411078,0.1,1.4,-2.222191286042251e-06,0.0285422695889197,-0.0376065988806883,0.4896478837443699,0.2164328657314629,0.1094188376753507,0.0426130241543721,0.4849606541375876,0.6250000000000004,val,0
dopamine,0.5,7.0,CV,3,0.0283987189813727,0.1084804763618183,0.5011136740856044,-0.2691580190752684,0.1,1.4,-0.0001031948005754,0.0281415049631892,-0.0555573158261056,0.5011136740856044,0.2024048096192384,0.1122244488977955,0.0433822077341308,0.4957025344601811,0.904761904761905,val,0
aluminum,0.5,7.5,CV,4,0.0299926680639727,0.0931145645727201,0.3622331792171255,-0.1928318653411769,0.1,1.4,-4.998629667800444e-05,0.0310242432214656,-0.0354316375291146,0.3622331792171255,-0.3138276553106212,0.1711422845691382,0.0484497325253389,0.3567687703418395,0.8484848484848483,val,5
copper,0.2,6.5,CV,7,0.0099682125757455,0.0507083953098777,0.2215587801995079,-0.154120141303671,0.1,1.4,-4.383166476483191e-06,0.0149545317852069,-0.0165950495482433,0.2215587801995079,-0.0529058116232464,0.0981963927855711,0.017225281820992,0.2195417804860477,0.9444444444444446,val,4
glucose,5.0,7.5,CV,9,0.3474605148022014,0.5704434759538775,2.104774790517816,-0.2390614373122147,0.1,1.4,-0.0001210753035743,0.2049095656382228,-0.1998180776125575,2.104774790517816,0.4857715430861723,0.2272545090180361,0.3642820733216636,2.0325073710915924,0.8409090909090918,val,3
ascorbic_acid,5.0,6.5,CV,6,0.4471218876915336,0.883821317782728,3.53310730314852,-0.3900153448477136,0.1,1.4,0.0002550549610436,0.4305420555311028,-0.2775481035400812,3.53310730314852,0.0789579158316633,0.1991983967935872,0.5284624800621408,3.464974566605981,0.9722222222222218,val,2
uric_acid,1.0,6.0,CV,5,0.0781520376391336,0.1770269162154432,0.7534928178182454,-0.0670678610977602,0.1,1.4,-1.2485267004566357e-05,0.0651386473532982,-0.0548163243836385,0.7534928178182454,0.4072144288577154,0.1571142284569138,0.0923656587911126,0.7419921220745701,1.0,val,1
ascorbic_acid,10.0,7.5,CV,2,0.7059148934125455,1.3948631668715168,5.766389839202981,-0.5529411352389334,0.1,1.4,-7.481009736047372e-05,0.4068641529204724,-0.49661886038625,5.766389839202981,0.0480961923847695,0.1795591182364729,0.7811671129730295,5.655857240771262,0.8823529411764698,val,2
uric_acid,5.0,7.0,CV,3,0.3014216899563307,0.6948893925503752,3.057751026180544,-0.3305661742818924,0.1,1.4,-0.0007680815959993,0.2170264011292423,-0.4041794814990893,3.057751026180544,0.3539078156312625,0.1402805611222446,0.3381139664132577,3.0154806037060853,0.9230769230769248,val,1
aluminum,10.0,6.5,CV,9,0.3260935159066275,1.0771834812734395,4.2921114037367785,-2.2373548177946088,0.1,1.4,-0.0005641783051838,0.3467742021518569,-0.5070442235435615,4.2921114037367785,-0.3222444889779559,0.1627254509018036,0.5369915440375347,4.248548905433521,0.8709677419354849,val,5
uric_acid,0.5,7.5,CV,0,0.0424979503685195,0.0943808921364987,0.4068001181120226,-0.0419354449408312,0.1,1.4,-4.090110288233265e-07,0.0333708349358573,-0.0305496244852786,0.4068001181120226,0.3314629258517034,0.1543086172344688,0.0490611627982319,0.4000020838711599,0.9642857142857164,val,1
uric_acid,2.0,7.5,CV,5,0.1467981074215436,0.3368815398481855,1.4556463682795318,-0.1386296399376622,0.1,1.4,-2.6394180663565662e-05,0.1286071081640281,-0.0856841962482594,1.4556463682795318,0.3090180360721443,0.1571142284569137,0.1766307742978315,1.4361132179849556,0.5555555555555555,val,1
copper,0.1,6.0,CV,1,0.0060433655699365,0.0253281380492543,0.1129458006357355,-0.075431697591514,0.1,1.4,4.191136884026494e-06,0.0080165191831997,-0.0074356816840881,0.1129458006357355,-0.064128256513026,0.0981963927855711,0.008594994575017,0.1109022273154285,0.7500000000000014,val,4
copper,10.0,7.5,CV,5,0.2406367731382357,1.4621127007311228,6.348420992934964,-4.644811697502705,0.1,1.4,-0.0001017790565424,0.5076584656728238,-0.461612954685328,6.348420992934964,-0.0416833667334669,0.101002004008016,0.4977629972900879,6.3209746096592445,0.8947368421052635,val,4
glucose,5.0,7.0,CV,9,0.34495919722688,0.567378987103833,2.111498757098148,-0.2376303366848515,0.1,1.4,-0.0001203490222719,0.2050952233818669,-0.2005741691776721,2.111498757098148,0.4857715430861723,0.230060120240481,0.3657998422033369,2.040433965145048,0.8636363636363632,val,3
glucose,5.0,7.0,CV,0,0.3407364498107212,0.5687091916464518,2.0332595920756558,-0.2404114023542591,0.1,1.4,-1.8253132208081332e-05,0.1733848620952111,-0.200115737733036,2.0332595920756558,0.5110220440881764,0.2356713426853708,0.373064155836861,1.9687057674969315,0.8260869565217389,val,3
aluminum,5.0,6.5,CV,2,0.2078340922675411,0.6868178291909949,2.7006951439128724,-1.4704712264678688,0.1,1.4,-0.0002587379781483,0.1965857968078731,-0.3034812181645065,2.7006951439128724,-0.3054108216432865,0.1655310621242485,0.3472921201506335,2.673319163485915,0.6388888888888884,val,5
copper,1.0,6.5,CV,1,0.0399518164083557,0.2375421782969484,1.0372049751455117,-0.7362859973905024,0.1,1.4,1.5584972605507293e-05,0.0765506715932888,-0.0685013772988817,1.0372049751455117,-0.0501002004008015,0.0981963927855711,0.0803766668950893,1.0329022591904198,0.8421052631578934,val,4
aluminum,0.1,6.5,CV,6,0.0077416667979847,0.0190044464758635,0.0760866450872957,-0.0359846033878783,0.1,1.4,2.0255484883131663e-06,0.0097828356328904,-0.0093019006939902,0.0760866450872957,-0.3110220440881763,0.1711422845691382,0.0096861779666892,0.0733855408588047,0.8484848484848483,val,5
dopamine,1.0,8.0,CV,9,0.0523677708661101,0.2145050273577227,0.9861489899091757,-0.5230052595401087,0.1,1.4,-3.440574323900192e-05,0.0608479233999572,-0.0731894317202169,0.9861489899091757,0.1462925851703407,0.1122244488977955,0.0856288599578135,0.9782666675717088,0.999999999999998,val,0
aluminum,0.1,7.0,CV,3,0.0078845221905443,0.0190783724913218,0.075988467814458,-0.0365948966934307,0.1,1.4,-2.4876641541057024e-05,0.0063844600782436,-0.0117083603878646,0.075988467814458,-0.294188376753507,0.1627254509018035,0.0095432971000675,0.0731773931252448,0.611111111111111,val,5
aluminum,10.0,6.5,CV,4,0.3239467439618287,1.0663320687721125,4.142725029988332,-2.1944204760428088,0.1,1.4,-0.0007007073965627,0.3494486545942802,-0.3817060793013451,4.142725029988332,-0.3278557114228457,0.1767535070140281,0.566835925154637,4.096077681680362,0.7999999999999996,val,5
uric_acid,1.0,8.0,CV,6,0.0805817577312688,0.1826594146242254,0.8256541512540639,-0.0754981958060459,0.1,1.4,5.269970112883634e-05,0.0851509847689033,-0.0589573092008841,0.8256541512540639,0.292184368737475,0.151503006012024,0.0935326159337656,0.8132874571720908,0.6875000000000008,val,1
ascorbic_acid,1.0,6.5,CV,3,0.1197009226949071,0.2272867300375552,0.9232214631672208,-0.099922461715739,0.1,1.4,-0.0002653165367293,0.0880286624297708,-0.1405631110225672,0.9232214631672208,0.0789579158316633,0.1963927855711423,0.1353649994250765,0.8988113274252455,0.9444444444444446,val,2
uric_acid,1.0,6.5,CV,7,0.077162975289377,0.1792961101072979,0.7887170191493479,-0.0706518996779326,0.1,1.4,-2.714700248490871e-05,0.0552502159723163,-0.0521890441905639,0.7887170191493479,0.3735470941883767,0.151503006012024,0.0923121882520308,0.7812748175849924,0.8000000000000005,val,1
aluminum,5.0,8.0,CV,6,0.2097912000704802,0.6928232370882458,2.755810946667319,-1.4852292585544398,0.1,1.4,6.186317384515267e-05,0.3443969132635577,-0.2545284418368592,2.755810946667319,-0.3110220440881763,0.1655310621242484,0.3483598981265118,2.722733084256554,0.8437499999999992,val,5
copper,2.0,6.5,CV,8,0.0738668396951691,0.4460031868130436,1.9557394886553343,-1.3979666739856038,0.1,1.4,2.420117765263788e-05,0.1521723956844991,-0.1227202375884938,1.9557394886553343,-0.0613226452905811,0.101002004008016,0.1526827475960067,1.94883622676938,0.7142857142857142,val,4
glucose,2.0,8.0,CV,1,0.1686570137520844,0.2778817545506785,1.0305912014704248,-0.1024000437682124,0.1,1.4,2.221544891412165e-05,0.0966694115594187,-0.0800077563293507,1.0305912014704248,0.4380761523046091,0.2384769539078156,0.1836067539339272,0.9966157202533068,0.5454545454545451,val,3
copper,0.1,7.5,CV,8,0.0061753989400523,0.0258914276709556,0.1152960912238412,-0.0776402812358056,0.1,1.4,4.0716830620522815e-06,0.0081805476759326,-0.0078110145511079,0.1152960912238412,-0.038877755511022,0.101002004008016,0.0089033362830308,0.1130771290585078,0.8947368421052635,val,4
glucose,10.0,7.0,CV,7,0.5248486294350853,0.8834352359121908,3.2071644204242498,-0.3928727864738678,0.1,1.4,-0.0001589882118592,0.2807296769837555,-0.2331709878027542,3.2071644204242498,0.4521042084168337,0.2328657314629258,0.5722189972959535,3.106766206298847,0.4561403508771939,val,3
glucose,1.0,7.0,CV,3,0.0930730151945931,0.1479486738704856,0.5410972289326548,-0.0569035117111334,0.1,1.4,-0.0001772840310455,0.0509886150003975,-0.0944047529497036,0.5410972289326548,0.4829659318637275,0.2356713426853708,0.0971992597348543,0.5193848832292348,0.866666666666667,val,3
aluminum,0.2,6.0,CV,7,0.0130751831861664,0.0376150939340191,0.1486174481287004,-0.0779722279911784,0.1,1.4,-1.8191468492867448e-05,0.0113937583095877,-0.0168430852684905,0.1486174481287004,-0.3110220440881763,0.1627254509018036,0.0187636487034183,0.1458411214418897,0.6571428571428576,val,5
dopamine,0.2,6.5,CV,3,0.013277135656531,0.0437671564670048,0.2060471431404437,-0.1077844151561239,0.1,1.4,-4.043189885432599e-05,0.0142979909495441,-0.022648647955844,0.2060471431404437,0.2248496993987976,0.1122244488977955,0.0174456220629266,0.201822371565497,0.8181818181818203,val,0
dopamine,0.1,6.0,CV,1,0.0078834892926376,0.0216756790478747,0.102955961063527,-0.052740985308412,0.1,1.4,4.059247034672381e-06,0.0067065707778005,-0.0070935415611399,0.102955961063527,0.2585170340681363,0.1094188376753507,0.0085269193909408,0.0994142841385845,0.9499999999999992,val,0
dopamine,10.0,7.5,CV,0,0.2880066826552439,1.262247219298051,5.712205752607131,-3.209904921099861,0.1,1.4,-3.481330330108179e-05,0.4214382586899736,-0.4795256370373343,5.712205752607131,0.1575150300601202,0.1122244488977955,0.5037498375045193,5.695300322577968,0.5384615384615383,val,0
glucose,5.0,8.0,CV,2,0.3476224842923142,0.5738222104942877,2.0920917381612467,-0.2327435032329592,0.1,1.4,-3.0327627987860887e-05,0.1808156493464129,-0.2120051617589902,2.0920917381612467,0.4549098196392785,0.2440881763527054,0.3828536698846624,2.0161231887570867,0.8124999999999993,val,3
dopamine,0.5,6.5,CV,7,0.0267733042731932,0.1075650801778685,0.4851290474234717,-0.2566814141671649,0.1,1.4,-1.29796583758707e-05,0.0331115138552471,-0.0432377553519523,0.4851290474234717,0.2220440881763526,0.1094188376753506,0.0423504743510035,0.481728404226321,0.6956521739130435,val,0
uric_acid,0.2,6.0,CV,8,0.0188280797614754,0.0376302618020027,0.1691998577793756,-0.0121774843674261,0.1,1.4,5.001224263792454e-06,0.0107633244558108,-0.0116271795280884,0.1691998577793756,0.4072144288577154,0.1458917835671344,0.0189997057251705,0.1643928178660587,0.9999999999999984,val,1
aluminum,0.2,8.0,CV,1,0.0132413447854114,0.0383292574018494,0.1520173781807466,-0.0815213475475339,0.1,1.4,-2.120246430982019e-06,0.0102761764303016,-0.0195548856297931,0.1520173781807466,-0.2969939879759519,0.1627254509018036,0.0190762203232063,0.1487874713724961,0.8709677419354837,val,5
dopamine,10.0,8.0,CV,1,0.2906825464845244,1.2833958771403693,5.770243829447664,-3.3257068483738936,0.1,1.4,7.448777760856728e-05,0.3569816312794242,-0.4210940526235947,5.770243829447664,0.1519038076152304,0.1150300601202405,0.5180079449006622,5.743841168432388,0.8636363636363632,val,0
glucose,0.5,7.5,CV,7,0.0493940073356524,0.0768364103130812,0.2911534862495552,-0.0309923197549039,0.1,1.4,-1.1484696171188184e-05,0.0247999619379256,-0.0206033655808749,0.2911534862495552,0.4521042084168337,0.230060120240481,0.0494928022719824,0.2782852611540266,0.5769230769230774,val,3
aluminum,0.5,7.5,CV,5,0.0301350871533173,0.092467918638542,0.3703732712104765,-0.1904073297742285,0.1,1.4,-2.7238648251823226e-05,0.0282647743986158,-0.0538155068360107,0.3703732712104765,-0.3054108216432865,0.1711422845691382,0.0476853915572604,0.3640512119253277,0.9677419354838716,val,5
uric_acid,1.0,7.5,CV,9,0.0803111301153715,0.1818130619893859,0.8064353931817598,-0.0771531443958639,0.1,1.4,-3.327389569162341e-05,0.0573440981908027,-0.0525067337195393,0.8064353931817598,0.3258517034068136,0.1486973947895792,0.0920019841419074,0.7937557455719974,0.8928571428571412,val,1
glucose,0.1,6.0,CV,0,0.0131949909088056,0.015604191256146,0.0622423547992458,-0.0035587298179193,0.1,1.4,2.181644325473254e-06,0.0051341090023472,-0.0059314887158704,0.0622423547992458,0.5306613226452906,0.2412825651302605,0.0104977850364247,0.0563986746538226,0.999999999999998,val,3
copper,10.0,6.5,CV,6,0.2360734262485632,1.4421204216047503,6.241207792126922,-4.5207374889310925,0.1,1.4,0.0003287488798506,0.5563268833436438,-0.4318645059102612,6.241207792126922,-0.0613226452905811,0.0981963927855711,0.4868276993368213,6.21638178528516,0.6666666666666666,val,4
aluminum,0.5,7.5,CV,6,0.0299595898435361,0.0929971516917135,0.3710181736390348,-0.1947492017859307,0.1,1.4,7.273090681966285e-06,0.0465772291526504,-0.0442531438286518,0.3710181736390348,-0.3110220440881763,0.1711422845691382,0.0476436440931107,0.3648151800751954,0.9062499999999996,val,5
dopamine,0.1,6.5,CV,7,0.0079014498484226,0.0221406167843828,0.1024584180657863,-0.0506408166210843,0.1,1.4,-5.276128692951092e-07,0.0069041276584766,-0.0090198595486306,0.1024584180657863,0.2220440881763526,0.1094188376753506,0.0087281353543956,0.0993522854099441,0.6956521739130435,val,0
ascorbic_acid,0.1,6.5,CV,1,0.0151946537005694,0.0242692467733307,0.1013101820819463,-0.0085466071445977,0.1,1.4,4.503014543815465e-06,0.0084641121488452,-0.008147283983131,0.1013101820819463,0.0845691382765531,0.176753507014028,0.0133500633594955,0.0962170388763492,0.8,val,2
aluminum,2.0,7.5,CV,4,0.1023888647274066,0.3339753884063296,1.2949091669684905,-0.6988493463964331,0.1,1.4,-0.0001861625379138,0.1109824248725734,-0.1270509080310987,1.2949091669684905,-0.3138276553106212,0.1711422845691382,0.1738889997372934,1.2801484644576235,0.8484848484848483,val,5
ascorbic_acid,0.1,7.0,CV,3,0.0156331946488629,0.0246408938136119,0.0988156133876272,-0.0093581061700975,0.1,1.4,-2.704633789692322e-05,0.0096047527722253,-0.0156301550607519,0.0988156133876272,0.0789579158316633,0.2020040080160321,0.0148744735805439,0.0935364816557741,0.6744186046511629,val,2
dopamine,1.0,7.5,CV,9,0.0517586939260886,0.2117977033902391,0.9816196489655584,-0.5313846450719928,0.1,1.4,-3.395667295210115e-05,0.0623502859750487,-0.0678358975558622,0.9816196489655584,0.1687374749498997,0.1122244488977955,0.0847660248224994,0.9737294015153872,0.818181818181817,val,0
aluminum,10.0,6.0,CV,8,0.3206875029920816,1.064239802511545,4.061049394817239,-2.255648222731824,0.1,1.4,-0.0003413746819083,0.3254279876956052,-0.4853708531146834,4.061049394817239,-0.3306613226452906,0.1739478957915831,0.5561653577095296,4.012459819666496,0.8787878787878786,val,5
glucose,5.0,7.5,CV,1,0.3427197974997372,0.5729547520392774,2.1005034821095805,-0.2140445935186535,0.1,1.4,4.268174122923865e-05,0.1985899900959192,-0.1643741360125913,2.1005034821095805,0.4689378757515029,0.2468937875751503,0.3875853528938122,2.035934071865644,0.7599999999999986,val,3
dopamine,0.5,6.5,CV,1,0.0269885627573788,0.1067964313909113,0.4918985880737179,-0.2641038236720452,0.1,1.4,8.817279805699483e-06,0.0350320409377457,-0.0332590625186331,0.4918985880737179,0.2360721442885771,0.1150300601202404,0.0433937611771051,0.4870078480656134,0.7826086956521736,val,0
dopamine,5.0,6.5,CV,9,0.1865073749272352,0.7970233014827731,3.658477564920816,-1.962630588740104,0.1,1.4,-0.0001352033854788,0.2426973554528337,-0.3325965850374762,3.658477564920816,0.2276553106212424,0.1094188376753506,0.3102483200306419,3.640136758255872,0.8571428571428567,val,0
uric_acid,2.0,6.5,CV,2,0.1432024547732305,0.3334614162513116,1.4722544157545336,-0.1425903957273989,0.1,1.4,-1.470614424568248e-05,0.1181913408165891,-0.1120534485410296,1.4722544157545336,0.3763527054108216,0.151503006012024,0.1709738562874042,1.4553246171633316,0.862068965517243,val,1
glucose,0.5,6.5,CV,8,0.0491709201676291,0.0762758732232676,0.2876664630705196,-0.0295783563391107,0.1,1.4,7.647874087275367e-06,0.022602487181508,-0.0231183266336284,0.2876664630705196,0.4745490981963928,0.2440881763527054,0.0513540827092768,0.2751549735661254,0.5535714285714288,val,3
copper,0.1,6.0,CV,6,0.006158275833408,0.0256151392686683,0.1143222043860315,-0.0765255219968052,0.1,1.4,8.70556646621619e-06,0.0100593796148575,-0.0075609647764888,0.1143222043860315,-0.0613226452905811,0.101002004008016,0.0088331999415059,0.1121337503524348,0.8947368421052625,val,4
ascorbic_acid,1.0,7.5,CV,8,0.1199468028834935,0.2333635116150349,0.9351872279926068,-0.0835990340617888,0.1,1.4,1.6941612632327517e-05,0.0701672062134614,-0.0746856534107016,0.9351872279926068,0.0256513026052104,0.1907815631262525,0.1358892586174289,0.915422202242126,0.7,val,2
ascorbic_acid,5.0,6.5,CV,2,0.4459559573646555,0.8776274418165991,3.556582822894589,-0.3470780787242578,0.1,1.4,-4.612175817543385e-05,0.2667781850416155,-0.3130614880421852,3.556582822894589,0.0480961923847695,0.1935871743486974,0.5166405366914399,3.4882701511477965,0.5000000000000009,val,2
aluminum,0.1,7.5,CV,6,0.007768904295556,0.0191927419029294,0.0778698763279513,-0.0379414690277367,0.1,1.4,3.81920207923562e-06,0.009759023452016,-0.0091593935458056,0.0778698763279513,-0.3110220440881763,0.1655310621242484,0.0095897458609914,0.0752011367175925,0.8437499999999992,val,5
glucose,5.0,7.0,CV,7,0.3388268087858845,0.567889005900546,2.06339024255976,-0.251333350680238,0.1,1.4,-0.0001012861433034,0.1806092535272399,-0.150016417194846,2.06339024255976,0.4521042084168337,0.2328657314629258,0.3677926507924581,1.997006702505395,0.4561403508771939,val,3
copper,0.5,7.0,CV,2,0.0222258363094689,0.1244428485086699,0.5555602710730626,-0.3864395283981621,0.1,1.4,-2.713831750268292e-06,0.0354301032927166,-0.037095160574698,0.5555602710730626,-0.0529058116232464,0.0981963927855711,0.0419898838721319,0.5528188608746741,0.8421052631578941,val,4
aluminum,0.5,6.0,CV,3,0.0303909472424775,0.0915714594394275,0.3590476146210346,-0.1893115751978148,0.1,1.4,-0.0001382190887651,0.0301308037616994,-0.0554115249744713,0.3590476146210346,-0.3278557114228457,0.176753507014028,0.0486030473864906,0.3533984258739731,0.8529411764705881,val,5
copper,5.0,6.5,CV,9,0.1542448462742026,0.9154629597269188,3.97045117447534,-2.9742886894098595,0.1,1.4,-0.0001500908472868,0.3943634581912787,-0.2359620357361533,3.97045117447534,-0.0501002004008015,0.0981963927855711,0.3088766550794364,3.956591322477288,0.8421052631578934,val,4
ascorbic_acid,2.0,7.0,CV,4,0.219716578551858,0.4328194070829811,1.7041321479399028,-0.1774931072735161,0.1,1.4,-0.0001432326971973,0.1411735030012203,-0.1685398197545523,1.7041321479399028,0.0537074148296593,0.1851703406813626,0.2482641884986757,1.6689270269800327,0.8333333333333337,val,2
ascorbic_acid,2.0,6.5,CV,5,0.2182197214636808,0.4266706572643525,1.6964364945361905,-0.1847202019629834,0.1,1.4,-3.591352644661949e-05,0.1249923830424195,-0.1446561703613292,1.6964364945361905,0.0761523046092184,0.1879759519038075,0.247508074885725,1.6624429545643509,0.914285714285714,val,2
aluminum,0.1,8.0,CV,2,0.0077457982575732,0.0193170716287024,0.0798692097038092,-0.0385831104598765,0.1,1.4,-2.0300652210457925e-06,0.0056293470642422,-0.0094714554636467,0.0798692097038092,-0.3054108216432865,0.1655310621242484,0.0097466257915344,0.0774186595709532,0.9666666666666668,val,5
glucose,10.0,7.5,CV,8,0.5340194674738341,0.8915781823605142,3.3633683696578256,-0.3837436501499958,0.1,1.4,5.858847946873641e-05,0.2547191739139793,-0.2704427141093392,3.3633683696578256,0.4745490981963928,0.2300601202404809,0.5751656415900306,3.2551309575016085,0.8222222222222219,val,3
dopamine,1.0,6.0,CV,7,0.0482037991009747,0.2046036356446479,0.941859331632938,-0.5019338092697139,0.1,1.4,-2.7121450514162844e-05,0.0648425161432391,-0.0693409443972365,0.941859331632938,0.2557114228456913,0.1122244488977955,0.0818895372434579,0.9381856590519416,0.904761904761905,val,0
ascorbic_acid,5.0,8.0,CV,7,0.4532859232161356,0.9040635122613144,3.477191558861477,-0.3364712010763601,0.1,1.4,-0.0001574327450415,0.2629697154757595,-0.2647688717151921,3.477191558861477,0.0256513026052104,0.1823647294589179,0.5110326719751871,3.415298429961985,0.7105263157894741,val,2
ascorbic_acid,0.5,6.5,CV,7,0.0618321155059012,0.1182641682859024,0.4802200896231486,-0.0421570525933146,0.1,1.4,-1.8254335343357407e-05,0.0329970276568229,-0.0350732551642781,0.4802200896231486,0.0565130260521041,0.1907815631262525,0.0687551269329417,0.4697476940676772,0.5813953488372088,val,2
uric_acid,0.5,8.0,CV,9,0.0435017822961185,0.0952364842316606,0.4352619870497234,-0.0333313637025671,0.1,1.4,-1.6160118548765383e-05,0.0301388550614256,-0.027590921738388,0.4352619870497234,0.3006012024048096,0.1458917835671341,0.0478061375494925,0.4275421246599583,0.8571428571428561,val,1
copper,0.1,7.0,CV,6,0.0062002026984062,0.0258732925701483,0.1138236733491513,-0.0796777539953237,0.1,1.4,8.767193955513379e-06,0.0101645687981073,-0.0079079151769178,0.1138236733491513,-0.0529058116232464,0.0953907815631261,0.0086153795621379,0.1116340132142923,0.8888888888888892,val,4
ascorbic_acid,0.5,6.5,CV,5,0.0630133341447159,0.1190066211402764,0.4753276990679119,-0.0503309725628028,0.1,1.4,-8.043164451193574e-06,0.0350317278163731,-0.0405288464724455,0.4753276990679119,0.0761523046092184,0.1879759519038075,0.0689813873594585,0.463474603397262,0.914285714285714,val,2
uric_acid,5.0,6.5,CV,6,0.2942849878274949,0.6870056800735406,2.9849735658951504,-0.2962153489522748,0.1,1.4,0.0001896143795781,0.3188444771572527,-0.2584296598718974,2.9849735658951504,0.3847695390781563,0.1402805611222445,0.3345124754765005,2.9472480951759112,0.9230769230769234,val,1
uric_acid,5.0,6.5,CV,1,0.2906466136528424,0.687417215044508,2.9772961959283504,-0.3507219480636911,0.1,1.4,4.667515457848417e-05,0.2184768847332802,-0.2128892219204532,2.9772961959283504,0.3791583166332665,0.1543086172344691,0.3584648007013166,2.949761609814406,0.8965517241379295,val,1
glucose,5.0,7.5,CV,2,0.3452421175885635,0.5703485463677882,2.1066991267106143,-0.2313271359730364,0.1,1.4,-3.0130244944521088e-05,0.1763318813175814,-0.2107422360556675,2.1066991267106143,0.4829659318637275,0.2384769539078156,0.3746098671407821,2.0314088837754385,0.9767441860465113,val,3
copper,10.0,7.5,CV,1,0.2320181094266436,1.438979289448756,6.363224693751382,-4.471515094766366,0.1,1.4,8.012485249143502e-05,0.4660362897341705,-0.4107511636454344,6.363224693751382,-0.038877755511022,0.0925851703406812,0.46810521760535,6.347157654076146,0.8333333333333326,val,4
uric_acid,1.0,6.0,CV,3,0.0789742274058218,0.177003736166286,0.7962186308867895,-0.0754228529221232,0.1,1.4,-0.0001940452361164,0.0568575010724274,-0.1031932078435379,0.7962186308867895,0.3931863727454909,0.1571142284569138,0.0930626954683934,0.784514055525016,0.6969696969696967,val,1
dopamine,0.2,7.0,CV,4,0.0131600674210842,0.0445512042794137,0.205217594727407,-0.1052108665515523,0.1,1.4,-9.892698172871251e-06,0.0146199073424262,-0.0146648912994615,0.205217594727407,0.1995991983967936,0.1150300601202405,0.0181499727208993,0.2016555029723516,0.9523809523809534,val,0
copper,10.0,7.5,CV,9,0.2412102919387092,1.4391215418296466,6.288115599765993,-4.5370305917844735,0.1,1.4,-0.0002373976968259,0.6131611460518718,-0.4078066099646555,6.288115599765993,-0.0416833667334669,0.0981963927855711,0.4872164915252423,6.266783371961642,0.9444444444444456,val,4
uric_acid,1.0,7.5,CV,8,0.0795144397762846,0.1815253032837414,0.7984727938082308,-0.0695812385337676,0.1,1.4,1.3257769525814415e-05,0.0498100118303654,-0.0630516635140718,0.7984727938082308,0.3230460921843687,0.1430861723446892,0.0895729741700763,0.787781614766303,0.8214285714285724,val,1
aluminum,1.0,6.0,CV,0,0.0546705441714079,0.1778826116380806,0.6884600271663515,-0.395761396182253,0.1,1.4,-7.12505672731306e-05,0.0515892284728262,-0.0604239518139682,0.6884600271663515,-0.344689378757515,0.1599198396793587,0.0878274908677048,0.6801676551750109,0.628571428571429,val,5
dopamine,10.0,6.5,CV,6,0.2859721488729313,1.2348542240946652,5.5777594511135336,-3.1111550144421494,0.1,1.4,0.000296982402886,0.5021061158787938,-0.381733554366757,5.5777594511135336,0.2332665330661323,0.1094188376753506,0.4841559698567537,5.550406898127795,0.9499999999999972,val,0
dopamine,5.0,7.0,CV,4,0.1873448616642787,0.8096550746154063,3.671996499356869,-1.960579227795877,0.1,1.4,-0.0002244075948834,0.263390245060778,-0.262215998435129,3.671996499356869,0.1995991983967936,0.1150300601202405,0.3292782403725136,3.657473480035868,0.9523809523809534,val,0
uric_acid,10.0,7.5,CV,7,0.4561191952324113,1.096760396388278,4.875131342861821,-0.4411833247179014,0.1,1.4,-0.0001795832442394,0.3172139703913064,-0.2852239897571317,4.875131342861821,0.3230460921843687,0.1543086172344688,0.5702019501711356,4.844091083830764,0.8333333333333331,val,1
glucose,2.0,6.5,CV,7,0.1643637360147792,0.2723711006080657,0.9832604718047916,-0.1189535564184866,0.1,1.4,-4.726173679283631e-05,0.086852774884759,-0.0721617329838682,0.9832604718047916,0.4829659318637275,0.2356713426853707,0.1779026280330171,0.950098739005548,0.7142857142857143,val,3
uric_acid,5.0,7.5,CV,3,0.3041161804526043,0.7007720089219525,3.2148529480393,-0.2933332427252709,0.1,1.4,-0.0007750420436166,0.2058283615989118,-0.4078290746916331,3.2148529480393,0.3230460921843687,0.1458917835671342,0.3507905290884634,3.1719947170930736,0.7931034482758614,val,1
copper,2.0,8.0,CV,1,0.0737381887587779,0.4486849069938157,2.006533705291962,-1.3792977913677524,0.1,1.4,2.6932420684653097e-05,0.1437776131572929,-0.1279381724745536,2.006533705291962,-0.0360721442885771,0.0981963927855711,0.151234744976492,1.99976286697254,0.842105263157898,val,4
copper,0.1,7.5,CV,5,0.00626146744582,0.026108440063913,0.1155102034995501,-0.0799315696130491,0.1,1.4,9.02772410979866e-07,0.0091496703092457,-0.0083356079585648,0.1155102034995501,-0.0416833667334669,0.101002004008016,0.0089276009215015,0.113326361667676,0.8947368421052635,val,4
glucose,5.0,8.0,CV,6,0.3484120433652521,0.5721252492715161,2.1915858620186555,-0.2070235052197834,0.1,1.4,0.0001736269357928,0.2915562300907293,-0.1988387668236605,2.1915858620186555,0.4829659318637275,0.2328657314629257,0.3711000879071785,2.1130092484668928,0.8043478260869551,val,3
ascorbic_acid,2.0,6.0,CV,6,0.2152447684059192,0.4220245782497219,1.7023742350997786,-0.1855623806573623,0.1,1.4,0.0001234700868121,0.2059457656888812,-0.132776132502911,1.7023742350997786,0.0901803607214428,0.1879759519038075,0.2426251059911114,1.668186284485889,0.7631578947368413,val,2
ascorbic_acid,1.0,8.0,CV,7,0.1197350133675284,0.2344606817754752,0.9038105631004624,-0.0851773235532788,0.1,1.4,-3.8843403469847885e-05,0.0683289282619232,-0.0687801542215263,0.9038105631004624,0.0256513026052104,0.1823647294589179,0.1325176991852447,0.8856500944089152,0.7105263157894741,val,2
copper,10.0,6.0,CV,9,0.2376365409447483,1.4166263395444507,6.152797542458767,-4.5843711916945855,0.1,1.4,-0.0002337010965358,0.6010779018071803,-0.3827301522224757,6.152797542458767,-0.0613226452905811,0.0981963927855711,0.4779827462183952,6.1317675017090485,0.8421052631578941,val,4
dopamine,1.0,7.0,CV,0,0.0499047608992714,0.2077401218073895,0.9314840837485104,-0.5013374404549673,0.1,1.4,-3.404182949542048e-06,0.0834053687931133,-0.0829242685944268,0.9314840837485104,0.1995991983967936,0.1122244488977955,0.0829141695090372,0.926574675999081,0.904761904761905,val,0
copper,5.0,8.0,CV,2,0.1537630358691119,0.9337231719820512,4.088504441260595,-2.9229526090939157,0.1,1.4,-3.844959609561102e-05,0.2928718808829795,-0.274619112220123,4.088504441260595,-0.0444889779559117,0.101002004008016,0.3205365269759128,4.078909161043411,0.7142857142857151,val,4
copper,0.2,6.5,CV,3,0.0105705410917334,0.050887364733751,0.2197697651706567,-0.1562727919917738,0.1,1.4,-4.486858470915903e-05,0.0136872214622718,-0.0249749492777651,0.2197697651706567,-0.0472945891783567,0.101002004008016,0.017407529743752,0.2166910663474283,0.7999999999999996,val,4
ascorbic_acid,0.5,6.5,CV,2,0.062626629438725,0.1181662757642235,0.4816739133301133,-0.0435243376609442,0.1,1.4,-3.8189366951021376e-06,0.036061330902405,-0.0423932839040804,0.4816739133301133,0.0480961923847695,0.1935871743486974,0.0695205104568664,0.4697358158439383,0.5000000000000009,val,2
uric_acid,2.0,6.5,CV,0,0.1421235156614306,0.3330773410347444,1.4761692108595623,-0.1592831523862206,0.1,1.4,-8.457200593391944e-06,0.0957201851980557,-0.1070296007504701,1.4761692108595623,0.3847695390781563,0.151503006012024,0.1714608979156105,1.460685981991831,0.928571428571426,val,1
glucose,0.5,6.0,CV,7,0.0483352922478817,0.0754508711236896,0.2756879912003784,-0.0305223172848352,0.1,1.4,-1.1241950924705076e-05,0.0243633473927648,-0.0202535449029754,0.2756879912003784,0.5138276553106212,0.2384769539078157,0.049757170080039,0.2636918548136847,0.9318181818181815,val,3
aluminum,1.0,7.0,CV,4,0.0557763398297989,0.178520816848677,0.6914302156912077,-0.3685056052137071,0.1,1.4,-0.0001061452815095,0.0590784384810472,-0.0745950411259718,0.6914302156912077,-0.3138276553106212,0.1739478957915832,0.0939284670953455,0.6823341615844662,0.9375000000000002,val,5
copper,2.0,7.5,CV,6,0.075374582675105,0.4520388075073442,1.9205889905544695,-1.4526632863646451,0.1,1.4,0.0001050636271308,0.1745286094411797,-0.1365703847577799,1.9205889905544695,-0.0529058116232464,0.0981963927855711,0.152454772877504,1.911583965179008,0.6666666666666666,val,4
aluminum,0.5,8.0,CV,3,0.0305966680697344,0.0931313146218876,0.3767353779562552,-0.1889556953238848,0.1,1.4,-0.0001229800584179,0.0306280044271201,-0.0563539160932386,0.3767353779562552,-0.294188376753507,0.1599198396793587,0.0464343499982688,0.3709807362375231,0.8999999999999997,val,5
uric_acid,0.5,6.5,CV,4,0.0422424365304617,0.0922105598879432,0.4146397156191046,-0.0373121379502131,0.1,1.4,-2.7220969912828137e-05,0.0273953488927209,-0.0346617909076126,0.4146397156191046,0.3763527054108216,0.1458917835671344,0.0464015445551634,0.4069344081365088,0.9259259259259262,val,1
aluminum,0.5,6.0,CV,5,0.0299490791079725,0.0912058217411083,0.3553312069614017,-0.194896133459004,0.1,1.4,-4.064360424481468e-05,0.0279180561440479,-0.0477111357533326,0.3553312069614017,-0.344689378757515,0.1711422845691382,0.0469946653692959,0.3491900855366536,0.648648648648649,val,5
uric_acid,1.0,8.0,CV,5,0.080916069891721,0.1822043915779206,0.8222100818545434,-0.0744186056038388,0.1,1.4,-1.3043152811793948e-05,0.0589457795494424,-0.0494546244457201,0.8222100818545434,0.2977955911823647,0.1402805611222445,0.0892002390538616,0.8094932193754976,0.7857142857142864,val,1
uric_acid,10.0,7.0,CV,3,0.4672096208043663,1.0810356940037251,4.754782727141445,-0.5154804504357438,0.1,1.4,-0.0011959201031787,0.337466285715413,-0.628509379397097,4.754782727141445,0.3539078156312625,0.1402805611222446,0.525980256635143,4.690860948621598,0.9230769230769248,val,1
glucose,0.2,6.0,CV,6,0.0224118344312012,0.0308250797287103,0.122417107930702,-0.0097318907949869,0.1,1.4,1.235724635152938e-05,0.0162922673895521,-0.0098713174381014,0.122417107930702,0.4829659318637275,0.2272545090180362,0.0197479620437802,0.1143932940450051,0.4727272727272733,val,3
copper,0.2,7.5,CV,6,0.0103768292715737,0.0515944408828437,0.2211966680717557,-0.1631445267269806,0.1,1.4,1.4580843663944786e-05,0.0200876254000226,-0.0156548671282815,0.2211966680717557,-0.0529058116232464,0.0981963927855711,0.0174366998624989,0.2185983099916356,0.6666666666666666,val,4
dopamine,0.2,7.5,CV,3,0.013532554608046,0.0450306311204369,0.2109649984137023,-0.1082748868344254,0.1,1.4,-4.150826757630105e-05,0.0158001764166854,-0.0232130237225162,0.2109649984137023,0.1771543086172344,0.1122244488977955,0.0180720844859321,0.2066931081136145,0.999999999999998,val,0
aluminum,0.2,7.5,CV,4,0.0134612530778343,0.0381207127487616,0.1492599221715383,-0.0772845665175357,0.1,1.4,-1.889093450604903e-05,0.0127660757578268,-0.0145107017451969,0.1492599221715383,-0.3138276553106212,0.1711422845691382,0.0197960058839392,0.1458591893917596,0.8484848484848483,val,5
glucose,5.0,8.0,CV,9,0.3498541762565469,0.5735928765914329,2.07818640332363,-0.2405243236891037,0.1,1.4,-0.0001218177160943,0.2048567091796234,-0.1989890324093527,2.07818640332363,0.4857715430861723,0.2384769539078156,0.3782547285953599,2.00398246326833,0.7708333333333343,val,3
uric_acid,0.2,7.0,CV,9,0.0192895402400229,0.0381419649725438,0.1675218456245719,-0.0146454176252936,0.1,1.4,-4.905904400159717e-06,0.0122483998455705,-0.0112077781808732,0.1675218456245719,0.3370741482965932,0.1515030060120241,0.01970349376254,0.1625040423976368,0.5882352941176473,val,1
ascorbic_acid,10.0,6.0,CV,4,0.6873931340797746,1.3682269399318483,5.441136887145544,-0.5623303906128475,0.1,1.4,-0.0004577820466509,0.4274930289905115,-0.5315311126678717,5.441136887145544,0.1070140280561122,0.1935871743486974,0.8079909918813609,5.334433608339496,0.8157894736842106,val,2
copper,0.2,6.0,CV,4,0.0102663602422292,0.050612257962786,0.2169978425693112,-0.1538344175407286,0.1,1.4,-1.0948628709827264e-05,0.0179972394411582,-0.0158834396496702,0.2169978425693112,-0.064128256513026,0.1038076152304609,0.0175302797411036,0.2143443504597755,0.7619047619047625,val,4
dopamine,0.2,7.0,CV,8,0.0130644647897436,0.0441605170701077,0.208239763660428,-0.1062867659497639,0.1,1.4,5.06822350592466e-06,0.0109249368324304,-0.0154309493398973,0.208239763660428,0.1967935871743487,0.1122244488977955,0.0176985918029101,0.2042335338039805,0.818181818181817,val,0
uric_acid,0.1,8.0,CV,7,0.011157639744517,0.0196252016254597,0.0895437997118722,-0.0053000406071451,0.1,1.4,-5.935872905066721e-07,0.0059537993786122,-0.0053434988980516,0.0895437997118722,0.3034068136272545,0.1486973947895791,0.0099888015941472,0.0856735578083257,0.9629629629629638,val,1
glucose,5.0,6.5,CV,2,0.3400988412145319,0.5635360733968772,2.089143231095981,-0.2285245478681656,0.1,1.4,-2.9739680021833983e-05,0.1680207430352105,-0.2082432651646988,2.089143231095981,0.4997995991983969,0.2384769539078156,0.3706018783329017,2.017164146980736,0.8478260869565225,val,3
uric_acid,1.0,7.0,CV,8,0.0788297248664471,0.18029268349333,0.7874433620977987,-0.0689350614053229,0.1,1.4,1.3164828030885076e-05,0.0568989003221664,-0.0622906495047766,0.7874433620977987,0.339879759519038,0.1458917835671341,0.0903123935214947,0.7767469821330063,0.6249999999999997,val,1
dopamine,0.1,8.0,CV,2,0.0082165312448327,0.0227404308662854,0.1033494382932962,-0.0541816970106397,0.1,1.4,1.718214292946038e-06,0.0071220082055719,-0.0081133337129768,0.1033494382932962,0.1462925851703407,0.1094188376753506,0.0089351976371806,0.0999857515656703,0.9500000000000012,val,0
uric_acid,0.1,7.5,CV,2,0.0112123549771145,0.0193996341415292,0.0868402254321268,-0.0055591922104605,0.1,1.4,1.7452742329398391e-06,0.0068523380524876,-0.0067915227891197,0.0868402254321268,0.314629258517034,0.1571142284569138,0.0102072121639015,0.082690402716902,0.6969696969696967,val,1
dopamine,0.2,8.0,CV,9,0.0134958356973817,0.045554764814253,0.2120626272193194,-0.1085845833873222,0.1,1.4,-5.19636177578385e-06,0.013006091239222,-0.0156612934278688,0.2120626272193194,0.1462925851703407,0.1122244488977955,0.0182001464651564,0.2080160519976424,0.999999999999998,val,0
dopamine,0.2,7.5,CV,7,0.0129726812356076,0.0449234508392192,0.2075158865950244,-0.1067220219795604,0.1,1.4,-3.876465264350086e-06,0.0175446867523737,-0.0136286433027978,0.2075158865950244,0.1659318637274549,0.1122244488977955,0.0180749038774429,0.2042584231436133,0.7391304347826093,val,0
dopamine,10.0,7.5,CV,7,0.2845953384446573,1.2698304512354657,5.773765433307814,-3.0986712981459745,0.1,1.4,-0.0001831417996015,0.490660060631956,-0.38302471097768,5.773765433307814,0.1659318637274549,0.1122244488977955,0.5104244492690049,5.764587414683022,0.7391304347826093,val,0
aluminum,2.0,8.0,CV,9,0.1031062617703194,0.3384813462274401,1.33306788717354,-0.6984555132116684,0.1,1.4,-0.0001312098024273,0.1090118318941383,-0.12660140634913,1.33306788717354,-0.3054108216432865,0.1683366733466934,0.1733073378324927,1.3184843035265013,0.8750000000000009,val,5
aluminum,1.0,8.0,CV,7,0.0544620056385491,0.1797137869603384,0.7258470548854546,-0.3579339955370105,0.1,1.4,-6.349819177598461e-05,0.0540417971909352,-0.0766703338179752,0.7258470548854546,-0.3110220440881763,0.1655310621242485,0.0910520806732278,0.7192077598113262,0.787878787878788,val,5
uric_acid,5.0,7.5,CV,1,0.2958881096716347,0.6974685261736592,3.0586027070961843,-0.2545149489715646,0.1,1.4,4.747492187497679e-05,0.2224596650189316,-0.1958375786184494,3.0586027070961843,0.3258517034068136,0.151503006012024,0.3599165493349135,3.0307092199844257,0.8620689655172404,val,1
dopamine,2.0,6.0,CV,6,0.0896934301758935,0.3783763700791207,1.7516623147577632,-0.9324800504802574,0.1,1.4,9.304471169768904e-05,0.154014064513627,-0.1391039369941177,1.7516623147577632,0.2529058116232465,0.1094188376753507,0.1485221741933274,1.7412443340381225,0.8571428571428585,val,0
uric_acid,2.0,7.0,CV,0,0.1433910695621838,0.336082571821109,1.4667130944562956,-0.1607782605306061,0.1,1.4,-8.55961198168495e-06,0.1084954729425387,-0.1080027188533506,1.4667130944562956,0.3482965931863727,0.1515030060120239,0.1725007682652548,1.4507318523458403,0.8620689655172417,val,1
dopamine,2.0,7.0,CV,0,0.0903429109169927,0.3869091148049161,1.731972403592969,-0.9361929537067796,0.1,1.4,-8.740686052536416e-06,0.1551779864485147,-0.1542722013008542,1.731972403592969,0.1995991983967936,0.1122244488977955,0.154461078713162,1.7259399049868704,0.904761904761905,val,0
copper,0.5,6.5,CV,8,0.0220386913263546,0.1243525422423496,0.5469440317134313,-0.3875849712479762,0.1,1.4,8.788913918638689e-06,0.0424990254325554,-0.0342740128268629,0.5469440317134313,-0.0613226452905811,0.101002004008016,0.0426135839916117,0.5438786245750927,0.7142857142857142,val,4
ascorbic_acid,0.1,6.5,CV,3,0.0155073147752108,0.0243918017990308,0.1017800920834229,-0.009246255658152,0.1,1.4,-2.675206883930092e-05,0.0096797629186274,-0.0154758600486387,0.1017800920834229,0.0789579158316633,0.1963927855711423,0.0144989774408069,0.096442017830586,0.9444444444444446,val,2
glucose,10.0,7.5,CV,9,0.5382713808996049,0.8874196913084164,3.2715108093169465,-0.374380826804824,0.1,1.4,-0.0001897496794805,0.3185181394029593,-0.3106232912687868,3.2715108093169465,0.4857715430861723,0.2272545090180361,0.5667192928011744,3.1617639320754787,0.8409090909090918,val,3
uric_acid,0.1,6.0,CV,4,0.0110231584328623,0.0187048767925408,0.084712684963261,-0.0073670394108234,0.1,1.4,-3.5200545168365134e-06,0.0057738983993318,-0.0073108332987204,0.084712684963261,0.4044088176352706,0.1486973947895792,0.0095400559839451,0.0805260089300463,0.9629629629629624,val,1
uric_acid,1.0,8.0,CV,4,0.0806447698159092,0.1832402391867151,0.8124406350336943,-0.087748450039363,0.1,1.4,-5.637609905493566e-05,0.0539924727117467,-0.068306934477992,0.8124406350336943,0.3006012024048096,0.1458917835671342,0.0920237453641401,0.8012203807440542,0.7931034482758614,val,1
glucose,0.1,7.0,CV,5,0.01346323337578,0.0157896555931451,0.0627950673885255,-0.0021963935224349,0.1,1.4,1.201917770355102e-06,0.0059206069792919,-0.0067341173105682,0.0627950673885255,0.4829659318637275,0.2356713426853707,0.0103779485111506,0.0567169597421964,0.7872340425531927,val,3
dopamine,0.1,8.0,CV,4,0.0082495238429482,0.0230289158086787,0.1119379220777165,-0.0538346638139649,0.1,1.4,-3.84412927910173e-06,0.0060695398259489,-0.0097467806080696,0.1119379220777165,0.1462925851703407,0.1094188376753506,0.0091197963690209,0.108641494213899,0.9500000000000012,val,0
ascorbic_acid,1.0,8.0,CV,0,0.1204990956663799,0.2349698814447443,0.9959040793958936,-0.117921891782506,0.1,1.4,-5.620377166400791e-06,0.0700697144790854,-0.0821369580299388,0.9959040793958936,0.0144288577154308,0.176753507014028,0.1300578651672734,0.9745181605730852,0.8529411764705892,val,2
dopamine,0.2,8.0,CV,0,0.0132214626604632,0.045276940990376,0.2124664437315303,-0.1100481631537717,0.1,1.4,1.4373192505854475e-06,0.016555579400354,-0.0152626632398345,0.2124664437315303,0.1575150300601202,0.1066132264529058,0.0175403162465465,0.2088307760339977,0.583333333333333,val,0
aluminum,0.1,7.0,CV,5,0.0077910462094392,0.0189966333381805,0.0766979511748426,-0.0377762945398452,0.1,1.4,-4.234817804297343e-06,0.0059072091482916,-0.0072875797800627,0.0766979511748426,-0.3054108216432865,0.1683366733466934,0.0096334992078681,0.0739227288674783,0.8749999999999998,val,5
copper,0.1,8.0,CV,1,0.0061250985508091,0.0258063594616974,0.1175412930847338,-0.0764299996684066,0.1,1.4,4.218859244469388e-06,0.0083757046257587,-0.0074257564391672,0.1175412930847338,-0.0360721442885771,0.0981963927855711,0.0087293879631757,0.1154524191584892,0.842105263157898,val,4
copper,0.1,7.5,CV,6,0.0062213291642051,0.0260005319184439,0.1125494516872789,-0.0807017488841846,0.1,1.4,8.796009623954427e-06,0.0102137529635289,-0.0079243776854784,0.1125494516872789,-0.0529058116232464,0.0981963927855711,0.0088022206049137,0.1103365412279043,0.6666666666666666,val,4
uric_acid,0.1,7.5,CV,3,0.0113676217689344,0.0193179251458929,0.0923916498953694,-0.0064993514090418,0.1,1.4,-1.9549315675005066e-05,0.0059432010723001,-0.0116992180334475,0.0923916498953694,0.3230460921843687,0.1458917835671342,0.0097035790235872,0.0880545570701433,0.7931034482758614,val,1
copper,1.0,6.0,CV,7,0.0393068029137157,0.2373282675528056,1.0342917043623194,-0.7354231017568483,0.1,1.4,-3.056885623003296e-05,0.0717060044260079,-0.0791087446991588,1.0342917043623194,-0.0613226452905811,0.101002004008016,0.0819836964130856,1.031699340287061,0.8947368421052625,val,4
copper,0.1,7.5,CV,1,0.0061046573878652,0.0256860919021048,0.1157935916617355,-0.0767679611403726,0.1,1.4,4.212376251239173e-06,0.0083935247885515,-0.0074018175730035,0.1157935916617355,-0.038877755511022,0.0925851703406812,0.0083839770095009,0.1137122570419941,0.8333333333333326,val,4
copper,0.2,6.5,CV,6,0.0102933044376435,0.0510838384211732,0.223258008674344,-0.1572319651636757,0.1,1.4,1.4463830618103071e-05,0.0198879011071458,-0.015370026339,0.223258008674344,-0.0613226452905811,0.0981963927855711,0.0172853646768091,0.2206897876249813,0.6666666666666666,val,4
aluminum,0.5,8.0,CV,7,0.0292379823445151,0.0933079315557679,0.3776881753383352,-0.1844668633126854,0.1,1.4,-3.165620711056975e-05,0.0281191635574129,-0.0398250533032525,0.3776881753383352,-0.3110220440881763,0.1655310621242485,0.0472934978794375,0.3735856691657842,0.787878787878788,val,5
glucose,0.1,6.5,CV,8,0.0133169680520403,0.0157122293753343,0.0630917653103665,-0.0037320679027252,0.1,1.4,3.867680708328625e-06,0.0049022099109314,-0.0051096079594616,0.0630917653103665,0.4745490981963928,0.2412825651302604,0.0105646099794671,0.0571204069604453,0.5357142857142856,val,3
copper,2.0,8.0,CV,6,0.0757391751777982,0.4542536122768816,1.9345772928138736,-1.4526390045302793,0.1,1.4,0.0001055443045206,0.1753490560084286,-0.137886567213501,1.9345772928138736,-0.0360721442885771,0.101002004008016,0.155355883604489,1.9253071307722212,0.8000000000000024,val,4
copper,0.1,8.0,CV,6,0.0062423080021129,0.0261261709951658,0.1133263861047652,-0.0807003092388057,0.1,1.4,8.823616019826043e-06,0.0102608730761169,-0.0080053944275855,0.1133263861047652,-0.0360721442885771,0.101002004008016,0.008971572642662,0.1111155849620909,0.8000000000000024,val,4
uric_acid,0.1,8.0,CV,9,0.0113578977357904,0.019538307828001,0.0922979674695515,-0.0051818675950682,0.1,1.4,-1.216100669569009e-06,0.0063828196499307,-0.0058483058190348,0.0922979674695515,0.3006012024048096,0.1458917835671341,0.0098280803173323,0.0881290356970562,0.8571428571428561,val,1
uric_acid,2.0,6.0,CV,9,0.1430939730217801,0.3288794389836734,1.4338232393823225,-0.1245731507672796,0.1,1.4,-6.246518101412104e-05,0.1037525398362719,-0.095163628833907,1.4338232393823225,0.4100200400801602,0.1571142284569137,0.1728962144858415,1.415051606610984,0.9999999999999986,val,1
aluminum,0.1,6.0,CV,0,0.0076410833487348,0.0190458673314462,0.0750732001633001,-0.040010978951238,0.1,1.4,-5.141169572126414e-06,0.0056482348263987,-0.0064612470722999,0.0750732001633001,-0.344689378757515,0.1599198396793587,0.0093439395729067,0.0724666750660224,0.628571428571429,val,5
glucose,1.0,7.0,CV,8,0.0916880909578578,0.1477347900288174,0.5611319416411522,-0.0606240525124811,0.1,1.4,1.211326509754306e-05,0.0431581882773319,-0.0447605555462043,0.5611319416411522,0.4745490981963928,0.2356713426853707,0.0970113811298465,0.5405939851819416,0.6800000000000007,val,3
glucose,2.0,6.5,CV,0,0.1652822589295889,0.273037753849341,0.996870387280967,-0.1135764931142328,0.1,1.4,-7.323485370298227e-06,0.08339062162007,-0.0962557016387072,0.996870387280967,0.5110220440881764,0.2328657314629257,0.1775843930576738,0.9630837357149686,0.9302325581395338,val,3
uric_acid,0.1,7.5,CV,1,0.0111311514014128,0.0192278621099124,0.0879026111348542,-0.005785065883917,0.1,1.4,4.08938339554918e-06,0.0064029844116562,-0.0055735221846995,0.0879026111348542,0.3258517034068136,0.151503006012024,0.009941708017653,0.0838992310952493,0.8620689655172404,val,1
ascorbic_acid,5.0,8.0,CV,4,0.4608604282370669,0.9129673936326884,3.7114677049052873,-0.378689917780934,0.1,1.4,-0.0003054294642944,0.3224266781793393,-0.3557155818001474,3.7114677049052873,0.0200400801603206,0.1879759519038075,0.5280315827552333,3.6409199301946775,0.9705882352941184,val,2
uric_acid,5.0,6.0,CV,2,0.2907756943527145,0.6841681895765347,2.985695589334329,-0.3013445217103226,0.1,1.4,-3.309984860108627e-05,0.218930594597318,-0.2297427982270158,2.985695589334329,0.3931863727454909,0.1543086172344688,0.3553818185342449,2.953344514529235,0.6666666666666659,val,1
uric_acid,1.0,8.0,CV,7,0.0791904507027344,0.1843424520252655,0.8104176043345938,-0.0694463175671099,0.1,1.4,-2.7960452500884876e-05,0.0539290359744083,-0.0490082506889127,0.8104176043345938,0.3034068136272545,0.1486973947895791,0.0937214438842435,0.8020066037672762,0.9629629629629638,val,1
uric_acid,5.0,7.0,CV,4,0.2971768750147899,0.6933488660467149,3.028250854957356,-0.296965105908955,0.1,1.4,-0.0002207976286831,0.2048610414460618,-0.2580500820194759,3.028250854957356,0.3482965931863727,0.1486973947895792,0.352843641854745,2.9916230647108617,0.7666666666666656,val,1
uric_acid,0.1,6.5,CV,6,0.0110901552934992,0.0189344409231494,0.0859587138113846,-0.0060285446036899,0.1,1.4,8.182424481333122e-06,0.0091664521446482,-0.0073737874273764,0.0859587138113846,0.3847695390781563,0.1402805611222445,0.0092738332368026,0.0818469194583822,0.9230769230769234,val,1
glucose,0.2,6.0,CV,5,0.0224758345518938,0.0310795644142408,0.1184658981656329,-0.0078257319916612,0.1,1.4,-2.284477529973239e-07,0.0109153081702662,-0.0128692290149642,0.1184658981656329,0.5054108216432865,0.2468937875751504,0.0210912901608693,0.1107659721703815,0.7254901960784316,val,3
ascorbic_acid,2.0,6.0,CV,5,0.2160532730123754,0.4220479340556884,1.6556569454128507,-0.1828381286997036,0.1,1.4,-3.55232330259525e-05,0.1271517219920622,-0.1429875459975839,1.6556569454128507,0.0761523046092184,0.1963927855711423,0.2501384031645505,1.6191603060449713,0.5909090909090906,val,2
dopamine,2.0,7.0,CV,3,0.0940778233931962,0.3892520637461646,1.7892977947998316,-0.9730970951160556,0.1,1.4,-0.0003756848452148,0.1007148896569107,-0.1984328701916282,1.7892977947998316,0.2024048096192384,0.1122244488977955,0.1555911741413161,1.7775722999098535,0.904761904761905,val,0
glucose,1.0,7.0,CV,2,0.091822197371604,0.1469152138207073,0.5501965118616486,-0.0562834063992769,0.1,1.4,-5.736385358419499e-06,0.0448573791046679,-0.0546617959470287,0.5501965118616486,0.4829659318637275,0.2412825651302604,0.0974376725339434,0.5281408178724761,0.8297872340425544,val,3
ascorbic_acid,0.1,6.0,CV,6,0.0152112553021895,0.0243031971074152,0.1009574240775749,-0.0091966235589995,0.1,1.4,9.961484697291648e-06,0.0122030498253743,-0.0078631513669438,0.1009574240775749,0.0901803607214428,0.1879759519038075,0.0139157142709562,0.0959346919896707,0.7631578947368413,val,2
glucose,10.0,6.5,CV,4,0.5283574067978065,0.870259743352094,3.254469055443041,-0.3934176776896626,0.1,1.4,-0.000306540465045,0.2851913292962505,-0.3569976814441556,3.254469055443041,0.4997995991983969,0.2356713426853707,0.5662072856308494,3.142915016563593,0.9090909090909112,val,3
aluminum,10.0,7.5,CV,5,0.3271155019509506,1.0686304644568465,4.262117012442306,-2.2292574871646544,0.1,1.4,-0.0003439849646211,0.3252823264830757,-0.6210530285609466,4.262117012442306,-0.3054108216432865,0.1711422845691382,0.5525243476696509,4.214203127161389,0.9677419354838716,val,5
dopamine,0.5,6.0,CV,5,0.0273428286072211,0.1049643338084898,0.4828196980290183,-0.2469834695149807,0.1,1.4,-5.222800380361513e-06,0.0310759399361783,-0.0347985880462552,0.4828196980290183,0.2669338677354709,0.1150300601202404,0.0426356096616914,0.477190655807287,0.7083333333333346,test,0
ascorbic_acid,10.0,8.0,CV,4,0.7152279203036769,1.4201146114195935,5.771552360822691,-0.5906400356517341,0.1,1.4,-0.0004765186256558,0.5014116516637162,-0.5531532048257332,5.771552360822691,0.0200400801603206,0.1879759519038075,0.8214781911424779,5.664031850669524,0.9705882352941184,test,2
dopamine,5.0,8.0,CV,0,0.1885073086971344,0.8226692341327825,3.800828325577935,-2.053312133458586,0.1,1.4,-2.168072165974544e-05,0.297628782032014,-0.275670072980887,3.800828325577935,0.1575150300601202,0.1066132264529058,0.3184574525056097,3.7875755097757446,0.583333333333333,test,0
glucose,5.0,6.5,CV,8,0.3395878913151992,0.5670179961250675,2.106724853588496,-0.2424658077774245,0.1,1.4,3.826808223824929e-05,0.1659771073884948,-0.1689923382586058,2.106724853588496,0.4745490981963928,0.2440881763527054,0.38069991799356,2.0395493352100527,0.5535714285714288,test,3
ascorbic_acid,0.1,8.0,CV,3,0.0158849249522545,0.0251704833860805,0.1017655867088474,-0.0095811330628408,0.1,1.4,-2.763310874817295e-05,0.0093658937406301,-0.0159378184496454,0.1017655867088474,0.0284569138276553,0.1991983967935872,0.0150039700202189,0.0964305861281979,0.8684210526315789,test,2
dopamine,1.0,6.5,CV,7,0.0487904677687589,0.207242869865036,0.931578115007438,-0.4970621113042588,0.1,1.4,-2.7507044800208857e-05,0.0636867977514793,-0.0831586337891611,0.931578115007438,0.2220440881763526,0.1094188376753506,0.0815909509627555,0.9279656126269724,0.6956521739130435,test,0
dopamine,0.1,8.0,CV,1,0.0081332553431558,0.0228689878908719,0.1059997069949212,-0.0562248399128445,0.1,1.4,4.1221454309339e-06,0.0065661368551489,-0.0075955467535504,0.1059997069949212,0.1519038076152304,0.1150300601202405,0.0092295057760681,0.1024609479334561,0.8636363636363632,test,0
ascorbic_acid,5.0,8.0,CV,5,0.4622734357178873,0.913007918602368,3.789718694736672,-0.3960452371769865,0.1,1.4,-7.97392317196346e-05,0.2773110382244849,-0.3088130570428495,3.789718694736672,0.0172344689378757,0.1823647294589178,0.5149309589095015,3.714349264645072,0.9696969696969692,test,2
aluminum,1.0,7.5,CV,6,0.0558487229828462,0.1791207349858365,0.7130245205019656,-0.3776915566704903,0.1,1.4,1.1302627385152129e-05,0.0895318024700572,-0.0851958524919724,0.7130245205019656,-0.3110220440881763,0.1711422845691382,0.091768799355865,0.7025662849523109,0.9062499999999996,test,5
ascorbic_acid,0.1,6.5,CV,9,0.0153964513497777,0.0244532896435925,0.0982937266621305,-0.0075228622655297,0.1,1.4,-2.4676155474335907e-06,0.0086349583566852,-0.0076651927381387,0.0982937266621305,0.0789579158316633,0.1963927855711422,0.0145199344250073,0.0931395025852437,1.0,test,2
aluminum,10.0,7.5,CV,7,0.3166899289462502,1.0756294653369467,4.330449799289003,-2.142204467946588,0.1,1.4,-0.0004341099458071,0.3223525616847861,-0.4339737933239862,4.330449799289003,-0.3110220440881763,0.1683366733466934,0.5497801730413151,4.299002735183121,0.9999999999999992,test,5
copper,2.0,7.0,CV,2,0.074537089618084,0.4463423450933201,1.9866316728039368,-1.393935173579216,0.1,1.4,-1.693154813324986e-05,0.1269140951672153,-0.1328202006034892,1.9866316728039368,-0.0529058116232464,0.0981963927855711,0.1504427251238921,1.9808031369962864,0.8421052631578941,test,4
glucose,1.0,8.0,CV,3,0.0943499802717488,0.149464834399853,0.5555947473398253,-0.0576253372915986,0.1,1.4,-0.0001793935503929,0.0512643828598101,-0.0955108438037778,0.5555947473398253,0.4577154308617234,0.2356713426853706,0.0980558714799377,0.5325888815418558,0.8260869565217387,test,3
aluminum,2.0,7.0,CV,9,0.102805212222798,0.3359355735760514,1.3392154074850793,-0.6803388299225668,0.1,1.4,-0.00015737314352,0.1081409638375704,-0.1543815402845297,1.3392154074850793,-0.3222444889779559,0.1655310621242485,0.1694447955744163,1.3242515854025922,0.787878787878788,test,5
uric_acid,0.1,6.5,CV,7,0.0109402217424064,0.0190820293780159,0.0872994673550692,-0.0051540195906265,0.1,1.4,-5.098792426935245e-07,0.006043039548083,-0.0057049370464451,0.0872994673550692,0.3735470941883767,0.1486973947895791,0.0097351253661301,0.0835249067555461,0.7666666666666666,test,1
dopamine,5.0,7.5,CV,6,0.1894309939495807,0.8130192925483188,3.702597375743796,-2.060003175756032,0.1,1.4,0.0001967188179686,0.3309707227703641,-0.2444474049525808,3.702597375743796,0.1743486973947895,0.1122244488977955,0.3249399689823338,3.683022866912653,0.999999999999998,test,0
uric_acid,0.1,6.5,CV,0,0.0110010468926647,0.019021917920695,0.0879555084537231,-0.0051682206161493,0.1,1.4,2.1348562393078514e-06,0.005666586063938,-0.0063761184510768,0.0879555084537231,0.3847695390781563,0.151503006012024,0.0098423279783333,0.0840479708187808,0.928571428571426,test,1
aluminum,0.5,6.0,CV,4,0.0298084071404825,0.0918448491348938,0.3592689911726731,-0.1930737312558702,0.1,1.4,-6.311219658457535e-05,0.0298473703008219,-0.0516381007012706,0.3592689911726731,-0.3362725450901803,0.1683366733466934,0.0472630265939974,0.3536142527371003,0.7142857142857145,test,5
aluminum,0.2,6.5,CV,9,0.0134839094499387,0.038151911194626,0.1536416044396401,-0.076749585208321,0.1,1.4,-1.736285706672507e-05,0.0124020413032348,-0.0180019471546897,0.1536416044396401,-0.3222444889779559,0.1627254509018036,0.0189347118687785,0.1500701172421349,0.8709677419354849,test,5
glucose,10.0,6.5,CV,3,0.5342299372996085,0.8834191421962636,3.190097066321113,-0.3597560967831049,0.1,1.4,-0.0010636857906891,0.3024600762649805,-0.5591745501995546,3.190097066321113,0.4829659318637275,0.2440881763527054,0.5914112162452454,3.0813314466735635,0.6730769230769229,test,3
dopamine,10.0,7.5,CV,6,0.2930042770057831,1.2647447314822395,5.757930849257972,-3.2061949201482056,0.1,1.4,0.0003043611471188,0.514700561768225,-0.3801917826400016,5.757930849257972,0.1743486973947895,0.1122244488977955,0.5054831841136131,5.729294131196811,0.999999999999998,test,0
copper,0.5,7.5,CV,5,0.0226513489627721,0.1265163219650683,0.551378090872656,-0.3991539561787594,0.1,1.4,-6.277775068277876e-06,0.0440104252297756,-0.0400333245128839,0.551378090872656,-0.0416833667334669,0.101002004008016,0.0431161373828314,0.547469646907383,0.8947368421052635,test,4
uric_acid,1.0,6.5,CV,6,0.078517496373022,0.1779845097994995,0.7762003452599,-0.0751206408771625,0.1,1.4,5.1380509028200666e-05,0.0828993152428873,-0.0671489951522623,0.7762003452599,0.3847695390781563,0.1402805611222445,0.0867156213537326,0.7641139240777011,0.9230769230769234,test,1
glucose,10.0,7.5,CV,7,0.5286832411321075,0.8890073836627244,3.3159612840942496,-0.394480030867152,0.1,1.4,-0.0001599444005618,0.2824769775515729,-0.2345489533242016,3.3159612840942496,0.4521042084168337,0.230060120240481,0.5719852077824763,3.2135884976337863,0.5769230769230774,test,3
glucose,1.0,6.0,CV,3,0.0916470183285053,0.1464484789064636,0.5339742010476954,-0.0561835776486545,0.1,1.4,-0.0001751782123803,0.0505569706271601,-0.0933006024858557,0.5339742010476954,0.5138276553106212,0.2356713426853707,0.0958285543575076,0.5131216723203275,0.9534883720930244,test,3
ascorbic_acid,0.1,7.0,CV,8,0.0154036273770947,0.0248161081228465,0.1030443542112917,-0.0072457451397456,0.1,1.4,4.348462917843563e-06,0.0079126403966724,-0.0081593296040279,0.1030443542112917,0.0452905811623246,0.1795591182364729,0.0138073001782766,0.0981627604857838,0.6842105263157894,test,2
ascorbic_acid,0.1,7.5,CV,2,0.015549688389618,0.0249985388096416,0.1062697222694968,-0.0077287856595655,0.1,1.4,1.3757643834332102e-06,0.0074364870094214,-0.0091557636670226,0.1062697222694968,0.0480961923847695,0.1795591182364729,0.0139331541020732,0.1012172316722603,0.8823529411764698,test,2
aluminum,1.0,7.0,CV,5,0.0560489417107281,0.1772654385343372,0.7018476688803965,-0.3754825694871644,0.1,1.4,-6.260440664349523e-05,0.0540996926443967,-0.0670860130337311,0.7018476688803965,-0.3054108216432865,0.1683366733466934,0.0904783810586853,0.6919847993965837,0.8749999999999998,test,5
aluminum,10.0,8.0,CV,9,0.3277861614334088,1.0906886449183055,4.291706940406769,-2.2568917302158717,0.1,1.4,-0.0004288312825183,0.350980478391788,-0.4076799544533263,4.291706940406769,-0.3054108216432865,0.1683366733466934,0.558368255693934,4.247862410853228,0.8750000000000009,test,5
copper,0.2,6.0,CV,0,0.010059543010805,0.0503885250468527,0.2224968072101902,-0.1589165004277725,0.1,1.4,1.3590489165953672e-06,0.0137575873221852,-0.0187835939507891,0.2224968072101902,-0.0529058116232464,0.101002004008016,0.0172275007846711,0.2202548944570933,0.8947368421052635,test,4
uric_acid,1.0,8.0,CV,0,0.0797548771333045,0.1833652766353896,0.7918737945006578,-0.0858187664053857,0.1,1.4,-3.4186535645971545e-06,0.06443115188686,-0.0624556784641722,0.7918737945006578,0.3090180360721443,0.151503006012024,0.0940274157021591,0.7814994331924044,0.9285714285714288,test,1
ascorbic_acid,2.0,8.0,CV,6,0.2238769365949553,0.4407597500487794,1.7573848119739317,-0.1931860220425488,0.1,1.4,0.0001283762224912,0.2143198275270175,-0.1381473064048671,1.7573848119739317,0.0116232464929859,0.1935871743486973,0.2588861771776285,1.7221269923729623,0.8648648648648647,test,2
glucose,5.0,8.0,CV,1,0.3450850480573375,0.5757367319542467,2.129954488925065,-0.2139048976518524,0.1,1.4,4.29207170086281e-05,0.1997800712948414,-0.1653592445551487,2.129954488925065,0.4380761523046091,0.2384769539078156,0.3801921830614984,2.0636511363431334,0.5454545454545451,test,3
aluminum,0.2,7.5,CV,7,0.0131466717187135,0.0381036285842164,0.1550563393999499,-0.0731287095352709,0.1,1.4,-1.2744393054252808e-05,0.0115382960126884,-0.0153914461132172,0.1550563393999499,-0.3110220440881763,0.1683366733466934,0.0194516987976087,0.1523014130990313,0.9999999999999992,test,5
ascorbic_acid,10.0,8.0,CV,7,0.7034491056025911,1.406266480502267,5.40722730568224,-0.5261811506246269,0.1,1.4,-0.0002463747512203,0.4089503058861367,-0.4117604098354415,5.40722730568224,0.0256513026052104,0.1823647294589179,0.7948878914302062,5.312364637026994,0.7105263157894741,test,2
aluminum,10.0,6.0,CV,4,0.3233468708687534,1.0616860246018942,4.135782439538633,-2.2589192007066994,0.1,1.4,-0.0007575409940702,0.3438383257262416,-0.5958600962643508,4.135782439538633,-0.3362725450901803,0.1683366733466934,0.5470776295965588,4.091624245257876,0.7142857142857145,test,5
dopamine,0.1,7.5,CV,1,0.0080698659231965,0.0225932487318476,0.110326604966021,-0.0545069845566974,0.1,1.4,4.106402068579578e-06,0.0065933067430519,-0.0075218892749348,0.110326604966021,0.1659318637274549,0.1094188376753506,0.0088473285712753,0.10682180785977,0.6956521739130435,test,0
copper,10.0,8.0,CV,7,0.2303811604705253,1.4535383018185883,6.402636713066209,-4.510169340998986,0.1,1.4,-0.0002011722070787,0.4116451928502742,-0.4606075861765686,6.402636713066209,-0.0416833667334669,0.0981963927855711,0.4916873096293625,6.396658862900488,0.8421052631578941,test,4
ascorbic_acid,2.0,8.0,CV,7,0.2203753740977117,0.4364955813647742,1.6802617256145622,-0.1598938202959201,0.1,1.4,-7.462467032337794e-05,0.1270567519902359,-0.1279146810515117,1.6802617256145622,0.0256513026052104,0.1823647294589179,0.2467689423648605,1.649148096414322,0.7105263157894741,test,2
ascorbic_acid,5.0,8.0,CV,1,0.4554710405154163,0.8990953152213225,3.535305117553176,-0.3715340834303648,0.1,1.4,6.383085286995671e-05,0.3048063423437332,-0.2739465702408929,3.535305117553176,0.0200400801603206,0.1879759519038075,0.5197345216139249,3.459794504783221,0.9705882352941184,test,2
copper,10.0,8.0,CV,8,0.237069158801299,1.4570983204456671,6.426913078145299,-4.581514564935155,0.1,1.4,7.271938658082716e-05,0.4313853730644387,-0.4473540115895675,6.426913078145299,-0.038877755511022,0.0981963927855711,0.4912404996631116,6.408894388087579,0.9444444444444456,test,4
dopamine,1.0,7.0,CV,5,0.0510632540338791,0.2084052390137342,0.9399816035326648,-0.5262268106631643,0.1,1.4,-1.300630647390759e-05,0.0579686196003218,-0.0736985378045498,0.9399816035326648,0.2024048096192384,0.1122244488977955,0.082936296959824,0.9321111444846986,0.904761904761905,test,0
ascorbic_acid,0.2,6.5,CV,3,0.0278136464192694,0.0483488330401076,0.198800726463399,-0.0199560437751898,0.1,1.4,-5.492897449560564e-05,0.0189335699475026,-0.0302499448093389,0.198800726463399,0.0789579158316633,0.1963927855711423,0.0287920100479222,0.1912992463347327,0.9444444444444446,test,2
ascorbic_acid,0.5,7.5,CV,8,0.0637208845612985,0.1212102965747386,0.4871299580744893,-0.0425352138097973,0.1,1.4,1.0168848239888534e-05,0.0365203650725964,-0.038906906455228,0.4871299580744893,0.0256513026052104,0.1907815631262525,0.0705219262080624,0.4752146719570433,0.7,test,2
uric_acid,5.0,6.0,CV,1,0.2880259537006931,0.6828449106780847,2.9498417017046714,-0.3869451641203755,0.1,1.4,4.627710249379871e-05,0.2164946156376254,-0.2080647298317236,2.9498417017046714,0.3987975951903807,0.1486973947895792,0.3473478339484702,2.9198730658847376,0.7666666666666656,test,1
uric_acid,10.0,8.0,CV,2,0.4671166056114832,1.1039552042907337,4.9331578969055006,-0.4522890528553344,0.1,1.4,-5.507927823909581e-05,0.3169447949098327,-0.3703748716030586,4.9331578969055006,0.2949899799599198,0.1486973947895791,0.5603711104899303,4.884766406286173,0.7096774193548377,test,1
aluminum,2.0,7.5,CV,8,0.1015527212234131,0.3342464963866768,1.317810223149283,-0.7527734847291225,0.1,1.4,-5.53138646078126e-05,0.1015008275878566,-0.1830653205578591,1.317810223149283,-0.2997995991983967,0.1739478957915831,0.1741050587478304,1.3016238866231005,0.8787878787878786,test,5
copper,2.0,6.5,CV,9,0.0754976646960429,0.4419327169416473,1.917884074939212,-1.4342704841960512,0.1,1.4,-7.104913384965075e-05,0.1904470498216687,-0.1139526042996544,1.917884074939212,-0.0501002004008015,0.0981963927855711,0.149125951036869,1.9102392173893872,0.8421052631578934,test,4
ascorbic_acid,5.0,7.0,CV,2,0.450414586948089,0.8871592454727701,3.733025622885808,-0.3506132486347096,0.1,1.4,-4.661434898865569e-05,0.2701058533558582,-0.3162131590271213,3.733025622885808,0.0480961923847695,0.1795591182364728,0.4965177541182315,3.6635402352561246,0.7777777777777782,test,2
dopamine,0.1,8.0,CV,3,0.0083757604656834,0.022984571990892,0.1077658800293581,-0.0549194822182982,0.1,1.4,-2.0119816361483315e-05,0.0093202450743856,-0.0119983504364473,0.1077658800293581,0.1462925851703407,0.1150300601202405,0.0093916012342016,0.1041307668995626,0.9523809523809534,test,0
uric_acid,5.0,7.0,CV,7,0.2916820952249135,0.698525805514724,3.076863948741736,-0.2835824086856637,0.1,1.4,-0.0001134362394343,0.2017164291347028,-0.1908749924564242,3.076863948741736,0.3595190380761522,0.1402805611222445,0.3420547243307442,3.056229841568219,0.9230769230769234,test,1
copper,2.0,7.0,CV,9,0.0758664875574556,0.4442570160462117,1.9406293837843969,-1.4296319017023766,0.1,1.4,-7.143133419288718e-05,0.1916092698320213,-0.1207358022315651,1.9406293837843969,-0.0472945891783567,0.0925851703406813,0.1449003975342631,1.9330931735247423,0.9411764705882344,test,4
dopamine,1.0,8.0,CV,5,0.0522789235827478,0.2146853681440764,0.9791503401513946,-0.5611627317579919,0.1,1.4,-1.3396235350986551e-05,0.0574012226226395,-0.0629703470062193,0.9791503401513946,0.1462925851703407,0.1094188376753507,0.0842034723780027,0.9719200442213084,0.9499999999999992,test,0
glucose,0.5,8.0,CV,1,0.0499073752773948,0.0774060172660378,0.290635142606725,-0.0273486998080701,0.1,1.4,8.279210773587999e-06,0.0272680059682688,-0.0225596392542943,0.290635142606725,0.4380761523046091,0.2328657314629258,0.0504150033642546,0.2781594006982033,0.5090909090909089,test,3
ascorbic_acid,10.0,6.0,CV,8,0.6839254762455789,1.3568197960793047,5.529736394710474,-0.4954793018705244,0.1,1.4,8.487411812996015e-05,0.4090995886753144,-0.4335553490043722,5.529736394710474,0.0845691382765531,0.1711422845691382,0.7359497964743803,5.424123153655551,0.648648648648649,test,2
glucose,0.5,6.5,CV,5,0.0495001008004118,0.0763086892177173,0.283644638228259,-0.024883933262836,0.1,1.4,-4.472052987646469e-06,0.0265836940492582,-0.0309439638294591,0.283644638228259,0.4829659318637275,0.2328657314629257,0.0495724202944206,0.2709082478980556,0.6600000000000004,test,3
ascorbic_acid,0.1,6.0,CV,4,0.0152202925750592,0.0244561974534673,0.1003024801468753,-0.0073876664663414,0.1,1.4,-5.682304511954756e-06,0.0078770278437236,-0.0098060790294526,0.1003024801468753,0.1070140280561122,0.1935871743486974,0.0144252068916281,0.0954032855649472,0.8157894736842106,test,2
aluminum,0.5,8.0,CV,0,0.0295354748636909,0.0938439842184973,0.361197545387262,-0.2132417185393453,0.1,1.4,-1.8720948952496664e-05,0.0272946955774033,-0.0312389109192231,0.361197545387262,-0.3082164328657314,0.1739478957915831,0.0489770856029421,0.3561225044643047,0.8235294117647052,test,5
uric_acid,2.0,6.0,CV,3,0.144466215089847,0.3297291626632654,1.4798113846907113,-0.1424006901436621,0.1,1.4,-0.0003630525774156,0.1056643418792597,-0.1918093538459934,1.4798113846907113,0.3931863727454909,0.1571142284569138,0.1731847066361784,1.460023420182496,0.6969696969696967,test,1
dopamine,0.1,7.5,CV,4,0.0081847440625176,0.0227258744058556,0.1073489237242423,-0.0560612943111953,0.1,1.4,-3.7646104381912366e-06,0.0072164457670822,-0.0091817163680688,0.1073489237242423,0.1743486973947895,0.1122244488977955,0.0091397691564143,0.1039899064269906,0.999999999999998,test,0
glucose,2.0,7.0,CV,9,0.1686014912557613,0.2738581639411929,1.021751054684099,-0.1123863497233688,0.1,1.4,-5.678789719724021e-05,0.0992279578611199,-0.0970216859916877,1.021751054684099,0.4857715430861723,0.230060120240481,0.1765427188785353,0.9849395487612722,0.8636363636363632,test,3
dopamine,1.0,6.5,CV,3,0.0513302843944003,0.2061794829339981,0.9579620309227584,-0.5176458813617826,0.1,1.4,-0.0001982204272718,0.0668543177269644,-0.1053823988347148,0.9579620309227584,0.2248496993987976,0.1122244488977955,0.0821906793562127,0.9499983397473468,0.8181818181818203,test,0
ascorbic_acid,1.0,6.5,CV,9,0.1186952639390666,0.2278628759012966,0.891596119657546,-0.0902153816072684,0.1,1.4,-4.502861951634018e-05,0.0785085283310292,-0.0696184404791651,0.891596119657546,0.0789579158316633,0.1963927855711422,0.1354930830797434,0.8685609895755482,1.0,test,2
uric_acid,10.0,8.0,CV,9,0.4710154469484823,1.102243539418842,4.996683447466009,-0.4249689162198333,0.1,1.4,-0.000214915556342,0.3460941260343075,-0.3169462383523487,4.996683447466009,0.3006012024048096,0.1458917835671341,0.5522310875589448,4.93705320816929,0.8571428571428561,test,1
aluminum,0.1,7.5,CV,2,0.007743499139075,0.0192579773808951,0.0791868759285112,-0.0382173830776515,0.1,1.4,-2.7433184280375507e-06,0.0056293816906162,-0.008324117736587,0.0791868759285112,-0.3054108216432865,0.1599198396793587,0.0094795050174382,0.0766886234872879,0.9655172413793104,test,5
uric_acid,0.1,6.5,CV,3,0.0112180178484033,0.0189926087132584,0.0870412113390677,-0.0068775695517507,0.1,1.4,-1.9181901629419e-05,0.0063454586403549,-0.0115065706818194,0.0870412113390677,0.3707414829659319,0.1486973947895792,0.0096462075759337,0.0827262805698944,0.7666666666666679,test,1
uric_acid,10.0,7.5,CV,3,0.471401071128987,1.090186120577472,4.999116546978688,-0.4572383234774018,0.1,1.4,-0.0012067521738689,0.3200484533284043,-0.634188992782025,4.999116546978688,0.3230460921843687,0.1458917835671342,0.5456964050072665,4.9342397069941,0.7931034482758614,test,1
uric_acid,0.2,7.5,CV,1,0.0191389398792031,0.0382906923645732,0.171443108771562,-0.0125466588608458,0.1,1.4,5.309449157062867e-06,0.012478819074403,-0.010924029958427,0.171443108771562,0.3258517034068136,0.151503006012024,0.0197808939393761,0.1667505687180646,0.8620689655172404,test,1
uric_acid,1.0,8.0,CV,1,0.0796099973059898,0.1821918857947339,0.8055377266794987,-0.0684766214931108,0.1,1.4,1.4522571617957502e-05,0.0583594679425299,-0.0533552930794985,0.8055377266794987,0.2949899799599198,0.151503006012024,0.0939503760223091,0.7949834535834835,0.7419354838709673,test,1
uric_acid,5.0,7.5,CV,2,0.2987136170514557,0.7036569788533169,3.020541985384688,-0.2805144737404281,0.1,1.4,-3.408919252301998e-05,0.240556610340991,-0.2360729664486231,3.020541985384688,0.314629258517034,0.1571142284569138,0.369695517608946,2.9887882235367744,0.6969696969696967,test,1
dopamine,5.0,7.5,CV,7,0.1840236840261462,0.8162902522067508,3.7127925690730494,-1.9908650063875653,0.1,1.4,-0.0001167665883454,0.315483231236309,-0.2462512398560763,3.7127925690730494,0.1659318637274549,0.1122244488977955,0.3281313609516058,3.705855107057559,0.7391304347826093,test,0
aluminum,2.0,6.5,CV,8,0.1010847580430336,0.3315914218447072,1.274601186905444,-0.7241874068970121,0.1,1.4,-8.582429128360394e-05,0.1014401570640862,-0.1527476250254269,1.274601186905444,-0.319438877755511,0.1711422845691382,0.1713344945807277,1.2580100715050475,0.9062499999999996,test,5
ascorbic_acid,5.0,6.5,CV,9,0.4492514642247913,0.878822611499654,3.430163777242876,-0.3585814405457694,0.1,1.4,-0.0001812238322168,0.30210395224893,-0.2678955212332929,3.430163777242876,0.0789579158316633,0.1963927855711422,0.5230476025231097,3.3521524156012266,1.0,test,2
uric_acid,2.0,6.0,CV,0,0.140855956786036,0.3299163289621285,1.4522404541241098,-0.1577872191669837,0.1,1.4,-8.355323841190836e-06,0.0954322922555928,-0.1060615000738049,1.4522404541241098,0.4128256513026053,0.1515030060120241,0.1694314026273327,1.4362261295497067,0.7999999999999995,test,1
aluminum,1.0,7.0,CV,6,0.0557130253882424,0.1782683758565862,0.7065104966051318,-0.3682791969601993,0.1,1.4,3.453907524821845e-06,0.0896613095436466,-0.0582621943101898,0.7065104966051318,-0.3110220440881763,0.1711422845691383,0.0913295112043094,0.6960485105664354,0.9677419354838712,test,5
glucose,1.0,8.0,CV,8,0.0929488334225676,0.1493010671054187,0.5666810655448572,-0.0613820583142622,0.1,1.4,1.2222292333540615e-05,0.0418757849577335,-0.0461087590900879,0.5666810655448572,0.4633266533066132,0.2328657314629257,0.0972437122440653,0.5452174497241637,0.8863636363636379,test,3
uric_acid,5.0,6.5,CV,4,0.2945209117604755,0.6861058213668716,3.0598537952361204,-0.2905472001104535,0.1,1.4,-0.0002187769935879,0.2021446787562833,-0.2557182604882267,3.0598537952361204,0.3763527054108216,0.1458917835671344,0.3449580108608439,3.023845587178847,0.9259259259259262,test,1
copper,2.0,6.0,CV,7,0.0714711256554849,0.4419407086251003,1.9240601959668893,-1.3720766905207582,0.1,1.4,-5.92798566548165e-05,0.1334641057748366,-0.1472328411405083,1.9240601959668893,-0.0613226452905811,0.101002004008016,0.1526163299207208,1.9206309509124952,0.8947368421052625,test,4
copper,10.0,7.5,CV,3,0.2462602855560409,1.4491906591228658,6.333082976620002,-4.625043144341363,0.1,1.4,-0.0013435905971912,0.4154928084929303,-0.7059379097618782,6.333082976620002,-0.038877755511022,0.101002004008016,0.4943847852013305,6.29984338988118,0.7999999999999988,test,4
uric_acid,10.0,7.0,CV,5,0.4622028858638246,1.0782341570318417,4.799925007990844,-0.4445357230690805,0.1,1.4,-9.030838434468768e-05,0.4445034904201708,-0.2894536969887094,4.799925007990844,0.3454909819639279,0.1430861723446893,0.5315516827999182,4.743529770767604,0.7000000000000024,test,1
uric_acid,0.1,6.0,CV,8,0.0109755339601211,0.0189025875051085,0.0868741771439966,-0.0050640952904062,0.1,1.4,3.9327320506839965e-06,0.0054970314617703,-0.0059557429601171,0.0868741771439966,0.4072144288577154,0.1458917835671344,0.0095605797667235,0.0828092745893663,0.9999999999999984,test,1
aluminum,10.0,6.0,CV,7,0.31466673191839,1.062253310444485,4.148904882683064,-2.2737808739193066,0.1,1.4,-0.000587941517436,0.3184520101562703,-0.4743806768504848,4.148904882683064,-0.3110220440881763,0.1627254509018036,0.5309957293866308,4.118737732112059,0.6571428571428576,test,5
aluminum,2.0,7.0,CV,0,0.1004724544153487,0.3342642223153537,1.2848739857419953,-0.7440643381905574,0.1,1.4,-0.0001009726626995,0.0967340152226202,-0.1549887616516575,1.2848739857419953,-0.3166332665330661,0.1795591182364729,0.1775380596677555,1.2707013986481963,0.9393939393939396,test,5
aluminum,0.2,6.5,CV,7,0.0130951074772818,0.0377807242077552,0.1515032813524445,-0.0764568755323092,0.1,1.4,-1.615424397595277e-05,0.011442248501117,-0.0210193833034412,0.1515032813524445,-0.3110220440881763,0.1599198396793587,0.0186493400233202,0.1487920013103532,0.7812500000000006,test,5
copper,5.0,6.0,CV,9,0.1534807388930808,0.910678398911032,3.956136118505708,-2.9459958205247765,0.1,1.4,-0.0001492638697534,0.3864518865324946,-0.2460683580577364,3.956136118505708,-0.0613226452905811,0.0981963927855711,0.3072810792343796,3.9419319984655594,0.8421052631578941,test,4
dopamine,2.0,7.5,CV,7,0.0903880057744289,0.3940290737812176,1.7939557644406827,-0.9594591485435284,0.1,1.4,-5.496897786572846e-05,0.1523875624886375,-0.118910421915273,1.7939557644406827,0.1659318637274549,0.1122244488977955,0.1584091953839828,1.7890952990782156,0.7391304347826093,test,0
uric_acid,0.1,7.0,CV,3,0.0112928109722685,0.0191541529494724,0.0879455494989671,-0.0069661910126529,0.1,1.4,-1.936420843537708e-05,0.0062566031034438,-0.0116021601775764,0.0879455494989671,0.3539078156312625,0.1402805611222446,0.009351417037534,0.0835896543578716,0.9230769230769248,test,1
glucose,0.5,7.0,CV,0,0.0493227370099558,0.076477542149249,0.2777939194664675,-0.0293361083035906,0.1,1.4,-6.914227984316373e-08,0.0236664533941709,-0.0273198601496633,0.2777939194664675,0.5110220440881764,0.2412825651302604,0.0509427008875595,0.2651719249180314,0.8695652173913031,test,3
ascorbic_acid,0.2,8.0,CV,4,0.0282354023599981,0.0504254861070926,0.2077016759434059,-0.0182078275439829,0.1,1.4,-1.444317410496708e-05,0.0180112902059111,-0.0199161599613562,0.2077016759434059,0.0200400801603206,0.1823647294589178,0.0285448989294316,0.2009953717639719,0.9117647058823536,test,2
ascorbic_acid,0.2,6.0,CV,2,0.0271669013467553,0.0478549230801166,0.1912962205987883,-0.0154416730131446,0.1,1.4,9.462287670708448e-08,0.0146110939857283,-0.0173529665439086,0.1912962205987883,0.0845691382765531,0.1879759519038076,0.02759715322033,0.1845232518806971,0.7179487179487174,test,2
dopamine,0.1,6.5,CV,4,0.0080590121400665,0.0221114340258342,0.1058548391425253,-0.0568688052163487,0.1,1.4,-3.6061905686745626e-06,0.0066762315272139,-0.0074484857778785,0.1058548391425253,0.2192384769539078,0.1066132264529058,0.0085658957856355,0.1024405421201026,0.6521739130434792,test,0
dopamine,10.0,7.0,CV,0,0.2844460310020548,1.2469240469200846,5.574316338846368,-3.023499417315478,0.1,1.4,-3.4355900946909435e-05,0.4996865511944413,-0.4967422782917059,5.574316338846368,0.1995991983967936,0.1122244488977955,0.4975515448477449,5.559910605475348,0.904761904761905,test,0
glucose,0.5,7.0,CV,1,0.0492558224738245,0.076691632966967,0.283230679873109,-0.028839823586673,0.1,1.4,8.217233973985324e-06,0.0269593662217591,-0.0223041578150723,0.283230679873109,0.4689378757515029,0.2328657314629258,0.0500417634318327,0.2710434596180616,0.566037735849055,test,3
glucose,0.5,6.0,CV,3,0.0495123000252404,0.076022501243459,0.2795156483188431,-0.0276700121270772,0.1,1.4,-9.035434700862828e-05,0.0264692286631526,-0.0488246407880575,0.2795156483188431,0.5138276553106212,0.2356713426853707,0.0497643130273674,0.2665362665027766,0.9534883720930244,test,3
glucose,0.5,7.0,CV,8,0.0495279550513757,0.0766704395617113,0.2936150580529698,-0.0297739538143107,0.1,1.4,7.676007509006262e-06,0.0225514689837119,-0.0234438151408402,0.2936150580529698,0.4745490981963928,0.2356713426853707,0.0504358163756605,0.2810871069454015,0.6800000000000007,test,3
copper,2.0,6.0,CV,0,0.0726101299603372,0.4414897536068426,1.9317269250988864,-1.415705449653371,0.1,1.4,-9.754864338243512e-06,0.12013053195329,-0.1634622370855764,1.9317269250988864,-0.0529058116232464,0.101002004008016,0.1505663106447275,1.9251677628331725,0.8947368421052635,test,4
ascorbic_acid,0.2,7.5,CV,1,0.0276901988553456,0.0491239275076445,0.1953565514823224,-0.0188525810000257,0.1,1.4,6.187433443196791e-06,0.0168708986683543,-0.0156640326653403,0.1953565514823224,0.0200400801603206,0.1879759519038075,0.0283789996690251,0.1883931722377858,0.6341463414634151,test,2
aluminum,0.1,7.5,CV,0,0.0076778138078446,0.0193156968046344,0.0757282553942594,-0.0412340639088192,0.1,1.4,-2.362885529506351e-06,0.0057220456282119,-0.0078486499570072,0.0757282553942594,-0.3166332665330661,0.1739478957915831,0.0099976831269074,0.0731399168493731,0.7222222222222224,test,5
copper,1.0,7.5,CV,5,0.0417728773992163,0.2436725313383465,1.0598906261412793,-0.7715800738387544,0.1,1.4,-1.4655080460745305e-05,0.0846813059703939,-0.0770139938262562,1.0598906261412793,-0.0416833667334669,0.101002004008016,0.0829973623806202,1.05391667341705,0.8947368421052635,test,4
copper,0.1,6.5,CV,1,0.0060637114731283,0.025446766245045,0.1130645780250381,-0.0760775601166802,0.1,1.4,4.198533242946336e-06,0.0082668372675233,-0.0074003483482406,0.1130645780250381,-0.0501002004008015,0.0981963927855711,0.0086390760097614,0.1110008491654418,0.8421052631578934,test,4
aluminum,2.0,7.5,CV,1,0.1004470211197252,0.3346031549128113,1.297932827293239,-0.7325925127115531,0.1,1.4,-5.311481088248857e-05,0.090347579399821,-0.1102578986671971,1.297932827293239,-0.3082164328657314,0.1767535070140281,0.1759445136782852,1.2844485008516675,0.96875,test,5
ascorbic_acid,0.5,7.0,CV,2,0.0632268163992232,0.1194715395390202,0.5054275018519784,-0.0440019802662047,0.1,1.4,-3.885491480480008e-06,0.0365102469937261,-0.0428191115974147,0.5054275018519784,0.0480961923847695,0.1795591182364728,0.0668179122756153,0.4933409553567447,0.7777777777777782,test,2
uric_acid,10.0,6.0,CV,6,0.4519826810465513,1.0594719237110204,4.655608488566854,-0.4263226843677383,0.1,1.4,0.0002906513347115,0.4912999010228074,-0.4197484744490287,4.655608488566854,0.4044088176352706,0.1402805611222444,0.515907396997849,4.596609204528244,0.9230769230769248,test,1
ascorbic_acid,2.0,6.5,CV,0,0.2153828830719759,0.424304206613664,1.7216739464456312,-0.2167823072855654,0.1,1.4,-1.2400506091054586e-05,0.1379752317323399,-0.1474114118592727,1.7216739464456312,0.0929859719438878,0.1935871743486974,0.2504553886486051,1.6885084873006462,0.7692307692307685,test,2
copper,0.5,7.0,CV,6,0.0223573636331033,0.1254086735384806,0.5432843540807418,-0.3979002125256274,0.1,1.4,3.126158419584277e-05,0.0485592294286986,-0.0380528919846678,0.5432843540807418,-0.0529058116232464,0.0953907815631261,0.0416323717721435,0.5396064230961691,0.8888888888888892,test,4
ascorbic_acid,1.0,6.5,CV,7,0.1163133959139419,0.2277397550711219,0.9218501161483597,-0.0825793913411009,0.1,1.4,-3.762444701179912e-05,0.0633634507011724,-0.0673801295206874,0.9218501161483597,0.0565130260521041,0.1907815631262525,0.1324367834618151,0.9045523643849344,0.5813953488372088,test,2
uric_acid,0.2,6.0,CV,4,0.0189208514597868,0.0372508144057008,0.1650054640978539,-0.0166605357164391,0.1,1.4,-9.516682753854143e-06,0.0112443959893052,-0.0142309678997111,0.1650054640978539,0.4044088176352706,0.1543086172344691,0.0193991023377371,0.1599264418347696,0.9642857142857136,test,1
aluminum,5.0,7.0,CV,0,0.2059813819397918,0.6924331295090482,2.659832259939816,-1.544235453394573,0.1,1.4,-0.0002121484893904,0.2002280264315552,-0.3210034940338102,2.659832259939816,-0.3166332665330661,0.1795591182364729,0.3677560844493769,2.63209160178136,0.9393939393939396,test,5
copper,1.0,7.5,CV,6,0.0414045634065928,0.2427500468167746,1.0324292170758496,-0.7787172679531906,0.1,1.4,5.777427116253916e-05,0.0938125395925091,-0.0733758549678775,1.0324292170758496,-0.0529058116232464,0.0981963927855711,0.0819039567931189,1.0269169880231006,0.6666666666666666,test,4
aluminum,5.0,7.5,CV,6,0.2097041427821748,0.6909522615327042,2.745519381858812,-1.464891837127302,0.1,1.4,3.524958836408554e-05,0.3448046953277892,-0.3285125211197061,2.745519381858812,-0.3110220440881763,0.1711422845691382,0.3539885382275017,2.709715850196379,0.9062499999999996,test,5
aluminum,5.0,7.0,CV,8,0.2077005494959862,0.6895582934192137,2.6770454630764395,-1.5406435761024833,0.1,1.4,-0.0001472652552326,0.2103099207228682,-0.231602311575222,2.6770454630764395,-0.2997995991983967,0.1711422845691382,0.3562446240638879,2.6458358323115787,0.6944444444444448,test,5
dopamine,0.1,6.0,CV,6,0.0079874611103201,0.0216948332541431,0.1036269232925556,-0.051073620700344,0.1,1.4,8.143942650884913e-06,0.0091007692430573,-0.008092781512383,0.1036269232925556,0.2529058116232465,0.1094188376753507,0.0085262932043027,0.1001260419437967,0.8571428571428585,test,0
uric_acid,10.0,7.0,CV,0,0.4553806947373618,1.083326442598621,4.7192773130735866,-0.5282646853177873,0.1,1.4,-3.3762928919690795e-05,0.3492273798468776,-0.3475029414808895,4.7192773130735866,0.3482965931863727,0.1515030060120239,0.5559865742371846,4.675397828473894,0.8620689655172417,test,1
aluminum,0.5,6.0,CV,2,0.0296561572540798,0.092004408206406,0.3563890289398772,-0.1924179869968058,0.1,1.4,-3.7443827757976096e-05,0.026169293012808,-0.0414511031938585,0.3563890289398772,-0.3054108216432865,0.1711422845691382,0.0475282696337054,0.351000785388283,0.6052631578947365,test,5
glucose,1.0,6.0,CV,6,0.0906120005631597,0.1451545727740372,0.5577466650628375,-0.050194157010986,0.1,1.4,4.6329669130343e-05,0.0742782643183768,-0.0449300875407273,0.5577466650628375,0.4829659318637275,0.2216432865731463,0.0911205687130395,0.5354952106785074,0.49056603773585,test,3
dopamine,5.0,7.0,CV,9,0.1887201227005105,0.8066363676889116,3.6655487337721016,-1.909795847314466,0.1,1.4,-0.0001369445832019,0.2228229728685049,-0.305221044564973,3.6655487337721016,0.1967935871743487,0.1122244488977955,0.3213677630597932,3.645702021765737,0.904761904761905,test,0
aluminum,10.0,6.0,CV,5,0.3249661319607364,1.0542109656617202,4.090693795077612,-2.281178713328562,0.1,1.4,-0.0004989072519212,0.3213456949694073,-0.5507495516403917,4.090693795077612,-0.344689378757515,0.1711422845691382,0.544241974990495,4.041962464391422,0.648648648648649,test,5
copper,0.2,6.0,CV,3,0.0105274664909522,0.0506639691941425,0.2209992242128295,-0.1590209341812589,0.1,1.4,-4.461305593696392e-05,0.0135124968152371,-0.0248409670802429,0.2209992242128295,-0.064128256513026,0.0981963927855711,0.0170374134064383,0.2179392764187685,0.7500000000000014,test,4
glucose,0.2,7.5,CV,9,0.0229317976601607,0.0313469497041373,0.1204048687807112,-0.00923570636643,0.1,1.4,-4.274790222226054e-06,0.011685534668277,-0.0113619661972385,0.1204048687807112,0.4857715430861723,0.2272545090180361,0.0200694629930811,0.1122783443492857,0.8409090909090918,test,3
dopamine,0.1,7.5,CV,6,0.0081777486012265,0.0225178156537361,0.1057637970939846,-0.0541676230697262,0.1,1.4,8.344741955643586e-06,0.0094435045241073,-0.0068947439995934,0.1057637970939846,0.1743486973947895,0.1122244488977955,0.0090162681131846,0.1022880808383084,0.999999999999998,test,0
ascorbic_acid,1.0,8.0,CV,6,0.1216184706530015,0.2367531900661365,0.9452797659137064,-0.1030247897051537,0.1,1.4,7.034885308140109e-05,0.1152755266059543,-0.0743027511842039,0.9452797659137064,0.0116232464929859,0.1935871743486973,0.1390712723252109,0.9251279099382544,0.8648648648648647,test,2
ascorbic_acid,5.0,6.0,CV,7,0.4356881896846806,0.8703076250528814,3.4604614729891714,-0.323112685650828,0.1,1.4,-0.000151169851777,0.2521257721249608,-0.2568693850601304,3.4604614729891714,0.087374749498998,0.1935871743486974,0.5110913711448306,3.403364859839766,0.7250000000000003,test,2
glucose,0.5,7.5,CV,2,0.0499331278074499,0.0766838172568708,0.2876003957671076,-0.0272440612777124,0.1,1.4,-1.6895011364439289e-06,0.0240305508170357,-0.0287684161722875,0.2876003957671076,0.4829659318637275,0.2384769539078156,0.0505077530023931,0.2740269357776371,0.9767441860465113,test,3
aluminum,5.0,6.0,CV,0,0.2051648188039617,0.6862223552834013,2.651297873576117,-1.5341627313215014,0.1,1.4,-0.0002828006399163,0.1986004081413944,-0.233104606987307,2.651297873576117,-0.344689378757515,0.1599198396793587,0.3388906198051395,2.624284057592024,0.628571428571429,test,5
aluminum,10.0,8.0,CV,5,0.3272589826874243,1.0714558439281583,4.299892726697379,-2.191112890747814,0.1,1.4,-0.0003041705658029,0.3265790657711538,-0.3961051020632267,4.299892726697379,-0.3054108216432865,0.1683366733466934,0.5502236272978049,4.251038977938243,0.8750000000000009,test,5
dopamine,0.5,7.5,CV,9,0.0283172112776856,0.1099347830325603,0.5111633662247639,-0.2744350460838243,0.1,1.4,-1.6337570148897972e-05,0.0324165376974185,-0.0352843661597963,0.5111633662247639,0.1687374749498997,0.1122244488977955,0.0440112485349636,0.5056353016691001,0.818181818181817,test,0
dopamine,5.0,6.5,CV,7,0.179635325113835,0.7996235221508426,3.5847611452207238,-1.9256102542904177,0.1,1.4,-0.0001138412269791,0.2453913420490878,-0.3204027113588588,3.5847611452207238,0.2220440881763526,0.1094188376753506,0.3147149622557975,3.579190121842322,0.6956521739130435,test,0
uric_acid,0.5,7.5,CV,9,0.043142553777562,0.0943219724851844,0.4202011490927032,-0.0388996858866503,0.1,1.4,-1.599397321069096e-05,0.0298747440406802,-0.0273495396001886,0.4202011490927032,0.3258517034068136,0.1486973947895792,0.0478080197299365,0.4124552936239021,0.8928571428571412,test,1
glucose,10.0,6.0,CV,3,0.5298480886824604,0.878905297900038,3.18034314942776,-0.3575891198863611,0.1,1.4,-0.0010573464122463,0.3010694870528385,-0.555850604142957,3.18034314942776,0.5138276553106212,0.2356713426853707,0.5748434139412618,3.077383941508207,0.9534883720930244,test,3
copper,0.2,7.5,CV,1,0.0101474893856959,0.0509696339693818,0.2275944345767256,-0.155414116001253,0.1,1.4,5.570867236210411e-06,0.0165832664661753,-0.0146199518978501,0.2275944345767256,-0.038877755511022,0.0925851703406812,0.016605434315535,0.2252036332679433,0.8333333333333326,test,4
copper,1.0,6.0,CV,1,0.0397619194531945,0.2364186972132527,1.03604650440846,-0.7302420270170583,0.1,1.4,1.5515957169803662e-05,0.0742586807328377,-0.0688312044337996,1.03604650440846,-0.064128256513026,0.0981963927855711,0.0799486574899146,1.031757150791928,0.7500000000000014,test,4
glucose,1.0,7.5,CV,3,0.0937254134399763,0.1487059647428331,0.549742368141427,-0.0572606435509577,0.1,1.4,-0.0001783280371184,0.0511480656272962,-0.0949521599077095,0.549742368141427,0.4577154308617234,0.2440881763527054,0.0999927225149484,0.5276263902145294,0.6111111111111099,test,3
ascorbic_acid,0.2,7.0,CV,2,0.0276583860338418,0.0489539587042439,0.2089289867963773,-0.0158355907835336,0.1,1.4,3.973165019229008e-08,0.0150513330234515,-0.0177041728571529,0.2089289867963773,0.0480961923847695,0.1795591182364728,0.0273739915822181,0.2022813623481226,0.7777777777777782,test,2
ascorbic_acid,2.0,7.0,CV,1,0.2171631473272555,0.4252410933104606,1.6645696671429016,-0.1750603167029839,0.1,1.4,3.1718683655496794e-05,0.1440591746137745,-0.1378129471781218,1.6645696671429016,0.0649298597194388,0.1879759519038075,0.244737117298716,1.6254078691996976,0.914285714285714,test,2
glucose,10.0,6.0,CV,5,0.5254201364708582,0.8778234719868058,3.215382331194507,-0.3266451791894398,0.1,1.4,-7.954432890799778e-05,0.2968765704779552,-0.3510420660015984,3.215382331194507,0.5054108216432865,0.2496993987975952,0.5968152014196065,3.1120587200105314,0.745098039215686,test,3
aluminum,5.0,8.0,CV,3,0.2144188292422696,0.6919107408416658,2.787235417054479,-1.4220410187490873,0.1,1.4,-0.0009285124202567,0.226558135409996,-0.4171517879688395,2.787235417054479,-0.294188376753507,0.1599198396793587,0.3450376074458462,2.7553627769233784,0.8999999999999997,test,5
ascorbic_acid,10.0,6.0,CV,1,0.679339912154593,1.343622281376833,5.489950524525236,-0.5560548399227868,0.1,1.4,9.399404292997104e-05,0.4541441881144982,-0.4381929133537634,5.489950524525236,0.0845691382765531,0.1907815631262525,0.7817910268678646,5.374997841214143,0.7,test,2
glucose,0.2,6.0,CV,4,0.0224238973517262,0.0306236723725449,0.119193668486682,-0.0105501262259218,0.1,1.4,-8.524029301017487e-06,0.0104035258660621,-0.0130854415748735,0.119193668486682,0.4997995991983969,0.2328657314629258,0.0198202734440418,0.1111542434357271,0.7291666666666692,test,3
ascorbic_acid,10.0,6.5,CV,0,0.6873561671978871,1.3671536808956872,5.540331196743192,-0.708571874111529,0.1,1.4,-4.61288355995082e-05,0.4441637645157674,-0.4745261564479419,5.540331196743192,0.0929859719438878,0.1935871743486974,0.8069130270773073,5.439593793126325,0.7692307692307685,test,2
glucose,10.0,6.5,CV,9,0.5302297962275107,0.877822536017677,3.2579993120009068,-0.3698718587456754,0.1,1.4,-0.0001874613853298,0.3191844058362236,-0.3126675660793648,3.2579993120009068,0.4857715430861723,0.2132264529058116,0.5375302048456576,3.152976602824213,0.7272727272727264,test,3
uric_acid,5.0,6.5,CV,9,0.2958620922663325,0.6879519260759059,2.988960254774258,-0.2780822616128904,0.1,1.4,-0.0001334814146684,0.2173604520578042,-0.1984812344897322,2.988960254774258,0.3735470941883767,0.151503006012024,0.3520773642081593,2.9506449142895934,0.8620689655172404,test,1
uric_acid,2.0,8.0,CV,6,0.1474635222628904,0.340271229779075,1.5347435798183906,-0.1419894952318716,0.1,1.4,9.555082893390958e-05,0.1582916430457467,-0.1096377261102496,1.5347435798183906,0.292184368737475,0.151503006012024,0.1741605656240986,1.5142022390447385,0.6875000000000008,test,1
ascorbic_acid,1.0,6.0,CV,6,0.1169826917935608,0.2266453304653065,0.9157133454748368,-0.0989265701529034,0.1,1.4,6.771147524698128e-05,0.1107739052647024,-0.0714153698396289,0.9157133454748368,0.0901803607214428,0.1879759519038075,0.1303380147764731,0.8961787101702468,0.7631578947368413,test,2
uric_acid,0.1,8.0,CV,1,0.0112039934868327,0.0193921529567289,0.0890060200940821,-0.0059348797220195,0.1,1.4,4.10016338585788e-06,0.0064566679431902,-0.005822680838847,0.0890060200940821,0.2949899799599198,0.151503006012024,0.0100103997533235,0.0849045068613922,0.7419354838709673,test,1
dopamine,1.0,8.0,CV,4,0.0520015794192428,0.2153645972265049,1.0184252781912522,-0.5298547793676156,0.1,1.4,-5.769456328932943e-05,0.055195260231287,-0.0898684393663739,1.0184252781912522,0.1462925851703407,0.1094188376753506,0.085108426309093,1.012372283578262,0.9500000000000012,test,0
glucose,0.1,8.0,CV,2,0.0135413939800606,0.0158396792415505,0.0624194451891325,-0.0041377509987724,0.1,1.4,1.81705112677534e-06,0.0053485069644603,-0.0063322691339146,0.0624194451891325,0.4549098196392785,0.2440881763527054,0.0106452072659949,0.0561608992411554,0.8124999999999993,test,3
aluminum,10.0,6.5,CV,7,0.3152309582833252,1.0667848149688743,4.230289924263553,-2.230962387379752,0.1,1.4,-0.0005304114257282,0.3197596588809287,-0.5913469697885478,4.230289924263553,-0.3110220440881763,0.1599198396793587,0.5274156640616461,4.200858958564506,0.7812500000000006,test,5
glucose,10.0,8.0,CV,9,0.5419948606751518,0.8923279886291545,3.230153202101508,-0.376659952219775,0.1,1.4,-0.0001909063320198,0.318438761557124,-0.3093362693229899,3.230153202101508,0.4857715430861723,0.2384769539078156,0.588481804623982,3.117485590523581,0.7708333333333343,test,3
ascorbic_acid,2.0,6.0,CV,8,0.2143195968163757,0.4210857161010477,1.7183529353524551,-0.1525147856579733,0.1,1.4,2.830807104993416e-05,0.1270849356494331,-0.1347316858905689,1.7183529353524551,0.0845691382765531,0.1711422845691382,0.2283223924888569,1.6830669187588865,0.648648648648649,test,2
aluminum,5.0,7.5,CV,2,0.208808255038914,0.6932289399513764,2.790816515396478,-1.4745074497941886,0.1,1.4,-0.0001961712136201,0.1992169339410157,-0.2943987573296157,2.790816515396478,-0.3054108216432865,0.1627254509018036,0.3463300666894888,2.7632293522934224,0.9333333333333328,test,5
ascorbic_acid,10.0,6.5,CV,6,0.6938570064188193,1.3748170126693606,5.4941723353481535,-0.6075619739872503,0.1,1.4,0.0003950671509835,0.6695225506436919,-0.4316089542975112,5.4941723353481535,0.0789579158316633,0.1991983967935872,0.8221522594379184,5.390366353858475,0.9722222222222218,test,2
ascorbic_acid,2.0,7.0,CV,8,0.2186170899406743,0.4300854909307113,1.7377484837092023,-0.1556613048257739,0.1,1.4,2.8827033460491424e-05,0.1345561714550727,-0.1374732301068288,1.7377484837092023,0.0452905811623246,0.1879759519038076,0.2475095697318963,1.7038302770687077,0.7631578947368424,test,2
uric_acid,5.0,8.0,CV,5,0.3035329484591749,0.7032547856736853,3.1625871267570997,-0.2918863053022467,0.1,1.4,-5.815581907696407e-05,0.2268538059495677,-0.1904311213748361,3.1625871267570997,0.2977955911823647,0.1402805611222445,0.3443955117643995,3.1242729701778256,0.7857142857142864,test,1
dopamine,0.5,6.5,CV,3,0.0280959099246436,0.1070114982761929,0.4988601523249028,-0.2673939284381352,0.1,1.4,-0.0001018783930938,0.0347646374349818,-0.0548670797884812,0.4988601523249028,0.2248496993987976,0.1122244488977955,0.0426787330206516,0.4933566069243336,0.8181818181818203,test,0
copper,0.5,8.0,CV,9,0.0228039568949053,0.1251653908445971,0.5499420482598751,-0.3846363701388283,0.1,1.4,-1.8154280499720032e-05,0.052268662692463,-0.0364333998133839,0.5499420482598751,-0.0416833667334669,0.0981963927855711,0.0424138596260912,0.5464251367336521,0.8421052631578941,test,4
glucose,10.0,6.5,CV,5,0.5297755073148434,0.8823645270571611,3.2289591659531016,-0.3286307201343193,0.1,1.4,-8.003675586532921e-05,0.3029093490217908,-0.3529207717719106,3.2289591659531016,0.4829659318637275,0.2328657314629257,0.5720290369442921,3.1256123646147738,0.6600000000000004,test,3
ascorbic_acid,2.0,7.5,CV,1,0.2192972852990382,0.4295878439382165,1.6865527007794,-0.1768207015159864,0.1,1.4,3.200629451096215e-05,0.145600363942181,-0.1355815238667466,1.6865527007794,0.0200400801603206,0.1879759519038075,0.248390083864534,1.6481779678958264,0.6341463414634151,test,2
uric_acid,5.0,6.0,CV,8,0.290211990960275,0.6852311412099426,3.014379694328123,-0.2689214396744314,0.1,1.4,4.192943773068003e-05,0.1927703209289029,-0.2085902144295521,3.014379694328123,0.4072144288577154,0.1458917835671344,0.3449637555668186,2.9821955825501263,0.9999999999999984,test,1
uric_acid,0.2,8.0,CV,9,0.0195836949657956,0.0389036117500584,0.1800643504329813,-0.0123352476680602,0.1,1.4,-5.040357213457829e-06,0.0124621200505101,-0.0114023731503711,0.1800643504329813,0.3006012024048096,0.1458917835671341,0.0195455552106899,0.1749776730748809,0.8571428571428561,test,1
dopamine,0.1,7.0,CV,2,0.0080877917391205,0.022240060036374,0.1034917143941012,-0.0517294049802579,0.1,1.4,1.7441263160789665e-06,0.0059402934554518,-0.0078443107711533,0.1034917143941012,0.2164328657314629,0.1094188376753507,0.0087803463703679,0.1000994052728421,0.6250000000000004,test,0
dopamine,10.0,6.0,CV,3,0.2892539436433979,1.2217145764972563,5.492159013085481,-2.9118957869098763,0.1,1.4,-0.0011848401170292,0.4278677618500714,-0.6226997757267463,5.492159013085481,0.2613226452905811,0.1122244488977955,0.484322131753077,5.460596171715341,0.8181818181818203,test,0
dopamine,5.0,7.0,CV,2,0.1862175463962847,0.8032475942433205,3.6175128554815466,-1.9684900413239923,0.1,1.4,-3.434936386322374e-05,0.2116182762700096,-0.2786811325679216,3.6175128554815466,0.2164328657314629,0.1094188376753507,0.3164325036882975,3.600278527309466,0.6250000000000004,test,0
uric_acid,0.5,6.5,CV,8,0.0420163733532837,0.09286195584871,0.4154153596939313,-0.0341098062504975,0.1,1.4,8.155812512439343e-06,0.0291352640572687,-0.0296387354589254,0.4154153596939313,0.3735470941883767,0.1430861723446893,0.0459222910105375,0.4082971818303155,0.7586206896551712,test,1
dopamine,0.5,7.5,CV,6,0.0280956876504962,0.109373124915959,0.5010202343082495,-0.2745891123759136,0.1,1.4,2.904518986915581e-05,0.0447761658698498,-0.0329994320164052,0.5010202343082495,0.1743486973947895,0.1122244488977955,0.0437561333199166,0.4959801436399317,0.999999999999998,test,0
glucose,1.0,6.5,CV,4,0.0913914781971972,0.1449702570139686,0.5463350780803049,-0.0627050665086613,0.1,1.4,-4.9121546412291376e-05,0.0478267503839422,-0.0599351497395007,0.5463350780803049,0.4997995991983969,0.2356713426853707,0.0943880394340348,0.5241408429871421,0.9090909090909112,test,3
aluminum,2.0,7.5,CV,0,0.1007189011357249,0.3356988010351491,1.2902170263195727,-0.7618150908627838,0.1,1.4,-8.678313227752738e-05,0.0971246009785529,-0.1361301432835961,1.2902170263195727,-0.3166332665330661,0.1739478957915831,0.1746811551972318,1.2762757923949997,0.7222222222222224,test,5
uric_acid,5.0,6.5,CV,2,0.2934215326451247,0.6909217086206241,3.0462970461442054,-0.2976959826544247,0.1,1.4,-3.342862138334771e-05,0.2446325071155929,-0.2318464014051073,3.0462970461442054,0.3763527054108216,0.151503006012024,0.354270854802786,3.015208233300774,0.862068965517243,test,1
copper,2.0,7.5,CV,3,0.0778063151054345,0.4497302140578381,1.9669523649893903,-1.4332388820161344,0.1,1.4,-0.0004153601927088,0.1290093379932366,-0.2192359687979094,1.9669523649893903,-0.038877755511022,0.101002004008016,0.1534365200341082,1.9552497995871545,0.7999999999999988,test,4
aluminum,0.1,8.0,CV,1,0.0076638054588416,0.0193287060418063,0.0774615607442376,-0.0397028936235416,0.1,1.4,3.368264966391726e-07,0.0052267434208631,-0.0098838332011767,0.0774615607442376,-0.2969939879759519,0.1627254509018036,0.0095775164579682,0.074833947524579,0.8709677419354837,test,5
glucose,0.2,8.0,CV,7,0.0227092717064649,0.0315914752801253,0.1239990382174973,-0.0106924604797205,0.1,1.4,-3.2108431182108974e-06,0.0104441130938242,-0.0086798987951493,0.1239990382174973,0.4521042084168337,0.2356713426853707,0.0207237454684202,0.1161568036155725,0.8260869565217396,test,3
glucose,1.0,6.0,CV,8,0.0902782882452531,0.1462123072774896,0.5367367220908774,-0.0598673703438316,0.1,1.4,1.2004429125565512e-05,0.0430183450317254,-0.0437055729832025,0.5367367220908774,0.4857715430861723,0.227254509018036,0.0940873072486747,0.5175874941250695,0.5576923076923072,test,3
glucose,2.0,6.0,CV,3,0.1671989270102217,0.2727331703497606,0.9902447093890858,-0.1081500504482591,0.1,1.4,-0.0003272761778744,0.0937487838040012,-0.1730506027715629,0.9902447093890858,0.5138276553106212,0.2356713426853707,0.1783441254906372,0.9549252641243752,0.9534883720930244,test,3
glucose,0.5,6.5,CV,4,0.0493755213160011,0.0752334406729391,0.2859379845804346,-0.0309065135964973,0.1,1.4,-2.437030065605976e-05,0.0250037003750085,-0.0313721064082522,0.2859379845804346,0.4997995991983969,0.2356713426853707,0.0490048132691254,0.2722682377690409,0.9090909090909112,test,3
uric_acid,0.2,7.5,CV,2,0.0192973173526584,0.0386318760889468,0.169340274924606,-0.0130146037975632,0.1,1.4,7.375558202300323e-07,0.0134244491967088,-0.0132392574252137,0.169340274924606,0.314629258517034,0.1571142284569138,0.0203142441082829,0.164399466820386,0.6969696969696967,test,1
uric_acid,5.0,6.0,CV,7,0.2864693796502826,0.685298030306812,2.993690768879448,-0.2777508697446917,0.1,1.4,-0.0001113406029368,0.2037730487543565,-0.1965013715705389,2.993690768879448,0.4128256513026053,0.1543086172344688,0.3565296935490046,2.9737951414718897,0.8965517241379294,test,1
aluminum,0.2,6.5,CV,3,0.0136480672050982,0.0376698866499073,0.1486470792918229,-0.0759866786537709,0.1,1.4,-5.332134673175373e-05,0.0124728270104332,-0.0229148718322616,0.1486470792918229,-0.3278557114228457,0.1739478957915831,0.019777914658497,0.1451382846855242,0.8235294117647058,test,5
aluminum,1.0,7.5,CV,2,0.0556160600676081,0.1797125434471452,0.7248129805637412,-0.3801912084863508,0.1,1.4,-4.879757918807166e-05,0.0517216560359495,-0.0764371271634986,0.7248129805637412,-0.3054108216432865,0.1627254509018036,0.0897641038673272,0.7163621278081592,0.9333333333333328,test,5
copper,1.0,7.5,CV,1,0.0403339683028316,0.2398089358245927,1.0623740616753183,-0.7426387389624927,0.1,1.4,1.571426659066262e-05,0.0777333376590997,-0.0685153548567051,1.0623740616753183,-0.038877755511022,0.0925851703406812,0.0780159983494352,1.057928370667171,0.8333333333333326,test,4
copper,0.1,6.0,CV,9,0.0062080853026626,0.0252856632279712,0.1119786265878513,-0.07883892097761,0.1,1.4,-1.4987228842491992e-06,0.0108563598017936,-0.0069102182694431,0.1119786265878513,-0.0613226452905811,0.101002004008016,0.0086998430214962,0.1097818250704637,0.7999999999999988,test,4
dopamine,0.5,6.5,CV,0,0.0270628968403504,0.1067109505065122,0.4843686409949634,-0.264876367344038,0.1,1.4,-3.878976579341533e-07,0.0378469050910659,-0.0372730243383499,0.4843686409949634,0.2276553106212424,0.1122244488977955,0.0425542969236115,0.4802212637364311,0.904761904761905,test,0
copper,0.1,6.5,CV,7,0.0060138354231483,0.0255547689781523,0.1127253547749947,-0.0761113818718439,0.1,1.4,-8.518840833162772e-07,0.0075790863024543,-0.0084054413148953,0.1127253547749947,-0.0529058116232464,0.0981963927855711,0.0086974007305128,0.110827068767878,0.9444444444444446,test,4
uric_acid,1.0,6.5,CV,0,0.0777124783715105,0.1787955166491043,0.7942396728356412,-0.0834180327383467,0.1,1.4,-3.2540849562763195e-06,0.0514833294830505,-0.0575857848841015,0.7942396728356412,0.3847695390781563,0.151503006012024,0.0920784318858233,0.7845028936755047,0.928571428571426,test,1
copper,1.0,7.0,CV,6,0.0412073847235832,0.2415469556310761,1.0443218149342643,-0.7691597474776483,0.1,1.4,5.750503947622697e-05,0.0933530001643884,-0.0732220315937094,1.0443218149342643,-0.0529058116232464,0.0953907815631261,0.0801556812116319,1.0389441039257226,0.8888888888888892,test,4
uric_acid,2.0,6.0,CV,1,0.1405961679756281,0.3295693822221939,1.4256786821622929,-0.1857480199076842,0.1,1.4,2.3815680458213777e-05,0.1046384428940561,-0.1005193370120225,1.4256786821622929,0.3987975951903807,0.1486973947895792,0.1676906028716952,1.4096453877104465,0.7666666666666656,test,1
glucose,0.5,6.5,CV,2,0.0492406883945026,0.0757978168274974,0.2852966306026419,-0.0268768140849167,0.1,1.4,-1.638322059785379e-06,0.0229183905723073,-0.0284409545510127,0.2852966306026419,0.4997995991983969,0.2384769539078156,0.0499668674539902,0.2720602914410286,0.8478260869565225,test,3
copper,1.0,8.0,CV,1,0.0405247409373195,0.2409481888163702,1.0786076080673583,-0.7392925603575472,0.1,1.4,1.5774881731580383e-05,0.0772643949312761,-0.0687390909133112,1.0786076080673583,-0.0360721442885771,0.0981963927855711,0.0812079240421217,1.0738903449363366,0.842105263157898,test,4
glucose,0.2,6.5,CV,4,0.0225779424489355,0.0307622146426816,0.1198579611709664,-0.0106255697381724,0.1,1.4,-8.584090918145526e-06,0.0104472814666055,-0.0131547529376013,0.1198579611709664,0.4997995991983969,0.2356713426853707,0.0200732203656338,0.111682862651911,0.9090909090909112,test,3
glucose,0.1,6.0,CV,3,0.0133968271938705,0.0156774507445748,0.0614083174083983,-0.0043405828023246,0.1,1.4,-1.7648176690002105e-05,0.0058225926940033,-0.0107023879042305,0.0614083174083983,0.5138276553106212,0.2356713426853707,0.0102833153085098,0.0551885395416577,0.9534883720930244,test,3
dopamine,0.5,6.0,CV,9,0.0273868546111331,0.1058893787766821,0.4803778230553279,-0.2507424274923118,0.1,1.4,-1.563352585741845e-05,0.0370887198651838,-0.0382876138623781,0.4803778230553279,0.2585170340681363,0.1094188376753507,0.041598499849876,0.4749567612454673,0.9499999999999992,test,0
aluminum,10.0,8.0,CV,3,0.3324281178962427,1.076314685527922,4.334716923636053,-2.213651349836871,0.1,1.4,-0.0014456443068692,0.3523404417199903,-0.6487751131235462,4.334716923636053,-0.294188376753507,0.1711422845691382,0.5611633168718685,4.286040486812642,0.7941176470588236,test,5
copper,0.2,7.0,CV,4,0.0103497081226895,0.0510774303011335,0.2255175300851502,-0.161324096863589,0.1,1.4,-1.1093680974758186e-05,0.0195503692756639,-0.0160508305830123,0.2255175300851502,-0.0472945891783567,0.0981963927855711,0.0171204234184897,0.2229023669732532,0.9444444444444456,test,4
glucose,5.0,6.0,CV,1,0.3348325898783108,0.5647342234617401,2.0584483697937217,-0.2529054996146423,0.1,1.4,4.1975287241182016e-05,0.1950719029863458,-0.1614619835411597,2.0584483697937217,0.5306613226452906,0.2356713426853709,0.3701850269658888,1.999752037037395,0.8260869565217381,test,3
copper,0.1,8.0,CV,9,0.0062931140866583,0.0258157057715676,0.1151974283821015,-0.0768838624440801,0.1,1.4,-1.5848463714433388e-06,0.0108847693113284,-0.0075615565914081,0.1151974283821015,-0.0416833667334669,0.0981963927855711,0.008769626666294,0.1129780674023216,0.8421052631578941,test,4
copper,10.0,7.0,CV,4,0.237661375219147,1.4420901128475567,6.3052794465937065,-4.636520443312788,0.1,1.4,-0.0003858132502353,0.548878551334681,-0.4484788141790966,6.3052794465937065,-0.0472945891783567,0.0981963927855711,0.4824366395050944,6.281132555789196,0.9444444444444456,test,4
ascorbic_acid,1.0,7.0,CV,7,0.1174539838174246,0.2299075779715289,0.9431163265109525,-0.0834623210577481,0.1,1.4,-3.803110815470667e-05,0.0662696604516701,-0.0667769477250028,0.9431163265109525,0.0565130260521041,0.1907815631262525,0.1339870765834653,0.926368311576019,0.9999999999999988,test,2
aluminum,2.0,6.0,CV,5,0.1022309341626425,0.3271484683150223,1.270528937262107,-0.7060542973108923,0.1,1.4,-0.0001529223563978,0.099810490339009,-0.1709601124225759,1.270528937262107,-0.344689378757515,0.1711422845691382,0.1688651880940352,1.2541890037443175,0.648648648648649,test,5
copper,0.1,7.0,CV,2,0.0061726474634389,0.0256713476116099,0.1163955022879269,-0.0772609706177329,0.1,1.4,1.6492769810171129e-06,0.0073556507598017,-0.0077192223648045,0.1163955022879269,-0.0529058116232464,0.0981963927855711,0.0086937971755758,0.1144562203749355,0.8421052631578941,test,4
uric_acid,0.5,7.0,CV,6,0.0425677246787036,0.0931210722259249,0.4039226543205288,-0.0369789933445986,0.1,1.4,2.8346885098537982e-05,0.0435842609371912,-0.0328547594317914,0.4039226543205288,0.342685370741483,0.1571142284569138,0.0489532789273908,0.3960582189656108,0.6969696969696967,test,1
copper,10.0,7.0,CV,3,0.2450387958252949,1.4428814673806474,6.258855760882933,-4.538186390817594,0.1,1.4,-0.0013369840488444,0.3964076904594332,-0.7024738776768416,6.258855760882933,-0.0472945891783567,0.101002004008016,0.4928206905721077,6.22576977223969,0.8947368421052635,test,4
uric_acid,5.0,6.0,CV,4,0.2918650982069786,0.6785700468314654,2.9399258212184787,-0.3378511647103588,0.1,1.4,-0.0002167664548171,0.2003105401261172,-0.2533980901584039,2.9399258212184787,0.4044088176352706,0.1543086172344691,0.3524816633940242,2.9038460315985413,0.9642857142857136,test,1
aluminum,10.0,6.0,CV,9,0.3254848627220357,1.0715456699202994,4.268126495725792,-2.3016779451153844,0.1,1.4,-0.0006215702935906,0.3453558864890017,-0.3996053406525349,4.268126495725792,-0.3278557114228457,0.1655310621242485,0.5405087256897061,4.222929573413225,0.9666666666666676,test,5
glucose,2.0,8.0,CV,5,0.1708206002153706,0.2780578355391386,1.0070092439831286,-0.1011720704129915,0.1,1.4,-2.344880350068353e-05,0.1007462364873065,-0.1083786559164147,1.0070092439831286,0.4408817635270542,0.2356713426853707,0.1813178140411693,0.9690380046435378,0.6470588235294132,test,3
copper,0.2,7.0,CV,7,0.0100081497897645,0.0509691250775045,0.223256546174871,-0.1556659281350721,0.1,1.4,-4.420041896467624e-06,0.0150181406570722,-0.0165699062555398,0.223256546174871,-0.0472945891783567,0.0953907815631261,0.0169641188210629,0.2212151116287319,0.8888888888888892,test,4
aluminum,0.1,6.0,CV,4,0.0077378459579058,0.0189420288641545,0.0753206115962852,-0.0377470042294921,0.1,1.4,-1.089950504430159e-05,0.0062390277876324,-0.0107191536664525,0.0753206115962852,-0.3362725450901803,0.1683366733466934,0.0096941778684364,0.0726273830536078,0.7142857142857145,test,5
glucose,5.0,6.0,CV,2,0.3373102240087553,0.5602992028247774,2.07705533069208,-0.2271401078906111,0.1,1.4,-2.9546746321780046e-05,0.1643811121252746,-0.2070088079149197,2.07705533069208,0.4997995991983969,0.2328657314629258,0.3627374405202734,2.006378726822252,0.6600000000000013,test,3
dopamine,10.0,6.0,CV,0,0.2775343539620329,1.221205310864756,5.449003710465752,-3.0889877783979363,0.1,1.4,-3.3424920888817544e-05,0.3455071782127172,-0.4072157366353246,5.449003710465752,0.2529058116232465,0.1122244488977955,0.4871190984252163,5.433762995371012,0.8181818181818203,test,0
dopamine,5.0,7.0,CV,5,0.1883864496777557,0.8040853377327469,3.617226587190341,-2.038349031625796,0.1,1.4,-5.804170921079488e-05,0.2233934950875412,-0.2840266510797816,3.617226587190341,0.2024048096192384,0.1122244488977955,0.3198887241477086,3.595085536239728,0.904761904761905,test,0
uric_acid,5.0,7.5,CV,4,0.2998330384876431,0.700330301470042,3.080412979372682,-0.3165415785049382,0.1,1.4,-0.0002228165733793,0.205829834920985,-0.2603799528231513,3.080412979372682,0.3286573146292585,0.1458917835671341,0.3514525746004439,3.044648738873346,0.9999999999999984,test,1
copper,0.5,7.5,CV,8,0.0222404925724974,0.1255022024298797,0.5503020187466899,-0.3881614823629496,0.1,1.4,8.849328389484336e-06,0.0392905335296423,-0.0375657803138521,0.5503020187466899,-0.038877755511022,0.101002004008016,0.0430906262689549,0.5471185519920014,0.8947368421052635,test,4
copper,0.5,6.5,CV,5,0.0224454406959456,0.1253014305155811,0.5524794250944121,-0.4013178328969802,0.1,1.4,-6.186975323506257e-06,0.0416982351683432,-0.040861076127531,0.5524794250944121,-0.0529058116232464,0.0981963927855711,0.0419242504361465,0.5486980370746914,0.9444444444444456,test,4
glucose,0.2,6.5,CV,8,0.022492192018628,0.0312025225942404,0.1205616682804845,-0.0100221762065688,0.1,1.4,4.8350530297126565e-06,0.0094318084250554,-0.009718138328835,0.1205616682804845,0.4745490981963928,0.2412825651302604,0.0209091588486333,0.1129350850965044,0.5357142857142856,test,3
dopamine,0.5,8.0,CV,1,0.0278919470313634,0.1110040320960616,0.502100694579029,-0.2848599453996312,0.1,1.4,9.042819009789429e-06,0.0310707168848185,-0.0365115261850221,0.502100694579029,0.1519038076152304,0.1150300601202405,0.0448283803540552,0.4971366050319779,0.8636363636363632,test,0
copper,1.0,8.0,CV,7,0.0400603531434603,0.242231671714115,1.0689293946844811,-0.7490918961768315,0.1,1.4,-3.124873303239957e-05,0.0686788301115561,-0.0768340164124099,1.0689293946844811,-0.0416833667334669,0.0981963927855711,0.0819638812428803,1.066338864595885,0.8421052631578941,test,4
ascorbic_acid,10.0,6.0,CV,0,0.6804674540931953,1.3526659255949278,5.634934570001396,-0.7013765570588777,0.1,1.4,-4.563536026709469e-05,0.4472888405175621,-0.4750232528178914,5.634934570001396,0.0929859719438878,0.1795591182364729,0.7585191386724661,5.531774709313499,0.8285714285714291,test,2
ascorbic_acid,10.0,6.5,CV,4,0.6943524001095549,1.381518401316853,5.4363279349938045,-0.5710476372760711,0.1,1.4,-0.0004624741211601,0.4387093067978901,-0.5369457866940992,5.4363279349938045,0.062124248496994,0.1907815631262525,0.8094568914314485,5.332452041429273,0.6585365853658545,test,2
copper,5.0,7.0,CV,2,0.1522566659623121,0.9245962135925964,4.112794898232663,-2.89078584641964,0.1,1.4,-3.805501247368056e-05,0.2628331688093283,-0.275040260074836,4.112794898232663,-0.0529058116232464,0.0981963927855711,0.311655094206396,4.1032192517386346,0.8421052631578941,test,4
copper,0.1,6.0,CV,7,0.0059937543597406,0.0254224246091625,0.1127457666290158,-0.0760318848227992,0.1,1.4,-8.324629329353617e-07,0.0077422566004354,-0.0085516448134756,0.1127457666290158,-0.0613226452905811,0.101002004008016,0.0088103410513453,0.110840692529564,0.8947368421052625,test,4
aluminum,5.0,7.0,CV,1,0.2054208206033766,0.6898107908243525,2.655350889872671,-1.4990345133593843,0.1,1.4,-0.000142731253384,0.1887559448408458,-0.3380535875590602,2.655350889872671,-0.3082164328657314,0.1683366733466934,0.3522936730821424,2.629801099590914,0.8750000000000003,test,5
aluminum,0.5,6.0,CV,6,0.0297757347061107,0.0916661650254841,0.3602314256397556,-0.1848762548333734,0.1,1.4,-6.5552370205751925e-06,0.0468024814359067,-0.0284523519556225,0.3602314256397556,-0.3390781563126252,0.1683366733466934,0.0463582775857295,0.3540220982429781,0.8181818181818181,test,5
ascorbic_acid,5.0,7.5,CV,6,0.4560623888257792,0.9032483876235206,3.5003855747436963,-0.3979012736097933,0.1,1.4,0.0002601300673329,0.4392045256725367,-0.2831116963217395,3.5003855747436963,0.0116232464929859,0.1991983967935872,0.5398732134898011,3.434629436944061,0.5434782608695646,test,2
aluminum,0.5,8.0,CV,4,0.0300045110420231,0.0933983913673812,0.3624646312455993,-0.1936392324699011,0.1,1.4,-4.6633256057121225e-05,0.0312355585973891,-0.0343579193351107,0.3624646312455993,-0.3138276553106212,0.1599198396793587,0.046577540217417,0.3569201552302786,0.7272727272727268,test,5
ascorbic_acid,0.5,6.0,CV,7,0.0612398966178283,0.117160820425824,0.4685443283501401,-0.0416729130527804,0.1,1.4,-1.8042386132035293e-05,0.0341464679992485,-0.0347348770107222,0.4685443283501401,0.087374749498998,0.1935871743486974,0.0687641418186669,0.4580945963466136,0.7250000000000003,test,2
dopamine,0.1,6.5,CV,6,0.0080521853519378,0.0219722212208076,0.1025102196337374,-0.0527248343352831,0.1,1.4,8.211183544175289e-06,0.0092155396925249,-0.0069262707014018,0.1025102196337374,0.2332665330661323,0.1094188376753506,0.0086273419541986,0.0990168516233759,0.9499999999999972,test,0
dopamine,10.0,6.0,CV,5,0.2842934866404435,1.2138983806174422,5.547138725548902,-2.883356959518751,0.1,1.4,-8.944771891571429e-05,0.3576175758709662,-0.4013300262254151,5.547138725548902,0.2669338677354709,0.1150300601202404,0.4929021768409601,5.514542556242421,0.7083333333333346,test,0
dopamine,0.1,7.5,CV,5,0.0082148631926724,0.0226371266393311,0.1067943734799476,-0.0523317697610746,0.1,1.4,1.0461167390307114e-06,0.0053181766495823,-0.0076453305546159,0.1067943734799476,0.1659318637274549,0.1150300601202405,0.0091883855649214,0.1033735339522814,0.7083333333333335,test,0
glucose,0.1,6.0,CV,2,0.0132547648178986,0.0155344426704776,0.0622674614774603,-0.0040297276851375,0.1,1.4,1.8354488954308432e-06,0.0049076620925329,-0.006214553779416,0.0622674614774603,0.4997995991983969,0.2328657314629258,0.0101682080895375,0.056285791641636,0.6600000000000013,test,3
ascorbic_acid,0.5,7.5,CV,4,0.0640320049592741,0.1218661168597464,0.4961837140346415,-0.0480113835945408,0.1,1.4,-3.851859729918969e-05,0.041363670452337,-0.047699301170186,0.4961837140346415,0.0200400801603206,0.1907815631262525,0.0713631243584011,0.4843488263803496,0.6190476190476192,test,2
aluminum,0.2,7.0,CV,5,0.0134907976465993,0.0376809143344267,0.1505345320062072,-0.0776628624470089,0.1,1.4,-1.1128863730186824e-05,0.0115992347580678,-0.0143503868572676,0.1505345320062072,-0.3054108216432865,0.1683366733466934,0.0191727673235613,0.1468667021060544,0.8749999999999998,test,5
copper,1.0,7.5,CV,8,0.04098310181035,0.2417284729056625,1.0578089341900134,-0.7504362170112842,0.1,1.4,1.4423247938154803e-05,0.075585517025637,-0.0722796737037205,1.0578089341900134,-0.038877755511022,0.101002004008016,0.0829674635338118,1.0534176950511462,0.8947368421052635,test,4
ascorbic_acid,1.0,7.0,CV,3,0.120875583651264,0.2294096097005788,0.8955431224089218,-0.1009475339798375,0.1,1.4,-0.000268013412862,0.087314437415891,-0.1419771724903953,0.8955431224089218,0.0789579158316633,0.2020040080160321,0.1388893555548108,0.8718829482517054,0.6744186046511629,test,2
aluminum,0.2,6.0,CV,2,0.0133231053133535,0.03765865428689,0.1469297854023063,-0.0771446719365377,0.1,1.4,-1.3687010368453086e-05,0.0107704893061246,-0.0170565195492158,0.1469297854023063,-0.3054108216432865,0.1711422845691382,0.0194107992890613,0.1435738620722483,0.6052631578947365,test,5
copper,0.1,6.0,CV,8,0.00611303906472,0.0255388620993837,0.115330599119811,-0.0785299686574294,0.1,1.4,4.05256788349106e-06,0.0090666063363221,-0.0068825632914785,0.115330599119811,-0.0613226452905811,0.0925851703406814,0.0082908147203319,0.1131349099486657,0.8333333333333318,test,4
copper,5.0,6.5,CV,4,0.1527402147934971,0.9227702829865924,3.9941275729496657,-2.92787519802498,0.1,1.4,-0.0002457814815055,0.3379671163121094,-0.2868815548987367,3.9941275729496657,-0.0501002004008015,0.0953907815631263,0.3027415221308615,3.97723580144233,0.8888888888888872,test,4
uric_acid,1.0,7.5,CV,3,0.0810696595507605,0.1815546104146066,0.8358348161201146,-0.074793135055763,0.1,1.4,-0.0001994285366134,0.0535349059595886,-0.1060158505711107,0.8358348161201146,0.3230460921843687,0.1458917835671342,0.0908987093836839,0.8222160228471801,0.7931034482758614,test,1
copper,2.0,7.5,CV,0,0.073679889586212,0.4479384378101559,1.9496602384391168,-1.4314871739241182,0.1,1.4,-9.951029269554067e-06,0.1319546244474709,-0.1843614160499963,1.9496602384391168,-0.0529058116232464,0.0981963927855711,0.1508852988784932,1.9437247620957343,0.6666666666666666,test,4
glucose,10.0,6.0,CV,7,0.5164538450557046,0.8724242558120426,3.1367847524905272,-0.3888399424318056,0.1,1.4,-0.0001570543942765,0.2772843299227185,-0.230384159275625,3.1367847524905272,0.5138276553106212,0.2384769539078157,0.5742606142099125,3.042708271385355,0.9318181818181815,test,3
glucose,2.0,7.5,CV,6,0.1691153657936384,0.2746442204168524,1.070952854667412,-0.0972871069660034,0.1,1.4,8.496913631772274e-05,0.1402302289529421,-0.0935588468147835,1.070952854667412,0.4829659318637275,0.2160320641282563,0.169275409947887,1.0318263871917437,0.9249999999999988,test,3
glucose,0.5,7.5,CV,6,0.0500402455185891,0.0765027993998708,0.3021352053386811,-0.0259577000770676,0.1,1.4,2.598055775768297e-05,0.0395452834755963,-0.0263705604287724,0.3021352053386811,0.4829659318637275,0.2160320641282563,0.0472405570600043,0.2882717894007161,0.9249999999999988,test,3
dopamine,0.5,6.0,CV,2,0.0270566558037789,0.1059017671662659,0.4892223179289218,-0.2681174099717625,0.1,1.4,-2.096748174088257e-06,0.0300736829185503,-0.0351963239845981,0.4892223179289218,0.2529058116232465,0.1066132264529058,0.0409740786435575,0.4846340769410628,0.8095238095238101,test,0
uric_acid,2.0,8.0,CV,2,0.1470348414275213,0.3424924051270434,1.5331139805099212,-0.1385786338603381,0.1,1.4,-1.5183650316032804e-05,0.0984420076056949,-0.1151086992836093,1.5331139805099212,0.2949899799599198,0.1486973947895791,0.173833865186897,1.5155750481426398,0.7096774193548377,test,1
ascorbic_acid,0.5,7.5,CV,7,0.0630165124024112,0.1205750651195569,0.4791713994783477,-0.0430644192024651,0.1,1.4,-1.867709393677241e-05,0.0353567245015028,-0.0344734681699997,0.4791713994783477,0.0565130260521041,0.1963927855711422,0.071689495162964,0.4683638699050539,0.7073170731707324,test,2
dopamine,1.0,8.0,CV,0,0.0510918614955465,0.2132266014149457,0.9877298132662472,-0.5298891443924661,0.1,1.4,-3.5573192176958646e-06,0.0772812713269472,-0.0715235233690742,0.9877298132662472,0.1575150300601202,0.1066132264529058,0.0825663821453432,0.9821392816254676,0.583333333333333,test,0
aluminum,10.0,7.5,CV,3,0.3322641121071364,1.073419577727759,4.256399618391948,-2.193658524335958,0.1,1.4,-0.0014809262630896,0.3509414568417658,-0.6461513953505011,4.256399618391948,-0.294188376753507,0.1627254509018036,0.540771444657354,4.209284296304492,0.7058823529411767,test,5
uric_acid,2.0,6.5,CV,4,0.1437337771402373,0.3311322671741037,1.4788062993730766,-0.1391883123824937,0.1,1.4,-0.0001042837380579,0.0976968034355334,-0.1235925545319976,1.4788062993730766,0.3763527054108216,0.1458917835671344,0.1664864924199283,1.4595504309077936,0.9259259259259262,test,1
glucose,0.5,6.0,CV,4,0.048999323835017,0.0748651662130088,0.2843104420775271,-0.0307129013535787,0.1,1.4,-2.4216329594303503e-05,0.0248909018353019,-0.0311944231452756,0.2843104420775271,0.4997995991983969,0.2328657314629258,0.0483489719028101,0.2708851224841763,0.7291666666666692,test,3
dopamine,10.0,7.0,CV,5,0.2913788464106631,1.2508463692658736,5.625160324933596,-3.172440697347769,0.1,1.4,-9.181826126346138e-05,0.3474621517029559,-0.4417727360362052,5.625160324933596,0.2024048096192384,0.1122244488977955,0.4976229583329319,5.592493776187438,0.904761904761905,test,0
copper,10.0,6.5,CV,0,0.2306716609218203,1.4295187005957248,6.325368768069935,-4.642392008523524,0.1,1.4,-3.7855661752014266e-05,0.3964098719947057,-0.549536424253295,6.325368768069935,-0.0529058116232464,0.0953907815631263,0.4715268315185776,6.309808070083972,1.0,test,4
glucose,0.1,6.5,CV,1,0.013257625097232,0.015729246730188,0.0611059205707387,-0.0042267172638868,0.1,1.4,3.985703981915834e-06,0.0058866688202864,-0.0048608974359709,0.0611059205707387,0.4857715430861723,0.2440881763527054,0.0106550062967134,0.0553069094975511,0.7058823529411755,test,3
glucose,10.0,6.0,CV,9,0.5258717250248217,0.873251436831415,3.191329365674101,-0.3676433307651913,0.1,1.4,-0.0001863304109083,0.31969471600749,-0.3131869085939652,3.191329365674101,0.4885771543086171,0.227254509018036,0.5576293680773919,3.0862486856793026,0.5882352941176457,test,3
uric_acid,10.0,8.0,CV,8,0.4662078327195379,1.0976359978458017,5.085283368163779,-0.435431001916254,0.1,1.4,6.587898178703854e-05,0.2781050003302309,-0.3881645224310096,5.085283368163779,0.3034068136272545,0.1458917835671341,0.5473204194153165,5.034631252759491,0.925925925925926,test,1
copper,2.0,7.0,CV,4,0.0751359327349803,0.4475256207963711,1.958313853931713,-1.436802295534895,0.1,1.4,-0.0001178927137337,0.1704144887224631,-0.1392973705945634,1.958313853931713,-0.0472945891783567,0.0981963927855711,0.1497507714317942,1.949666961408847,0.9444444444444456,test,4
glucose,2.0,6.0,CV,4,0.1653813639514978,0.2686451179653337,1.00740803676847,-0.1190119510505591,0.1,1.4,-9.29377826028316e-05,0.0883356172868005,-0.1104992734708296,1.00740803676847,0.4997995991983969,0.2328657314629258,0.173263075675018,0.9703020797901526,0.7291666666666692,test,3
ascorbic_acid,0.5,6.5,CV,9,0.0630728263909879,0.1183278999901641,0.4644332926600146,-0.0450576313051168,0.1,1.4,-2.211115584077522e-05,0.040884298344844,-0.0362545086214993,0.4644332926600146,0.0789579158316633,0.1963927855711422,0.0703279636892239,0.4508953213568229,1.0,test,2
ascorbic_acid,0.1,6.0,CV,0,0.0150926630410832,0.0241675356805089,0.1038416834082637,-0.0080796121613737,0.1,1.4,1.9129192949319944e-06,0.0082123186641617,-0.008687111758616,0.1038416834082637,0.0929859719438878,0.1795591182364729,0.0135191360874444,0.0989199790490482,0.8285714285714291,test,2
dopamine,0.2,7.0,CV,6,0.0131465472483373,0.0441743422821689,0.2074431577699774,-0.1073869773740305,0.1,1.4,1.3511124592362364e-05,0.0182617701407926,-0.0131855736328016,0.2074431577699774,0.1995991983967936,0.1094188376753506,0.0174256766875463,0.203611079003633,0.9500000000000012,test,0
uric_acid,0.1,6.0,CV,5,0.0110521564727395,0.01885185573028,0.0835055998164716,-0.0056854876056491,0.1,1.4,1.1116084098959548e-06,0.0071697235976434,-0.0060779949033179,0.0835055998164716,0.4072144288577154,0.1571142284569138,0.0098808767455965,0.0794250008285698,1.0,test,1
uric_acid,0.2,6.0,CV,7,0.0186180459551148,0.0376324874524987,0.168084678680541,-0.0127570380373825,0.1,1.4,-3.6002273367242364e-06,0.0113642421949057,-0.0109527510482478,0.168084678680541,0.4128256513026053,0.1543086172344688,0.0196121773030469,0.1638100243836677,0.8965517241379294,test,1
ascorbic_acid,0.1,7.5,CV,3,0.0157590630824452,0.0248989005366598,0.1026055158432014,-0.0094695868909133,0.1,1.4,-2.7339636821149054e-05,0.0094887526379344,-0.0157839413997593,0.1026055158432014,0.0284569138276553,0.1851703406813627,0.0141929163306215,0.0972435243635302,0.7837837837837843,test,2
dopamine,1.0,7.5,CV,2,0.0511003734017889,0.2102876599869696,0.9663916116033257,-0.5310979009521009,0.1,1.4,-6.9682696528114985e-06,0.0639915927371567,-0.0717977796105204,0.9663916116033257,0.1659318637274549,0.1150300601202405,0.085231648686767,0.9601276594819222,0.7826086956521753,test,0
copper,1.0,6.0,CV,8,0.0404010806370072,0.2383874903108481,1.0580040873841372,-0.7587460427815076,0.1,1.4,1.4244771811623896e-05,0.0838551430274524,-0.0637364370008851,1.0580040873841372,-0.0613226452905811,0.0925851703406814,0.0772227495980086,1.05339749043436,0.8333333333333318,test,4
uric_acid,0.5,7.5,CV,3,0.0435377930528542,0.0941881406260407,0.435519265076021,-0.0380195592459901,0.1,1.4,-0.0001025704945696,0.0279086033279717,-0.055229971512369,0.435519265076021,0.3230460921843687,0.1458917835671342,0.0472361351794853,0.4272950470707685,0.7931034482758614,test,1
glucose,2.0,7.0,CV,6,0.1679118791225431,0.2731850041488564,1.0717411383522903,-0.0966946679172599,0.1,1.4,8.449049529049266e-05,0.1394132581612008,-0.0908670447410496,1.0717411383522903,0.4829659318637275,0.2300601202404809,0.1755977069915547,1.0322360352920217,0.7826086956521745,test,3
dopamine,0.5,7.0,CV,9,0.028001138091239,0.1085107111378955,0.4960290022870551,-0.2544179148640347,0.1,1.4,-1.610535228831616e-05,0.0300612417115189,-0.0411979735433313,0.4960290022870551,0.1967935871743487,0.1122244488977955,0.0432348334061317,0.4906012330896444,0.904761904761905,test,0
dopamine,10.0,6.5,CV,4,0.2863436696869262,1.2424663565887524,5.757970311755934,-3.3370361608692614,0.1,1.4,-0.0003461312205191,0.3689818548384178,-0.4130944860816775,5.757970311755934,0.2192384769539078,0.1066132264529058,0.4807578758644388,5.736690022841265,0.6521739130434792,test,0
ascorbic_acid,2.0,6.0,CV,1,0.2128946511408252,0.4169882828738243,1.7059896355394817,-0.1715246329531199,0.1,1.4,3.1142051155165215e-05,0.1411302997100731,-0.136131692026463,1.7059896355394817,0.0845691382765531,0.1907815631262525,0.2425661192666535,1.6679562333557651,0.7,test,2
uric_acid,5.0,7.0,CV,0,0.2938146388430732,0.696360640156709,3.034913699861061,-0.3379592153387111,0.1,1.4,-2.0711211219651472e-05,0.2245626423428449,-0.2234760404773425,3.034913699861061,0.3482965931863727,0.1515030060120239,0.3574010331367678,3.0055166520865657,0.8620689655172417,test,1
uric_acid,2.0,6.5,CV,5,0.1442246948315689,0.3321537479200661,1.406202570061291,-0.1335505374598484,0.1,1.4,-2.587273922351485e-05,0.1333168354257424,-0.0890939424446922,1.406202570061291,0.3819639278557114,0.1543086172344688,0.171427374332582,1.3864764510214271,0.9642857142857136,test,1
aluminum,1.0,6.5,CV,7,0.0542020259542945,0.1777738422299914,0.7064402395716428,-0.369586877144206,0.1,1.4,-8.612120747966642e-05,0.0533901954915675,-0.0986149733014148,0.7064402395716428,-0.3110220440881763,0.1599198396793587,0.0878634960745692,0.7000576602453104,0.7812500000000006,test,5
dopamine,2.0,8.0,CV,0,0.0925534188408532,0.3971096781050527,1.8365095368085669,-0.989542632472761,0.1,1.4,-9.025587195900186e-06,0.1437654340396829,-0.1331194650622935,1.8365095368085669,0.1575150300601202,0.1066132264529058,0.1537162415227281,1.8283803973200337,0.583333333333333,test,0
glucose,0.1,6.5,CV,7,0.0132153697774178,0.0156272287216239,0.0608303695893052,-0.003727836985526,0.1,1.4,-2.9304301993255625e-07,0.0053723912463547,-0.0044750510251385,0.0608303695893052,0.4829659318637275,0.2440881763527054,0.010521558073288,0.054903856461517,0.6730769230769229,test,3
copper,2.0,6.5,CV,3,0.0770503743329502,0.4458170341954546,1.9080955852112949,-1.392945948363917,0.1,1.4,-0.0004111676581148,0.1192087469545515,-0.2170376840675089,1.9080955852112949,-0.0472945891783567,0.101002004008016,0.1523654931570774,1.8965290334984684,0.7999999999999996,test,4
aluminum,0.5,6.5,CV,2,0.0297074265603233,0.0924334290220719,0.3650324187978214,-0.1955453023202351,0.1,1.4,-3.242090108708466e-05,0.02654608075387,-0.0409791853462027,0.3650324187978214,-0.3054108216432865,0.1655310621242485,0.0466808253258639,0.3596508790969102,0.6388888888888884,test,5
aluminum,5.0,7.0,CV,9,0.2108104789669412,0.6958889118634786,2.7723551544907545,-1.4122881278535069,0.1,1.4,-0.0003289044566796,0.2238762595133229,-0.31975636317175,2.7723551544907545,-0.3222444889779559,0.1655310621242485,0.3510710778672583,2.7434742928836187,0.787878787878788,test,5
glucose,0.1,6.0,CV,6,0.0132778836099567,0.0155256416608705,0.0641140422433624,-0.0043128372839156,0.1,1.4,7.807368300795387e-06,0.008526285658013,-0.005175946442214,0.0641140422433624,0.4829659318637275,0.2272545090180362,0.0099812645736274,0.0579426509104703,0.4727272727272733,test,3
dopamine,0.5,7.5,CV,7,0.0273639915665423,0.1098172436397779,0.5024309920919736,-0.2652436673023493,0.1,1.4,-1.3374432350503729e-05,0.0426116316007817,-0.0332002559935784,0.5024309920919736,0.1659318637274549,0.1122244488977955,0.0441717420556165,0.4989562053400872,0.7391304347826093,test,0
uric_acid,2.0,6.0,CV,6,0.1423386637361762,0.3286877614691971,1.447045707654573,-0.1307492015119719,0.1,1.4,9.227235413218748e-05,0.152695762203758,-0.1304076214909584,1.447045707654573,0.4044088176352706,0.1402805611222444,0.1601215478564612,1.4266993668639574,0.9230769230769248,test,1
ascorbic_acid,0.1,6.5,CV,8,0.0152800104895026,0.0245358434771413,0.1020507658043721,-0.0071535326114906,0.1,1.4,4.333254077971978e-06,0.0078167466081858,-0.0080789852562739,0.1020507658043721,0.0845691382765531,0.1907815631262525,0.0142299114115696,0.0971320190476901,0.9999999999999988,test,2
dopamine,5.0,8.0,CV,7,0.18628684829911,0.8254363704090452,3.751292385438203,-2.075071948688953,0.1,1.4,-0.0001182284552222,0.3468912371588005,-0.2626496815935236,3.751292385438203,0.1490981963927855,0.1094188376753506,0.3241417859246256,3.742998435881754,0.9500000000000012,test,0
dopamine,0.1,8.0,CV,9,0.0082897729515699,0.0229357537584303,0.1083903465019279,-0.0530818142597169,0.1,1.4,-1.284391044102856e-06,0.0065987030034093,-0.0079566320494293,0.1083903465019279,0.1462925851703407,0.1122244488977955,0.0091767566515845,0.104922013972996,0.999999999999998,test,0
aluminum,0.2,7.5,CV,3,0.0137042727628062,0.0380252796730751,0.1525211013193214,-0.0749709143731832,0.1,1.4,-5.0223461167177725e-05,0.0125774084114809,-0.0231127459416505,0.1525211013193214,-0.294188376753507,0.1627254509018036,0.0191013277673187,0.1489876845914157,0.7058823529411767,test,5
ascorbic_acid,10.0,7.0,CV,4,0.7013112986089577,1.3945149981622984,5.484053974201171,-0.5781981420972628,0.1,1.4,-0.0004671590118603,0.4543348846698201,-0.5423521705731784,5.484053974201171,0.0537074148296593,0.1851703406813626,0.8001747683458994,5.378555938304976,0.8333333333333337,test,2
copper,0.5,7.0,CV,7,0.0215638629344043,0.1245058736907434,0.5421493637340629,-0.3846919602359126,0.1,1.4,-1.4741121856591686e-05,0.0365554243557867,-0.0403543426151222,0.5421493637340629,-0.0472945891783567,0.0953907815631261,0.0414048614079974,0.5399294507067627,0.8888888888888892,test,4
aluminum,5.0,6.0,CV,5,0.209621118815295,0.6776962145310902,2.6302512794231543,-1.4654892836051263,0.1,1.4,-0.0003197365024537,0.2066221068572368,-0.3540728777597373,2.6302512794231543,-0.344689378757515,0.1711422845691382,0.349906507353891,2.598621761585883,0.648648648648649,test,5
uric_acid,2.0,7.5,CV,4,0.146298263664942,0.337998981211331,1.488675447268673,-0.1514060924790793,0.1,1.4,-0.0001062308801925,0.099473107707576,-0.1258395648727776,1.488675447268673,0.3286573146292585,0.1458917835671341,0.1696630811102526,1.4698612382752672,0.9999999999999984,test,1
aluminum,10.0,8.0,CV,7,0.316791847896503,1.0783556672841317,4.346699402175497,-2.161992170669992,0.1,1.4,-0.0003946548322962,0.3236371869795676,-0.45986125117109,4.346699402175497,-0.3110220440881763,0.1655310621242485,0.5464471278478175,4.315524806077827,0.787878787878788,test,5
copper,0.1,6.5,CV,2,0.0061518192005804,0.0255470630684749,0.1159824014072985,-0.0769394235149768,0.1,1.4,1.6551214604940914e-06,0.0074580321459208,-0.0080723808102145,0.1159824014072985,-0.0529058116232464,0.0953907815631263,0.0084879725500245,0.1140347090215607,1.0,test,4
dopamine,0.2,8.0,CV,7,0.0130973837242229,0.0454357599703392,0.2096276131473648,-0.1112615269060002,0.1,1.4,-3.957751108474517e-06,0.0192770688714367,-0.0145512757775453,0.2096276131473648,0.1490981963927855,0.1094188376753506,0.0178624754444419,0.2063590604834164,0.9500000000000012,test,0
aluminum,2.0,7.5,CV,2,0.1018378430330883,0.3346522650423459,1.3481761160736188,-0.7103728330188882,0.1,1.4,-9.326376199086364e-05,0.096224541610754,-0.1422014121274132,1.3481761160736188,-0.3054108216432865,0.1627254509018036,0.1671581935112517,1.3338404270529982,0.9333333333333328,test,5
glucose,1.0,6.5,CV,1,0.09048354912609,0.1470618607668256,0.5325330137169508,-0.0613413089305312,0.1,1.4,1.3086295011508832e-05,0.0512069197225711,-0.0423754558245318,0.5325330137169508,0.4857715430861723,0.2440881763527054,0.0988365323837155,0.513319158763756,0.7058823529411755,test,3
dopamine,0.1,7.0,CV,3,0.0082432266221888,0.022332069380217,0.1057979121733019,-0.0531343872743918,0.1,1.4,-1.9573517035292463e-05,0.0058703075439519,-0.0117119076081145,0.1057979121733019,0.2024048096192384,0.1122244488977955,0.0089339922907634,0.1022022756635816,0.904761904761905,test,0
dopamine,0.1,6.5,CV,5,0.008088405043784,0.0219258971637541,0.1025663446173399,-0.0514635611238463,0.1,1.4,1.0885413178159084e-06,0.0058837126269559,-0.0079011635897634,0.1025663446173399,0.2304609218436873,0.1094188376753507,0.0086137276817936,0.0990243121766106,0.9499999999999992,test,0
copper,0.2,7.0,CV,2,0.0102807469712812,0.0509426336233056,0.2287801872132569,-0.1563814676875278,0.1,1.4,5.327334080503614e-07,0.0145400579040516,-0.0152366868673363,0.2287801872132569,-0.0529058116232464,0.0981963927855711,0.0172192994052382,0.2266850283123978,0.8421052631578941,test,4
aluminum,1.0,6.0,CV,2,0.0552647695562062,0.1772214640041206,0.6848004354740932,-0.3731551599925349,0.1,1.4,-7.469217107241313e-05,0.0503130963553856,-0.0796994010070637,0.6848004354740932,-0.3054108216432865,0.1711422845691382,0.0916492691036072,0.6764336292781653,0.6052631578947365,test,5
dopamine,5.0,8.0,CV,6,0.1917602669610131,0.8241392976483944,3.7433648382751374,-2.0686382745272627,0.1,1.4,0.0001990895638019,0.3350172419575404,-0.257449428300942,3.7433648382751374,0.137875751503006,0.1178356713426853,0.3398731635151261,3.72380704469758,0.7499999999999992,test,0
ascorbic_acid,2.0,8.0,CV,1,0.2214312651567489,0.4340988123478347,1.7083326739885532,-0.1785823745170694,0.1,1.4,3.2294191562011966e-05,0.1472930381289392,-0.1323582553348332,1.7083326739885532,0.0200400801603206,0.1879759519038075,0.2508875235461406,1.6702041321348855,0.9705882352941184,test,2
ascorbic_acid,5.0,7.0,CV,0,0.447369710717848,0.8880850905697216,3.582309542870673,-0.4585145592723891,0.1,1.4,-2.8979192580957937e-05,0.272487289008964,-0.2948739821790953,3.582309542870673,0.0537074148296593,0.1851703406813627,0.5087645067336671,3.5129396110948936,0.885714285714286,test,2
copper,1.0,7.5,CV,7,0.039871750941885,0.2410312471530662,1.0615526868816891,-0.7480226411921508,0.1,1.4,-3.1089571507130425e-05,0.0698350606555489,-0.0778215879320122,1.0615526868816891,-0.0416833667334669,0.0981963927855711,0.0816156471409993,1.0589469842833492,0.9444444444444456,test,4
uric_acid,0.5,7.0,CV,9,0.0427833529747312,0.0933875152469574,0.4047233460495766,-0.0392467728994872,0.1,1.4,-1.582811932819716e-05,0.0296111234743741,-0.0271103849024386,0.4047233460495766,0.3370741482965932,0.1543086172344689,0.0487175238831766,0.3971240278734315,0.617647058823529,test,1
glucose,1.0,7.0,CV,6,0.092025751598784,0.1466657806346007,0.5778167989092868,-0.050807486012287,0.1,1.4,4.684462476885034e-05,0.0751572188830062,-0.0489819510124402,0.5778167989092868,0.4829659318637275,0.2300601202404809,0.0943338658010855,0.5546889625165359,0.7826086956521745,test,3
aluminum,10.0,6.5,CV,8,0.3212764548586343,1.068522324243889,4.103575556371835,-2.3396405448795523,0.1,1.4,-0.0002828320141341,0.3266587702611174,-0.4921166566082111,4.103575556371835,-0.319438877755511,0.1711422845691382,0.5523496065703066,4.054977330042041,0.9062499999999996,test,5
dopamine,1.0,6.5,CV,0,0.0493465760962272,0.2056071903060279,0.9301393245895104,-0.5127802063023201,0.1,1.4,-3.326924911530881e-06,0.0727529084413031,-0.0717088422173259,0.9301393245895104,0.2276553106212424,0.1122244488977955,0.081978246965824,0.925016246931022,0.904761904761905,test,0
ascorbic_acid,5.0,7.5,CV,7,0.4488868430832436,0.8952001166372053,3.5385870866341937,-0.3331330257658004,0.1,1.4,-0.0001558677031805,0.2613412042890807,-0.2549116386393879,3.5385870866341937,0.0565130260521041,0.1963927855711422,0.532542697121392,3.477777584937207,0.7073170731707324,test,2
aluminum,0.2,7.0,CV,8,0.0133363769321175,0.0379955278445263,0.1491717717192701,-0.082305655444989,0.1,1.4,-5.443329370051876e-06,0.0116803809575768,-0.0127551625442539,0.1491717717192701,-0.2997995991983967,0.1711422845691382,0.0195615061007773,0.145590990291162,0.6944444444444448,test,5
uric_acid,0.2,7.5,CV,9,0.0194366113888803,0.0385255935358833,0.1738627729414152,-0.0145018107744747,0.1,1.4,-4.972920289781373e-06,0.0123549197402083,-0.0113044000437523,0.1738627729414152,0.3258517034068136,0.1486973947895792,0.0195437638036337,0.1687421094707752,0.8928571428571412,test,1
glucose,0.2,6.5,CV,1,0.0223787972972321,0.0312297829274304,0.1167862844204846,-0.0108833505757435,0.1,1.4,5.060576282976268e-06,0.0112394510971263,-0.0092917480881159,0.1167862844204846,0.4857715430861723,0.2440881763527054,0.0210757387010791,0.1094257508948484,0.7058823529411755,test,3
glucose,0.2,6.0,CV,9,0.022492472649058,0.0309010298688045,0.1175720107152969,-0.0090973923934396,0.1,1.4,-4.1628194117061015e-06,0.0117418245024768,-0.0114661739206467,0.1175720107152969,0.4885771543086171,0.227254509018036,0.0198091527324151,0.1097084733617527,0.5882352941176457,test,3
copper,0.5,7.5,CV,6,0.022459744968384,0.1260324913592702,0.5371093434050807,-0.4028627576852643,0.1,1.4,3.140136110330122e-05,0.0487978083307505,-0.0381327518158164,0.5371093434050807,-0.0529058116232464,0.0981963927855711,0.0425451804192101,0.5334113191331507,0.6666666666666666,test,4
copper,0.2,7.0,CV,3,0.0106135679988721,0.0511088897190649,0.2238571465151284,-0.1578377532281715,0.1,1.4,-4.511313337529173e-05,0.0141295319162141,-0.0251031742420544,0.2238571465151284,-0.0472945891783567,0.101002004008016,0.0174762793035184,0.2207874443463147,0.8947368421052635,test,4
uric_acid,0.5,6.0,CV,4,0.0418849106813053,0.0912022587240159,0.3984723210671372,-0.0436837857519852,0.1,1.4,-2.6953562614949635e-05,0.0271514033085081,-0.0343532017435915,0.3984723210671372,0.4044088176352706,0.1543086172344691,0.0474160443603795,0.3907407918095915,0.9642857142857136,test,1
copper,1.0,6.0,CV,6,0.0408160675228575,0.2391078635596442,1.0487534135978416,-0.7403530713231818,0.1,1.4,5.692981426078018e-05,0.0923711741758963,-0.069983806416544,1.0487534135978416,-0.0613226452905811,0.101002004008016,0.0821791456077267,1.0434203254837704,0.8947368421052625,test,4
dopamine,2.0,6.5,CV,2,0.0903958405118181,0.3841206797310267,1.7667386733438135,-0.9313520710618022,0.1,1.4,-1.492336053220733e-05,0.1094512403606285,-0.147965728781906,1.7667386733438135,0.2164328657314629,0.1066132264529058,0.1486172474284512,1.7567794717228329,0.583333333333333,test,0
dopamine,0.2,6.0,CV,7,0.012606143759172,0.0434325952246411,0.2026050245690323,-0.1045275991729712,0.1,1.4,-3.632051892186102e-06,0.0138635223521493,-0.0148056377270068,0.2026050245690323,0.2557114228456913,0.1122244488977955,0.0173883996444849,0.1993491858106564,0.904761904761905,test,0
copper,0.1,7.0,CV,7,0.0060339627294386,0.0256852780965209,0.1135844131518684,-0.076900361539545,0.1,1.4,-8.704641324037464e-07,0.0076111383268264,-0.0083900736451014,0.1135844131518684,-0.0472945891783567,0.0953907815631261,0.0085673973355328,0.1116968732976173,0.8888888888888892,test,4
copper,10.0,6.0,CV,6,0.2348997009837747,1.4347491494987203,6.28156818518398,-4.457787347550894,0.1,1.4,0.0003269856019103,0.5533172237177133,-0.4195517196008533,6.28156818518398,-0.0613226452905811,0.101002004008016,0.4927567588078451,6.257044162432971,0.8947368421052625,test,4
dopamine,2.0,6.0,CV,8,0.0890015392807678,0.3780700639045791,1.7160042728411258,-0.9493383987573416,0.1,1.4,2.1877662242359848e-05,0.1134440877968482,-0.1642975429635226,1.7160042728411258,0.2557114228456913,0.1122244488977955,0.1499045654397183,1.705516012522676,0.999999999999998,test,0
aluminum,10.0,6.5,CV,0,0.3186135857655373,1.0724398674764128,4.106712150885942,-2.36265123814856,0.1,1.4,-0.0003833315601362,0.3101270937707184,-0.6302679782801068,4.106712150885942,-0.3334669338677354,0.1683366733466934,0.5466310327203996,4.064843422675951,0.7647058823529412,test,5
glucose,0.1,7.0,CV,9,0.013472027670055,0.0156940566065624,0.06317668681989,-0.0029649668075061,0.1,1.4,-8.776482889168106e-07,0.0061039743012036,-0.0059338535595719,0.06317668681989,0.4857715430861723,0.2272545090180361,0.0100981856976286,0.0569667285558476,0.8409090909090902,test,3
glucose,0.1,6.5,CV,5,0.0133891683259993,0.0157254586546663,0.0621927275577845,-0.00217450915912,0.1,1.4,1.2093771265669186e-06,0.0058077587232441,-0.0067356545821124,0.0621927275577845,0.4829659318637275,0.2384769539078156,0.0104217584045459,0.0561216067154527,0.6346153846153846,test,3
ascorbic_acid,10.0,7.5,CV,5,0.7104456719862988,1.405064245774538,5.774702826051849,-0.6109279010531038,0.1,1.4,-0.0001243027472078,0.4234925005213455,-0.4754457405192842,5.774702826051849,0.0172344689378757,0.1795591182364729,0.7858897018472265,5.663126219157936,0.5609756097560971,test,2
copper,10.0,8.0,CV,5,0.2418219492744998,1.468927856415436,6.392634597827068,-4.68824564902698,0.1,1.4,-0.0001022710843063,0.5081759619964004,-0.4515032014954832,6.392634597827068,-0.0416833667334669,0.0953907815631263,0.4814128902809909,6.3648603851211885,0.8888888888888872,test,4
uric_acid,0.2,7.0,CV,4,0.0192136523529989,0.0380561607143994,0.1697956905920221,-0.0138007193377066,0.1,1.4,-9.73217590382661e-06,0.011440982255952,-0.0144796479152897,0.1697956905920221,0.3482965931863727,0.1486973947895792,0.0194074644956806,0.1646786608456165,0.7666666666666656,test,1
uric_acid,5.0,8.0,CV,3,0.3068108415540468,0.7066118399315748,3.0912555820398047,-0.2962368434295559,0.1,1.4,-0.0007819962184218,0.2240394673261995,-0.4114753788410852,3.0912555820398047,0.3230460921843687,0.1486973947895792,0.3554828261444859,3.047572064574545,0.709677419354839,test,1
ascorbic_acid,2.0,8.0,CV,0,0.2217958904763424,0.4374466002409566,1.8515003811506927,-0.2234714248506092,0.1,1.4,-1.2859264839351958e-05,0.1302488726890908,-0.1527062841331089,1.8515003811506927,0.0144288577154308,0.176753507014028,0.2421839128484532,1.814355015298384,0.8529411764705892,test,2
ascorbic_acid,0.5,6.5,CV,8,0.0625226263107093,0.1187083585168659,0.4821235883665957,-0.041656664923093,0.1,1.4,1.0023946948946538e-05,0.0371905366152237,-0.0381414306499811,0.4821235883665957,0.0845691382765531,0.1907815631262525,0.0690029919141752,0.4700824469413396,0.9999999999999988,test,2
