substance,concentration,ph,method,seed,meanCurrent,stdCurrent,maxCurrent,minCurrent,meanVoltage,voltageRange,meanGradient,maxGradient,minGradient,peakCurrent,peakPotential,peakWidth,peakArea,peakProminence,peakSymmetry
dopamine,0.1,6.0,CV,0,0.007898990457945062,0.021724691567250865,0.10016113321116576,-0.05246829722181187,0.10000000000000003,1.4,2.1396568299720038e-06,0.006315283637015011,-0.007394209962143204,0.10016113321116576,0.25290581162324655,0.11222444889779559,0.008661319520099298,0.0967214145412381,0.8181818181818203
dopamine,0.1,6.0,CV,1,0.007883489292637672,0.021675679047874707,0.10295596106352702,-0.05274098530841208,0.10000000000000003,1.4,4.059247034672381e-06,0.006706570777800526,-0.007093541561139938,0.10295596106352702,0.2585170340681363,0.10941883767535077,0.008526919390940838,0.09941428413858458,0.9499999999999992
dopamine,0.1,6.0,CV,2,0.0079627866264741,0.02179340236577307,0.10333277159981082,-0.05316514186074782,0.10000000000000003,1.4,1.7701654861046668e-06,0.0062653601063000705,-0.007354246244023099,0.10333277159981082,0.25290581162324655,0.10661322645290583,0.008437799456484802,0.0999239629727155,0.8095238095238101
dopamine,0.1,6.0,CV,3,0.008114408553443005,0.02173911790685635,0.10097444643841635,-0.049216066683092224,0.10000000000000003,1.4,-1.9024537090089904e-05,0.007758511628372891,-0.011424059242460753,0.10097444643841635,0.26132264529058113,0.11222444889779559,0.008615908823903708,0.09728732480891106,0.8181818181818203
dopamine,0.1,6.0,CV,4,0.007994202978794732,0.021778434467095136,0.10270811194064265,-0.05214690476176923,0.10000000000000003,1.4,-3.526433004743243e-06,0.006218562142779129,-0.007927468450257463,0.10270811194064265,0.25290581162324655,0.10941883767535077,0.008569647874853745,0.09928686555597326,0.8571428571428585
dopamine,0.1,6.0,CV,5,0.0080232302588586,0.021601364769134178,0.1020438312982,-0.04877644348320139,0.10000000000000003,1.4,1.1099002613943927e-06,0.006523937234314582,-0.007239833295942438,0.1020438312982,0.2669338677354709,0.11503006012024042,0.008788799702257823,0.09851036747282571,0.7083333333333346
dopamine,0.1,6.0,CV,6,0.007987461110320155,0.021694833254143103,0.10362692329255568,-0.051073620700344005,0.10000000000000003,1.4,8.143942650884913e-06,0.009100769243057345,-0.008092781512383003,0.10362692329255568,0.25290581162324655,0.10941883767535077,0.008526293204302746,0.10012604194379672,0.8571428571428585
dopamine,0.1,6.0,CV,7,0.007838600633037797,0.02185583005916886,0.10359775130154497,-0.0513035531778718,0.10000000000000003,1.4,-4.861502910284872e-07,0.00703597854084273,-0.007501802012243947,0.10359775130154497,0.25571142284569137,0.11222444889779559,0.00875879239506587,0.10047751608012404,0.904761904761905
dopamine,0.1,6.0,CV,8,0.00794653048389493,0.021679246619878748,0.10151474796181283,-0.05204969822840061,0.10000000000000003,1.4,3.933868583480497e-06,0.006617690969577809,-0.009587099071629655,0.10151474796181283,0.25571142284569137,0.11222444889779559,0.008598510696852156,0.09796132165347328,0.999999999999998
dopamine,0.1,6.0,CV,9,0.008032529156461049,0.02179068285463219,0.10146794077028923,-0.04950284555016729,0.10000000000000003,1.4,-1.0889881585469594e-06,0.007747199295209426,-0.008001262506400241,0.10146794077028923,0.2585170340681363,0.10941883767535077,0.00857453636262807,0.09796194359828687,0.9499999999999992
dopamine,0.1,6.5,CV,0,0.007962600335313276,0.02195638441631889,0.10227948362820866,-0.05238736252265335,0.10000000000000003,1.4,2.1312685594345154e-06,0.007927473648005478,-0.007756609013513464,0.10227948362820866,0.22765531062124245,0.11222444889779559,0.00875183171537569,0.09887478695233293,0.904761904761905
dopamine,0.1,6.5,CV,1,0.007946903919445615,0.021982551209759962,0.10390152912230105,-0.05220813569829966,0.10000000000000003,1.4,4.075037660077543e-06,0.007345918922735024,-0.006907896285268142,0.10390152912230105,0.23607214428857715,0.11503006012024042,0.008928412209833475,0.10036600254283645,0.7826086956521736
dopamine,0.1,6.5,CV,2,0.00802720007166456,0.02202967209001936,0.10456998788841743,-0.05082109250776693,0.10000000000000003,1.4,1.7571231530838384e-06,0.006369999365844231,-0.008613382670017869,0.10456998788841743,0.21643286573146292,0.10661322645290583,0.008536482400753862,0.10112363023429596,0.583333333333333
dopamine,0.1,6.5,CV,3,0.008180731807709294,0.022024091513972305,0.10534425638388367,-0.05289225450358031,0.10000000000000003,1.4,-1.9299506655556854e-05,0.0072591971847111025,-0.011568234891709602,0.10534425638388367,0.22484969939879762,0.11222444889779559,0.00878775437714146,0.10173914952218212,0.8181818181818203
dopamine,0.1,6.5,CV,4,0.00805901214006657,0.022111434025834206,0.10585483914252536,-0.0568688052163487,0.10000000000000003,1.4,-3.6061905686745626e-06,0.006676231527213972,-0.007448485777878513,0.10585483914252536,0.21923847695390786,0.10661322645290583,0.008565895785635593,0.10244054212010265,0.6521739130434792
dopamine,0.1,6.5,CV,5,0.008088405043784096,0.021925897163754114,0.10256634461733999,-0.05146356112384631,0.10000000000000003,1.4,1.0885413178159084e-06,0.0058837126269559135,-0.007901163589763428,0.10256634461733999,0.23046092184368738,0.10941883767535077,0.008613727681793675,0.0990243121766106,0.9499999999999992
dopamine,0.1,6.5,CV,6,0.00805218535193784,0.021972221220807643,0.10251021963373742,-0.0527248343352831,0.10000000000000003,1.4,8.211183544175289e-06,0.009215539692524945,-0.006926270701401848,0.10251021963373742,0.23326653306613232,0.10941883767535066,0.008627341954198639,0.09901685162337598,0.9499999999999972
dopamine,0.1,6.5,CV,7,0.007901449848422608,0.02214061678438282,0.10245841806578637,-0.050640816621084335,0.10000000000000003,1.4,-5.276128692951092e-07,0.006904127658476648,-0.00901985954863062,0.10245841806578637,0.22204408817635268,0.10941883767535066,0.008728135354395672,0.09935228540994413,0.6956521739130435
dopamine,0.1,6.5,CV,8,0.00801073916893456,0.02195851416527861,0.10406923493798684,-0.05102263807966969,0.10000000000000003,1.4,3.948079959044993e-06,0.006842801973448498,-0.007815809366131004,0.10406923493798684,0.22765531062124245,0.10941883767535077,0.008611044801554805,0.10051039828193539,0.9499999999999992
dopamine,0.1,6.5,CV,9,0.008097821069030224,0.022065172019530177,0.1045422726110328,-0.051685606146915544,0.10000000000000003,1.4,-1.138044000226414e-06,0.006856911835094917,-0.009362320895023809,0.1045422726110328,0.22765531062124245,0.10941883767535066,0.008598491096949022,0.10105288380627132,0.8571428571428567
dopamine,0.1,7.0,CV,0,0.008022391238060153,0.022188268998329607,0.10240689533817884,-0.0510703266258548,0.10000000000000003,1.4,2.1229095499877715e-06,0.009069443364304774,-0.009028195434198402,0.10240689533817884,0.19959919839679363,0.10380761523046089,0.008408139136941264,0.09898933997525806,0.9473684210526307
dopamine,0.1,7.0,CV,1,0.008006500252731426,0.022290537919092916,0.10323074920684851,-0.05304112399335906,0.10000000000000003,1.4,4.09077320250451e-06,0.007268201665886896,-0.006364639593533951,0.10323074920684851,0.19959919839679363,0.11503006012024042,0.009039257690446298,0.09969002569226888,0.8636363636363648
dopamine,0.1,7.0,CV,2,0.008087791739120595,0.02224006003637403,0.10349171439410124,-0.05172940498025792,0.10000000000000003,1.4,1.7441263160789663e-06,0.005940293455451884,-0.007844310771153329,0.10349171439410124,0.21643286573146292,0.10941883767535077,0.008780346370367995,0.10009940527284214,0.6250000000000004
dopamine,0.1,7.0,CV,3,0.008243226622188892,0.022332069380217052,0.10579791217330192,-0.053134387274391896,0.10000000000000003,1.4,-1.9573517035292463e-05,0.005870307543951937,-0.011711907608114521,0.10579791217330192,0.20240480961923846,0.11222444889779559,0.008933992290763436,0.10220227566358168,0.904761904761905
dopamine,0.1,7.0,CV,4,0.008119998143214058,0.02242192620126897,0.10490570512586014,-0.05152543943221423,0.10000000000000003,1.4,-3.685669911570183e-06,0.007421691551964638,-0.007501954171693431,0.10490570512586014,0.19959919839679363,0.11503006012024053,0.009129496883970495,0.10150496885983701,0.9523809523809534
dopamine,0.1,7.0,CV,5,0.00814975539516775,0.022272019188165564,0.10334254613964143,-0.05368861661234223,0.10000000000000003,1.4,1.0672568813701495e-06,0.006273346010565822,-0.007971002406039878,0.10334254613964143,0.20240480961923846,0.11222444889779559,0.008877202662700008,0.09982952313885643,0.904761904761905
dopamine,0.1,7.0,CV,6,0.008113086731659301,0.02222958454823064,0.10604339636813899,-0.05261633216032855,0.10000000000000003,1.4,8.278189878759913e-06,0.009329909784311821,-0.006670514467525185,0.10604339636813899,0.19959919839679363,0.10941883767535066,0.008766494087963065,0.10252718261233848,0.9500000000000011
dopamine,0.1,7.0,CV,7,0.007960482742629274,0.022374275289974297,0.10546730171903745,-0.05169375441770728,0.10000000000000003,1.4,-5.689308122331527e-07,0.007252229431650988,-0.009018755461085166,0.10546730171903745,0.2052104208416834,0.11222444889779559,0.009002681381860812,0.1023777064184282,0.904761904761905
dopamine,0.1,7.0,CV,8,0.008071126790511593,0.022223874833100416,0.10645502921415186,-0.05211068766155424,0.10000000000000003,1.4,3.962241760582531e-06,0.005559072132691266,-0.007819371465495962,0.10645502921415186,0.1967935871743487,0.11222444889779559,0.008907031205800983,0.10288080688124504,0.818181818181817
dopamine,0.1,7.0,CV,9,0.0081592881394772,0.02233706431363622,0.10473027000495069,-0.05005026888250005,0.10000000000000003,1.4,-1.1869287187370633e-06,0.006336445758890676,-0.008602532676461945,0.10473027000495069,0.1967935871743487,0.11222444889779559,0.008915318836221292,0.10124197777922679,0.904761904761905
dopamine,0.1,7.5,CV,0,0.008085950158936818,0.022469018224963833,0.1050913018141637,-0.05423313761905953,0.10000000000000003,1.4,2.1146072089804795e-06,0.007673201157191729,-0.008661894639005146,0.1050913018141637,0.15751503006012024,0.11222444889779559,0.008965976962684747,0.10166665038782495,0.5384615384615383
dopamine,0.1,7.5,CV,1,0.008069865923196577,0.022593248731847627,0.11032660496602106,-0.054506984556697446,0.10000000000000003,1.4,4.106402068579578e-06,0.006593306743051905,-0.007521889274934831,0.11032660496602106,0.16593186372745494,0.10941883767535066,0.008847328571275301,0.10682180785977,0.6956521739130435
dopamine,0.1,7.5,CV,2,0.008152145996062423,0.022470751728919266,0.10626185417825633,-0.054194426122629404,0.10000000000000003,1.4,1.7312175888525796e-06,0.00693945978234407,-0.007761129138896997,0.10626185417825633,0.16593186372745494,0.11503006012024053,0.009118292782491719,0.10286669731574323,0.7826086956521753
dopamine,0.1,7.5,CV,3,0.008309471124102607,0.02266819437787917,0.1078396782597531,-0.05298698784736894,0.10000000000000003,1.4,-1.9845669809685175e-05,0.008059982356546508,-0.011854606320520449,0.1078396782597531,0.17715430861723447,0.11222444889779559,0.009101675116381467,0.10416849152017083,0.999999999999998
dopamine,0.1,7.5,CV,4,0.008184744062517629,0.0227258744058556,0.10734892372424232,-0.05606129431119532,0.10000000000000003,1.4,-3.7646104381912366e-06,0.007216445767082205,-0.00918171636806888,0.10734892372424232,0.17434869739478953,0.11222444889779559,0.00913976915641433,0.10398990642699069,0.999999999999998
dopamine,0.1,7.5,CV,5,0.008214863192672483,0.022637126639331116,0.10679437347994769,-0.0523317697610746,0.10000000000000003,1.4,1.0461167390307114e-06,0.005318176649582332,-0.007645330554615987,0.10679437347994769,0.16593186372745494,0.11503006012024053,0.009188385564921476,0.10337353395228144,0.7083333333333335
dopamine,0.1,7.5,CV,6,0.00817774860122653,0.022517815653736166,0.10576379709398465,-0.05416762306972629,0.10000000000000003,1.4,8.344741955643586e-06,0.009443504524107364,-0.006894743999593472,0.10576379709398465,0.17434869739478953,0.11222444889779559,0.009016268113184643,0.10228808083830847,0.999999999999998
dopamine,0.1,7.5,CV,7,0.008023288793751766,0.02261292401768946,0.10609005666221118,-0.05220399581034735,0.10000000000000003,1.4,-6.099686474189056e-07,0.008923779793926587,-0.00689766539327012,0.10609005666221118,0.16593186372745494,0.11222444889779559,0.009114240224171786,0.10303599960905509,0.7391304347826093
dopamine,0.1,7.5,CV,8,0.008135278384867689,0.022502321888121467,0.1061622028926109,-0.05106166714470323,0.10000000000000003,1.4,3.976307554668723e-06,0.007208850443079885,-0.008895519711701078,0.1061622028926109,0.1715430861723447,0.10941883767535066,0.008902483421819235,0.10263045206844072,0.8571428571428567
dopamine,0.1,7.5,CV,9,0.008224511864768821,0.022637059649140062,0.10791512387551158,-0.05419253266539427,0.10000000000000003,1.4,-1.2354820318667205e-06,0.006759039173735555,-0.007383053534596923,0.10791512387551158,0.16873747494989977,0.11222444889779559,0.009076630827154687,0.10439439096285891,0.818181818181817
dopamine,0.1,8.0,CV,0,0.00814953424505034,0.0227919394845532,0.10863652816884506,-0.053819460309303783,0.10000000000000003,1.4,2.106244045444565e-06,0.008422674231613837,-0.007727726615382826,0.10863652816884506,0.15751503006012024,0.10661322645290583,0.008826330149588406,0.10521447984772325,0.583333333333333
dopamine,0.1,8.0,CV,1,0.008133255343155888,0.02286898789087194,0.1059997069949212,-0.056224839912844535,0.10000000000000003,1.4,4.1221454309339e-06,0.006566136855148994,-0.0075955467535504875,0.1059997069949212,0.15190380761523048,0.11503006012024053,0.00922950577606819,0.10246094793345616,0.8636363636363632
dopamine,0.1,8.0,CV,2,0.008216531244832733,0.022740430866285414,0.10334943829329628,-0.05418169701063973,0.10000000000000003,1.4,1.718214292946038e-06,0.007122008205571954,-0.00811333371297689,0.10334943829329628,0.14629258517034072,0.10941883767535066,0.008935197637180666,0.09998575156567036,0.9500000000000011
dopamine,0.1,8.0,CV,3,0.008375760465683484,0.02298457199089203,0.10776588002935819,-0.054919482218298274,0.10000000000000003,1.4,-2.0119816361483315e-05,0.00932024507438569,-0.011998350436447302,0.10776588002935819,0.14629258517034072,0.11503006012024053,0.009391601234201666,0.10413076689956263,0.9523809523809534
dopamine,0.1,8.0,CV,4,0.00824952384294826,0.023028915808678725,0.11193792207771656,-0.053834663813964984,0.10000000000000003,1.4,-3.84412927910173e-06,0.0060695398259489825,-0.009746780608069602,0.11193792207771656,0.14629258517034072,0.10941883767535066,0.009119796369020992,0.108641494213899,0.9500000000000011
dopamine,0.1,8.0,CV,5,0.008280007502405604,0.022962975055937838,0.10762110566707055,-0.05729602941203213,0.10000000000000003,1.4,1.0248217250819897e-06,0.0062115147258815576,-0.006789183657849464,0.10762110566707055,0.14629258517034072,0.10941883767535077,0.009031620833599614,0.10429394906818831,0.9499999999999992
dopamine,0.1,8.0,CV,6,0.00824244371617672,0.022836781327865725,0.10695899506560173,-0.05425455309350195,0.10000000000000003,1.4,8.411781589663027e-06,0.009557931453198368,-0.0072163713864378315,0.10695899506560173,0.13787575150300602,0.11783567134268536,0.00943781538773914,0.10351314031275853,0.7499999999999992
dopamine,0.1,8.0,CV,7,0.008086114494625526,0.022875321092272968,0.10714888709728271,-0.054438308683113903,0.10000000000000003,1.4,-6.513071237013723e-07,0.009797492242751456,-0.007372502461110779,0.10714888709728271,0.14909819639278554,0.10941883767535066,0.009011380149366317,0.10412767714168511,0.9500000000000011
dopamine,0.1,8.0,CV,8,0.008199459486356461,0.022814888553075452,0.10628073664803468,-0.05550767520923142,0.10000000000000003,1.4,3.990476394048106e-06,0.007524913471170857,-0.007943456321571146,0.10628073664803468,0.14909819639278554,0.11783567134268536,0.009412525026843978,0.10281172367010294,1.0
dopamine,0.1,8.0,CV,9,0.008289772951569909,0.022935753758430384,0.10839034650192796,-0.05308181425971691,0.10000000000000003,1.4,-1.2843910441028561e-06,0.006598703003409305,-0.00795663204942934,0.10839034650192796,0.14629258517034072,0.11222444889779559,0.009176756651584555,0.104922013972996,0.999999999999998
dopamine,0.2,6.0,CV,0,0.012724247499893664,0.04318067192237573,0.19588129386353845,-0.10680830225359651,0.10000000000000003,1.4,1.503211273085999e-06,0.012385288908591644,-0.014549212229021911,0.19588129386353845,0.25290581162324655,0.11222444889779559,0.017228655166630344,0.19227582709011937,0.8181818181818203
dopamine,0.2,6.0,CV,1,0.01269393203514182,0.04307512872220463,0.2013431736481297,-0.10733395937977835,0.10000000000000003,1.4,5.257333497744755e-06,0.013161127975368166,-0.014012192774742601,0.2013431736481297,0.2585170340681363,0.10941883767535077,0.016959176490703543,0.19752179450002608,0.9499999999999992
dopamine,0.2,6.0,CV,2,0.012849012990745035,0.04331147210578271,0.20208403345568568,-0.10817261204663743,0.10000000000000003,1.4,7.806009667639842e-07,0.012358041140931038,-0.014479187398107246,0.20208403345568568,0.25290581162324655,0.10661322645290583,0.016764602544468103,0.19837893476681964,0.8095238095238101
dopamine,0.2,6.0,CV,3,0.01314553838683518,0.043203877979977365,0.19745233775278762,-0.10044512395271972,0.10000000000000003,1.4,-3.988737853495713e-05,0.015276572655962328,-0.022363137919702805,0.19745233775278762,0.26132264529058113,0.11222444889779559,0.017127043040007568,0.19324977559728682,0.8181818181818203
dopamine,0.2,6.0,CV,4,0.012910453618112166,0.04328400666207272,0.20086239317871993,-0.10613737705869354,0.10000000000000003,1.4,-9.577900582627659e-06,0.012225265452193546,-0.015641325315519188,0.20086239317871993,0.25290581162324655,0.10941883767535077,0.017036310535782598,0.19721777741615626,0.8571428571428585
dopamine,0.2,6.0,CV,5,0.012967221962179733,0.0429285610315391,0.19948647435923622,-0.09948640314510557,0.10000000000000003,1.4,-5.106727374801379e-07,0.012806930051720664,-0.014292270535195706,0.19948647435923622,0.2669338677354709,0.11503006012024042,0.01745265924391017,0.19543651196292938,0.7083333333333346
dopamine,0.2,6.0,CV,6,0.012897268617368701,0.04311963951719312,0.2026593028045553,-0.10403836679155307,0.10000000000000003,1.4,1.3245729435711524e-05,0.01780877911219643,-0.015965395496987875,0.2026593028045553,0.25290581162324655,0.10941883767535077,0.01695085570279611,0.1988528539364774,0.8571428571428585
dopamine,0.2,6.0,CV,7,0.012606143759172088,0.04343259522464114,0.20260502456903234,-0.10452759917297128,0.10000000000000003,1.4,-3.632051892186102e-06,0.013863522352149396,-0.014805637727006854,0.20260502456903234,0.25571142284569137,0.11222444889779559,0.017388399644484933,0.19934918581065647,0.904761904761905
dopamine,0.2,6.0,CV,8,0.012817221024941998,0.04308653798967766,0.19853131700760662,-0.10594955996555204,0.10000000000000003,1.4,5.01213218917361e-06,0.013037014442414202,-0.018883831091656377,0.19853131700760662,0.25571142284569137,0.11222444889779559,0.017083471696094605,0.1945051595969986,0.999999999999998
dopamine,0.2,6.0,CV,9,0.012985407717696042,0.04330627881975922,0.19843306812669678,-0.10100116376370824,0.10000000000000003,1.4,-4.811015522431378e-06,0.015255856133982428,-0.015751706751040265,0.19843306812669678,0.2585170340681363,0.10941883767535077,0.01702380036628307,0.1944209992592291,0.9499999999999992
dopamine,0.2,6.5,CV,0,0.012850471488177124,0.04363989797228346,0.20005820500159077,-0.10676447005568487,0.10000000000000003,1.4,1.4866000392417463e-06,0.015584021064536702,-0.015310022384042497,0.20005820500159077,0.22765531062124245,0.11222444889779559,0.017405973243036346,0.19649824297946056,0.904761904761905
dopamine,0.2,6.5,CV,1,0.01281976937009783,0.04368115295322696,0.2031921150744353,-0.10643341017977,0.10000000000000003,1.4,5.288603563484782e-06,0.014430950147048802,-0.013651304967034787,0.2031921150744353,0.23607214428857715,0.11503006012024042,0.017756624736095863,0.19938228260166366,0.7826086956521736
dopamine,0.2,6.5,CV,2,0.012976828278801847,0.04377965398812272,0.20445165361201148,-0.10373323170807158,0.10000000000000003,1.4,7.547733253311876e-07,0.012564272032335635,-0.016987228582253166,0.20445165361201148,0.21643286573146292,0.10661322645290583,0.016959518183893893,0.2006647537746839,0.583333333333333
dopamine,0.2,6.5,CV,3,0.013277135656531077,0.04376715646700489,0.2060471431404437,-0.1077844151561239,0.10000000000000003,1.4,-4.043189885432599e-05,0.014297990949544176,-0.022648647955844085,0.2060471431404437,0.22484969939879762,0.11222444889779559,0.01744562206292667,0.20182237156549707,0.8181818181818203
dopamine,0.2,6.5,CV,4,0.013039052539974583,0.04394109628475642,0.2070022169630946,-0.11556900843132567,0.10000000000000003,1.4,-9.735843932140609e-06,0.013159868308015757,-0.014707275750339477,0.2070022169630946,0.21923847695390786,0.10661322645290583,0.017029444398906253,0.20339427739107657,0.6521739130434792
dopamine,0.2,6.5,CV,5,0.013096544926022283,0.04356904511853741,0.20061524760187513,-0.10495751871933374,0.10000000000000003,1.4,-5.529697049972346e-07,0.01160337846124463,-0.015594838647083399,0.20061524760187513,0.23046092184368738,0.10941883767535077,0.017107593313586054,0.19657297788783987,0.9499999999999992
dopamine,0.2,6.5,CV,6,0.013025699373430207,0.04366808406806768,0.20049248934525843,-0.10745694206804736,0.10000000000000003,1.4,1.337888610934906e-05,0.018036058235586308,-0.013633630824260744,0.20049248934525843,0.23326653306613232,0.10941883767535066,0.017152619220238866,0.19671343507119582,0.9499999999999972
dopamine,0.2,6.5,CV,7,0.012730861413816656,0.04399556076148946,0.20038594132661136,-0.10336774118996324,0.10000000000000003,1.4,-3.7141599477494726e-06,0.013610742236390354,-0.01777640768727596,0.20038594132661136,0.22204408817635268,0.10941883767535066,0.017324070416526872,0.1971294381967996,0.6956521739130435
dopamine,0.2,6.5,CV,8,0.012944630827895265,0.043638646110530234,0.20355895042708605,-0.10399867863654329,0.10000000000000003,1.4,5.040274877430508e-06,0.013483523809298667,-0.015400891972018278,0.20355895042708605,0.22765531062124245,0.10941883767535077,0.01711380033916297,0.19958849871930406,0.9499999999999992
dopamine,0.2,6.5,CV,9,0.013114962628597297,0.04384910307349818,0.20448420996507619,-0.10542421645606033,0.10000000000000003,1.4,-4.908160464755753e-06,0.013489095288912109,-0.01845214834559896,0.20448420996507619,0.22765531062124245,0.10941883767535066,0.017078585292208716,0.20055207289244123,0.8571428571428567
dopamine,0.2,7.0,CV,0,0.01296912781221897,0.04409638807211962,0.20032939790632823,-0.10420811936931734,0.10000000000000003,1.4,1.4701033492559023e-06,0.017849277076368755,-0.017756078090918295,0.20032939790632823,0.19959919839679363,0.11222444889779559,0.017600814765143462,0.19677174218047935,0.904761904761905
dopamine,0.2,7.0,CV,1,0.012938041707005741,0.04428631170590638,0.20194102912440565,-0.10819981675262469,0.10000000000000003,1.4,5.319658004424249e-06,0.014276106185913004,-0.012590160001726426,0.20194102912440565,0.19959919839679363,0.11503006012024042,0.017976296288480697,0.19812784310326834,0.8636363636363648
dopamine,0.2,7.0,CV,2,0.013097064929704513,0.04419417457076121,0.20231120655066606,-0.1056315601080345,0.10000000000000003,1.4,7.291237801030862e-07,0.011724263725827508,-0.015460644342491024,0.20231120655066606,0.21643286573146292,0.10941883767535077,0.017441251330619252,0.19861435497063074,0.6250000000000004
dopamine,0.2,7.0,CV,3,0.013401128210169026,0.04437231221330977,0.20696139455243445,-0.10841602533367133,0.10000000000000003,1.4,-4.09726643979236e-05,0.011569629718166219,-0.02293218923870279,0.20696139455243445,0.20240480961923846,0.10941883767535066,0.017462272956770046,0.2027586104426088,0.9500000000000011
dopamine,0.2,7.0,CV,4,0.013160067421084271,0.04455120427941373,0.20521759472740705,-0.10521086655155232,0.10000000000000003,1.4,-9.892698172871251e-06,0.014619907342426207,-0.014664891299461585,0.20521759472740705,0.19959919839679363,0.11503006012024053,0.018149972720899337,0.20165550297235169,0.9523809523809534
dopamine,0.2,7.0,CV,5,0.013218278856432878,0.044248682502889825,0.20215818283960485,-0.1095002143348803,0.10000000000000003,1.4,-5.949750109854636e-07,0.012379086985733853,-0.015734097138147354,0.20215818283960485,0.20240480961923846,0.11222444889779559,0.01762442947362554,0.19813130123296743,0.904761904761905
dopamine,0.2,7.0,CV,6,0.013146547248337359,0.04417434228216892,0.20744315776997743,-0.10738697737403056,0.10000000000000003,1.4,1.3511124592362364e-05,0.01826177014079261,-0.013185573632801633,0.20744315776997743,0.19959919839679363,0.10941883767535066,0.017425676687546337,0.20361107900363307,0.9500000000000011
dopamine,0.2,7.0,CV,7,0.012848021791242557,0.044455583618765546,0.20630412183250207,-0.10553927170410116,0.10000000000000003,1.4,-3.7957018218009955e-06,0.014251422585047795,-0.017773582655310607,0.20630412183250207,0.2052104208416834,0.11222444889779559,0.017857101303225063,0.20299105700847966,0.904761904761905
dopamine,0.2,7.0,CV,8,0.01306446478974366,0.04416051707010771,0.20823976366042807,-0.1062867659497639,0.10000000000000003,1.4,5.06822350592466e-06,0.010924936832430471,-0.015430949339897321,0.20823976366042807,0.1967935871743487,0.11222444889779559,0.017698591802910182,0.20423353380398052,0.818181818181817
dopamine,0.2,7.0,CV,9,0.013236926906660364,0.04438378372832269,0.20486577236060735,-0.10234907592501877,0.10000000000000003,1.4,-5.004635537723824e-06,0.012405334111370885,-0.016943885654204113,0.20486577236060735,0.1967935871743487,0.11222444889779559,0.01769778485695711,0.20088038276509965,0.904761904761905
dopamine,0.2,7.5,CV,0,0.013095268922292352,0.044646429164159236,0.20543336428361553,-0.11070543152530152,0.10000000000000003,1.4,1.4537641433029388e-06,0.015077729745824178,-0.017088232190872164,0.20543336428361553,0.15751503006012024,0.11222444889779559,0.017825613730167403,0.20181413288001834,0.5384615384615383
dopamine,0.2,7.5,CV,1,0.013063802495640701,0.0448793213844875,0.215804066314033,-0.11124853542657938,0.10000000000000003,1.4,5.3504159871894035e-06,0.012962158915341776,-0.014849844937978467,0.215804066314033,0.16593186372745494,0.10941883767535066,0.017587852231902373,0.2120184472088664,0.6956521739130435
dopamine,0.2,7.5,CV,2,0.013224771280203346,0.04464643653532762,0.20785198300798896,-0.11052160818910242,0.10000000000000003,1.4,7.037190957426484e-07,0.013677900682518791,-0.015324513052868277,0.20785198300798896,0.16593186372745494,0.11503006012024053,0.01810778749496788,0.2041156297823858,0.7826086956521753
dopamine,0.2,7.5,CV,3,0.013532554608046081,0.04503063112043694,0.21096499841370236,-0.10827488683442546,0.10000000000000003,1.4,-4.150826757630105e-05,0.015800176416685408,-0.023213023722516272,0.21096499841370236,0.17715430861723447,0.11222444889779559,0.018072084485932123,0.20669310811361455,0.999999999999998
dopamine,0.2,7.5,CV,4,0.013288544572491784,0.04514668779027403,0.21001316359869213,-0.11420976135511035,0.10000000000000003,1.4,-1.0048055019978026e-05,0.01421187885519297,-0.01808984912602937,0.21001316359869213,0.17434869739478953,0.11222444889779559,0.01815617486306057,0.2064382401490805,0.999999999999998
dopamine,0.2,7.5,CV,5,0.013347468192807682,0.04496362657610279,0.20889377820534097,-0.10698312182492715,0.10000000000000003,1.4,-6.365793174402529e-07,0.010384314467621912,-0.015097970261685023,0.20889377820534097,0.16593186372745494,0.11503006012024053,0.0182370168359973,0.205034983619782,0.7083333333333335
dopamine,0.2,7.5,CV,6,0.013274858987850663,0.0447390215462492,0.20691209795590282,-0.11057469710477427,0.10000000000000003,1.4,1.3642100673668333e-05,0.018485327309435168,-0.013575077547202788,0.20691209795590282,0.17434869739478953,0.11222444889779559,0.017912824294582068,0.20309337403185135,0.999999999999998
dopamine,0.2,7.5,CV,7,0.012972681235607627,0.044923450839219205,0.20751588659502443,-0.10672202197956045,0.10000000000000003,1.4,-3.876465264350086e-06,0.017544686752373792,-0.013628643302797856,0.20751588659502443,0.16593186372745494,0.11222444889779559,0.01807490387744297,0.20425842314361337,0.7391304347826093
dopamine,0.2,7.5,CV,8,0.013191772295419775,0.04470607631203496,0.2076906372455456,-0.10450828183996076,0.10000000000000003,1.4,5.095905325578188e-06,0.014158199768617388,-0.017544948566717372,0.2076906372455456,0.1715430861723447,0.11222444889779559,0.017939332275667404,0.20369842050027281,0.818181818181817
dopamine,0.2,7.5,CV,9,0.013366344391696365,0.04497150265733139,0.2111085717207927,-0.11055380578428385,0.10000000000000003,1.4,-5.100189620870769e-06,0.013324934465229234,-0.014523153222147936,0.2111085717207927,0.16873747494989977,0.11222444889779559,0.018015170376481364,0.20706148343592518,0.818181818181817
dopamine,0.2,8.0,CV,0,0.013221462660463278,0.04527694099037607,0.21246644373153037,-0.11004816315377178,0.10000000000000003,1.4,1.4373192505854477e-06,0.016555579400354,-0.015262663239834566,0.21246644373153037,0.15751503006012024,0.10661322645290583,0.017540316246546585,0.20883077603399777,0.583333333333333
dopamine,0.2,8.0,CV,1,0.013189613452342873,0.04541769398886909,0.20736413295148423,-0.11473382360040807,0.10000000000000003,1.4,5.381372921585914e-06,0.01283699394935578,-0.01499530526947828,0.20736413295148423,0.15190380761523048,0.11503006012024053,0.018341464374673343,0.20347810095798236,0.8636363636363632
dopamine,0.2,8.0,CV,2,0.013352540383232745,0.045172900646315156,0.20220023381627916,-0.11075131554087349,0.10000000000000003,1.4,6.781500864511541e-07,0.014042644114959882,-0.01598088184146933,0.20220023381627916,0.14629258517034072,0.10941883767535066,0.01773649163691058,0.19847243160443465,0.9500000000000011
dopamine,0.2,8.0,CV,3,0.013664067820808522,0.04564847734501629,0.21084087634336693,-0.11217992843261737,0.10000000000000003,1.4,-4.204733519273793e-05,0.01829945790374747,-0.023495674725934942,0.21084087634336693,0.14629258517034072,0.11503006012024053,0.01863842072048131,0.206590908356429,0.9523809523809534
dopamine,0.2,8.0,CV,4,0.013417089462195655,0.045738494206568,0.21900335783915784,-0.11005751210770326,0.10000000000000003,1.4,-1.0204416760624654e-05,0.01187179026752435,-0.019209968650389,0.21900335783915784,0.14629258517034072,0.10941883767535066,0.018097842302484016,0.2154088684357742,0.9500000000000011
dopamine,0.2,8.0,CV,5,0.013476729874099574,0.045599980309465195,0.2105576294250616,-0.11680784464974392,0.10000000000000003,1.4,-6.784527327213658e-07,0.012257543217624636,-0.01342475413206638,0.2105576294250616,0.14629258517034072,0.10941883767535077,0.017919633298108605,0.20685581302277226,0.9499999999999992
dopamine,0.2,8.0,CV,6,0.013403237395727805,0.045361836184951924,0.20922012676440763,-0.1109020143261724,0.10000000000000003,1.4,1.377392394658801e-05,0.018710330511250733,-0.014253296496519498,0.20922012676440763,0.13787575150300602,0.11783567134268536,0.018744141692246353,0.20543993625839196,0.7499999999999992
dopamine,0.2,8.0,CV,7,0.013097383724222955,0.04543575997033921,0.20962761314736483,-0.11126152690600027,0.10000000000000003,1.4,-3.957751108474517e-06,0.019277068871436737,-0.014551275777545333,0.20962761314736483,0.14909819639278554,0.10941883767535066,0.017862475444441955,0.20635906048341643,0.9500000000000011
dopamine,0.2,8.0,CV,8,0.013319139973781459,0.045316378051450494,0.20792910150836114,-0.11335371207107718,0.10000000000000003,1.4,5.123766199340157e-06,0.014784312700697792,-0.015654883444201767,0.20792910150836114,0.14909819639278554,0.11783567134268536,0.01871582522301015,0.2042805937304009,1.0
dopamine,0.2,8.0,CV,9,0.013495835697381746,0.045554764814253024,0.21206262721931943,-0.10858458338732227,0.10000000000000003,1.4,-5.19636177578385e-06,0.01300609123922207,-0.01566129342786881,0.21206262721931943,0.14629258517034072,0.11222444889779559,0.01820014646515643,0.20801605199764242,0.999999999999998
dopamine,0.5,6.0,CV,0,0.026754610283405745,0.10559035989605962,0.4742060686835144,-0.2648123168844779,0.10000000000000003,1.4,-3.473765769363285e-07,0.03003499654440677,-0.03535375728194609,0.4742060686835144,0.25290581162324655,0.11222444889779559,0.042132867712179334,0.4700566084561225,0.8181818181818203
dopamine,0.5,6.0,CV,1,0.02668121939411541,0.10532086835449152,0.4874229148556667,-0.26607353014113555,0.10000000000000003,1.4,8.74100029037058e-06,0.03192899428829559,-0.03412950168814109,0.4874229148556667,0.2585170340681363,0.10941883767535077,0.04145150730753284,0.48254991316218376,0.9499999999999992
dopamine,0.5,6.0,CV,2,0.02705665580377898,0.10590176716626595,0.48922231792892185,-0.26811740997176253,0.10000000000000003,1.4,-2.096748174088257e-06,0.03007368291855031,-0.0351963239845981,0.48922231792892185,0.25290581162324655,0.10661322645290583,0.04097407864355759,0.48463407694106286,0.8095238095238101
dopamine,0.5,6.0,CV,3,0.027774515902390894,0.10563927479764947,0.4779803601899593,-0.24940345970594424,0.10000000000000003,1.4,-0.00010055010212080162,0.037136780874645475,-0.05417061284276044,0.4779803601899593,0.26132264529058113,0.11222444889779559,0.04188647828113688,0.47238309486520647,0.8181818181818203
dopamine,0.5,6.0,CV,4,0.027205397784742867,0.10583790761998242,0.48626484170174467,-0.2631250580451349,0.10000000000000003,1.4,-2.7173706309091508e-05,0.02969091045956769,-0.03807084758528021,0.48626484170174467,0.25290581162324655,0.10941883767535077,0.041626877943194425,0.48171591308663075,0.8571428571428585
dopamine,0.5,6.0,CV,5,0.027342828607221183,0.10496433380848988,0.48281969802901836,-0.24698346951498076,0.10000000000000003,1.4,-5.222800380361513e-06,0.03107593993617834,-0.0347985880462552,0.48281969802901836,0.2669338677354709,0.11503006012024042,0.0426356096616914,0.47719065580728703,0.7083333333333346
dopamine,0.5,6.0,CV,6,0.027173478137863697,0.10543881560863999,0.49061499092406186,-0.2580435515798378,0.10000000000000003,1.4,2.8080155625438133e-05,0.04312899242400082,-0.03885653462145433,0.49061499092406186,0.25290581162324655,0.10941883767535077,0.0414292127039972,0.48575847783498927,0.8571428571428585
dopamine,0.5,6.0,CV,7,0.026468692233624098,0.1061935335194366,0.49048771145449555,-0.2592867482971835,0.10000000000000003,1.4,-1.2779365778628881e-05,0.03371591897271797,-0.03604294465147131,0.49048771145449555,0.25571142284569137,0.11222444889779559,0.04250930204374591,0.48709295846121237,0.904761904761905
dopamine,0.5,6.0,CV,8,0.02697969044429424,0.1053549036999108,0.48062564854076073,-0.26273338256146156,0.10000000000000003,1.4,8.147390981112085e-06,0.03170243192496924,-0.045915867272964844,0.48062564854076073,0.25571142284569137,0.11222444889779559,0.04177510986035468,0.47540299142460646,0.999999999999998
dopamine,0.5,6.0,CV,9,0.027386854611133167,0.10588937877668218,0.4803778230553279,-0.2507424274923118,0.10000000000000003,1.4,-1.563352585741845e-05,0.037088719865183875,-0.03828761386237813,0.4803778230553279,0.2585170340681363,0.10941883767535077,0.04159849984987607,0.4749567612454673,0.9499999999999992
dopamine,0.5,6.5,CV,0,0.027062896840350476,0.1067109505065122,0.4843686409949634,-0.264876367344038,0.10000000000000003,1.4,-3.8789765793415325e-07,0.03784690509106595,-0.03727302433834998,0.4843686409949634,0.22765531062124245,0.11222444889779559,0.042554296923611595,0.48022126373643115,0.904761904761905
dopamine,0.5,6.5,CV,1,0.026988562757378886,0.10679643139091138,0.4918985880737179,-0.2641038236720452,0.10000000000000003,1.4,8.817279805699483e-06,0.035032040937745756,-0.03325906251863317,0.4918985880737179,0.23607214428857715,0.11503006012024042,0.04339376117710516,0.4870078480656134,0.7826086956521736
dopamine,0.5,6.5,CV,2,0.027368824142631795,0.10704404224002496,0.4948768047160003,-0.257585451844342,0.10000000000000003,1.4,-2.159751558442006e-06,0.030575311016441342,-0.0413357959270604,0.4948768047160003,0.21643286573146292,0.10661322645290583,0.04145002053784955,0.490089451600226,0.583333333333333
dopamine,0.5,6.5,CV,3,0.02809590992464364,0.10701149827619298,0.4988601523249028,-0.26739392843813525,0.10000000000000003,1.4,-0.0001018783930938242,0.03476463743498184,-0.05486707978848125,0.4988601523249028,0.22484969939879762,0.11222444889779559,0.042678733020651616,0.4933566069243336,0.8181818181818203
dopamine,0.5,6.5,CV,4,0.027519477702784022,0.10743703291128373,0.5011076693952112,-0.2862511377794894,0.10000000000000003,1.4,-2.7558989865911067e-05,0.032012289101423994,-0.03581438258012899,0.5011076693952112,0.21923847695390786,0.10661322645290583,0.04159910832704021,0.4965640095036978,0.6521739130434792
dopamine,0.5,6.5,CV,5,0.02765867473745331,0.10652318666842664,0.4857112885876773,-0.260501487727751,0.10000000000000003,1.4,-5.325978679023034e-06,0.02823440681017643,-0.03796567842913684,0.4857112885876773,0.23046092184368738,0.10941883767535077,0.04178873929628253,0.48006458377379335,0.9499999999999992
dopamine,0.5,6.5,CV,6,0.027487147835923396,0.10677513634263146,0.4853947812756812,-0.2666010707063926,0.10000000000000003,1.4,2.8404975106546765e-05,0.04368341215310318,-0.03313657025841968,0.4853947812756812,0.23326653306613232,0.10941883767535066,0.04189508403636472,0.48036081329180863,0.9499999999999972
dopamine,0.5,6.5,CV,7,0.026773304273193202,0.10756508017786856,0.4851290474234717,-0.2566814141671649,0.10000000000000003,1.4,-1.2979658375870701e-05,0.033111513855247104,-0.04323775535195239,0.4851290474234717,0.22204408817635268,0.10941883767535066,0.04235047435100355,0.481728404226321,0.6956521739130435
dopamine,0.5,6.5,CV,8,0.027290869651642544,0.1067000719458074,0.492844430849236,-0.2580367042557603,0.10000000000000003,1.4,8.216041640120645e-06,0.032792699608924475,-0.03745597831836735,0.492844430849236,0.22765531062124245,0.10941883767535077,0.041836456297185805,0.48767035787526053,0.9499999999999992
dopamine,0.5,6.5,CV,9,0.027703266547953853,0.1072121698832975,0.49508461242529456,-0.26167956027803513,0.10000000000000003,1.4,-1.5870499107771634e-05,0.03277344410078048,-0.04488256970188671,0.49508461242529456,0.22765531062124245,0.10941883767535066,0.04172463473183353,0.4897604081364297,0.8571428571428567
dopamine,0.5,7.0,CV,0,0.02735271569708076,0.1078203115667816,0.48505790537371657,-0.2588218657568415,0.10000000000000003,1.4,-4.2805621902600177e-07,0.04337833202375485,-0.043134075354303816,0.48505790537371657,0.19959919839679363,0.11222444889779559,0.04304413658424173,0.4810522092697294,0.904761904761905
dopamine,0.5,7.0,CV,1,0.027277446858664907,0.10826539160444963,0.48896015073084104,-0.2685843233911048,0.10000000000000003,1.4,8.892876890006295e-06,0.03465293625183507,-0.030694367740923316,0.48896015073084104,0.19959919839679363,0.11503006012024042,0.04392926342267035,0.48406618342575236,0.8636363636363648
dopamine,0.5,7.0,CV,2,0.02766249005309467,0.10805192267398385,0.4896478837443699,-0.26236244194110786,0.10000000000000003,1.4,-2.222191286042251e-06,0.028542269588919755,-0.03760659888068835,0.4896478837443699,0.21643286573146292,0.10941883767535077,0.04261302415437217,0.4849606541375876,0.6250000000000004
dopamine,0.5,7.0,CV,3,0.02839871898137279,0.10848047636181837,0.5011136740856044,-0.2691580190752684,0.10000000000000003,1.4,-0.00010319480057542028,0.028141504963189234,-0.05555731582610561,0.5011136740856044,0.20240480961923846,0.11222444889779559,0.04338220773413089,0.49570253446018114,0.904761904761905
dopamine,0.5,7.0,CV,4,0.02781503809058381,0.10891805325729378,0.49689370449190506,-0.26131157002162764,0.10000000000000003,1.4,-2.7940826501885083e-05,0.035550104025460647,-0.03549250848635669,0.49689370449190506,0.19959919839679363,0.11503006012024053,0.04433912458892242,0.49251804077877365,0.9523809523809534
dopamine,0.5,7.0,CV,5,0.027955985536111477,0.10817226536527232,0.48948364955180607,-0.2717831677127217,0.10000000000000003,1.4,-5.428233897988757e-06,0.030132703051991658,-0.0383067879745829,0.48948364955180607,0.20240480961923846,0.11222444889779559,0.04304113678986207,0.4838063598552216,0.904761904761905
dopamine,0.5,7.0,CV,6,0.027782301673755082,0.10800486881498887,0.5022824639999385,-0.2666431611492564,0.10000000000000003,1.4,2.8726888605760205e-05,0.044232871792713686,-0.032129361051836246,0.5022824639999385,0.19959919839679363,0.10941883767535066,0.04258044251086377,0.49731742438270565,0.9500000000000011
dopamine,0.5,7.0,CV,7,0.02705948148644118,0.10868308675102255,0.4995065680085761,-0.2621054681214617,0.10000000000000003,1.4,-1.3178159065006058e-05,0.0346029226772324,-0.043229926343135355,0.4995065680085761,0.2052104208416834,0.11222444889779559,0.04365846106290685,0.4960376529553477,0.904761904761905
dopamine,0.5,7.0,CV,8,0.027583555279818435,0.10796755202877656,0.5041984530503696,-0.26381413204932735,0.10000000000000003,1.4,8.28407811930392e-06,0.02652722034397985,-0.03756307577469502,0.5041984530503696,0.1967935871743487,0.11222444889779559,0.04327169470602791,0.4990247379080711,0.818181818181817
dopamine,0.5,7.0,CV,9,0.028001138091239084,0.10851071113789558,0.4960290022870551,-0.2544179148640347,0.10000000000000003,1.4,-1.610535228831616e-05,0.030061241711518916,-0.04119797354333132,0.4960290022870551,0.1967935871743487,0.11222444889779559,0.043234833406131795,0.4906012330896444,0.904761904761905
dopamine,0.5,7.5,CV,0,0.027660826557279968,0.10915312884607063,0.4971972074640215,-0.2749094861142205,0.10000000000000003,1.4,-4.677641553594847e-07,0.03660782056507858,-0.04158942907245471,0.4971972074640215,0.15751503006012024,0.11222444889779559,0.043590650910515075,0.4930473011393302,0.5384615384615383
dopamine,0.5,7.5,CV,1,0.027584633452439757,0.10970223522095146,0.5225000693105599,-0.27623550641746675,0.10000000000000003,1.4,8.967625688993257e-06,0.031480821385538496,-0.03615728525052068,0.5225000693105599,0.16593186372745494,0.10941883767535066,0.04296422460391341,0.517547134452553,0.6956521739130435
dopamine,0.5,7.5,CV,2,0.027974404798705423,0.10914824192922477,0.5032448191436729,-0.27430372219777,0.10000000000000003,1.4,-2.2839303688384977e-06,0.03327121345379609,-0.0373165062796463,0.5032448191436729,0.16593186372745494,0.11503006012024053,0.044253322774673705,0.4985759272164617,0.7826086956521753
dopamine,0.5,7.5,CV,3,0.028719674276743254,0.11007534546203702,0.510821698553647,-0.269035085427559,0.10000000000000003,1.4,-0.00010449643646692263,0.03830627914539694,-0.056239806629857975,0.510821698553647,0.17715430861723447,0.11222444889779559,0.044182309993901894,0.505044049960954,0.999999999999998
dopamine,0.5,7.5,CV,4,0.028128826055339715,0.1103609715158457,0.5085291841567077,-0.2832876116828018,0.10000000000000003,1.4,-2.8318378496250352e-05,0.0345524458344689,-0.04399195822225296,0.5085291841567077,0.17434869739478953,0.11222444889779559,0.044340584807585265,0.5040366637935154,0.999999999999998
dopamine,0.5,7.5,CV,5,0.028271504270123864,0.10990410537521056,0.5057674319453305,-0.26589243782597527,0.10000000000000003,1.4,-5.529341697025077e-06,0.02511508443084469,-0.036767953409931914,0.5057674319453305,0.16593186372745494,0.11503006012024053,0.044517146232492116,0.5003699972975422,0.7083333333333335
dopamine,0.5,7.5,CV,6,0.02809568765049622,0.10937312491595905,0.5010202343082495,-0.27458911237591366,0.10000000000000003,1.4,2.904518986915581e-05,0.044776165869849865,-0.03299943201640526,0.5010202343082495,0.17434869739478953,0.11222444889779559,0.04375613331991665,0.49598014363993176,0.999999999999998
dopamine,0.5,7.5,CV,7,0.027363991566542362,0.10981724363977795,0.5024309920919736,-0.2652436673023493,0.10000000000000003,1.4,-1.3374432350503729e-05,0.04261163160078179,-0.033200255993578454,0.5024309920919736,0.16593186372745494,0.11222444889779559,0.04417174205561651,0.4989562053400872,0.7391304347826093
dopamine,0.5,7.5,CV,8,0.02789450074302507,0.10928954865183937,0.5029040848256173,-0.25991459226155567,0.10000000000000003,1.4,8.351351151761228e-06,0.0343647693459494,-0.04269482631438012,0.5029040848256173,0.1715430861723447,0.11222444889779559,0.04386830266217308,0.4978699373394625,0.818181818181817
dopamine,0.5,7.5,CV,9,0.028317211277685675,0.10993478303256034,0.5111633662247639,-0.27443504608382435,0.10000000000000003,1.4,-1.6337570148897972e-05,0.03241653769741859,-0.035284366159796327,0.5111633662247639,0.16873747494989977,0.11222444889779559,0.0440112485349636,0.5056353016691001,0.818181818181817
dopamine,0.5,8.0,CV,0,0.027969069899125513,0.11067775293364197,0.5143718905214922,-0.2735439298861479,0.10000000000000003,1.4,-5.077082298511893e-07,0.0402035651986908,-0.037171940501701944,0.5143718905214922,0.15751503006012024,0.10661322645290583,0.04285722475069766,0.5099210939737523,0.583333333333333
dopamine,0.5,8.0,CV,1,0.027891947031363485,0.11100403209606165,0.502100694579029,-0.2848599453996312,0.10000000000000003,1.4,9.042819009789427e-06,0.03107071688481858,-0.03651152618502211,0.502100694579029,0.15190380761523048,0.11503006012024053,0.04482838035405527,0.4971366050319779,0.8636363636363632
dopamine,0.5,8.0,CV,2,0.028286474647195855,0.11042113351926493,0.4896279315677215,-0.27523836019032233,0.10000000000000003,1.4,-2.346036606280244e-06,0.03416572391302626,-0.038857291015085796,0.4896279315677215,0.14629258517034072,0.10941883767535066,0.043332222112044405,0.48488046923319256,0.9500000000000011
dopamine,0.5,8.0,CV,3,0.02904083843801824,0.11156950585924552,0.510551250241023,-0.278675687425022,0.10000000000000003,1.4,-0.00010580581302515513,0.04440824597681478,-0.05692635612152207,0.510551250241023,0.14629258517034072,0.11503006012024053,0.04555105528705312,0.5047371426649783,0.9523809523809534
dopamine,0.5,8.0,CV,4,0.028442780262776544,0.1117921679069038,0.5303167018224253,-0.2735362556079576,0.10000000000000003,1.4,-2.869817574536071e-05,0.02874294924379734,-0.04672600772728697,0.5303167018224253,0.14629258517034072,0.10941883767535066,0.0441963831786007,0.5257928991010972,0.9500000000000011
dopamine,0.5,8.0,CV,5,0.02858719953948665,0.11144303606509559,0.5098653677367585,-0.2898498920332443,0.10000000000000003,1.4,-5.631050771564838e-06,0.029837533755154494,-0.03271895135709709,0.5098653677367585,0.14629258517034072,0.10941883767535077,0.043736026997275905,0.5048254622155356,0.9499999999999992
dopamine,0.5,8.0,CV,6,0.028409237479345564,0.11087917377118243,0.5065640327809353,-0.27561540160270637,0.10000000000000003,1.4,2.936538403056968e-05,0.04532269084927991,-0.03471450950891081,0.5065640327809353,0.13787575150300602,0.11783567134268536,0.045765878213282846,0.5014875429194207,0.7499999999999992
dopamine,0.5,8.0,CV,7,0.027668612714898545,0.11105600200380555,0.5076042165852959,-0.27648596143100823,0.10000000000000003,1.4,-1.3571872848815031e-05,0.04684076091484471,-0.03542493972840888,0.5076042165852959,0.14909819639278554,0.10941883767535066,0.043654218603279456,0.50412352321649,0.9500000000000011
dopamine,0.5,8.0,CV,8,0.02820559554490952,0.11076531060404542,0.5034912701022334,-0.2815521884847516,0.10000000000000003,1.4,8.419024248573991e-06,0.03589241199886069,-0.03807734077000466,0.5034912701022334,0.14909819639278554,0.11783567134268536,0.04570044213904268,0.498756352920613,1.0
dopamine,0.5,8.0,CV,9,0.028633464296742316,0.11134523368088252,0.5135097203821961,-0.26996955823528235,0.10000000000000003,1.4,-1.6571168980210048e-05,0.03163680472489297,-0.03806407805133129,0.5135097203821961,0.14629258517034072,0.11222444889779559,0.04446752631903987,0.5080503507080243,0.999999999999998
dopamine,1.0,6.0,CV,0,0.048752833413109896,0.20344971913756874,0.9105918267345878,-0.5125470064909217,0.10000000000000003,1.4,-3.248915551662769e-06,0.05770799493636384,-0.06797322915504944,0.9105918267345878,0.25290581162324655,0.11222444889779559,0.0811663849810384,0.9054662182259534,0.8181818181818203
dopamine,1.0,6.0,CV,1,0.0486119045125061,0.2029233112721511,0.9359676942798295,-0.5149614991126464,0.10000000000000003,1.4,1.4203045755351786e-05,0.06135515505053986,-0.06567145516964241,0.9359676942798295,0.2585170340681363,0.10941883767535077,0.07988202610380904,0.9297105514290172,0.9499999999999992
dopamine,1.0,6.0,CV,2,0.04933283651063468,0.2040443246686499,0.939426788646218,-0.5188950561012797,0.10000000000000003,1.4,-6.608147444313199e-06,0.05785005953284239,-0.06767874801526885,0.939426788646218,0.25290581162324655,0.10661322645290583,0.07890736104342816,0.9332213913100471,0.8095238095238101
dopamine,1.0,6.0,CV,3,0.05071130780949677,0.20353900219147605,0.9178205929000928,-0.48295541823260496,0.10000000000000003,1.4,-0.00019566326132329864,0.07141142832863023,-0.1040415920431101,0.9178205929000928,0.26132264529058113,0.11222444889779559,0.08068150885267222,0.9098109647435668,0.8181818181818203
dopamine,1.0,6.0,CV,4,0.04961845839168235,0.2039233844698191,0.933747693089697,-0.5092662368757283,0.10000000000000003,1.4,-5.4762191830831156e-05,0.05707531682915434,-0.07323812324280676,0.933747693089697,0.25290581162324655,0.10941883767535077,0.08018583440733514,0.9278117402879146,0.8571428571428585
dopamine,1.0,6.0,CV,5,0.049882360013644204,0.20223760868405052,0.9270582092149733,-0.4782443019714519,0.10000000000000003,1.4,-1.2610951129076433e-05,0.059719943088352725,-0.0669504685882868,0.9270582092149733,0.2669338677354709,0.11503006012024042,0.08215299904341516,0.9192402971352953,0.7083333333333346
dopamine,1.0,6.0,CV,6,0.049557164669997815,0.20315630410912622,0.9421010698274858,-0.4995084709392473,0.10000000000000003,1.4,5.133907076241688e-05,0.08282858613510155,-0.0747475799153709,0.9421010698274858,0.25290581162324655,0.10941883767535077,0.07976328402848654,0.9351816424586221,0.8571428571428585
dopamine,1.0,6.0,CV,7,0.04820379910097479,0.20460363564464792,0.941859331632938,-0.5019338092697139,0.10000000000000003,1.4,-2.7121450514162844e-05,0.0648425161432391,-0.06934094439723654,0.941859331632938,0.25571142284569137,0.11222444889779559,0.0818895372434579,0.9381856590519416,0.904761904761905
dopamine,1.0,6.0,CV,8,0.04918504373142677,0.20299276475678446,0.9229216992162,-0.508554931569863,0.10000000000000003,1.4,1.3063167111682414e-05,0.060967963039592565,-0.08829943017452258,0.9229216992162,0.25571142284569137,0.11222444889779559,0.08048734781748154,0.915806902483558,0.999999999999998
dopamine,1.0,6.0,CV,9,0.04996690097491731,0.2040206543238284,0.9224393523878729,-0.4855219397581472,0.10000000000000003,1.4,-3.2602153172768574e-05,0.07132049386348749,-0.07362169044435238,0.9224393523878729,0.2585170340681363,0.10941883767535077,0.08017079720647341,0.9151892799556245,0.9499999999999992
dopamine,1.0,6.5,CV,0,0.0493465760962272,0.2056071903060279,0.9301393245895105,-0.5127802063023201,0.10000000000000003,1.4,-3.3269249115308806e-06,0.07275290844130312,-0.07170884221732593,0.9301393245895105,0.22765531062124245,0.11222444889779559,0.08197824696582404,0.9250162469310219,0.904761904761905
dopamine,1.0,6.5,CV,1,0.04920383140163436,0.20576212942953637,0.9445618235170373,-0.5113154596414149,0.10000000000000003,1.4,1.4349895642258588e-05,0.06733251662192505,-0.06400208979089239,0.9445618235170373,0.23607214428857715,0.11503006012024042,0.08362306141981185,0.9382614906760535,0.7826086956521736
dopamine,1.0,6.5,CV,2,0.04993405222542691,0.20624343625380817,0.9502347576815137,-0.4988105377370129,0.10000000000000003,1.4,-6.729438721888977e-06,0.05881484127547132,-0.0795119447269434,0.9502347576815137,0.21643286573146292,0.10661322645290583,0.07981512096349974,0.9435637430732643,0.583333333333333
dopamine,1.0,6.5,CV,3,0.05133028439440039,0.20617948293399815,0.9579620309227583,-0.5176458813617826,0.10000000000000003,1.4,-0.00019822042727180277,0.06685431772696443,-0.10538239883471484,0.9579620309227583,0.22484969939879762,0.11222444889779559,0.08219067935621276,0.9499983397473467,0.8181818181818203
dopamine,1.0,6.5,CV,4,0.050223354192621056,0.2069994282156003,0.962235971356678,-0.5538638591031536,0.10000000000000003,1.4,-5.55039223793539e-05,0.06157102293800243,-0.06890912850131739,0.962235971356678,0.21923847695390786,0.10661322645290583,0.08012437939989175,0.9562483122563358,0.6521739130434792
dopamine,1.0,6.5,CV,5,0.05049065604673406,0.2052362716324562,0.9327137232197376,-0.5043790687656399,0.10000000000000003,1.4,-1.2809585342001905e-05,0.05431021669060032,-0.07304094574173915,0.9327137232197376,0.23046092184368738,0.10941883767535077,0.08052519851894904,0.9249065714041268,0.9499999999999992
dopamine,1.0,6.5,CV,6,0.05016127073390654,0.20572785049287065,0.9320934365246154,-0.516123346472687,0.10000000000000003,1.4,5.1964398595979986e-05,0.08389593002377779,-0.0637152530749405,0.9320934365246154,0.23326653306613232,0.10941883767535066,0.08067824059581075,0.9249951533273709,0.9499999999999972
dopamine,1.0,6.5,CV,7,0.04879046776875891,0.207242869865036,0.9315781150074379,-0.4970621113042588,0.10000000000000003,1.4,-2.7507044800208857e-05,0.06368679775147931,-0.08315863378916113,0.9315781150074379,0.22204408817635268,0.10941883767535066,0.08159095096275554,0.9279656126269725,0.6956521739130435
dopamine,1.0,6.5,CV,8,0.049784355214801866,0.2055812855001222,0.9464154927456934,-0.4995531147945327,0.10000000000000003,1.4,1.3195330268042274e-05,0.0630675801836465,-0.07203617542930968,0.9464154927456934,0.22765531062124245,0.10941883767535077,0.08058619367543508,0.9392359497946992,0.9499999999999992
dopamine,1.0,6.5,CV,9,0.050576286273364746,0.20656627121554408,0.9507173422085999,-0.5066725067643413,0.10000000000000003,1.4,-3.305836339990757e-05,0.06300939841074704,-0.08632285997656011,0.9507173422085999,0.22765531062124245,0.10941883767535066,0.08041279114638927,0.9436271248260355,0.8571428571428567
dopamine,1.0,7.0,CV,0,0.049904760899271455,0.2077401218073895,0.9314840837485104,-0.5013374404549673,0.10000000000000003,1.4,-3.404182949542048e-06,0.0834053687931133,-0.08292426859442681,0.9314840837485104,0.19959919839679363,0.11222444889779559,0.08291416950903721,0.926574675999081,0.904761904761905
dopamine,1.0,7.0,CV,1,0.04976021789892064,0.20858535638071732,0.9389777858421655,-0.5200513893551413,0.10000000000000003,1.4,1.449533119209176e-05,0.06660179326877458,-0.05907997740608391,0.9389777858421655,0.19959919839679363,0.11503006012024042,0.08464918316706216,0.9326346789813972,0.8636363636363648
dopamine,1.0,7.0,CV,2,0.05049963808606443,0.2081815850087055,0.9401634146530167,-0.5081009850620993,0.10000000000000003,1.4,-6.849561821850238e-06,0.05491124174463219,-0.07232926834181244,0.9401634146530167,0.21643286573146292,0.10941883767535077,0.0820439544891124,0.9335950596284037,0.6250000000000004
dopamine,1.0,7.0,CV,3,0.05191346006708735,0.20900276173909932,0.9623153963166239,-0.5211855895096241,0.10000000000000003,1.4,-0.00020075296470556948,0.05412456861896603,-0.10671029208042851,0.9623153963166239,0.20240480961923846,0.11222444889779559,0.08354595055492228,0.9545559002638535,0.904761904761905
dopamine,1.0,7.0,CV,4,0.05079258469584851,0.20984586610223013,0.9542130370856239,-0.5060620557092764,0.10000000000000003,1.4,-5.6238509190585596e-05,0.06836658524453931,-0.06814815518679714,0.9542130370856239,0.19959919839679363,0.11503006012024053,0.08536626756843968,0.9482587167494653,0.9523809523809534
dopamine,1.0,7.0,CV,5,0.051063254033879166,0.20840523901373428,0.9399816035326649,-0.5262268106631643,0.10000000000000003,1.4,-1.300630647390759e-05,0.057968619600321875,-0.0736985378045498,0.9399816035326649,0.20240480961923846,0.11222444889779559,0.08293629695982407,0.9321111444846986,0.904761904761905
dopamine,1.0,7.0,CV,6,0.050729719106200166,0.2080918453760448,0.9645613762370377,-0.5163411283030055,0.10000000000000003,1.4,5.258370378726064e-05,0.08495299413584917,-0.06183134873353244,0.9645613762370377,0.19959919839679363,0.10941883767535066,0.08197676478542472,0.9574190649610866,0.9500000000000011
dopamine,1.0,7.0,CV,7,0.04934164668755506,0.20939246265673853,0.9592190453463711,-0.5075858007758418,0.10000000000000003,1.4,-2.788892535990771e-05,0.06651206479707736,-0.08314295903886049,0.9592190453463711,0.2052104208416834,0.11222444889779559,0.08409961616522024,0.9553914594818503,0.904761904761905
dopamine,1.0,7.0,CV,8,0.050348055184009734,0.20801773066943693,0.9682324475259568,-0.5108014838350626,0.10000000000000003,1.4,1.332622053781228e-05,0.05099005992381654,-0.0722640641354273,0.9682324475259568,0.1967935871743487,0.11222444889779559,0.08335351011180542,0.9611009482685503,0.818181818181817
dopamine,1.0,7.0,CV,9,0.051149963034961304,0.20906239305701158,0.9525441899495102,-0.49284683517582506,0.10000000000000003,1.4,-3.351017978615828e-05,0.057825277063348224,-0.07922598788801216,0.9525441899495102,0.1967935871743487,0.11222444889779559,0.08330732135591568,0.945148234907023,0.904761904761905
dopamine,1.0,7.5,CV,0,0.050498182355346984,0.21030017978591867,0.9546540973888558,-0.5323652260252416,0.10000000000000003,1.4,-3.4805307470894693e-06,0.07036487654094664,-0.08000488591147922,0.9546540973888558,0.15751503006012024,0.11222444889779559,0.08396031533560246,0.9494282662688848,0.5384615384615383
dopamine,1.0,7.5,CV,1,0.050351862236556785,0.2113451656125937,1.0033691110458551,-0.5349187819216975,0.10000000000000003,1.4,1.4639053246142425e-05,0.060516255135106195,-0.06956524722203752,1.0033691110458551,0.16593186372745494,0.10941883767535066,0.08276840500018341,0.996737055356671,0.6956521739130435
dopamine,1.0,7.5,CV,2,0.05110037340178891,0.21028765998696966,0.9663916116033257,-0.5310979009521009,0.10000000000000003,1.4,-6.9682696528114985e-06,0.06399159273715677,-0.07179777961052045,0.9663916116033257,0.16593186372745494,0.11503006012024053,0.08523164868676708,0.9601276594819222,0.7826086956521753
dopamine,1.0,7.5,CV,3,0.052531577954824014,0.21206595877020387,0.9809673888965231,-0.521091199271114,0.10000000000000003,1.4,-0.0002032556642336995,0.07359362539905578,-0.10802254032408506,0.9809673888965231,0.17715430861723447,0.11222444889779559,0.08511200661335047,0.9727526004378504,0.999999999999998
dopamine,1.0,7.5,CV,4,0.05139692171363214,0.2126173974491762,0.9765728213279173,-0.548384981949676,0.10000000000000003,1.4,-5.6964441230652694e-05,0.06644444591308668,-0.08460390705213439,0.9765728213279173,0.17434869739478953,0.11222444889779559,0.0853853462068537,0.9705542097683589,0.999999999999998
dopamine,1.0,7.5,CV,5,0.05167091886048382,0.21173137157905705,0.9712360001549438,-0.5150465505683595,0.10000000000000003,1.4,-1.3200709872423568e-05,0.04821147684231743,-0.07074434674113378,0.9712360001549438,0.16593186372745494,0.11503006012024053,0.08576308317117315,0.9637850761439782,0.7083333333333335
dopamine,1.0,7.5,CV,6,0.05133328320797752,0.21071995313378664,0.9621527443915586,-0.5317475165664657,0.10000000000000003,1.4,5.319571243491991e-05,0.08599760410654944,-0.06345490136935233,0.9621527443915586,0.17434869739478953,0.11222444889779559,0.08422259018211495,0.9547227367844054,0.999999999999998
dopamine,1.0,7.5,CV,7,0.04992814480146473,0.2115712314373035,0.9648287500933631,-0.5137899507096849,0.10000000000000003,1.4,-2.8266306670769403e-05,0.08191412537544616,-0.06388661169393822,0.9648287500933631,0.16593186372745494,0.11222444889779559,0.0850827310032608,0.9609572995620371,0.7391304347826093
dopamine,1.0,7.5,CV,8,0.05094692682754202,0.21055702900488948,0.965769613747458,-0.5035763382312168,0.10000000000000003,1.4,1.3455568681702348e-05,0.06604667473263048,-0.0821273506841723,0.965769613747458,0.1715430861723447,0.11222444889779559,0.08447223418162582,0.9586550994957789,0.818181818181817
dopamine,1.0,7.5,CV,9,0.05175869392608868,0.21179770339023915,0.9816196489655583,-0.5313846450719928,0.10000000000000003,1.4,-3.395667295210115e-05,0.06235028597504877,-0.06783589755586228,0.9816196489655583,0.16873747494989977,0.11222444889779559,0.08476602482249947,0.9737294015153871,0.818181818181817
dopamine,1.0,8.0,CV,0,0.051091861495546544,0.21322660141494576,0.9877298132662473,-0.5298891443924661,0.10000000000000003,1.4,-3.5573192176958646e-06,0.07728127132694726,-0.07152352336907429,0.9877298132662473,0.15751503006012024,0.10661322645290583,0.08256638214534326,0.9821392816254675,0.583333333333333
dopamine,1.0,8.0,CV,1,0.05094375400093901,0.21384386437762734,0.9642185134271547,-0.5516009018008823,0.10000000000000003,1.4,1.4783604851787202e-05,0.05965939358609978,-0.07024683552173897,0.9642185134271547,0.15190380761523048,0.11503006012024053,0.08635451745028327,0.9575403930325117,0.8636363636363632
dopamine,1.0,8.0,CV,2,0.051701408616619496,0.21273080700719707,0.9402861737212176,-0.5331378005666187,0.10000000000000003,1.4,-7.087662655377469e-06,0.06571672557172298,-0.0747252412008795,0.9402861737212176,0.14629258517034072,0.10941883767535066,0.08343951081589,0.9337180058056642,0.9500000000000011
dopamine,1.0,8.0,CV,3,0.053150096072408774,0.21493401172346516,0.9804675154879653,-0.5397245934995331,0.10000000000000003,1.4,-0.00020577280913277235,0.08534424702964863,-0.10934236275410932,0.9804675154879653,0.14629258517034072,0.11503006012024053,0.08774810321827604,0.9722070331470206,0.9523809523809534
dopamine,1.0,8.0,CV,4,0.05200157941924286,0.21536459722650492,1.0184252781912522,-0.5298547793676156,0.10000000000000003,1.4,-5.7694563289329426e-05,0.05519526023128708,-0.08986843936637398,1.0184252781912522,0.14629258517034072,0.10941883767535066,0.085108426309093,1.012372283578262,0.9500000000000011
dopamine,1.0,8.0,CV,5,0.05227892358274786,0.21468536814407643,0.9791503401513946,-0.5611627317579919,0.10000000000000003,1.4,-1.3396235350986551e-05,0.05740122262263958,-0.06297034700621934,0.9791503401513946,0.14629258517034072,0.10941883767535077,0.08420347237800277,0.9719200442213084,0.9499999999999992
dopamine,1.0,8.0,CV,6,0.05193716353637586,0.21361074420057785,0.9727699101154912,-0.533869724863445,0.10000000000000003,1.4,5.38112535449608e-05,0.08704824347804173,-0.06679567065179595,0.9727699101154912,0.13787575150300602,0.11783567134268536,0.08810701795892403,0.9654379767678553,0.7499999999999992
dopamine,1.0,8.0,CV,7,0.05051486063855039,0.21394892311654218,0.9748021009879777,-0.5355415563035517,0.10000000000000003,1.4,-2.8645866194780766e-05,0.0900579076989535,-0.06815278320692338,0.9748021009879777,0.14909819639278554,0.10941883767535066,0.08407148457204196,0.970791020044166,0.9500000000000011
dopamine,1.0,8.0,CV,8,0.05154608761322141,0.21338966629363013,0.9669035591321316,-0.5452707873061919,0.10000000000000003,1.4,1.3585663412187477e-05,0.06898782694783212,-0.07323353929317711,0.9669035591321316,0.14909819639278554,0.11783567134268536,0.08801583534854805,0.9605176970131833,1.0
dopamine,1.0,8.0,CV,9,0.05236777086611012,0.2145050273577227,0.9861489899091755,-0.5230052595401087,0.10000000000000003,1.4,-3.440574323900192e-05,0.060847923399957204,-0.07318943172021694,0.9861489899091755,0.14629258517034072,0.11222444889779559,0.08562885995781352,0.9782666675717087,0.999999999999998
dopamine,2.0,6.0,CV,0,0.08819792316292423,0.37892415897622866,1.6930766342744437,-0.9567609326817865,0.10000000000000003,1.4,-8.451675092551291e-06,0.10732854377711444,-0.12646331665164867,1.6930766342744437,0.25290581162324655,0.11222444889779559,0.15116593753784968,1.6862757025898747,0.8181818181818203
dopamine,2.0,6.0,CV,1,0.0879358916213446,0.3779371222251514,1.740254884971432,-0.9612433745098383,0.10000000000000003,1.4,2.3997058313248687e-05,0.11411930538283992,-0.12222944072267933,1.740254884971432,0.2585170340681363,0.10941883767535077,0.1486930765914312,1.7306124675890515,0.9499999999999992
dopamine,2.0,6.0,CV,2,0.08927633295051388,0.38002657701121856,1.7466899775186113,-0.9685653181266209,0.10000000000000003,1.4,-1.4697553032302746e-05,0.10765597622053846,-0.12592309455302336,1.7466899775186113,0.25290581162324655,0.10661322645290583,0.14693573185954042,1.7376793177026302,0.8095238095238101
dopamine,2.0,6.0,CV,3,0.09183934847051421,0.37908584721663724,1.7064996308630909,-0.9017382404183416,0.10000000000000003,1.4,-0.00036621099506570703,0.13286941686680975,-0.19346541681615084,1.7064996308630909,0.26132264529058113,0.11222444889779559,0.15028662907257656,1.6945352249146397,0.8181818181818203
dopamine,2.0,6.0,CV,4,0.08980739465240144,0.3798032788063472,1.7361307369577494,-0.9506228333995508,0.10000000000000003,1.4,-0.00010423120035257134,0.10617839031944787,-0.13629668649078538,1.7361307369577494,0.25290581162324655,0.10941883767535077,0.1492765457131663,1.727255439646917,0.8571428571428585
dopamine,2.0,6.0,CV,5,0.09029807150102341,0.3766612008955508,1.7236238154794443,-0.8929188981002968,0.10000000000000003,1.4,-2.5858669712979218e-05,0.11108160391294133,-0.12460211645675724,1.7236238154794443,0.2669338677354709,0.11503006012024042,0.15295090021289212,1.7113519020748433,0.7083333333333346
dopamine,2.0,6.0,CV,6,0.0896934301758935,0.3783763700791207,1.7516623147577632,-0.9324800504802574,0.10000000000000003,1.4,9.304471169768904e-05,0.154014064513627,-0.13910393699411777,1.7516623147577632,0.25290581162324655,0.10941883767535077,0.14852217419332742,1.7412443340381225,0.8571428571428585
dopamine,2.0,6.0,CV,7,0.08717709417346566,0.38106562084901985,1.7512153402287658,-0.9370250910135616,0.10000000000000003,1.4,-5.283829210891322e-05,0.1206557248627943,-0.12904770256205697,1.7512153402287658,0.25571142284569137,0.11222444889779559,0.15249619529946057,1.746986490262835,0.904761904761905
dopamine,2.0,6.0,CV,8,0.08900153928076787,0.3780700639045791,1.7160042728411258,-0.9493383987573415,0.10000000000000003,1.4,2.1877662242359848e-05,0.11344408779684823,-0.1642975429635226,1.7160042728411258,0.25571142284569137,0.11222444889779559,0.1499045654397183,1.705516012522676,0.999999999999998
dopamine,2.0,6.0,CV,9,0.09045525997204748,0.3799826766835125,1.7151014049841606,-0.9065058927865418,0.10000000000000003,1.4,-6.302865732443103e-05,0.13270160586044555,-0.13697934500513376,1.7151014049841606,0.2585170340681363,0.10941883767535077,0.149297653246931,1.7042311702387822,0.9499999999999992
dopamine,2.0,6.5,CV,0,0.08930351821021308,0.382940838636155,1.7294522744831815,-0.9572974347792398,0.10000000000000003,1.4,-8.596904814532083e-06,0.13534298341414225,-0.13345582600031725,1.7294522744831815,0.22765531062124245,0.11222444889779559,0.1526907710953741,1.72276949326479,0.904761904761905
dopamine,2.0,6.5,CV,1,0.08903810621202353,0.3832203646624662,1.7562338318981623,-0.9545914965520093,0.10000000000000003,1.4,2.4270448176778285e-05,0.1252506109521775,-0.11912751800321934,1.7562338318981623,0.23607214428857715,0.11503006012024042,0.15565404968006918,1.746499157911469,0.7826086956521736
dopamine,2.0,6.5,CV,2,0.09039584051181815,0.38412067973102676,1.7667386733438137,-0.9313520710618022,0.10000000000000003,1.4,-1.492336053220733e-05,0.10945124036062859,-0.14796572878190603,1.7667386733438137,0.21643286573146292,0.10661322645290583,0.14861724742845123,1.7567794717228327,0.583333333333333
dopamine,2.0,6.5,CV,3,0.09299192137465388,0.38400041374293753,1.7811791925464997,-0.9663735210869435,0.10000000000000003,1.4,-0.000370971660970247,0.12439443411258833,-0.19596159160727164,1.7811791925464997,0.22484969939879762,0.11222444889779559,0.1530921092843899,1.7692713292523503,0.8181818181818203
dopamine,2.0,6.5,CV,4,0.09093375341577711,0.3855275553938141,1.7890867197013776,-1.0337211525111032,0.10000000000000003,1.4,-0.0001056120772310445,0.11457289050703956,-0.12825143153241408,1.7890867197013776,0.21923847695390786,0.10661322645290583,0.14916275954429573,1.7801213485580059,0.6521739130434792
dopamine,2.0,6.5,CV,5,0.09143076046337544,0.38224155718700287,1.7342353301461906,-0.9416768002818543,0.10000000000000003,1.4,-2.622846625492932e-05,0.10106684130377436,-0.135934528509164,1.7342353301461906,0.23046092184368738,0.10941883767535077,0.14993764445792268,1.7221335718797992,0.9499999999999992
dopamine,2.0,6.5,CV,6,0.09081831868891081,0.38316277390260334,1.7330703355916701,-0.9635425995708702,0.10000000000000003,1.4,9.420888209427382e-05,0.15600113448153918,-0.1185459946769778,1.7330703355916701,0.23326653306613232,0.10941883767535066,0.15024400800266655,1.7224858012805555,0.9499999999999972
dopamine,2.0,6.5,CV,7,0.0882695195539112,0.38597791959135114,1.7321074775717915,-0.9280895682397379,0.10000000000000003,1.4,-5.355615149212548e-05,0.11851144473782693,-0.15474089857312168,1.7321074775717915,0.22204408817635268,0.10941883767535066,0.15192531229319547,1.727860356710707,0.6956521739130435
dopamine,2.0,6.5,CV,8,0.09011750174184617,0.3828880139988433,1.7597153278703754,-0.9326170233468142,0.10000000000000003,1.4,2.212370987672918e-05,0.11735357293832038,-0.1340420461109995,1.7597153278703754,0.22765531062124245,0.10941883767535077,0.15008978951036628,1.7491345088537786,0.9499999999999992
dopamine,2.0,6.5,CV,9,0.09158997681548085,0.3847209171739199,1.767713961130389,-0.9459702039122005,0.10000000000000003,1.4,-6.387798213063441e-05,0.11722559234585939,-0.16062958736562974,1.767713961130389,0.22765531062124245,0.10941883767535066,0.14974221140819052,1.7570691735747797,0.8571428571428567
dopamine,2.0,7.0,CV,0,0.09034291091699273,0.3869091148049161,1.731972403592969,-0.9361929537067797,0.10000000000000003,1.4,-8.740686052536416e-06,0.15517798644851472,-0.15427220130085423,1.731972403592969,0.19959919839679363,0.11222444889779559,0.15446107871316206,1.7259399049868704,0.904761904761905
dopamine,2.0,7.0,CV,1,0.09007415217799991,0.3884719014455202,1.7459059591452306,-0.9709578524630693,0.10000000000000003,1.4,2.454111131996914e-05,0.12388939895432144,-0.10997831197809599,1.7459059591452306,0.19959919839679363,0.11503006012024042,0.1575624737451115,1.7360799486930172,0.8636363636363648
dopamine,2.0,7.0,CV,2,0.09144900697276882,0.3877268746448795,1.7479843666271422,-0.9487356141066362,0.10000000000000003,1.4,-1.5146915886057683e-05,0.10219353664453057,-0.13459060668589717,1.7479843666271422,0.21643286573146292,0.10941883767535077,0.15279490072986757,1.738474412156921,0.6250000000000004
dopamine,2.0,7.0,CV,3,0.0940778233931962,0.38925206374616467,1.7892977947998316,-0.9730970951160555,0.10000000000000003,1.4,-0.00037568484521480227,0.10071488965691078,-0.19843287019162825,1.7892977947998316,0.20240480961923846,0.11222444889779559,0.1555911741413161,1.7775722999098535,0.904761904761905
dopamine,2.0,7.0,CV,4,0.09199370274666802,0.39082229821972403,1.7742339093226376,-0.944924995562992,0.10000000000000003,1.4,-0.00010697918159791109,0.12720993087874932,-0.12670310789103523,1.7742339093226376,0.19959919839679363,0.11503006012024053,0.15895733531345607,1.7656675867139853,0.9523809523809534
dopamine,2.0,7.0,CV,5,0.09249697685746261,0.3881358079535886,1.7477710382569638,-0.9824705842294755,0.10000000000000003,1.4,-2.659457454107181e-05,0.1078812975490519,-0.13715960646518005,1.7477710382569638,0.20240480961923846,0.11222444889779559,0.15441324412460872,1.7354404666352294,0.904761904761905
dopamine,2.0,7.0,CV,6,0.09187681243334309,0.38756059319906644,1.7934752878345956,-0.9640754142338664,0.10000000000000003,1.4,9.536144135408845e-05,0.15796838592354043,-0.11509008526622921,1.7934752878345956,0.19959919839679363,0.10941883767535066,0.1526578195175049,1.7827887444973785,0.9500000000000011
dopamine,2.0,7.0,CV,7,0.08929587394472482,0.38997722997557777,1.7835310736762109,-0.9477574317423169,0.10000000000000003,1.4,-5.4266851130076566e-05,0.12372845756369605,-0.15471115559671256,1.7835310736762109,0.2052104208416834,0.11222444889779559,0.15657377934458666,1.7786949123014069,0.904761904761905
dopamine,2.0,7.0,CV,8,0.09116715846049074,0.38742050817405244,1.8002934031373552,-0.9536753560025882,0.10000000000000003,1.4,2.236730349513735e-05,0.09485446192904096,-0.13448652602363703,1.8002934031373552,0.1967935871743487,0.11222444889779559,0.1552233838186119,1.7896427714408394,0.818181818181817
dopamine,2.0,7.0,CV,9,0.0926582008650839,0.38936439822429264,1.7711231471373612,-0.9203745543555876,0.10000000000000003,1.4,-6.471883598918543e-05,0.10760906459076613,-0.1474141515405435,1.7711231471373612,0.1967935871743487,0.11222444889779559,0.15512061270122673,1.759834251550626,0.904761904761905
dopamine,2.0,7.5,CV,0,0.09144792378636371,0.39166971656364913,1.7749216241506278,-0.9940100010381073,0.10000000000000003,1.4,-8.882732911571045e-06,0.130894770014917,-0.14888777403662662,1.7749216241506278,0.15751503006012024,0.11222444889779559,0.15633849762428598,1.767688114701542,0.5384615384615383
dopamine,2.0,7.5,CV,1,0.09117585867704257,0.39360389650593186,1.8656170479505234,-0.998764655239629,0.10000000000000003,1.4,2.480850955551339e-05,0.11257979151364145,-0.1294691790330333,1.8656170479505234,0.16593186372745494,0.10941883767535066,0.1540723755770494,1.855343161663597,0.6956521739130435
dopamine,2.0,7.5,CV,2,0.0925676274486973,0.39164352462794433,1.7968617222206347,-0.9915564283736596,0.10000000000000003,1.4,-1.5367774575797105e-05,0.11907641076249315,-0.13362626972105363,1.7968617222206347,0.16593186372745494,0.11503006012024053,0.15871990130909813,1.7878235103750504,0.7826086956521753
dopamine,2.0,7.5,CV,3,0.09522878455000335,0.3949480936726652,1.8239872474423706,-0.973053886163006,0.10000000000000003,1.4,-0.0003803411760913686,0.13686748764699574,-0.2008743386723544,1.8239872474423706,0.17715430861723447,0.11222444889779559,0.1585164557748594,1.8115206514990985,0.999999999999998
dopamine,2.0,7.5,CV,4,0.09311902427332891,0.3959761425039002,1.8158234810831897,-1.0237319907040714,0.10000000000000003,1.4,-0.00010832979509923599,0.12363010122647033,-0.15742533254019764,1.8158234810831897,0.17434869739478953,0.11222444889779559,0.1589420084321596,1.8067045078920827,0.999999999999998
dopamine,2.0,7.5,CV,5,0.09362848985009478,0.39432063773260867,1.8058692948756305,-0.9618056492788416,0.10000000000000003,1.4,-2.6956266600724228e-05,0.08962569771806168,-0.13166753478328905,1.8058692948756305,0.16593186372745494,0.11503006012024053,0.15968548000836025,1.7944247254812857,0.7083333333333335
dopamine,2.0,7.5,CV,6,0.09300069593173713,0.3924477187261667,1.7890110383340438,-0.9928591378736624,0.10000000000000003,1.4,9.650009772525577e-05,0.15991190715166595,-0.11806470848498163,1.7890110383340438,0.17434869739478953,0.11222444889779559,0.15686848009184856,1.778056161328827,0.999999999999998
dopamine,2.0,7.5,CV,7,0.09038800577442899,0.39402907378121765,1.7939557644406827,-0.9594591485435284,0.10000000000000003,1.4,-5.496897786572846e-05,0.15238756248863755,-0.118910421915273,1.7939557644406827,0.16593186372745494,0.11222444889779559,0.15840919538398288,1.7890952990782156,0.7391304347826093
dopamine,2.0,7.5,CV,8,0.09228231153081379,0.3921425285218726,1.7957353897452417,-0.9404870551423336,0.10000000000000003,1.4,2.2607958735389983e-05,0.12285560852943811,-0.15283394610586876,1.7957353897452417,0.1715430861723447,0.11222444889779559,0.15729524707747694,1.7850328068531038,0.818181818181817
dopamine,2.0,7.5,CV,9,0.0937916972956389,0.39445086712243244,1.8251964318111213,-0.9921218570507777,0.10000000000000003,1.4,-6.554954694405152e-05,0.11602459323148906,-0.12620416074880814,1.8251964318111213,0.16873747494989977,0.11222444889779559,0.15788195113146927,1.8134126855427943,0.818181818181817
dopamine,2.0,8.0,CV,0,0.09255341884085323,0.3971096781050527,1.8365095368085669,-0.989542632472761,0.10000000000000003,1.4,-9.025587195900186e-06,0.14376543403968295,-0.13311946506229355,1.8365095368085669,0.15751503006012024,0.10661322645290583,0.15371624152272814,1.8283803973200337,0.583333333333333
dopamine,2.0,8.0,CV,1,0.09227802856707444,0.3982487395540493,1.7928435679134493,-1.0298950305203673,0.10000000000000003,1.4,2.5077427740887727e-05,0.1109218483608109,-0.130737735022059,1.7928435679134493,0.15190380761523048,0.11503006012024053,0.1607611027251796,1.7826219240694534,0.8636363636363632
dopamine,2.0,8.0,CV,2,0.09368680745834468,0.39618503706296165,1.7483630217205903,-0.995578176413771,0.10000000000000003,1.4,-1.558988867444866e-05,0.12229093544248948,-0.13904018636161308,1.7483630217205903,0.14629258517034072,0.10941883767535066,0.15537092175456266,1.7386662527696073,0.9500000000000011
dopamine,2.0,8.0,CV,3,0.09638048907200565,0.40027965020890616,1.8230759911031726,-1.0078122871503807,0.10000000000000003,1.4,-0.00038502397456712,0.15874673167610942,-0.203329684991852,1.8230759911031726,0.14629258517034072,0.11503006012024053,0.16343909413101187,1.8106663980933306,0.9523809523809534
dopamine,2.0,8.0,CV,4,0.09424494342394113,0.4010830460766708,1.893654449611218,-0.9894604081780372,0.10000000000000003,1.4,-0.00010968808578196287,0.10262699027782045,-0.1672272823054265,1.893654449611218,0.14629258517034072,0.10941883767535066,0.15842409988660555,1.8844586834757835,0.9500000000000011
dopamine,2.0,8.0,CV,5,0.09476063566031971,0.3998119644762936,1.8206268424121215,-1.047654720229953,0.10000000000000003,1.4,-2.732001459684574e-05,0.10682576817813005,-0.11721422885981791,1.8206268424121215,0.14629258517034072,0.10941883767535077,0.15685231655957538,1.8102597490610366,0.9499999999999992
dopamine,2.0,8.0,CV,6,0.09412516888001644,0.397821467850987,1.808725276370557,-0.9969464424344244,0.10000000000000003,1.4,9.764522646731765e-05,0.1618664757778905,-0.1243205113217969,1.808725276370557,0.13787575150300602,0.11783567134268536,0.16407906881001888,1.7977734800995868,0.7499999999999992
dopamine,2.0,8.0,CV,7,0.09148054657061581,0.39844896768551247,1.8125362385376147,-1.0000550367646641,0.10000000000000003,1.4,-5.5675095642719444e-05,0.16755072262218312,-0.12683719220288037,1.8125362385376147,0.14909819639278554,0.10941883767535066,0.15651577904986363,1.8073178136681696,0.9500000000000011
dopamine,2.0,8.0,CV,8,0.09339800442536689,0.3974081560211858,1.797849732565053,-1.0181455162273954,0.10000000000000003,1.4,2.2849981912460572e-05,0.1283313296149533,-0.13627224009334837,1.797849732565053,0.14909819639278554,0.11783567134268536,0.16390112830998757,1.788583458884043,1.0
dopamine,2.0,8.0,CV,9,0.09492583781807999,0.39948359292621943,1.8336400938885875,-0.976724448086694,0.10000000000000003,1.4,-6.638497984097335e-05,0.11322648102421029,-0.13617282450580487,1.8336400938885875,0.14629258517034072,0.11222444889779559,0.15948880318187084,1.8218891231403564,0.999999999999998
dopamine,5.0,6.0,CV,0,0.17948513086963735,0.785023794391758,3.5039700460095387,-1.984798876152073,0.10000000000000003,1.4,-2.049234717289386e-05,0.22216467109428012,-0.26182609057234973,3.5039700460095387,0.25290581162324655,0.11222444889779559,0.31314824303138156,3.4931434942865716,0.8181818181818203
dopamine,5.0,6.0,CV,1,0.1789428332160851,0.7829707631254278,3.6016052405719985,-1.9940671432861965,0.10000000000000003,1.4,4.6663201661525807e-05,0.2362306247233058,-0.25312077871685046,3.6016052405719985,0.2585170340681363,0.10941883767535077,0.30804308143931014,3.5850566326431474,0.9499999999999992
dopamine,5.0,6.0,CV,2,0.18171699613994852,0.7873014415080681,3.6149276431947213,-2.009230781670982,0.10000000000000003,1.4,-3.341874882165124e-05,0.2229210976977778,-0.2607171536832551,3.6149276431947213,0.25290581162324655,0.10661322645290583,0.30434929457450016,3.5992041561619477,0.8095238095238101
dopamine,5.0,6.0,CV,3,0.18702138542886887,0.7853530628447879,3.531728261577458,-1.8709213431910459,0.10000000000000003,1.4,-0.0007609071788695659,0.2751007617694534,-0.40041769700518803,3.531728261577458,0.26132264529058113,0.11222444889779559,0.31134417114143986,3.5103565831801347,0.8181818181818203
dopamine,5.0,6.0,CV,4,0.18281607571292274,0.7868412533022293,3.5930743527666706,-1.9720480996403973,0.10000000000000003,1.4,-0.0002187166200743127,0.21981693182555506,-0.2822322185789645,3.5930743527666706,0.25290581162324655,0.10941883767535077,0.30929226506559493,3.5784939446207,0.8571428571428585
dopamine,5.0,6.0,CV,5,0.18383157522895816,0.7803289159897796,3.567104218548648,-1.8525943919984804,0.10000000000000003,1.4,-5.651767557858292e-05,0.22994716182127484,-0.25802450152378875,3.567104218548648,0.2669338677354709,0.11503006012024042,0.3168458047334694,3.5449446527412087,0.7083333333333346
dopamine,5.0,6.0,CV,6,0.18258021606096636,0.7838873216703086,3.6252183387392622,-1.9344999917037378,0.10000000000000003,1.4,0.0001895634807193208,0.31875760018964305,-0.288042934804932,3.6252183387392622,0.25290581162324655,0.10941883767535077,0.30766616630925453,3.6068524452424473,0.8571428571428585
dopamine,5.0,6.0,CV,7,0.17737243419837315,0.7894507227567484,3.6242963886933963,-1.9439506287636088,0.10000000000000003,1.4,-0.00011235441122819221,0.24982343647090755,-0.2672262000292128,3.6242963886933963,0.25571142284569137,0.11222444889779559,0.31588523637742794,3.6186495825249483,0.904761904761905
dopamine,5.0,6.0,CV,8,0.18114828612352868,0.7832506211953235,3.55142394323024,-1.9694372799626485,0.10000000000000003,1.4,4.2276922401928763e-05,0.23488883366364,-0.3401788897037799,3.55142394323024,0.25571142284569137,0.11222444889779559,0.31055227072956454,3.533096715048909,0.999999999999998
dopamine,5.0,6.0,CV,9,0.18415689079397737,0.7872107230382133,3.5495478695641416,-1.880783041223683,0.10000000000000003,1.4,-0.00013344428121827794,0.2747550364819772,-0.2836070598457993,3.5495478695641416,0.2585170340681363,0.10941883767535077,0.3093620793096567,3.531077570475592,0.9499999999999992
dopamine,5.0,6.5,CV,0,0.1817752985311518,0.7933431967641368,3.579290815665677,-1.986037306397254,0.10000000000000003,1.4,-2.07931440186197e-05,0.28019429977985566,-0.27635598846952575,3.579290815665677,0.22765531062124245,0.11222444889779559,0.31627556881658647,3.5684264854988013,0.904761904761905
dopamine,5.0,6.5,CV,1,0.1812259993446384,0.7939110798387912,3.6346747655801943,-1.9804588962593843,0.10000000000000003,1.4,4.7229441185236366e-05,0.25928962925933297,-0.24670350900888993,3.6346747655801943,0.23607214428857715,0.11503006012024042,0.32241691019741037,3.6175360192794948,0.7826086956521736
dopamine,5.0,6.5,CV,2,0.18403597911746644,0.7957810779054724,3.6563620210194223,-1.9323767624706,0.10000000000000003,1.4,-3.388643672180211e-05,0.2266383353862782,-0.30638734330910494,3.6563620210194223,0.21643286573146292,0.10661322645290583,0.3078267487268954,3.638621581544087,0.583333333333333
dopamine,5.0,6.5,CV,3,0.18940885267181193,0.7955304933363667,3.686338909447158,-2.0048574873080303,0.10000000000000003,1.4,-0.0007707673732437898,0.25755870346217513,-0.4055877234523317,3.686338909447158,0.22484969939879762,0.11222444889779559,0.31713252854315604,3.6648954652125822,0.8181818181818203
dopamine,5.0,6.5,CV,4,0.18514924876079544,0.7986942743917166,3.7026555944419672,-2.1442480315409296,0.10000000000000003,1.4,-0.0002215766641735277,0.23723435545252536,-0.26558647569009475,3.7026555944419672,0.21923847695390786,0.10661322645290583,0.30905807001501717,3.687931766573924,0.6521739130434792
dopamine,5.0,6.5,CV,5,0.18617785925617403,0.7918840251321425,3.5891853347474107,-1.9537086932193795,0.10000000000000003,1.4,-5.728359065341884e-05,0.20927502969426282,-0.28148824862806154,3.5891853347474107,0.23046092184368738,0.10941883767535077,0.31060841062404826,3.56742368751963,0.9499999999999992
dopamine,5.0,6.5,CV,6,0.1849103439562064,0.7937995186479901,3.5867597305754257,-1.9989985853123797,0.10000000000000003,1.4,0.0001919746867617549,0.322873179083787,-0.24543999667026417,3.5867597305754257,0.23326653306613232,0.10941883767535066,0.3112231519831299,3.567961539867078,0.9499999999999972
dopamine,5.0,6.5,CV,7,0.179635325113835,0.7996235221508426,3.5847611452207233,-1.9256102542904177,0.10000000000000003,1.4,-0.00011384122697913268,0.24539134204908786,-0.3204027113588588,3.5847611452207233,0.22204408817635268,0.10941883767535066,0.3147149622557975,3.579190121842322,0.6956521739130435
dopamine,5.0,6.5,CV,8,0.18345992656157725,0.7932280877669954,3.641923517730355,-1.9348506402820944,0.10000000000000003,1.4,4.2786531256833406e-05,0.2429868704562803,-0.2775413468314819,3.641923517730355,0.22765531062124245,0.10941883767535077,0.31094602310708114,3.623517369664469,0.9499999999999992
dopamine,5.0,6.5,CV,9,0.18650737492723524,0.7970233014827731,3.6584775649208154,-1.9626305887401037,0.10000000000000003,1.4,-0.0001352033854788876,0.24269735545283377,-0.33259658503747624,3.6584775649208154,0.22765531062124245,0.10941883767535066,0.31024832003064196,3.6401367582558724,0.8571428571428567
dopamine,5.0,7.0,CV,0,0.1839283438151477,0.8015589696948462,3.5845310866615727,-1.9425728558038309,0.10000000000000003,1.4,-2.1090878948037016e-05,0.32128033016530066,-0.31939170270715767,3.5845310866615727,0.19959919839679363,0.11222444889779559,0.31988848425438265,3.574539799550395,0.904761904761905
dopamine,5.0,7.0,CV,1,0.18337211436672618,0.8047823992555849,3.613368303075181,-2.0144842385128454,0.10000000000000003,1.4,4.778991675877117e-05,0.25646928639801553,-0.2277716005590383,3.613368303075181,0.19959919839679363,0.11503006012024042,0.32642019936173117,3.596486281703118,0.8636363636363648
dopamine,5.0,7.0,CV,2,0.1862175463962847,0.8032475942433205,3.6175128554815466,-1.9684900413239923,0.10000000000000003,1.4,-3.434936386322374e-05,0.21161827627000962,-0.2786811325679216,3.6175128554815466,0.21643286573146292,0.10941883767535077,0.3164325036882975,3.600278527309466,0.6250000000000004
dopamine,5.0,7.0,CV,3,0.1916582070907624,0.8064020682790297,3.703171345575255,-2.018949436662368,0.10000000000000003,1.4,-0.0007805271972504555,0.20853820405901136,-0.41070512239183343,3.703171345575255,0.20240480961923846,0.11222444889779559,0.32232264577743097,3.6822517125529908,0.904761904761905
dopamine,5.0,7.0,CV,4,0.18734486166427877,0.8096550746154063,3.6719964993568692,-1.9605792277958767,0.10000000000000003,1.4,-0.0002244075948834348,0.263390245060778,-0.26221599843512905,3.6719964993568692,0.19959919839679363,0.11503006012024053,0.32927824037251363,3.657473480035868,0.9523809523809534
dopamine,5.0,7.0,CV,5,0.18838644967775572,0.8040853377327469,3.617226587190341,-2.038349031625796,0.10000000000000003,1.4,-5.804170921079488e-05,0.22339349508754125,-0.28402665107978164,3.617226587190341,0.20240480961923846,0.11222444889779559,0.31988872414770864,3.595085536239728,0.904761904761905
dopamine,5.0,7.0,CV,6,0.18710294270473093,0.802904171964209,3.711818911817515,-2.0002604759595726,0.10000000000000003,1.4,0.00019436134829446254,0.3269468640607688,-0.2383460183847558,3.711818911817515,0.19959919839679363,0.10941883767535066,0.3162226768316406,3.692826748941458,0.9500000000000011
dopamine,5.0,7.0,CV,7,0.18176137131131764,0.8079035922211352,3.6912246249538394,-1.9664403491218734,0.10000000000000003,1.4,-0.0001153129079124666,0.25614353796644207,-0.32034041048774176,3.6912246249538394,0.2052104208416834,0.11222444889779559,0.32434444322865574,3.6844530271881224,0.904761904761905
dopamine,5.0,7.0,CV,8,0.18563422604320384,0.8026114208589537,3.7259201861237337,-1.9786120315902902,0.10000000000000003,1.4,4.32909526249472e-05,0.19636922085541747,-0.2784870806792077,3.7259201861237337,0.1967935871743487,0.11222444889779559,0.32157166107218915,3.707311111638706,0.818181818181817
dopamine,5.0,7.0,CV,9,0.1887201227005105,0.8066363676889116,3.6655487337721016,-1.909795847314466,0.10000000000000003,1.4,-0.00013694458320190678,0.22282297286850494,-0.305221044564973,3.6655487337721016,0.1967935871743487,0.11222444889779559,0.3213677630597932,3.645702021765737,0.904761904761905
dopamine,5.0,7.5,CV,0,0.18621732538385954,0.8114122415413605,3.673255043227871,-2.0623879089250243,0.10000000000000003,1.4,-2.1384972206513696e-05,0.27097823776896246,-0.30830245798339617,3.673255043227871,0.15751503006012024,0.11222444889779559,0.32385321539670164,3.661472537384946,0.5384615384615383
dopamine,5.0,7.5,CV,1,0.18565425043930958,0.8154042914090005,3.8611051305013255,-2.0722365334896984,0.10000000000000003,1.4,4.834353701434435e-05,0.23306968998968014,-0.26810399265276635,3.8611051305013255,0.16593186372745494,0.10941883767535066,0.31917207551975074,3.8431518683647705,0.6956521739130435
dopamine,5.0,7.5,CV,2,0.18853470110011378,0.8113544179628236,3.718806835363549,-2.0571890204064096,0.10000000000000003,1.4,-3.480662882613578e-05,0.2465584181925573,-0.27671506111971583,3.718806835363549,0.16593186372745494,0.11503006012024053,0.32871087294495527,3.702636713969254,0.7826086956521753
dopamine,5.0,7.5,CV,3,0.19404231981313264,0.8181912053719553,3.774976062934188,-2.0190246758270987,0.10000000000000003,1.4,-0.0007901676463905455,0.2833012831350856,-0.415759929135492,3.774976062934188,0.17715430861723447,0.11222444889779559,0.32839573471985123,3.7526732309527073,0.999999999999998
dopamine,5.0,7.5,CV,4,0.18967589019719863,0.8203222534143956,3.758089293659678,-2.123820782392815,0.10000000000000003,1.4,-0.00022720389976652904,0.2559740463803013,-0.32595491724114384,3.758089293659678,0.17434869739478953,0.11222444889779559,0.32931769560598834,3.7430832825326403,0.999999999999998
dopamine,5.0,7.5,CV,5,0.19073029699748015,0.8168859870814349,3.737449205514933,-1.9957338491516714,0.10000000000000003,1.4,-5.8790555029076875e-05,0.18547003745906981,-0.2726611985379911,3.737449205514933,0.16593186372745494,0.11503006012024053,0.33081848814204734,3.7172443446557284,0.7083333333333335
dopamine,5.0,7.5,CV,6,0.18943099394958074,0.8130192925483188,3.702597375743796,-2.060003175756032,0.10000000000000003,1.4,0.00019671881796860452,0.33097072277036416,-0.24444740495258088,3.702597375743796,0.17434869739478953,0.11222444889779559,0.3249399689823338,3.683022866912653,0.999999999999998
dopamine,5.0,7.5,CV,7,0.18402368402614627,0.8162902522067508,3.7127925690730503,-1.9908650063875655,0.10000000000000003,1.4,-0.0001167665883454907,0.31548323123630906,-0.24625123985607633,3.7127925690730503,0.16593186372745494,0.11222444889779559,0.3281313609516058,3.705855107057559,0.7391304347826093
dopamine,5.0,7.5,CV,8,0.18794420184409996,0.8123848665392542,3.7165133284829697,-1.9516232857080607,0.10000000000000003,1.4,4.378920428820965e-05,0.2543277124591927,-0.31646920979608056,3.7165133284829697,0.1715430861723447,0.11222444889779559,0.3258928749801469,3.698080507697773,0.818181818181817
dopamine,5.0,7.5,CV,9,0.19106807652231225,0.8171640710975315,3.7774741292537093,-2.0583994047731085,0.10000000000000003,1.4,-0.0001386644838968511,0.24024227573925094,-0.2612849984239112,3.7774741292537093,0.16873747494989977,0.11222444889779559,0.3270864580318495,3.756620575278105,0.818181818181817
dopamine,5.0,8.0,CV,0,0.18850730869713442,0.8226692341327825,3.800828325577935,-2.053312133458586,0.10000000000000003,1.4,-2.168072165974544e-05,0.29762878203201404,-0.275670072980887,3.800828325577935,0.15751503006012024,0.10661322645290583,0.3184574525056097,3.7875755097757446,0.583333333333333
dopamine,5.0,8.0,CV,1,0.187937349705845,0.8250159093256537,3.7105186940103025,-2.136804299842604,0.10000000000000003,1.4,4.8900274998518345e-05,0.2295578151251423,-0.2707309595799423,3.7105186940103025,0.15190380761523048,0.11503006012024053,0.3330178872906264,3.6926065147178613,0.8636363636363632
dopamine,5.0,8.0,CV,2,0.1908530162063372,0.8207521319710788,3.6184837270905663,-2.065797331945752,0.10000000000000003,1.4,-3.526646889001328e-05,0.25321982114340646,-0.28788334516216796,3.6184837270905663,0.14629258517034072,0.10941883767535066,0.3217805003743593,3.6009957707639932,0.9500000000000011
dopamine,5.0,8.0,CV,3,0.19642797001392975,0.8292239947168937,3.7731127489555085,-2.091100949599485,0.10000000000000003,1.4,-0.0007998623860008966,0.32862105328649016,-0.4208432021706278,3.7731127489555085,0.14629258517034072,0.11503006012024053,0.33857894829800106,3.750833826020642,0.9523809523809534
dopamine,5.0,8.0,CV,4,0.19200815726338563,0.8308901684055561,3.9191848177545667,-2.053119149139298,0.10000000000000003,1.4,-0.0002300159521220586,0.21239756552836908,-0.346257747392948,3.9191848177545667,0.14629258517034072,0.10941883767535066,0.32819777093488056,3.9036320307889296,0.9500000000000011
dopamine,5.0,8.0,CV,5,0.19307545503984314,0.8282494015300622,3.768043890501232,-2.1735361792650636,0.10000000000000003,1.4,-5.954361799440511e-05,0.2212082878922652,-0.2427500697210029,3.768043890501232,0.14629258517034072,0.10941883767535077,0.32493790890593477,3.750009835915232,0.9499999999999992
dopamine,5.0,8.0,CV,6,0.19176026696101317,0.8241392976483944,3.7433648382751383,-2.0686382745272627,0.10000000000000003,1.4,0.00019908956380191434,0.33501724195754046,-0.257449428300942,3.7433648382751383,0.13787575150300602,0.11783567134268536,0.33987316351512614,3.7238070446975797,0.7499999999999992
dopamine,5.0,8.0,CV,7,0.18628684829911,0.8254363704090452,3.751292385438203,-2.075071948688953,0.10000000000000003,1.4,-0.00011822845522223391,0.34689123715880055,-0.26264968159352364,3.751292385438203,0.14909819639278554,0.10941883767535066,0.32414178592462567,3.742998435881754,0.9500000000000011
dopamine,5.0,8.0,CV,8,0.19025529761918933,0.8232811103626494,3.720896591081243,-2.112512746016466,0.10000000000000003,1.4,4.429026187023388e-05,0.2656691500731483,-0.2821618048023159,3.720896591081243,0.14909819639278554,0.11783567134268536,0.3394228795726153,3.70412832780139,1.0
dopamine,5.0,8.0,CV,9,0.19341736419263883,0.8275784239387717,3.7949766488123684,-2.026760284437363,0.10000000000000003,1.4,-0.0001403940702626789,0.23444542866891083,-0.2819343906667371,3.7949766488123684,0.14629258517034072,0.11222444889779559,0.330421625059905,3.774270830990397,0.999999999999998
dopamine,10.0,6.0,CV,0,0.2775343539620329,1.221205310864756,5.449003710465752,-3.0889877783979363,0.10000000000000003,1.4,-3.3424920888817544e-05,0.3455071782127172,-0.4072157366353246,5.449003710465752,0.25290581162324655,0.11222444889779559,0.4871190984252163,5.433762995371012,0.8181818181818203
dopamine,10.0,6.0,CV,1,0.27669102974376936,1.2180073309196244,5.6008334002911235,-3.1033963764163577,0.10000000000000003,1.4,7.100831859115606e-05,0.36738722697788007,-0.3937077713772562,5.6008334002911235,0.2585170340681363,0.10941883767535077,0.4791716325071222,5.576637109735556,0.9499999999999992
dopamine,10.0,6.0,CV,2,0.281005115861934,1.2247452425967154,5.621553284106099,-3.1269825758482583,0.10000000000000003,1.4,-5.352669985465447e-05,0.3467243763214791,-0.40549595793424476,5.621553284106099,0.25290581162324655,0.10661322645290583,0.4734254278283917,5.598641358930352,0.8095238095238101
dopamine,10.0,6.0,CV,3,0.2892539436433979,1.2217145764972563,5.492159013085481,-2.9118957869098763,0.10000000000000003,1.4,-0.0011848401170292673,0.42786776185007147,-0.6226997757267463,5.492159013085481,0.26132264529058113,0.11222444889779559,0.48432213175307703,5.460596171715341,0.8181818181818203
dopamine,10.0,6.0,CV,4,0.282714288703853,1.224030615856379,5.5875693475244015,-3.0691344967138985,0.10000000000000003,1.4,-0.0003416824412569247,0.3418731430728552,-0.43897779008108295,5.5875693475244015,0.25290581162324655,0.10941883767535077,0.48112556776918214,5.566537399614544,0.8571428571428585
dopamine,10.0,6.0,CV,5,0.28429348664044357,1.2138983806174422,5.547138725548902,-2.883356959518751,0.10000000000000003,1.4,-8.944771891571429e-05,0.3576175758709662,-0.4013300262254151,5.547138725548902,0.2669338677354709,0.11503006012024042,0.4929021768409601,5.514542556242421,0.7083333333333346
dopamine,10.0,6.0,CV,6,0.2823475046041927,1.2194365507002862,5.637556290423095,-3.010743632277105,0.10000000000000003,1.4,0.00029323178818699703,0.49570436073054913,-0.44801445097210313,5.637556290423095,0.25290581162324655,0.10941883767535077,0.4785977791008834,5.610646226624188,0.8571428571428585
dopamine,10.0,6.0,CV,7,0.2742489105214219,1.2280870006816784,5.636124181488739,-3.0254632433840296,0.10000000000000003,1.4,-0.00017627913176371585,0.3885591267166588,-0.4156401417531944,5.636124181488739,0.25571142284569137,0.11222444889779559,0.49138574748131425,5.629030822271685,0.904761904761905
dopamine,10.0,6.0,CV,8,0.28012071791760507,1.2184449845872594,5.522800626240769,-3.065099041257237,0.10000000000000003,1.4,6.418723886961226e-05,0.3653294866316753,-0.5290884843507223,5.522800626240769,0.25571142284569137,0.11222444889779559,0.48306389814488404,5.495733800908589,0.999999999999998
dopamine,10.0,6.0,CV,9,0.28479938315827236,1.224604237926703,5.519879257446341,-2.927228867322834,0.10000000000000003,1.4,-0.00020907587725241034,0.4273309434458443,-0.4410960868968842,5.519879257446341,0.2585170340681363,0.10941883767535077,0.48126315547148,5.493063379531017,0.9499999999999992
dopamine,10.0,6.5,CV,0,0.2810968403573452,1.2341461517639045,5.5661544339728035,-3.090980131468455,0.10000000000000003,1.4,-3.389280834893715e-05,0.4357753432837703,-0.4298413481586757,5.5661544339728035,0.22765531062124245,0.11222444889779559,0.49198912946662476,5.550900129812517,0.904761904761905
dopamine,10.0,6.5,CV,1,0.2802426253018914,1.2350237587766388,5.652259472127563,-3.0823164737228614,0.10000000000000003,1.4,7.188910034247161e-05,0.4032574637373889,-0.38372957342238845,5.652259472127563,0.23607214428857715,0.11503006012024042,0.5015457589719667,5.627282815270183,0.7826086956521736
dopamine,10.0,6.5,CV,2,0.28461242428649614,1.237935262555253,5.685957468522853,-3.0075514310207905,0.10000000000000003,1.4,-5.425418522173633e-05,0.3525059559693833,-0.47654389224572635,5.685957468522853,0.21643286573146292,0.10661322645290583,0.4787654221920918,5.659257937252132,0.583333333333333
dopamine,10.0,6.5,CV,3,0.2929677788798706,1.2375447074808856,5.732621568340457,-3.120266191767716,0.10000000000000003,1.4,-0.0012001775827227778,0.400586992763583,-0.6307417169155443,5.732621568340457,0.22484969939879762,0.11222444889779559,0.49335792643396,5.701237710906109,0.8181818181818203
dopamine,10.0,6.5,CV,4,0.28634366968692626,1.2424663565887524,5.757970311755934,-3.3370361608692614,0.10000000000000003,1.4,-0.00034613122051915893,0.36898185483841783,-0.4130944860816775,5.757970311755934,0.21923847695390786,0.10661322645290583,0.48075787586443886,5.736690022841265,0.6521739130434792
dopamine,10.0,6.5,CV,5,0.2879432616632539,1.2318708109001921,5.581539043393166,-3.040705911559684,0.10000000000000003,1.4,-9.063909463698061e-05,0.3254986394470095,-0.43782372579280326,5.581539043393166,0.23046092184368738,0.10941883767535077,0.48316448779589943,5.5492536560791565,0.9499999999999992
dopamine,10.0,6.5,CV,6,0.2859721488729313,1.2348542240946652,5.5777594511135336,-3.1111550144421494,0.10000000000000003,1.4,0.0002969824028860859,0.5021061158787938,-0.38173355436675704,5.5777594511135336,0.23326653306613232,0.10941883767535066,0.4841559698567537,5.550406898127795,0.9499999999999972
dopamine,10.0,6.5,CV,7,0.2777689681226421,1.2439099622398875,5.574648417880687,-2.9970213615300367,0.10000000000000003,1.4,-0.00017859186361332595,0.38166975027229455,-0.4983357695361323,5.574648417880687,0.22204408817635268,0.10941883767535066,0.489620463913331,5.568179641129077,0.6956521739130435
dopamine,10.0,6.5,CV,8,0.28371660507165875,1.2339641488599744,5.663554536468851,-3.0113237843977663,0.10000000000000003,1.4,6.497993199842738e-05,0.3779263381607556,-0.43167022538311084,5.663554536468851,0.22765531062124245,0.10941883767535077,0.48368830400094626,5.63647627341744,0.9499999999999992
dopamine,10.0,6.5,CV,9,0.28845569141763816,1.2398670261586944,5.689297731954977,-3.0545991502219256,0.10000000000000003,1.4,-0.00021181215203812325,0.3774633232343989,-0.5173018788331636,5.689297731954977,0.22765531062124245,0.10941883767535066,0.4826294423264362,5.66255988700352,0.8571428571428567
dopamine,10.0,7.0,CV,0,0.2844460310020548,1.2469240469200846,5.5743163388463675,-3.023499417315478,0.10000000000000003,1.4,-3.4355900946909435e-05,0.4996865511944413,-0.4967422782917059,5.5743163388463675,0.19959919839679363,0.11222444889779559,0.4975515448477449,5.5599106054753475,0.904761904761905
dopamine,10.0,7.0,CV,1,0.2835810367175803,1.2519311358208223,5.619161190999941,-3.1353088753811225,0.10000000000000003,1.4,7.276085593377995e-05,0.398869906244946,-0.3542903179237539,5.619161190999941,0.19959919839679363,0.11503006012024042,0.507753916492586,5.59442240599949,0.8636363636363648
dopamine,10.0,7.0,CV,2,0.28800597762894997,1.2495480464380417,5.625524936102943,-3.0637818335204123,0.10000000000000003,1.4,-5.497421539425407e-05,0.32914855216404204,-0.4334450307375035,5.625524936102943,0.21643286573146292,0.10941883767535077,0.49216681978179583,5.599769318415697,0.6250000000000004
dopamine,10.0,7.0,CV,3,0.29646676735851873,1.2544524929720375,5.758813307519227,-3.1422723220269253,0.10000000000000003,1.4,-0.0012153578716591195,0.3243484306390454,-0.6387012451253868,5.758813307519227,0.20240480961923846,0.11222444889779559,0.5013760843615106,5.7277644229561275,0.904761904761905
dopamine,10.0,7.0,CV,4,0.2897590693906014,1.259512917060596,5.7103340960603015,-3.051467106860826,0.10000000000000003,1.4,-0.00035053440915307216,0.40965798992295754,-0.4077668808713779,5.7103340960603015,0.19959919839679363,0.11503006012024053,0.5121781535101482,5.689088399778629,0.9523809523809534
dopamine,10.0,7.0,CV,5,0.2913788464106631,1.2508463692658736,5.625160324933596,-3.1724406973477692,0.10000000000000003,1.4,-9.181826126346138e-05,0.3474621517029559,-0.44177273603620526,5.625160324933596,0.20240480961923846,0.11222444889779559,0.4976229583329319,5.592493776187438,0.904761904761905
dopamine,10.0,7.0,CV,6,0.28938286040362904,1.2490143614675426,5.772262063502871,-3.1131999867019973,0.10000000000000003,1.4,0.00030069458167486464,0.5084422665044583,-0.37073202062317323,5.772262063502871,0.19959919839679363,0.10941883767535066,0.4919320251799147,5.744610208675682,0.9500000000000011
dopamine,10.0,7.0,CV,7,0.2810761647791395,1.2567878813456541,5.74022880965944,-3.060581260381396,0.10000000000000003,1.4,-0.00018088089482688513,0.3983671428434652,-0.4982384990744023,5.74022880965944,0.2052104208416834,0.11222444889779559,0.5045150011764413,5.731132808100938,0.904761904761905
dopamine,10.0,7.0,CV,8,0.2870988541875994,1.2485576377829022,5.794185990072066,-3.0794699424067105,0.10000000000000003,1.4,6.576450169029802e-05,0.3054035915541182,-0.43315434308704326,5.794185990072066,0.1967935871743487,0.11222444889779559,0.5002165018177585,5.76680145800767,0.818181818181817
dopamine,10.0,7.0,CV,9,0.2918977424496723,1.254817790392809,5.700302141639044,-2.972507606418446,0.10000000000000003,1.4,-0.00021452038576371668,0.3465712447223719,-0.47471733707269337,5.700302141639044,0.1967935871743487,0.11222444889779559,0.49997704977499235,5.671687250538492,0.904761904761905
dopamine,10.0,7.5,CV,0,0.28800668265524393,1.262247219298051,5.712205752607131,-3.209904921099861,0.10000000000000003,1.4,-3.481330330108179e-05,0.42143825868997364,-0.47952563703733436,5.712205752607131,0.15751503006012024,0.11222444889779559,0.5037498375045193,5.6953003225779675,0.5384615384615383
dopamine,10.0,7.5,CV,1,0.28713104159137404,1.2684495792846222,6.004407145092926,-3.225224847165698,0.10000000000000003,1.4,7.362189984049439e-05,0.3624847661306103,-0.417008051725813,6.004407145092926,0.16593186372745494,0.10941883767535066,0.4964926066674309,5.978125457072204,0.6956521739130435
dopamine,10.0,7.5,CV,2,0.29161044687385745,1.262155423482398,5.783118253183714,-3.2017573599971403,0.10000000000000003,1.4,-5.568539820612983e-05,0.38348353728410767,-0.43040302225161164,5.783118253183714,0.16593186372745494,0.11503006012024053,0.5112713520999478,5.759093059185174,0.7826086956521753
dopamine,10.0,7.5,CV,3,0.3001753762068639,1.272786073235087,5.870482568462436,-3.142474783244086,0.10000000000000003,1.4,-0.0012303516330081793,0.44058202643710787,-0.6465629707440468,5.870482568462436,0.17715430861723447,0.11222444889779559,0.5108017466859938,5.8371077168254075,0.999999999999998
dopamine,10.0,7.5,CV,4,0.2933851165598734,1.2761018208001778,5.8442266479084966,-3.3053976327251675,0.10000000000000003,1.4,-0.00035488349366843676,0.39812124673071203,-0.506968174882901,5.8442266479084966,0.17434869739478953,0.11222444889779559,0.512264455054545,5.8224577871452015,0.999999999999998
dopamine,10.0,7.5,CV,5,0.29502483060022733,1.270752893066655,5.812109109534922,-3.1062493230891546,0.10000000000000003,1.4,-9.29829388965655e-05,0.28841395792163393,-0.42409883738563336,5.812109109534922,0.16593186372745494,0.11503006012024053,0.5145890112800995,5.782155969132542,0.7083333333333335
dopamine,10.0,7.5,CV,6,0.2930042770057831,1.2647447314822395,5.757930849257972,-3.2061949201482056,0.10000000000000003,1.4,0.00030436114711886777,0.514700561768225,-0.38019178264000164,5.757930849257972,0.17434869739478953,0.11222444889779559,0.5054831841136131,5.729294131196811,0.999999999999998
dopamine,10.0,7.5,CV,7,0.2845953384446573,1.2698304512354655,5.773765433307814,-3.0986712981459745,0.10000000000000003,1.4,-0.00018314179960153253,0.490660060631956,-0.38302471097768,5.773765433307814,0.16593186372745494,0.11222444889779559,0.5104244492690049,5.764587414683022,0.7391304347826093
dopamine,10.0,7.5,CV,8,0.2906921581065183,1.2637566840479952,5.779571114534601,-3.037658496315693,0.10000000000000003,1.4,6.653943099309035e-05,0.39553849075411396,-0.4922256041300115,5.779571114534601,0.1715430861723447,0.11222444889779559,0.5069939400300201,5.752966646724985,0.818181818181817
dopamine,10.0,7.5,CV,9,0.29555011346947985,1.2711897780263415,5.87436498946982,-3.203660474548944,0.10000000000000003,1.4,-0.00021719534210541336,0.3736612680624025,-0.4063718240749481,5.87436498946982,0.16873747494989977,0.11222444889779559,0.5088549473979458,5.84403992104805,0.818181818181817
dopamine,10.0,8.0,CV,0,0.2915688940983253,1.279752129362911,5.9106522098117,-3.195879375258176,0.10000000000000003,1.4,-3.527327349128173e-05,0.46288941506081444,-0.42877998518974636,5.9106522098117,0.15751503006012024,0.10661322645290583,0.49542220382073354,5.892088354270352,0.583333333333333
dopamine,10.0,8.0,CV,1,0.29068254648452446,1.2833958771403693,5.770243829447664,-3.3257068483738936,0.10000000000000003,1.4,7.448777760856728e-05,0.3569816312794242,-0.4210940526235947,5.770243829447664,0.15190380761523048,0.11503006012024053,0.5180079449006622,5.743841168432388,0.8636363636363632
dopamine,10.0,8.0,CV,2,0.29521672189862547,1.2767690536903789,5.627131892117578,-3.2152919804801003,0.10000000000000003,1.4,-5.640057356598849e-05,0.3938471428221688,-0.44775192313313406,5.627131892117578,0.14629258517034072,0.10941883767535066,0.5004639822812436,5.600793693920069,0.9500000000000011
dopamine,10.0,8.0,CV,3,0.30388637547007047,1.2899424041948406,5.867596674056167,-3.254633216674448,0.10000000000000003,1.4,-0.0012454295686519905,0.5110786579791216,-0.6544688317330167,5.867596674056167,0.14629258517034072,0.11503006012024053,0.5266729398873925,5.8345505762859515,0.9523809523809534
dopamine,10.0,8.0,CV,4,0.29701309064649273,1.2925352620906225,6.094754472427054,-3.195567426468059,0.10000000000000003,1.4,-0.0003592569937466061,0.33029929450118056,-0.5385497284128784,6.094754472427054,0.14629258517034072,0.10941883767535066,0.5105468329552436,6.072369784822577,0.9500000000000011
dopamine,10.0,8.0,CV,5,0.2986728536326646,1.2884233597016568,5.859714053263611,-3.382816264895366,0.10000000000000003,1.4,-9.415415497696955e-05,0.34406358684448435,-0.3775848617570906,5.859714053263611,0.14629258517034072,0.10941883767535077,0.5054031978906325,5.8327954275388905,0.9499999999999992
dopamine,10.0,8.0,CV,6,0.29662759452949117,1.2820366364015794,5.821311034394873,-3.219714686775126,0.10000000000000003,1.4,0.0003080482964946305,0.5209939908171646,-0.40043974653780123,5.821311034394873,0.13787575150300602,0.11783567134268536,0.5287194860560761,5.792768113902109,0.7499999999999992
dopamine,10.0,8.0,CV,7,0.2881158390445297,1.2840528805167624,5.833660098775871,-3.2297197429780033,0.10000000000000003,1.4,-0.0001854153969928256,0.5395162342536854,-0.40852235538347387,5.833660098775871,0.14909819639278554,0.10941883767535066,0.5042041242420954,5.822241846463478,0.9500000000000011
dopamine,10.0,8.0,CV,8,0.2942872051236652,1.28070062219724,5.786391365043076,-3.287944215049171,0.10000000000000003,1.4,6.73187107137685e-05,0.4131801424171353,-0.43885800393417007,5.786391365043076,0.14909819639278554,0.11783567134268536,0.5280221974251532,5.762209996599335,1.0
dopamine,10.0,8.0,CV,9,0.2992045591875353,1.2873843925011652,5.901597392989764,-3.1545765531103025,0.10000000000000003,1.4,-0.000219885315530437,0.3646435576206257,-0.43849310987662715,5.901597392989764,0.14629258517034072,0.11222444889779559,0.5140836662024313,5.871875135530538,0.999999999999998
uric_acid,0.1,6.0,CV,0,0.010928041822889301,0.018848196482157728,0.08664281693953794,-0.006200882148103093,0.10000000000000003,1.4,2.140327668943831e-06,0.00564652074398259,-0.006324125313101553,0.08664281693953794,0.4128256513026053,0.15150300601202416,0.009729343680868125,0.08268534175125147,0.7999999999999995
uric_acid,0.1,6.0,CV,1,0.010912556272443702,0.01883841551133187,0.08497978915845322,-0.008769304878847807,0.10000000000000003,1.4,4.057984203810691e-06,0.0062466188258290985,-0.005919341942637877,0.08497978915845322,0.3987975951903807,0.14869739478957922,0.009613538365845446,0.08090018260966507,0.7666666666666656
uric_acid,0.1,6.0,CV,2,0.0109917737273237,0.018869395325750625,0.08601835869902097,-0.00626019416861968,0.10000000000000003,1.4,1.7712085265305604e-06,0.00625897836279277,-0.0066255861138161,0.08601835869902097,0.39318637274549095,0.15430861723446887,0.009832193143960905,0.08184889621816485,0.6666666666666659
uric_acid,0.1,6.0,CV,3,0.011143242920263457,0.018842594608890605,0.08821201739584608,-0.0060531580062972825,0.10000000000000003,1.4,-1.900254682406877e-05,0.006307737727000724,-0.011412529017741611,0.08821201739584608,0.39318637274549095,0.1571142284569138,0.00993062997730502,0.08393400266879199,0.6969696969696967
uric_acid,0.1,6.0,CV,4,0.011023158432862322,0.01870487679254082,0.08471268496326108,-0.007367039410823422,0.10000000000000003,1.4,-3.5200545168365134e-06,0.005773898399331846,-0.007310833298720425,0.08471268496326108,0.4044088176352706,0.14869739478957922,0.009540055983945136,0.08052600893004638,0.9629629629629624
uric_acid,0.1,6.0,CV,5,0.011052156472739575,0.018851855730280045,0.08350559981647165,-0.005685487605649157,0.10000000000000003,1.4,1.1116084098959548e-06,0.007169723597643401,-0.006077994903317948,0.08350559981647165,0.4072144288577154,0.1571142284569138,0.009880876745596508,0.07942500082856983,1.0
uric_acid,0.1,6.0,CV,6,0.011016423355705842,0.018777538091733072,0.08627141415741868,-0.005707303576502832,0.10000000000000003,1.4,8.138565164367617e-06,0.009091590653743733,-0.007696268125988968,0.08627141415741868,0.4044088176352706,0.1402805611222444,0.009203039933192264,0.08212425722321674,0.9230769230769247
uric_acid,0.1,6.0,CV,7,0.010867712830748525,0.01890290584165291,0.08632537732527497,-0.0050896255429950885,0.10000000000000003,1.4,-4.828343854137866e-07,0.005796965609760396,-0.005583976216914446,0.08632537732527497,0.4128256513026053,0.15430861723446887,0.009863183052827375,0.08250126970889761,0.8965517241379294
uric_acid,0.1,6.0,CV,8,0.01097553396012113,0.018902587505108526,0.08687417714399663,-0.005064095290406281,0.10000000000000003,1.4,3.9327320506839965e-06,0.005497031461770333,-0.005955742960117111,0.08687417714399663,0.4072144288577154,0.1458917835671344,0.009560579766723516,0.08280927458936634,0.9999999999999984
uric_acid,0.1,6.0,CV,9,0.011061446003239744,0.018789651697616455,0.08551987330228839,-0.004935735316457576,0.10000000000000003,1.4,-1.0850649934265113e-06,0.006174745518986367,-0.005658074755389325,0.08551987330228839,0.41002004008016024,0.1571142284569137,0.009928745852460414,0.08139103010044639,0.9999999999999986
uric_acid,0.1,6.5,CV,0,0.01100104689266476,0.019021917920695047,0.08795550845372316,-0.005168220616149305,0.10000000000000003,1.4,2.1348562393078514e-06,0.00566658606393809,-0.0063761184510768626,0.08795550845372316,0.38476953907815636,0.15150300601202404,0.009842327978333322,0.08404797081878085,0.928571428571426
uric_acid,0.1,6.5,CV,1,0.01098543398584729,0.018954598664824997,0.08570380558664964,-0.007757766587011198,0.10000000000000003,1.4,4.068283978409718e-06,0.006297910919666342,-0.006050859229024125,0.08570380558664964,0.3791583166332665,0.1458917835671344,0.009560046320869897,0.08167186799168748,0.9999999999999984
uric_acid,0.1,6.5,CV,2,0.011065302941471646,0.01904880139378235,0.08767987976361838,-0.0061549257452928555,0.10000000000000003,1.4,1.7627013846717816e-06,0.006969944535058127,-0.006680017780961344,0.08767987976361838,0.37635270541082166,0.15150300601202404,0.009801037196829343,0.08360510377577741,0.862068965517243
uric_acid,0.1,6.5,CV,3,0.01121801784840331,0.018992608713258467,0.08704121133906778,-0.006877569551750778,0.10000000000000003,1.4,-1.9181901629419002e-05,0.006345458640354952,-0.011506570681819463,0.08704121133906778,0.3707414829659319,0.14869739478957922,0.009646207575933733,0.0827262805698944,0.7666666666666679
uric_acid,0.1,6.5,CV,4,0.011096945761324225,0.01890707357975908,0.08807007616021376,-0.0060485500291957844,0.10000000000000003,1.4,-3.5720781010823694e-06,0.005821357551540399,-0.00737086873716646,0.08807007616021376,0.37635270541082166,0.1458917835671344,0.00954935282140147,0.08390440726071183,0.9259259259259262
uric_acid,0.1,6.5,CV,5,0.011126182287083076,0.01897919230927727,0.08376997139765169,-0.006095939858541996,0.10000000000000003,1.4,1.0976765801623458e-06,0.007868791870671035,-0.005338902286221168,0.08376997139765169,0.3819639278557114,0.15430861723446887,0.009827425417655446,0.07955658173619107,0.9642857142857136
uric_acid,0.1,6.5,CV,6,0.01109015529349927,0.018934440923149488,0.08595871381138466,-0.006028544603689958,0.10000000000000003,1.4,8.182424481333122e-06,0.009166452144648254,-0.007373787427376408,0.08595871381138466,0.38476953907815636,0.14028056112224452,0.00927383323680261,0.08184691945838227,0.9230769230769234
uric_acid,0.1,6.5,CV,7,0.010940221742406485,0.01908202937801597,0.0872994673550692,-0.005154019590626526,0.10000000000000003,1.4,-5.098792426935245e-07,0.006043039548083048,-0.005704937046445174,0.0872994673550692,0.3735470941883767,0.1486973947895791,0.009735125366130118,0.08352490675554615,0.7666666666666666
uric_acid,0.1,6.5,CV,8,0.011048929615062502,0.019049869566530486,0.08823078708429274,-0.005111408471857065,0.10000000000000003,1.4,3.942001725652579e-06,0.0061262641512051935,-0.006248030879060772,0.08823078708429274,0.3735470941883767,0.14308617234468934,0.009457002171226768,0.08422093006566198,0.7586206896551712
uric_acid,0.1,6.5,CV,9,0.011135548216604707,0.01896251148472074,0.0860246084925911,-0.005383312513681039,0.10000000000000003,1.4,-1.1170627198685974e-06,0.006225427161676023,-0.005704527459832201,0.0860246084925911,0.3735470941883767,0.15150300601202404,0.009759992380221485,0.0818926186484967,0.8620689655172404
uric_acid,0.1,7.0,CV,0,0.011074041028068115,0.01919100035256346,0.08728776186541459,-0.005013850001995049,0.10000000000000003,1.4,2.129294755415646e-06,0.006399351710787876,-0.006428963721135484,0.08728776186541459,0.35951903807615226,0.15150300601202393,0.00989665390358918,0.08336908605594942,0.8620689655172417
uric_acid,0.1,7.0,CV,1,0.011058298668720351,0.019081901533791214,0.0881166610627252,-0.0057278191092720206,0.10000000000000003,1.4,4.078753276991181e-06,0.006350047230037899,-0.005466114541242146,0.0881166610627252,0.3454909819639279,0.14308617234468934,0.00950462098455033,0.08410980561985425,0.7000000000000024
uric_acid,0.1,7.0,CV,2,0.011138829848139329,0.01922442136276022,0.08901269371392051,-0.005507640105361105,0.10000000000000003,1.4,1.7540542237715353e-06,0.007307122492477915,-0.006735345338875646,0.08901269371392051,0.3539078156312625,0.14028056112224452,0.009417845421324504,0.08489307014684967,0.9230769230769234
uric_acid,0.1,7.0,CV,3,0.01129281097226857,0.019154152949472484,0.08794554949896716,-0.006966191012652951,0.10000000000000003,1.4,-1.936420843537708e-05,0.006256603103443859,-0.011602160177576423,0.08794554949896716,0.3539078156312625,0.14028056112224463,0.009351417037534076,0.08358965435787166,0.9230769230769248
uric_acid,0.1,7.0,CV,4,0.011170735030609166,0.019105620505695895,0.08708576106756233,-0.005607305374418191,0.10000000000000003,1.4,-3.6249579414626204e-06,0.005869597833900156,-0.00743189229884922,0.08708576106756233,0.34829659318637274,0.14869739478957922,0.009753754808541645,0.0828423554352816,0.7666666666666656
uric_acid,0.1,7.0,CV,5,0.011200213967488562,0.019109300788684093,0.0887720075487745,-0.006278499215689678,0.10000000000000003,1.4,1.0835154464535315e-06,0.00814068772177657,-0.005276272572563391,0.0887720075487745,0.3454909819639279,0.14308617234468934,0.009443412594839252,0.08450644308870409,0.7000000000000024
uric_acid,0.1,7.0,CV,6,0.011163888260440765,0.019093337580795688,0.08574420067579511,-0.006339823943475151,0.10000000000000003,1.4,8.227005678763904e-06,0.00924254578077589,-0.006936428753232754,0.08574420067579511,0.342685370741483,0.1571142284569138,0.01008580798210327,0.08165459228341473,0.6969696969696967
uric_acid,0.1,7.0,CV,7,0.011012711553426261,0.019258453192852427,0.08852543476564224,-0.005532689558519002,0.10000000000000003,1.4,-5.373692312591518e-07,0.005798120073376264,-0.005423463676391788,0.08852543476564224,0.35951903807615226,0.14028056112224452,0.00945690222937555,0.08473122628372069,0.9230769230769234
uric_acid,0.1,7.0,CV,8,0.011122320764272728,0.019183990483473752,0.08712044010036556,-0.005159500380926156,0.10000000000000003,1.4,3.951423970194592e-06,0.006222962464497092,-0.006820308018226156,0.08712044010036556,0.33987975951903804,0.14589178356713417,0.009632855266209045,0.08301495478530077,0.6249999999999997
uric_acid,0.1,7.0,CV,9,0.011209657553483094,0.01915075612267003,0.08594461002867086,-0.00618463406538576,0.10000000000000003,1.4,-1.1495870968664113e-06,0.006277092777463482,-0.00575174472930295,0.08594461002867086,0.3370741482965932,0.15150300601202416,0.009911387841830228,0.08180838825646282,0.5882352941176473
uric_acid,0.1,7.5,CV,0,0.011147025201824593,0.019354341396212598,0.08631457093941927,-0.005062943523254365,0.10000000000000003,1.4,2.1236478409950733e-06,0.007016445267557658,-0.00648259088623794,0.08631457093941927,0.33146292585170345,0.15430861723446887,0.010094749113893438,0.08238277476049444,0.9642857142857164
uric_acid,0.1,7.5,CV,1,0.011131151401412846,0.019227862109912498,0.08790261113485423,-0.005785065883917077,0.10000000000000003,1.4,4.08938339554918e-06,0.006402984411656261,-0.005573522184699545,0.08790261113485423,0.3258517034068136,0.15150300601202404,0.009941708017653062,0.0838992310952493,0.8620689655172404
uric_acid,0.1,7.5,CV,2,0.011212354977114534,0.019399634141529273,0.0868402254321268,-0.005559192210460518,0.10000000000000003,1.4,1.7452742329398391e-06,0.00685233805248768,-0.006791522789119757,0.0868402254321268,0.31462925851703405,0.1571142284569138,0.01020721216390158,0.082690402716902,0.6969696969696967
uric_acid,0.1,7.5,CV,3,0.01136762176893446,0.019317925145892926,0.09239164989536945,-0.006499351409041873,0.10000000000000003,1.4,-1.9549315675005066e-05,0.005943201072300111,-0.011699218033447525,0.09239164989536945,0.32304609218436875,0.14589178356713428,0.009703579023587202,0.08805455707014331,0.7931034482758614
uric_acid,0.1,7.5,CV,4,0.011244526552380884,0.019301256424648246,0.08853595143644344,-0.006148026067444207,0.10000000000000003,1.4,-3.6786500745309063e-06,0.005918579140225566,-0.007493853249763805,0.08853595143644344,0.3286573146292585,0.14589178356713417,0.009714406646806227,0.08434875106807306,0.9999999999999984
uric_acid,0.1,7.5,CV,5,0.011274251624083076,0.019245145635796,0.08664667959636789,-0.006381131556016684,0.10000000000000003,1.4,1.0691367821076088e-06,0.007592823066265353,-0.005101085124660634,0.08664667959636789,0.3090180360721443,0.1571142284569137,0.010109839121197738,0.08241370159886345,0.5555555555555555
uric_acid,0.1,7.5,CV,6,0.011237622615002923,0.019259638269121544,0.08764177002001271,-0.006526839591057403,0.10000000000000003,1.4,8.272271692571544e-06,0.009319808299104913,-0.006564008206553881,0.08764177002001271,0.3342685370741483,0.14589178356713417,0.009634199833874854,0.08350778379960533,0.8571428571428561
uric_acid,0.1,7.5,CV,7,0.011085183655820228,0.019439276555189185,0.09010016766230819,-0.005246149451999962,0.10000000000000003,1.4,-5.652814963774912e-07,0.005859233341979712,-0.005195992775778429,0.09010016766230819,0.32304609218436875,0.15430861723446887,0.010133051031272364,0.08633063770135013,0.8333333333333331
uric_acid,0.1,7.5,CV,8,0.011195708050406154,0.01931514041634641,0.08826165856373415,-0.005208331034776049,0.10000000000000003,1.4,3.9609909508078935e-06,0.005462076491511356,-0.00690015046770729,0.08826165856373415,0.32304609218436875,0.14308617234468923,0.009549891006349617,0.08416832505013183,0.8214285714285724
uric_acid,0.1,7.5,CV,9,0.011283774059439608,0.019344864099752036,0.0891432255877976,-0.006111007164467212,0.10000000000000003,1.4,-1.1826110841774914e-06,0.006329583340575211,-0.005799687308125323,0.0891432255877976,0.3258517034068136,0.14869739478957922,0.009830610996761526,0.08497489227074202,0.8928571428571412
uric_acid,0.1,8.0,CV,0,0.011220000581467753,0.01951219979484795,0.08751650436608555,-0.005112729203490248,0.10000000000000003,1.4,2.117921311945015e-06,0.00704896718455127,-0.006828139864904114,0.08751650436608555,0.3090180360721443,0.15150300601202404,0.010039135266529811,0.08356835625685395,0.9285714285714288
uric_acid,0.1,8.0,CV,1,0.01120399348683279,0.01939215295672892,0.08900602009408216,-0.0059348797220195645,0.10000000000000003,1.4,4.10016338585788e-06,0.006456667943190283,-0.005822680838847044,0.08900602009408216,0.2949899799599198,0.15150300601202404,0.010010399753323592,0.08490450686139227,0.7419354838709673
uric_acid,0.1,8.0,CV,2,0.011285878938787472,0.01957031386868143,0.09113106953858124,-0.005611471137580237,0.10000000000000003,1.4,1.7363704549095094e-06,0.005773414775814861,-0.006848492273128608,0.09113106953858124,0.2949899799599198,0.1486973947895791,0.00994024179747076,0.0869431280220679,0.7096774193548377
uric_acid,0.1,8.0,CV,3,0.011442449524649793,0.019484936945325437,0.08895657657350581,-0.006577933779087041,0.10000000000000003,1.4,-1.9737032701713893e-05,0.006364430827980248,-0.011797644287112562,0.08895657657350581,0.32304609218436875,0.14869739478957922,0.009835983592151216,0.08464996529755602,0.709677419354839
uric_acid,0.1,8.0,CV,4,0.011318320662664966,0.01950005088322559,0.0897627666412786,-0.006970859001650591,0.10000000000000003,1.4,-3.733099201412629e-06,0.0059682510235847825,-0.007556687774772735,0.0897627666412786,0.3006012024048096,0.14589178356713428,0.00981392518721418,0.08563258048273993,0.7931034482758614
uric_acid,0.1,8.0,CV,5,0.011348295339391778,0.019395100812838826,0.09084225532249465,-0.006459949448086402,0.10000000000000003,1.4,1.0545553960717158e-06,0.00647452129940326,-0.005399469155371515,0.09084225532249465,0.29779559118236476,0.14028056112224452,0.009503215735829566,0.08649166442979109,0.7857142857142864
uric_acid,0.1,8.0,CV,6,0.01131135875208928,0.019436601795952763,0.09124010024101152,-0.006632207115012149,0.10000000000000003,1.4,8.318175902153024e-06,0.009398160125029767,-0.0064668774018986075,0.09124010024101152,0.292184368737475,0.15150300601202404,0.009989236766913354,0.08710331056965094,0.6875000000000008
uric_acid,0.1,8.0,CV,7,0.01115763974451709,0.01962520162545977,0.08954379971187222,-0.005300040607145179,0.10000000000000003,1.4,-5.935872905066721e-07,0.005953799378612286,-0.005343498898051677,0.08954379971187222,0.3034068136272545,0.1486973947895791,0.009988801594147202,0.08567355780832572,0.9629629629629638
uric_acid,0.1,8.0,CV,8,0.011269092225820796,0.01945510036992243,0.09393959032232478,-0.005257850141491555,0.10000000000000003,1.4,3.9706928142191515e-06,0.005152940756674837,-0.007101754029509154,0.09393959032232478,0.3034068136272545,0.14589178356713417,0.009716825963638123,0.08979567581694574,0.925925925925926
uric_acid,0.1,8.0,CV,9,0.011357897735790469,0.019538307828001013,0.09229796746955155,-0.005181867595068202,0.10000000000000003,1.4,-1.216100669569009e-06,0.00638281964993073,-0.005848305819034876,0.09229796746955155,0.3006012024048096,0.14589178356713417,0.009828080317332365,0.08812903569705623,0.8571428571428561
uric_acid,0.2,6.0,CV,0,0.018735565850583922,0.03753093206725164,0.16870304588612717,-0.014400678593399475,0.10000000000000003,1.4,1.5096496807323734e-06,0.011041730338796275,-0.01231728989205319,0.16870304588612717,0.4128256513026053,0.15150300601202416,0.0193318914410093,0.16405976438767758,0.7999999999999995
uric_acid,0.2,6.0,CV,1,0.018705400250180703,0.03750065931677982,0.16554390222568088,-0.019403924298766213,0.10000000000000003,1.4,5.245213420919026e-06,0.012158929995829643,-0.011603854759513879,0.16554390222568088,0.3987975951903807,0.14869739478957922,0.019111504193561085,0.1607387893576575,0.7666666666666656
uric_acid,0.2,6.0,CV,2,0.01885971456385426,0.03756814931383663,0.1675614868158404,-0.01455822201456216,0.10000000000000003,1.4,7.906115948513766e-07,0.01223948214043101,-0.012899788034403623,0.1675614868158404,0.39318637274549095,0.15430861723446887,0.019537534913007658,0.16252158035024988,0.6666666666666659
uric_acid,0.2,6.0,CV,3,0.019154774088129486,0.037514301161381436,0.17183469827848322,-0.014246245696150652,0.10000000000000003,1.4,-3.967632595327122e-05,0.012278024429966478,-0.022252476061767616,0.17183469827848322,0.39318637274549095,0.1571142284569138,0.01977488157383854,0.16684186150238361,0.6969696969696967
uric_acid,0.2,6.0,CV,4,0.0189208514597868,0.03725081440570084,0.1650054640978539,-0.01666053571643916,0.10000000000000003,1.4,-9.516682753854145e-06,0.011244395989305246,-0.014230967899711153,0.1650054640978539,0.4044088176352706,0.1543086172344691,0.019399102337737187,0.1599264418347696,0.9642857142857137
uric_acid,0.2,6.0,CV,5,0.01897733916982893,0.03752508072754428,0.16263792393359933,-0.012935166640084894,0.10000000000000003,1.4,-4.942787042834379e-07,0.014016300621023913,-0.011834329418430184,0.16263792393359933,0.4072144288577154,0.1571142284569138,0.019622418720635824,0.15767612124583502,1.0
uric_acid,0.2,6.0,CV,6,0.018907731639028667,0.03739060572826952,0.16804184321611437,-0.01292709466493915,0.10000000000000003,1.4,1.3194118763455165e-05,0.017720687182385036,-0.015069978333459924,0.16804184321611437,0.4044088176352706,0.1402805611222444,0.018258895795945786,0.16282847952140725,0.9230769230769247
uric_acid,0.2,6.0,CV,7,0.018618045955114872,0.03763248745249877,0.16808467868054103,-0.01275703803738252,0.10000000000000003,1.4,-3.6002273367242364e-06,0.011364242194905762,-0.010952751048247875,0.16808467868054103,0.4128256513026053,0.15430861723446887,0.01961217730304695,0.16381002438366773,0.8965517241379294
uric_acid,0.2,6.0,CV,8,0.018828079761475425,0.03763026180200275,0.16919985777937568,-0.012177484367426194,0.10000000000000003,1.4,5.001224263792454e-06,0.010763324455810859,-0.011627179528088435,0.16919985777937568,0.4072144288577154,0.1458917835671344,0.01899970572517056,0.16439281786605872,0.9999999999999984
uric_acid,0.2,6.0,CV,9,0.01899543502415365,0.03741350090893172,0.16654091308335184,-0.01183379048418879,0.10000000000000003,1.4,-4.773362766150466e-06,0.012038142090642428,-0.011031955702652377,0.16654091308335184,0.41002004008016024,0.1571142284569137,0.019722457436227823,0.16153729496970626,0.9999999999999986
uric_acid,0.2,6.5,CV,0,0.018880349823237098,0.03788429454603218,0.1713748979476505,-0.01412390770564308,0.10000000000000003,1.4,1.498367121719177e-06,0.011078012452022246,-0.012424504250253002,0.1713748979476505,0.38476953907815636,0.15150300601202404,0.01956895181242371,0.16686928242668117,0.928571428571426
uric_acid,0.2,6.5,CV,1,0.01884992160302938,0.03774227593888285,0.16701967708107315,-0.017402428608290155,0.10000000000000003,1.4,5.266452442978792e-06,0.012264698709700475,-0.011867461104486138,0.16701967708107315,0.3791583166332665,0.1458917835671344,0.019025666430569264,0.16237877327617417,0.9999999999999984
uric_acid,0.2,6.5,CV,2,0.019005579367333658,0.037932572851545235,0.17088058747960788,-0.014353493149936607,0.10000000000000003,1.4,7.730691358523697e-07,0.0136533686796176,-0.013012030818760723,0.17088058747960788,0.37635270541082166,0.15150300601202404,0.019476061521189976,0.1659670727517072,0.862068965517243
uric_acid,0.2,6.5,CV,3,0.019303207661119308,0.03782163202201191,0.1696394472913887,-0.015886704292392882,0.10000000000000003,1.4,-4.0046171004803826e-05,0.012356846395045064,-0.022446398070320228,0.1696394472913887,0.3707414829659319,0.14869739478957922,0.019221755813253468,0.16460419386771064,0.7666666666666679
uric_acid,0.2,6.5,CV,4,0.019067248517205874,0.037659391982839026,0.17164104688788268,-0.014049074497172655,0.10000000000000003,1.4,-9.623959863930712e-06,0.011342260847511797,-0.0143547661429893,0.17164104688788268,0.37635270541082166,0.1458917835671344,0.018982103533390183,0.166583765387898,0.9259259259259262
uric_acid,0.2,6.5,CV,5,0.01912422800567009,0.03778836322769833,0.1632364972187158,-0.013754836108931318,0.10000000000000003,1.4,-5.23007336759803e-07,0.015407111935107562,-0.010371840878421044,0.1632364972187158,0.3819639278557114,0.15430861723446887,0.019559036420977602,0.15822624624277234,0.9642857142857136
uric_acid,0.2,6.5,CV,6,0.019054014476120068,0.037711278223702904,0.16748331595097313,-0.014189028415517427,0.10000000000000003,1.4,1.3284560451435615e-05,0.01787505802239303,-0.014433851331890502,0.16748331595097313,0.38476953907815636,0.14028056112224452,0.018419314847205298,0.1624211800760553,0.9230769230769234
uric_acid,0.2,6.5,CV,7,0.01876180680700931,0.03799636732435987,0.17014406008667693,-0.01288998967967843,0.10000000000000003,1.4,-3.6559961610653848e-06,0.01185491077929171,-0.011195185921734782,0.17014406008667693,0.3735470941883767,0.15150300601202404,0.01958113613148292,0.16588102178358624,0.8000000000000005
uric_acid,0.2,6.5,CV,8,0.01897366915437108,0.03793231695107155,0.1719591225946333,-0.012310380771994393,0.10000000000000003,1.4,5.020339131720033e-06,0.012014394048426184,-0.012233841106191511,0.1719591225946333,0.3735470941883767,0.14308617234468934,0.018792896157541976,0.16718336087171287,0.7586206896551712
uric_acid,0.2,6.5,CV,9,0.019142481401355212,0.037765166347992,0.1676594691866762,-0.013052011869676803,0.10000000000000003,1.4,-4.83934483315881e-06,0.012142666333734401,-0.011114678876205347,0.1676594691866762,0.3735470941883767,0.15150300601202404,0.0193973635677596,0.16263812806522318,0.8620689655172404
uric_acid,0.2,7.0,CV,0,0.01902512645593665,0.03822390541496583,0.17016928683818253,-0.014290069547527052,0.10000000000000003,1.4,1.4869858134846231e-06,0.012534427375356408,-0.012532649794144679,0.17016928683818253,0.34829659318637274,0.15150300601202393,0.019672940353382778,0.16556017582019547,0.8620689655172417
uric_acid,0.2,7.0,CV,1,0.01899443331737664,0.03800068152186598,0.17180266065166772,-0.012239360193978664,0.10000000000000003,1.4,5.287877356988104e-06,0.012371393151336904,-0.010709327102948786,0.17180266065166772,0.3454909819639279,0.1486973947895791,0.019384258521010205,0.1671723025136719,0.7666666666666689
uric_acid,0.2,7.0,CV,2,0.019151446290699394,0.038284908288343585,0.17354151785056188,-0.012003364802666974,0.10000000000000003,1.4,7.553731386208424e-07,0.014324973818860741,-0.013125255994395593,0.17354151785056188,0.3539078156312625,0.14028056112224452,0.018725622321331816,0.16858029168681296,0.9230769230769234
uric_acid,0.2,7.0,CV,3,0.019451665836837242,0.038146586729065596,0.17146088911318474,-0.01606630302809838,0.10000000000000003,1.4,-4.041925308003307e-05,0.012183762777960124,-0.022642017357596463,0.17146088911318474,0.3539078156312625,0.14028056112224463,0.018641324688793495,0.166356833869041,0.9230769230769248
uric_acid,0.2,7.0,CV,4,0.019213652352998958,0.038056160714399476,0.16979569059202218,-0.013800719337706623,0.10000000000000003,1.4,-9.73217590382661e-06,0.011440982255952022,-0.01447964791528979,0.16979569059202218,0.34829659318637274,0.14869739478957922,0.019407464495680687,0.16467866084561653,0.7666666666666656
uric_acid,0.2,7.0,CV,5,0.019271127924115904,0.03805223120739801,0.17308040054165333,-0.014121327130030953,0.10000000000000003,1.4,-5.519874130872817e-07,0.015949614040645467,-0.010361766925035584,0.17308040054165333,0.3454909819639279,0.14308617234468934,0.018775453634108312,0.16780267985953612,0.7000000000000024
uric_acid,0.2,7.0,CV,6,0.019200303091885997,0.03803105097534961,0.16716782070299074,-0.014180556270534307,0.10000000000000003,1.4,1.3375793719257262e-05,0.018030779974346753,-0.013569072430816677,0.16716782070299074,0.342685370741483,0.1571142284569138,0.02004816262360659,0.16221376103512453,0.6969696969696967
uric_acid,0.2,7.0,CV,7,0.01890555136421049,0.0383502753569199,0.17256195090670223,-0.013351860512600683,0.10000000000000003,1.4,-3.7122530952384857e-06,0.01130763382650693,-0.010638636026786403,0.17256195090670223,0.35951903807615226,0.14028056112224452,0.018819518600686275,0.16836169964266043,0.9230769230769234
uric_acid,0.2,7.0,CV,8,0.019119258256655534,0.0382040337781011,0.1698357458480939,-0.012444440336111319,0.10000000000000003,1.4,5.0396213001974304e-06,0.01220830945556041,-0.013371923154432898,0.1698357458480939,0.33987975951903804,0.14589178356713417,0.019169714790528015,0.16500513699711475,0.6249999999999997
uric_acid,0.2,7.0,CV,9,0.01928954024002297,0.03814196497254386,0.16752184562457195,-0.01464541762529361,0.10000000000000003,1.4,-4.905904400159717e-06,0.01224839984557054,-0.011207778180873236,0.16752184562457195,0.3370741482965932,0.15150300601202416,0.019703493762540058,0.16250404239763688,0.5882352941176473
uric_acid,0.2,7.5,CV,0,0.019169899752356754,0.038547773937835275,0.1683285889166603,-0.014457190122019277,0.10000000000000003,1.4,1.475526476671457e-06,0.013760678844091049,-0.012641477437173544,0.1683285889166603,0.33146292585170345,0.15430861723446887,0.020072202838356604,0.16370046389067996,0.9642857142857164
uric_acid,0.2,7.5,CV,1,0.019138939879203107,0.03829069236457325,0.17144310877156205,-0.012546658860845817,0.10000000000000003,1.4,5.309449157062867e-06,0.012478819074403036,-0.010924029958427013,0.17144310877156205,0.3258517034068136,0.15150300601202404,0.01978089393937616,0.16675056871806468,0.8620689655172404
uric_acid,0.2,7.5,CV,2,0.019297317352658435,0.0386318760889468,0.16934027492460604,-0.013014603797563244,0.10000000000000003,1.4,7.375558202300323e-07,0.013424449196708835,-0.013239257425213778,0.16934027492460604,0.31462925851703405,0.1571142284569138,0.020314244108282954,0.164399466820386,0.6969696969696967
uric_acid,0.2,7.5,CV,3,0.01960014591639424,0.03847126865666696,0.18019989787467008,-0.01456554632794595,0.10000000000000003,1.4,-4.0794892951203806e-05,0.011564268578672769,-0.022838977781990427,0.18019989787467008,0.32304609218436875,0.14589178356713428,0.01934244789959809,0.17510167214787092,0.7931034482758614
uric_acid,0.2,7.5,CV,4,0.019360064008378135,0.038442720651781614,0.17267197584409916,-0.01487675363880231,0.10000000000000003,1.4,-9.841133857006538e-06,0.011540380483891468,-0.014605385858689212,0.17267197584409916,0.3286573146292585,0.14589178356713417,0.01932498974790412,0.1675995130157656,0.9999999999999984
uric_acid,0.2,7.5,CV,5,0.01941803906321767,0.038322600191501376,0.1689114764712369,-0.0143280995275619,0.10000000000000003,1.4,-5.811661725639937e-07,0.014864713385028538,-0.009943418781072496,0.1689114764712369,0.3090180360721443,0.1571142284569137,0.020131000603672605,0.16385280327346868,0.5555555555555555
uric_acid,0.2,7.5,CV,6,0.01934659873730643,0.03836059946156934,0.17090182479697733,-0.014554811465990657,0.10000000000000003,1.4,1.3467652468970559e-05,0.018187569533143932,-0.012832340255206319,0.17090182479697733,0.3342685370741483,0.14589178356713417,0.019161515811066114,0.16588489100007742,0.8571428571428561
uric_acid,0.2,7.5,CV,7,0.019049285509374115,0.03870816488417665,0.17573064681763234,-0.013015473033062852,0.10000000000000003,1.4,-3.768895718694038e-06,0.011431079030049265,-0.010207231089689552,0.17573064681763234,0.32304609218436875,0.15430861723446887,0.020157645939807428,0.1714853247074006,0.8333333333333331
uric_acid,0.2,7.5,CV,8,0.019264849592832752,0.03846534169017368,0.17214486351387157,-0.012579418992460366,0.10000000000000003,1.4,5.0590356643913385e-06,0.010700021610273655,-0.013532218937750334,0.17214486351387157,0.32304609218436875,0.14308617234468923,0.019000768647001263,0.16726759108230516,0.8214285714285724
uric_acid,0.2,7.5,CV,9,0.019436611388880386,0.03852559353588335,0.1738627729414152,-0.014501810774474702,0.10000000000000003,1.4,-4.972920289781373e-06,0.012354919740208388,-0.01130440004375232,0.1738627729414152,0.3258517034068136,0.14869739478957922,0.019543763803633755,0.16874210947077528,0.8928571428571412
uric_acid,0.2,8.0,CV,0,0.01931467104034611,0.038856618432413524,0.17070831028749175,-0.014625331907196927,0.10000000000000003,1.4,1.463995145424328e-06,0.013826390574587746,-0.013398321589227102,0.17070831028749175,0.3090180360721443,0.15150300601202404,0.019957479129231855,0.16599105006546597,0.9285714285714288
uric_acid,0.2,8.0,CV,1,0.019283442756811972,0.038611934411209595,0.173635749218344,-0.01332169961624294,0.10000000000000003,1.4,5.331156484137323e-06,0.012586919911616232,-0.011436768898766499,0.173635749218344,0.2949899799599198,0.15150300601202404,0.019924255386074723,0.16877002119541637,0.7419354838709673
uric_acid,0.2,8.0,CV,2,0.019443193303008945,0.03896568461858379,0.17778151383648608,-0.013526744398749999,0.10000000000000003,1.4,7.19626562747596e-07,0.011341979201978387,-0.013353975081466653,0.17778151383648608,0.2949899799599198,0.1486973947895791,0.019789532125435775,0.1727962068156406,0.7096774193548377
uric_acid,0.2,8.0,CV,3,0.0197486472757577,0.038797877836958886,0.17338568246400915,-0.014723572408177841,0.10000000000000003,1.4,-4.1172892817578805e-05,0.0124857760613385,-0.023037175630025178,0.17338568246400915,0.32304609218436875,0.14869739478957922,0.019603626036472692,0.16829144389166875,0.709677419354839
uric_acid,0.2,8.0,CV,4,0.01950648394848122,0.03883110060017095,0.17511842038841433,-0.01651151936043553,0.10000000000000003,1.4,-9.95077634946651e-06,0.011640403191477928,-0.014731913763341944,0.17511842038841433,0.3006012024048096,0.14589178356713428,0.01951793168665974,0.17011096779675175,0.7931034482758614
uric_acid,0.2,8.0,CV,5,0.019564961625099967,0.03861598389342446,0.17722428207824845,-0.014486562379868187,0.10000000000000003,1.4,-6.105282505266003e-07,0.0126719140061008,-0.010602833953444205,0.17722428207824845,0.29779559118236476,0.14028056112224452,0.018919435544030683,0.17190825735022428,0.7857142857142864
uric_acid,0.2,8.0,CV,6,0.019492901938606543,0.03870650419971185,0.1779819172897973,-0.014765985306866534,0.10000000000000003,1.4,1.3560088330501448e-05,0.018345344138085695,-0.012666534700991397,0.1779819172897973,0.292184368737475,0.15150300601202404,0.019862626604846743,0.1729131013648255,0.6875000000000008
uric_acid,0.2,8.0,CV,7,0.019193011117534894,0.03907164323037101,0.17468637506101256,-0.01262620707561812,0.10000000000000003,1.4,-3.825894205118276e-06,0.011620165905674813,-0.010500753046578562,0.17468637506101256,0.3034068136272545,0.1486973947895791,0.01988524814020813,0.17032531402948367,0.9629629629629638
uric_acid,0.2,8.0,CV,8,0.019410444059996125,0.038739357361875185,0.18326213466451258,-0.012715245657081192,0.10000000000000003,1.4,5.078572001277466e-06,0.010037551701083502,-0.013921059119013462,0.18326213466451258,0.3034068136272545,0.14589178356713417,0.0193393296075302,0.1782984336830348,0.925925925925926
uric_acid,0.2,8.0,CV,9,0.019583694965795696,0.038903611750058416,0.18006435043298136,-0.012335247668060288,0.10000000000000003,1.4,-5.040357213457829e-06,0.01246212005051013,-0.011402373150371183,0.18006435043298136,0.3006012024048096,0.14589178356713417,0.019545555210689913,0.17497767307488096,0.8571428571428561
uric_acid,0.5,6.0,CV,0,0.041437433396276944,0.09187991694145284,0.4073093589560085,-0.040695647075996724,0.10000000000000003,1.4,-3.2422360218930383e-07,0.026729719413072568,-0.02974409819507114,0.4073093589560085,0.4128256513026053,0.15150300601202416,0.04724955242003814,0.40064824575515395,0.7999999999999995
uric_acid,0.5,6.0,CV,1,0.04136458142991131,0.09179066088846087,0.39979972670107666,-0.05032686514914199,0.10000000000000003,1.4,8.697415626569934e-06,0.0293506343166538,-0.028133014921839214,0.39979972670107666,0.3987975951903807,0.14869739478957922,0.04671515304630873,0.3927941769671623,0.7666666666666656
uric_acid,0.5,6.0,CV,2,0.04173726094032087,0.0919639003830811,0.4046641156335017,-0.03868687703704201,0.10000000000000003,1.4,-2.060749238941447e-06,0.02962935939040949,-0.03114379129580129,0.4046641156335017,0.39318637274549095,0.15430861723446887,0.04776710876491328,0.3971542992763685,0.6666666666666659
uric_acid,0.5,6.0,CV,3,0.0424498496589616,0.09183152534153992,0.4149842104961409,-0.03806982831780342,0.10000000000000003,1.4,-9.979114193025967e-05,0.029638301391694072,-0.05377266488063011,0.4149842104961409,0.39318637274549095,0.1571142284569138,0.04833625412143607,0.4075139162130361,0.6969696969696967
uric_acid,0.5,6.0,CV,4,0.04188491068130533,0.09120225872401595,0.39847232106713726,-0.043683785751985275,0.10000000000000003,1.4,-2.6953562614949635e-05,0.027151403308508175,-0.03435320174359155,0.39847232106713726,0.4044088176352706,0.1543086172344691,0.047416044360379515,0.3907407918095915,0.9642857142857137
uric_acid,0.5,6.0,CV,5,0.04202133232374086,0.0918470872475669,0.39273045472521634,-0.03401568707792963,0.10000000000000003,1.4,-5.163846263528133e-06,0.033924522185034583,-0.02857251015007381,0.39273045472521634,0.4072144288577154,0.1571142284569138,0.047929604863055884,0.3850904397890711,1.0
uric_acid,0.5,6.0,CV,6,0.04185322542631891,0.0915372459736436,0.40580538211813544,-0.03482992221983628,0.10000000000000003,1.4,2.789455995379639e-05,0.04281220753892233,-0.036510950458892355,0.40580538211813544,0.4044088176352706,0.1402805611222444,0.04460560426733317,0.39759923387894724,0.9230769230769247
uric_acid,0.5,6.0,CV,7,0.041153614895814074,0.09211788220889684,0.4058159603078529,-0.03505219214737248,0.10000000000000003,1.4,-1.2664922399238342e-05,0.027552483131397992,-0.02656381287103679,0.4058159603078529,0.4128256513026053,0.15430861723446887,0.04799112797174317,0.4004378204915518,0.8965517241379294
uric_acid,0.5,6.0,CV,8,0.041660860751759045,0.09211019684797445,0.4085779690274674,-0.033778538299505965,0.10000000000000003,1.4,8.108165300669948e-06,0.02607641310138352,-0.02819858871450963,0.4085779690274674,0.4072144288577154,0.1458917835671344,0.04644856917159988,0.4016320990762436,0.9999999999999984
uric_acid,0.5,6.0,CV,9,0.042065035036532916,0.09159151313469434,0.40212544810046813,-0.03202693658246089,0.10000000000000003,1.4,-1.5498123850709168e-05,0.029087613466432537,-0.026671818015513805,0.40212544810046813,0.41002004008016024,0.1571142284569137,0.04820311109831695,0.3946008664272478,0.9999999999999986
uric_acid,0.5,6.5,CV,0,0.04179093834443974,0.09275527473963144,0.41393281509153157,-0.04110863908857096,0.10000000000000003,1.4,-3.5234738942328815e-07,0.026812775334297708,-0.030011349112472857,0.41393281509153157,0.38476953907815636,0.15150300601202404,0.047822408819811285,0.4074995808385738,0.928571428571426
uric_acid,0.5,6.5,CV,1,0.04171743175145116,0.09239670134837483,0.40346121111870464,-0.04544613817785514,0.10000000000000003,1.4,8.75035767072558e-06,0.029614281668415114,-0.028780349634675656,0.40346121111870464,0.3791583166332665,0.1458917835671344,0.046505136891125204,0.396750492932257,0.9999999999999984
uric_acid,0.5,6.5,CV,2,0.0420934600517632,0.09286594220605257,0.4128026452999467,-0.038192404526516135,0.10000000000000003,1.4,-2.1044769414842598e-06,0.03308670965379821,-0.03142357642097739,0.4128026452999467,0.37635270541082166,0.15150300601202404,0.047638210199190276,0.4056493745082884,0.862068965517243
uric_acid,0.5,6.5,CV,3,0.04281245188578582,0.09259595653579954,0.40980970259890626,-0.04208249607672146,0.10000000000000003,1.4,-0.00010071304657323059,0.029836112327913233,-0.05425605001534555,0.40980970259890626,0.3707414829659319,0.14869739478957922,0.04700023355274641,0.40224775102643057,0.7666666666666679
uric_acid,0.5,6.5,CV,4,0.04224243653046173,0.09221055988794324,0.4146397156191046,-0.03731213795021311,0.10000000000000003,1.4,-2.7220969912828137e-05,0.02739534889272094,-0.03466179090761265,0.4146397156191046,0.37635270541082166,0.1458917835671344,0.0464015445551634,0.4069344081365088,0.9259259259259262
uric_acid,0.5,6.5,CV,5,0.04238008401817693,0.09250534845242156,0.394300703067656,-0.03602454982160181,0.10000000000000003,1.4,-5.235457495195113e-06,0.03732622719939225,-0.025006077708048385,0.394300703067656,0.3819639278557114,0.15430861723446887,0.047793772193102164,0.3865729629258536,0.9642857142857136
uric_acid,0.5,6.5,CV,6,0.04221046656097131,0.09233378014041212,0.40453177447993033,-0.037917204422215765,0.10000000000000003,1.4,2.8120001964502747e-05,0.04319700434383556,-0.03496234483886224,0.40453177447993033,0.38476953907815636,0.14028056112224452,0.04499145993303549,0.3965630433006769,0.9230769230769234
uric_acid,0.5,6.5,CV,7,0.04150456953331599,0.0930186221041421,0.41103064510627485,-0.03538381040015244,0.10000000000000003,1.4,-1.2803936123715973e-05,0.028754044051575334,-0.02715914034373075,0.41103064510627485,0.3735470941883767,0.15150300601202404,0.04793989198605164,0.4057645840525156,0.8000000000000005
uric_acid,0.5,6.5,CV,8,0.042016373353283724,0.09286195584871006,0.41541535969393134,-0.03410980625049758,0.10000000000000003,1.4,8.155812512439343e-06,0.029135264057268753,-0.029638735458925494,0.41541535969393134,0.3735470941883767,0.14308617234468934,0.045922291010537596,0.4082971818303155,0.7586206896551712
uric_acid,0.5,6.5,CV,9,0.042424179430860506,0.09246274438683079,0.4050285256664007,-0.03535022999711065,0.10000000000000003,1.4,-1.566259590103354e-05,0.029384710450264695,-0.026878691968689583,0.4050285256664007,0.3735470941883767,0.15150300601202404,0.047416153112049046,0.39739666724940625,0.8620689655172404
uric_acid,0.5,7.0,CV,0,0.04214443639235438,0.09359046701137866,0.4111934562030881,-0.041521848640535326,0.10000000000000003,1.4,-3.806509561301921e-07,0.030373339692332607,-0.03028029083720219,0.4111934562030881,0.34829659318637274,0.15150300601202393,0.048110860024423066,0.40465259075495524,0.8620689655172417
uric_acid,0.5,7.0,CV,1,0.04207027098808492,0.09303607791702515,0.41513579791797744,-0.03117291811720261,0.10000000000000003,1.4,8.803638143440681e-06,0.029879614368652486,-0.02595497593621887,0.41513579791797744,0.3454909819639279,0.1486973947895791,0.047374303199027336,0.40833038224027096,0.7666666666666689
uric_acid,0.5,7.0,CV,2,0.042449669485220186,0.09373184029408786,0.4193253295709497,-0.03287866048273089,0.10000000000000003,1.4,-2.1484841705095363e-06,0.03473072613711231,-0.03170515005429206,0.4193253295709497,0.3539078156312625,0.14028056112224452,0.04579496664856102,0.4119540009199565,0.9230769230769234
uric_acid,0.5,7.0,CV,3,0.04317510536612155,0.09339579672851883,0.41429779968375574,-0.04252662873454739,0.10000000000000003,1.4,-0.00010164084443141764,0.029418119370015112,-0.05474252515796245,0.41429779968375574,0.3539078156312625,0.14028056112224463,0.045514042867685664,0.40602406871897717,0.9230769230769248
uric_acid,0.5,7.0,CV,4,0.04259998118271695,0.09318340318702575,0.410290716440067,-0.03762464609249915,0.10000000000000003,1.4,-2.7490086594392728e-05,0.027686587270662102,-0.0349723527077093,0.410290716440067,0.34829659318637274,0.14869739478957922,0.04746897373471232,0.4025762386348921,0.7666666666666656
uric_acid,0.5,7.0,CV,5,0.04273886235184771,0.09315790952275527,0.41822326632094714,-0.036925857527115594,0.10000000000000003,1.4,-5.307526496982882e-06,0.0386555690293566,-0.025148819734531647,0.41822326632094714,0.3454909819639279,0.14308617234468934,0.04594252726380877,0.4102287318855003,0.7000000000000024
uric_acid,0.5,7.0,CV,6,0.042567724678703664,0.09312107222592496,0.4039226543205288,-0.036978993344598636,0.10000000000000003,1.4,2.8346885098537986e-05,0.04358426093719126,-0.032854759431791475,0.4039226543205288,0.342685370741483,0.1571142284569138,0.04895327892739085,0.3960582189656108,0.6969696969696967
uric_acid,0.5,7.0,CV,7,0.041855500967875416,0.09388832815967883,0.41691428245532286,-0.03608760374831512,0.10000000000000003,1.4,-1.2943838484347571e-05,0.027327604585609944,-0.02580275255331843,0.41691428245532286,0.35951903807615226,0.14028056112224452,0.04603698151898772,0.4114895808952306,0.9230769230769234
uric_acid,0.5,7.0,CV,8,0.04237189188835324,0.09353352317589006,0.41034640409918083,-0.034443191810179304,0.10000000000000003,1.4,8.203764305897935e-06,0.029611856860344538,-0.03242200408894179,0.41034640409918083,0.33987975951903804,0.14589178356713417,0.046879573998052516,0.40326757146178116,0.6249999999999997
uric_acid,0.5,7.0,CV,9,0.04278335297473123,0.09338751524695747,0.40472334604957666,-0.03924677289948721,0.10000000000000003,1.4,-1.582811932819716e-05,0.02961112347437415,-0.027110384902438625,0.40472334604957666,0.3370741482965932,0.15430861723446898,0.048717523883176635,0.3971240278734315,0.617647058823529
uric_acid,0.5,7.5,CV,0,0.0424979503685195,0.09438089213649872,0.40680011811202266,-0.04193544494083124,0.10000000000000003,1.4,-4.0901102882332646e-07,0.03337083493585735,-0.0305496244852786,0.40680011811202266,0.33146292585170345,0.15430861723446887,0.04906116279823198,0.40000208387115993,0.9642857142857164
uric_acid,0.5,7.5,CV,1,0.04242312483770096,0.09374473924301133,0.4143531711306047,-0.03290456788458417,0.10000000000000003,1.4,8.857024986695088e-06,0.03014547678608212,-0.026481660254342426,0.4143531711306047,0.3258517034068136,0.15150300601202404,0.04838452979483605,0.407619212999312,0.8620689655172404
uric_acid,0.5,7.5,CV,2,0.04280590026000917,0.09457799708737763,0.4092250342181225,-0.035520602470640816,0.10000000000000003,1.4,-2.192579256726064e-06,0.0325341262160595,-0.03198728582862562,0.4092250342181225,0.31462925851703405,0.1571142284569138,0.04968246149626017,0.4018574867443015,0.6969696969696967
uric_acid,0.5,7.5,CV,3,0.04353779305285421,0.09418814062604072,0.43551926507602107,-0.03801955924599011,0.10000000000000003,1.4,-0.00010257049456968943,0.027908603327971723,-0.05522997151236901,0.43551926507602107,0.32304609218436875,0.14589178356713428,0.04723613517948538,0.4272950470707685,0.7931034482758614
uric_acid,0.5,7.5,CV,4,0.042957549841970144,0.09412487275089412,0.41731364681405203,-0.04025720765398201,0.10000000000000003,1.4,-2.775974054758953e-05,0.02788684900624308,-0.03528353452156462,0.41731364681405203,0.3286573146292585,0.14589178356713417,0.04728308411415572,0.409759481678576,0.9999999999999984
uric_acid,0.5,7.5,CV,5,0.04309766715547056,0.09381923822180023,0.4081121935381634,-0.03743543716790106,0.10000000000000003,1.4,-5.379739379224528e-06,0.03600913292727842,-0.024023435105100827,0.4081121935381634,0.3090180360721443,0.1571142284569137,0.04921610708685218,0.40031310570319245,0.5555555555555555
uric_acid,0.5,7.5,CV,6,0.042925006231388924,0.09392508069019224,0.4129964456099975,-0.03789768353310427,0.10000000000000003,1.4,2.8574221188038484e-05,0.04397229065981123,-0.031058721135134162,0.4129964456099975,0.3342685370741483,0.14589178356713417,0.04680377053527153,0.40499920381652993,0.8571428571428561
uric_acid,0.5,7.5,CV,7,0.04220644320663079,0.09476084493465818,0.4247177323615748,-0.03570097537900209,0.10000000000000003,1.4,-1.3084020149737453e-05,0.027632291876897655,-0.024778370187061846,0.4247177323615748,0.32304609218436875,0.15430861723446887,0.049336519290105865,0.4192861931783562,0.8333333333333331
uric_acid,0.5,7.5,CV,8,0.042727430385427013,0.09417310531714142,0.4160514132919634,-0.03477724294845022,0.10000000000000003,1.4,8.251811831580201e-06,0.02593035434021332,-0.03281623341218323,0.4160514132919634,0.32304609218436875,0.14308617234468923,0.04648740715375228,0.4089393760848344,0.8214285714285724
uric_acid,0.5,7.5,CV,9,0.04314255377756204,0.09432197248518447,0.42020114909270323,-0.03889968588665031,0.10000000000000003,1.4,-1.599397321069096e-05,0.02987474404068024,-0.02734953960018863,0.42020114909270323,0.3258517034068136,0.14869739478957922,0.047808019729936556,0.4124552936239021,0.8928571428571412
uric_acid,0.5,8.0,CV,0,0.042851482066930874,0.09512860052027278,0.41260448442819575,-0.042349698226203145,0.10000000000000003,1.4,-4.374209387667388e-07,0.03353305243177068,-0.03250238844918168,0.41260448442819575,0.3090180360721443,0.15150300601202404,0.04882429310462417,0.4058312213050933,0.9285714285714288
uric_acid,0.5,8.0,CV,1,0.042775995249520665,0.09452217351335691,0.4197129615950437,-0.034800299000984754,0.10000000000000003,1.4,8.910505646826872e-06,0.030411806404423997,-0.027760809565301546,0.4197129615950437,0.2949899799599198,0.15150300601202404,0.048746823382526144,0.41259956319679597,0.7419354838709673
uric_acid,0.5,8.0,CV,2,0.04316215353128368,0.0953859613964913,0.4297343441796246,-0.03677357000378881,0.10000000000000003,1.4,-2.236751831384616e-06,0.027533651148823127,-0.03226991740109575,0.4297343441796246,0.2949899799599198,0.1486973947895791,0.048393690444756665,0.4221982099986738,0.7096774193548377
uric_acid,0.5,8.0,CV,3,0.04390051458282529,0.09497863902862139,0.41887954420716494,-0.038408583191226475,0.10000000000000003,1.4,-0.00010350177838524738,0.030284764509103265,-0.05571827445787879,0.41887954420716494,0.32304609218436875,0.14869739478957922,0.04787025622611363,0.4105894723268167,0.709677419354839
uric_acid,0.5,8.0,CV,4,0.043315143348777695,0.09506431432407973,0.423306398207009,-0.04425282409597944,0.10000000000000003,1.4,-2.802986836457705e-05,0.02813327641812107,-0.03559526317625857,0.423306398207009,0.3006012024048096,0.14589178356713428,0.047793867042647174,0.4161571286237159,0.7931034482758614
uric_acid,0.5,8.0,CV,5,0.04345649897892838,0.09452950591735837,0.4283966367988247,-0.03782548305843369,0.10000000000000003,1.4,-5.452079161404763e-06,0.03069202510711365,-0.025732617750917064,0.4283966367988247,0.29779559118236476,0.14028056112224452,0.046309812578533255,0.42035117979421677,0.7857142857142864
uric_acid,0.5,8.0,CV,6,0.04328231212709521,0.09476203782865318,0.430200431477805,-0.03841650958779697,0.10000000000000003,1.4,2.8801956776006778e-05,0.04436100226835602,-0.030693230539891952,0.430200431477805,0.292184368737475,0.15150300601202404,0.048518401939036296,0.4220717132404614,0.6875000000000008
uric_acid,0.5,8.0,CV,7,0.042557398648309715,0.09564040680191542,0.42225478646082076,-0.03475326933432407,0.10000000000000003,1.4,-1.3224448156835028e-05,0.028096216268979707,-0.02549646126306447,0.42225478646082076,0.3034068136272545,0.1486973947895791,0.04865000849845527,0.4163921875332096,0.9629629629629638
uric_acid,0.5,8.0,CV,8,0.04308299016244437,0.0948367665626567,0.4429846097517972,-0.03511188109467473,0.10000000000000003,1.4,8.29994379133946e-06,0.024240497370210234,-0.033749500071572125,0.4429846097517972,0.3034068136272545,0.14589178356713417,0.04730255220595212,0.43552715934909614,0.925925925925926
uric_acid,0.5,8.0,CV,9,0.04350178229611858,0.09523648423166065,0.4352619870497234,-0.033331363702567146,0.10000000000000003,1.4,-1.6160118548765383e-05,0.030138855061425617,-0.027590921738388046,0.4352619870497234,0.3006012024048096,0.14589178356713417,0.04780613754949254,0.4275421246599583,0.8571428571428561
uric_acid,1.0,6.0,CV,0,0.07703171954816601,0.17710182514572748,0.7814204917939706,-0.0826173210344982,0.10000000000000003,1.4,-3.199555786523145e-06,0.05132693685051811,-0.05706761244795112,0.7814204917939706,0.4128256513026053,0.15150300601202416,0.09098310978333307,0.7713409842012373,0.7999999999999995
uric_acid,1.0,6.0,CV,1,0.07689193957590867,0.17692028483658553,0.7670897231007712,-0.09881098228491635,0.10000000000000003,1.4,1.4110127726788019e-05,0.05630552874560031,-0.054049105546719683,0.7670897231007712,0.3987975951903807,0.14869739478957922,0.09000718433268272,0.7567163947665998,0.7666666666666656
uric_acid,1.0,6.0,CV,2,0.07760699414786726,0.17725919484094332,0.7764176200760076,-0.07651822503525114,0.10000000000000003,1.4,-6.531401410443814e-06,0.05689496939963497,-0.059748586532807485,0.7764176200760076,0.39318637274549095,0.15430861723446887,0.09207964874522237,0.7653680443662855,0.6666666666666659
uric_acid,1.0,6.0,CV,3,0.0789742274058218,0.17700373616628604,0.7962186308867895,-0.0754228529221232,0.10000000000000003,1.4,-0.00019404523611640166,0.05685750107242746,-0.10319320784353794,0.7962186308867895,0.39318637274549095,0.1571142284569138,0.09306269546839344,0.784514055525016,0.6969696969696967
uric_acid,1.0,6.0,CV,4,0.07789028748541463,0.17580093588117784,0.7645252943399642,-0.0860535728447551,0.10000000000000003,1.4,-5.429286807617326e-05,0.05209201972256708,-0.06590287702967562,0.7645252943399642,0.4044088176352706,0.1543086172344691,0.09135533069499509,0.7527093465573387,0.9642857142857137
uric_acid,1.0,6.0,CV,5,0.07815203763913366,0.17702691621544328,0.7534928178182454,-0.06706786109776025,0.10000000000000003,1.4,-1.2485267004566355e-05,0.06513864735329825,-0.05481632438363859,0.7534928178182454,0.4072144288577154,0.1571142284569138,0.09236565879111266,0.7419921220745701,1.0
uric_acid,1.0,6.0,CV,6,0.07782949346318141,0.176441972108005,0.7785951282978474,-0.0691713925836873,0.10000000000000003,1.4,5.094339984482521e-05,0.08215323328312274,-0.07012827712469377,0.7785951282978474,0.4044088176352706,0.1402805611222444,0.08597013172811069,0.7660921590497521,0.9230769230769247
uric_acid,1.0,6.0,CV,7,0.0764871612596264,0.1775537318349658,0.7785551302667244,-0.07000879180130734,0.10000000000000003,1.4,-2.6877468978735607e-05,0.05293404608120683,-0.051040415975903364,0.7785551302667244,0.4128256513026053,0.15430861723446887,0.09243596237298593,0.7711191960047062,0.8965517241379294
uric_acid,1.0,6.0,CV,8,0.07746040625504322,0.17753751365242212,0.7838992051818827,-0.06764685742758163,0.10000000000000003,1.4,1.2979541988119687e-05,0.050085823693824555,-0.054180921636429374,0.7838992051818827,0.4072144288577154,0.1458917835671344,0.08945377226721964,0.7733811797790271,0.9999999999999984
uric_acid,1.0,6.0,CV,9,0.07823588937693003,0.17654543464149944,0.7714987313989096,-0.06516076635233423,0.10000000000000003,1.4,-3.231348999563448e-05,0.05581950068526393,-0.05119357744432123,0.7714987313989096,0.41002004008016024,0.1571142284569137,0.09283662820495515,0.759885735363706,0.9999999999999986
uric_acid,1.0,6.5,CV,0,0.07771247837151055,0.17879551664910434,0.7942396728356412,-0.08341803273834675,0.10000000000000003,1.4,-3.2540849562763195e-06,0.05148332948305059,-0.05758578488410151,0.7942396728356412,0.38476953907815636,0.15150300601202404,0.09207843188582333,0.7845028936755047,0.928571428571426
uric_acid,1.0,6.5,CV,1,0.07757142914465563,0.17809761616112182,0.7741781842394353,-0.08941590503383971,0.10000000000000003,1.4,1.421277697842764e-05,0.05681671420862201,-0.05529808844126918,0.7741781842394353,0.3791583166332665,0.1543086172344691,0.09293429386249093,0.7647853573852164,0.8965517241379295
uric_acid,1.0,6.5,CV,2,0.07829297668043668,0.17900406334981225,0.7921125384256628,-0.07556946310460996,0.10000000000000003,1.4,-6.616184988666275e-06,0.06355626895899494,-0.06029106150099609,0.7921125384256628,0.37635270541082166,0.15150300601202404,0.09179360403801762,0.7814470639435772,0.862068965517243
uric_acid,1.0,6.5,CV,3,0.07967262492939872,0.17848475718209583,0.7863729424020511,-0.0831549103558539,0.10000000000000003,1.4,-0.00019583271567434398,0.057241874963397874,-0.10413044257112597,0.7863729424020511,0.3707414829659319,0.14869739478957922,0.09041288896630958,0.773899434149356,0.7666666666666679
uric_acid,1.0,6.5,CV,4,0.0785788424277888,0.1777494309231999,0.7956376283211437,-0.07378632385806663,0.10000000000000003,1.4,-5.48113436931983e-05,0.05256500545743156,-0.06650120010646651,0.7956376283211437,0.37635270541082166,0.1458917835671344,0.08938812014121537,0.7837503193657105,0.9259259259259262
uric_acid,1.0,6.5,CV,5,0.07884296937111976,0.17830437204735583,0.7565865566826611,-0.07094126144517157,0.10000000000000003,1.4,-1.2624113916445016e-05,0.07169323508290029,-0.04795111570018007,0.7565865566826611,0.3819639278557114,0.15430861723446887,0.09202061319167425,0.74432305410403,0.9642857142857136
uric_acid,1.0,6.5,CV,6,0.07851749637302201,0.1779845097994995,0.7762003452599,-0.07512064087716253,0.10000000000000003,1.4,5.1380509028200666e-05,0.08289931524288739,-0.06714899515226236,0.7762003452599,0.38476953907815636,0.14028056112224452,0.08671562135373266,0.7641139240777011,0.9230769230769234
uric_acid,1.0,6.5,CV,7,0.07716297528937703,0.17929611010729798,0.7887170191493479,-0.07065189967793264,0.10000000000000003,1.4,-2.714700248490871e-05,0.05525021597231633,-0.052189044190563944,0.7887170191493479,0.3735470941883767,0.15150300601202404,0.09231218825203087,0.7812748175849924,0.8000000000000005
uric_acid,1.0,6.5,CV,8,0.0781450577145418,0.1789942669928936,0.7971306944051763,-0.06828915237111367,0.10000000000000003,1.4,1.307192509702415e-05,0.05597909728100961,-0.05692789080210099,0.7971306944051763,0.3735470941883767,0.14308617234468934,0.08847439068989738,0.7864508773398026,0.7586206896551712
uric_acid,1.0,6.5,CV,9,0.07892758251415893,0.17823118886914235,0.7771997623691784,-0.07031163372777852,0.10000000000000003,1.4,-3.2632384612392385e-05,0.056459405743531754,-0.05159510755814016,0.7771997623691784,0.3735470941883767,0.15150300601202404,0.0912983586482118,0.765154816408575,0.8620689655172404
uric_acid,1.0,7.0,CV,0,0.0783932309840217,0.18040764689477212,0.7890955489110265,-0.08421858869994336,0.10000000000000003,1.4,-3.308920952933822e-06,0.058342992337468105,-0.05810683913928002,0.7890955489110265,0.34829659318637274,0.15150300601202393,0.09265322359088651,0.7792256529980257,0.8620689655172417
uric_acid,1.0,7.0,CV,1,0.07825090536067691,0.17933424077662138,0.796658124249105,-0.06085886695978829,0.10000000000000003,1.4,1.4316003820965157e-05,0.0573307760303695,-0.04985864756369174,0.796658124249105,0.3454909819639279,0.1486973947895791,0.09137809441675823,0.7872371048693213,0.7666666666666689
uric_acid,1.0,7.0,CV,2,0.07897898239514785,0.1806750895191275,0.8046900714041505,-0.06560906235147307,0.10000000000000003,1.4,-6.701445630504149e-06,0.06672493038918575,-0.06083658888894454,0.8046900714041505,0.3539078156312625,0.14028056112224452,0.08826068568643847,0.7937086067092193,0.9230769230769234
uric_acid,1.0,7.0,CV,3,0.08037111549228336,0.18002908631320175,0.795042091566009,-0.08401380607675758,0.10000000000000003,1.4,-0.0001976302530934651,0.05643988834768158,-0.10507295096841282,0.795042091566009,0.3539078156312625,0.14028056112224463,0.08761283624482127,0.7815493029650873,0.9230769230769248
uric_acid,1.0,7.0,CV,4,0.07926743502684269,0.17962540837381355,0.7873631643746559,-0.0749782102635936,0.10000000000000003,1.4,-5.5332736689477804e-05,0.05320554157576085,-0.06710288985137938,0.7873631643746559,0.34829659318637274,0.14869739478957922,0.09145056350867449,0.7754679704588056,0.7666666666666656
uric_acid,1.0,7.0,CV,5,0.07953395213360008,0.1795662877310796,0.8025830682218151,-0.07268110889044582,0.10000000000000003,1.4,-1.2763742097658854e-05,0.07425626388819995,-0.04833345809016126,0.8025830682218151,0.3454909819639279,0.14308617234468934,0.0885222034927366,0.790219728690678,0.7000000000000024
uric_acid,1.0,7.0,CV,6,0.07920553383334371,0.1795047423967535,0.7751308502393847,-0.0727246909792427,0.10000000000000003,1.4,5.182007775494076e-05,0.08364959528634254,-0.06309281189010997,0.7751308502393847,0.342685370741483,0.1571142284569138,0.09436490899846024,0.7632841006494573,0.6969696969696967
uric_acid,1.0,7.0,CV,7,0.07783875528473275,0.18097444910658694,0.8000346047599501,-0.07173500363641058,0.10000000000000003,1.4,-2.7418052612950828e-05,0.052445336516549236,-0.04957858957639952,0.8000346047599501,0.35951903807615226,0.14028056112224452,0.08868627644213736,0.7925118804212652,0.9230769230769234
uric_acid,1.0,7.0,CV,8,0.07882972486644717,0.18029268349333008,0.7874433620977987,-0.06893506140532292,0.10000000000000003,1.4,1.3164828030885076e-05,0.05689890032216649,-0.06229064950477668,0.7874433620977987,0.33987975951903804,0.14589178356713417,0.0903123935214947,0.7767469821330063,0.6249999999999997
uric_acid,1.0,7.0,CV,9,0.0796193309661874,0.18001503472759797,0.7766318714073002,-0.0778192682059389,0.10000000000000003,1.4,-3.2953073598082924e-05,0.05683415928743659,-0.052044101614028795,0.7766318714073002,0.3370741482965932,0.15430861723446898,0.09381347646538495,0.7646831673680191,0.617647058823529
uric_acid,1.0,7.5,CV,0,0.07907402972966356,0.181929521057538,0.7806999231467264,-0.0850186345950179,0.10000000000000003,1.4,-3.3637797102781946e-06,0.06411762288220699,-0.05862783035082603,0.7806999231467264,0.33146292585170345,0.1571142284569137,0.09556198052506154,0.7704238327123148,0.9999999999999986
uric_acid,1.0,7.5,CV,1,0.07893042718003707,0.18069924022293035,0.7952121577923136,-0.06482375857612456,0.10000000000000003,1.4,1.4419273509698482e-05,0.05784505122291229,-0.05087448800225902,0.7952121577923136,0.3258517034068136,0.15150300601202404,0.09329557720727057,0.7856957427805262,0.8620689655172404
uric_acid,1.0,7.5,CV,2,0.07966503642338624,0.182303855474058,0.7853406444684509,-0.07080778557534267,0.10000000000000003,1.4,-6.786741661336332e-06,0.06249621240689329,-0.061382342708049126,0.7853406444684509,0.31462925851703405,0.1571142284569138,0.09574897686924048,0.7742958303306352,0.6969696969696967
uric_acid,1.0,7.5,CV,3,0.08106965955076059,0.1815546104146066,0.8358348161201146,-0.07479313505576306,0.10000000000000003,1.4,-0.0001994285366134877,0.05353490595958861,-0.10601585057111075,0.8358348161201146,0.32304609218436875,0.14589178356713428,0.09089870938368393,0.8222160228471801,0.7931034482758614
uric_acid,1.0,7.5,CV,4,0.07995607701315761,0.18143684662579174,0.8008876247545951,-0.08005125283827612,0.10000000000000003,1.4,-5.5854346099491064e-05,0.05351649718326351,-0.06770482933866558,0.8008876247545951,0.3286573146292585,0.14589178356713417,0.0910576752120889,0.789024691552368,0.9999999999999984
uric_acid,1.0,7.5,CV,5,0.08022498527542261,0.18084054059108648,0.7831552931369248,-0.07366546038176616,0.10000000000000003,1.4,-1.2903428234111974e-05,0.0691614944317937,-0.04609951008228105,0.7831552931369248,0.3090180360721443,0.1571142284569137,0.0948164702535397,0.7710454319988711,0.5555555555555555
uric_acid,1.0,7.5,CV,6,0.07989362045050592,0.18105258965075724,0.7925769004649796,-0.07449700146549228,0.10000000000000003,1.4,5.225982893274997e-05,0.08440018674730193,-0.059635886218477804,0.7925769004649796,0.3342685370741483,0.14589178356713417,0.0902077024542548,0.7803428149568277,0.8571428571428561
uric_acid,1.0,7.5,CV,7,0.07851457934924312,0.18265377921209972,0.8151048911773858,-0.07126960251399325,0.10000000000000003,1.4,-2.768921524532395e-05,0.05303419350096859,-0.04762447716689254,0.8151048911773858,0.32304609218436875,0.15430861723446887,0.09503720431847755,0.8074965411197972,0.8333333333333331
uric_acid,1.0,7.5,CV,8,0.07951443977628468,0.18152530328374145,0.7984727938082308,-0.06958123853376764,0.10000000000000003,1.4,1.3257769525814415e-05,0.049810011830365486,-0.06305166351407188,0.7984727938082308,0.32304609218436875,0.14308617234468923,0.08957297417007637,0.787781614766303,0.8214285714285724
uric_acid,1.0,7.5,CV,9,0.08031113011537155,0.18181306198938593,0.8064353931817598,-0.07715314439586393,0.10000000000000003,1.4,-3.327389569162341e-05,0.05734409819080276,-0.05250673371953938,0.8064353931817598,0.3258517034068136,0.14869739478957922,0.09200198414190748,0.7937557455719974,0.8928571428571412
uric_acid,1.0,8.0,CV,0,0.07975487713330452,0.18336527663538962,0.7918737945006578,-0.08581876640538572,0.10000000000000003,1.4,-3.4186535645971545e-06,0.06443115188686002,-0.0624556784641722,0.7918737945006578,0.3090180360721443,0.15150300601202404,0.0940274157021591,0.7814994331924044,0.9285714285714288
uric_acid,1.0,8.0,CV,1,0.07960999730598985,0.18219188579473392,0.8055377266794987,-0.0684766214931108,0.10000000000000003,1.4,1.4522571617957502e-05,0.05835946794252999,-0.05335529307949852,0.8055377266794987,0.2949899799599198,0.15150300601202404,0.09395037602230917,0.7949834535834835,0.7419354838709673
uric_acid,1.0,8.0,CV,2,0.08035114055586258,0.18385519646378995,0.8247714979275085,-0.07322229656971385,0.10000000000000003,1.4,-6.872061165394357e-06,0.05292059358399942,-0.0619282467170574,0.8247714979275085,0.2949899799599198,0.1486973947895791,0.09330180355182001,0.8136368535211964,0.7096774193548377
uric_acid,1.0,8.0,CV,3,0.0817682571506967,0.18307238909975426,0.8037896731131007,-0.07554434083872247,0.10000000000000003,1.4,-0.00020122731501603656,0.05819182047041342,-0.10695900965710604,0.8037896731131007,0.32304609218436875,0.14869739478957922,0.09214256913326031,0.7901729639812743,0.709677419354839
uric_acid,1.0,8.0,CV,4,0.08064476981590922,0.18324023918671514,0.8124406350336943,-0.08774845003936309,0.10000000000000003,1.4,-5.637609905493566e-05,0.05399247271174673,-0.06830693447799203,0.8124406350336943,0.3006012024048096,0.14589178356713428,0.09202374536414015,0.8012203807440542,0.7931034482758614
uric_acid,1.0,8.0,CV,5,0.08091606989172107,0.18220439157792062,0.8222100818545434,-0.07441860560383884,0.10000000000000003,1.4,-1.3043152811793947e-05,0.05894577954944241,-0.04945462444572016,0.8222100818545434,0.29779559118236476,0.14028056112224452,0.08920023905386165,0.8094932193754976,0.7857142857142864
uric_acid,1.0,8.0,CV,6,0.0805817577312688,0.1826594146242254,0.8256541512540639,-0.07549819580604593,0.10000000000000003,1.4,5.269970112883634e-05,0.08515098476890332,-0.0589573092008841,0.8256541512540639,0.292184368737475,0.15150300601202404,0.09353261593376568,0.8132874571720908,0.6875000000000008
uric_acid,1.0,8.0,CV,7,0.07919045070273444,0.1843424520252655,0.8104176043345938,-0.06944631756710992,0.10000000000000003,1.4,-2.7960452500884873e-05,0.05392903597440836,-0.04900825068891271,0.8104176043345938,0.3034068136272545,0.1486973947895791,0.0937214438842435,0.8020066037672762,0.9629629629629638
uric_acid,1.0,8.0,CV,8,0.08019920442183856,0.18279984516883002,0.8502037990861815,-0.07022759344744484,0.10000000000000003,1.4,1.3350736597979724e-05,0.046509313419334855,-0.06483853712064562,0.8502037990861815,0.3034068136272545,0.14589178356713417,0.09115252990020384,0.8388803082963731,0.925925925925926
uric_acid,1.0,8.0,CV,9,0.0810029809498347,0.18356868401517604,0.8353866765599238,-0.06768553497601154,0.10000000000000003,1.4,-3.359480607449443e-05,0.05785422970816964,-0.05297296705540214,0.8353866765599238,0.3006012024048096,0.14589178356713417,0.09200243814200647,0.8227602569803476,0.8571428571428561
uric_acid,2.0,6.0,CV,0,0.14085595678603607,0.3299163289621285,1.4522404541241098,-0.1577872191669837,0.10000000000000003,1.4,-8.355323841190836e-06,0.09543229225559288,-0.10606150007380494,1.4522404541241098,0.4128256513026053,0.15150300601202416,0.1694314026273327,1.4362261295497067,0.7999999999999995
uric_acid,2.0,6.0,CV,1,0.14059616797562813,0.32956938222219395,1.4256786821622929,-0.18574801990768425,0.10000000000000003,1.4,2.3815680458213777e-05,0.10463844289405616,-0.10051933701202259,1.4256786821622929,0.3987975951903807,0.14869739478957922,0.16769060287169527,1.4096453877104465,0.7666666666666656
uric_acid,2.0,6.0,CV,2,0.14192513645105395,0.3302053095127144,1.4430101108005013,-0.14435374558376413,0.10000000000000003,1.4,-1.4547743235206203e-05,0.10578502872652212,-0.11103994350950833,1.4430101108005013,0.39318637274549095,0.15430861723446887,0.1715265089203387,1.4255478748746038,0.6666666666666659
uric_acid,2.0,6.0,CV,3,0.14446621508984706,0.32972916266326546,1.4798113846907113,-0.14240069014366213,0.10000000000000003,1.4,-0.0003630525774156915,0.10566434187925977,-0.19180935384599346,1.4798113846907113,0.39318637274549095,0.1571142284569138,0.17318470663617846,1.460023420182496,0.6969696969696967
uric_acid,2.0,6.0,CV,4,0.14245165278933483,0.3274979470652363,1.4208961429671028,-0.16202698418351488,0.10000000000000003,1.4,-0.00010331507097216073,0.09681312501674169,-0.12247470857713677,1.4208961429671028,0.4044088176352706,0.1543086172344691,0.1701320400816802,1.4016852771144792,0.9642857142857137
uric_acid,2.0,6.0,CV,5,0.1429381299288035,0.3297660450488539,1.4003770550885046,-0.12633382830573248,0.10000000000000003,1.4,-2.5613331781600247e-05,0.12110880282742617,-0.10187419818175458,1.4003770550885046,0.4072144288577154,0.1571142284569138,0.1720277209697263,1.3818495080716773,1.0
uric_acid,2.0,6.0,CV,6,0.1423386637361762,0.3286877614691971,1.447045707654573,-0.13074920151197197,0.10000000000000003,1.4,9.227235413218748e-05,0.15269576220375808,-0.13040762149095841,1.447045707654573,0.4044088176352706,0.1402805611222444,0.16012154785646127,1.4266993668639574,0.9230769230769247
uric_acid,2.0,6.0,CV,7,0.13984386508439337,0.3307518775721188,1.4469150212274602,-0.13268959118077678,0.10000000000000003,1.4,-5.236203525921385e-05,0.09844581412913994,-0.09492949740531909,1.4469150212274602,0.4128256513026053,0.15430861723446887,0.17211417287652478,1.4356857202805389,0.8965517241379294
uric_acid,2.0,6.0,CV,8,0.1416526947436908,0.3307203688149698,1.4568890079415244,-0.1283762572434415,0.10000000000000003,1.4,2.1714424324237272e-05,0.09313718061820175,-0.10076993239297516,1.4568890079415244,0.4072144288577154,0.1458917835671344,0.16654436609437853,1.4398136794266838,0.9999999999999984
uric_acid,2.0,6.0,CV,9,0.1430939730217801,0.3288794389836734,1.4338232393823223,-0.1245731507672796,0.10000000000000003,1.4,-6.246518101412104e-05,0.10375253983627197,-0.095163628833907,1.4338232393823223,0.41002004008016024,0.1571142284569137,0.17289621448584153,1.415051606610984,0.9999999999999986
uric_acid,2.0,6.5,CV,0,0.1421235156614306,0.3330773410347444,1.4761692108595625,-0.15928315238622065,0.10000000000000003,1.4,-8.457200593391944e-06,0.09572018519805578,-0.10702960075047016,1.4761692108595625,0.38476953907815636,0.15150300601202404,0.17146089791561056,1.460685981991831,0.928571428571426
uric_acid,2.0,6.5,CV,1,0.1418613555048844,0.33177106528156297,1.4389120670766082,-0.16825824560319144,0.10000000000000003,1.4,2.4007459874996583e-05,0.10559348979795855,-0.10284713733585049,1.4389120670766082,0.3791583166332665,0.1543086172344691,0.1730331834423984,1.4239283066462936,0.8965517241379295
uric_acid,2.0,6.5,CV,2,0.1432024547732305,0.3334614162513116,1.4722544157545336,-0.1425903957273989,0.10000000000000003,1.4,-1.4706144245682479e-05,0.11819134081658916,-0.11205344854102967,1.4722544157545336,0.37635270541082166,0.15150300601202404,0.1709738562874042,1.4553246171633316,0.862068965517243
uric_acid,2.0,6.5,CV,3,0.14576672831794604,0.33249506859976824,1.4615897861870009,-0.15680199802878111,0.10000000000000003,1.4,-0.00036639212233841023,0.10638324244771521,-0.1935603878435599,1.4615897861870009,0.3707414829659319,0.14869739478957922,0.16834746577623427,1.4409226391436762,0.7666666666666679
uric_acid,2.0,6.5,CV,4,0.14373377714023738,0.3311322671741037,1.4788062993730766,-0.1391883123824937,0.10000000000000003,1.4,-0.00010428373805799977,0.0976968034355334,-0.12359255453199763,1.4788062993730766,0.37635270541082166,0.1458917835671344,0.16648649241992838,1.4595504309077936,0.9259259259259262
uric_acid,2.0,6.5,CV,5,0.14422469483156897,0.3321537479200661,1.406202570061291,-0.13355053745984846,0.10000000000000003,1.4,-2.587273922351485e-05,0.13331683542574246,-0.08909394244469221,1.406202570061291,0.3819639278557114,0.15430861723446887,0.17142737433258207,1.3864764510214271,0.9642857142857136
uric_acid,2.0,6.5,CV,6,0.14361975672566468,0.3315679251553125,1.4426405411412258,-0.1418302510722395,0.10000000000000003,1.4,9.308900445276237e-05,0.15408966582049766,-0.12486298881766952,1.4426405411412258,0.38476953907815636,0.14028056112224452,0.16147330616003086,1.422756841474775,0.9230769230769234
uric_acid,2.0,6.5,CV,7,0.14110218561059001,0.33400336350771626,1.4659477588127898,-0.13389123217602136,0.10000000000000003,1.4,-5.286560423601315e-05,0.10276059320950709,-0.09707025108833378,1.4659477588127898,0.3735470941883767,0.15150300601202404,0.17184914164355886,1.4544242150863815,0.8000000000000005
uric_acid,2.0,6.5,CV,8,0.14292752622438393,0.33344121567570695,1.4815857773356849,-0.12957625575980466,0.10000000000000003,1.4,2.1887023524555126e-05,0.1041128671994414,-0.10586016934848466,1.4815857773356849,0.3735470941883767,0.14308617234468934,0.1647319203773471,1.4642205432891315,0.7586206896551712
uric_acid,2.0,6.5,CV,9,0.1443819604566251,0.33202568021690754,1.4445412902500216,-0.1330010473138037,0.10000000000000003,1.4,-6.306097126724303e-05,0.10500713523490701,-0.0959141975806033,1.4445412902500216,0.3735470941883767,0.15150300601202404,0.170003634676758,1.4247148493091704,0.8620689655172404
uric_acid,2.0,7.0,CV,0,0.1433910695621838,0.33608257182110907,1.4667130944562956,-0.1607782605306061,0.10000000000000003,1.4,-8.55961198168495e-06,0.10849547294253871,-0.10800271885335064,1.4667130944562956,0.34829659318637274,0.15150300601202393,0.17250076826525482,1.4507318523458403,0.8620689655172417
uric_acid,2.0,7.0,CV,1,0.14312652561497982,0.3340785904024331,1.4807671231876787,-0.11408884419476954,0.10000000000000003,1.4,2.4200245725491857e-05,0.10655354866517246,-0.0927204035853672,1.4807671231876787,0.3454909819639279,0.1486973947895791,0.17014339438449885,1.465727661569489,0.7666666666666689
uric_acid,2.0,7.0,CV,2,0.14447981933708715,0.33657608980846343,1.4956889188292002,-0.12429805880576944,0.10000000000000003,1.4,-1.4865376524287474e-05,0.12409384835842097,-0.1130722723165973,1.4956889188292002,0.3539078156312625,0.14308617234468934,0.16646769421227192,1.478515642199203,0.9615384615384609
uric_acid,2.0,7.0,CV,3,0.14706740951160804,0.3353743138040646,1.477755994251429,-0.15840460682830693,0.10000000000000003,1.4,-0.0003697491927633435,0.10489271548004905,-0.19532061104232387,1.477755994251429,0.3539078156312625,0.14028056112224463,0.16321658464345548,1.4557336404934424,0.9230769230769248
uric_acid,2.0,7.0,CV,4,0.14501597295424057,0.3346276248897483,1.463493071015988,-0.1419570149841768,0.10000000000000003,1.4,-0.0001052574885841132,0.09896366653662753,-0.12471626679864993,1.463493071015988,0.34829659318637274,0.14869739478957922,0.17030489018726952,1.4440394585062846,0.7666666666666656
uric_acid,2.0,7.0,CV,5,0.1455113545008802,0.3345082721164995,1.4917799543888892,-0.13679397340400354,0.10000000000000003,1.4,-2.61335080023187e-05,0.13809199260060873,-0.08990591307266954,1.4917799543888892,0.3454909819639279,0.14308617234468934,0.16492082567113883,1.4719243532892021,0.7000000000000024
uric_acid,2.0,7.0,CV,6,0.14490091576580175,0.3344023666407904,1.4407455463697474,-0.13682042466894934,0.10000000000000003,1.4,9.390994044918097e-05,0.15549088446413106,-0.11731276802226732,1.4407455463697474,0.342685370741483,0.1571142284569138,0.17576344953107015,1.4215721800882306,0.6969696969696967
uric_acid,2.0,7.0,CV,7,0.14236045268047695,0.337131634481778,1.4870089757889375,-0.13565447929782318,0.10000000000000003,1.4,-5.337181587803262e-05,0.09748402825478526,-0.09221112492813122,1.4870089757889375,0.35951903807615226,0.14028056112224452,0.16507613810163543,1.4751202319894803,0.9230769230769234
uric_acid,2.0,7.0,CV,8,0.14420239089613288,0.3358636105562355,1.4636172178194586,-0.13078255171385633,0.10000000000000003,1.4,2.2060528503276528e-05,0.10582739204681291,-0.11584822059523925,1.4636172178194586,0.33987975951903804,0.14589178356713417,0.16820427060602486,1.4465187751099617,0.6249999999999997
uric_acid,2.0,7.0,CV,9,0.1456700501232812,0.33534990455642427,1.4435023306694252,-0.146983742548542,0.10000000000000003,1.4,-6.365988815098167e-05,0.10564787867637618,-0.09675283502791465,1.4435023306694252,0.3370741482965932,0.15430861723446898,0.1746706133547135,1.4237251041609702,0.617647058823529
uric_acid,2.0,7.5,CV,0,0.14465872375654254,0.3389159870660368,1.451140952864127,-0.162271250526663,0.10000000000000003,1.4,-8.661985621852415e-06,0.11924979437221339,-0.1089749581097387,1.451140952864127,0.33146292585170345,0.1571142284569137,0.1779804454024177,1.4347867837785548,0.9999999999999986
uric_acid,2.0,7.5,CV,1,0.14439179689732948,0.33662044963219495,1.4781317200822748,-0.12205816947130045,0.10000000000000003,1.4,2.4392960516463475e-05,0.10751325366136641,-0.09461335155024753,1.4781317200822748,0.3258517034068136,0.15150300601202404,0.17372162634511726,1.4629389249972011,0.8620689655172404
uric_acid,2.0,7.5,CV,2,0.1457572805784072,0.3396081307958975,1.459754842158695,-0.1340813552803254,0.10000000000000003,1.4,-1.5024550110982456e-05,0.11622133247321598,-0.11409072056080853,1.459754842158695,0.31462925851703405,0.1571142284569138,0.17841615009240908,1.4425309473024615,0.6969696969696967
uric_acid,2.0,7.5,CV,3,0.14836817878838587,0.3382144824738891,1.553642011095731,-0.1407319606457008,0.10000000000000003,1.4,-0.0003731050257954713,0.09948551757490168,-0.1970801854350615,1.553642011095731,0.32304609218436875,0.14589178356713428,0.16933645811105752,1.5313525481799124,0.7931034482758614
uric_acid,2.0,7.5,CV,4,0.14629826366494206,0.337998981211331,1.488675447268673,-0.15140609247907938,0.10000000000000003,1.4,-0.00010623088019255654,0.09947310770757604,-0.12583956487277767,1.488675447268673,0.3286573146292585,0.14589178356713417,0.16966308111025266,1.4698612382752672,0.9999999999999984
uric_acid,2.0,7.5,CV,5,0.1467981074215436,0.33688153984818553,1.4556463682795318,-0.13862963993766225,0.10000000000000003,1.4,-2.6394180663565662e-05,0.1286071081640281,-0.08568419624825942,1.4556463682795318,0.3090180360721443,0.1571142284569137,0.17663077429783153,1.4361132179849556,0.5555555555555555
uric_acid,2.0,7.5,CV,6,0.14618217008478468,0.33728397042056346,1.473203922963569,-0.14012336465460185,0.10000000000000003,1.4,9.473057385430123e-05,0.1568915866283198,-0.11087769947136991,1.473203922963569,0.3342685370741483,0.14589178356713417,0.1680234341134627,1.4532904285127821,0.8571428571428561
uric_acid,2.0,7.5,CV,7,0.14361882346703075,0.3402576396936669,1.5151094518126336,-0.13504783048018434,0.10000000000000003,1.4,-5.387784093396214e-05,0.09858243089585444,-0.0885899103721062,1.5151094518126336,0.32304609218436875,0.15430861723446887,0.1769049490281237,1.5030903573914631,0.8333333333333331
uric_acid,2.0,7.5,CV,8,0.14547735316678811,0.3381595876981276,1.4841938899063658,-0.13198840303157824,0.10000000000000003,1.4,2.2233969529269204e-05,0.0926287080196041,-0.11726691748987211,1.4841938899063658,0.32304609218436875,0.14308617234468923,0.16681320652971338,1.466968600815413,0.8214285714285724
uric_acid,2.0,7.5,CV,9,0.14695823251420242,0.3386963763609985,1.4989933481000686,-0.14574555275721252,0.10000000000000003,1.4,-6.425858427812287e-05,0.10659949183929837,-0.09761618524389248,1.4989933481000686,0.3258517034068136,0.14869739478957922,0.17135204894838832,1.4781778401204186,0.8928571428571412
uric_acid,2.0,8.0,CV,0,0.1459264820799055,0.3415854660979429,1.4719429022167965,-0.1637633024508166,0.10000000000000003,1.4,-8.764312066086174e-06,0.11983464056495119,-0.11616502607725868,1.4719429022167965,0.3090180360721443,0.15150300601202404,0.17509270169918265,1.4551867179367433,0.9285714285714288
uric_acid,2.0,8.0,CV,1,0.14565717340724496,0.3393955250065967,1.4973614433826596,-0.12886175147899204,0.10000000000000003,1.4,2.458558646274306e-05,0.10847251621775456,-0.09924884972564482,1.4973614433826596,0.2949899799599198,0.15150300601202404,0.17506361166538217,1.4810240479011108,0.7419354838709673
uric_acid,2.0,8.0,CV,2,0.14703484142752132,0.34249240512704343,1.5331139805099212,-0.1385786338603381,0.10000000000000003,1.4,-1.5183650316032804e-05,0.09844200760569494,-0.11510869928360937,1.5331139805099212,0.2949899799599198,0.1486973947895791,0.17383386518689709,1.5155750481426398,0.7096774193548377
uric_acid,2.0,8.0,CV,3,0.14966903692756958,0.3410363321844159,1.4939733525306407,-0.1421325959307843,0.10000000000000003,1.4,-0.00037645931173331364,0.10823205874586617,-0.19883894863503082,1.4939733525306407,0.32304609218436875,0.14869739478957922,0.17163408195991608,1.4715228343221296,0.709677419354839
uric_acid,2.0,8.0,CV,4,0.1475806517569726,0.3413515071713264,1.5101985769298203,-0.1657406069033614,0.10000000000000003,1.4,-0.00010720382305144057,0.10036068675548934,-0.12696234508799692,1.5101985769298203,0.3006012024048096,0.14589178356713428,0.17136472075380196,1.4918995297609405,0.7931034482758614
uric_acid,2.0,8.0,CV,5,0.14808495566638386,0.3394173163798088,1.528358328161349,-0.14003385982318606,0.10000000000000003,1.4,-2.665473315042294e-05,0.10960768406672167,-0.09199063645019473,1.528358328161349,0.29779559118236476,0.14028056112224452,0.16619306905686493,1.5078772000984042,0.7857142857142864
uric_acid,2.0,8.0,CV,6,0.1474635222628904,0.340271229779075,1.5347435798183906,-0.14198949523187165,0.10000000000000003,1.4,9.555082893390958e-05,0.15829164304574678,-0.10963772611024969,1.5347435798183906,0.292184368737475,0.15150300601202404,0.1741605656240986,1.5142022390447383,0.6875000000000008
uric_acid,2.0,8.0,CV,7,0.14487730266239263,0.34339711273367995,1.5064336915565322,-0.1316545419845191,0.10000000000000003,1.4,-5.438363270400863e-05,0.10024995406690114,-0.09116732138353711,1.5064336915565322,0.3034068136272545,0.1486973947895791,0.17456353484442003,1.4936168633136118,0.9629629629629638
uric_acid,2.0,8.0,CV,8,0.14675241619730398,0.3405294863816255,1.5803899316857675,-0.13319369835586026,0.10000000000000003,1.4,2.240733059609347e-05,0.08643960426604111,-0.12058439665691528,1.5803899316857675,0.3034068136272545,0.14589178356713417,0.16980077368841054,1.5622760999331236,0.925925925925926
uric_acid,2.0,8.0,CV,9,0.14824650957029117,0.3419601762262109,1.5528516370609733,-0.1292861179490843,0.10000000000000003,1.4,-6.48570043964914e-05,0.10755076355750379,-0.09848560003763432,1.5528516370609733,0.3006012024048096,0.14589178356713417,0.17137082423421532,1.532248732291957,0.8571428571428561
uric_acid,5.0,6.0,CV,0,0.28856347725082104,0.683574609448793,3.0047095098024315,-0.3317518405593072,0.10000000000000003,1.4,-2.0287244196279948e-05,0.19750468619305162,-0.219447354293638,3.0047095098024315,0.4128256513026053,0.15150300601202416,0.35087214565972236,2.9742275296460616,0.7999999999999995
uric_acid,5.0,6.0,CV,1,0.2880259537006931,0.6828449106780847,2.9498417017046714,-0.38694516412037555,0.10000000000000003,1.4,4.627710249379871e-05,0.2164946156376254,-0.20806472983172364,2.9498417017046714,0.3987975951903807,0.14869739478957922,0.34734783394847024,2.9198730658847376,0.7666666666666656
uric_acid,5.0,6.0,CV,2,0.2907756943527145,0.6841681895765347,2.985695589334329,-0.30134452171032267,0.10000000000000003,1.4,-3.309984860108627e-05,0.21893059459731806,-0.22974279822701588,2.985695589334329,0.39318637274549095,0.15430861723446887,0.3553818185342449,2.953344514529235,0.6666666666666659
uric_acid,5.0,6.0,CV,3,0.29603338658716255,0.6831813161858392,3.061840329208358,-0.2974065419992237,0.10000000000000003,1.4,-0.0007541838529940472,0.2186173163179288,-0.39689243459453327,3.061840329208358,0.39318637274549095,0.1571142284569138,0.3587352754189752,3.0241428748915715,0.6969696969696967
uric_acid,5.0,6.0,CV,4,0.2918650982069786,0.6785700468314654,2.9399258212184787,-0.3378511647103588,0.10000000000000003,1.4,-0.00021676645481716116,0.2003105401261172,-0.2533980901584039,2.9399258212184787,0.4044088176352706,0.1543086172344691,0.35248166339402426,2.9038460315985413,0.9642857142857137
uric_acid,5.0,6.0,CV,5,0.29287165779918223,0.6832499377673755,2.8974520041996756,-0.2634922095584681,0.10000000000000003,1.4,-5.599542455130621e-05,0.2506397340675509,-0.210779563257395,2.8974520041996756,0.4072144288577154,0.1571142284569138,0.3562843042158111,2.8619991725146496,1.0
uric_acid,5.0,6.0,CV,6,0.29163131493939276,0.6810298912844996,2.9940313341658507,-0.27325784503171646,0.10000000000000003,1.4,0.0001879193626257963,0.31595132913437113,-0.2699112470243138,2.9940313341658507,0.4044088176352706,0.1402805611222444,0.33164104829658014,2.9549054301298416,0.9230769230769247
uric_acid,5.0,6.0,CV,7,0.2864693796502826,0.685298030306812,2.9936907688794476,-0.27775086974469176,0.10000000000000003,1.4,-0.00011134060293689083,0.20377304875435653,-0.19650137157053893,2.9936907688794476,0.4128256513026053,0.15430861723446887,0.3565296935490046,2.9737951414718897,0.8965517241379294
uric_acid,5.0,6.0,CV,8,0.29021199096027506,0.6852311412099426,3.014379694328123,-0.26892143967443144,0.10000000000000003,1.4,4.192943773068003e-05,0.1927703209289029,-0.20859021442955217,3.014379694328123,0.4072144288577154,0.1458917835671344,0.34496375556681863,2.9821955825501263,0.9999999999999984
uric_acid,5.0,6.0,CV,9,0.2931941094570044,0.6814257252045364,2.9666313864296483,-0.2620703832704388,0.10000000000000003,1.4,-0.0001322448087997622,0.21468328758574773,-0.196922890621234,2.9666313864296483,0.41002004008016024,0.1571142284569137,0.3580722506633486,2.9306260973987865,0.9999999999999986
uric_acid,5.0,6.5,CV,0,0.29118905910381704,0.690131396331831,3.05434899885778,-0.3348567149998716,0.10000000000000003,1.4,-2.0498696782145277e-05,0.19809690842421063,-0.22145671746978046,3.05434899885778,0.38476953907815636,0.15150300601202404,0.35519706432670883,3.025715086876834,0.928571428571426
uric_acid,5.0,6.5,CV,1,0.29064661365284244,0.687417215044508,2.9772961959283504,-0.3507219480636911,0.10000000000000003,1.4,4.667515457848417e-05,0.2184768847332802,-0.21288922192045323,2.9772961959283504,0.3791583166332665,0.1543086172344691,0.3584648007013166,2.949761609814406,0.8965517241379295
uric_acid,5.0,6.5,CV,2,0.29342153264512477,0.6909217086206241,3.0462970461442054,-0.2976959826544247,0.10000000000000003,1.4,-3.342862138334771e-05,0.24463250711559292,-0.23184640140510732,3.0462970461442054,0.37635270541082166,0.15150300601202404,0.354270854802786,3.015208233300774,0.862068965517243
uric_acid,5.0,6.5,CV,3,0.2987273675885841,0.6889207897911201,3.024234481803598,-0.32724240092898405,0.10000000000000003,1.4,-0.0007611153206181041,0.22011040719713532,-0.4005268326169069,3.024234481803598,0.3707414829659319,0.14869739478957922,0.3488579076060455,2.985597291871505,0.7666666666666679
uric_acid,5.0,6.5,CV,4,0.2945209117604755,0.6861058213668716,3.0598537952361204,-0.2905472001104535,0.10000000000000003,1.4,-0.00021877699358796983,0.20214467875628334,-0.25571826048822677,3.0598537952361204,0.37635270541082166,0.1458917835671344,0.34495801086084393,3.023845587178847,0.9259259259259262
uric_acid,5.0,6.5,CV,5,0.2955366880400372,0.6882070475045423,2.909599629594691,-0.2784462905223863,0.10000000000000003,1.4,-5.653384350558957e-05,0.2759314533620341,-0.18431019862484876,2.909599629594691,0.3819639278557114,0.15430861723446887,0.35521429471724136,2.8727129714435145,0.9642857142857136
uric_acid,5.0,6.5,CV,6,0.2942849878274949,0.6870056800735406,2.9849735658951504,-0.29621534895227486,0.10000000000000003,1.4,0.0001896143795781771,0.3188444771572527,-0.2584296598718974,2.9849735658951504,0.38476953907815636,0.14028056112224452,0.3345124754765005,2.9472480951759112,0.9230769230769234
uric_acid,5.0,6.5,CV,7,0.28907578663968286,0.6920419979356813,3.0332531848910405,-0.28024511595731233,0.10000000000000003,1.4,-0.00011238579685999788,0.21271318052986288,-0.20093818705174393,3.0332531848910405,0.3735470941883767,0.15150300601202404,0.35602367729503126,3.012966088314009,0.8000000000000005
uric_acid,5.0,6.5,CV,8,0.29285266763287565,0.6908774388243483,3.065610397832004,-0.27141212360220374,0.10000000000000003,1.4,4.2287679885412655e-05,0.21550816329638378,-0.21910344255582975,3.065610397832004,0.3735470941883767,0.14308617234468934,0.3412673954019768,3.0331489406158534,0.7586206896551712
uric_acid,5.0,6.5,CV,9,0.2958620922663325,0.6879519260759059,2.988960254774258,-0.27808226161289046,0.10000000000000003,1.4,-0.000133481414668469,0.2173604520578042,-0.19848123448973223,2.988960254774258,0.3735470941883767,0.15150300601202404,0.3520773642081593,2.9506449142895934,0.8620689655172404
uric_acid,5.0,7.0,CV,0,0.29381463884307324,0.696360640156709,3.034913699861061,-0.33795921533871115,0.10000000000000003,1.4,-2.0711211219651472e-05,0.22456264234284495,-0.22347604047734254,3.034913699861061,0.34829659318637274,0.15150300601202393,0.35740103313676785,3.0055166520865657,0.8620689655172417
uric_acid,5.0,7.0,CV,1,0.293267246774938,0.6922030919407681,3.0639908064455206,-0.23727822008144037,0.10000000000000003,1.4,4.707520556168196e-05,0.22046910819143067,-0.19191475323553042,3.0639908064455206,0.3454909819639279,0.1486973947895791,0.35248242885907743,3.036309302532814,0.7666666666666689
uric_acid,5.0,7.0,CV,2,0.2960674705455752,0.6973773744493553,3.0948576800128866,-0.26012116488571235,0.10000000000000003,1.4,-3.3759045164185705e-05,0.2568619156586509,-0.23396056824916506,3.0948576800128866,0.3539078156312625,0.14308617234468934,0.34488655059681866,3.0629047667794973,0.9615384615384609
uric_acid,5.0,7.0,CV,3,0.30142168995633073,0.6948893925503752,3.0577510261805436,-0.33056617428189244,0.10000000000000003,1.4,-0.0007680815959993469,0.21702640112924232,-0.40417948149908933,3.0577510261805436,0.3539078156312625,0.14028056112224463,0.3381139664132577,3.0154806037060853,0.9230769230769248
uric_acid,5.0,7.0,CV,4,0.29717687501478995,0.6933488660467149,3.028250854957356,-0.296965105908955,0.10000000000000003,1.4,-0.0002207976286831263,0.20486104144606188,-0.25805008201947593,3.028250854957356,0.34829659318637274,0.14869739478957922,0.35284364185474504,2.9916230647108617,0.7666666666666656
uric_acid,5.0,7.0,CV,5,0.298201914265157,0.6930901617979558,3.086778462375546,-0.2851694598496656,0.10000000000000003,1.4,-5.7074966238818e-05,0.28582610762075455,-0.18611645174647473,3.086778462375546,0.3454909819639279,0.14308617234468934,0.34170832912160387,3.0494387045643663,0.7000000000000024
uric_acid,5.0,7.0,CV,6,0.29693879966663317,0.6928815569959266,2.981168128842872,-0.28515626549369893,0.10000000000000003,1.4,0.00019131790839870737,0.32175215370415583,-0.24279323792811708,2.981168128842872,0.342685370741483,0.1571142284569138,0.3641098839777704,2.944828553080959,0.6969696969696967
uric_acid,5.0,7.0,CV,7,0.29168209522491356,0.698525805514724,3.076863948741736,-0.2835824086856637,0.10000000000000003,1.4,-0.00011343623943436414,0.20171642913470283,-0.19087499245642425,3.076863948741736,0.35951903807615226,0.14028056112224452,0.3420547243307442,3.056229841568219,0.9230769230769234
uric_acid,5.0,7.0,CV,8,0.2954934179934055,0.6959010228489185,3.0284767124895855,-0.27391531499931937,0.10000000000000003,1.4,4.264772102509517e-05,0.21906190146670856,-0.23979574226173833,3.0284767124895855,0.33987975951903804,0.14589178356713417,0.34843017878370774,2.9963005707418757,0.6249999999999997
uric_acid,5.0,7.0,CV,9,0.2985302858868411,0.6948410052209805,2.9868311078189143,-0.307050097455709,0.10000000000000003,1.4,-0.00013472423040197565,0.2186167721193506,-0.20022161807147898,2.9868311078189143,0.3370741482965932,0.15430861723446898,0.36172384972938776,2.9484615483656276,0.617647058823529
uric_acid,5.0,7.5,CV,0,0.2964404442187482,0.7022293211950718,3.00273305021011,-0.3410558759684701,0.10000000000000003,1.4,-2.0923547874352188e-05,0.246841391249085,-0.22549259663750798,3.00273305021011,0.33146292585170345,0.1571142284569137,0.36860567812120876,2.971582790340827,0.9999999999999986
uric_acid,5.0,7.5,CV,1,0.2958881096716347,0.6974685261736592,3.0586027070961843,-0.2545149489715646,0.10000000000000003,1.4,4.747492187497679e-05,0.22245966501893163,-0.19583757861844941,3.0586027070961843,0.3258517034068136,0.15150300601202404,0.3599165493349135,3.0307092199844257,0.8620689655172404
uric_acid,5.0,7.5,CV,2,0.2987136170514557,0.7036569788533169,3.020541985384688,-0.28051447374042815,0.10000000000000003,1.4,-3.408919252301998e-05,0.24055661034099107,-0.23607296644862313,3.020541985384688,0.31462925851703405,0.1571142284569138,0.36969551760894603,2.9887882235367744,0.6969696969696967
uric_acid,5.0,7.5,CV,3,0.30411618045260436,0.7007720089219525,3.2148529480393,-0.2933332427252709,0.10000000000000003,1.4,-0.0007750420436166321,0.20582836159891188,-0.40782907469163315,3.2148529480393,0.32304609218436875,0.14589178356713428,0.3507905290884634,3.1719947170930736,0.7931034482758614
uric_acid,5.0,7.5,CV,4,0.2998330384876431,0.700330301470042,3.080412979372682,-0.31654157850493825,0.10000000000000003,1.4,-0.00022281657337936474,0.205829834920985,-0.2603799528231513,3.080412979372682,0.3286573146292585,0.14589178356713417,0.35145257460044393,3.044648738873346,0.9999999999999984
uric_acid,5.0,7.5,CV,5,0.3008673329597092,0.6980068496907694,3.011982856466708,-0.28897531262416454,0.10000000000000003,1.4,-5.761563628601535e-05,0.26618124280148425,-0.17729446994666642,3.011982856466708,0.3090180360721443,0.1571142284569137,0.3659628597834724,2.9752090583517634,0.5555555555555555
uric_acid,5.0,7.5,CV,6,0.2995928135241155,0.6988498390186446,3.0483693178888744,-0.2920015194636839,0.10000000000000003,1.4,0.00019302001210132037,0.32465739778153246,-0.2294658958566344,3.0483693178888744,0.3342685370741483,0.14589178356713417,0.34810210192346186,3.010620633765868,0.8571428571428561
uric_acid,5.0,7.5,CV,7,0.2942886455681964,0.7049998139835979,3.135120006425635,-0.2826488723447979,0.10000000000000003,1.4,-0.00011448580324195285,0.20399406600973302,-0.18339562721845776,3.135120006425635,0.32304609218436875,0.15430861723446887,0.36657597231731714,3.114226045856382,0.8333333333333331
uric_acid,5.0,7.5,CV,8,0.298134381299096,0.7006578991542908,3.071148426590621,-0.2764164122979398,0.10000000000000003,1.4,4.300746096583577e-05,0.19172340491469875,-0.2427365052624384,3.071148426590621,0.32304609218436875,0.14308617234468923,0.3455691728477305,3.038801339957639,0.8214285714285724
uric_acid,5.0,7.5,CV,9,0.30119866949435387,0.7017710030655936,3.1017703294824397,-0.30448798353633344,0.10000000000000003,1.4,-0.00013596600643545035,0.22059054571153103,-0.20201234448596678,3.1017703294824397,0.3258517034068136,0.14869739478957922,0.3550372088960549,3.062438418375239,0.8928571428571412
uric_acid,5.0,8.0,CV,0,0.29906648209918213,0.7077539780743775,3.045817122931289,-0.34414922872738507,0.10000000000000003,1.4,-2.1135693169531956e-05,0.2480541429342481,-0.24046380198183004,3.045817122931289,0.3090180360721443,0.15150300601202404,0.3626262615744015,3.013798692754368,0.9285714285714288
uric_acid,5.0,8.0,CV,1,0.2985092095272925,0.7032114986827672,3.098439187752832,-0.26861019516060286,0.10000000000000003,1.4,4.787427796067578e-05,0.22444842794041708,-0.20545965224958318,3.098439187752832,0.2949899799599198,0.15150300601202404,0.36269399627211396,3.068131749738837,0.7419354838709673
uric_acid,5.0,8.0,CV,2,0.301359977730503,0.7096260300030541,3.172420868772076,-0.28983187159006846,0.10000000000000003,1.4,-3.4419042350367384e-05,0.2037915657701901,-0.23818346093762954,3.172420868772076,0.2949899799599198,0.1486973947895791,0.3601757241094296,3.13984308979364,0.7096774193548377
uric_acid,5.0,8.0,CV,3,0.30681084155404686,0.7066118399315748,3.0912555820398047,-0.2962368434295559,0.10000000000000003,1.4,-0.000781996218421869,0.22403946732619956,-0.4114753788410852,3.0912555820398047,0.32304609218436875,0.14869739478957922,0.35548282614448595,3.047572064574545,0.709677419354839
uric_acid,5.0,8.0,CV,4,0.30248940710629085,0.7072679515582153,3.125009813889425,-0.3462367413600431,0.10000000000000003,1.4,-0.00022483369858620862,0.207669982113865,-0.26270772392829383,3.125009813889425,0.3006012024048096,0.14589178356713428,0.3549734197067206,3.0902668173828998,0.7931034482758614
uric_acid,5.0,8.0,CV,5,0.30353294845917494,0.7032547856736853,3.1625871267570993,-0.2918863053022467,0.10000000000000003,1.4,-5.815581907696407e-05,0.22685380594956778,-0.1904311213748361,3.1625871267570993,0.29779559118236476,0.14028056112224452,0.3443955117643995,3.1242729701778256,0.7857142857142864
uric_acid,5.0,8.0,CV,6,0.30224703446464324,0.7050318059697829,3.1757791144958323,-0.29586935961735406,0.10000000000000003,1.4,0.0001947205818542228,0.3275600236292987,-0.22692669095763796,3.1757791144958323,0.292184368737475,0.15150300601202404,0.36080981935647666,3.136670068288034,0.6875000000000008
uric_acid,5.0,8.0,CV,7,0.29689544576903004,0.711496840541023,3.117213779127303,-0.27562214706480875,0.10000000000000003,1.4,-0.00011553442117409474,0.2074497930809558,-0.18873545641966816,3.117213779127303,0.3034068136272545,0.1486973947895791,0.3615333770662963,3.0933811304722867,0.9629629629629638
uric_acid,5.0,8.0,CV,8,0.3007755634490954,0.705562756332254,3.270249267130523,-0.27891525542962153,0.10000000000000003,1.4,4.336687670601286e-05,0.17884970593984695,-0.24959624301228223,3.270249267130523,0.3034068136272545,0.14589178356713417,0.3518681429932236,3.236782985080935,0.925925925925926
uric_acid,5.0,8.0,CV,9,0.3038672472347763,0.7085251443143104,3.2132705456491157,-0.2718474671153383,0.10000000000000003,1.4,-0.00013720666337025645,0.22256274189453418,-0.203814836367943,3.2132705456491157,0.3006012024048096,0.14589178356713417,0.35501575296552046,3.1739596914947623,0.8571428571428561
uric_acid,10.0,6.0,CV,0,0.4472122955278124,1.0634302807691833,4.672176273308778,-0.5186027302029139,0.10000000000000003,1.4,-3.310301050359676e-05,0.3071379981999518,-0.34123216067790313,4.672176273308778,0.4128256513026053,0.15150300601202416,0.5457504242116495,4.626138329214771,0.7999999999999995
uric_acid,10.0,6.0,CV,1,0.4463764642942815,1.0622894898302733,4.586905685657596,-0.6030458004969699,0.10000000000000003,1.4,7.040233356905734e-05,0.3366364308066442,-0.3235764480454767,4.586905685657596,0.3987975951903807,0.14869739478957922,0.5402934960109614,4.541838241062622,0.7666666666666656
uric_acid,10.0,6.0,CV,2,0.45065221950635,1.0643510271613679,4.6426540662780695,-0.4699642442166263,0.10000000000000003,1.4,-5.302618399406822e-05,0.3404573134955804,-0.3572384569976722,4.6426540662780695,0.39318637274549095,0.15430861723446887,0.5527581594060387,4.5936769587291515,0.6666666666666659
uric_acid,10.0,6.0,CV,3,0.4588277559731682,1.0628155979528409,4.761056602949535,-0.4638943088070489,0.10000000000000003,1.4,-0.0011742878156522825,0.3399371777520548,-0.6171668546577798,4.761056602949535,0.39318637274549095,0.1571142284569138,0.5580516846792352,4.704258943171137,0.6969696969696967
uric_acid,10.0,6.0,CV,4,0.4523462062481516,1.0556479727540002,4.5714762163773655,-0.5266993586095616,0.10000000000000003,1.4,-0.00033862164487290046,0.3114744304287798,-0.3940195000049501,4.5714762163773655,0.4044088176352706,0.1543086172344691,0.5482734285272912,4.516855179001373,0.9642857142857137
uric_acid,10.0,6.0,CV,5,0.4539113729192187,1.062918317071952,4.505421393985749,-0.41081047090399897,0.10000000000000003,1.4,-8.862804271136066e-05,0.38976554910324035,-0.3277519924127119,4.505421393985749,0.4072144288577154,0.1571142284569138,0.5543036582534346,4.452515998795994,1.0
uric_acid,10.0,6.0,CV,6,0.4519826810465513,1.0594719237110204,4.655608488566854,-0.4263226843677383,0.10000000000000003,1.4,0.0002906513347115246,0.4912999010228074,-0.41974847444902874,4.655608488566854,0.4044088176352706,0.1402805611222444,0.515907396997849,4.596609204528244,0.9230769230769247
uric_acid,10.0,6.0,CV,7,0.4439560434432747,1.0661073461523265,4.65504249783899,-0.4335574282022301,0.10000000000000003,1.4,-0.00017468795340550946,0.3169023007592189,-0.30559708826651577,4.65504249783899,0.4128256513026053,0.15430861723446887,0.5546482557480475,4.626114875178737,0.8965517241379294
uric_acid,10.0,6.0,CV,8,0.449775679489199,1.066002457616123,4.687240061187803,-0.41987737635956884,0.10000000000000003,1.4,6.364185953759855e-05,0.29978369385521186,-0.32439718402439444,4.687240061187803,0.4072144288577154,0.1458917835671344,0.5366245830429994,4.639000638210035,0.9999999999999984
uric_acid,10.0,6.0,CV,9,0.4544127745170602,1.0600870371856823,4.612980877702702,-0.40975259595901725,0.10000000000000003,1.4,-0.0002071932979028591,0.33383112776111057,-0.3062198755039186,4.612980877702702,0.41002004008016024,0.1571142284569137,0.557014836734917,4.558782373321256,0.9999999999999986
uric_acid,10.0,6.5,CV,0,0.45129649465304694,1.0736343750476924,4.749430993374382,-0.5234357266960151,0.10000000000000003,1.4,-3.343215565154789e-05,0.30805709263008063,-0.34435991690903955,4.749430993374382,0.38476953907815636,0.15150300601202404,0.552547258350887,4.706698287691368,0.928571428571426
uric_acid,10.0,6.5,CV,1,0.45045300203398253,1.0694080115466877,4.629634704695037,-0.5467014803360796,0.10000000000000003,1.4,7.102193777852811e-05,0.3397220126267738,-0.33108257202984115,4.629634704695037,0.3791583166332665,0.1543086172344691,0.5576559822991746,4.588774415147996,0.8965517241379295
uric_acid,10.0,6.5,CV,2,0.4547679496186409,1.074861019665107,4.736935426933113,-0.46429087231678573,0.10000000000000003,1.4,-5.3537948679360294e-05,0.38043968573304143,-0.3605129063331908,4.736935426933113,0.37635270541082166,0.15150300601202404,0.5511727990836147,4.690819574570247,0.862068965517243
uric_acid,10.0,6.5,CV,3,0.4630184245829732,1.0717488974837193,4.702630636354759,-0.5103080188588315,0.10000000000000003,1.4,-0.0011850772743259238,0.3422618063724383,-0.6228241251512425,4.702630636354759,0.3707414829659319,0.14869739478957922,0.5427983846193242,4.645088337504154,0.7666666666666679
uric_acid,10.0,6.5,CV,4,0.4564774637599905,1.0673741914785748,4.758015920422353,-0.4531178572997436,0.10000000000000003,1.4,-0.00034175123100904783,0.31432943373042216,-0.39763105577454694,4.758015920422353,0.37635270541082166,0.1458917835671344,0.5366059675247202,4.703715098113606,0.9259259259259262
uric_acid,10.0,6.5,CV,5,0.4580569770417253,1.0706351543896078,4.524359434278715,-0.4340750623302973,0.10000000000000003,1.4,-8.94661406974458e-05,0.42911011707138447,-0.2865795108183504,4.524359434278715,0.3819639278557114,0.15430861723446887,0.5525481536656285,4.468607491322176,0.9642857142857136
uric_acid,10.0,6.5,CV,6,0.45611060641834944,1.0687726370281077,4.641553481371586,-0.462036380008609,0.10000000000000003,1.4,0.00029328978249065795,0.4958033485930267,-0.4018901584116237,4.641553481371586,0.38476953907815636,0.14028056112224452,0.520374599927249,4.584701972720676,0.9230769230769234
uric_acid,10.0,6.5,CV,7,0.4480103951524122,1.0766024914309142,4.71665530919731,-0.437440028166847,0.10000000000000003,1.4,-0.00017631489264131395,0.3308104039480231,-0.3125000441976289,4.71665530919731,0.3735470941883767,0.15150300601202404,0.5538668697983007,4.687127772641043,0.8000000000000005
uric_acid,10.0,6.5,CV,8,0.453883375071626,1.0747909001090192,4.766970175402125,-0.4237543520255212,0.10000000000000003,1.4,6.419949597670351e-05,0.3351549628079141,-0.34073510637112625,4.766970175402125,0.3735470941883767,0.14308617234468934,0.5309533811179247,4.718810091136789,0.7586206896551712
uric_acid,10.0,6.5,CV,9,0.45856297458046263,1.070243558694137,4.647780624078068,-0.43391023252672445,0.10000000000000003,1.4,-0.00020911818721052668,0.3380362367935086,-0.3086458296884263,4.647780624078068,0.3735470941883767,0.15150300601202404,0.5476433411322474,4.589641848207099,0.8620689655172404
uric_acid,10.0,7.0,CV,0,0.45538069473736187,1.083326442598621,4.7192773130735866,-0.5282646853177873,0.10000000000000003,1.4,-3.3762928919690795e-05,0.3492273798468776,-0.34750294148088956,4.7192773130735866,0.34829659318637274,0.15150300601202393,0.5559865742371846,4.675397828473894,0.8620689655172417
uric_acid,10.0,7.0,CV,1,0.45452950283563376,1.0768558171671658,4.7644903180928315,-0.3695927349226795,0.10000000000000003,1.4,7.164460686721896e-05,0.3428228573122266,-0.29845683248940946,4.7644903180928315,0.3454909819639279,0.1486973947895791,0.5483717990573465,4.723524482638901,0.7666666666666689
uric_acid,10.0,7.0,CV,2,0.4588838366583957,1.0849051534229244,4.81248338646944,-0.40600524178639197,0.10000000000000003,1.4,-5.405224481444687e-05,0.3994646546107494,-0.3638035527693305,4.81248338646944,0.3539078156312625,0.14308617234468934,0.5365533775065581,4.764878005481697,0.9615384615384609
uric_acid,10.0,7.0,CV,3,0.4672096208043663,1.0810356940037251,4.754782727141445,-0.5154804504357438,0.10000000000000003,1.4,-0.0011959201031787588,0.337466285715413,-0.628509379397097,4.754782727141445,0.3539078156312625,0.14028056112224463,0.525980256635143,4.690860948621598,0.9230769230769248
uric_acid,10.0,7.0,CV,4,0.4606089550057505,1.0786425239549062,4.708916622894381,-0.4634552776429761,0.10000000000000003,1.4,-0.0003448962976783633,0.31860266634878753,-0.4012604761455485,4.708916622894381,0.34829659318637274,0.14869739478957922,0.5488508701194247,4.653486654039503,0.7666666666666656
uric_acid,10.0,7.0,CV,5,0.4622028858638246,1.0782341570318417,4.7999250079908435,-0.4445357230690805,0.10000000000000003,1.4,-9.030838434468768e-05,0.4445034904201708,-0.2894536969887094,4.7999250079908435,0.3454909819639279,0.14308617234468934,0.5315516827999182,4.743529770767604,0.7000000000000024
uric_acid,10.0,7.0,CV,6,0.4602387490416003,1.0779152358647983,4.6356960877954885,-0.4444799463795412,0.10000000000000003,1.4,0.00029594128138153236,0.500329072517516,-0.3775685574566225,4.6356960877954885,0.342685370741483,0.1571142284569138,0.5663232116105756,4.580379667950032,0.6969696969696967
uric_acid,10.0,7.0,CV,7,0.4520646001800492,1.0866903886313763,4.784485956728076,-0.4424679624726036,0.10000000000000003,1.4,-0.00017794987955042511,0.3136697485983181,-0.29684729461644277,4.784485956728076,0.35951903807615226,0.14028056112224452,0.5321140197667674,4.754253266717927,0.9230769230769234
uric_acid,10.0,7.0,CV,8,0.45799118783862425,1.0826083492919705,4.709251725283425,-0.4276505051948168,0.10000000000000003,1.4,6.4759890770753e-05,0.3406841523251152,-0.37292456182945977,4.709251725283425,0.33987975951903804,0.14589178356713417,0.5420486818106228,4.66117251873764,0.6249999999999997
uric_acid,10.0,7.0,CV,9,0.46271350207733136,1.080961550492946,4.6444805351276255,-0.4789732193930368,0.10000000000000003,1.4,-0.0002110525980048953,0.3399537317432862,-0.3113547554145667,4.6444805351276255,0.3370741482965932,0.15430861723446898,0.5626295797445097,4.586120036496856,0.617647058823529
uric_acid,10.0,7.5,CV,0,0.4594652550855618,1.0924552200530033,4.669257895507648,-0.5330838069985594,0.10000000000000003,1.4,-3.409337399740853e-05,0.3838842175242436,-0.3506411713525195,4.669257895507648,0.33146292585170345,0.1571142284569137,0.5733301909128358,4.622081192971188,0.9999999999999986
uric_acid,10.0,7.5,CV,1,0.4586063715403328,1.0850465688730633,4.756145619074088,-0.39678334176814467,0.10000000000000003,1.4,7.22666581489356e-05,0.34592062536594614,-0.30455989658059224,4.756145619074088,0.3258517034068136,0.15150300601202404,0.559940390599647,4.714852898949938,0.8620689655172404
uric_acid,10.0,7.5,CV,2,0.46300005252250787,1.0946728773714238,4.696942991071867,-0.4377944898642423,0.10000000000000003,1.4,-5.456603066928248e-05,0.37410190879156446,-0.3670909342540537,4.696942991071867,0.31462925851703405,0.1571142284569138,0.5751083564658428,4.6493579485148055,0.6969696969696967
uric_acid,10.0,7.5,CV,3,0.47140107112898705,1.0901861205774719,4.999116546978688,-0.45723832347740184,0.10000000000000003,1.4,-0.0012067521738689916,0.3200484533284043,-0.634188992782025,4.999116546978688,0.32304609218436875,0.14589178356713428,0.5456964050072665,4.9342397069941,0.7931034482758614
uric_acid,10.0,7.5,CV,4,0.4647407595935073,1.0895014473504954,4.790056995336246,-0.49390932275493493,0.10000000000000003,1.4,-0.00034803824383926985,0.3200648382242761,-0.4048862954365156,4.790056995336246,0.3286573146292585,0.14589178356713417,0.5466740191141566,4.735854545191698,0.9999999999999984
uric_acid,10.0,7.5,CV,5,0.46634909372292416,1.0858826628873437,4.683603528964045,-0.4504577018059634,0.10000000000000003,1.4,-9.114979232494241e-05,0.4139460540787523,-0.2756906898449555,4.683603528964045,0.3090180360721443,0.1571142284569137,0.5693842377743628,4.628723759441392,0.5555555555555555
uric_acid,10.0,7.5,CV,6,0.4643672083293227,1.0871988349707786,4.740213630956796,-0.4551299079623277,0.10000000000000003,1.4,0.00029859014947774897,0.5048503060572054,-0.3568384030852519,4.740213630956796,0.3342685370741483,0.14589178356713417,0.5415633420252588,4.683606193057346,0.8571428571428561
uric_acid,10.0,7.5,CV,7,0.45611919523241135,1.096760396388278,4.875131342861821,-0.44118332471790145,0.10000000000000003,1.4,-0.00017958324423942426,0.3172139703913064,-0.2852239897571317,4.875131342861821,0.32304609218436875,0.15430861723446887,0.5702019501711356,4.844091083830764,0.8333333333333331
uric_acid,10.0,7.5,CV,8,0.4620993374412044,1.090008410074527,4.775655151177412,-0.43154279262106904,0.10000000000000003,1.4,6.531972954585158e-05,0.298158449727949,-0.37750013657371295,4.775655151177412,0.32304609218436875,0.14308617234468923,0.5375815411245055,4.727172498206864,0.8214285714285724
uric_acid,10.0,7.5,CV,9,0.46686432402859046,1.0917405163432303,4.823271531707951,-0.4749891128916857,0.10000000000000003,1.4,-0.00021298508949332086,0.34302538135207716,-0.31414155256078735,4.823271531707951,0.3258517034068136,0.14869739478957922,0.5522551409050203,4.7635570969430905,0.8928571428571412
uric_acid,10.0,8.0,CV,0,0.46355018582359037,1.1010465466713364,4.736274619254262,-0.5378970754688845,0.10000000000000003,1.4,-3.4423472873233164e-05,0.38577138621978935,-0.37396989462007324,4.736274619254262,0.3090180360721443,0.15150300601202404,0.564116648953735,4.6882954288888135,0.9285714285714288
uric_acid,10.0,8.0,CV,1,0.4626836186932694,1.0939772796966538,4.818115283557831,-0.41871037541122186,0.10000000000000003,1.4,7.288805771771492e-05,0.34901514793883237,-0.31953792162714645,4.818115283557831,0.2949899799599198,0.15150300601202404,0.5642552704508987,4.773016463081863,0.7419354838709673
uric_acid,10.0,8.0,CV,2,0.4671166056114832,1.1039552042907335,4.9331578969055006,-0.4522890528553344,0.10000000000000003,1.4,-5.507927823909581e-05,0.31694479490983274,-0.3703748716030586,4.9331578969055006,0.2949899799599198,0.1486973947895791,0.5603711104899303,4.884766406286173,0.7096774193548377
uric_acid,10.0,8.0,CV,3,0.47559277985655957,1.099267484053587,4.806855013734832,-0.46175622037268094,0.10000000000000003,1.4,-0.0012175728959762434,0.3484252024680392,-0.6398626557290695,4.806855013734832,0.32304609218436875,0.14869739478957922,0.5530164888425173,4.740812852281848,0.709677419354839
uric_acid,10.0,8.0,CV,4,0.468872885074077,1.1002897829234786,4.859436698031223,-0.5401029598505531,0.10000000000000003,1.4,-0.0003511768982346637,0.32292811416545364,-0.40850831601602017,4.859436698031223,0.3006012024048096,0.14589178356713428,0.5522794200416389,4.807694207285297,0.7931034482758614
uric_acid,10.0,8.0,CV,5,0.4704956073847652,1.0940436561597662,4.917869910434016,-0.45498708007605254,0.10000000000000003,1.4,-9.199031877584146e-05,0.35278482574966186,-0.2961634940716731,4.917869910434016,0.29779559118236476,0.14028056112224452,0.5357644591927946,4.860161696920292,0.7857142857142864
uric_acid,10.0,8.0,CV,6,0.46849599201467407,1.0968121514320512,4.938372836927158,-0.46114773247583507,0.10000000000000003,1.4,0.00030123624239826213,0.5093668027745952,-0.35290372727520314,4.938372836927158,0.292184368737475,0.15150300601202404,0.5612194767870646,4.878888583197924,0.6875000000000008
uric_acid,10.0,8.0,CV,7,0.4601741920687517,1.1068636808507155,4.847310910221835,-0.43025401918808287,0.10000000000000003,1.4,-0.00018121489767900263,0.32259036091086635,-0.2935308607177345,4.847310910221835,0.3034068136272545,0.1486973947895791,0.5623921871688854,4.811911085444559,0.9629629629629638
uric_acid,10.0,8.0,CV,8,0.4662078327195379,1.0976359978458017,5.085283368163779,-0.43543100191625406,0.10000000000000003,1.4,6.587898178703854e-05,0.27810500033023094,-0.38816452243100963,5.085283368163779,0.3034068136272545,0.14589178356713417,0.5473204194153165,5.034631252759491,0.925925925925926
uric_acid,10.0,8.0,CV,9,0.47101544694848235,1.102243539418842,4.996683447466009,-0.42496891621983335,0.10000000000000003,1.4,-0.00021491555634207694,0.34609412603430756,-0.3169462383523487,4.996683447466009,0.3006012024048096,0.14589178356713417,0.5522310875589448,4.93705320816929,0.8571428571428561
ascorbic_acid,0.1,6.0,CV,0,0.01509266304108324,0.02416753568050895,0.10384168340826379,-0.008079612161373703,0.10000000000000003,1.4,1.9129192949319944e-06,0.00821231866416177,-0.00868711175861606,0.10384168340826379,0.0929859719438878,0.17955911823647297,0.013519136087444417,0.0989199790490482,0.8285714285714291
ascorbic_acid,0.1,6.0,CV,1,0.015071884193021948,0.02401308356086823,0.10118479422855904,-0.008442625532948667,0.10000000000000003,1.4,4.486072500671859e-06,0.008378873824267868,-0.008025370481402422,0.10118479422855904,0.0845691382765531,0.1907815631262525,0.013949624841428627,0.09615416076846342,0.7
ascorbic_acid,0.1,6.0,CV,2,0.015178179895233903,0.024129649840992615,0.09794742475190045,-0.007482986223441745,0.10000000000000003,1.4,1.4176272093414099e-06,0.0074519764748546755,-0.008887922677126726,0.09794742475190045,0.0845691382765531,0.18797595190380767,0.01387492661052755,0.0928767419387717,0.7179487179487174
ascorbic_acid,0.1,6.0,CV,3,0.01538142454947581,0.02414827067660501,0.10298500256770503,-0.009134116364852294,0.10000000000000003,1.4,-2.6457049096736074e-05,0.009676392014218674,-0.015321171427543656,0.10298500256770503,0.0929859719438878,0.1739478957915832,0.013271869802257408,0.09765268787108083,0.7714285714285721
ascorbic_acid,0.1,6.0,CV,4,0.015220292575059286,0.024456197453467353,0.10030248014687536,-0.0073876664663414734,0.10000000000000003,1.4,-5.682304511954756e-06,0.007877027843723673,-0.009806079029452663,0.10030248014687536,0.10701402805611226,0.19358717434869743,0.014425206891628108,0.09540328556494726,0.8157894736842106
ascorbic_acid,0.1,6.0,CV,5,0.015259202775042257,0.024314561730696863,0.09824856381252896,-0.008979326061379009,0.10000000000000003,1.4,5.325614409073392e-07,0.007485314485484423,-0.008476699924453972,0.09824856381252896,0.0761523046092184,0.18797595190380756,0.013982754374588596,0.09314828833476373,0.55813953488372
ascorbic_acid,0.1,6.0,CV,6,0.015211255302189508,0.024303197107415218,0.10095742407757498,-0.00919662355899954,0.10000000000000003,1.4,9.961484697291648e-06,0.012203049825374311,-0.007863151366943853,0.10095742407757498,0.09018036072144286,0.18797595190380756,0.013915714270956262,0.09593469198967074,0.7631578947368413
ascorbic_acid,0.1,6.0,CV,7,0.015011712288587373,0.024193536585495046,0.09917184135766713,-0.007407864887428985,0.10000000000000003,1.4,-1.6068965462366635e-06,0.00723544279854333,-0.007310863671289199,0.09917184135766713,0.08737474949899804,0.19358717434869743,0.014177950299727642,0.09459518740547461,0.7250000000000003
ascorbic_acid,0.1,6.0,CV,8,0.015156389022740325,0.024250784127446093,0.10191798607115257,-0.007061084585686063,0.10000000000000003,1.4,4.3180064401005806e-06,0.007480506910778164,-0.00799843590926851,0.10191798607115257,0.0845691382765531,0.17114228456913827,0.013093698240959245,0.09680716026754715,0.648648648648649
ascorbic_acid,0.1,6.0,CV,9,0.015271667668912312,0.024201585594368275,0.09852089625124946,-0.007424410952542273,0.10000000000000003,1.4,-2.414982661464962e-06,0.008288644454876657,-0.007588782940401132,0.09852089625124946,0.09859719438877756,0.18797595190380767,0.013940823947766887,0.09337951010619658,0.9705882352941172
ascorbic_acid,0.1,6.5,CV,0,0.015215642036433247,0.024451243292752254,0.10215413047121898,-0.008210839212054111,0.10000000000000003,1.4,1.9039193701188077e-06,0.008118487917939864,-0.00867971214532836,0.10215413047121898,0.0929859719438878,0.18517034068136273,0.013979941053376422,0.09727210952941485,0.6923076923076914
ascorbic_acid,0.1,6.5,CV,1,0.015194653700569447,0.02426924677333079,0.10131018208194639,-0.008546607144597748,0.10000000000000003,1.4,4.503014543815465e-06,0.008464112148845283,-0.008147283983131005,0.10131018208194639,0.0845691382765531,0.17675350701402803,0.013350063359495552,0.09621703887634923,0.8
ascorbic_acid,0.1,6.5,CV,2,0.015302021052807748,0.02441928805232057,0.10205552943326446,-0.007565148805551222,0.10000000000000003,1.4,1.4036338580252702e-06,0.007577768662996299,-0.00897745623270947,0.10205552943326446,0.04809619238476959,0.19358717434869743,0.01431185438170827,0.09703255856627249,0.5000000000000009
ascorbic_acid,0.1,6.5,CV,3,0.015507314775210846,0.02439180179903082,0.10178009208342294,-0.009246255658152059,0.10000000000000003,1.4,-2.675206883930092e-05,0.009679762918627462,-0.015475860048638783,0.10178009208342294,0.07895791583166334,0.19639278557114237,0.014498977440806993,0.09644201783058605,0.9444444444444446
ascorbic_acid,0.1,6.5,CV,4,0.01534455830346248,0.024717587642990434,0.10019727383031887,-0.007483675757740648,0.10000000000000003,1.4,-5.767877822364931e-06,0.008078948061541299,-0.00990483099520155,0.10019727383031887,0.06212424849699405,0.1907815631262525,0.014452533534222113,0.09534153078867985,0.6585365853658545
ascorbic_acid,0.1,6.5,CV,5,0.015383860787573311,0.024604546547312475,0.10059589940039801,-0.00908983338179507,0.10000000000000003,1.4,5.096450500484129e-07,0.007424754254940919,-0.0085744296176559,0.10059589940039801,0.0761523046092184,0.18797595190380756,0.01420374493314184,0.0955815142978286,0.9142857142857139
ascorbic_acid,0.1,6.5,CV,6,0.015335429918783785,0.02459559573849008,0.10124349679915987,-0.009308743853524318,0.10000000000000003,1.4,1.0033628648910192e-05,0.012326189084071742,-0.007941614714578573,0.10124349679915987,0.07895791583166334,0.1907815631262525,0.014241758896590554,0.09628958434853489,0.8888888888888882
ascorbic_acid,0.1,6.5,CV,7,0.015133875156151966,0.024440487818320766,0.10168006688725376,-0.007509333666640645,0.10000000000000003,1.4,-1.6513824846933202e-06,0.006968665047380411,-0.0073816485730701965,0.10168006688725376,0.056513026052104176,0.1907815631262525,0.014191348328710603,0.09716542110496712,0.5813953488372088
ascorbic_acid,0.1,6.5,CV,8,0.015280010489502633,0.02453584347714136,0.10205076580437218,-0.007153532611490626,0.10000000000000003,1.4,4.333254077971978e-06,0.007816746608185873,-0.008078985256273992,0.10205076580437218,0.0845691382765531,0.1907815631262525,0.01422991141156967,0.09713201904769016,0.9999999999999989
ascorbic_acid,0.1,6.5,CV,9,0.015396451349777705,0.024453289643592502,0.09829372666213054,-0.00752286226552979,0.10000000000000003,1.4,-2.4676155474335907e-06,0.008634958356685256,-0.007665192738138753,0.09829372666213054,0.07895791583166334,0.19639278557114226,0.01451993442500736,0.09313950258524374,1.0
ascorbic_acid,0.1,7.0,CV,0,0.015338618087397275,0.024730975010951017,0.10263659922239358,-0.008341732350437515,0.10000000000000003,1.4,1.8949423458224368e-06,0.007755392665063088,-0.008396282567597464,0.10263659922239358,0.05370741482965935,0.18517034068136273,0.014130353327139997,0.09775072925853552,0.885714285714286
ascorbic_acid,0.1,7.0,CV,1,0.01531742079677781,0.02453473343049796,0.09871810187368257,-0.008650116312769423,0.10000000000000003,1.4,4.519913477503523e-06,0.008550695700663802,-0.008124626410278338,0.09871810187368257,0.06492985971943888,0.18797595190380756,0.014082838858950354,0.09363545286930999,0.9142857142857139
ascorbic_acid,0.1,7.0,CV,2,0.015425857072202745,0.02470873931480011,0.10695859802064155,-0.007647102322959813,0.10000000000000003,1.4,1.3896761131218932e-06,0.007671283245314724,-0.009066760062883062,0.10695859802064155,0.04809619238476959,0.17955911823647286,0.013765901056845215,0.10194358081879037,0.7777777777777782
ascorbic_acid,0.1,7.0,CV,3,0.015633194648862946,0.02464089381361193,0.09881561338762725,-0.009358106170097575,0.10000000000000003,1.4,-2.704633789692322e-05,0.009604752772225384,-0.01563015506075196,0.09881561338762725,0.07895791583166334,0.20200400801603213,0.014874473580543904,0.09353648165577416,0.6744186046511629
ascorbic_acid,0.1,7.0,CV,4,0.015468817813355958,0.024973345270294246,0.1010403019808826,-0.007579440599024691,0.10000000000000003,1.4,-5.853233389404758e-06,0.008359524168555269,-0.010003331684152808,0.1010403019808826,0.05370741482965935,0.18517034068136262,0.014289578928413685,0.09615784092569225,0.8333333333333337
ascorbic_acid,0.1,7.0,CV,5,0.01550851158341808,0.024897823008776167,0.10086471925303332,-0.009200055459170943,0.10000000000000003,1.4,4.867869704947014e-07,0.0076362410357834155,-0.008666376486470017,0.10086471925303332,0.04809619238476959,0.18517034068136273,0.014213946616411238,0.09590762564018875,0.7837837837837843
ascorbic_acid,0.1,7.0,CV,6,0.01545959854870457,0.024890255033823323,0.09997626814246299,-0.009420561811891676,0.10000000000000003,1.4,1.0105589028466096e-05,0.012449015011916035,-0.008020390779358554,0.09997626814246299,0.06492985971943888,0.18517034068136273,0.014142993606096105,0.09507542272840956,0.885714285714286
ascorbic_acid,0.1,7.0,CV,7,0.015256037155987704,0.024694468468844284,0.10395981794970188,-0.00760560783168475,0.10000000000000003,1.4,-1.695755227603027e-06,0.007281114846982288,-0.00731804875865626,0.10395981794970188,0.056513026052104176,0.1907815631262525,0.014353122045611717,0.09945891511271666,0.9999999999999989
ascorbic_acid,0.1,7.0,CV,8,0.015403627377094735,0.02481610812284651,0.10304435421129174,-0.007245745139745611,0.10000000000000003,1.4,4.348462917843563e-06,0.007912640396672485,-0.00815932960402792,0.10304435421129174,0.04529058116232465,0.17955911823647297,0.013807300178276638,0.09816276048578385,0.6842105263157894
ascorbic_acid,0.1,7.0,CV,9,0.015521227494190661,0.02470414434691797,0.09923310156104959,-0.007621063064016032,0.10000000000000003,1.4,-2.5201145077480767e-06,0.009093224973509931,-0.007741408099408017,0.09923310156104959,0.05931863727454911,0.19639278557114226,0.014648921102002069,0.09406237588782916,1.0
ascorbic_acid,0.1,7.5,CV,0,0.015461592271488241,0.025005505895186984,0.1067833185900619,-0.008472193965570776,0.10000000000000003,1.4,1.885994916517003e-06,0.0076668739405887434,-0.008144033610071322,0.1067833185900619,0.014428857715430898,0.17955911823647286,0.013979367989469891,0.10184450299451978,0.5609756097560976
ascorbic_acid,0.1,7.5,CV,1,0.015440186714986088,0.02480793059760994,0.1000199369990437,-0.00875320821571609,0.10000000000000003,1.4,4.536756699446358e-06,0.008640840262399857,-0.007997350026802465,0.1000199369990437,0.02004008016032066,0.18797595190380756,0.014304715618548649,0.09502051997663853,0.6341463414634151
ascorbic_acid,0.1,7.5,CV,2,0.015549688389618035,0.02499853880964165,0.1062697222694968,-0.00772878565956556,0.10000000000000003,1.4,1.3757643834332102e-06,0.007436487009421407,-0.009155763667022686,0.1062697222694968,0.04809619238476959,0.17955911823647297,0.01393315410207321,0.10121723167226036,0.8823529411764698
ascorbic_acid,0.1,7.5,CV,3,0.01575906308244525,0.024898900536659805,0.10260551584320148,-0.00946958689091336,0.10000000000000003,1.4,-2.7339636821149054e-05,0.009488752637934403,-0.015783941399759305,0.10260551584320148,0.02845691382765536,0.18517034068136273,0.014192916330621565,0.09724352436353027,0.7837837837837843
ascorbic_acid,0.1,7.5,CV,4,0.015593071225124626,0.02522575674710871,0.10501726364597805,-0.007674889685882719,0.10000000000000003,1.4,-5.938307559985548e-06,0.008735614180057048,-0.01010150764028004,0.10501726364597805,0.02004008016032066,0.1907815631262525,0.01473871348491751,0.10020343898768716,0.6190476190476192
ascorbic_acid,0.1,7.5,CV,5,0.015633154991163477,0.025195241688228683,0.10643641731222042,-0.00930991291864157,0.10000000000000003,1.4,4.640042483931711e-07,0.007807849897655697,-0.008754880597649763,0.10643641731222042,0.017234468937875724,0.17955911823647297,0.014007348955584512,0.10129337860689853,0.5609756097560971
ascorbic_acid,0.1,7.5,CV,6,0.015583761380109695,0.025183883141036954,0.10038005921974953,-0.009532005583138076,0.10000000000000003,1.4,1.0177312172089454e-05,0.01257143601259066,-0.008099138802163034,0.10038005921974953,0.011623246492985961,0.1991983967935872,0.014990700268747296,0.09555847397371431,0.5434782608695646
ascorbic_acid,0.1,7.5,CV,7,0.01537819997267884,0.024955636976762723,0.10146575908873723,-0.007699414908925774,0.10000000000000003,1.4,-1.7399816844513166e-06,0.007457406009209289,-0.007258879223161707,0.10146575908873723,0.056513026052104176,0.19639278557114226,0.014805379808768428,0.09688906246486906,0.7073170731707324
ascorbic_acid,0.1,7.5,CV,8,0.015527240285131362,0.025091138008987962,0.10308086957324565,-0.007337653593804691,0.10000000000000003,1.4,4.363621617797874e-06,0.007680215523283601,-0.008239409064822092,0.10308086957324565,0.025651302605210424,0.18517034068136273,0.014282141455401569,0.09820387748155127,0.7368421052631576
ascorbic_acid,0.1,7.5,CV,9,0.015645995837260517,0.024953042709084824,0.10187902843069194,-0.007718940117727793,0.10000000000000003,1.4,-2.5724403918398546e-06,0.009602078587906425,-0.00781737215658344,0.10187902843069194,0.022845691382765487,0.1991983967935872,0.0148925099841995,0.09663602108218312,0.6904761904761892
ascorbic_acid,0.1,8.0,CV,0,0.01558455818463304,0.02527598262950913,0.10975076686413739,-0.008602732533399228,0.10000000000000003,1.4,1.8770422091555077e-06,0.007741300618722658,-0.009047298851655693,0.10975076686413739,0.014428857715430898,0.17675350701402803,0.013947921916985845,0.10480371365251855,0.8529411764705892
ascorbic_acid,0.1,8.0,CV,1,0.015562944239402554,0.025089944741979266,0.1012735801122652,-0.00885633426926337,0.10000000000000003,1.4,4.553609855949804e-06,0.008739668680740921,-0.00781297833413256,0.1012735801122652,0.02004008016032066,0.18797595190380756,0.014440407339174316,0.09623312863138815,0.9705882352941183
ascorbic_acid,0.1,8.0,CV,2,0.015673511941667294,0.02528378130279322,0.10691549151992123,-0.007810517177090226,0.10000000000000003,1.4,1.3618444474956526e-06,0.007211442173007291,-0.009244803428839122,0.10691549151992123,0.017234468937875724,0.17675350701402803,0.013973249738129093,0.10186803672437096,0.9687499999999982
ascorbic_acid,0.1,8.0,CV,3,0.01588492495225458,0.025170483386080505,0.10176558670884742,-0.009581133062840873,0.10000000000000003,1.4,-2.763310874817295e-05,0.009365893740630103,-0.015937818449645435,0.10176558670884742,0.02845691382765536,0.1991983967935872,0.015003970020218908,0.09643058612819799,0.8684210526315789
ascorbic_acid,0.1,8.0,CV,4,0.015717317120499626,0.0254757158850401,0.10631955704983301,-0.007777211507034101,0.10000000000000003,1.4,-6.023431911984164e-06,0.009202974581679998,-0.010199741505372697,0.10631955704983301,0.02004008016032066,0.1823647294589178,0.014395146886386972,0.10146353517654198,0.9117647058823537
ascorbic_acid,0.1,8.0,CV,5,0.01575779111255436,0.025488324683183607,0.10855482031054865,-0.00941983481225912,0.10000000000000003,1.4,4.412080874874047e-07,0.00794745208556336,-0.00884174587529037,0.10855482031054865,0.017234468937875724,0.1823647294589178,0.01429778987643898,0.10344092543185122,0.9696969696969692
ascorbic_acid,0.1,8.0,CV,6,0.015707916641692327,0.025474762964250663,0.10417096820847373,-0.00964351335570887,0.10000000000000003,1.4,1.0249077621197692e-05,0.012693929223424629,-0.008178033277088523,0.10417096820847373,0.011623246492985961,0.19358717434869732,0.014879040268978783,0.09915718836810743,0.8648648648648647
ascorbic_acid,0.1,8.0,CV,7,0.015500354039838715,0.025224529580471125,0.09962900192514536,-0.00779238049840046,0.10000000000000003,1.4,-1.7842342286917278e-06,0.007503682257599439,-0.007533680004755829,0.09962900192514536,0.025651302605210424,0.1823647294589179,0.01421298680582943,0.09503199056070628,0.7105263157894741
ascorbic_acid,0.1,8.0,CV,8,0.01565084529897317,0.025360762149994494,0.1029013250748668,-0.007429616241070448,0.10000000000000003,1.4,4.378789258697461e-06,0.007535527340483669,-0.008319535757445547,0.1029013250748668,0.025651302605210424,0.18797595190380756,0.014631949385958899,0.09800449433768482,0.9142857142857139
ascorbic_acid,0.1,8.0,CV,9,0.015770756967668966,0.025202513610227285,0.10239479905132631,-0.00781687490407988,0.10000000000000003,1.4,-2.6247971407712816e-06,0.010078065346548957,-0.00789338086588497,0.10239479905132631,0.022845691382765487,0.17675350701402803,0.013931090789327603,0.09719745041632757,0.9687500000000007
ascorbic_acid,0.2,6.0,CV,0,0.026999871184463915,0.04793317395543004,0.20282330271021679,-0.020486500939067048,0.10000000000000003,1.4,1.0620195175156111e-06,0.016069808317944898,-0.017032425664472814,0.20282330271021679,0.0929859719438878,0.17955911823647297,0.02685511952764285,0.19616498131519947,0.8285714285714291
ascorbic_acid,0.2,6.0,CV,1,0.026959286268211122,0.04761940514672671,0.19761939928039648,-0.018242414623675908,0.10000000000000003,1.4,6.087861520523291e-06,0.016356062698466692,-0.015723429587922853,0.19761939928039648,0.0845691382765531,0.1907815631262525,0.027686301587618943,0.19059952868606322,0.7
ascorbic_acid,0.2,6.0,CV,2,0.02716690134675536,0.047854923080116636,0.19129622059878837,-0.015441673013144686,0.10000000000000003,1.4,9.462287670708447e-08,0.01461109398572831,-0.017352966543908617,0.19129622059878837,0.0845691382765531,0.18797595190380767,0.027597153220330045,0.1845232518806971,0.7179487179487174
ascorbic_acid,0.2,6.0,CV,3,0.027563875579730373,0.047889407476397194,0.20115004728879532,-0.019735876891996105,0.10000000000000003,1.4,-5.434975248610674e-05,0.0189286381502157,-0.029946239527860675,0.20115004728879532,0.0929859719438878,0.1739478957915832,0.026387627232607867,0.19383491489289287,0.7714285714285721
ascorbic_acid,0.2,6.0,CV,4,0.027249155164621123,0.0484952120616449,0.19587933066582072,-0.01719676393847929,0.10000000000000003,1.4,-1.3772851078508701e-05,0.015386261937259609,-0.019142604327205333,0.19587933066582072,0.10701402805611226,0.19358717434869743,0.028612341567620072,0.1890853935261925,0.8157894736842106
ascorbic_acid,0.2,6.0,CV,5,0.027325153949685155,0.04820688514418692,0.1918350600131285,-0.01942670541594058,0.10000000000000003,1.4,-1.6340735353440605e-06,0.014676209258983691,-0.016559614421181635,0.1918350600131285,0.0761523046092184,0.19358717434869743,0.028303608567098022,0.1848907346498803,0.6046511627906975
ascorbic_acid,0.2,6.0,CV,6,0.02723150370668218,0.048194939858737136,0.19718843841583425,-0.019794648747255908,0.10000000000000003,1.4,1.678234972284556e-05,0.0238452768457674,-0.015369318903087757,0.19718843841583425,0.09018036072144286,0.18797595190380756,0.027653114259265334,0.19038113220888292,0.7631578947368413
ascorbic_acid,0.2,6.0,CV,7,0.02684175945945614,0.04797913836169087,0.19369629669038663,-0.016176479575412638,0.10000000000000003,1.4,-5.8128289205552355e-06,0.014122122475889134,-0.014328819840829149,0.19369629669038663,0.08737474949899804,0.19358717434869743,0.02814624743671596,0.1876135379275291,0.7250000000000003
ascorbic_acid,0.2,6.0,CV,8,0.027124339760443233,0.048089195218852014,0.19905145795088272,-0.015801568073245807,0.10000000000000003,1.4,5.759597558387203e-06,0.014667677307423417,-0.015613985535165142,0.19905145795088272,0.0845691382765531,0.17114228456913827,0.026022352900836446,0.19209996544044053,0.648648648648649
ascorbic_acid,0.2,6.0,CV,9,0.02734950018256216,0.04799568735289147,0.19242590212663382,-0.01673251063072311,0.10000000000000003,1.4,-7.391169895706678e-06,0.016199132656807176,-0.01482471116070286,0.19242590212663382,0.09859719438877756,0.18797595190380767,0.027664190577096244,0.18518675079170394,0.9705882352941172
ascorbic_acid,0.2,6.5,CV,0,0.027243926309186543,0.04847117609800115,0.1994729756085127,-0.020744143344113432,0.10000000000000003,1.4,1.0443496677274566e-06,0.015921731951544546,-0.017016262687608474,0.1994729756085127,0.0929859719438878,0.18517034068136273,0.027770762931264913,0.19292464696454673,0.6923076923076914
ascorbic_acid,0.2,6.5,CV,1,0.027202930098608562,0.0481033878505892,0.19786692459519298,-0.01844657194693593,0.10000000000000003,1.4,6.121124393676542e-06,0.01652343208042839,-0.01596398860846912,0.19786692459519298,0.0845691382765531,0.17675350701402803,0.02652636688510554,0.1909116647830275,0.8
ascorbic_acid,0.2,6.5,CV,2,0.027412649183062184,0.04840448076509169,0.19920196625726122,-0.015638823390036177,0.10000000000000003,1.4,6.714926765805095e-08,0.014866869236073346,-0.017528750715540622,0.19920196625726122,0.04809619238476959,0.19358717434869743,0.02847736421195983,0.19260210836142466,0.5000000000000009
ascorbic_acid,0.2,6.5,CV,3,0.027813646419269467,0.04834883304010762,0.19880072646339905,-0.019956043775189898,0.10000000000000003,1.4,-5.492897449560564e-05,0.018933569947502657,-0.030249944809338996,0.19880072646339905,0.07895791583166334,0.19639278557114237,0.028792010047922298,0.19129924633473278,0.9444444444444446
ascorbic_acid,0.2,6.5,CV,4,0.02749573657486714,0.048989882776118154,0.1956899485111257,-0.01750781661858928,0.10000000000000003,1.4,-1.3940859986605353e-05,0.01578528948488326,-0.019336487324816756,0.1956899485111257,0.06212424849699405,0.1907815631262525,0.028674270730023137,0.1890346435435116,0.6585365853658545
ascorbic_acid,0.2,6.5,CV,5,0.027572505544322414,0.04875733705926858,0.19649183238617912,-0.019643668211580527,0.10000000000000003,1.4,-1.6790660427890847e-06,0.014489530953732632,-0.016751741017503652,0.19649183238617912,0.0761523046092184,0.18797595190380756,0.028217481124154266,0.18970522949886467,0.9142857142857139
ascorbic_acid,0.2,6.5,CV,6,0.02747790623410296,0.04875008688102484,0.19775260271449618,-0.020014778752123565,0.10000000000000003,1.4,1.6923992327053493e-05,0.02408704022150231,-0.015523349495948163,0.19775260271449618,0.07895791583166334,0.1907815631262525,0.028297910290380642,0.19110356650679383,0.8888888888888882
ascorbic_acid,0.2,6.5,CV,7,0.027084212253528733,0.04844530572158692,0.1985505451464395,-0.016375875911655645,0.10000000000000003,1.4,-5.900169633564156e-06,0.013629466502552694,-0.014468083330662795,0.1985505451464395,0.056513026052104176,0.1907815631262525,0.028145897026336224,0.1924660801110492,0.5813953488372088
ascorbic_acid,0.2,6.5,CV,8,0.027369656270520088,0.048629935057143976,0.19931349598761838,-0.015983074344774712,0.10000000000000003,1.4,5.789533749678069e-06,0.015333661373766447,-0.015772130731041573,0.19931349598761838,0.0845691382765531,0.1907815631262525,0.028216158422708144,0.19241229287558878,0.9999999999999989
ascorbic_acid,0.2,6.5,CV,9,0.027597098505992936,0.048471151037869746,0.1919908596930851,-0.016925803346907565,0.10000000000000003,1.4,-7.494505779981592e-06,0.016887742211922734,-0.014975150507555103,0.1919908596930851,0.07895791583166334,0.19639278557114226,0.02879153074651823,0.18464034155986656,1.0
ascorbic_acid,0.2,7.0,CV,0,0.02748797389815236,0.04900167261012841,0.20049016906627096,-0.021001260666577884,0.10000000000000003,1.4,1.0267158293212758e-06,0.015200046667984954,-0.01645246084688594,0.20049016906627096,0.05370741482965935,0.18517034068136273,0.02806624787390067,0.19393158046396858,0.885714285714286
ascorbic_acid,0.2,7.0,CV,1,0.027446567231472905,0.04860582902342481,0.1928119588832295,-0.018649900422417615,0.10000000000000003,1.4,6.154319476595574e-06,0.01669355912478359,-0.01591774970548651,0.1928119588832295,0.06492985971943888,0.18797595190380756,0.027944423956399046,0.18568836426357918,0.9142857142857139
ascorbic_acid,0.2,7.0,CV,2,0.027658386033841836,0.04895395870424392,0.20892898679637736,-0.015835590783533686,0.10000000000000003,1.4,3.973165019229008e-08,0.015051333023451505,-0.017704172857152978,0.20892898679637736,0.04809619238476959,0.17955911823647286,0.02737399158221815,0.20228136234812266,0.7777777777777782
ascorbic_acid,0.2,7.0,CV,3,0.028063398074343396,0.048819325889445216,0.19291728768148092,-0.020175755124003863,0.10000000000000003,1.4,-5.55070160424069e-05,0.018783061982107146,-0.030553031135119275,0.19291728768148092,0.07895791583166334,0.20200400801603213,0.029543079367360052,0.18557201006187649,0.6744186046511629
ascorbic_acid,0.2,7.0,CV,4,0.027742305300750406,0.04947375219253055,0.19737197113299945,-0.017763245951057997,0.10000000000000003,1.4,-1.4108526490173496e-05,0.01634047192269386,-0.01952997518610387,0.19737197113299945,0.05370741482965935,0.18517034068136262,0.0283463198118178,0.19065081835573458,0.8333333333333337
ascorbic_acid,0.2,7.0,CV,5,0.027819842884950142,0.049314512289410195,0.19702523874455663,-0.019860180783028546,0.10000000000000003,1.4,-1.7239668548858778e-06,0.014907627053946453,-0.01693248286854751,0.19702523874455663,0.04809619238476959,0.18517034068136273,0.028217864360578236,0.19026447671059357,0.7837837837837843
ascorbic_acid,0.2,7.0,CV,6,0.027724296441726737,0.04930994416963255,0.19526965370158894,-0.02023442628539715,0.10000000000000003,1.4,1.7065346261588538e-05,0.024328310880035266,-0.015678083758756574,0.19526965370158894,0.06492985971943888,0.18517034068136273,0.028086804510798275,0.18865948236562732,0.885714285714286
ascorbic_acid,0.2,7.0,CV,7,0.027326660777417258,0.04892541927329976,0.2030727914018181,-0.016565062149723732,0.10000000000000003,1.4,-5.987332344977503e-06,0.01424826590265408,-0.014340753360980667,0.2030727914018181,0.056513026052104176,0.1907815631262525,0.028456297659843987,0.19698480479663966,0.9999999999999989
ascorbic_acid,0.2,7.0,CV,8,0.027614962674118785,0.049161566821818756,0.20127564255658684,-0.016164210185114075,0.10000000000000003,1.4,5.8194089305596556e-06,0.015522798707268436,-0.015929953546384375,0.20127564255658684,0.04529058116232465,0.18797595190380767,0.028208484020891274,0.19445311926808925,0.7631578947368424
ascorbic_acid,0.2,7.0,CV,9,0.02784468207257737,0.04894515710785592,0.19383494908717838,-0.017118702124365066,0.10000000000000003,1.4,-7.597631064273747e-06,0.017795490821781945,-0.015125283354830746,0.19383494908717838,0.05931863727454911,0.19639278557114226,0.029053376319841215,0.18649505075851677,1.0
ascorbic_acid,0.2,7.5,CV,0,0.027732014975127773,0.04952257742938755,0.20852820840734654,-0.021257749691135183,0.10000000000000003,1.4,1.0091250811714859e-06,0.014956569673454993,-0.015889146391075956,0.20852820840734654,0.014428857715430898,0.17955911823647286,0.027746073306137972,0.2017703906998728,0.5609756097560976
ascorbic_acid,0.2,7.5,CV,1,0.027690198855345623,0.049123927507644584,0.19535655148232245,-0.01885258100002575,0.10000000000000003,1.4,6.187433443196791e-06,0.016870898668354384,-0.015664032665340357,0.19535655148232245,0.02004008016032066,0.18797595190380756,0.028378999669025184,0.18839317223778587,0.6341463414634151
ascorbic_acid,0.2,7.5,CV,2,0.027904112244716957,0.04950472752146286,0.20756034712514257,-0.016031939067456064,0.10000000000000003,1.4,1.2381030822114503e-08,0.01458444094483749,-0.01787915480373041,0.20756034712514257,0.04809619238476959,0.17955911823647297,0.027691280323608663,0.20077672336745553,0.8823529411764698
ascorbic_acid,0.2,7.5,CV,3,0.028313129278856285,0.049307795072957426,0.20043902755148804,-0.020394927501324534,0.10000000000000003,1.4,-5.608364507540728e-05,0.018551365446107228,-0.030855376833059688,0.20043902755148804,0.02845691382765536,0.18517034068136273,0.028199348235557274,0.193000310475926,0.7837837837837843
ascorbic_acid,0.2,7.5,CV,4,0.027988861353942407,0.049951603474705356,0.2051189143359904,-0.01799154798831624,0.10000000000000003,1.4,-1.4275783280648046e-05,0.017085313619813743,-0.019722990236515844,0.2051189143359904,0.02004008016032066,0.1907815631262525,0.029221046051236058,0.19846555661634147,0.6190476190476192
ascorbic_acid,0.2,7.5,CV,5,0.028067165674684154,0.049880409052101296,0.20787282405416083,-0.02007616181152744,0.10000000000000003,1.4,-1.7687579466010294e-06,0.01524673054589639,-0.017106542371480016,0.20787282405416083,0.017234468937875724,0.17955911823647297,0.027817857606968102,0.20081004236754432,0.5609756097560971
ascorbic_acid,0.2,7.5,CV,6,0.02797067441289005,0.04986839718665776,0.19599326269342635,-0.020453526056328608,0.10000000000000003,1.4,1.7206354780661237e-05,0.02456899196478262,-0.01583290026221862,0.19599326269342635,0.011623246492985961,0.1991983967935872,0.029742677841616615,0.1894154461060222,0.5434782608695646
ascorbic_acid,0.2,7.5,CV,7,0.02756910669682296,0.04942013720504474,0.19812271430655098,-0.016749514432863027,0.10000000000000003,1.4,-6.074282063982292e-06,0.014596995387158425,-0.014223242536328909,0.19812271430655098,0.056513026052104176,0.19639278557114226,0.029364964979473947,0.1919648869838665,0.7073170731707324
ascorbic_acid,0.2,7.5,CV,8,0.027860259489662326,0.049683537722308664,0.20136114812671357,-0.016344903255377626,0.10000000000000003,1.4,5.8492111077029226e-06,0.015060568754406964,-0.01608739068047716,0.20136114812671357,0.025651302605210424,0.1907815631262525,0.028848201915246167,0.19454281424441247,0.7
ascorbic_acid,0.2,7.5,CV,9,0.0280922504865854,0.04941586260908445,0.19900281744758394,-0.01731112952922014,0.10000000000000003,1.4,-7.70050434969334e-06,0.018803753836125883,-0.015275049362268428,0.19900281744758394,0.022845691382765487,0.1991983967935872,0.02952136692402178,0.19145367953429648,0.6904761904761892
ascorbic_acid,0.2,8.0,CV,0,0.027976038989563776,0.050036431999791985,0.21441454393481732,-0.021514444255734688,0.10000000000000003,1.4,9.915202356645947e-07,0.015102924303017476,-0.017679935762476576,0.21441454393481732,0.014428857715430898,0.17675350701402803,0.027669987249334674,0.20757280808307632,0.8529411764705892
ascorbic_acid,0.2,8.0,CV,1,0.027933813088559297,0.049660190687393545,0.19784364584457426,-0.019055371084817405,0.10000000000000003,1.4,6.220573945207558e-06,0.017065503148204146,-0.015297050097539774,0.19784364584457426,0.02004008016032066,0.18797595190380756,0.028652568309045355,0.1908349822690011,0.9705882352941183
ascorbic_acid,0.2,8.0,CV,2,0.028149822743452773,0.05004749196158389,0.20887195349973153,-0.01622863256256638,0.10000000000000003,1.4,-1.4991507082603994e-08,0.01415488308299636,-0.018054244552669862,0.20887195349973153,0.017234468937875724,0.17675350701402803,0.027749278986207295,0.20200435055844704,0.9687499999999982
ascorbic_acid,0.2,8.0,CV,3,0.028562847980674457,0.04982371244484737,0.19877999655314676,-0.02061427490782594,0.10000000000000003,1.4,-5.6660736197087236e-05,0.018306093218709477,-0.031157964818966013,0.19877999655314676,0.025651302605210424,0.1991983967935872,0.029778111699570467,0.1912367667539724,0.9189189189189196
ascorbic_acid,0.2,8.0,CV,4,0.02823540235999815,0.05042548610709268,0.20770167594340597,-0.018207827543982917,0.10000000000000003,1.4,-1.444317410496708e-05,0.018011290205911138,-0.01991615996135624,0.20770167594340597,0.02004008016032066,0.1823647294589178,0.028544898929431677,0.20099537176397192,0.9117647058823537
ascorbic_acid,0.2,8.0,CV,5,0.028314474031714453,0.05043873704146511,0.21207461430453417,-0.020292315193719393,0.10000000000000003,1.4,-1.8135849329603825e-06,0.015522356082720882,-0.017277384547044,0.21207461430453417,0.017234468937875724,0.1823647294589178,0.028386164715961934,0.20503891476371244,0.9696969696969692
ascorbic_acid,0.2,8.0,CV,6,0.028217037194209166,0.05042238536639967,0.20351452699255637,-0.020672797963911027,0.10000000000000003,1.4,1.7347476297599673e-05,0.024809865922148615,-0.015988039329110033,0.20351452699255637,0.011623246492985961,0.19358717434869732,0.029549342686583754,0.19672274759644776,0.8648648648648647
ascorbic_acid,0.2,8.0,CV,7,0.027811534275392624,0.04993084618398268,0.1946110760797104,-0.01693233440251996,0.10000000000000003,1.4,-6.161301461899138e-06,0.014687766431338477,-0.014767515542169672,0.1946110760797104,0.025651302605210424,0.1823647294589179,0.02818571638484303,0.18841061227946643,0.7105263157894741
ascorbic_acid,0.2,8.0,CV,8,0.028105540248966027,0.05019580646755482,0.2010040224808104,-0.016525741088260586,0.10000000000000003,1.4,5.8790371663176995e-06,0.014769233153350655,-0.016244953972462825,0.2010040224808104,0.025651302605210424,0.18797595190380756,0.028996844816759917,0.1941167305558821,0.9142857142857139
ascorbic_acid,0.2,8.0,CV,9,0.028339804664723356,0.049888529606630684,0.2000255339040994,-0.017503711137552766,0.10000000000000003,1.4,-7.80346007454559e-06,0.019746832500799436,-0.015424935393854415,0.2000255339040994,0.022845691382765487,0.17675350701402803,0.027612606476808833,0.19255620629546247,0.9687500000000007
ascorbic_acid,0.5,6.0,CV,0,0.0616223687090631,0.11705665231178414,0.49063139575743386,-0.05656191600035999,0.10000000000000003,1.4,-1.4121352198950277e-06,0.03891697054202195,-0.04129803071381012,0.49063139575743386,0.0929859719438878,0.17955911823647297,0.06559629914392313,0.47872438945417756,0.8285714285714291
ascorbic_acid,0.5,6.0,CV,1,0.06152419384068425,0.11628021313086388,0.47802155858497,-0.04673718597979049,0.10000000000000003,1.4,1.0745371132091398e-05,0.039551273424983276,-0.03810701683611298,0.47802155858497,0.0845691382765531,0.1907815631262525,0.06759528711984276,0.4650443963323972,0.7
ascorbic_acid,0.5,6.0,CV,2,0.06202641449041005,0.11686122033439693,0.462725796215124,-0.043045913850648765,0.10000000000000003,1.4,-3.752266644337421e-06,0.03542760490196095,-0.041966709479628266,0.462725796215124,0.0845691382765531,0.18797595190380767,0.06743116668220087,0.4506519988695668,0.7179487179487174
ascorbic_acid,0.5,6.0,CV,3,0.06298669472923976,0.1169418848908847,0.4865837927085809,-0.050562534424768095,0.10000000000000003,1.4,-0.0001354531515721234,0.04583132306873007,-0.07247143754262861,0.4865837927085809,0.0929859719438878,0.1739478957915832,0.06440356701251428,0.47280965407859166,0.7714285714285721
ascorbic_acid,0.5,6.0,CV,4,0.06222538638657783,0.11841341529969367,0.47378740371321576,-0.04607943254171308,0.10000000000000003,1.4,-3.729767109510396e-05,0.03722080414769485,-0.0462903471160554,0.47378740371321576,0.10701402805611226,0.19358717434869743,0.06992766219552231,0.46181214683566385,0.8157894736842106
ascorbic_acid,0.5,6.0,CV,5,0.06240922736518526,0.11769909485820067,0.46395579511948704,-0.04980447000074267,0.10000000000000003,1.4,-7.933981389367351e-06,0.03558511867731237,-0.040062242727051285,0.46395579511948704,0.0761523046092184,0.19639278557114237,0.06975924716982694,0.4516609976546584,0.5909090909090906
ascorbic_acid,0.5,6.0,CV,6,0.062182687528976245,0.11768509810411294,0.4769986185686187,-0.050610445063878254,0.10000000000000003,1.4,3.6615326489456145e-05,0.05769729079737189,-0.0371949445081831,0.4769986185686187,0.09018036072144286,0.18797595190380756,0.06765390637232782,0.4653037406038315,0.7631578947368413
ascorbic_acid,0.5,6.0,CV,7,0.061239896617828395,0.11716082042582404,0.4685443283501401,-0.04167291305278049,0.10000000000000003,1.4,-1.8042386132035293e-05,0.03414646799924853,-0.034734877010722254,0.4685443283501401,0.08737474949899804,0.19358717434869743,0.06876414181866691,0.4580945963466136,0.7250000000000003
ascorbic_acid,0.5,6.0,CV,8,0.06192345805930246,0.11742444761261991,0.4814857069550212,-0.0412162046755349,0.10000000000000003,1.4,9.951300963867094e-06,0.035565757383822644,-0.0377576606012338,0.4814857069550212,0.0845691382765531,0.17114228456913827,0.06365767352637748,0.4694320364250106,0.648648648648649
ascorbic_acid,0.5,6.0,CV,9,0.062468120876097856,0.11720204774932406,0.46547276536428994,-0.044563476080516556,0.10000000000000003,1.4,-2.186039123834782e-05,0.039200398351651275,-0.03588943831656461,0.46547276536428994,0.09859719438877756,0.1907815631262526,0.06822158104772615,0.45224678423641057,1.0
ascorbic_acid,0.5,6.5,CV,0,0.06221847596380764,0.11833380687731271,0.4824462330077206,-0.057187135358870524,0.10000000000000003,1.4,-1.4550145438411155e-06,0.0386111646031026,-0.04125638657208455,0.4824462330077206,0.0929859719438878,0.18517034068136273,0.06779931230438986,0.47066981005877495,0.6923076923076914
ascorbic_acid,0.5,6.5,CV,1,0.06211930300982999,0.11742637787214988,0.47862422205678684,-0.04723262344911924,0.10000000000000003,1.4,1.0826089957118812e-05,0.039957454650723874,-0.03869256051906764,0.47862422205678684,0.0845691382765531,0.17675350701402803,0.06475248180953891,0.4657649964958023,0.8
ascorbic_acid,0.5,6.5,CV,2,0.06262662943872509,0.11816627576422357,0.48167391333011333,-0.04352433766094423,0.10000000000000003,1.4,-3.8189366951021376e-06,0.036061330902405014,-0.042393283904080425,0.48167391333011333,0.04809619238476959,0.19358717434869743,0.06952051045686647,0.46973581584393836,0.5000000000000009
ascorbic_acid,0.5,6.5,CV,3,0.06359667227660915,0.11802883486207819,0.48090687873748345,-0.05109681230011529,0.10000000000000003,1.4,-0.00013685874632701485,0.04584079346223208,-0.07320843742122113,0.48090687873748345,0.07895791583166334,0.19639278557114237,0.07030226294441909,0.4668628948185676,0.9444444444444446
ascorbic_acid,0.5,6.5,CV,4,0.06282762416402837,0.11958614867939285,0.4733532641214717,-0.04683586834102257,0.10000000000000003,1.4,-3.77053773564735e-05,0.038192959161985264,-0.04676084188323634,0.4733532641214717,0.06212424849699405,0.1907815631262525,0.07001819935830471,0.46142079537936476,0.6585365853658545
ascorbic_acid,0.5,6.5,CV,5,0.06301333414471597,0.11900662114027645,0.4753276990679119,-0.05033097256280285,0.10000000000000003,1.4,-8.043164451193574e-06,0.03503172781637315,-0.04052884647244556,0.4753276990679119,0.0761523046092184,0.18797595190380756,0.06898138735945852,0.46347460339726204,0.9142857142857139
ascorbic_acid,0.5,6.5,CV,6,0.06278449121249255,0.11900396474060249,0.47837138760678183,-0.05114463407266598,0.10000000000000003,1.4,3.6959049791193354e-05,0.05828397660572349,-0.03756870139869973,0.47837138760678183,0.07895791583166334,0.1991983967935872,0.07114340181523496,0.46660595384365916,0.9722222222222218
ascorbic_acid,0.5,6.5,CV,7,0.0618321155059012,0.11826416828590242,0.48022008962314866,-0.042157052593314634,0.10000000000000003,1.4,-1.8254335343357407e-05,0.032997027656822914,-0.03507325516427817,0.48022008962314866,0.056513026052104176,0.1907815631262525,0.06875512693294177,0.4697476940676772,0.5813953488372088
ascorbic_acid,0.5,6.5,CV,8,0.06252262631070932,0.1187083585168659,0.48212358836659575,-0.041656664923093036,0.10000000000000003,1.4,1.0023946948946538e-05,0.03719053661522374,-0.03814143064998114,0.48212358836659575,0.0845691382765531,0.1907815631262525,0.0690029919141752,0.4700824469413396,0.9999999999999989
ascorbic_acid,0.5,6.5,CV,9,0.06307282639098799,0.11832789999016412,0.4644332926600146,-0.04505763130511684,0.10000000000000003,1.4,-2.211115584077522e-05,0.040884298344844014,-0.036254508621499384,0.4644332926600146,0.07895791583166334,0.19639278557114226,0.07032796368922394,0.4508953213568229,1.0
ascorbic_acid,0.5,7.0,CV,0,0.06281456233250174,0.11959317229286029,0.48501824138154515,-0.05781127377043217,0.10000000000000003,1.4,-1.4978197340434484e-06,0.03684680984571151,-0.03987734845897084,0.48501824138154515,0.05370741482965935,0.18517034068136273,0.06847239609584883,0.47297406799153163,0.885714285714286
ascorbic_acid,0.5,7.0,CV,1,0.06271439301850941,0.11861753102957968,0.466407943110989,-0.04772619575662544,0.10000000000000003,1.4,1.0906669227801424e-05,0.04037050046568573,-0.03857775436386103,0.466407943110989,0.06492985971943888,0.18797595190380756,0.06822499504533744,0.4532187554271214,0.9142857142857139
ascorbic_acid,0.5,7.0,CV,2,0.06322681639922322,0.11947153953902026,0.5054275018519784,-0.04400198026620472,0.10000000000000003,1.4,-3.8854914804800076e-06,0.036510246993726125,-0.04281911159741472,0.5054275018519784,0.04809619238476959,0.17955911823647286,0.06681791227561532,0.4933409553567447,0.7777777777777782
ascorbic_acid,0.5,7.0,CV,3,0.06420660495766346,0.11914283536976239,0.4665360021666862,-0.05163014977459291,0.10000000000000003,1.4,-0.0001382619109577361,0.045470761069301834,-0.07394416310520271,0.4665360021666862,0.07895791583166334,0.20200400801603213,0.0721463269437152,0.45294269283797517,0.6744186046511629
ascorbic_acid,0.5,7.0,CV,4,0.06342983045640503,0.12073303463540178,0.4774748245137699,-0.04745661760715597,0.10000000000000003,1.4,-3.8112378737024277e-05,0.03954661231549685,-0.04723052321485388,0.4774748245137699,0.05370741482965935,0.18517034068136262,0.06922725272936028,0.4654519056639352,0.8333333333333337
ascorbic_acid,0.5,7.0,CV,5,0.06361740620786643,0.12033082328203823,0.47663044157375517,-0.05085654518624526,0.10000000000000003,1.4,-8.152158747146532e-06,0.03605058024522051,-0.040967776810280535,0.47663044157375517,0.04809619238476959,0.18517034068136273,0.06896320967859579,0.46476698975969244,0.7837837837837843
ascorbic_acid,0.5,7.0,CV,6,0.06338626416143733,0.12033463920585442,0.4723534978658167,-0.05167781683143614,0.10000000000000003,1.4,3.730217883174458e-05,0.05886964809656656,-0.03794429872962159,0.4723534978658167,0.06492985971943888,0.18517034068136273,0.06864908664252724,0.46087018076552394,0.885714285714286
ascorbic_acid,0.5,7.0,CV,7,0.062424320230497043,0.11940154535656093,0.49126282190104825,-0.04261639855140631,0.10000000000000003,1.4,-1.846591811703535e-05,0.034506597433761305,-0.034760617512354666,0.49126282190104825,0.056513026052104176,0.1907815631262525,0.069543651378105,0.4809776216038192,0.9999999999999989
ascorbic_acid,0.5,7.0,CV,8,0.06312176838392718,0.1199706005607007,0.4869020040529063,-0.04209636239395468,0.10000000000000003,1.4,1.0096467336765113e-05,0.03765079748730896,-0.03852453700954392,0.4869020040529063,0.04529058116232465,0.18797595190380767,0.0689984202602879,0.47516176901009877,0.7631578947368424
ascorbic_acid,0.5,7.0,CV,9,0.06367749615434795,0.1194505040359904,0.4689080134323836,-0.045551021952188506,0.10000000000000003,1.4,-2.2361486897863826e-05,0.043099002288295975,-0.03661894799795232,0.4689080134323836,0.05931863727454911,0.19639278557114226,0.07093462912727161,0.45524824741695524,1.0
ascorbic_acid,0.5,7.5,CV,0,0.06341062868263349,0.12083016267369152,0.5043710418760661,-0.05843421172393014,0.10000000000000003,1.4,-1.5405425939099827e-06,0.036152761881327614,-0.03840955124661233,0.5043710418760661,0.014428857715430898,0.17955911823647286,0.06772575102907512,0.4920475291924399,0.5609756097560976
ascorbic_acid,0.5,7.5,CV,1,0.06330946492500641,0.11984742038539732,0.4725660920567791,-0.048218449557479975,0.10000000000000003,1.4,1.0987093513486702e-05,0.040801376187206764,-0.037956386798935135,0.4725660920567791,0.02004008016032066,0.18797595190380756,0.06925472606129426,0.4596369702146315,0.6341463414634151
ascorbic_acid,0.5,7.5,CV,2,0.06382697545415841,0.12078081400323941,0.5020823178592508,-0.044478854877169335,0.10000000000000003,1.4,-3.9519182560009414e-06,0.03536849161858577,-0.04324409210892669,0.5020823178592508,0.04809619238476959,0.17955911823647297,0.06759950704350541,0.48972949598828885,0.8823529411764698
ascorbic_acid,0.5,7.5,CV,3,0.06481649098842066,0.12030113225727491,0.48490877698019796,-0.05216245635313545,0.10000000000000003,1.4,-0.00013966237676855814,0.04490265499602511,-0.07467847370834847,0.48490877698019796,0.02845691382765536,0.18517034068136273,0.06881275342861376,0.47082139072947726,0.7837837837837843
ascorbic_acid,0.5,7.5,CV,4,0.06403200495927411,0.12186611685974647,0.49618371403464157,-0.04801138359454082,0.10000000000000003,1.4,-3.851859729918969e-05,0.04136367045233704,-0.04769930117018608,0.49618371403464157,0.02004008016032066,0.1907815631262525,0.07136312435840116,0.48434882638034965,0.6190476190476192
ascorbic_acid,0.5,7.5,CV,5,0.06422144289292117,0.12167703873735759,0.5028186836576489,-0.051381100900072474,0.10000000000000003,1.4,-8.260943405892007e-06,0.03687670658462701,-0.04139060506769412,0.5028186836576489,0.017234468937875724,0.17955911823647297,0.06797976229547324,0.49020281158789214,0.5609756097560971
ascorbic_acid,0.5,7.5,CV,6,0.06398800615435908,0.12166280536386154,0.4740070389476556,-0.05220994712452875,0.10000000000000003,1.4,3.7644647904046813e-05,0.05945419311807923,-0.03832029896914945,0.4740070389476556,0.011623246492985961,0.1991983967935872,0.0726890142550037,0.4625843142927033,0.5434782608695646
ascorbic_acid,0.5,7.5,CV,7,0.06301651240241121,0.12057506511955693,0.47917139947834775,-0.04306441920246517,0.10000000000000003,1.4,-1.8677093936772414e-05,0.03535672450150283,-0.034473468169999716,0.47917139947834775,0.056513026052104176,0.19639278557114226,0.07168949516296405,0.4683638699050539,0.7073170731707324
ascorbic_acid,0.5,7.5,CV,8,0.06372088456129851,0.12121029657473868,0.4871299580744893,-0.04253521380979738,0.10000000000000003,1.4,1.0168848239888534e-05,0.03652036507259643,-0.03890690645522804,0.4871299580744893,0.025651302605210424,0.1907815631262525,0.07052192620806245,0.47521467195704337,0.7
ascorbic_acid,0.5,7.5,CV,9,0.06428212939000694,0.12056588052691362,0.48140891166593147,-0.046043746322188536,0.10000000000000003,1.4,-2.2611336473297992e-05,0.04555939417325631,-0.0369826864865761,0.48140891166593147,0.022845691382765487,0.1991983967935872,0.07212346771852406,0.4674850113242014,0.6904761904761892
ascorbic_acid,0.5,8.0,CV,0,0.06400665240697775,0.12205137833693772,0.5187446034172556,-0.059057729109910084,0.10000000000000003,1.4,-1.5833051949474541e-06,0.03650826086196702,-0.042780987703170986,0.5187446034172556,0.014428857715430898,0.17675350701402803,0.06754756965972278,0.5062694646782794,0.8529411764705892
ascorbic_acid,0.5,8.0,CV,1,0.06390449328072274,0.12112263021772417,0.4786396831277498,-0.04871103197927451,0.10000000000000003,1.4,1.1067592604741716e-05,0.04127446798436644,-0.03705842799421611,0.4786396831277498,0.02004008016032066,0.18797595190380756,0.06994304844922829,0.46572659974901687,0.9705882352941183
ascorbic_acid,0.5,8.0,CV,2,0.06442709569018286,0.12207204803762296,0.5053299737179491,-0.044956631856071655,0.10000000000000003,1.4,-4.0184068211639725e-06,0.03434427280588766,-0.04366938874350078,0.5053299737179491,0.017234468937875724,0.17675350701402803,0.06773675006611077,0.4927796609391286,0.9687499999999982
ascorbic_acid,0.5,8.0,CV,3,0.0654263472479261,0.12152718447636547,0.48087578961742117,-0.05269525658016714,0.10000000000000003,1.4,-0.0001410641452408533,0.04430144247035564,-0.07541346733899047,0.48087578961742117,0.025651302605210424,0.1991983967935872,0.07265410475353697,0.4664967201258367,0.9189189189189196
ascorbic_acid,0.5,8.0,CV,4,0.06463414251792458,0.12299080847463824,0.502489683187795,-0.04853684955911101,0.10000000000000003,1.4,-3.892519371225594e-05,0.04362316179021397,-0.04816851516413915,0.502489683187795,0.02004008016032066,0.18797595190380756,0.07109729629345296,0.49041309279718415,0.9705882352941183
ascorbic_acid,0.5,8.0,CV,5,0.06482544436588765,0.12300627367743454,0.5130783229947381,-0.05190614276442696,0.10000000000000003,1.4,-8.369829253954686e-06,0.037547846166763515,-0.04180562622337379,0.5130783229947381,0.017234468937875724,0.1823647294589178,0.06931969572508903,0.5002839151541553,0.9696969696969692
ascorbic_acid,0.5,8.0,CV,6,0.06458971080075812,0.12298150233293326,0.4923750286878119,-0.05274256397852959,0.10000000000000003,1.4,3.798743552590697e-05,0.06003928186151527,-0.03869713384960334,0.4923750286878119,0.011623246492985961,0.19358717434869732,0.07224535626559625,0.4806163214432432,0.8648648648648647
ascorbic_acid,0.5,8.0,CV,7,0.0636086583449263,0.12178859061810442,0.47078972246759937,-0.04350850806219049,0.10000000000000003,1.4,-1.888846618614831e-05,0.03557687272113351,-0.03580128348941913,0.47078972246759937,0.025651302605210424,0.1823647294589179,0.06880003604599166,0.45984971182705053,0.7105263157894741
ascorbic_acid,0.5,8.0,CV,8,0.06431996094971447,0.12242778706070082,0.48625648109193853,-0.04297447333624421,0.10000000000000003,1.4,1.0241296466936694e-05,0.035802623901533125,-0.03928963155151306,0.48625648109193853,0.025651302605210424,0.18797595190380756,0.07096526513605125,0.4746440400860419,0.9142857142857139
ascorbic_acid,0.5,8.0,CV,9,0.06488672796846609,0.12168724062690404,0.48390567062985496,-0.04653775418874725,0.10000000000000003,1.4,-2.28614184512122e-05,0.04786063238008155,-0.037346763329209595,0.48390567062985496,0.022845691382765487,0.17675350701402803,0.06742897506698968,0.4700266193382806,0.9687500000000007
ascorbic_acid,1.0,6.0,CV,0,0.11590702532170627,0.22544196282206647,0.941886060164799,-0.11312460381251069,0.10000000000000003,1.4,-5.291365487193444e-06,0.07473906439952555,-0.07934410282820323,0.941886060164799,0.0929859719438878,0.17955911823647297,0.1263684766816544,0.9219157867714849,0.8285714285714291
ascorbic_acid,1.0,6.0,CV,1,0.11571855509629028,0.2239402881614722,0.917664450334116,-0.09141417316777264,0.10000000000000003,1.4,1.804788620208042e-05,0.07591907295915126,-0.07320227091660858,0.917664450334116,0.0845691382765531,0.1907815631262525,0.13016686035558453,0.8953375421816894,0.7
ascorbic_acid,1.0,6.0,CV,2,0.11668268818478225,0.2250628635633394,0.888300562922218,-0.0863266371390811,0.10000000000000003,1.4,-9.783809473629112e-06,0.0680658380669183,-0.08055862741588007,0.888300562922218,0.0845691382765531,0.18797595190380767,0.12996241321529092,0.868316958447528,0.7179487179487174
ascorbic_acid,1.0,6.0,CV,3,0.11852617660563108,0.22521595193244368,0.9341157145396028,-0.09889568882800323,0.10000000000000003,1.4,-0.0002626152711267419,0.08801207596566002,-0.13914674801022775,0.9341157145396028,0.0929859719438878,0.1739478957915832,0.12409279517245907,0.910697333462484,0.7714285714285721
ascorbic_acid,1.0,6.0,CV,4,0.11706466250001614,0.22804472411102156,0.9095198145406128,-0.09136460430233893,0.10000000000000003,1.4,-7.418226544211137e-05,0.07145520983566125,-0.08885532655042527,0.9095198145406128,0.10701402805611226,0.19358717434869743,0.13461385422916936,0.8889447461515634,0.8157894736842106
ascorbic_acid,1.0,6.0,CV,5,0.1174175893870188,0.22666266292785459,0.8906142316442716,-0.09743380459666698,0.10000000000000003,1.4,-1.7811614691354284e-05,0.06836822356777839,-0.07691204266341484,0.8906142316442716,0.0761523046092184,0.19639278557114237,0.13436768191808332,0.8697983864346281,0.5909090909090906
ascorbic_acid,1.0,6.0,CV,6,0.1169826917935608,0.22664533046530655,0.9157133454748367,-0.09892657015290345,0.10000000000000003,1.4,6.771147524698128e-05,0.11077390526470243,-0.07141536983962891,0.9157133454748367,0.09018036072144286,0.18797595190380756,0.13033801477647317,0.8961787101702468,0.7631578947368413
ascorbic_acid,1.0,6.0,CV,7,0.11517277833527625,0.2256374400579568,0.8994788965080254,-0.08164880257902395,0.10000000000000003,1.4,-3.7217123982133614e-05,0.06554266406673792,-0.06672955924006091,0.8994788965080254,0.08737474949899804,0.19358717434869743,0.1324212251438726,0.8820387661637445,0.7250000000000003
ascorbic_acid,1.0,6.0,CV,8,0.1164850386019583,0.22614185670283135,0.9243147146528679,-0.08106384478035857,0.10000000000000003,1.4,1.6523477908261143e-05,0.06833188293570788,-0.07247675607519333,0.9243147146528679,0.0845691382765531,0.17114228456913827,0.1225746494684588,0.9037267500580259,0.648648648648649
ascorbic_acid,1.0,6.0,CV,9,0.11753064961781434,0.22571734854604816,0.893583279329504,-0.0892657161960142,0.10000000000000003,1.4,-4.454670124471149e-05,0.07526411123122169,-0.06891685003007628,0.893583279329504,0.09859719438877756,0.1907815631262526,0.13148611971264515,0.8713943762711027,1.0
ascorbic_acid,1.0,6.5,CV,0,0.11705511554574445,0.22787795856126492,0.9261203526336391,-0.11432614753015637,0.10000000000000003,1.4,-5.373770776794351e-06,0.07418595406912581,-0.07926250673663349,0.9261203526336391,0.0929859719438878,0.1907815631262525,0.1332393644113383,0.906665905522434,0.7435897435897425
ascorbic_acid,1.0,6.5,CV,1,0.11686472720396728,0.22612461563542202,0.9188239353607675,-0.09236630913772768,0.10000000000000003,1.4,1.820301127263957e-05,0.07669968756958226,-0.0743287164776604,0.9188239353607675,0.0845691382765531,0.17675350701402803,0.12473213564763727,0.8969617935092478,0.8
ascorbic_acid,1.0,6.5,CV,2,0.11783867255562863,0.22755238481103798,0.924562027876437,-0.08724606991286182,0.10000000000000003,1.4,-9.911935673750594e-06,0.0692921535150485,-0.08137841618734655,0.924562027876437,0.04809619238476959,0.19358717434869743,0.13396488237365076,0.9047333251943219,0.5000000000000009
ascorbic_acid,1.0,6.5,CV,3,0.11970092269490717,0.22728673003755528,0.9232214631672208,-0.09992246171573908,0.10000000000000003,1.4,-0.00026531653672934806,0.0880286624297708,-0.14056311102256724,0.9232214631672208,0.07895791583166334,0.19639278557114237,0.13536499942507652,0.8988113274252455,0.9444444444444446
ascorbic_acid,1.0,6.5,CV,4,0.1182245343346886,0.2302805195858965,0.9087019194611502,-0.092819356844097,0.10000000000000003,1.4,-7.496579347959998e-05,0.07332597211250325,-0.08975952125261027,0.9087019194611502,0.06212424849699405,0.1907815631262525,0.13493462210501803,0.8889840322550153,0.6585365853658545
ascorbic_acid,1.0,6.5,CV,5,0.11858105306138242,0.2291571218421403,0.9125147986800115,-0.09844563494064529,0.10000000000000003,1.4,-1.8021442202642124e-05,0.0672398636380441,-0.0778089994697002,0.9125147986800115,0.0761523046092184,0.18797595190380756,0.13291157428593056,0.8928052305568588,0.9142857142857139
ascorbic_acid,1.0,6.5,CV,6,0.11814172938848613,0.2291615526436897,0.9183539268823409,-0.0999531726616646,0.10000000000000003,1.4,6.837204112385775e-05,0.1119013953809839,-0.07213363586350777,0.9183539268823409,0.07895791583166334,0.1991983967935872,0.13705007842553757,0.8986588716779642,0.9722222222222218
ascorbic_acid,1.0,6.5,CV,7,0.11631339591394196,0.22773975507112193,0.9218501161483595,-0.08257939134110097,0.10000000000000003,1.4,-3.762444701179912e-05,0.06336345070117244,-0.06738012952068745,0.9218501161483595,0.056513026052104176,0.1907815631262525,0.13243678346181512,0.9045523643849345,0.5813953488372088
ascorbic_acid,1.0,6.5,CV,8,0.11763901143545044,0.22859090595281312,0.9255418813558567,-0.0819103192866292,0.10000000000000003,1.4,1.666308863174981e-05,0.0714599582901013,-0.07321428360930618,0.9255418813558567,0.0845691382765531,0.1907815631262525,0.13288531885808008,0.9050885425694527,0.9999999999999989
ascorbic_acid,1.0,6.5,CV,9,0.11869526393906668,0.22786287590129667,0.891596119657546,-0.09021538160726846,0.10000000000000003,1.4,-4.502861951634018e-05,0.07850852833102925,-0.06961844047916513,0.891596119657546,0.07895791583166334,0.19639278557114226,0.13549308307974348,0.8685609895755482,1.0
ascorbic_acid,1.0,7.0,CV,0,0.11820316395179029,0.2302800347676348,0.9311301572338886,-0.11552573876042599,0.10000000000000003,1.4,-5.456042160553509e-06,0.07078679655646808,-0.07660525866557305,0.9311301572338886,0.05370741482965935,0.18517034068136273,0.13185864750978232,0.9106655124986001,0.885714285714286
ascorbic_acid,1.0,7.0,CV,1,0.1180108606105296,0.22839551735004043,0.8953794245545131,-0.09331495510779082,0.10000000000000003,1.4,1.8357884269816107e-05,0.07749360602487801,-0.07410640364304083,0.8953794245545131,0.06492985971943888,0.18797595190380756,0.13138680340537393,0.8727111135123349,0.9142857142857139
ascorbic_acid,1.0,7.0,CV,2,0.11899460228074707,0.23004255814448027,0.9703078896552048,-0.08816409710940502,0.10000000000000003,1.4,-1.003985367301563e-05,0.0701557047002061,-0.08219685505436836,0.9703078896552048,0.04809619238476959,0.17955911823647286,0.12876496711015628,0.9502666255532789,0.7777777777777782
ascorbic_acid,1.0,7.0,CV,3,0.12087558365126408,0.22940960970057886,0.8955431224089218,-0.10094753397983751,0.10000000000000003,1.4,-0.0002680134128620183,0.08731443741589107,-0.1419771724903953,0.8955431224089218,0.07895791583166334,0.20200400801603213,0.13888935555481083,0.8718829482517054,0.6744186046511629
ascorbic_acid,1.0,7.0,CV,4,0.11938434520662895,0.23246687099131327,0.9166484341354717,-0.09401289168523554,0.10000000000000003,1.4,-7.574804830924687e-05,0.07593154848692873,-0.09066224666733849,0.9166484341354717,0.05370741482965935,0.18517034068136262,0.1332955715355006,0.8961565467021259,0.8333333333333337
ascorbic_acid,1.0,7.0,CV,5,0.11974444993638952,0.23168385261223384,0.915023784281264,-0.09945578320116534,0.10000000000000003,1.4,-1.8230928751060803e-05,0.0692006426562305,-0.07865274385472615,0.915023784281264,0.04809619238476959,0.18517034068136273,0.13282808217315598,0.8950528647326318,0.7837837837837843
ascorbic_acid,1.0,7.0,CV,6,0.11930070737629224,0.2317007025031876,0.9067935992097295,-0.10097794768757137,0.10000000000000003,1.4,6.903153360223574e-05,0.1130270533619922,-0.07285552467159515,0.9067935992097295,0.06492985971943888,0.18517034068136273,0.13213926808439197,0.8870892820625923,0.885714285714286
ascorbic_acid,1.0,7.0,CV,7,0.11745398381742461,0.22990757797152897,0.9431163265109525,-0.08346232105774815,0.10000000000000003,1.4,-3.803110815470667e-05,0.0662696604516701,-0.06677694772500287,0.9431163265109525,0.056513026052104176,0.1907815631262525,0.13398707658346537,0.926368311576019,0.9999999999999989
ascorbic_acid,1.0,7.0,CV,8,0.11879293289189838,0.2309985858344217,0.9347359288681234,-0.08275541585719862,0.10000000000000003,1.4,1.6802472492173594e-05,0.0723453140930515,-0.07395061231597927,0.9347359288681234,0.04529058116232465,0.18797595190380767,0.13294444011898132,0.9152396084222854,0.7631578947368424
ascorbic_acid,1.0,7.0,CV,9,0.11985980959119814,0.23000234026444394,0.9001954106156067,-0.09116367671505983,0.10000000000000003,1.4,-4.550975468633245e-05,0.08277240915554639,-0.07031889132729108,0.9001954106156067,0.05931863727454911,0.19639278557114226,0.13670139506823453,0.8771414905529364,1.0
ascorbic_acid,1.0,7.5,CV,0,0.11935117116230293,0.23263968731037096,0.9682233857097378,-0.11672323244201606,0.10000000000000003,1.4,-5.538169689407957e-06,0.06938629781218963,-0.07371932182257684,0.9682233857097378,0.014428857715430898,0.17955911823647286,0.13046729531180398,0.9474928522141748,0.5609756097560976
ascorbic_acid,1.0,7.5,CV,1,0.11915695617003015,0.2307413313104098,0.9072032729574705,-0.0942612311228712,0.10000000000000003,1.4,1.851248646320003e-05,0.07832200143281484,-0.07290859636642313,0.9072032729574705,0.02004008016032066,0.18797595190380756,0.13338308585481423,0.8851293013652259,0.6341463414634151
ascorbic_acid,1.0,7.5,CV,2,0.12015047702945553,0.23254099933651987,0.9638636793806307,-0.08908080929486793,0.10000000000000003,1.4,-1.0167548002007531e-05,0.0679558303292776,-0.08301380862448136,0.9638636793806307,0.04809619238476959,0.17955911823647297,0.13021295720424167,0.9430088693808387,0.8823529411764698
ascorbic_acid,1.0,7.5,CV,3,0.12205015687872532,0.23161804352274673,0.9309292483066941,-0.10197080405906124,0.10000000000000003,1.4,-0.0002707055733738686,0.08621887441379764,-0.1433887614017025,0.9309292483066941,0.02845691382765536,0.18517034068136273,0.13256957720767026,0.9068441240929388,0.7837837837837843
ascorbic_acid,1.0,7.5,CV,4,0.12054409431578182,0.23462720599385825,0.9525445728214158,-0.09507952090306579,0.10000000000000003,1.4,-7.652893532826099e-05,0.07942973610333036,-0.09156339362174315,0.9525445728214158,0.02004008016032066,0.1907815631262525,0.13755408050112286,0.9331953629151898,0.6190476190476192
ascorbic_acid,1.0,7.5,CV,5,0.12090777877830519,0.23425342892305565,0.9652646610606488,-0.10046415354507521,0.10000000000000003,1.4,-1.8440049002558135e-05,0.07079037271942687,-0.07946561694941254,0.9652646610606488,0.017234468937875724,0.17955911823647297,0.13101173104222416,0.944287765079745,0.5609756097560971
ascorbic_acid,1.0,7.5,CV,6,0.12045962505765004,0.2342356064111922,0.9099051819635461,-0.10200087892281787,0.10000000000000003,1.4,6.968987292466378e-05,0.11415074307448256,-0.07357831916396694,0.9099051819635461,0.011623246492985961,0.1991983967935872,0.13994000225996078,0.8904612878453531,0.5434782608695646
ascorbic_acid,1.0,7.5,CV,7,0.11859454357043234,0.2321453045973464,0.9198279799328934,-0.08432359087826115,0.10000000000000003,1.4,-3.8437058231147184e-05,0.06790592940917867,-0.06622382194131077,0.9198279799328934,0.056513026052104176,0.19639278557114226,0.1380614470709519,0.9017875552524638,0.7073170731707324
ascorbic_acid,1.0,7.5,CV,8,0.11994680288349355,0.23336351161503496,0.9351872279926069,-0.08359903406178884,0.10000000000000003,1.4,1.6941612632327517e-05,0.0701672062134614,-0.07468565341070163,0.9351872279926069,0.025651302605210424,0.1907815631262525,0.1358892586174289,0.915422202242126,0.7
ascorbic_acid,1.0,7.5,CV,9,0.12102428520154447,0.23212841365136513,0.9241937754403778,-0.09211085810094508,0.10000000000000003,1.4,-4.5990048568332385e-05,0.08750959568949779,-0.07101811753333011,0.9241937754403778,0.022845691382765487,0.1991983967935872,0.1389834282708941,0.9005965370421702,0.6904761904761892
ascorbic_acid,1.0,8.0,CV,0,0.12049909566637992,0.2349698814447443,0.9959040793958936,-0.11792189178250607,0.10000000000000003,1.4,-5.620377166400791e-06,0.07006971447908543,-0.08213695802993887,0.9959040793958936,0.014428857715430898,0.17675350701402803,0.1300578651672734,0.9745181605730852,0.8529411764705892
ascorbic_acid,1.0,8.0,CV,1,0.12030296716226298,0.2331750349898296,0.9189001366458152,-0.09520817930762084,0.10000000000000003,1.4,1.866723914499896e-05,0.07923173383859619,-0.07117811926431361,0.9189001366458152,0.02004008016032066,0.18797595190380756,0.13476816122275245,0.8971855112315112,0.9705882352941183
ascorbic_acid,1.0,8.0,CV,2,0.12130627673011765,0.2350056601306258,0.9701468696156481,-0.08999929741502437,0.10000000000000003,1.4,-1.0295366634600233e-05,0.06599924187758138,-0.08383140494393937,0.9701468696156481,0.017234468937875724,0.17675350701402803,0.130511372280961,0.9491291489508689,0.9687499999999982
ascorbic_acid,1.0,8.0,CV,3,0.12322467325954287,0.23395742071653955,0.9231741318293082,-0.1029950673503811,0.10000000000000003,1.4,-0.0002734003544823137,0.08505958265503545,-0.14480172437655967,0.9231741318293082,0.025651302605210424,0.1991983967935872,0.13997865027637285,0.898575252685916,0.9189189189189196
ascorbic_acid,1.0,8.0,CV,4,0.12170377214825373,0.2367722125734936,0.9646881636820839,-0.09608976061986739,0.10000000000000003,1.4,-7.73105824792395e-05,0.08378004686683692,-0.09246541776603334,0.9646881636820839,0.02004008016032066,0.1823647294589178,0.134122120192335,0.9437592087385028,0.9117647058823537
ascorbic_acid,1.0,8.0,CV,5,0.12207103982810981,0.236791263994921,0.9850224094596257,-0.1014735020419561,0.10000000000000003,1.4,-1.8649372818970334e-05,0.07208163926149704,-0.08026348662947111,0.9850224094596257,0.017234468937875724,0.1823647294589178,0.13352086849648073,0.9633164766950341,0.9696969696969692
ascorbic_acid,1.0,8.0,CV,6,0.12161847065300153,0.23675319006613654,0.9452797659137063,-0.10302478970515376,0.10000000000000003,1.4,7.034885308140109e-05,0.11527552660595433,-0.07430275118420396,0.9452797659137063,0.011623246492985961,0.19358717434869732,0.13907127232521094,0.9251279099382543,0.8648648648648647
ascorbic_acid,1.0,8.0,CV,7,0.11973501336752845,0.23446068177547524,0.9038105631004624,-0.08517732355327887,0.10000000000000003,1.4,-3.8843403469847885e-05,0.06832892826192327,-0.06878015422152634,0.9038105631004624,0.025651302605210424,0.1823647294589179,0.1325176991852447,0.8856500944089152,0.7105263157894741
ascorbic_acid,1.0,8.0,CV,8,0.1211005958755793,0.23568662386286957,0.9335041631118555,-0.08444347328061359,0.10000000000000003,1.4,1.708088820988224e-05,0.06878090322275751,-0.07542140997792515,0.9335041631118555,0.025651302605210424,0.18797595190380756,0.13664429817060494,0.9138271934775708,0.9142857142857139
ascorbic_acid,1.0,8.0,CV,9,0.12218869413606274,0.23426677116470163,0.9290016874714719,-0.09306055069642968,0.10000000000000003,1.4,-4.6470809980059926e-05,0.09194029391920289,-0.0717180244130381,0.9290016874714719,0.022845691382765487,0.17675350701402803,0.1299167959078558,0.9054105095652145,0.9687500000000007
ascorbic_acid,2.0,6.0,CV,0,0.21324503028230782,0.4197903145414775,1.7510323549642122,-0.2145473543722291,0.10000000000000003,1.4,-1.2247226656141751e-05,0.1389717844198768,-0.1475646459298735,1.7510323549642122,0.0929859719438878,0.17955911823647297,0.23530438819524863,1.716409502575429,0.8285714285714291
ascorbic_acid,2.0,6.0,CV,1,0.2128946511408252,0.4169882828738243,1.7059896355394817,-0.1715246329531199,0.10000000000000003,1.4,3.1142051155165215e-05,0.14113029971007313,-0.13613169202646302,1.7059896355394817,0.0845691382765531,0.1907815631262525,0.24256611926665356,1.6679562333557651,0.7
ascorbic_acid,2.0,6.0,CV,2,0.2146870410160703,0.41908190231099757,1.6514001446039042,-0.1639334513114425,0.10000000000000003,1.4,-2.0598989719256e-05,0.12658956650063502,-0.14975792854295225,1.6514001446039042,0.0845691382765531,0.18797595190380767,0.24198158310205492,1.6166704726112684,0.7179487179487174
ascorbic_acid,2.0,6.0,CV,3,0.21811421307364304,0.41936486041677234,1.7365867467883316,-0.18556203465449375,0.10000000000000003,1.4,-0.0004906301061901946,0.1636465294360172,-0.2587024771245434,1.7365867467883316,0.0929859719438878,0.1739478957915832,0.23109028356719008,1.695694311030036,0.7714285714285721
ascorbic_acid,2.0,6.0,CV,4,0.21539715759997452,0.4246272620422283,1.6908331029207737,-0.1725656019420818,0.10000000000000003,1.4,-0.00014032015875398686,0.13284104072442854,-0.165178737949985,1.6908331029207737,0.10701402805611226,0.19358717434869743,0.2507187490572865,1.6554361772403896,0.8157894736842106
ascorbic_acid,2.0,6.0,CV,5,0.21605327301237545,0.4220479340556884,1.6556569454128507,-0.1828381286997036,0.10000000000000003,1.4,-3.55232330259525e-05,0.12715172199206226,-0.14298754599758393,1.6556569454128507,0.0761523046092184,0.19639278557114237,0.2501384031645505,1.6191603060449713,0.5909090909090906
ascorbic_acid,2.0,6.0,CV,6,0.21524476840591927,0.4220245782497219,1.7023742350997786,-0.18556238065736236,0.10000000000000003,1.4,0.0001234700868121994,0.20594576568888126,-0.13277613250291104,1.7023742350997786,0.09018036072144286,0.18797595190380756,0.2426251059911114,1.668186284485889,0.7631578947368413
ascorbic_acid,2.0,6.0,CV,7,0.2118800145182862,0.420149536681044,1.6721891566531988,-0.15339193542855079,0.10000000000000003,1.4,-7.159941254093138e-05,0.12183929149809836,-0.12409933427197839,1.6721891566531988,0.08737474949899804,0.19358717434869743,0.24669968947357226,1.6429104778143686,0.7250000000000003
ascorbic_acid,2.0,6.0,CV,8,0.2143195968163757,0.4210857161010477,1.7183529353524551,-0.15251478565797336,0.10000000000000003,1.4,2.830807104993416e-05,0.12708493564943313,-0.13473168589056897,1.7183529353524551,0.0845691382765531,0.17114228456913827,0.2283223924888569,1.6830669187588865,0.648648648648649
ascorbic_acid,2.0,6.0,CV,9,0.21626345977537498,0.4202988002768992,1.6612297181636808,-0.1694214570927685,0.10000000000000003,1.4,-8.522560194577733e-05,0.13993007915320996,-0.1281384158612006,1.6612297181636808,0.09859719438877756,0.1907815631262526,0.24488032281839064,1.622730041105377,1.0
ascorbic_acid,2.0,6.5,CV,0,0.21538288307197598,0.424304206613664,1.7216739464456312,-0.21678230728556547,0.10000000000000003,1.4,-1.2400506091054586e-05,0.13797523173233994,-0.14741141185927276,1.7216739464456312,0.0929859719438878,0.19358717434869743,0.25045538864860517,1.6885084873006462,0.7692307692307685
ascorbic_acid,2.0,6.5,CV,1,0.2150289361037997,0.4210341189869136,1.7081475592161812,-0.17329567657937037,0.10000000000000003,1.4,3.14305943211588e-05,0.14258231211374206,-0.13822803061030958,1.7081475592161812,0.0845691382765531,0.17675350701402803,0.23229413377632913,1.670211698486881,0.8
ascorbic_acid,2.0,6.5,CV,2,0.216839577454904,0.42369526642753774,1.7187062332698455,-0.16564365877836923,0.10000000000000003,1.4,-2.0837313152706427e-05,0.1288784561308231,-0.15128279131596167,1.7187062332698455,0.04809619238476959,0.19358717434869743,0.2494302965363439,1.684263893774482,0.5000000000000009
ascorbic_acid,2.0,6.5,CV,3,0.2203016475828899,0.4231997213578638,1.7163372697308876,-0.1874719020472024,0.10000000000000003,1.4,-0.0004956546436576687,0.16367587575087467,-0.26133700851463604,1.7163372697308876,0.07895791583166334,0.19639278557114237,0.2520941559125815,1.673670211976342,0.9444444444444446
ascorbic_acid,2.0,6.5,CV,4,0.21755692498552767,0.4287692132532383,1.6893270945529875,-0.17527250864271324,0.10000000000000003,1.4,-0.0001417775741141709,0.13632309878239754,-0.16686060150114287,1.6893270945529875,0.06212424849699405,0.1907815631262525,0.2512755819903099,1.655329925075054,0.6585365853658545
ascorbic_acid,2.0,6.5,CV,5,0.21821972146368088,0.4266706572643525,1.6964364945361903,-0.18472020196298344,0.10000000000000003,1.4,-3.591352644661949e-05,0.12499238304241958,-0.1446561703613292,1.6964364945361903,0.0761523046092184,0.18797595190380756,0.24750807488572504,1.6624429545643507,0.9142857142857139
ascorbic_acid,2.0,6.5,CV,6,0.21740298404888841,0.4266877554063512,1.7072881352385156,-0.18747193151090352,0.10000000000000003,1.4,0.00012469878420311688,0.20804297387455428,-0.1341121390417842,1.7072881352385156,0.07895791583166334,0.1991983967935872,0.25510762868025016,1.6727723410298585,0.9722222222222218
ascorbic_acid,2.0,6.5,CV,7,0.21400396768008403,0.42404308008049835,1.7137384395728759,-0.15506082633713167,0.10000000000000003,1.4,-7.235706103797024e-05,0.11781358857379942,-0.12530969733217995,1.7137384395728759,0.056513026052104176,0.1907815631262525,0.24662519047280626,1.6842053106988286,0.5813953488372088
ascorbic_acid,2.0,6.5,CV,8,0.2164683916591242,0.42562395188075236,1.7206367515434973,-0.1540892857315906,0.10000000000000003,1.4,2.8567756476777672e-05,0.13290857646574372,-0.13610353719154417,1.7206367515434973,0.0845691382765531,0.1907815631262525,0.24748276775836184,1.6853606518468165,0.9999999999999989
ascorbic_acid,2.0,6.5,CV,9,0.21843204850803533,0.42427268720176575,1.6575432577220852,-0.17118789939043685,0.10000000000000003,1.4,-8.612200265873238e-05,0.1459726648579821,-0.12944342174118645,1.6575432577220852,0.07895791583166334,0.19639278557114226,0.2524412457242615,1.6179897682265831,1.0
ascorbic_acid,2.0,7.0,CV,0,0.21752065651051464,0.42875525325601,1.7310549718656771,-0.21901374494938036,0.10000000000000003,1.4,-1.2553544442571284e-05,0.13164470376196258,-0.14246220110499763,1.7310549718656771,0.05370741482965935,0.18517034068136273,0.24553328231226237,1.6955808137023267,0.885714285714286
ascorbic_acid,2.0,7.0,CV,1,0.2171631473272555,0.4252410933104606,1.6645696671429016,-0.17506031670298391,0.10000000000000003,1.4,3.1718683655496794e-05,0.1440591746137745,-0.13781294717812187,1.6645696671429016,0.06492985971943888,0.18797595190380756,0.24473711729871606,1.6254078691996976,0.9142857142857139
ascorbic_acid,2.0,7.0,CV,2,0.21899201144761754,0.42831007546168137,1.8038865160609903,-0.16735134110410899,0.10000000000000003,1.4,-2.107526174239027e-05,0.130485490932515,-0.15280522263235416,1.8038865160609903,0.04809619238476959,0.17955911823647286,0.23966957987142284,1.7686189019546457,0.7777777777777782
ascorbic_acid,2.0,7.0,CV,3,0.22248892475703075,0.4271315996961311,1.6647972690501718,-0.1893787056582071,0.10000000000000003,1.4,-0.0005006712783455589,0.16234447776149924,-0.26396739621556814,1.6647972690501718,0.07895791583166334,0.20200400801603213,0.25861032691674585,1.623303074467654,0.6744186046511629
ascorbic_acid,2.0,7.0,CV,4,0.21971657855185808,0.4328194070829811,1.7041321479399028,-0.17749310727351614,0.10000000000000003,1.4,-0.0001432326971973703,0.14117350300122034,-0.1685398197545523,1.7041321479399028,0.05370741482965935,0.18517034068136262,0.24826418849867574,1.6689270269800327,0.8333333333333337
ascorbic_acid,2.0,7.0,CV,5,0.22038604558753433,0.43135361449579795,1.70110839879128,-0.18659924446929785,0.10000000000000003,1.4,-3.6303205999459686e-05,0.1286421338759725,-0.1462257882102838,1.70110839879128,0.04809619238476959,0.18517034068136273,0.24740985541960844,1.6669534100493006,0.7837837837837843
ascorbic_acid,2.0,7.0,CV,6,0.21956108831327345,0.4313937962879079,1.6857896429988146,-0.18937818232615866,0.10000000000000003,1.4,0.00012592554905277252,0.21013688349310022,-0.13545496429168566,1.6857896429988146,0.06492985971943888,0.18517034068136273,0.24614958024594966,1.6522398781025045,0.885714285714286
ascorbic_acid,2.0,7.0,CV,7,0.21612786335260512,0.4280585725268132,1.753336403742505,-0.15670328555187835,0.10000000000000003,1.4,-7.311351787742693e-05,0.12322411827688617,-0.124185539830441,1.753336403742505,0.056513026052104176,0.1907815631262525,0.24933815495584197,1.7239376862269715,0.9999999999999989
ascorbic_acid,2.0,7.0,CV,8,0.2186170899406743,0.4300854909307113,1.7377484837092025,-0.15566130482577395,0.10000000000000003,1.4,2.8827033460491424e-05,0.1345561714550727,-0.13747323010682885,1.7377484837092025,0.04529058116232465,0.18797595190380767,0.24750956973189636,1.7038302770687075,0.7631578947368424
ascorbic_acid,2.0,7.0,CV,9,0.22060050954692956,0.42823546129627665,1.6735383297027653,-0.1729518852553808,0.10000000000000003,1.4,-8.701699347944869e-05,0.15391093181406432,-0.13074637591782956,1.6735383297027653,0.05931863727454911,0.19639278557114226,0.2545871485044978,1.6334316602788408,1.0
ascorbic_acid,2.0,7.5,CV,0,0.2196583507810206,0.43312792493263386,1.7999586229287354,-0.22124147648823908,0.10000000000000003,1.4,-1.2706328619266461e-05,0.12897746568821808,-0.1370333932001685,1.7999586229287354,0.014428857715430898,0.17955911823647286,0.24283985802988903,1.7634321275636313,0.5609756097560976
ascorbic_acid,2.0,7.5,CV,1,0.21929728529903827,0.4295878439382165,1.6865527007794,-0.17682070151598644,0.10000000000000003,1.4,3.200629451096215e-05,0.145600363942181,-0.13558152386674663,1.6865527007794,0.02004008016032066,0.18797595190380756,0.24839008386453404,1.6481779678958264,0.6341463414634151
ascorbic_acid,2.0,7.5,CV,2,0.22114434192309176,0.4329407832994423,1.7918854310741397,-0.1690567275610861,0.10000000000000003,1.4,-2.131281513277783e-05,0.12638829974155263,-0.15432502444547594,1.7918854310741397,0.04809619238476959,0.17955911823647297,0.24250669691223498,1.7559045586720008,0.8823529411764698
ascorbic_acid,2.0,7.5,CV,3,0.22467604054409918,0.4312230083015545,1.7306900934438598,-0.19128232408347987,0.10000000000000003,1.4,-0.0005056795810799428,0.16030312992152768,-0.26659341519668217,1.7306900934438598,0.02845691382765536,0.18517034068136273,0.2468803776500383,1.6886143730283434,0.7837837837837843
ascorbic_acid,2.0,7.5,CV,4,0.2218761166102095,0.4368216838962861,1.7708468023701143,-0.17947756021490366,0.10000000000000003,1.4,-0.00014468540351832027,0.14768612968442182,-0.1702162490521213,1.7708468023701143,0.02004008016032066,0.1907815631262525,0.25612229010576426,1.737399769485566,0.6190476190476192
ascorbic_acid,2.0,7.5,CV,5,0.222552243124511,0.4361167687471479,1.7944781377832695,-0.18847514449473526,0.10000000000000003,1.4,-3.6692238348304594e-05,0.13160108440941282,-0.14773805204766624,1.7944781377832695,0.017234468937875724,0.17955911823647297,0.24388416303491453,1.7576714064108605,0.5609756097560971
ascorbic_acid,2.0,7.5,CV,6,0.2217190796428614,0.43609247305112736,1.6915156453023845,-0.19128117042319837,0.10000000000000003,1.4,0.00012715027640990796,0.21222731541010234,-0.13679959675467415,1.6915156453023845,0.011623246492985961,0.1991983967935872,0.26062353411934747,1.6581686540021199,0.5434782608695646
ascorbic_acid,2.0,7.5,CV,7,0.2182517029061944,0.43220450255098153,1.7099708138513894,-0.15830555388313666,0.10000000000000003,1.4,-7.386871834519804e-05,0.12627002096776963,-0.12315549077262722,1.7099708138513894,0.056513026052104176,0.19639278557114226,0.25709837634605753,1.6790891372236063,0.7073170731707324
ascorbic_acid,2.0,7.5,CV,8,0.2207656909094984,0.4344680387525656,1.7386002637078528,-0.15723071175501493,0.10000000000000003,1.4,2.90858798187702e-05,0.1304994730867366,-0.13884064795155085,1.7386002637078528,0.025651302605210424,0.1907815631262525,0.252949530318656,1.7039729876497944,0.7
ascorbic_acid,2.0,7.5,CV,9,0.22276884044981865,0.4321737904977655,1.7181528415186953,-0.174713955083543,0.10000000000000003,1.4,-8.791049784218718e-05,0.16273064668413775,-0.13204716630682004,1.7181528415186953,0.022845691382765487,0.1991983967935872,0.2589572101200136,1.6776468370687947,0.6904761904761892
ascorbic_acid,2.0,8.0,CV,0,0.22179589047634246,0.4374466002409566,1.8515003811506932,-0.22347142485060928,0.10000000000000003,1.4,-1.2859264839351958e-05,0.13024887268909088,-0.15270628413310894,1.8515003811506932,0.014428857715430898,0.17675350701402803,0.24218391284845328,1.8143550152983836,0.8529411764705892
ascorbic_acid,2.0,8.0,CV,1,0.2214312651567489,0.43409881234783476,1.7083326739885532,-0.17858237451706946,0.10000000000000003,1.4,3.2294191562011966e-05,0.14729303812893926,-0.13235825533483322,1.7083326739885532,0.02004008016032066,0.18797595190380756,0.2508875235461406,1.6702041321348855,0.9705882352941183
ascorbic_acid,2.0,8.0,CV,2,0.22329653238793187,0.4375094857104417,1.803611648466695,-0.17076545634831894,0.10000000000000003,1.4,-2.1550604920761664e-05,0.12275987607510119,-0.1558460546826569,1.803611648466695,0.017234468937875724,0.17675350701402803,0.24302335669605502,1.7671314638531044,0.9687499999999982
ascorbic_acid,2.0,8.0,CV,3,0.22686305093554537,0.4355586595556089,1.7162608144161409,-0.19318783149007515,0.10000000000000003,1.4,-0.0005106928676049325,0.15814314436549584,-0.26922204734047694,1.7162608144161409,0.025651302605210424,0.1991983967935872,0.2606104716484214,1.6728947208552458,0.9189189189189196
ascorbic_acid,2.0,8.0,CV,4,0.22403552183022327,0.44079619038036505,1.7934578528442575,-0.1813570494184651,0.10000000000000003,1.4,-0.0001461395554407272,0.1557854959697471,-0.17189434656942987,1.7934578528442575,0.02004008016032066,0.18797595190380756,0.25487106682558974,1.757590424639528,0.9705882352941183
ascorbic_acid,2.0,8.0,CV,5,0.22471831445002544,0.440821712750475,1.8312669782932178,-0.19035290488442216,0.10000000000000003,1.4,-3.708165783210182e-05,0.13400430274170888,-0.149222408736956,1.8312669782932178,0.017234468937875724,0.1823647294589178,0.24859729013798668,1.793346392463734,0.9696969696969692
ascorbic_acid,2.0,8.0,CV,6,0.2238769365949553,0.4407597500487794,1.7573848119739315,-0.19318602204254887,0.10000000000000003,1.4,0.00012837622249125313,0.21431982752701756,-0.13814730640486717,1.7573848119739315,0.011623246492985961,0.19358717434869732,0.2588861771776285,1.7221269923729625,0.8648648648648647
ascorbic_acid,2.0,8.0,CV,7,0.2203753740977117,0.4364955813647742,1.6802617256145622,-0.1598938202959201,0.10000000000000003,1.4,-7.462467032337794e-05,0.12705675199023592,-0.1279146810515117,1.6802617256145622,0.025651302605210424,0.1823647294589179,0.24676894236486055,1.649148096414322,0.7105263157894741
ascorbic_acid,2.0,8.0,CV,8,0.22291414815644042,0.43877361239396856,1.7354655239751555,-0.1588016800774139,0.10000000000000003,1.4,2.9344983748957443e-05,0.12791436959184949,-0.14020942646666412,1.7354655239751555,0.025651302605210424,0.18797595190380756,0.25433594637916973,1.7009149226989753,0.9142857142857139
ascorbic_acid,2.0,8.0,CV,9,0.2249370472641672,0.43613569921795287,1.7271048900840265,-0.17648073753779137,0.10000000000000003,1.4,-8.880489134213131e-05,0.17097968702383437,-0.13334925118404095,1.7271048900840265,0.022845691382765487,0.17675350701402803,0.24199454762775593,1.6862721266176381,0.9687500000000007
ascorbic_acid,5.0,6.0,CV,0,0.43851298461969995,0.8695694382942065,3.6236280657857116,-0.44926857709614904,0.10000000000000003,1.4,-2.8345076789995095e-05,0.2876246507526896,-0.3054464742508821,3.6236280657857116,0.0929859719438878,0.17955911823647297,0.48762000630581703,3.556246637349606,0.8285714285714291
ascorbic_acid,5.0,6.0,CV,1,0.43778790198674894,0.8637580522988821,3.530399349871899,-0.3569231255992094,0.10000000000000003,1.4,6.144569004658962e-05,0.29204771019077813,-0.28176835230926867,3.530399349871899,0.0845691382765531,0.1907815631262525,0.5025521200561845,3.455293300956064,0.7
ascorbic_acid,5.0,6.0,CV,2,0.4414971147113369,0.8680989160177218,3.417430605067235,-0.34353779268176465,0.10000000000000003,1.4,-4.562840685913461e-05,0.2620301951615218,-0.3099048825798908,3.417430605067235,0.0845691382765531,0.18797595190380767,0.5012172638717918,3.3485281232063357,0.7179487179487174
ascorbic_acid,5.0,6.0,CV,3,0.4485893831853279,0.8686824340356014,3.5937339928496757,-0.38613272071008625,0.10000000000000003,1.4,-0.001018321581622759,0.3386862646102724,-0.5353885930748168,3.5937339928496757,0.0929859719438878,0.1739478957915832,0.4784456565070618,3.510864441000467,0.7714285714285721
ascorbic_acid,5.0,6.0,CV,4,0.4429666462598781,0.8795769194581223,3.4990152846005733,-0.3604879107654868,0.10000000000000003,1.4,-0.00029338214041861344,0.2749053922098615,-0.3418129186175376,3.4990152846005733,0.10701402805611226,0.19358717434869743,0.5193654273551106,3.4290414254247894,0.8157894736842106
ascorbic_acid,5.0,6.0,CV,5,0.4443244265453437,0.8742268148073632,3.4261843687058477,-0.38048813590958847,0.10000000000000003,1.4,-7.651297831459259e-05,0.263193532631119,-0.2959051394280896,3.4261843687058477,0.0761523046092184,0.19639278557114237,0.5180886170131336,3.353518504491458,0.5909090909090906
ascorbic_acid,5.0,6.0,CV,6,0.44265128856594893,0.8741894912569077,3.522932293946074,-0.38606239925339597,0.10000000000000003,1.4,0.0002525114450059891,0.4262006426705524,-0.27478246895222114,3.522932293946074,0.09018036072144286,0.18797595190380756,0.5025998286071374,3.4554192235111167,0.7631578947368413
ascorbic_acid,5.0,6.0,CV,7,0.43568818968468065,0.8703076250528814,3.4604614729891714,-0.32311268565082807,0.10000000000000003,1.4,-0.00015116985177700393,0.2521257721249608,-0.25686938506013046,3.4604614729891714,0.08737474949899804,0.19358717434869743,0.5110913711448306,3.403364859839766,0.7250000000000003
ascorbic_acid,5.0,6.0,CV,8,0.4407367172554558,0.8722430285047247,3.5559842461143574,-0.31787267740331054,0.10000000000000003,1.4,5.558098660637611e-05,0.2630562862154831,-0.27880738060615273,3.5559842461143574,0.0845691382765531,0.17114228456913827,0.47306933329472506,3.486778855528491,0.648648648648649
ascorbic_acid,5.0,6.0,CV,9,0.44475939185430086,0.8706173933791571,3.4377829051799185,-0.35492474316811434,0.10000000000000003,1.4,-0.00017936820071110172,0.28958560491552576,-0.26519403964180266,3.4377829051799185,0.09859719438877756,0.1907815631262526,0.5071954088063618,3.3609510075275995,1.0
ascorbic_acid,5.0,6.5,CV,0,0.4429414307755404,0.878892159362947,3.5628122635533837,-0.45389513414808363,0.10000000000000003,1.4,-2.8662379246915838e-05,0.28560184575292125,-0.30512744942880976,3.5628122635533837,0.0929859719438878,0.19358717434869743,0.5187530665601946,3.497096413148415,0.7692307692307685
ascorbic_acid,5.0,6.5,CV,1,0.4422089624148404,0.8721119352799005,3.5348679458529952,-0.3605893555157435,0.10000000000000003,1.4,6.204300080487668e-05,0.2950535289159406,-0.2861093004601546,3.5348679458529952,0.0845691382765531,0.17675350701402803,0.4813647046364691,3.46053275091641,0.8
ascorbic_acid,5.0,6.5,CV,2,0.4459559573646555,0.8776274418165991,3.5565828228945895,-0.34707807872425783,0.10000000000000003,1.4,-4.612175817543385e-05,0.26677818504161555,-0.31306148804218525,3.5565828228945895,0.04809619238476959,0.19358717434869743,0.5166405366914399,3.4882701511477965,0.5000000000000009
ascorbic_acid,5.0,6.5,CV,3,0.4531204680379355,0.8765998718509739,3.5518338506353735,-0.3900863211000176,0.10000000000000003,1.4,-0.0010287228339774974,0.3387451408654294,-0.5408423141391383,3.5518338506353735,0.07895791583166334,0.19639278557114237,0.5222180566877026,3.466809563736001,0.9444444444444446
ascorbic_acid,5.0,6.5,CV,4,0.44744045763461227,0.8881302436326749,3.4959167854798103,-0.3660926599480822,0.10000000000000003,1.4,-0.00029639912358275165,0.2821164490755815,-0.3452945300763183,3.4959167854798103,0.06212424849699405,0.1907815631262525,0.5204240584947147,3.4283609374579167,0.6585365853658545
ascorbic_acid,5.0,6.5,CV,5,0.44881206833757153,0.8837749309233157,3.510655276374774,-0.38438419992896605,0.10000000000000003,1.4,-7.732092141125202e-05,0.25864821366397434,-0.29935962299624197,3.510655276374774,0.0761523046092184,0.18797595190380756,0.5128684878912505,3.444409800395154,0.9142857142857139
ascorbic_acid,5.0,6.5,CV,6,0.44712188769153366,0.883821317782728,3.53310730314852,-0.3900153448477136,0.10000000000000003,1.4,0.00025505496104368897,0.43054205553110286,-0.2775481035400812,3.53310730314852,0.07895791583166334,0.1991983967935872,0.5284624800621408,3.464974566605981,0.9722222222222218
ascorbic_acid,5.0,6.5,CV,7,0.44008786233887,0.8783465677009535,3.546394273783898,-0.32645802745810637,0.10000000000000003,1.4,-0.00015273825349853797,0.24382676479330767,-0.2593752685530626,3.546394273783898,0.056513026052104176,0.1907815631262525,0.5109460793439252,3.488840034820239,0.5813953488372088
ascorbic_acid,5.0,6.5,CV,8,0.44518781446248346,0.8816162211695282,3.5607134511206073,-0.3211320366470727,0.10000000000000003,1.4,5.611855920383935e-05,0.2751182356722306,-0.28164723833900923,3.5607134511206073,0.0845691382765531,0.1907815631262525,0.5127768345506064,3.4915673980910142,0.9999999999999989
ascorbic_acid,5.0,6.5,CV,9,0.44925146422479134,0.878822611499654,3.4301637772428757,-0.35858144054576946,0.10000000000000003,1.4,-0.00018122383221684047,0.30210395224893005,-0.26789552123329297,3.4301637772428757,0.07895791583166334,0.19639278557114226,0.5230476025231097,3.3521524156012266,1.0
ascorbic_acid,5.0,7.0,CV,0,0.447369710717848,0.8880850905697216,3.582309542870673,-0.4585145592723891,0.10000000000000003,1.4,-2.8979192580957937e-05,0.272487289008964,-0.29487398217909533,3.582309542870673,0.05370741482965935,0.18517034068136273,0.5087645067336671,3.5129396110948936,0.885714285714286
ascorbic_acid,5.0,7.0,CV,1,0.44662986801453536,0.8807995163269466,3.4446956571331713,-0.36424243925185934,0.10000000000000003,1.4,6.263939080521518e-05,0.2981109190623634,-0.28524809078788116,3.4446956571331713,0.06492985971943888,0.18797595190380756,0.5069304680375298,3.3666628018100635,0.9142857142857139
ascorbic_acid,5.0,7.0,CV,2,0.45041458694808906,0.8871592454727701,3.7330256228858074,-0.3506132486347096,0.10000000000000003,1.4,-4.661434898865569e-05,0.27010585335585824,-0.3162131590271213,3.7330256228858074,0.04809619238476959,0.17955911823647286,0.4965177541182315,3.6635402352561246,0.7777777777777782
ascorbic_acid,5.0,7.0,CV,3,0.4576512284589477,0.8847182729940684,3.445071151277064,-0.39403370297100526,0.10000000000000003,1.4,-0.001039108052750323,0.3359854282756211,-0.5462876282652539,3.445071151277064,0.07895791583166334,0.20200400801603213,0.5356071888587348,3.361949134237144,0.6744186046511629
ascorbic_acid,5.0,7.0,CV,4,0.4519140328651025,0.8964938839359118,3.526594457030157,-0.3706901776349655,0.10000000000000003,1.4,-0.00029941145605274144,0.2921620263057238,-0.34877077461353273,3.526594457030157,0.05370741482965935,0.18517034068136262,0.5143359671473089,3.457347085005935,0.8333333333333337
ascorbic_acid,5.0,7.0,CV,5,0.45329945266589816,0.8934479914564605,3.5203327923716023,-0.3882741119755474,0.10000000000000003,1.4,-7.812761906003818e-05,0.2662067278416611,-0.3026091194331458,3.5203327923716023,0.04809619238476959,0.18517034068136273,0.5126104973617236,3.4534905034440904,0.7837837837837843
ascorbic_acid,5.0,7.0,CV,6,0.45159225562457284,0.8935421437294079,3.4886090586249825,-0.39396158248974644,0.10000000000000003,1.4,0.00025759455623829955,0.43487677608223596,-0.28032795312675224,3.4886090586249825,0.06492985971943888,0.18517034068136273,0.5097450552524917,3.4216292673209256,0.885714285714286
ascorbic_acid,5.0,7.0,CV,7,0.4444874131340228,0.886638078124455,3.6284171539069545,-0.32979821240249163,0.10000000000000003,1.4,-0.00015430423752143873,0.2550330063866715,-0.25704542441731193,3.6284171539069545,0.056513026052104176,0.1907815631262525,0.5164372340492231,3.570494451365397,0.9999999999999989
ascorbic_acid,5.0,7.0,CV,8,0.44963871053927,0.8908309579466928,3.5961489677699854,-0.3243863621530482,0.10000000000000003,1.4,5.665530313003009e-05,0.2785298699214642,-0.28448271699422356,3.5961489677699854,0.04529058116232465,0.18797595190380767,0.5127094176427928,3.529191700212533,0.7631578947368424
ascorbic_acid,5.0,7.0,CV,9,0.45374327230162215,0.8870050282739053,3.46327479959019,-0.36223316787726645,0.10000000000000003,1.4,-0.00018307660325780307,0.31854579853806303,-0.2705928402559329,3.46327479959019,0.05931863727454911,0.19639278557114226,0.5275099630479563,3.3842200145486387,1.0
ascorbic_acid,5.0,7.5,CV,0,0.45179782361291004,0.8971164438558075,3.724831600492702,-0.46312655556664106,0.10000000000000003,1.4,-2.929549642836826e-05,0.2668884542013125,-0.2835602441025955,3.724831600492702,0.014428857715430898,0.17955911823647286,0.5031114266851087,3.652914659080643,0.5609756097560976
ascorbic_acid,5.0,7.5,CV,1,0.4510506184261712,0.8897769854130274,3.490189948024436,-0.3678869044257676,0.10000000000000003,1.4,6.323482170721095e-05,0.30130171717814275,-0.2806245846532097,3.490189948024436,0.02004008016032066,0.18797595190380756,0.514671064757464,3.414739234209061,0.6341463414634151
ascorbic_acid,5.0,7.5,CV,2,0.4548730006769355,0.8967246063762937,3.70816434213626,-0.3541438526914768,0.10000000000000003,1.4,-4.7106147635418206e-05,0.2616177289528172,-0.3193595524883492,3.70816434213626,0.04809619238476959,0.17955911823647297,0.5021973015691756,3.636123786884891,0.8823529411764698
ascorbic_acid,5.0,7.5,CV,3,0.4621816570268215,0.8931674040131098,3.5815651921898706,-0.3979746989971345,0.10000000000000003,1.4,-0.001049476570342571,0.33175526409656,-0.5517241854079209,3.5815651921898706,0.02845691382765536,0.18517034068136273,0.5111536937050636,3.496371476600724,0.7837837837837843
ascorbic_acid,5.0,7.5,CV,4,0.456387368205885,0.9047589215818761,3.664631962182816,-0.37479873690801424,0.10000000000000003,1.4,-0.0003024189441867431,0.305650926257805,-0.35224142876242515,3.664631962182816,0.02004008016032066,0.1907815631262525,0.5304567544789895,3.598211286956714,0.6190476190476192
ascorbic_acid,5.0,7.5,CV,5,0.4577865748971587,0.9032876890891358,3.71351504105562,-0.39215772354966294,0.10000000000000003,1.4,-7.893301940560172e-05,0.2723344457490947,-0.3057399732750534,3.71351504105562,0.017234468937875724,0.17955911823647297,0.505183983130913,3.6405233338945227,0.5609756097560971
ascorbic_acid,5.0,7.5,CV,6,0.4560623888257792,0.9032483876235206,3.5003855747436963,-0.3979012736097933,0.10000000000000003,1.4,0.0002601300673329017,0.43920452567253676,-0.2831116963217395,3.5003855747436963,0.011623246492985961,0.1991983967935872,0.5398732134898011,3.4346294369440615,0.5434782608695646
ascorbic_acid,5.0,7.5,CV,7,0.4488868430832436,0.8952001166372053,3.5385870866341937,-0.3331330257658004,0.10000000000000003,1.4,-0.00015586770318057352,0.2613412042890807,-0.2549116386393879,3.5385870866341937,0.056513026052104176,0.19639278557114226,0.532542697121392,3.477777584937207,0.7073170731707324
ascorbic_acid,5.0,7.5,CV,8,0.45408940319825253,0.8998828391071513,3.5979275749345634,-0.3276354515593382,0.10000000000000003,1.4,5.719118387882238e-05,0.2701255764220303,-0.28731363531751625,3.5979275749345634,0.025651302605210424,0.1907815631262525,0.5239439041396827,3.5293422653592614,0.7
ascorbic_acid,5.0,7.5,CV,9,0.4582348111672532,0.8951374167146683,3.5556009658713723,-0.36588112238612686,0.10000000000000003,1.4,-0.00018492639473310967,0.33681365041459027,-0.27328582203975393,3.5556009658713723,0.022845691382765487,0.1991983967935872,0.5365302576442812,3.475558815248196,0.6904761904761892
ascorbic_acid,5.0,8.0,CV,0,0.45622561560797,0.9060370117827222,3.831594679497515,-0.46774320137964814,0.10000000000000003,1.4,-2.961211916818085e-05,0.2695206388322464,-0.31602386740044563,3.831594679497515,0.014428857715430898,0.17675350701402803,0.5018026740289293,3.7586962528493664,0.8529411764705892
ascorbic_acid,5.0,8.0,CV,1,0.45547104051541637,0.8990953152213225,3.5353051175531753,-0.37153408343036487,0.10000000000000003,1.4,6.383085286995671e-05,0.3048063423437332,-0.2739465702408929,3.5353051175531753,0.02004008016032066,0.18797595190380756,0.5197345216139249,3.4597945047832215,0.9705882352941183
ascorbic_acid,5.0,8.0,CV,2,0.45933112405315896,0.906162639962329,3.7324872795219743,-0.3576814241653721,0.10000000000000003,1.4,-4.759844209730657e-05,0.2541202009322183,-0.3225085297922603,3.7324872795219743,0.017234468937875724,0.17675350701402803,0.5033577507909323,3.659936916693368,0.9687499999999982
ascorbic_acid,5.0,8.0,CV,3,0.46671186784286545,0.9021229822964816,3.5516899941170945,-0.40191965707051,0.10000000000000003,1.4,-0.001059855540831564,0.32727938718113264,-0.5571662233426854,3.5516899941170945,0.025651302605210424,0.1991983967935872,0.5396798495108708,3.4643534338041913,0.9189189189189196
ascorbic_acid,5.0,8.0,CV,4,0.4608604282370669,0.9129673936326885,3.7114677049052873,-0.378689917780934,0.10000000000000003,1.4,-0.0003054294642944557,0.32242667817933934,-0.35571558180014745,3.7114677049052873,0.02004008016032066,0.18797595190380756,0.5280315827552333,3.6409199301946775,0.9705882352941183
ascorbic_acid,5.0,8.0,CV,5,0.4622734357178873,0.913007918602368,3.7897186947366723,-0.39604523717698653,0.10000000000000003,1.4,-7.97392317196346e-05,0.2773110382244849,-0.30881305704284956,3.7897186947366723,0.017234468937875724,0.1823647294589178,0.5149309589095015,3.714349264645072,0.9696969696969692
ascorbic_acid,5.0,8.0,CV,6,0.46053224348919114,0.9128906465589727,3.636827918570452,-0.4018448740233775,0.10000000000000003,1.4,0.00026266813455405336,0.44353663823004963,-0.2859018484869734,3.636827918570452,0.011623246492985961,0.19358717434869732,0.5363584141764371,3.5675730143702844,0.8648648648648647
ascorbic_acid,5.0,8.0,CV,7,0.45328592321613564,0.9040635122613145,3.477191558861477,-0.33647120107636014,0.10000000000000003,1.4,-0.00015743274504154646,0.26296971547575954,-0.26476887171519214,3.477191558861477,0.025651302605210424,0.1823647294589179,0.5110326719751871,3.415298429961985,0.7105263157894741
ascorbic_acid,5.0,8.0,CV,8,0.45853979772071896,0.9087763733072125,3.59143324483022,-0.33088781580715176,0.10000000000000003,1.4,5.772760485367434e-05,0.2647661060460338,-0.29014740748346,3.59143324483022,0.025651302605210424,0.18797595190380756,0.5269131922407171,3.5235521505723613,0.9142857142857139
ascorbic_acid,5.0,8.0,CV,9,0.4627260930749229,0.9033195240355295,3.574143730415938,-0.3695388842277998,0.10000000000000003,1.4,-0.00018677805106578327,0.35389942535169566,-0.2759815188540761,3.574143730415938,0.022845691382765487,0.17675350701402803,0.5013927696922736,3.4935124460656737,0.9687500000000007
ascorbic_acid,10.0,6.0,CV,0,0.6804674540931953,1.3526659255949278,5.634934570001396,-0.7013765570588777,0.10000000000000003,1.4,-4.563536026709469e-05,0.4472888405175621,-0.4750232528178914,5.634934570001396,0.0929859719438878,0.17955911823647297,0.7585191386724661,5.531774709313499,0.8285714285714291
ascorbic_acid,10.0,6.0,CV,1,0.679339912154593,1.343622281376833,5.489950524525236,-0.5560548399227868,0.10000000000000003,1.4,9.399404292997104e-05,0.4541441881144982,-0.4381929133537634,5.489950524525236,0.0845691382765531,0.1907815631262525,0.7817910268678646,5.374997841214143,0.7
ascorbic_acid,10.0,6.0,CV,2,0.685107934606253,1.3503768443776707,5.3142781366759975,-0.5364461593387773,0.10000000000000003,1.4,-7.251185489826729e-05,0.40750346298247386,-0.4819145739528988,5.3142781366759975,0.0845691382765531,0.18797595190380767,0.7796715886455966,5.208756648203301,0.7179487179487174
ascorbic_acid,10.0,6.0,CV,3,0.6961367881201005,1.3512831871065927,5.58844770158223,-0.6015604946216483,0.10000000000000003,1.4,-0.001585101314494773,0.5266919060937314,-0.8325699768732585,5.58844770158223,0.0929859719438878,0.1739478957915832,0.7442224815453212,5.461059787087322,0.7714285714285721
ascorbic_acid,10.0,6.0,CV,4,0.6873931340797746,1.3682269399318483,5.441136887145544,-0.5623303906128475,0.10000000000000003,1.4,-0.00045778204665098787,0.42749302899051156,-0.5315311126678717,5.441136887145544,0.10701402805611226,0.19358717434869743,0.8079909918813609,5.334433608339496,0.8157894736842106
ascorbic_acid,10.0,6.0,CV,5,0.6895045544140873,1.3599008264877521,5.3278619715020294,-0.5927788843942795,0.10000000000000003,1.4,-0.0001205390010320202,0.4093125144286238,-0.4601499620015956,5.3278619715020294,0.0761523046092184,0.19639278557114237,0.805817753181338,5.215995113326033,0.5909090909090906
ascorbic_acid,10.0,6.0,CV,6,0.6869027361452399,1.3598484932687651,5.478346505299501,-0.6014142710787651,0.10000000000000003,1.4,0.000391111422325245,0.6627706957249397,-0.42730779328666524,5.478346505299501,0.09018036072144286,0.18797595190380756,0.7818723109462861,5.375254564392133,0.7631578947368413
ascorbic_acid,10.0,6.0,CV,7,0.6760747481967341,1.353811151578226,5.381198405350031,-0.5054053432969776,0.10000000000000003,1.4,-0.00023663439762315798,0.39206310316862814,-0.3994742544251826,5.381198405350031,0.08737474949899804,0.19358717434869743,0.7950207197858956,5.293980991494639,0.7250000000000003
ascorbic_acid,10.0,6.0,CV,8,0.6839254762455789,1.3568197960793047,5.529736394710474,-0.49547930187052447,0.10000000000000003,1.4,8.487411812996015e-05,0.4090995886753144,-0.4335553490043722,5.529736394710474,0.0845691382765531,0.17114228456913827,0.7359497964743803,5.424123153655551,0.648648648648649
ascorbic_acid,10.0,6.0,CV,9,0.6901809485316658,1.3542933131462762,5.345932624567729,-0.5541690133971893,0.10000000000000003,1.4,-0.0002804843253108924,0.4503267251787537,-0.4124019318505973,5.345932624567729,0.09859719438877756,0.1907815631262526,0.7890273154644107,5.228380245455718,1.0
ascorbic_acid,10.0,6.5,CV,0,0.6873561671978871,1.3671536808956872,5.540331196743192,-0.708571874111529,0.10000000000000003,1.4,-4.61288355995082e-05,0.44416376451576745,-0.47452615644794194,5.540331196743192,0.0929859719438878,0.19358717434869743,0.8069130270773073,5.439593793126325,0.7692307692307685
ascorbic_acid,10.0,6.5,CV,1,0.6862171388229953,1.356603321701538,5.496900953722166,-0.5617566402992553,0.10000000000000003,1.4,9.49229929540536e-05,0.4588189099257093,-0.4449447384470253,5.496900953722166,0.0845691382765531,0.17675350701402803,0.7488929132433735,5.383515245057666,0.8
ascorbic_acid,10.0,6.5,CV,2,0.6920439209714256,1.3651846134020507,5.530598419158204,-0.5419520853328047,0.10000000000000003,1.4,-7.327912505169598e-05,0.4148927086865408,-0.48682379193331426,5.530598419158204,0.04809619238476959,0.19358717434869743,0.8036204410941673,5.425784143993114,0.5000000000000009
ascorbic_acid,10.0,6.5,CV,3,0.7031851270452069,1.3635856110878741,5.523293141236487,-0.6077092156382264,0.10000000000000003,1.4,-0.0016012775569136117,0.5267824996921733,-0.8410517164765665,5.523293141236487,0.07895791583166334,0.19639278557114237,0.8124644418989742,5.393350991376074,0.9444444444444446
ascorbic_acid,10.0,6.5,CV,4,0.6943524001095549,1.3815184013168533,5.4363279349938045,-0.5710476372760711,0.10000000000000003,1.4,-0.0004624741211601138,0.4387093067978901,-0.5369457866940992,5.4363279349938045,0.06212424849699405,0.1907815631262525,0.8094568914314485,5.332452041429273,0.6585365853658545
ascorbic_acid,10.0,6.5,CV,5,0.6964853297947133,1.3747391746064572,5.4592606346458465,-0.5988381236702065,0.10000000000000003,1.4,-0.00012179553081770944,0.4022044761834219,-0.4655225906411483,5.4592606346458465,0.0761523046092184,0.18797595190380756,0.7977285162530705,5.357540511737172,0.9142857142857139
ascorbic_acid,10.0,6.5,CV,6,0.6938570064188193,1.3748170126693606,5.4941723353481535,-0.6075619739872503,0.10000000000000003,1.4,0.00039506715098356124,0.6695225506436919,-0.4316089542975112,5.4941723353481535,0.07895791583166334,0.1991983967935872,0.8221522594379184,5.390366353858475,0.9722222222222218
ascorbic_acid,10.0,6.5,CV,7,0.6829187121575659,1.366302556227645,5.514802392010551,-0.5106080879476026,0.10000000000000003,1.4,-0.0002390736083635936,0.3791742503624087,-0.40337162282734385,5.514802392010551,0.056513026052104176,0.1907815631262525,0.7949041918337311,5.427454885845596,0.5813953488372088
ascorbic_acid,10.0,6.5,CV,8,0.6908494167327581,1.371386086042663,5.537092128444171,-0.5005483246674053,0.10000000000000003,1.4,8.571016213290727e-05,0.42786194370882735,-0.43797195438628644,5.537092128444171,0.0845691382765531,0.1907815631262525,0.7977872163762472,5.431907430310618,0.9999999999999989
ascorbic_acid,10.0,6.5,CV,9,0.6971686144390848,1.3670432904875975,5.334089520431872,-0.5598559847496452,0.10000000000000003,1.4,-0.00028337024174221616,0.46980052018735563,-0.41660333179888887,5.334089520431872,0.07895791583166334,0.19639278557114226,0.8136948913169161,5.214751272941196,1.0
ascorbic_acid,10.0,7.0,CV,0,0.6942446207923912,1.3814397426277134,5.57069408209826,-0.7157561746563613,0.10000000000000003,1.4,-4.6621555396259676e-05,0.42376265834833626,-0.45857552481423625,5.57069408209826,0.05370741482965935,0.18517034068136273,0.7915687733742145,5.465319549101575,0.885714285714286
ascorbic_acid,10.0,7.0,CV,1,0.6930941235675397,1.3701034015163376,5.356682831567164,-0.5674380523599106,0.10000000000000003,1.4,9.58505207067657e-05,0.4635739038404775,-0.44360435614651084,5.356682831567164,0.06492985971943888,0.18797595190380756,0.7885456144313472,5.236899932233045,0.9142857142857139
ascorbic_acid,10.0,7.0,CV,2,0.6989795754485953,1.379997628502084,5.805063922808758,-0.547450112278688,0.10000000000000003,1.4,-7.404522047538408e-05,0.4200684648475974,-0.491725387006686,5.805063922808758,0.04809619238476959,0.17955911823647286,0.7724506429149695,5.699154270343526,0.7777777777777782
ascorbic_acid,10.0,7.0,CV,3,0.7102329620647103,1.3762006434659504,5.357217172928171,-0.6138483297143811,0.10000000000000003,1.4,-0.001617429032666549,0.5224886714204187,-0.8495204700963979,5.357217172928171,0.07895791583166334,0.20200400801603213,0.8332486896341684,5.2300092873467365,0.6744186046511629
ascorbic_acid,10.0,7.0,CV,4,0.7013112986089577,1.3945149981622984,5.484053974201171,-0.5781981420972628,0.10000000000000003,1.4,-0.00046715901186036477,0.4543348846698201,-0.5423521705731784,5.484053974201171,0.05370741482965935,0.18517034068136262,0.8001747683458994,5.3785559383049755,0.8333333333333337
ascorbic_acid,10.0,7.0,CV,5,0.7034657047130297,1.3897719703660112,5.474314548439356,-0.6048878585563339,0.10000000000000003,1.4,-0.00012305013679177356,0.4139612917307341,-0.47057640111696053,5.474314548439356,0.04809619238476959,0.18517034068136273,0.7974766394591107,5.372477130987153,0.7837837837837843
ascorbic_acid,10.0,7.0,CV,6,0.7008109168107833,1.3899240841237508,5.4249706531864215,-0.6136993085913777,0.10000000000000003,1.4,0.0003990168232153466,0.6762640681224187,-0.4359322744681201,5.4249706531864215,0.06492985971943888,0.18517034068136273,0.7928406630521146,5.321947053281456,0.885714285714286
ascorbic_acid,10.0,7.0,CV,7,0.6897624851214715,1.3791868222600794,5.642392774453955,-0.5158028669233469,0.10000000000000003,1.4,-0.00024150908454648466,0.39660551583792225,-0.3997467819365439,5.642392774453955,0.056513026052104176,0.1907815631262525,0.8033588932672036,5.554029565852519,0.9999999999999989
ascorbic_acid,10.0,7.0,CV,8,0.6977730437747988,1.385706104322464,5.5922087469463815,-0.5056095718749354,0.10000000000000003,1.4,8.654492610842057e-05,0.43316828679277397,-0.44238179550290674,5.5922087469463815,0.04529058116232465,0.18797595190380767,0.797490095491962,5.489426722236979,0.7631578947368424
ascorbic_acid,10.0,7.0,CV,9,0.70415586933444,1.3797579116960519,5.385584341321127,-0.5655352862489215,0.10000000000000003,1.4,-0.00028625173968640507,0.4953758405749505,-0.4207983019524142,5.385584341321127,0.05931863727454911,0.19639278557114226,0.8205199537188158,5.264037874671415,1.0
ascorbic_acid,10.0,7.5,CV,0,0.7011328129508654,1.3954748599444,5.7922877615799235,-0.7229290479101098,0.10000000000000003,1.4,-4.7113491482588366e-05,0.4150150714931547,-0.4409409358126082,5.7922877615799235,0.014428857715430898,0.17955911823647286,0.7827021766698811,5.682580546328061,0.5609756097560976
ascorbic_acid,10.0,7.5,CV,1,0.6999708651182771,1.384054599912651,5.427429954324661,-0.5731061594029399,0.10000000000000003,1.4,9.677657314022081e-05,0.46853650398713875,-0.4364115758682997,5.427429954324661,0.02004008016032066,0.18797595190380756,0.8006700570703974,5.312122281494785,0.6341463414634151
ascorbic_acid,10.0,7.5,CV,2,0.7059148934125455,1.3948631668715168,5.766389839202981,-0.5529411352389334,0.10000000000000003,1.4,-7.481009736047372e-05,0.4068641529204724,-0.49661886038625,5.766389839202981,0.04809619238476959,0.17955911823647297,0.7811671129730295,5.655857240771262,0.8823529411764698
ascorbic_acid,10.0,7.5,CV,3,0.7172802821378936,1.3893302861982837,5.569542150102254,-0.6199776202006895,0.10000000000000003,1.4,-0.0016335548180690983,0.5159075563586317,-0.8579757534125847,5.569542150102254,0.02845691382765536,0.18517034068136273,0.7950202864077647,5.438130888811634,0.7837837837837843
ascorbic_acid,10.0,7.5,CV,4,0.7082698236234624,1.4073585518618865,5.698697504203867,-0.5845881489117255,0.10000000000000003,1.4,-0.00047183645083060543,0.47531681887366106,-0.5477499551179367,5.698697504203867,0.02004008016032066,0.1907815631262525,0.8251779519126994,5.597204866366058,0.6190476190476192
ascorbic_acid,10.0,7.5,CV,5,0.7104456719862988,1.4050642457745381,5.774702826051849,-0.6109279010531038,0.10000000000000003,1.4,-0.00012430274720788548,0.42349250052134557,-0.4754457405192842,5.774702826051849,0.017234468937875724,0.17955911823647297,0.7858897018472265,5.6631262191579355,0.5609756097560971
ascorbic_acid,10.0,7.5,CV,6,0.707764461651876,1.405008820510743,5.443245869328809,-0.6198265696250249,0.10000000000000003,1.4,0.00040296021313907904,0.6829948626210774,-0.4402617291900689,5.443245869328809,0.011623246492985961,0.1991983967935872,0.839725784688954,5.342266904156519,0.5434782608695646
ascorbic_acid,10.0,7.5,CV,7,0.696606067717852,1.392492083416803,5.502656416660169,-0.5209893831418723,0.10000000000000003,1.4,-0.00024394068689264037,0.4064176604490073,-0.39642750116294523,5.502656416660169,0.056513026052104176,0.19639278557114226,0.8282612064394099,5.409044885959067,0.7073170731707324
ascorbic_acid,10.0,7.5,CV,8,0.7046963534343217,1.3997731900743746,5.594982835141032,-0.5106627646825003,0.10000000000000003,1.4,8.737836231369034e-05,0.4200943540784574,-0.44678462174762723,5.594982835141032,0.025651302605210424,0.1907815631262525,0.8150195381006351,5.4899639330732874,0.7
ascorbic_acid,10.0,7.5,CV,9,0.7111427056415347,1.392395025664882,5.529156358694619,-0.5712088206000133,0.10000000000000003,1.4,-0.0002891286543566909,0.5237916914584099,-0.4249866004195719,5.529156358694619,0.022845691382765487,0.1991983967935872,0.8345504974187883,5.406078298092744,0.6904761904761892
ascorbic_acid,10.0,8.0,CV,0,0.7080205055641627,1.4093381960204634,5.958362629573731,-0.7301091835775048,0.10000000000000003,1.4,-4.7605925669515156e-05,0.41910883209711713,-0.49143904942832517,5.958362629573731,0.014428857715430898,0.17675350701402803,0.7805413164857438,5.84643399291231,0.8529411764705892
ascorbic_acid,10.0,8.0,CV,1,0.7068470955302815,1.398536386111222,5.497608853233697,-0.5787785115224229,0.10000000000000003,1.4,9.770356316367534e-05,0.47398729872258594,-0.4260229084733276,5.497608853233697,0.02004008016032066,0.18797595190380756,0.8085584437312101,5.382278720737294,0.9705882352941183
ascorbic_acid,10.0,8.0,CV,2,0.7128497595454398,1.4095312170833358,5.80424258695172,-0.5584430192281329,0.10000000000000003,1.4,-7.557574869433692e-05,0.39521092022319637,-0.501516373428501,5.80424258695172,0.017234468937875724,0.17675350701402803,0.7829253804446105,5.6926628109790265,0.9687499999999982
ascorbic_acid,10.0,8.0,CV,3,0.7243272637803574,1.403248002780621,5.523076890832936,-0.6261130993606067,0.10000000000000003,1.4,-0.0016496969305935028,0.5089442405757055,-0.8664395975672797,5.523076890832936,0.025651302605210424,0.1991983967935872,0.8395666305761879,5.389243708859021,0.9189189189189196
ascorbic_acid,10.0,8.0,CV,4,0.7152279203036769,1.4201146114195937,5.771552360822691,-0.5906400356517341,0.10000000000000003,1.4,-0.0004765186256558702,0.5014116516637162,-0.5531532048257332,5.771552360822691,0.02004008016032066,0.18797595190380756,0.8214781911424779,5.664031850669524,0.9705882352941183
ascorbic_acid,10.0,8.0,CV,5,0.7174252326352204,1.4201712573039837,5.893240908694459,-0.6169740385282594,0.10000000000000003,1.4,-0.00012555662589513395,0.43123308744672584,-0.4802252348528834,5.893240908694459,0.017234468937875724,0.1823647294589178,0.80096679176219,5.777504671612202,0.9696969696969692
ascorbic_acid,10.0,8.0,CV,6,0.7147175731163332,1.4199945727194163,5.655489033063011,-0.6259599372620454,0.10000000000000003,1.4,0.0004069075956585413,0.689732471948121,-0.44460117146405054,5.655489033063011,0.011623246492985961,0.19358717434869732,0.8344042631663037,5.549822637809442,0.8648648648648647
ascorbic_acid,10.0,8.0,CV,7,0.7034491056025911,1.406266480502267,5.40722730568224,-0.5261811506246269,0.10000000000000003,1.4,-0.0002463747512203227,0.4089503058861367,-0.4117604098354415,5.40722730568224,0.025651302605210424,0.1823647294589179,0.7948878914302062,5.312364637026994,0.7105263157894741
ascorbic_acid,10.0,8.0,CV,8,0.7116191991045738,1.4135945282115852,5.584880056118995,-0.5157210727020555,0.10000000000000003,1.4,8.821264233651926e-05,0.4117550081634909,-0.45119190561261113,5.584880056118995,0.025651302605210424,0.18797595190380756,0.8195975566765686,5.480753802804441,0.9142857142857139
ascorbic_acid,10.0,8.0,CV,9,0.7181291422790681,1.4051099337577049,5.558000262624288,-0.5768976343763274,0.10000000000000003,1.4,-0.0002920084818800759,0.5503687739260651,-0.42917913968485455,5.558000262624288,0.022845691382765487,0.17675350701402803,0.7799214295090887,5.434145792542746,0.9687500000000007
glucose,0.1,6.0,CV,0,0.013194990908805639,0.015604191256146057,0.06224235479924582,-0.003558729817919385,0.10000000000000003,1.4,2.181644325473254e-06,0.005134109002347224,-0.005931488715870481,0.06224235479924582,0.5306613226452906,0.24128256513026058,0.010497785036424708,0.05639867465382266,0.9999999999999981
glucose,0.1,6.0,CV,1,0.013180467070348204,0.015675679237206155,0.061936025843307936,-0.004367834898272299,0.10000000000000003,1.4,3.980207045416285e-06,0.00585929449475684,-0.004838237902989678,0.061936025843307936,0.5306613226452906,0.24689378757515046,0.010712097317757966,0.056272318012284064,0.9130434782608682
glucose,0.1,6.0,CV,2,0.013254764817898614,0.015534442670477688,0.06226746147746037,-0.004029727685137596,0.10000000000000003,1.4,1.8354488954308432e-06,0.0049076620925329025,-0.006214553779416038,0.06226746147746037,0.4997995991983969,0.23286573146292588,0.010168208089537523,0.056285791641636024,0.6600000000000013
glucose,0.1,6.0,CV,3,0.013396827193870553,0.015677450744574824,0.06140831740839839,-0.004340582802324649,0.10000000000000003,1.4,-1.7648176690002105e-05,0.005822592694003325,-0.010702387904230585,0.06140831740839839,0.5138276553106212,0.2356713426853707,0.010283315308509889,0.05518853954165773,0.9534883720930243
glucose,0.1,6.0,CV,4,0.013284200413028309,0.015419531604513832,0.06240747651099455,-0.003615838483605951,0.10000000000000003,1.4,-3.127206448829179e-06,0.005421094977170143,-0.006857484950132132,0.06240747651099455,0.4997995991983969,0.23286573146292588,0.010020424233619922,0.056270191407801984,0.7291666666666692
glucose,0.1,6.0,CV,5,0.013311397563574495,0.015664683958931024,0.0620352051439698,-0.0021526952385806835,0.10000000000000003,1.4,1.2168124721302528e-06,0.005704643769615929,-0.006707187524682962,0.0620352051439698,0.5054108216432865,0.2440881763527054,0.010599392368200046,0.05607477279736473,0.7058823529411755
glucose,0.1,6.0,CV,6,0.01327788360995678,0.015525641660870528,0.06411404224336241,-0.004312837283915613,0.10000000000000003,1.4,7.807368300795387e-06,0.008526285658013095,-0.005175946442214089,0.06411404224336241,0.4829659318637275,0.22725450901803623,0.009981264573627403,0.05794265091047032,0.47272727272727333
glucose,0.1,6.0,CV,7,0.013138408578120615,0.015550166529033132,0.06056793396051776,-0.003700356788490928,0.10000000000000003,1.4,-2.786093193037683e-07,0.005346732164948739,-0.004454250589242363,0.06056793396051776,0.5138276553106212,0.2440881763527054,0.010475699730111743,0.054708032261768125,0.8913043478260877
glucose,0.1,6.0,CV,8,0.013239533602433264,0.01565091442040405,0.0616853114612837,-0.0037068171021832977,0.10000000000000003,1.4,3.862733530680793e-06,0.004880060237734001,-0.005052532610377798,0.0616853114612837,0.4857715430861723,0.22164328657314636,0.009966092056894697,0.05581182848847786,0.5192307692307696
glucose,0.1,6.0,CV,9,0.0133201101786542,0.015565881736086975,0.061575537850030816,-0.0029205087482360786,0.10000000000000003,1.4,-8.43439100177706e-07,0.006130437995461346,-0.0059683471226635,0.061575537850030816,0.522244488977956,0.227254509018036,0.00999759889476677,0.05543230546879108,0.9285714285714283
glucose,0.1,6.5,CV,0,0.013272216905127253,0.015663828330091233,0.06181289333061617,-0.0035841165497258283,0.10000000000000003,1.4,2.1787242517394695e-06,0.005158309377168998,-0.005959223326617026,0.06181289333061617,0.5110220440881764,0.23286573146292577,0.010272483705666677,0.0558839768255789,0.9302325581395338
glucose,0.1,6.5,CV,1,0.013257625097232016,0.015729246730188075,0.061105920570738714,-0.004226717263886853,0.10000000000000003,1.4,3.985703981915834e-06,0.0058866688202864805,-0.0048608974359709385,0.061105920570738714,0.4857715430861723,0.2440881763527054,0.010655006296713409,0.05530690949755111,0.7058823529411755
glucose,0.1,6.5,CV,2,0.013332270547364333,0.015604966852989672,0.06259982251923685,-0.0040563857742834854,0.10000000000000003,1.4,1.8309086777648578e-06,0.005004865876093754,-0.006243603679002259,0.06259982251923685,0.4997995991983969,0.23847695390781565,0.010372764925245014,0.05657570650549626,0.8478260869565225
glucose,0.1,6.5,CV,3,0.013474997754458965,0.015737689415947817,0.06144391978404891,-0.00436848780188198,0.10000000000000003,1.4,-1.774389742315231e-05,0.005842447668298712,-0.010752577454572537,0.06144391978404891,0.4829659318637275,0.2440881763527054,0.010607301041977808,0.05526948668211194,0.6730769230769229
glucose,0.1,6.5,CV,4,0.013361843896770084,0.01547898232524822,0.06274049280263082,-0.0036506419562088903,0.10000000000000003,1.4,-3.1549711670110555e-06,0.005441105651546362,-0.006889525553515055,0.06274049280263082,0.4997995991983969,0.22164328657314636,0.009728411946945318,0.05654354643247193,0.7954545454545481
glucose,0.1,6.5,CV,5,0.01338916832599937,0.015725458654666388,0.06219272755778458,-0.0021745091591200945,0.10000000000000003,1.4,1.2093771265669186e-06,0.005807758723244135,-0.006735654582112475,0.06219272755778458,0.4829659318637275,0.23847695390781565,0.010421758404545994,0.05612160671545273,0.6346153846153846
glucose,0.1,6.5,CV,6,0.013355497531984912,0.015585915802086616,0.06563388379971684,-0.004340716370865142,0.10000000000000003,1.4,7.830775791702612e-06,0.008566238849008478,-0.005404162934593497,0.06563388379971684,0.4829659318637275,0.22444889779559118,0.009958348338353799,0.059439570817002546,0.5686274509803938
glucose,0.1,6.5,CV,7,0.013215369777417846,0.01562722872162394,0.06083036958930528,-0.0037278369855260774,0.10000000000000003,1.4,-2.9304301993255625e-07,0.005372391246354706,-0.004475051025138501,0.06083036958930528,0.4829659318637275,0.2440881763527054,0.010521558073288013,0.05490385646151702,0.6730769230769229
glucose,0.1,6.5,CV,8,0.013316968052040338,0.01571222937533436,0.06309176531036659,-0.0037320679027252387,0.10000000000000003,1.4,3.867680708328625e-06,0.004902209910931488,-0.00510960795946169,0.06309176531036659,0.4745490981963928,0.24128256513026047,0.010564609979467164,0.057120406960445305,0.5357142857142856
glucose,0.1,6.5,CV,9,0.013397921714842187,0.015627226554512413,0.06275282032089705,-0.002942701944094483,0.10000000000000003,1.4,-8.605161214942127e-07,0.00611636721640956,-0.0059545324874064175,0.06275282032089705,0.4857715430861723,0.21322645290581166,0.009614422074933508,0.05657715615491131,0.7272727272727264
glucose,0.1,7.0,CV,0,0.013345735429614468,0.01572937318383622,0.061069762354222144,-0.0036095852618367504,0.10000000000000003,1.4,2.175794748334476e-06,0.005182699233548738,-0.0059870357566543745,0.061069762354222144,0.5110220440881764,0.24128256513026047,0.010540882341153099,0.05504477430360876,0.8695652173913031
glucose,0.1,7.0,CV,1,0.013331075432790584,0.015787027512110863,0.0620400824120569,-0.004256415716662579,0.10000000000000003,1.4,3.99121866944108e-06,0.0059141315445738665,-0.004883630142099676,0.0620400824120569,0.4689378757515029,0.23286573146292588,0.010372481740703238,0.05618334070554433,0.566037735849055
glucose,0.1,7.0,CV,2,0.013406069708326121,0.01568121721547832,0.06308590528605473,-0.004083129949274598,0.10000000000000003,1.4,1.8263537985650657e-06,0.005112144145434542,-0.006272747388206485,0.06308590528605473,0.4829659318637275,0.24128256513026047,0.010484346334268715,0.05696813538242548,0.8297872340425544
glucose,0.1,7.0,CV,3,0.013549463893454603,0.015801948277896764,0.062042760363688276,-0.0043964829138798435,0.10000000000000003,1.4,-1.7839927263237117e-05,0.0058591972432349496,-0.0108029290799169,0.062042760363688276,0.4829659318637275,0.23286573146292588,0.01033925899978249,0.05575920948666344,0.8444444444444444
glucose,0.1,7.0,CV,4,0.013435781256852018,0.015545305441142037,0.062485443510718934,-0.0036843345534452497,0.10000000000000003,1.4,-3.1828255446287227e-06,0.0054662571476672365,-0.006921669624269872,0.062485443510718934,0.4997995991983969,0.23567134268537082,0.01018894463834939,0.056264719691197417,0.8666666666666655
glucose,0.1,7.0,CV,5,0.013463233375780093,0.015789655593145154,0.06279506738852557,-0.002196393522434942,0.10000000000000003,1.4,1.201917770355102e-06,0.005920606979291992,-0.006734117310568218,0.06279506738852557,0.4829659318637275,0.2356713426853707,0.010377948511150639,0.05671695974219644,0.7872340425531927
glucose,0.1,7.0,CV,6,0.013429405234890805,0.0156514341645742,0.06625230448617651,-0.004368685486576712,0.10000000000000003,1.4,7.854258871434984e-06,0.008606321059161889,-0.005600961079237778,0.06625230448617651,0.4829659318637275,0.23286573146292577,0.01023989652913034,0.060041284323396865,0.7659574468085115
glucose,0.1,7.0,CV,7,0.013288622649782795,0.01570968181756317,0.061785431296903295,-0.0037554059232048553,0.10000000000000003,1.4,-3.07523330703296e-07,0.005398512478337504,-0.004495918631006776,0.061785431296903295,0.45210420841683374,0.23286573146292588,0.010253508367171808,0.05581634035015598,0.45614035087719396
glucose,0.1,7.0,CV,8,0.013390695702962436,0.015777975778388784,0.06431487212024181,-0.0037574002446145493,0.10000000000000003,1.4,3.872643861688996e-06,0.00488856673203782,-0.005172323364813833,0.06431487212024181,0.4745490981963928,0.2356713426853707,0.010427185725675274,0.058284678288855925,0.6800000000000007
glucose,0.1,7.0,CV,9,0.013472027670055023,0.015694056606562423,0.06317668681989005,-0.002964966807506149,0.10000000000000003,1.4,-8.776482889168106e-07,0.006103974301203624,-0.00593385355957193,0.06317668681989005,0.4857715430861723,0.22725450901803612,0.0100981856976286,0.05696672855584768,0.8409090909090902
glucose,0.1,7.5,CV,0,0.01341460693571563,0.0157963684879175,0.06183596587963283,-0.003635597003323137,0.10000000000000003,1.4,2.1728027837262086e-06,0.005207783923833316,-0.006015420964693081,0.06183596587963283,0.46332665330661327,0.2356713426853707,0.01043658100932819,0.05584324898066208,0.6800000000000007
glucose,0.1,7.5,CV,1,0.013399877296077597,0.01584521599179772,0.06274939845240846,-0.0042867473829354295,0.10000000000000003,1.4,3.9968509379931385e-06,0.005942179813430123,-0.004906847541384729,0.06274939845240846,0.4689378757515029,0.24689378757515035,0.010783889390932104,0.05675316314204466,0.7599999999999986
glucose,0.1,7.5,CV,2,0.013475227834472952,0.015758875392683544,0.0630203055271686,-0.004110444348334342,0.10000000000000003,1.4,1.8217018028249288e-06,0.005227917421906699,-0.006302512482981325,0.0630203055271686,0.4829659318637275,0.23847695390781565,0.010430804070467578,0.05679639656751984,0.9767441860465113
glucose,0.1,7.5,CV,3,0.013619303218561082,0.01586657357068789,0.06294007758676684,-0.004425074921712802,0.10000000000000003,1.4,-1.7938004596884227e-05,0.005872358161606179,-0.010854354273942133,0.06294007758676684,0.4577154308617234,0.2440881763527054,0.010725082442280346,0.0566651810257605,0.6111111111111099
glucose,0.1,7.5,CV,4,0.013505080528721927,0.015614309620132199,0.0616840673186731,-0.003716539485780491,0.10000000000000003,1.4,-3.2112738174231576e-06,0.00549220944657465,-0.006954499052595612,0.0616840673186731,0.4997995991983969,0.24128256513026058,0.010392223710820355,0.05536128502405436,0.7199999999999988
glucose,0.1,7.5,CV,5,0.013532663059875837,0.01585370535987295,0.06272808599430293,-0.0022187444916814724,0.10000000000000003,1.4,1.1942993699981712e-06,0.006041410724566668,-0.00670130463708371,0.06272808599430293,0.4829659318637275,0.22444889779559107,0.01005885656440021,0.056608237663705305,0.999999999999999
glucose,0.1,7.5,CV,6,0.013498674217251257,0.01571813431804184,0.06620174681452032,-0.004397250943845361,0.10000000000000003,1.4,7.878242644020051e-06,0.008647257879373791,-0.0057519328605786305,0.06620174681452032,0.4829659318637275,0.21322645290581155,0.009679737356222422,0.05995206976737308,0.9487179487179469
glucose,0.1,7.5,CV,7,0.013357222839678428,0.01579243045027696,0.06372432851687151,-0.003783562670072597,0.10000000000000003,1.4,-3.223123824138601e-07,0.005425750237651389,-0.004517231164083492,0.06372432851687151,0.45210420841683374,0.23006012024048106,0.010223738509899478,0.057655662330340876,0.5769230769230774
glucose,0.1,7.5,CV,8,0.013459780794373235,0.01584477939977144,0.06466902576937542,-0.0037832727082711187,0.10000000000000003,1.4,3.877712836578857e-06,0.004836580915945483,-0.005239399962929687,0.06466902576937542,0.4745490981963928,0.23006012024048095,0.010317636804365649,0.058617778819205886,0.8222222222222219
glucose,0.1,7.5,CV,9,0.013541499131745205,0.01576142722610901,0.06298675761933674,-0.0029877063896558706,0.10000000000000003,1.4,-8.951457386566255e-07,0.006094561549933737,-0.005908953714156391,0.06298675761933674,0.4857715430861723,0.2440881763527054,0.010627569118874414,0.0567149298885927,0.977272727272726
glucose,0.1,8.0,CV,0,0.013480486542566825,0.015867605756974483,0.062436228768973145,-0.0036616013657292416,0.10000000000000003,1.4,2.1698116678864492e-06,0.00523314718230391,-0.006043762227756757,0.062436228768973145,0.44649298597194387,0.23847695390781565,0.01057623991737239,0.05642624013497165,0.6346153846153846
glucose,0.1,8.0,CV,1,0.013465687279871104,0.015905251720090455,0.063558680098288,-0.0043170704446402,0.10000000000000003,1.4,4.002481608768237e-06,0.005970220125482141,-0.004930058352954328,0.063558680098288,0.43807615230460917,0.23286573146292588,0.010396813431795979,0.05750847815432963,0.5090909090909089
glucose,0.1,8.0,CV,2,0.013541393980060672,0.01583967924155051,0.0624194451891325,-0.004137750998772427,0.10000000000000003,1.4,1.81705112677534e-06,0.0053485069644603695,-0.0063322691339146,0.0624194451891325,0.45490981963927857,0.2440881763527054,0.010645207265994997,0.056160899241155415,0.8124999999999993
glucose,0.1,8.0,CV,3,0.013686150369864118,0.015932409995443455,0.06356392380739911,-0.004453658818488631,0.10000000000000003,1.4,-1.803605410769146e-05,0.0058802337143984895,-0.010905764879531007,0.06356392380739911,0.4577154308617234,0.227254509018036,0.010268708389355691,0.05726239963967427,0.7608695652173915
glucose,0.1,8.0,CV,4,0.013571387779992132,0.01568876589913189,0.06270447926417975,-0.0037448162071106773,0.10000000000000003,1.4,-3.2397140199356256e-06,0.005518154399501745,-0.006987319167781462,0.06270447926417975,0.42685370741482964,0.23006012024048095,0.010143774052920869,0.05637185992867306,0.4642857142857144
glucose,0.1,8.0,CV,5,0.013599100686376188,0.015918103997719743,0.062105107097087865,-0.002356763138403279,0.10000000000000003,1.4,1.186683130849413e-06,0.006166127676738216,-0.0066373691317515165,0.062105107097087865,0.4829659318637275,0.2356713426853707,0.010464527594932813,0.055992023862004116,0.7499999999999992
glucose,0.1,8.0,CV,6,0.013564951187604613,0.015787562502869428,0.0655951869807462,-0.00442580829758882,0.10000000000000003,1.4,7.902219612824477e-06,0.008688183086519224,-0.005898804672345874,0.0655951869807462,0.4829659318637275,0.23006012024048084,0.010253410508212536,0.05932278416035682,0.822222222222221
glucose,0.1,8.0,CV,7,0.013422831207291796,0.0158781194138095,0.06476742199291706,-0.0038117114293592033,0.10000000000000003,1.4,-3.3709723872675163e-07,0.005453846691070312,-0.004538537651163915,0.06476742199291706,0.45210420841683374,0.2356713426853707,0.010452329853569234,0.058719550017779426,0.8260869565217396
glucose,0.1,8.0,CV,8,0.01352587392594361,0.015914202247375046,0.06485774854994268,-0.0038091378323581136,0.10000000000000003,1.4,3.8827803734883655e-06,0.004745450623650248,-0.005308612030103241,0.06485774854994268,0.46332665330661327,0.23006012024048084,0.010360845686121471,0.05876426458722114,0.8636363636363648
glucose,0.1,8.0,CV,9,0.013607978523988411,0.015832497414719756,0.06224450546234485,-0.003010439520980209,0.10000000000000003,1.4,-9.126382246731832e-07,0.006088117518997339,-0.00588136781048778,0.06224450546234485,0.4857715430861723,0.23567134268537082,0.010420917852003822,0.05594064574350227,0.7872340425531921
glucose,0.2,6.0,CV,0,0.022253537891833694,0.030978677840837885,0.11866590031662475,-0.00999299389752623,0.10000000000000003,1.4,1.614049129536197e-06,0.009807000939129784,-0.011325179161407099,0.11866590031662475,0.5306613226452906,0.24128256513026058,0.020716963302073083,0.11112963467274455,0.9999999999999981
glucose,0.2,6.0,CV,1,0.02222580235741127,0.031102513377930435,0.11808091740546806,-0.011357083062399694,0.10000000000000003,1.4,5.048685116163361e-06,0.011180233991145731,-0.009242730187527644,0.11808091740546806,0.5306613226452906,0.23567134268537093,0.020513463532611503,0.11102360624441125,0.8260869565217381
glucose,0.2,6.0,CV,2,0.02236768549255713,0.030840722192849477,0.118926287945813,-0.00921144729618524,0.10000000000000003,1.4,9.529349691876051e-07,0.00939229229592834,-0.011861186347906021,0.118926287945813,0.4997995991983969,0.23286573146292588,0.020093512074069418,0.11117053545063488,0.6600000000000013
glucose,0.2,6.0,CV,3,0.022638975753079393,0.03111177945050274,0.11722318555477207,-0.010216784219710333,0.10000000000000003,1.4,-3.6254086417209606e-05,0.011106180638864371,-0.020458082539855614,0.11722318555477207,0.5138276553106212,0.2356713426853707,0.02039919013555278,0.10932650002119693,0.9534883720930243
glucose,0.2,6.0,CV,4,0.022423897351726233,0.03062367237254499,0.11919366848668204,-0.01055012622592183,0.10000000000000003,1.4,-8.524029301017487e-06,0.01040352586606215,-0.013085441574873593,0.11919366848668204,0.4997995991983969,0.23286573146292588,0.019820273444041834,0.11115424343572712,0.7291666666666692
glucose,0.2,6.0,CV,5,0.02247583455189382,0.031079564414240805,0.11846589816563298,-0.007825731991661205,0.10000000000000003,1.4,-2.284477529973239e-07,0.01091530817026624,-0.012869229014964203,0.11846589816563298,0.5054108216432865,0.24689378757515046,0.021091290160869396,0.11076597217038159,0.7254901960784316
glucose,0.2,6.0,CV,6,0.022411834431201226,0.030825079728710385,0.122417107930702,-0.009731890794986927,0.10000000000000003,1.4,1.2357246351529381e-05,0.01629226738955213,-0.009871317438101476,0.122417107930702,0.4829659318637275,0.22725450901803623,0.019747962043780258,0.11439329404500512,0.47272727272727333
glucose,0.2,6.0,CV,7,0.022145485107783896,0.030870770583734344,0.11561834230930104,-0.010475537593645484,0.10000000000000003,1.4,-3.0841888639930906e-06,0.010213188817736318,-0.008497377086851218,0.11561834230930104,0.5138276553106212,0.23847695390781576,0.02038523815098081,0.10809877663742341,0.9318181818181817
glucose,0.2,6.0,CV,8,0.02233859911142774,0.031060444454566672,0.11779374578761369,-0.009947771124655828,0.10000000000000003,1.4,4.8243511206278145e-06,0.009384582063795971,-0.0096002087898533,0.11779374578761369,0.4857715430861723,0.22164328657314636,0.01970689007265134,0.11031950576172031,0.5192307692307696
glucose,0.2,6.0,CV,9,0.022492472649058057,0.03090102986880454,0.11757201071529694,-0.009097392393439646,0.10000000000000003,1.4,-4.1628194117061015e-06,0.011741824502476891,-0.011466173920646708,0.11757201071529694,0.48857715430861715,0.227254509018036,0.019809152732415174,0.10970847336175277,0.5882352941176457
glucose,0.2,6.5,CV,0,0.022406679865538497,0.031117551600473213,0.11800155311236904,-0.009875216752905511,0.10000000000000003,1.4,1.6077323230973238e-06,0.009859323211738592,-0.011385178167484147,0.11800155311236904,0.5110220440881764,0.23286573146292577,0.020326912801061334,0.11040060980614716,0.9302325581395338
glucose,0.2,6.5,CV,1,0.022378797297232175,0.03122978292743044,0.1167862844204846,-0.010883350575743599,0.10000000000000003,1.4,5.060576282976268e-06,0.011239451097126391,-0.009291748088115984,0.1167862844204846,0.4857715430861723,0.2440881763527054,0.02107573870107912,0.10942575089484846,0.7058823529411755
glucose,0.2,6.5,CV,2,0.02252143259486037,0.031000386630711838,0.11958916317050193,-0.009269115014371979,0.10000000000000003,1.4,9.431134102815237e-07,0.009589035581817696,-0.01192402811475297,0.11958916317050193,0.4997995991983969,0.23847695390781565,0.020517016414455472,0.11176930963551543,0.8478260869565225
glucose,0.2,6.5,CV,3,0.02279416104150375,0.03125179916209342,0.11743264240285894,-0.010283585712966847,0.10000000000000003,1.4,-3.646115288149085e-05,0.011150455235171304,-0.020566654344428677,0.11743264240285894,0.4829659318637275,0.2440881763527054,0.021017966302347497,0.10949151112053904,0.6730769230769229
glucose,0.2,6.5,CV,4,0.022577942448935524,0.03076221464268169,0.11985796117096645,-0.010625569738172483,0.10000000000000003,1.4,-8.584090918145526e-06,0.01044728146660559,-0.013154752937601343,0.11985796117096645,0.4997995991983969,0.2356713426853707,0.02007322036563383,0.11168286265191109,0.9090909090909111
glucose,0.2,6.5,CV,5,0.0226301549828372,0.031220598885985537,0.11886349209944143,-0.007890604073419252,0.10000000000000003,1.4,-2.4453215462941733e-07,0.011124435086200498,-0.012930694350134251,0.11886349209944143,0.4829659318637275,0.23847695390781565,0.020640621127132462,0.11107956024920901,0.6346153846153846
glucose,0.2,6.5,CV,6,0.022565815579469465,0.030965176027516254,0.12543898121342034,-0.009792199818664905,0.10000000000000003,1.4,1.24078822610167e-05,0.016378695540736326,-0.010328765988339449,0.12543898121342034,0.4829659318637275,0.22444889779559118,0.01973022906477928,0.11745119813178588,0.5686274509803938
glucose,0.2,6.5,CV,7,0.02229805426323098,0.03104289392154535,0.11626024791020115,-0.010542747445256781,0.10000000000000003,1.4,-3.115412354007611e-06,0.010268583124648411,-0.008542373323035115,0.11626024791020115,0.4829659318637275,0.2440881763527054,0.02082931356907237,0.10869120000024016,0.6730769230769229
glucose,0.2,6.5,CV,8,0.022492192018628017,0.031202522594240428,0.1205616682804845,-0.010022176206568874,0.10000000000000003,1.4,4.8350530297126565e-06,0.009431808425055407,-0.009718138328835077,0.1205616682804845,0.4745490981963928,0.24128256513026047,0.0209091588486333,0.1129350850965044,0.5357142857142856
glucose,0.2,6.5,CV,9,0.022646881283243155,0.031043169783449287,0.1199332416109259,-0.009153329990203216,0.10000000000000003,1.4,-4.199761026214125e-06,0.011718763355416857,-0.011443211949876013,0.1199332416109259,0.4857715430861723,0.21322645290581166,0.019067344454987766,0.11201497607773371,0.7272727272727264
glucose,0.2,7.0,CV,0,0.022552448432457736,0.031267109221454245,0.116530668701844,-0.009945989427544988,0.10000000000000003,1.4,1.6013029891552116e-06,0.00991279380221191,-0.011446223101322022,0.116530668701844,0.5110220440881764,0.24128256513026047,0.02088478498164059,0.10883759025264361,0.8695652173913031
glucose,0.2,7.0,CV,1,0.022524416211007925,0.031364517633197135,0.11864397546311359,-0.010185243401278337,0.10000000000000003,1.4,5.0726792788717e-06,0.011299723095822056,-0.009341639192269846,0.11864397546311359,0.4689378757515029,0.23286573146292588,0.020535868470943797,0.11121789763987994,0.566037735849055
glucose,0.2,7.0,CV,2,0.022667817070130596,0.031170379903975868,0.12061865409419578,-0.009327810024499793,0.10000000000000003,1.4,9.331168902598167e-07,0.009806463235107782,-0.011987989343972891,0.12061865409419578,0.4829659318637275,0.24128256513026047,0.020791855293599004,0.11277358593125907,0.8297872340425544
glucose,0.2,7.0,CV,3,0.02294200932272293,0.03139891735919423,0.11862399680884184,-0.010351577207108296,0.10000000000000003,1.4,-3.667190802492764e-05,0.011189443435025804,-0.020677160245639748,0.11862399680884184,0.4829659318637275,0.23567134268537082,0.020687506937334843,0.11060934413963053,0.866666666666667
glucose,0.2,7.0,CV,4,0.02272463022758898,0.030913244143445165,0.11935601262599217,-0.010699955063386828,0.10000000000000003,1.4,-8.645222472097633e-06,0.010470261941955758,-0.013225299011994374,0.11935601262599217,0.4997995991983969,0.23567134268537082,0.020161731536786104,0.11107298972192464,0.8666666666666655
glucose,0.2,7.0,CV,5,0.022777123000016112,0.031367587813429104,0.1200625262554603,-0.00795668919411504,0.10000000000000003,1.4,-2.609030835716841e-07,0.011353686839342986,-0.01293351737937632,0.1200625262554603,0.4829659318637275,0.227254509018036,0.020059030671067773,0.11220814938810988,0.8409090909090925
glucose,0.2,7.0,CV,6,0.02271243826999631,0.031114674675505688,0.12667330776449667,-0.009853583186463764,0.10000000000000003,1.4,1.2459420197901384e-05,0.016466663321820674,-0.010724700047726271,0.12667330776449667,0.4829659318637275,0.23286573146292577,0.020294016558470712,0.11860625194089906,0.7659574468085115
glucose,0.2,7.0,CV,7,0.022443239807715915,0.031224708541974313,0.11807353060125808,-0.01060486145642629,0.10000000000000003,1.4,-3.1471920588451613e-06,0.010325698672063668,-0.008588171121553436,0.11807353060125808,0.45210420841683374,0.23286573146292588,0.020284220823127,0.11030320876488116,0.45614035087719396
glucose,0.2,7.0,CV,8,0.022638419551965838,0.03135247986188225,0.12299405355971942,-0.010097906613115422,0.10000000000000003,1.4,4.845945582459179e-06,0.009408600772820581,-0.009848098819308773,0.12299405355971942,0.4745490981963928,0.2356713426853707,0.020653791473656875,0.11525087899765254,0.6800000000000007
glucose,0.2,7.0,CV,9,0.022793939074915115,0.0311951817546863,0.12077854481421678,-0.009201656535800753,0.10000000000000003,1.4,-4.237360718136414e-06,0.011699903690423626,-0.011407428239496004,0.12077854481421678,0.4857715430861723,0.22725450901803612,0.02003667648118108,0.11280962017034472,0.8409090909090902
glucose,0.2,7.5,CV,0,0.02268902362838053,0.03141815587060584,0.11832219893547809,-0.010013586044331958,0.10000000000000003,1.4,1.5949027563666018e-06,0.009966383228415959,-0.011506950273526531,0.11832219893547809,0.46332665330661327,0.2356713426853707,0.02069027174004104,0.11066684409349328,0.6800000000000007
glucose,0.2,7.5,CV,1,0.022660842431163637,0.03149874079179197,0.12005406897145154,-0.01014532964039544,0.10000000000000003,1.4,5.084727492865079e-06,0.011359722284816208,-0.009391304472521025,0.12005406897145154,0.4689378757515029,0.24689378757515035,0.021390255923905997,0.11245177939817422,0.7599999999999986
glucose,0.2,7.5,CV,2,0.022805005386612728,0.0313417873321892,0.12049158846258608,-0.009386239362861292,0.10000000000000003,1.4,9.231656175789551e-07,0.010039614944282257,-0.01205166106489039,0.12049158846258608,0.4829659318637275,0.23847695390781565,0.020715496973677378,0.1125075746557049,0.9767441860465113
glucose,0.2,7.5,CV,3,0.023080654819515635,0.0315454415912799,0.12043641111684483,-0.010419260950722,0.10000000000000003,1.4,-3.6881709225412693e-05,0.011219882665427842,-0.020787165962969784,0.12043641111684483,0.4577154308617234,0.2440881763527054,0.021277121574447205,0.11232582382257279,0.6111111111111099
glucose,0.2,7.5,CV,4,0.02286212047460944,0.03106813577612721,0.1177689876857557,-0.010769518942323399,0.10000000000000003,1.4,-8.706077325732557e-06,0.010504911302189456,-0.013295525773039479,0.1177689876857557,0.4997995991983969,0.24128256513026058,0.02058758349189323,0.10934399519141866,0.7199999999999988
glucose,0.2,7.5,CV,5,0.02291489221711579,0.03151300492759935,0.1199325051116904,-0.008022510434495981,0.10000000000000003,1.4,-2.771999126271376e-07,0.011597400494601146,-0.012872824035293443,0.1199325051116904,0.4829659318637275,0.22444889779559107,0.01993243497324302,0.11196466582594478,0.999999999999999
glucose,0.2,7.5,CV,6,0.022849863723499137,0.03126516072656989,0.1265784192714906,-0.00991468871415816,0.10000000000000003,1.4,1.2510724858146388e-05,0.016554232933525228,-0.011028353301258162,0.1265784192714906,0.4829659318637275,0.21603206412825637,0.019374633167462935,0.11848513123264576,0.9249999999999987
glucose,0.2,7.5,CV,7,0.022579234620144228,0.031405817014157685,0.12192470352720397,-0.010656289502043018,0.10000000000000003,1.4,-3.1788279189112078e-06,0.010383717798745192,-0.008633761625073438,0.12192470352720397,0.45210420841683374,0.23006012024048106,0.02026828850882858,0.11409591163290912,0.5769230769230774
glucose,0.2,7.5,CV,8,0.022775451636883274,0.031503165467067475,0.12370086800073635,-0.010173293956944284,0.10000000000000003,1.4,4.8567888321436135e-06,0.009308352444185174,-0.00998534330842735,0.12370086800073635,0.4745490981963928,0.23006012024048095,0.020472105597437156,0.11602192647117943,0.8222222222222219
glucose,0.2,7.5,CV,9,0.02293179766016073,0.03134694970413732,0.12040486878071129,-0.009235706366430091,0.10000000000000003,1.4,-4.274790222226054e-06,0.011685534668277077,-0.011361966197238536,0.12040486878071129,0.4857715430861723,0.22725450901803612,0.020069462993081183,0.1122783443492857,0.8409090909090918
glucose,0.2,8.0,CV,0,0.02281964805745749,0.031576234969202636,0.11954004308729033,-0.010077384804454503,0.10000000000000003,1.4,1.5884257796742862e-06,0.01002117105741166,-0.011568335528888477,0.11954004308729033,0.44649298597194387,0.23847695390781565,0.02096810262210366,0.11180836223852292,0.6346153846153846
glucose,0.2,8.0,CV,1,0.02279131609813506,0.03163543424019956,0.12166879845674626,-0.010210991344730535,0.10000000000000003,1.4,5.096920174568553e-06,0.011420440912022056,-0.009441565276525602,0.12166879845674626,0.43807615230460917,0.23286573146292588,0.020664035106562322,0.11408740485905117,0.5090909090909089
glucose,0.2,8.0,CV,2,0.022936250288054304,0.03151813122452592,0.11949684375415258,-0.009445369315664351,0.10000000000000003,1.4,9.130950211893775e-07,0.010282903544380294,-0.012116096260604017,0.11949684375415258,0.45490981963927857,0.2440881763527054,0.021149888476863637,0.11143210059692298,0.8124999999999993
glucose,0.2,8.0,CV,3,0.023213374374023737,0.03169322696005018,0.12167780060256758,-0.01048775627648885,0.10000000000000003,1.4,-3.7094026109885176e-05,0.01124056629062822,-0.02089849073672552,0.12167780060256758,0.4577154308617234,0.227254509018036,0.02038405087996694,0.11350387169923291,0.7608695652173915
glucose,0.2,8.0,CV,4,0.022993670926977686,0.031232333365081164,0.11996018545506917,-0.01083224634261279,0.10000000000000003,1.4,-8.767661877674746e-06,0.010561092623244494,-0.013366594609048148,0.11996018545506917,0.42685370741482964,0.23286573146292577,0.020257297804956526,0.11152764796389633,0.4821428571428568
glucose,0.2,8.0,CV,5,0.02304672498463736,0.031658033009906945,0.11887522936272739,-0.008089064240133122,0.10000000000000003,1.4,-2.936921536811424e-07,0.011849557340033866,-0.01275112237823977,0.11887522936272739,0.4408817635270542,0.2356713426853707,0.02070861639020516,0.11075149283003516,0.6470588235294132
glucose,0.2,8.0,CV,6,0.02298134860542372,0.03141977433550861,0.12538120146437695,-0.00997652694594201,0.10000000000000003,1.4,1.2562644702251041e-05,0.0166428525748266,-0.011324562888074631,0.12538120146437695,0.4829659318637275,0.23006012024048084,0.020328574428247922,0.11711804705702085,0.822222222222221
glucose,0.2,8.0,CV,7,0.02270927170646499,0.03159147528012533,0.12399903821749737,-0.010692460479720584,0.10000000000000003,1.4,-3.2108431182108974e-06,0.01044411309382428,-0.008679898795149313,0.12399903821749737,0.45210420841683374,0.2356713426853707,0.020723745468420224,0.11615680361557255,0.8260869565217396
glucose,0.2,8.0,CV,8,0.02290653843341889,0.03165779754009203,0.12412821906115307,-0.010249584650706477,0.10000000000000003,1.4,4.8677621010535865e-06,0.009130923182793932,-0.010127527037188049,0.12412821906115307,0.46332665330661327,0.23006012024048084,0.02053777228545992,0.11622289956199283,0.8636363636363648
glucose,0.2,8.0,CV,9,0.02306372086742369,0.03150470931905536,0.11893578492976009,-0.009249023543568224,0.10000000000000003,1.4,-4.312668535969107e-06,0.011677785450960952,-0.011311842068048665,0.11893578492976009,0.4857715430861723,0.23847695390781565,0.020847222063735918,0.11075443893639361,0.7708333333333343
glucose,0.5,6.0,CV,0,0.04859300527325373,0.07571490009962839,0.28272820959023415,-0.02905558745135372,0.10000000000000003,1.4,-3.634305557296061e-08,0.023394332878389826,-0.0270083713799674,0.28272820959023415,0.5306613226452906,0.2525050100200401,0.05210872714575103,0.2705180267458166,0.9148936170212753
glucose,0.5,6.0,CV,1,0.04852685419210232,0.07599199561853373,0.2813329867169797,-0.03167966618578548,0.10000000000000003,1.4,8.15549058341253e-06,0.02665188883449188,-0.022049638522568797,0.2813329867169797,0.5306613226452906,0.23567134268537093,0.049945606083622716,0.2699847654274887,0.8260869565217381
glucose,0.5,6.0,CV,2,0.04886525483887188,0.0753792042816021,0.2836727218307151,-0.026696143043640944,0.10000000000000003,1.4,-1.6131439855813675e-06,0.022432217041185833,-0.028279856431669186,0.2836727218307151,0.4997995991983969,0.23286573146292588,0.04895360110015048,0.27076002440339825,0.6600000000000013
glucose,0.5,6.0,CV,3,0.049512300025240465,0.07602250124345902,0.2795156483188431,-0.027670012127077207,0.10000000000000003,1.4,-9.035434700862829e-05,0.026469228663152634,-0.048824640788057594,0.2795156483188431,0.5138276553106212,0.2356713426853707,0.0497643130273674,0.2665362665027766,0.9534883720930243
glucose,0.5,6.0,CV,4,0.048999323835017095,0.0748651662130088,0.28431044207752715,-0.030712901353578754,0.10000000000000003,1.4,-2.4216329594303503e-05,0.024890901835301973,-0.031194423145275676,0.28431044207752715,0.4997995991983969,0.23286573146292588,0.048348971902810185,0.27088512248417634,0.7291666666666692
glucose,0.5,6.0,CV,5,0.049123197487160764,0.07593449246974299,0.2825489901824688,-0.02471765717678683,0.10000000000000003,1.4,-4.43081979221431e-06,0.026066316966003287,-0.030786549655935795,0.2825489901824688,0.5054108216432865,0.24969939879759528,0.051716114060691216,0.2696991471122672,0.745098039215686
glucose,0.5,6.0,CV,6,0.04897055297297351,0.0753435761872948,0.29194448354465863,-0.025488831004101965,0.10000000000000003,1.4,2.5586891760586624e-05,0.03887335273202715,-0.023524011564604805,0.29194448354465863,0.4829659318637275,0.22725450901803623,0.04813273075132424,0.27847374743895903,0.47272727272727333
glucose,0.5,6.0,CV,7,0.048335292247881724,0.07545087112368962,0.27568799120037846,-0.030522317284835274,0.10000000000000003,1.4,-1.1241950924705077e-05,0.0243633473927648,-0.020253544902975415,0.27568799120037846,0.5138276553106212,0.23847695390781576,0.04975717008003906,0.26369185481368473,0.9318181818181817
glucose,0.5,6.0,CV,8,0.04879588189911937,0.07589917276785141,0.2809398086749423,-0.029387615051354076,0.10000000000000003,1.4,7.6204391898583236e-06,0.022482345527268507,-0.022881388552712805,0.2809398086749423,0.4857715430861723,0.22164328657314636,0.04808458506834846,0.26905673161161703,0.5192307692307696
glucose,0.5,6.0,CV,9,0.04916288044761695,0.07552336586888399,0.28042807151570454,-0.027709551176485513,0.10000000000000003,1.4,-1.3814556009842473e-05,0.028058009884414394,-0.027452162610167113,0.28042807151570454,0.48857715430861715,0.227254509018036,0.04829483870800777,0.26737190931973404,0.5882352941176457
glucose,0.5,6.5,CV,0,0.04896688755042658,0.07608395467798802,0.28138088693931207,-0.029152766887718572,0.10000000000000003,1.4,-5.253651556968303e-08,0.023528424976871715,-0.027162185320159297,0.28138088693931207,0.5110220440881764,0.23286573146292577,0.049558056477998685,0.26890084453914626,0.9302325581395338
glucose,0.5,6.5,CV,1,0.048900359540309565,0.07633337456703723,0.27868765007589946,-0.030532828745573136,0.10000000000000003,1.4,8.185974204521128e-06,0.02680369494824551,-0.02217529844589157,0.27868765007589946,0.4857715430861723,0.2440881763527054,0.05136667067897363,0.26674837785568445,0.7058823529411755
glucose,0.5,6.5,CV,2,0.04924068839450268,0.07579781682749741,0.2852966306026419,-0.026876814084916746,0.10000000000000003,1.4,-1.638322059785379e-06,0.022918390572307303,-0.02844095455101273,0.2852966306026419,0.4997995991983969,0.23847695390781565,0.04996686745399025,0.2720602914410286,0.8478260869565225
glucose,0.5,6.5,CV,3,0.049891420445372425,0.07639429322496553,0.2802306204790912,-0.027841261209859594,0.10000000000000003,1.4,-9.088517259881365e-05,0.02658450800653929,-0.04910297022416421,0.2802306204790912,0.4829659318637275,0.2440881763527054,0.051241950966818196,0.2669598120171996,0.6730769230769229
glucose,0.5,6.5,CV,4,0.04937552131600118,0.07523344067293919,0.2859379845804346,-0.030906513596497376,0.10000000000000003,1.4,-2.4370300656059757e-05,0.02500370037500855,-0.031372106408252234,0.2859379845804346,0.4997995991983969,0.2356713426853707,0.049004813269125466,0.2722682377690409,0.9090909090909111
glucose,0.5,6.5,CV,5,0.04950010080041181,0.07630868921771734,0.283644638228259,-0.024883933262836083,0.10000000000000003,1.4,-4.472052987646469e-06,0.026583694049258234,-0.030943963829459104,0.283644638228259,0.4829659318637275,0.23286573146292577,0.04957242029442066,0.2709082478980556,0.6600000000000004
glucose,0.5,6.5,CV,6,0.04934658651753992,0.07571554349876794,0.29933380292403516,-0.0256434363053442,0.10000000000000003,1.4,2.5716699533329946e-05,0.039094915767452665,-0.024647996406154615,0.29933380292403516,0.4829659318637275,0.22444889779559118,0.04804446489208977,0.28568835786643365,0.5686274509803938
glucose,0.5,6.5,CV,7,0.04870770607582609,0.07589915137108698,0.2774332787201907,-0.030695775881101336,0.10000000000000003,1.4,-1.1321993956164286e-05,0.02450520258614856,-0.020368895081534496,0.2774332787201907,0.4829659318637275,0.2440881763527054,0.050826161687494355,0.26519094054441256,0.6730769230769229
glucose,0.5,6.5,CV,8,0.04917092016762911,0.07627587322326762,0.28766646307051963,-0.029578356339110767,0.10000000000000003,1.4,7.647874087275367e-06,0.022602487181508063,-0.023118326633628453,0.28766646307051963,0.4745490981963928,0.2440881763527054,0.051354082709276896,0.2751549735661254,0.5535714285714288
glucose,0.5,6.5,CV,9,0.04954000987443981,0.07590020926758495,0.2861963127465482,-0.02789615617114985,0.10000000000000003,1.4,-1.390925774916886e-05,0.028008807513453447,-0.02740260300228759,0.2861963127465482,0.4857715430861723,0.21322645290581166,0.04652170422513434,0.273061821086322,0.7272727272727264
glucose,0.5,7.0,CV,0,0.04932273700995586,0.07647754214924905,0.27779391946646753,-0.029336108303590642,0.10000000000000003,1.4,-6.914227984316373e-08,0.023666453394170978,-0.027319860149663346,0.27779391946646753,0.5110220440881764,0.24128256513026047,0.050942700887559596,0.2651719249180314,0.8695652173913031
glucose,0.5,7.0,CV,1,0.04925582247382451,0.07669163296696704,0.28323067987310907,-0.02883982358667308,0.10000000000000003,1.4,8.217233973985324e-06,0.026959366221759103,-0.022304157815072348,0.28323067987310907,0.4689378757515029,0.23286573146292588,0.05004176343183274,0.2710434596180616,0.566037735849055
glucose,0.5,7.0,CV,2,0.049598128629839,0.07624010496636927,0.28790618524402123,-0.02706208522048928,0.10000000000000003,1.4,-1.6641411969662499e-06,0.023456098742003807,-0.02860615441535521,0.28790618524402123,0.4829659318637275,0.24128256513026047,0.05064627609225223,0.2745552332159455,0.8297872340425544
glucose,0.5,7.0,CV,3,0.050252641417057,0.07678209687929537,0.2831448227801345,-0.028016870492945614,0.10000000000000003,1.4,-9.142951362430484e-05,0.026688159285002296,-0.049388386250587724,0.2831448227801345,0.4829659318637275,0.23567134268537082,0.05048590342986748,0.2698085080092482,0.866666666666667
glucose,0.5,7.0,CV,4,0.04973374492711648,0.0756304888109246,0.2847181289765558,-0.031099220853832342,0.10000000000000003,1.4,-2.4528191999661022e-05,0.025066824824305917,-0.03155431369322408,0.2847181289765558,0.4997995991983969,0.23567134268537082,0.04924891027736621,0.27081784454704316,0.8666666666666655
glucose,0.5,7.0,CV,5,0.04985904821510237,0.07669616496210437,0.286578675883932,-0.025054579004164402,0.10000000000000003,1.4,-4.514336028066394e-06,0.027151411355491258,-0.030959465271756817,0.286578675883932,0.4829659318637275,0.227254509018036,0.04890962191839937,0.2734071636796019,0.8409090909090925
glucose,0.5,7.0,CV,6,0.04970464201822615,0.07610896588894234,0.30235899421991985,-0.025801978036904587,0.10000000000000003,1.4,2.5849812362549753e-05,0.039322120054782375,-0.025622956433023564,0.30235899421991985,0.4829659318637275,0.23006012024048095,0.049034516023678434,0.28845534605294965,0.7826086956521745
glucose,0.5,7.0,CV,7,0.04906204969770605,0.07636959321440033,0.28174200396315124,-0.03085846030939121,0.10000000000000003,1.4,-1.1404074976057665e-05,0.024652440066128975,-0.02048718220945065,0.28174200396315124,0.45210420841683374,0.23286573146292588,0.049486801147742496,0.2688903763997052,0.45614035087719396
glucose,0.5,7.0,CV,8,0.04952795505137572,0.07667043956171139,0.2936150580529698,-0.02977395381431075,0.10000000000000003,1.4,7.676007509006262e-06,0.022551468983711992,-0.023443815140840214,0.2936150580529698,0.4745490981963928,0.2356713426853707,0.05043581637566053,0.2810871069454015,0.6800000000000007
glucose,0.5,7.0,CV,9,0.049899189159816004,0.07629964180758918,0.2882670242131052,-0.028087512345447825,0.10000000000000003,1.4,-1.4006370704636478e-05,0.02797114452984794,-0.027322899231890636,0.2882670242131052,0.4857715430861723,0.22725450901803612,0.048874852287929885,0.2749199968927907,0.8409090909090902
glucose,0.5,7.5,CV,0,0.0496561737039754,0.07687271796753359,0.2825667842824742,-0.029509087920256874,0.10000000000000003,1.4,-8.545270780195568e-08,0.02380292582174086,-0.0274746278022884,0.2825667842824742,0.46332665330661327,0.2356713426853707,0.050484952065740434,0.2699925615549836,0.6800000000000007
glucose,0.5,7.5,CV,1,0.04958887951625997,0.0770466958083159,0.2866784186345152,-0.027180284204394535,0.10000000000000003,1.4,8.24793778318492e-06,0.02711226885546189,-0.02243072539536347,0.2866784186345152,0.4689378757515029,0.24689378757515035,0.052188222760171286,0.2742357654176159,0.7599999999999986
glucose,0.5,7.5,CV,2,0.04993312780744991,0.07668381725687085,0.2876003957671076,-0.027244061277712416,0.10000000000000003,1.4,-1.6895011364439287e-06,0.024030550817035798,-0.028768416172287502,0.2876003957671076,0.4829659318637275,0.23847695390781565,0.050507753002393116,0.2740269357776371,0.9767441860465113
glucose,0.5,7.5,CV,3,0.050591354089983484,0.07716650347727834,0.2876180578427638,-0.02818935653535594,0.10000000000000003,1.4,-9.196417345297991e-05,0.026768838530386196,-0.049668726104911694,0.2876180578427638,0.4577154308617234,0.2440881763527054,0.05192918050420708,0.2740468416455046,0.6111111111111099
glucose,0.5,7.5,CV,4,0.050069513548036196,0.07603482111282785,0.2808466792146573,-0.031277413054425066,0.10000000000000003,1.4,-2.4683275219124408e-05,0.025082067898322104,-0.031733280390945466,0.2808466792146573,0.4997995991983969,0.24128256513026058,0.050302784168265155,0.26660018189086077,0.7199999999999988
glucose,0.5,7.5,CV,5,0.05019552776662887,0.07707791834046414,0.2862653545453247,-0.025222285010626434,0.10000000000000003,1.4,-4.5558670574914546e-06,0.027752509210547532,-0.030817703516241746,0.2862653545453247,0.4829659318637275,0.22444889779559107,0.048659403776383704,0.2730027223028375,0.999999999999999
glucose,0.5,7.5,CV,6,0.05004024551858913,0.0765027993998708,0.3021352053386811,-0.025957700077067665,0.10000000000000003,1.4,2.598055775768297e-05,0.03954528347559631,-0.02637056042877249,0.3021352053386811,0.4829659318637275,0.21603206412825637,0.04724055706000432,0.2882717894007161,0.9249999999999987
glucose,0.5,7.5,CV,7,0.049394007335652475,0.07683641031308128,0.2911534862495552,-0.03099231975490397,0.10000000000000003,1.4,-1.1484696171188184e-05,0.024799961937925625,-0.020603365580874965,0.2911534862495552,0.45210420841683374,0.23006012024048106,0.04949280227198249,0.2782852611540266,0.5769230769230774
glucose,0.5,7.5,CV,8,0.04986255608664322,0.07706476709982742,0.2953473015657705,-0.02996607185571271,0.10000000000000003,1.4,7.703640573093445e-06,0.02231088811860521,-0.02378508626687441,0.2953473015657705,0.4745490981963928,0.23006012024048095,0.04990837305813884,0.28254517776827043,0.8222222222222219
glucose,0.5,7.5,CV,9,0.05023589645816894,0.07669653915155891,0.2873590689268618,-0.02827546521795785,0.10000000000000003,1.4,-1.4101756489835346e-05,0.027942364196998463,-0.027217648648046627,0.2873590689268618,0.4857715430861723,0.22725450901803612,0.04903060774130015,0.2738402516372599,0.8409090909090918
glucose,0.5,8.0,CV,0,0.049975056154601134,0.07728301935081697,0.285580364720551,-0.029674126924692668,0.10000000000000003,1.4,-1.0206549528114089e-07,0.023943271248109573,-0.02763209481987147,0.285580364720551,0.44649298597194387,0.23847695390781565,0.05118658107784369,0.2728515029491872,0.6346153846153846
glucose,0.5,8.0,CV,1,0.04990737527739488,0.07740601726603788,0.290635142606725,-0.02734869980807012,0.10000000000000003,1.4,8.279210773587999e-06,0.027268005968268873,-0.02255963925429437,0.290635142606725,0.43807615230460917,0.23286573146292588,0.05041500336425464,0.2781594006982033,0.5090909090909089
glucose,0.5,8.0,CV,2,0.05025360170668194,0.07713765528746089,0.2854603565047494,-0.0274294107714557,0.10000000000000003,1.4,-1.7153311935145019e-06,0.024630610522916686,-0.02893368590590093,0.2854603565047494,0.45490981963927857,0.2440881763527054,0.051580142777514305,0.2716761852266327,0.8124999999999993
glucose,0.5,8.0,CV,3,0.05091561032458017,0.07755229698857682,0.2906550731300574,-0.028365040090249812,0.10000000000000003,1.4,-9.250874470087916e-05,0.02682676408920389,-0.04995426284456801,0.2906550731300574,0.4577154308617234,0.2356713426853706,0.05093171420542557,0.27669631684157076,0.8260869565217387
glucose,0.5,8.0,CV,4,0.05039077115436645,0.07645964426811641,0.28644216191780925,-0.03144031242891893,0.10000000000000003,1.4,-2.484123334094693e-05,0.02522440530458879,-0.03191556473826973,0.28644216191780925,0.42685370741482964,0.23286573146292577,0.049484814241518266,0.2720624783544454,0.4821428571428568
glucose,0.5,8.0,CV,5,0.050517509482658284,0.0774571169124164,0.28397706541395584,-0.025392956413292693,0.10000000000000003,1.4,-4.598167981008584e-06,0.02837522205330891,-0.030528035664182565,0.28397706541395584,0.4408817635270542,0.2356713426853707,0.05060257260253682,0.27046225443360294,0.6470588235294132
glucose,0.5,8.0,CV,6,0.05036133494339005,0.07690481072856233,0.29922053588601105,-0.02611630886192282,0.10000000000000003,1.4,2.611372688535301e-05,0.03977258385621264,-0.027100998315347527,0.29922053588601105,0.4829659318637275,0.23286573146292577,0.04997980161897652,0.2850086587798092,0.8043478260869551
glucose,0.5,8.0,CV,7,0.04971138331175319,0.0773124406621249,0.2962263530858925,-0.031090314024549922,0.10000000000000003,1.4,-1.1566811906249423e-05,0.02495427232644735,-0.020721702736891473,0.2962263530858925,0.45210420841683374,0.2356713426853707,0.050634352071944444,0.28335544575307725,0.8260869565217396
glucose,0.5,8.0,CV,8,0.05018262446284702,0.07746687921588805,0.29646851023990317,-0.030161749875456556,0.10000000000000003,1.4,7.731785893512478e-06,0.02188252800861179,-0.024139449134711565,0.29646851023990317,0.46332665330661327,0.23286573146292577,0.05047683082441923,0.2831736925992389,0.8863636363636379
glucose,0.5,8.0,CV,9,0.050558110142950884,0.07710607193511794,0.2837765821503982,-0.028466902324019654,0.10000000000000003,1.4,-1.4198910518044998e-05,0.02793081989928592,-0.027101990293879538,0.2837765821503982,0.4857715430861723,0.23847695390781565,0.050923861671227706,0.27006685361095084,0.7708333333333343
glucose,1.0,6.0,CV,0,0.08989068869844315,0.14586711316985093,0.5399617068463872,-0.05902054809009914,0.10000000000000003,1.4,-2.6239950001269443e-06,0.04469792740043954,-0.05159806782141382,0.5399617068463872,0.5306613226452906,0.2525050100200401,0.10033211562938288,0.520585389009296,0.9148936170212753
glucose,1.0,6.0,CV,1,0.08976430583414878,0.14638485219008765,0.5372961077362635,-0.06354346935455088,0.10000000000000003,1.4,1.3026654711074885e-05,0.05090991556418277,-0.042129605912077775,0.5372961077362635,0.5306613226452906,0.23567134268537093,0.09606527001433968,0.5191054750060469,0.8260869565217381
glucose,1.0,6.0,CV,2,0.09041082653000734,0.14522156717438972,0.5419788589095124,-0.05556667295987122,0.10000000000000003,1.4,-5.636502346762228e-06,0.042877531147947595,-0.05402270952596454,0.5419788589095124,0.4997995991983969,0.23286573146292588,0.09411789664973885,0.5206135298793219,0.6600000000000013
glucose,1.0,6.0,CV,3,0.09164701832850537,0.14644847890646362,0.5339742010476954,-0.05618357764865452,0.10000000000000003,1.4,-0.000175178212380359,0.050556970627160164,-0.09330060248585578,0.5339742010476954,0.5138276553106212,0.2356713426853707,0.09582855435750769,0.5131216723203275,0.9534883720930243
glucose,1.0,6.0,CV,4,0.09066696782733731,0.14424187395149768,0.5431972352384818,-0.06232614136854705,0.10000000000000003,1.4,-4.882030659735682e-05,0.04760567650312242,-0.05958751770627649,0.5431972352384818,0.4997995991983969,0.23286573146292588,0.09303130149092832,0.5211218733675197,0.7291666666666692
glucose,1.0,6.0,CV,5,0.09090363073134475,0.1462732373684846,0.5398150727273845,-0.05120252752877394,0.10000000000000003,1.4,-1.1019724100616148e-05,0.04982160236178855,-0.05887913880906406,0.5398150727273845,0.5054108216432865,0.24969939879759528,0.09959754439014722,0.519292134329727,0.745098039215686
glucose,1.0,6.0,CV,6,0.09061200056315971,0.1451545727740372,0.5577466650628375,-0.050194157010986055,0.10000000000000003,1.4,4.6329669130343e-05,0.07427826431837689,-0.04493008754072736,0.5577466650628375,0.4829659318637275,0.22164328657314636,0.09112056871303952,0.5354952106785074,0.49056603773585
glucose,1.0,6.0,CV,7,0.08939832319593637,0.1453584778323759,0.5266613913135494,-0.061953687911762506,0.10000000000000003,1.4,-2.4032516131006593e-05,0.046549398491883553,-0.03868605493566399,0.5266613913135494,0.5138276553106212,0.23847695390781576,0.09575284898569254,0.5074090551482876,0.9318181818181817
glucose,1.0,6.0,CV,8,0.09027828824525315,0.14621230727748966,0.5367367220908774,-0.0598673703438316,0.10000000000000003,1.4,1.2004429125565513e-05,0.04301834503172547,-0.04370557298320252,0.5367367220908774,0.4857715430861723,0.227254509018036,0.09408730724867471,0.5175874941250695,0.5576923076923072
glucose,1.0,6.0,CV,9,0.09097944576140682,0.14549717682354496,0.5357702903015287,-0.057528303771986034,0.10000000000000003,1.4,-2.8947525737784683e-05,0.05364017708819296,-0.05251661401225467,0.5357702903015287,0.48857715430861715,0.227254509018036,0.09300937345571587,0.5148005106453201,0.5882352941176457
glucose,1.0,6.5,CV,0,0.09061066944072445,0.14659698935829626,0.5375435637152857,-0.05937809577189889,0.10000000000000003,1.4,-2.6556770242483902e-06,0.044960250769319005,-0.05189900231544986,0.5375435637152857,0.5110220440881764,0.23286573146292577,0.09534695009210382,0.5172304113874673,0.9302325581395338
glucose,1.0,6.5,CV,1,0.09048354912609008,0.1470618607668256,0.5325330137169508,-0.06134130893053127,0.10000000000000003,1.4,1.3086295011508833e-05,0.051206919722571104,-0.04237545582453185,0.5325330137169508,0.4857715430861723,0.2440881763527054,0.09883653238371556,0.513319158763756,0.7058823529411755
glucose,1.0,6.5,CV,2,0.09113384230257458,0.1460460962552144,0.5451095924644624,-0.05592015049270864,0.10000000000000003,1.4,-5.6857625020609554e-06,0.04381752451824519,-0.05433789321765188,0.5451095924644624,0.4997995991983969,0.23847695390781565,0.0961455875447145,0.5233986122689244,0.8478260869565225
glucose,1.0,6.5,CV,3,0.09237724734210208,0.1471835906598634,0.5354817861268466,-0.056538584190515724,0.10000000000000003,1.4,-0.00017621675690116716,0.05078360590089835,-0.09384514577124492,0.5354817861268466,0.4829659318637275,0.2440881763527054,0.09864626619172832,0.513920496933794,0.6730769230769229
glucose,1.0,6.5,CV,4,0.09139147819719723,0.14497025701396865,0.5463350780803049,-0.0627050665086613,0.10000000000000003,1.4,-4.9121546412291376e-05,0.047826750383942226,-0.05993514973950079,0.5463350780803049,0.4997995991983969,0.2356713426853707,0.09438803943403487,0.5241408429871421,0.9090909090909111
glucose,1.0,6.5,CV,5,0.09162952204109714,0.14701293221609585,0.5420052190339516,-0.051527825238141034,0.10000000000000003,1.4,-1.1100395624339377e-05,0.05082231075287316,-0.059187019360651794,0.5420052190339516,0.4829659318637275,0.23286573146292577,0.09543409627781956,0.5214586138840119,0.6600000000000004
glucose,1.0,6.5,CV,6,0.09133619019628139,0.14589000730553284,0.571983743101779,-0.050496637696660907,0.10000000000000003,1.4,4.658363418710297e-05,0.07471174582474974,-0.04709916144613005,0.571983743101779,0.4829659318637275,0.22444889779559118,0.09238717667534019,0.5492394678759087,0.5686274509803938
glucose,1.0,6.5,CV,7,0.09011543096086214,0.14623965430244681,0.5301366846589708,-0.062293769873164075,0.10000000000000003,1.4,-2.4189117947663214e-05,0.046826841076688164,-0.03891173413827166,0.5301366846589708,0.4829659318637275,0.2356713426853707,0.09556021489771453,0.5103581298293793,0.7142857142857143
glucose,1.0,6.5,CV,8,0.09100053065029383,0.14695679415044682,0.5496703030958334,-0.06024055002270001,0.10000000000000003,1.4,1.2058104688534063e-05,0.04325282913390249,-0.04412852479416557,0.5496703030958334,0.4745490981963928,0.2440881763527054,0.09882423403215718,0.5294226985797973,0.5535714285714288
glucose,1.0,6.5,CV,9,0.09170577945565503,0.1462419298406795,0.5468804075364473,-0.05789339090860356,0.10000000000000003,1.4,-2.9132806881548235e-05,0.05355001525543858,-0.05242537702525382,0.5468804075364473,0.4857715430861723,0.21322645290581166,0.08965748375092351,0.5259897321212541,0.7272727272727264
glucose,1.0,7.0,CV,0,0.09129590552035416,0.14737309770154158,0.5306387694307537,-0.05973789962776098,0.10000000000000003,1.4,-2.688235479383537e-06,0.04523083324823025,-0.05220815527484046,0.5306387694307537,0.5110220440881764,0.24128256513026047,0.09809357575017763,0.5103841753248916,0.8695652173913031
glucose,1.0,7.0,CV,1,0.09116802735503073,0.14777049331774714,0.5412863769110032,-0.05808836288969938,0.10000000000000003,1.4,1.3147585162620248e-05,0.05151214001180854,-0.042628106766873786,0.5412863769110032,0.4689378757515029,0.23286573146292588,0.09633915477016307,0.5217847238798046,0.566037735849055
glucose,1.0,7.0,CV,2,0.091822197371604,0.14691521382070738,0.5501965118616486,-0.05628340639927694,0.10000000000000003,1.4,-5.736385358419499e-06,0.044857379104667944,-0.05466179594702872,0.5501965118616486,0.4829659318637275,0.24128256513026047,0.09743767253394348,0.5281408178724761,0.8297872340425544
glucose,1.0,7.0,CV,3,0.09307301519459313,0.1479486738704856,0.5410972289326548,-0.05690351171113349,0.10000000000000003,1.4,-0.00017728403104555037,0.050988615000397516,-0.09440475294970366,0.5410972289326548,0.4829659318637275,0.23567134268537082,0.09719925973485433,0.5193848832292348,0.866666666666667
glucose,1.0,7.0,CV,4,0.09208136920909166,0.1457529359232319,0.5439895953533656,-0.0630832548709506,0.10000000000000003,1.4,-4.943111953053221e-05,0.047952793787990736,-0.06029239844033732,0.5439895953533656,0.4997995991983969,0.23567134268537082,0.09476868751796715,0.5209168885700105,0.8666666666666655
glucose,1.0,7.0,CV,5,0.09232083219431167,0.1477773749507488,0.5476595524619059,-0.051862381545846714,0.10000000000000003,1.4,-1.1183298792891775e-05,0.05192068312772373,-0.05922237122647689,0.5476595524619059,0.4829659318637275,0.227254509018036,0.09412518155746732,0.5260662912034495,0.8409090909090925
glucose,1.0,7.0,CV,6,0.09202575159878405,0.1466657806346007,0.5778167989092868,-0.050807486012287094,0.10000000000000003,1.4,4.6844624768850344e-05,0.07515721888300626,-0.048981951012440295,0.5778167989092868,0.4829659318637275,0.23006012024048095,0.0943338658010855,0.5546889625165359,0.7826086956521745
glucose,1.0,7.0,CV,7,0.09079771458694984,0.14716253186834571,0.5383580054071071,-0.06261410295539792,0.10000000000000003,1.4,-2.4350051895637895e-05,0.04711535558521901,-0.039143656384301825,0.5383580054071071,0.45210420841683374,0.23286573146292588,0.09534018703468407,0.5178254977216687,0.45614035087719396
glucose,1.0,7.0,CV,8,0.09168809095785788,0.1477347900288174,0.5611319416411522,-0.06062405251248118,0.10000000000000003,1.4,1.2113265097543061e-05,0.04315818827733192,-0.044760555546204325,0.5611319416411522,0.4745490981963928,0.2356713426853707,0.09701138112984656,0.5405939851819416,0.6800000000000007
glucose,1.0,7.0,CV,9,0.09239754423120379,0.147029196746535,0.5508724178385226,-0.0582685775795183,0.10000000000000003,1.4,-2.932321352297601e-05,0.05348284312993295,-0.05227678584959575,0.5508724178385226,0.4857715430861723,0.23006012024048106,0.094789320629315,0.5289676480861758,0.8636363636363632
glucose,1.0,7.5,CV,0,0.09193800160027846,0.14815094875407178,0.5400860724191227,-0.060076109380040384,0.10000000000000003,1.4,-2.720084114584978e-06,0.045497258035966326,-0.05251036911281627,0.5400860724191227,0.46332665330661327,0.2356713426853707,0.09717494394725885,0.5196929437891104,0.6800000000000007
glucose,1.0,7.5,CV,1,0.09180938210647273,0.14847172146425552,0.5479289421803063,-0.053889410496096815,0.10000000000000003,1.4,1.320753910257537e-05,0.05181070607116561,-0.042875249558338664,0.5479289421803063,0.4689378757515029,0.24689378757515035,0.10044111809808554,0.5277542020861973,0.7599999999999986
glucose,1.0,7.5,CV,2,0.09246734444258971,0.1477857710544029,0.5496105010470365,-0.05663874281819116,0.10000000000000003,1.4,-5.785904565590774e-06,0.0459669564446864,-0.0549786371431447,0.5496105010470365,0.4829659318637275,0.23847695390781565,0.09719645224870231,0.527178507327023,0.9767441860465113
glucose,1.0,7.5,CV,3,0.0937254134399763,0.14870596474283312,0.549742368141427,-0.05726064355095771,0.10000000000000003,1.4,-0.0001783280371184249,0.051148065627296214,-0.0949521599077095,0.549742368141427,0.4577154308617234,0.2440881763527054,0.09999272251494842,0.5276263902145294,0.6111111111111099
glucose,1.0,7.5,CV,4,0.0927280187372362,0.14654826255794123,0.5365363930933056,-0.06343176555117706,0.10000000000000003,1.4,-4.973394352110946e-05,0.047985528573923936,-0.0606418586190203,0.5365363930933056,0.4997995991983969,0.24128256513026058,0.0969191310197252,0.5132694746300098,0.7199999999999988
glucose,1.0,7.5,CV,5,0.09296886992450741,0.1485295880126398,0.5470588345215167,-0.052189832802830974,0.10000000000000003,1.4,-1.1264394556229191e-05,0.05308212411085854,-0.0589535022085928,0.5470588345215167,0.4829659318637275,0.22444889779559107,0.09364671865515067,0.5252550813692803,0.999999999999999
glucose,1.0,7.5,CV,6,0.09267207870348329,0.1474410603953246,0.577390906950202,-0.051111557399160346,0.10000000000000003,1.4,4.709992539028987e-05,0.0755929800045226,-0.05042562592499866,0.577390906950202,0.4829659318637275,0.21603206412825637,0.09089994845264102,0.5543341096752004,0.9249999999999987
glucose,1.0,7.5,CV,7,0.09143692258095552,0.14807720917741535,0.5564875036043528,-0.06287720669457485,0.10000000000000003,1.4,-2.4507477258091382e-05,0.0474032089215789,-0.03937052240046503,0.5564875036043528,0.45210420841683374,0.23006012024048106,0.0952949494927197,0.5356353405277854,0.5769230769230774
glucose,1.0,7.5,CV,8,0.09233246059429155,0.14851103025471774,0.5644719566615647,-0.060999192758720004,0.10000000000000003,1.4,1.2167222932360139e-05,0.042697579855041606,-0.045421720288143244,0.5644719566615647,0.4745490981963928,0.23006012024048095,0.09596141319369565,0.5432019986551688,0.8222222222222219
glucose,1.0,7.5,CV,9,0.09304602667232999,0.14781033555582232,0.5491267654523077,-0.05863558465540225,0.10000000000000003,1.4,-2.9509469032877185e-05,0.05343146728524064,-0.05207779273758522,0.5491267654523077,0.4857715430861723,0.22725450901803612,0.09441339761977953,0.5270414877673493,0.8409090909090918
glucose,1.0,8.0,CV,0,0.09255205403530781,0.1489566090312621,0.5459151899973917,-0.06039988308852285,0.10000000000000003,1.4,-2.752588852309827e-06,0.04577174932488283,-0.05281848284400528,0.5459151899973917,0.44649298597194387,0.23847695390781565,0.09856042693284965,0.5253271566475111,0.6346153846153846
glucose,1.0,8.0,CV,1,0.09242267794117259,0.14918000568572978,0.5555576821999013,-0.054218934065405004,0.10000000000000003,1.4,1.3268728132544483e-05,0.05211542278485338,-0.04312748363919107,0.5555576821999013,0.43807615230460917,0.23286573146292588,0.09702512775426428,0.5352515340699725,0.5090909090909089
glucose,1.0,8.0,CV,2,0.09308451072107339,0.148674585675487,0.5456747530396356,-0.057001399397598164,0.10000000000000003,1.4,-5.836443900519038e-06,0.047126398007782386,-0.0553020054732183,0.5456747530396356,0.45490981963927857,0.2440881763527054,0.09929571086665329,0.5229392037657176,0.8124999999999993
glucose,1.0,8.0,CV,3,0.09434998027174885,0.14946483439985306,0.5555947473398253,-0.057625337291598626,0.10000000000000003,1.4,-0.0001793935503929315,0.05126438285981018,-0.09551084380377783,0.5555947473398253,0.4577154308617234,0.2356713426853706,0.0980558714799377,0.5325888815418558,0.8260869565217387
glucose,1.0,8.0,CV,4,0.09334671842446977,0.1473816113855395,0.5474694583470434,-0.06375172468769522,0.10000000000000003,1.4,-5.004300588212678e-05,0.04821503136052366,-0.06099851790383935,0.5474694583470434,0.42685370741482964,0.23286573146292577,0.09525454079162503,0.5235241859573464,0.4821428571428568
glucose,1.0,8.0,CV,5,0.09358898641165404,0.14927584501502103,0.5428404379881039,-0.05252375031441941,0.10000000000000003,1.4,-1.1347160944842699e-05,0.05428583215930803,-0.05840047995201875,0.5428404379881039,0.4408817635270542,0.2356713426853707,0.09740639623882315,0.5205888844844729,0.6470588235294132
glucose,1.0,8.0,CV,6,0.09329044932513969,0.14823086331583635,0.5717834429421529,-0.051421892853645804,0.10000000000000003,1.4,4.736048536996964e-05,0.0760377180875216,-0.051836890898849325,0.5717834429421529,0.4829659318637275,0.23286573146292577,0.09624886616014741,0.5483746645065141,0.8043478260869551
glucose,1.0,8.0,CV,7,0.09204802743362478,0.14900840738972948,0.5662617726943636,-0.06307213378002305,0.10000000000000003,1.4,-2.4668145685025775e-05,0.04770476890105387,-0.03960206200357361,0.5662617726943636,0.45210420841683374,0.2356713426853707,0.0975639217812594,0.5456451247074445,0.8260869565217396
glucose,1.0,8.0,CV,8,0.09294883342256764,0.14930106710541874,0.5666810655448572,-0.06138205831426221,0.10000000000000003,1.4,1.2222292333540615e-05,0.04187578495773356,-0.04610875909008793,0.5666810655448572,0.46332665330661327,0.23286573146292577,0.09724371224406535,0.5452174497241637,0.8863636363636379
glucose,1.0,8.0,CV,9,0.09366659703174042,0.14861452097932917,0.5422306716197935,-0.05901015231487536,0.10000000000000003,1.4,-2.96995615269786e-05,0.05341397267628925,-0.05185938319116991,0.5422306716197935,0.4857715430861723,0.23847695390781565,0.09809102219890092,0.5198947509549728,0.7708333333333343
glucose,2.0,6.0,CV,0,0.16394170725395527,0.2716608570450302,1.0012079777884548,-0.11290410980973149,0.10000000000000003,1.4,-7.263922624844585e-06,0.08289747619859764,-0.09568993730262808,1.0012079777884548,0.5306613226452906,0.2525050100200401,0.1867906533812676,0.9689385288518141,0.9148936170212753
glucose,2.0,6.0,CV,1,0.1637073225716115,0.27261021758207443,0.996264462667393,-0.12067856469164745,0.10000000000000003,1.4,2.176115590550358e-05,0.09440706694155955,-0.07813506467947319,0.996264462667393,0.5306613226452906,0.23567134268537093,0.1787734439879081,0.9658506981798868,0.8260869565217381
glucose,2.0,6.0,CV,2,0.1649063343899744,0.27045978266376747,1.0051484840163214,-0.10733451970621517,0.10000000000000003,1.4,-1.2850800097845137e-05,0.07953809437386525,-0.10018230817780448,1.0051484840163214,0.4997995991983969,0.23286573146292588,0.17519024505697733,0.9690050173171966,0.6600000000000013
glucose,2.0,6.0,CV,3,0.16719892701022177,0.27273317034976063,0.9902447093890858,-0.10815005044825912,0.10000000000000003,1.4,-0.0003272761778744965,0.09374878380400127,-0.17305060277156292,0.9902447093890858,0.5138276553106212,0.2356713426853707,0.17834412549063722,0.9549252641243752,0.9534883720930243
glucose,2.0,6.0,CV,4,0.1653813639514978,0.2686451179653337,1.00740803676847,-0.11901195105055914,0.10000000000000003,1.4,-9.293778260283161e-05,0.08833561728680056,-0.11049927347082966,1.00740803676847,0.4997995991983969,0.23286573146292588,0.17326307567501806,0.9703020797901526,0.7291666666666692
glucose,2.0,6.0,CV,5,0.1658202696519505,0.2724015980138939,1.0011197724630954,-0.09869263988406117,0.10000000000000003,1.4,-2.2834311136372063e-05,0.09241728651974833,-0.10925205729053553,1.0011197724630954,0.5054108216432865,0.24969939879759528,0.18537262193122817,0.9665126678127686,0.745098039215686
glucose,2.0,6.0,CV,6,0.16527942382832117,0.270336534303037,1.0343574733023309,-0.09549790928226201,0.10000000000000003,1.4,8.352361475887208e-05,0.13776293336976264,-0.08331339618756778,1.0343574733023309,0.4829659318637275,0.22164328657314636,0.16960739338676598,0.9965366762018616,0.49056603773585
glucose,2.0,6.0,CV,7,0.16302858558555158,0.2707136789439429,0.9766826604819938,-0.11831338696694237,0.10000000000000003,1.4,-4.6967322707822805e-05,0.08633128322133787,-0.07173745223565728,0.9766826604819938,0.5138276553106212,0.23847695390781576,0.17828303516445873,0.9446505745975926,0.9318181818181817
glucose,2.0,6.0,CV,8,0.1646605341072862,0.27229467150424314,0.9954070495953127,-0.11452072466137751,0.10000000000000003,1.4,1.986537659648857e-05,0.07984151655695865,-0.08104548989304614,0.9954070495953127,0.4857715430861723,0.227254509018036,0.17501652458408815,0.9628767917359572,0.5576923076923072
glucose,2.0,6.0,CV,9,0.16596087322061628,0.2709710832518435,0.9936253032967999,-0.11099641187426282,0.10000000000000003,1.4,-5.608250593961195e-05,0.09951164931565798,-0.09745976825048061,0.9936253032967999,0.48857715430861715,0.227254509018036,0.17309710810353673,0.9580693292160802,0.5882352941176457
glucose,2.0,6.5,CV,0,0.16528225892958892,0.27303775384934104,0.996870387280967,-0.11357649311423287,0.10000000000000003,1.4,-7.323485370298227e-06,0.08339062162007001,-0.09625570163870723,0.996870387280967,0.5110220440881764,0.23286573146292577,0.1775843930576738,0.9630837357149686,0.9302325581395338
glucose,2.0,6.5,CV,1,0.16504648782803405,0.2738890863543735,0.9877044711329561,-0.11658553577144627,0.10000000000000003,1.4,2.1873280687049164e-05,0.0949654398225637,-0.07859726670610931,0.9877044711329561,0.4857715430861723,0.2440881763527054,0.18394365303027235,0.9554004050921125,0.7058823529411755
glucose,2.0,6.5,CV,2,0.16625259197428582,0.27201218037471697,1.0109818110170758,-0.10799906349392413,0.10000000000000003,1.4,-1.2943410029578634e-05,0.08129263355353648,-0.10077485889132985,1.0109818110170758,0.4997995991983969,0.23847695390781565,0.17891890524180137,0.973949543523429,0.8478260869565225
glucose,2.0,6.5,CV,3,0.1685587456106377,0.2741197959849766,0.9931740758155133,-0.10881746567199663,0.10000000000000003,1.4,-0.00032922865927839884,0.09417610079125736,-0.17407435343129837,0.9931740758155133,0.4829659318637275,0.2440881763527054,0.18364446322296032,0.9567362002481454,0.6730769230769229
glucose,2.0,6.5,CV,4,0.1667304314041989,0.27001921047884564,1.0132547293497423,-0.11972448222952362,0.10000000000000003,1.4,-9.350411859035104e-05,0.08875167778261608,-0.11115282761961372,1.0132547293497423,0.4997995991983969,0.2356713426853707,0.17574490827399847,0.975690644706886,0.9090909090909111
glucose,2.0,6.5,CV,5,0.16717193329519137,0.27379670823121804,1.0052731409165638,-0.09930418642713731,0.10000000000000003,1.4,-2.2985974976233876e-05,0.0942855932130314,-0.10983076977638626,1.0052731409165638,0.4829659318637275,0.23286573146292577,0.17762683967168386,0.9705416876166767,0.6600000000000004
glucose,2.0,6.5,CV,6,0.1666278882904866,0.2717237187656149,1.0608745580684142,-0.09608888482377904,0.10000000000000003,1.4,8.400107339509694e-05,0.13857788599160095,-0.08735737650634107,1.0608745580684142,0.4829659318637275,0.22444889779559118,0.1719741210849473,1.0221531738748952,0.5686274509803938
glucose,2.0,6.5,CV,7,0.1643637360147792,0.27237110060806574,0.9832604718047917,-0.11895355641848666,0.10000000000000003,1.4,-4.726173679283631e-05,0.08685277488475905,-0.07216173298386828,0.9832604718047917,0.4829659318637275,0.2356713426853707,0.17790262803301712,0.9500987390055479,0.7142857142857143
glucose,2.0,6.5,CV,8,0.16600533774746354,0.2736986768160597,1.0194712450548264,-0.11522230882800484,0.10000000000000003,1.4,1.9966287569913823e-05,0.08028170619347774,-0.08180295127050538,1.0194712450548264,0.4745490981963928,0.2440881763527054,0.18380394505892864,0.9847817258604239,0.5535714285714288
glucose,2.0,6.5,CV,9,0.16731336855425083,0.27237555988538537,1.01431470140963,-0.11168278191499528,0.10000000000000003,1.4,-5.643083764850218e-05,0.09934904811419465,-0.09729471996561781,1.01431470140963,0.4857715430861723,0.21322645290581166,0.16694982055938312,0.9792604029916946,0.7272727272727264
glucose,2.0,7.0,CV,0,0.16655813871141317,0.27449966727273445,0.9840157417805085,-0.11425145648489404,0.10000000000000003,1.4,-7.384540526835209e-06,0.08389799712447449,-0.09683544308550293,0.9840157417805085,0.5110220440881764,0.23567134268537082,0.18003803905324514,0.950289625743452,0.8260869565217389
glucose,2.0,7.0,CV,1,0.16632094645236611,0.275225873839045,1.0040069371168827,-0.11053401957098799,0.10000000000000003,1.4,2.1988214880172887e-05,0.09553780335948342,-0.07907104971493159,1.0040069371168827,0.4689378757515029,0.23286573146292588,0.17932038085136173,0.9712403673450506,0.566037735849055
glucose,2.0,7.0,CV,2,0.1675343206326999,0.27364655867976634,1.020510200969119,-0.10868025816813763,0.10000000000000003,1.4,-1.3038340406542268e-05,0.08323208872047955,-0.10138225662451228,1.020510200969119,0.4829659318637275,0.24128256513026047,0.18139304811575946,0.9830679898260397,0.8297872340425544
glucose,2.0,7.0,CV,3,0.1698543750715545,0.27556127400081293,1.0036325778957953,-0.10950179135461081,0.10000000000000003,1.4,-0.000331230062283646,0.09456184593834761,-0.1751237553067392,1.0036325778957953,0.4829659318637275,0.23567134268537082,0.18094943229440563,0.9668514641149758,0.866666666666667
glucose,2.0,7.0,CV,4,0.16801504033539205,0.2714932971972167,1.0088901557531624,-0.12043393655681786,0.10000000000000003,1.4,-9.408464475830138e-05,0.08898970365390835,-0.11182275729723007,1.0088901557531624,0.4997995991983969,0.23567134268537082,0.17628878035433646,0.9689393368474081,0.8666666666666655
glucose,2.0,7.0,CV,5,0.16845920346737672,0.27523698891409293,1.0158045725327562,-0.09993154472403575,0.10000000000000003,1.4,-2.3141438922923405e-05,0.09633454975379578,-0.1099006853521817,1.0158045725327562,0.4829659318637275,0.227254509018036,0.17521173754725916,0.9791559200413648,0.8409090909090925
glucose,2.0,7.0,CV,6,0.1679118791225431,0.27318500414885644,1.0717411383522903,-0.09669466791725993,0.10000000000000003,1.4,8.449049529049266e-05,0.13941325816120087,-0.09086704474104967,1.0717411383522903,0.4829659318637275,0.23006012024048095,0.17559770699155475,1.0322360352920217,0.7826086956521745
glucose,2.0,7.0,CV,7,0.16563407921593876,0.27410515344310343,0.9984970424790284,-0.11955525528616863,0.10000000000000003,1.4,-4.7563527751436294e-05,0.08739368686082878,-0.07259664455989707,0.9984970424790284,0.45210420841683374,0.23286573146292588,0.17750826795360256,0.9639695475344595,0.45614035087719396
glucose,2.0,7.0,CV,8,0.1672855760315501,0.2751640983388697,1.040817388075135,-0.11594147086782133,0.10000000000000003,1.4,2.0069726980436825e-05,0.08010816770037449,-0.08298367627306413,1.040817388075135,0.4745490981963928,0.2356713426853707,0.18049634143622853,1.0057900232256094,0.6800000000000007
glucose,2.0,7.0,CV,9,0.1686014912557613,0.27385816394119294,1.0217510546840993,-0.11238634972336885,0.10000000000000003,1.4,-5.678789719724021e-05,0.09922795786111993,-0.09702168599168776,1.0217510546840993,0.4857715430861723,0.23006012024048106,0.1765427188785353,0.9849395487612722,0.8636363636363632
glucose,2.0,7.5,CV,0,0.16775369300054604,0.2759636597232344,1.0018447959744923,-0.11488594096310051,0.10000000000000003,1.4,-7.444250775023267e-06,0.08439743993733614,-0.09740204318686627,1.0018447959744923,0.46332665330661327,0.2356713426853707,0.1810169499687343,0.9679493175966585,0.6800000000000007
glucose,2.0,7.5,CV,1,0.16751511088892324,0.27654777912863926,1.016378156814139,-0.10190695198099284,0.10000000000000003,1.4,2.2100617330447976e-05,0.09609755900966888,-0.0795343963333287,1.016378156814139,0.4689378757515029,0.24689378757515035,0.1871650006262718,0.9831549209931567,0.7599999999999986
glucose,2.0,7.5,CV,2,0.1687355949607714,0.2752824557875066,1.0194217243075987,-0.10934644764939447,0.10000000000000003,1.4,-1.313117967992332e-05,0.08530120101840477,-0.1019762747460611,1.0194217243075987,0.4829659318637275,0.23847695390781565,0.18090552828254286,0.9810694363302322,0.9767441860465113
glucose,2.0,7.5,CV,3,0.17106924399858411,0.2769871511934193,1.0197583728148922,-0.11017134139018725,0.10000000000000003,1.4,-0.0003331873788633609,0.09486254180106593,-0.17615004120927802,1.0197583728148922,0.4577154308617234,0.2440881763527054,0.18612326820967834,0.9821062519070994,0.6111111111111099
glucose,2.0,7.5,CV,4,0.1692191314902845,0.272989679159063,0.9950145007377786,-0.12108784589018068,0.10000000000000003,1.4,-9.465238323501328e-05,0.08905380288879614,-0.11247792992453381,0.9950145007377786,0.4997995991983969,0.24128256513026058,0.1803154662187351,0.9547789563989557,0.7199999999999988
glucose,2.0,7.5,CV,5,0.16966589724208278,0.2766534405374234,1.014688522754689,-0.10054543574057706,0.10000000000000003,1.4,-2.3293478347069754e-05,0.09850074393210587,-0.10940389986384302,1.014688522754689,0.4829659318637275,0.22444889779559107,0.17428880248990228,0.9774590493192215,0.999999999999999
glucose,2.0,7.5,CV,6,0.1691153657936384,0.2746442204168524,1.070952854667412,-0.09728710696600341,0.10000000000000003,1.4,8.496913631772274e-05,0.14023022895294213,-0.09355884681478355,1.070952854667412,0.4829659318637275,0.21603206412825637,0.16927540994788706,1.0318263871917435,0.9249999999999987
glucose,2.0,7.5,CV,7,0.1668242188828783,0.2758228530409488,1.0322588450681283,-0.12005010741398471,0.10000000000000003,1.4,-4.7858670931159556e-05,0.08793316903019857,-0.07302197600800583,1.0322588450681283,0.45210420841683374,0.23006012024048106,0.17745144844243707,0.9972145830026329,0.5769230769230774
glucose,2.0,7.5,CV,8,0.16848539281490235,0.27662511307312776,1.0470403037298857,-0.11664478886066412,0.10000000000000003,1.4,2.017088785242545e-05,0.07925302710658266,-0.08421844336076328,1.0470403037298857,0.4745490981963928,0.23006012024048095,0.178641727073,1.0110319562054553,0.8222222222222219
glucose,2.0,7.5,CV,9,0.16980901878048085,0.27532825182877535,1.0185033247393145,-0.11307441950875084,0.10000000000000003,1.4,-5.71370915238488e-05,0.09913606592622665,-0.09665460282917168,1.0185033247393145,0.4857715430861723,0.22725450901803612,0.1758100379894284,0.9811481593705599,0.8409090909090918
glucose,2.0,8.0,CV,0,0.1688970157524371,0.2774782027730851,1.0127224629075895,-0.11549434241677015,0.10000000000000003,1.4,-7.505251423534087e-06,0.08491246863495905,-0.09798028205969356,1.0127224629075895,0.44649298597194387,0.23847695390781565,0.18362741650068148,0.9785485993816831,0.6346153846153846
glucose,2.0,8.0,CV,1,0.16865701375208444,0.27788175455067854,1.0305912014704248,-0.10240004376821245,0.10000000000000003,1.4,2.2215448914121652e-05,0.09666941155941876,-0.0800077563293507,1.0305912014704248,0.43807615230460917,0.23847695390781565,0.1836067539339272,0.9966157202533067,0.5454545454545451
glucose,2.0,8.0,CV,2,0.1698847613675685,0.27695118974449173,1.0122660847573632,-0.11002703417550885,0.10000000000000003,1.4,-1.322602530618277e-05,0.08746367211857609,-0.10258313021461501,1.0122660847573632,0.45490981963927857,0.2440881763527054,0.18487572682386968,0.9735660947568979,0.8124999999999993
glucose,2.0,8.0,CV,3,0.17223229879770663,0.27841494952485735,1.0306589907504442,-0.11085574154518539,0.10000000000000003,1.4,-0.00033518699508212907,0.09508356134503529,-0.17719850621339553,1.0306589907504442,0.4577154308617234,0.2356713426853706,0.18259330726627981,0.9915959809906886,0.8260869565217387
glucose,2.0,8.0,CV,4,0.17037117559844828,0.27455551712684706,1.0155184036684293,-0.12168942942756997,0.10000000000000003,1.4,-9.523239112838033e-05,0.08943960221944139,-0.1131472615110677,1.0155184036684293,0.42685370741482964,0.23286573146292577,0.17731277858366606,0.9743711550908929,0.4821428571428568
glucose,2.0,8.0,CV,5,0.17082060021537065,0.2780578355391386,1.0070092439831286,-0.10117207041299152,0.10000000000000003,1.4,-2.3448803500683526e-05,0.10074623648730652,-0.10837865591641471,1.0070092439831286,0.4408817635270542,0.2356713426853707,0.18131781404116937,0.9690380046435378,0.6470588235294132
glucose,2.0,8.0,CV,6,0.17026679235448397,0.2761293361208799,1.0605169314566152,-0.09789234923635283,0.10000000000000003,1.4,8.54581212734204e-05,0.1410648553298688,-0.09619090518650791,1.0605169314566152,0.4829659318637275,0.23286573146292577,0.1791413595363659,1.0203048496617155,0.8043478260869551
glucose,2.0,8.0,CV,7,0.16796200999698083,0.27757017564586384,1.0504632147509332,-0.12041884506569911,0.10000000000000003,1.4,-4.816019246076299e-05,0.08849876275896909,-0.07345649930934851,1.0504632147509332,0.45210420841683374,0.2356713426853707,0.1816520617468808,1.0156969788497592,0.8260869565217396
glucose,2.0,8.0,CV,8,0.16963307017792884,0.2781107028381291,1.0512001302296026,-0.1173633010321207,0.10000000000000003,1.4,2.02742349156598e-05,0.07772576293546918,-0.08550200452731457,1.0512001302296026,0.46332665330661327,0.23286573146292577,0.18103158059517763,1.014788463399638,0.8863636363636379
glucose,2.0,8.0,CV,9,0.17096457352198383,0.27684005288297603,1.0056655906683651,-0.11377735919503049,0.10000000000000003,1.4,-5.749383230161834e-05,0.0991079017936746,-0.09625194976562162,1.0056655906683651,0.4857715430861723,0.23847695390781565,0.18261616888160012,0.9676504580074462,0.7708333333333343
glucose,5.0,6.0,CV,0,0.3353169216252832,0.5627858855669227,2.0686636333972404,-0.23760606693230926,0.10000000000000003,1.4,-1.8002040842048122e-05,0.17130214627433496,-0.19773112095915252,2.0686636333972404,0.5306613226452906,0.2525050100200401,0.3866305491550699,2.005566258450174,0.9148936170212753
glucose,5.0,6.0,CV,1,0.3348325898783108,0.5647342234617401,2.0584483697937217,-0.25290549961464237,0.10000000000000003,1.4,4.1975287241182016e-05,0.1950719029863458,-0.16146198354115973,2.0584483697937217,0.5306613226452906,0.23567134268537093,0.3701850269658888,1.999752037037395,0.8260869565217381
glucose,5.0,6.0,CV,2,0.3373102240087553,0.5602992028247774,2.07705533069208,-0.22714010789061115,0.10000000000000003,1.4,-2.9546746321780046e-05,0.16438111212527465,-0.20700880791491977,2.07705533069208,0.4997995991983969,0.23286573146292588,0.36273744052027346,2.006378726822252,0.6600000000000013
glucose,5.0,6.0,CV,3,0.3420476299593368,0.5649944314513111,2.0461850286934467,-0.2284153160702012,0.10000000000000003,1.4,-0.0006792743265895014,0.19370698001326211,-0.3576148891470565,2.0461850286934467,0.5138276553106212,0.2356713426853707,0.36956550743966365,1.978474549886868,0.9534883720930243
glucose,5.0,6.0,CV,4,0.3382918235531263,0.5565521728561923,2.0817244631664424,-0.2501991106003586,0.10000000000000003,1.4,-0.00019503822707264625,0.18259633738616987,-0.22832362252593846,2.0817244631664424,0.4997995991983969,0.23286573146292588,0.3589399015865762,2.0098230098835246,0.7291666666666692
glucose,5.0,6.0,CV,5,0.3391987768682096,0.5643011225121942,2.068710648994312,-0.20859832847772591,0.10000000000000003,1.4,-5.017664113340598e-05,0.190995869856741,-0.22582938291908372,2.068710648994312,0.5054108216432865,0.24969939879759528,0.3837094068358943,2.000822928179196,0.745098039215686
glucose,5.0,6.0,CV,6,0.3380811748134091,0.5600457594386671,2.1373710580851584,-0.2020404331363104,0.10000000000000003,1.4,0.0001696010317848957,0.28468459603154106,-0.1721433390559699,2.1373710580851584,0.4829659318637275,0.22164328657314636,0.3513254898121769,2.0638664774470112,0.49056603773585
glucose,5.0,6.0,CV,7,0.3334300499729468,0.5608238351149877,2.018160454843251,-0.24874583335178715,0.10000000000000003,1.4,-0.0001000450179284561,0.178397930738075,-0.1482278288442132,2.018160454843251,0.5138276553106212,0.23847695390781576,0.36918365190901137,1.9561422149951706,0.9318181818181817
glucose,5.0,6.0,CV,8,0.3368023031022769,0.5640876976803053,2.0569012361055776,-0.24100420179626947,0.10000000000000003,1.4,3.805785502919601e-05,0.16506085637249823,-0.16746072617011282,2.0569012361055776,0.4857715430861723,0.227254509018036,0.3623160394614627,1.993430660752919,0.5576923076923072
glucose,5.0,6.0,CV,9,0.3394893196262153,0.561355953664647,2.053232619085856,-0.23473689062524625,0.10000000000000003,1.4,-0.0001188806029781267,0.20567134218493416,-0.20147106805894643,2.053232619085856,0.48857715430861715,0.227254509018036,0.35849262005013866,1.9841383328736744,0.5882352941176457
glucose,5.0,6.5,CV,0,0.33809365174667516,0.5656601519884245,2.059883893247258,-0.23900706982077724,0.10000000000000003,1.4,-1.812612754258447e-05,0.17232947987466518,-0.19890977721538855,2.059883893247258,0.5110220440881764,0.23286573146292577,0.3678819412509645,1.9948152653942803,0.9302325581395338
glucose,5.0,6.5,CV,1,0.33760643168110427,0.5674059487981354,2.0411012725814257,-0.24443646074613523,0.10000000000000003,1.4,4.2208876107583975e-05,0.19623515776826084,-0.16242488617490283,2.0411012725814257,0.4857715430861723,0.2440881763527054,0.3810546774196775,1.9791124603522778,0.7058823529411755
glucose,5.0,6.5,CV,2,0.3400988412145319,0.5635360733968772,2.089143231095981,-0.22852454786816565,0.10000000000000003,1.4,-2.9739680021833983e-05,0.16802074303521058,-0.20824326516469882,2.089143231095981,0.4997995991983969,0.23847695390781565,0.37060187833290176,2.0171641469807358,0.8478260869565225
glucose,5.0,6.5,CV,3,0.3448644987463915,0.5678888258265904,2.052404803380713,-0.22980573424342382,0.10000000000000003,1.4,-0.0006833419190657063,0.194598731823231,-0.35974766258742197,2.052404803380713,0.4829659318637275,0.2440881763527054,0.3802598800899405,1.981150297253816,0.6730769230769229
glucose,5.0,6.5,CV,4,0.3410862945404026,0.5594205984495695,2.0938402080018688,-0.2516837014692335,0.10000000000000003,1.4,-0.00019621807134528923,0.18346365261954706,-0.22968516785644644,2.0938402080018688,0.4997995991983969,0.2356713426853707,0.36396035680945876,2.0204190991021527,0.9090909090909111
glucose,5.0,6.5,CV,5,0.34199865648323796,0.5672130302209891,2.0774074744163236,-0.20987233660738583,0.10000000000000003,1.4,-5.0492601476332747e-05,0.19487204690654042,-0.22703487788137117,2.0774074744163236,0.4829659318637275,0.23286573146292577,0.3677405154144601,2.0094024100650607,0.6600000000000004
glucose,5.0,6.5,CV,6,0.3408743895942187,0.5629412574618696,2.1923075869911983,-0.20327160883995182,0.10000000000000003,1.4,0.00017059571841931297,0.28638238180631376,-0.18052638850282943,2.1923075869911983,0.4829659318637275,0.22444889779559118,0.35625320525743787,2.1170211942329167,0.5686274509803938
glucose,5.0,6.5,CV,7,0.33619552771098726,0.5642776864554547,2.0319183791994053,-0.2500804909948046,0.10000000000000003,1.4,-0.00010065836897737979,0.17948422169772305,-0.149111730312249,2.0319183791994053,0.4829659318637275,0.2356713426853707,0.3683699638500424,1.9673745335383614,0.7142857142857143
glucose,5.0,6.5,CV,8,0.3395878913151992,0.5670179961250675,2.1067248535884957,-0.24246580777742455,0.10000000000000003,1.4,3.826808223824929e-05,0.1659771073884948,-0.16899233825860588,2.1067248535884957,0.4745490981963928,0.2440881763527054,0.38069991799356,2.0395493352100527,0.5535714285714288
glucose,5.0,6.5,CV,9,0.3422909318967154,0.564287197494713,2.0960912100875673,-0.23616680110121607,0.10000000000000003,1.4,-0.0001196062802805971,0.20534109558731578,-0.20113519934188862,2.0960912100875673,0.4857715430861723,0.21322645290581166,0.3456225058402655,2.027302142196659,0.7272727272727264
glucose,5.0,7.0,CV,0,0.34073644981072126,0.5687091916464518,2.0332595920756553,-0.2404114023542591,0.10000000000000003,1.4,-1.8253132208081335e-05,0.17338486209521115,-0.20011573773303604,2.0332595920756553,0.5110220440881764,0.23567134268537082,0.37306415583686103,1.9687057674969315,0.8260869565217389
glucose,5.0,7.0,CV,1,0.3402462735061993,0.5701964448910808,2.0748745193076323,-0.23190825360482734,0.10000000000000003,1.4,4.244795794079409e-05,0.19742576710695958,-0.16341043196615104,2.0748745193076323,0.4689378757515029,0.23286573146292588,0.3715285318051489,2.0121215050031562,0.566037735849055
glucose,5.0,7.0,CV,2,0.34275380589409327,0.5669414592386234,2.1089504529035503,-0.22994154369035805,0.10000000000000003,1.4,-2.9937150660769323e-05,0.17204213097421492,-0.20950675133525998,2.1089504529035503,0.4829659318637275,0.24128256513026047,0.37564303340491284,2.0357057257523756,0.8297872340425544
glucose,5.0,7.0,CV,3,0.3475483793582365,0.5708956527242036,2.074071528353349,-0.23122923852951546,0.10000000000000003,1.4,-0.0006875051631489538,0.19540275182331784,-0.36193058933302147,2.074071528353349,0.4829659318637275,0.23567134268537082,0.37467769900332576,2.0020199811878627,0.866666666666667
glucose,5.0,7.0,CV,4,0.34374725065625866,0.5624947756501902,2.0848028812498356,-0.2531597998869678,0.10000000000000003,1.4,-0.00019742566028542246,0.1839608379150321,-0.23107873065175327,2.0848028812498356,0.4997995991983969,0.23567134268537082,0.3650023291471461,2.0060151703324394,0.8666666666666655
glucose,5.0,7.0,CV,5,0.3446651484136129,0.570217370857802,2.099225904696724,-0.21117732236498749,0.10000000000000003,1.4,-5.081599179528132e-05,0.19912092680270538,-0.22718478375738438,2.099225904696724,0.4829659318637275,0.227254509018036,0.3628985714137021,2.0278640388757854,0.8409090909090925
glucose,5.0,7.0,CV,6,0.3435340599632426,0.5659889900698313,2.214823181063241,-0.20453173629706722,0.10000000000000003,1.4,0.00017161379564057899,0.2881200919193084,-0.18780111879868855,2.214823181063241,0.4829659318637275,0.23006012024048095,0.3635953896287672,2.137111856722093,0.7826086956521745
glucose,5.0,7.0,CV,7,0.3388268087858845,0.567889005900546,2.06339024255976,-0.251333350680238,0.10000000000000003,1.4,-0.00010128614330342844,0.18060925352723994,-0.15001641719484604,2.06339024255976,0.45210420841683374,0.23286573146292588,0.36779265079245815,1.997006702505395,0.45614035087719396
glucose,5.0,7.0,CV,8,0.34223975577352345,0.5700742946110664,2.1509465641080663,-0.24396178191875137,0.10000000000000003,1.4,3.848325305227598e-05,0.16562097722227287,-0.17144289852665398,2.1509465641080663,0.4745490981963928,0.2356713426853707,0.3737795180797734,2.082705341360843,0.6800000000000007
glucose,5.0,7.0,CV,9,0.34495919722688,0.567378987103833,2.111498757098148,-0.23763033668485156,0.10000000000000003,1.4,-0.00012034902227196609,0.20509522338186692,-0.20057416917767212,2.111498757098148,0.4857715430861723,0.23006012024048106,0.36579984220333694,2.0404339651450476,0.8636363636363632
glucose,5.0,7.5,CV,0,0.34321286452687955,0.5717610877786102,2.0704864133454906,-0.24173155119818251,0.10000000000000003,1.4,-1.8377322189180866e-05,0.174423575194792,-0.20129420318681054,2.0704864133454906,0.46332665330661327,0.2356713426853707,0.37504021834403517,2.005295589495053,0.6800000000000007
glucose,5.0,7.5,CV,1,0.3427197974997372,0.5729547520392774,2.1005034821095805,-0.21404459351865357,0.10000000000000003,1.4,4.268174122923865e-05,0.19858999009591924,-0.16437413601259135,2.1005034821095805,0.4689378757515029,0.24689378757515035,0.38758535289381224,2.0359340718656442,0.7599999999999986
glucose,5.0,7.5,CV,2,0.3452421175885635,0.5703485463677882,2.1066991267106143,-0.2313271359730364,0.10000000000000003,1.4,-3.0130244944521088e-05,0.17633188131758148,-0.21074223605566758,2.1066991267106143,0.4829659318637275,0.23847695390781565,0.3746098671407821,2.0314088837754385,0.9767441860465113
glucose,5.0,7.5,CV,3,0.3500649661485051,0.5738688068619933,2.1075096979163397,-0.23262181353240421,0.10000000000000003,1.4,-0.000691576141187356,0.1960303295175044,-0.3640651379357652,2.1075096979163397,0.4577154308617234,0.2440881763527054,0.38557379797825847,2.0343934664178946,0.6111111111111099
glucose,5.0,7.5,CV,4,0.3462414210044819,0.5656135743494699,2.0560638355721306,-0.2545204889604462,0.10000000000000003,1.4,-0.00019860648657290557,0.18409752344607194,-0.23244140923157935,2.0560638355721306,0.4997995991983969,0.24128256513026058,0.3733348565120907,1.976626191583612,0.7199999999999988
glucose,5.0,7.5,CV,5,0.3471647318913285,0.5731710373114086,2.0969172298086014,-0.21245411682507517,0.10000000000000003,1.4,-5.1132215120157505e-05,0.20361240694699256,-0.226160534437422,2.0969172298086014,0.4829659318637275,0.22444889779559107,0.36104621464727105,2.0245611447410283,0.999999999999999
glucose,5.0,7.5,CV,6,0.3460269730594259,0.5690310064736784,2.213196219384384,-0.20576393674002166,0.10000000000000003,1.4,0.0001726093101783533,0.2898192908049988,-0.19338144373114297,2.213196219384384,0.4829659318637275,0.21603206412825637,0.35061757520606546,2.1366899458656605,0.9249999999999987
glucose,5.0,7.5,CV,7,0.3412919617530423,0.5714651033174064,2.1333296638842936,-0.25236453479319043,0.10000000000000003,1.4,-0.00010190000486026018,0.181731076710147,-0.15090105435688594,2.1333296638842936,0.45210420841683374,0.23006012024048106,0.3676990061651903,2.0659361172247253,0.5769230769230774
glucose,5.0,7.5,CV,8,0.3447250359540303,0.5731200499286097,2.163841335516571,-0.24542459698230623,0.10000000000000003,1.4,3.869365523886187e-05,0.16385277646014906,-0.1740051453288267,2.163841335516571,0.4745490981963928,0.23006012024048095,0.3698377819508324,2.093072947002455,0.8222222222222219
glucose,5.0,7.5,CV,9,0.3474605148022014,0.5704434759538775,2.1047747905178156,-0.23906143731221474,0.10000000000000003,1.4,-0.00012107530357438299,0.20490956563822282,-0.19981807761255754,2.1047747905178156,0.4857715430861723,0.22725450901803612,0.3642820733216636,2.0325073710915924,0.8409090909090918
glucose,5.0,8.0,CV,0,0.34558107001207905,0.5749161634483865,2.0930478659283316,-0.2429986625764281,0.10000000000000003,1.4,-1.8504270516938065e-05,0.17549527618113542,-0.20249758881600063,2.0930478659283316,0.44649298597194387,0.23847695390781565,0.38036598139261685,2.026884222673433,0.6346153846153846
glucose,5.0,8.0,CV,1,0.34508504805733753,0.5757367319542467,2.1299544889250646,-0.21390489765185244,0.10000000000000003,1.4,4.29207170086281e-05,0.19978007129484143,-0.1653592445551487,2.1299544889250646,0.43807615230460917,0.23847695390781565,0.3801921830614984,2.0636511363431334,0.5454545454545451
glucose,5.0,8.0,CV,2,0.3476224842923142,0.5738222104942877,2.0920917381612467,-0.23274350323295923,0.10000000000000003,1.4,-3.0327627987860887e-05,0.1808156493464129,-0.21200516175899023,2.0920917381612467,0.45490981963927857,0.2440881763527054,0.3828536698846624,2.0161231887570867,0.8124999999999993
glucose,5.0,8.0,CV,3,0.3524742359577802,0.5768446733687651,2.13009338264359,-0.23404610567491468,0.10000000000000003,1.4,-0.0006957375385057007,0.19649366012512764,-0.36624709636136776,2.13009338264359,0.4577154308617234,0.2356713426853706,0.378371278816585,2.054438955380319,0.8260869565217387
glucose,5.0,8.0,CV,4,0.34862777648679844,0.5688745748156874,2.098717391412208,-0.2557738318255658,0.10000000000000003,1.4,-0.0001998135398411382,0.18484503763579382,-0.2338343538592247,2.098717391412208,0.42685370741482964,0.23286573146292577,0.36743095262726927,2.01867010744737,0.4821428571428568
glucose,5.0,8.0,CV,5,0.34955662073254334,0.5760985275757051,2.081228480714471,-0.21375818264111546,0.10000000000000003,1.4,-5.145546198705792e-05,0.2082688865035315,-0.224042434576874,2.081228480714471,0.4408817635270542,0.2356713426853707,0.3754620983552266,2.006662219507281,0.6470588235294132
glucose,5.0,8.0,CV,6,0.3484120433652521,0.5721252492715161,2.1915858620186555,-0.20702350521978347,0.10000000000000003,1.4,0.00017362693579283368,0.2915562300907293,-0.19883876682366053,2.1915858620186555,0.4829659318637275,0.23286573146292577,0.3711000879071785,2.1130092484668928,0.8043478260869551
glucose,5.0,8.0,CV,7,0.3436486553578905,0.5751011449586825,2.171043694938993,-0.25313551975540644,0.10000000000000003,1.4,-0.00010252750071318179,0.18290771997300137,-0.15180533993128467,2.171043694938993,0.45210420841683374,0.2356713426853707,0.376474507853735,2.104458260143196,0.8260869565217396
glucose,5.0,8.0,CV,8,0.34710230381176466,0.5762153234333424,2.172515679928584,-0.24691989132202172,0.10000000000000003,1.4,3.890873060570693e-05,0.16069285482680007,-0.17666922968203902,2.172515679928584,0.46332665330661327,0.23286573146292577,0.37473528373994835,2.10062805510264,0.8863636363636379
glucose,5.0,8.0,CV,9,0.34985417625654697,0.5735928765914329,2.07818640332363,-0.24052432368910373,0.10000000000000003,1.4,-0.00012181771609435588,0.20485670917962343,-0.19898903240935273,2.07818640332363,0.4857715430861723,0.23847695390781565,0.3782547285953599,2.00398246326833,0.7708333333333343
glucose,10.0,6.0,CV,0,0.5193865963204132,0.8754763437441477,3.2151900783103793,-0.3715452060639668,0.10000000000000003,1.4,-2.953557522348893e-05,0.2662553104297565,-0.3073309108124565,3.2151900783103793,0.5306613226452906,0.2525050100200401,0.6013698251492106,3.1193631008013707,0.9148936170212753
glucose,10.0,6.0,CV,1,0.5186338029114322,0.8784976785945935,3.1993125663368147,-0.39492702230971094,0.10000000000000003,1.4,6.368676163876238e-05,0.30319339355296804,-0.25096126676297115,3.1993125663368147,0.5306613226452906,0.23567134268537093,0.5757870266749476,3.1102886491706254,0.8260869565217381
glucose,10.0,6.0,CV,2,0.5224847721178163,0.8716088335437444,3.2283626845290048,-0.355820184088666,0.10000000000000003,1.4,-4.747942930304433e-05,0.25550879785826985,-0.3217483817066361,3.2283626845290048,0.4997995991983969,0.23286573146292588,0.5642322135872611,3.120831948685036,0.6600000000000013
glucose,10.0,6.0,CV,3,0.5298480886824604,0.878905297900038,3.1803431494277596,-0.35758911988636116,0.10000000000000003,1.4,-0.001057346412246358,0.3010694870528385,-0.555850604142957,3.1803431494277596,0.5138276553106212,0.2356713426853707,0.5748434139412618,3.077383941508207,0.9534883720930243
glucose,10.0,6.0,CV,4,0.524010465347468,0.8657862993924371,3.235619884112412,-0.3911038375242172,0.10000000000000003,1.4,-0.00030470166742911186,0.2838393330484552,-0.3548757011406849,3.235619884112412,0.4997995991983969,0.23286573146292588,0.5583255915173502,3.1261523535756908,0.7291666666666692
glucose,10.0,6.0,CV,5,0.5254201364708582,0.8778234719868058,3.215382331194507,-0.3266451791894398,0.10000000000000003,1.4,-7.954432890799778e-05,0.2968765704779552,-0.3510420660015984,3.215382331194507,0.5054108216432865,0.24969939879759528,0.5968152014196065,3.1120587200105314,0.745098039215686
glucose,10.0,6.0,CV,6,0.5236830555010962,0.8712155491610142,3.322089352851899,-0.3164749957943624,0.10000000000000003,1.4,0.0002620545537758099,0.44248934481641417,-0.2675532776924019,3.322089352851899,0.4829659318637275,0.22164328657314636,0.546507905105229,3.2102745252619145,0.49056603773585
glucose,10.0,6.0,CV,7,0.5164538450557046,0.8724242558120426,3.1367847524905272,-0.3888399424318056,0.10000000000000003,1.4,-0.0001570543942765416,0.2772843299227185,-0.23038415927562506,3.1367847524905272,0.5138276553106212,0.23847695390781576,0.5742606142099125,3.042708271385355,0.9318181818181817
glucose,10.0,6.0,CV,8,0.5216953142450448,0.8774956472189442,3.197024621616603,-0.3768568253855978,0.10000000000000003,1.4,5.7597924456919305e-05,0.25659273987807774,-0.2602770910602955,3.197024621616603,0.4857715430861723,0.227254509018036,0.5634935571470356,3.100339299343427,0.5576923076923072
glucose,10.0,6.0,CV,9,0.5258717250248217,0.873251436831415,3.191329365674101,-0.36764333076519135,0.10000000000000003,1.4,-0.0001863304109083841,0.31969471600749,-0.31318690859396525,3.191329365674101,0.48857715430861715,0.227254509018036,0.5576293680773919,3.0862486856793026,0.5882352941176457
glucose,10.0,6.5,CV,0,0.5237058884761381,0.8799588905504532,3.201639140396237,-0.3737288003574359,0.10000000000000003,1.4,-2.9728965431335296e-05,0.26785640170367475,-0.30916785839034255,3.201639140396237,0.5110220440881764,0.23286573146292577,0.5722719652561297,3.1029557263587173,0.9302325581395338
glucose,10.0,6.5,CV,1,0.5229485935973649,0.8826654298255796,3.1725274667297807,-0.3817578246078381,0.10000000000000003,1.4,6.405081192964149e-05,0.3050063363025281,-0.25246195893768103,3.1725274667297807,0.4857715430861723,0.2440881763527054,0.5927915128501939,3.0787574373656637,0.7058823529411755
glucose,10.0,6.5,CV,2,0.5268225903984997,0.8766549466859904,3.2471684600696196,-0.35797784589975834,0.10000000000000003,1.4,-4.778011816166325e-05,0.2611731569229345,-0.323672294124984,3.2471684600696196,0.4997995991983969,0.23847695390781565,0.5765231881429504,3.1378199515249743,0.8478260869565225
glucose,10.0,6.5,CV,3,0.5342299372996085,0.8834191421962636,3.190097066321113,-0.3597560967831049,0.10000000000000003,1.4,-0.0010636857906891116,0.3024600762649805,-0.5591745501995546,3.190097066321113,0.4829659318637275,0.2440881763527054,0.5914112162452454,3.0813314466735635,0.6730769230769229
glucose,10.0,6.5,CV,4,0.5283574067978065,0.870259743352094,3.254469055443041,-0.3934176776896626,0.10000000000000003,1.4,-0.0003065404650450367,0.2851913292962505,-0.3569976814441556,3.254469055443041,0.4997995991983969,0.2356713426853707,0.5662072856308494,3.1429150165635935,0.9090909090909111
glucose,10.0,6.5,CV,5,0.5297755073148434,0.8823645270571611,3.2289591659531016,-0.3286307201343193,0.10000000000000003,1.4,-8.003675586532921e-05,0.3029093490217908,-0.3529207717719106,3.2289591659531016,0.4829659318637275,0.23286573146292577,0.5720290369442921,3.1256123646147738,0.6600000000000004
glucose,10.0,6.5,CV,6,0.5280280391426714,0.8757310819035938,3.4075504699082617,-0.31839379389435957,0.10000000000000003,1.4,0.0002636047815934708,0.44513535879248667,-0.28059680879535365,3.4075504699082617,0.4829659318637275,0.22444889779559118,0.5541995400034007,3.293066059013041,0.5686274509803938
glucose,10.0,6.5,CV,7,0.520755600273581,0.877807599539958,3.158254650104731,-0.390920531836035,0.10000000000000003,1.4,-0.0001580103072496677,0.2789772571634992,-0.231761727442732,3.158254650104731,0.4829659318637275,0.2356713426853707,0.5729731057616385,3.060119143024841,0.7142857142857143
glucose,10.0,6.5,CV,8,0.5260284118138779,0.8820652920410291,3.2745157664579922,-0.37913475109346784,0.10000000000000003,1.4,5.792556540053634e-05,0.25802031607943876,-0.26264019835693614,3.2745157664579922,0.4745490981963928,0.2440881763527054,0.5922526579338564,3.172742362827679,0.5535714285714288
glucose,10.0,6.5,CV,9,0.5302297962275107,0.877822536017677,3.2579993120009068,-0.3698718587456754,0.10000000000000003,1.4,-0.00018746138532988195,0.31918440583622365,-0.31266756607936486,3.2579993120009068,0.4857715430861723,0.21322645290581166,0.5375302048456576,3.152976602824213,0.7272727272727264
glucose,10.0,7.0,CV,0,0.5278168580284964,0.8847126154111734,3.1602252090593312,-0.37591652939913256,0.10000000000000003,1.4,-2.9926804754604076e-05,0.2695003837304467,-0.31104642457668263,3.1602252090593312,0.5110220440881764,0.23567134268537082,0.5802518776205009,3.061980411441041,0.8260869565217389
glucose,10.0,7.0,CV,1,0.5270549581195758,0.8870173110352074,3.2250656261051027,-0.3622731716411732,0.10000000000000003,1.4,6.442323752442435e-05,0.3068609874283228,-0.2539971758656089,3.2250656261051027,0.4689378757515029,0.23286573146292588,0.577834695789183,3.1295053427621022,0.566037735849055
glucose,10.0,7.0,CV,2,0.5309525122859602,0.8819625194062279,3.278015908684976,-0.3601851466586688,0.10000000000000003,1.4,-4.8087724637531026e-05,0.26743069487637505,-0.3256404678764333,3.278015908684976,0.4829659318637275,0.24128256513026047,0.5842812114428821,3.1663137466538807,0.8297872340425544
glucose,10.0,7.0,CV,3,0.5384049024809688,0.8881072639890788,3.223802252918869,-0.3619735336433018,0.10000000000000003,1.4,-0.001070171012226506,0.30371335444050795,-0.5625749666205097,3.223802252918869,0.4829659318637275,0.23567134268537082,0.5827312018132476,3.113761542802458,0.866666666666667
glucose,10.0,7.0,CV,4,0.5324966617416338,0.8750525297810205,3.240412845672188,-0.39571720864898063,0.10000000000000003,1.4,-0.00030842156585159195,0.28596687101031293,-0.35916847981031513,3.240412845672188,0.4997995991983969,0.23567134268537082,0.5678277998890792,3.1204763775769173,0.8666666666666655
glucose,10.0,7.0,CV,5,0.5339233855780886,0.887048778130973,3.2629006688728373,-0.33066352797934295,0.10000000000000003,1.4,-8.054051154707431e-05,0.30952110955894147,-0.3531565931555648,3.2629006688728373,0.4829659318637275,0.227254509018036,0.5644756249063967,3.154199197418034,0.8409090909090925
glucose,10.0,7.0,CV,6,0.5321652912365864,0.8804827701823104,3.4425779676787065,-0.3203567356679713,0.10000000000000003,1.4,0.00026519067379437614,0.4478422466965349,-0.29191549463837485,3.4425779676787065,0.4829659318637275,0.23006012024048095,0.5655645468796949,3.3240290637499808,0.7826086956521745
glucose,10.0,7.0,CV,7,0.5248486294350853,0.8834352359121908,3.2071644204242498,-0.39287278647386786,0.10000000000000003,1.4,-0.00015898821185927043,0.2807296769837555,-0.2331709878027542,3.2071644204242498,0.45210420841683374,0.23286573146292588,0.5722189972959535,3.106766206298847,0.45614035087719396
glucose,10.0,7.0,CV,8,0.5301535043852725,0.8868303043608233,3.343307530958252,-0.3814650789734539,0.10000000000000003,1.4,5.8260744018325425e-05,0.2574680689309784,-0.2664546557619911,3.343307530958252,0.4745490981963928,0.2356713426853707,0.5813866645206358,3.2394205831589673,0.6800000000000007
glucose,10.0,7.0,CV,9,0.5343804369736371,0.8826427040117509,3.2819685115428667,-0.3721516560138514,0.10000000000000003,1.4,-0.00018861837883370737,0.3188045085708173,-0.31179720667372923,3.2819685115428667,0.4857715430861723,0.23006012024048106,0.5691151137126987,3.1742831174347925,0.8636363636363632
glucose,10.0,7.5,CV,0,0.5316690117218305,0.8894700315579901,3.2182866690402654,-0.377973132561789,0.10000000000000003,1.4,-3.0120250745127196e-05,0.2711183130639112,-0.31288207874230617,3.2182866690402654,0.46332665330661327,0.2356713426853707,0.5834094588992531,3.119371486138968,0.6800000000000007
glucose,10.0,7.5,CV,1,0.5309026090446856,0.8913184143146868,3.2649343870565346,-0.3344887270220669,0.10000000000000003,1.4,6.478739282423626e-05,0.3086744531144844,-0.2554983008532808,3.2649343870565346,0.4689378757515029,0.24689378757515035,0.6028586636377975,3.1667252419676615,0.7599999999999986
glucose,10.0,7.5,CV,2,0.5348231974480436,0.8872719892529151,3.274515595958298,-0.3623434308391702,0.10000000000000003,1.4,-4.838850022871832e-05,0.2741055749722528,-0.32756493524005964,3.274515595958298,0.4829659318637275,0.23847695390781565,0.582662675544076,3.1595512532536225,0.9767441860465113
glucose,10.0,7.5,CV,3,0.5423196306799016,0.8927423022039112,3.275835195247524,-0.36414269101848895,0.10000000000000003,1.4,-0.0010765122192390533,0.30469202743516044,-0.5658998714568069,3.275835195247524,0.4577154308617234,0.2440881763527054,0.5997314251663098,3.1643533259078067,0.6111111111111099
glucose,10.0,7.5,CV,4,0.5363764727049163,0.8799139175453233,3.195709417431249,-0.39783703151739797,0.10000000000000003,1.4,-0.0003102608938617527,0.2861815196001829,-0.36129107219099854,3.195709417431249,0.4997995991983969,0.24128256513026058,0.5809052838195948,3.0752156392732877,0.7199999999999988
glucose,10.0,7.5,CV,5,0.5378116283664444,0.8916535211617388,3.2593110262739153,-0.3326523298417582,0.10000000000000003,1.4,-8.103308054310298e-05,0.31651011907409304,-0.35156580860904374,3.2593110262739153,0.4829659318637275,0.22444889779559107,0.5615803092856156,3.1489715123545094,0.999999999999999
glucose,10.0,7.5,CV,6,0.5360431438263829,0.8852248248065993,3.4400502037100207,-0.3222760872380412,0.10000000000000003,1.4,0.0002667413487694004,0.4504890239053559,-0.3005983070857514,3.4400502037100207,0.4829659318637275,0.21603206412825637,0.5454061618784717,3.3234585200127875,0.9249999999999987
glucose,10.0,7.5,CV,7,0.5286832411321075,0.8890073836627244,3.3159612840942496,-0.394480030867152,0.10000000000000003,1.4,-0.00015994440056188574,0.28247697755157297,-0.23454895332420161,3.3159612840942496,0.45210420841683374,0.23006012024048106,0.5719852077824763,3.2135884976337863,0.5769230769230774
glucose,10.0,7.5,CV,8,0.5340194674738341,0.8915781823605142,3.3633683696578256,-0.38374365014999584,0.10000000000000003,1.4,5.858847946873641e-05,0.25471917391397936,-0.2704427141093392,3.3633683696578256,0.4745490981963928,0.23006012024048095,0.5751656415900306,3.2551309575016085,0.8222222222222219
glucose,10.0,7.5,CV,9,0.5382713808996049,0.8874196913084164,3.2715108093169465,-0.374380826804824,0.10000000000000003,1.4,-0.0001897496794805128,0.31851813940295937,-0.3106232912687868,3.2715108093169465,0.4857715430861723,0.22725450901803612,0.5667192928011744,3.1617639320754787,0.8409090909090918
glucose,10.0,8.0,CV,0,0.5353528319946573,0.894387154342119,3.253397372876537,-0.3799477471923571,0.10000000000000003,1.4,-3.0318031765409927e-05,0.27278792132332486,-0.31475691829499713,3.253397372876537,0.44649298597194387,0.23847695390781565,0.5917037215130168,3.1529831445753262,0.6346153846153846
glucose,10.0,8.0,CV,1,0.5345818256444611,0.895655652111832,3.310752093968937,-0.33366937034168803,0.10000000000000003,1.4,6.515970866569185e-05,0.31052855767733245,-0.2570330652421169,3.310752093968937,0.43807615230460917,0.23847695390781565,0.5914420048055439,3.2101560614531355,0.5454545454545451
glucose,10.0,8.0,CV,2,0.5385259644707447,0.8926842752905614,3.251904477002455,-0.36455008110948006,0.10000000000000003,1.4,-4.869601605336904e-05,0.28108258785038576,-0.3295325289733192,3.251904477002455,0.45490981963927857,0.2440881763527054,0.5954963971484866,3.1359057156135726,0.8124999999999993
glucose,10.0,8.0,CV,3,0.5460674277223035,0.8973809023547051,3.3109673591214133,-0.3663616819624017,0.10000000000000003,1.4,-0.0010829955295902772,0.3054156180741157,-0.5692992857795602,3.3109673591214133,0.4577154308617234,0.2356713426853706,0.5886193212273436,3.1958752519770943,0.8260869565217387
glucose,10.0,8.0,CV,4,0.5400885700335448,0.8849956411442911,3.262153341211081,-0.39979041217896877,0.10000000000000003,1.4,-0.000312141440310397,0.28731754234224643,-0.36346123082576365,3.262153341211081,0.42685370741482964,0.23286573146292577,0.5716934391305759,3.1405885729681593,0.4821428571428568
glucose,10.0,8.0,CV,5,0.54153234647321,0.8962169222560405,3.2350195127592465,-0.3346840068861375,0.10000000000000003,1.4,-8.153668776871931e-05,0.32375617726169925,-0.34827390054551544,3.2350195127592465,0.4408817635270542,0.2356713426853707,0.5840185650445435,3.121279553775282,0.6470588235294132
glucose,10.0,8.0,CV,6,0.5397532388953362,0.8900473826763181,3.4064376763260324,-0.32423845053532013,0.10000000000000003,1.4,0.0002683267736099826,0.45319511409313507,-0.3090901737672691,3.4064376763260324,0.4829659318637275,0.23286573146292577,0.5772465613685943,3.2865197864235802,0.8043478260869551
glucose,10.0,8.0,CV,7,0.5323491263010897,0.8946720426716541,3.374630136622465,-0.39568305923694397,0.10000000000000003,1.4,-0.00016092201698429998,0.28430993327696197,-0.23595779837706798,3.374630136622465,0.45210420841683374,0.2356713426853707,0.5856915758394965,3.2737129253872803,0.8260869565217396
glucose,10.0,8.0,CV,8,0.5377174066036623,0.8964023690521618,3.3768916407163783,-0.3860732660778413,0.10000000000000003,1.4,5.892355930983267e-05,0.24980565722860004,-0.2745895826260023,3.3768916407163783,0.46332665330661327,0.23286573146292577,0.5828344934081794,3.267102403216644,0.8863636363636379
glucose,10.0,8.0,CV,9,0.5419948606751518,0.8923279886291545,3.2301532021015076,-0.376659952219775,0.10000000000000003,1.4,-0.0001909063320198896,0.31843876155712403,-0.30933626932298997,3.2301532021015076,0.4857715430861723,0.23847695390781565,0.588481804623982,3.117485590523581,0.7708333333333343
copper,0.1,6.0,CV,0,0.006060497548864054,0.025392110855438705,0.11322063124287951,-0.07856623691908127,0.10000000000000003,1.4,2.069594517103075e-06,0.006956847916757523,-0.00953385706606949,0.11322063124287951,-0.05290581162324648,0.10100200400801607,0.00869326450251055,0.11116078708021572,0.8947368421052635
copper,0.1,6.0,CV,1,0.006043365569936581,0.025328138049254347,0.11294580063573552,-0.07543169759151402,0.10000000000000003,1.4,4.191136884026494e-06,0.008016519183199702,-0.007435681684088131,0.11294580063573552,-0.064128256513026,0.09819639278557113,0.008594994575017003,0.11090222731542852,0.7500000000000014
copper,0.1,6.0,CV,2,0.006131005448961855,0.02542286549363408,0.11408855752087067,-0.07853776321291707,0.10000000000000003,1.4,1.6612305140432391e-06,0.00742648673660163,-0.008292384868435913,0.11408855752087067,-0.05290581162324648,0.09819639278557113,0.00858759732250586,0.11214110884994163,0.8421052631578941
copper,0.1,6.0,CV,3,0.006298578893039363,0.025534624970459444,0.1124501143027416,-0.07861961776989011,0.10000000000000003,1.4,-2.1321196888920747e-05,0.006881674147863311,-0.012628274032697317,0.1124501143027416,-0.064128256513026,0.09819639278557113,0.008603570601174776,0.11003490696314318,0.7500000000000014
copper,0.1,6.0,CV,4,0.006165726986037429,0.025506684135489618,0.11041419526754465,-0.07600441492637701,0.10000000000000003,1.4,-4.1926012420269055e-06,0.009132317221025251,-0.008086955092471579,0.11041419526754465,-0.064128256513026,0.10380761523046095,0.00885357346268896,0.10821606566581735,0.7619047619047625
copper,0.1,6.0,CV,5,0.006197808106425132,0.025733029112850084,0.11386371868481289,-0.08077471525295568,0.10000000000000003,1.4,9.315015103219942e-07,0.008194168131096476,-0.008517841664426755,0.11386371868481289,-0.05290581162324648,0.10100200400801607,0.008772738750907866,0.11164351774590188,0.8947368421052635
copper,0.1,6.0,CV,6,0.0061582758334080764,0.0256151392686683,0.11432220438603152,-0.07652552199680522,0.10000000000000003,1.4,8.70556646621619e-06,0.010059379614857599,-0.007560964776488866,0.11432220438603152,-0.06132264529058118,0.10100200400801601,0.008833199941505953,0.11213375035243489,0.8947368421052625
copper,0.1,6.0,CV,7,0.005993754359740601,0.02542242460916258,0.11274576662901585,-0.0760318848227992,0.10000000000000003,1.4,-8.324629329353617e-07,0.007742256600435461,-0.008551644813475687,0.11274576662901585,-0.06132264529058118,0.10100200400801601,0.008810341051345372,0.11084069252956406,0.8947368421052625
copper,0.1,6.0,CV,8,0.006113039064720049,0.02553886209938376,0.11533059911981107,-0.07852996865742948,0.10000000000000003,1.4,4.05256788349106e-06,0.009066606336322145,-0.0068825632914785925,0.11533059911981107,-0.06132264529058118,0.09258517034068142,0.008290814720331953,0.1131349099486657,0.8333333333333318
copper,0.1,6.0,CV,9,0.0062080853026626245,0.025285663227971204,0.11197862658785131,-0.07883892097761007,0.10000000000000003,1.4,-1.4987228842491992e-06,0.010856359801793634,-0.00691021826944312,0.11197862658785131,-0.06132264529058118,0.10100200400801607,0.008699843021496267,0.10978182507046372,0.7999999999999988
copper,0.1,6.5,CV,0,0.006080934907789005,0.025513054098454578,0.11510984187389686,-0.07988504861786334,0.10000000000000003,1.4,2.06566543525738e-06,0.007173342647548901,-0.00994685429294865,0.11510984187389686,-0.05290581162324648,0.0953907815631263,0.008446706297835232,0.11304944221820111,1.0
copper,0.1,6.5,CV,1,0.006063711473128399,0.02544676624504506,0.11306457802503811,-0.07607756011668025,0.10000000000000003,1.4,4.1985332429463355e-06,0.008266837267523384,-0.007400348348240653,0.11306457802503811,-0.05010020040080154,0.09819639278557118,0.008639076009761491,0.11100084916544183,0.8421052631578934
copper,0.1,6.5,CV,2,0.0061518192005804,0.02554706306847497,0.11598240140729858,-0.07693942351497686,0.10000000000000003,1.4,1.6551214604940914e-06,0.007458032145920862,-0.008072380810214552,0.11598240140729858,-0.05290581162324648,0.0953907815631263,0.008487972550024552,0.11403470902156072,1.0
copper,0.1,6.5,CV,3,0.00632028720285499,0.025646153232070108,0.11183006327211509,-0.07720859107732904,0.10000000000000003,1.4,-2.144999315544254e-05,0.006940915820128738,-0.012695806180537297,0.11183006327211509,-0.047294589178356716,0.10100200400801601,0.00879379658850621,0.10943789356022585,0.7999999999999996
copper,0.1,6.5,CV,4,0.006186726091819799,0.025622226888176333,0.11305533244857568,-0.07834430730500438,0.10000000000000003,1.4,-4.229959836399989e-06,0.009490712737650536,-0.008130067069960825,0.11305533244857568,-0.05010020040080154,0.0953907815631263,0.008441195933927883,0.11087701764581469,0.8888888888888872
copper,0.1,6.5,CV,5,0.006218978471021047,0.025860798153853518,0.11575636231290079,-0.08038622839133616,0.10000000000000003,1.4,9.21496940597755e-07,0.008672579898029872,-0.008506447181987693,0.11575636231290079,-0.05290581162324648,0.09819639278557113,0.008676015205809818,0.1135507011119076,0.9444444444444456
copper,0.1,6.5,CV,6,0.006179235162663209,0.025745059360001567,0.11360148929656383,-0.07772202486179135,0.10000000000000003,1.4,8.737062228296927e-06,0.010113138311291346,-0.007780841215617066,0.11360148929656383,-0.06132264529058118,0.09819639278557113,0.008726929950707304,0.11141201464479888,0.6666666666666666
copper,0.1,6.5,CV,7,0.006013835423148334,0.025554768978152367,0.11272535477499476,-0.07611138187184392,0.10000000000000003,1.4,-8.518840833162772e-07,0.007579086302454373,-0.00840544131489536,0.11272535477499476,-0.05290581162324648,0.09819639278557118,0.008697400730512879,0.11082706876787807,0.9444444444444446
copper,0.1,6.5,CV,8,0.006133756906295188,0.025657447371550273,0.11461526714924958,-0.07752074501103247,0.10000000000000003,1.4,4.059224518787208e-06,0.008842647260001332,-0.007131785122235494,0.11461526714924958,-0.06132264529058118,0.10100200400801601,0.008805152410377465,0.11242471925115276,0.7142857142857142
copper,0.1,6.5,CV,9,0.006229310530069219,0.025416911051393664,0.11238523738428403,-0.07962484072094175,0.10000000000000003,1.4,-1.521700733629219e-06,0.011076135052104523,-0.006629493313844891,0.11238523738428403,-0.05010020040080154,0.09819639278557118,0.008603484339166358,0.11019694616511369,0.8421052631578934
copper,0.1,7.0,CV,0,0.006101403078964727,0.025634713284691316,0.11551851015855255,-0.08022958548999795,0.10000000000000003,1.4,2.0619065161341205e-06,0.007451208771583029,-0.010353510500785248,0.11551851015855255,-0.05290581162324648,0.09819639278557113,0.008652463032952838,0.11344650772513301,0.8421052631578941
copper,0.1,7.0,CV,1,0.006084092149383499,0.025565891068719832,0.11432164206266997,-0.07631645466235648,0.10000000000000003,1.4,4.205609276502734e-06,0.008403647443932322,-0.007390475146916156,0.11432164206266997,-0.05010020040080154,0.10100200400801607,0.00882302867752898,0.11224625606338716,0.9999999999999978
copper,0.1,7.0,CV,2,0.006172647463438953,0.02567134761160998,0.11639550228792693,-0.0772609706177329,0.10000000000000003,1.4,1.6492769810171129e-06,0.00735565075980172,-0.007719222364804559,0.11639550228792693,-0.05290581162324648,0.09819639278557113,0.00869379717557589,0.11445622037493554,0.8421052631578941
copper,0.1,7.0,CV,3,0.006341971281918418,0.025756715071171127,0.11388997059734772,-0.07802090487559454,0.10000000000000003,1.4,-2.157321144618857e-05,0.007163822030222509,-0.012760413610954102,0.11388997059734772,-0.047294589178356716,0.10100200400801607,0.008827331546679622,0.11149172254869784,0.8947368421052635
copper,0.1,7.0,CV,4,0.006207731681427532,0.02573907597636063,0.11473469632952779,-0.07977897393266342,0.10000000000000003,1.4,-4.2657004853150645e-06,0.009905176453888873,-0.008171311931480218,0.11473469632952779,-0.047294589178356716,0.09819639278557113,0.00864686947335287,0.11256523845581584,0.9444444444444456
copper,0.1,7.0,CV,5,0.006240147902476451,0.02598572469988391,0.11616831491660232,-0.07891085796115976,0.10000000000000003,1.4,9.119256539885786e-07,0.008990877322682708,-0.008449741011737715,0.11616831491660232,-0.05290581162324648,0.10100200400801596,0.008881934695964447,0.11395201392975463,0.8000000000000004
copper,0.1,7.0,CV,6,0.006200202698406262,0.02587329257014832,0.1138236733491513,-0.07967775399532376,0.10000000000000003,1.4,8.767193955513379e-06,0.010164568798107357,-0.007907915176917864,0.1138236733491513,-0.05290581162324648,0.09539078156312619,0.008615379562137945,0.11163401321429234,0.8888888888888892
copper,0.1,7.0,CV,7,0.006033962729438622,0.025685278096520985,0.11358441315186847,-0.07690036153954502,0.10000000000000003,1.4,-8.704641324037464e-07,0.007611138326826472,-0.008390073645101429,0.11358441315186847,-0.047294589178356716,0.09539078156312619,0.008567397335532813,0.11169687329761739,0.8888888888888892
copper,0.1,7.0,CV,8,0.006154493412832434,0.02577464775227063,0.11294312799276482,-0.07593258345783985,0.10000000000000003,1.4,4.065592865055791e-06,0.008538565183478692,-0.007493992937704084,0.11294312799276482,-0.05851703406813624,0.10100200400801596,0.00885094890585083,0.11070908980080757,0.636363636363637
copper,0.1,7.0,CV,9,0.0062505324483081316,0.025549028972438496,0.11369862229251353,-0.0793579285119976,0.10000000000000003,1.4,-1.5436834463436102e-06,0.011142995370524798,-0.0069988679385749805,0.11369862229251353,-0.047294589178356716,0.09258517034068137,0.00835745628198808,0.1114926046014226,0.9411764705882343
copper,0.1,7.5,CV,0,0.006122051990865051,0.02575772305694158,0.11425248059226083,-0.07947428176017662,0.10000000000000003,1.4,2.0583117747383116e-06,0.007683367321986542,-0.010736346184324865,0.11425248059226083,-0.05290581162324648,0.09819639278557113,0.008703506328401571,0.11215041819641067,0.6666666666666666
copper,0.1,7.5,CV,1,0.0061046573878652775,0.025686091902104833,0.1157935916617355,-0.07676796114037261,0.10000000000000003,1.4,4.212376251239173e-06,0.008393524788551553,-0.00740181757300351,0.1157935916617355,-0.038877755511022016,0.09258517034068126,0.00838397700950098,0.11371225704199418,0.8333333333333326
copper,0.1,7.5,CV,2,0.006193640739353537,0.02579633462324455,0.11581358621393623,-0.0781848736679554,0.10000000000000003,1.4,1.6436877699636055e-06,0.007671674978433088,-0.007441455257167093,0.11581358621393623,-0.04448897795591178,0.09819639278557113,0.00873147878040437,0.11387900098779788,0.9444444444444456
copper,0.1,7.5,CV,3,0.006363782994686258,0.02586724336128537,0.11524518594962149,-0.07957189576213165,0.10000000000000003,1.4,-2.1691047950764046e-05,0.007509651843812935,-0.012822199192654891,0.11524518594962149,-0.038877755511022016,0.10100200400801607,0.008854540251723423,0.11284112503433806,0.7999999999999988
copper,0.1,7.5,CV,4,0.006228894539018383,0.025857985333509255,0.1153317580480405,-0.08024721670567558,0.10000000000000003,1.4,-4.299880095451799e-06,0.010157905459778592,-0.008210755347581188,0.1153317580480405,-0.047294589178356716,0.09819639278557113,0.008696665155547775,0.1131500350441856,0.8421052631578941
copper,0.1,7.5,CV,5,0.006261467445820009,0.02610844006391302,0.11551020349955012,-0.07993156961304916,0.10000000000000003,1.4,9.027724109798661e-07,0.009149670309245739,-0.008335607958564837,0.11551020349955012,-0.04168336673346695,0.10100200400801607,0.00892760092150158,0.113326361667676,0.8947368421052635
copper,0.1,7.5,CV,6,0.006221329164205174,0.02600053191844399,0.11254945168727891,-0.08070174888418463,0.10000000000000003,1.4,8.796009623954427e-06,0.010213752963528923,-0.007924377685478483,0.11254945168727891,-0.05290581162324648,0.09819639278557113,0.00880222060491379,0.11033654122790436,0.6666666666666666
copper,0.1,7.5,CV,7,0.006054285664356239,0.025814462225057663,0.11569133227389924,-0.07735469036654578,0.10000000000000003,1.4,-8.882326635694772e-07,0.007558755083905714,-0.008408866695596519,0.11569133227389924,-0.04168336673346695,0.09819639278557113,0.008773443282124885,0.11382207792786644,0.9444444444444456
copper,0.1,7.5,CV,8,0.006175398940052323,0.025891427670955675,0.11529609122384125,-0.07764028123580567,0.10000000000000003,1.4,4.0716830620522815e-06,0.008180547675932633,-0.007811014551107994,0.11529609122384125,-0.038877755511022016,0.10100200400801607,0.008903336283030876,0.11307712905850784,0.8947368421052635
copper,0.1,7.5,CV,9,0.006271902185978093,0.025682306707518338,0.11441299254965653,-0.07799352347922499,0.10000000000000003,1.4,-1.5647060235248478e-06,0.011072090676399776,-0.007336189376895716,0.11441299254965653,-0.04168336673346695,0.09819639278557113,0.00872305022381084,0.11219389698161572,0.9444444444444456
copper,0.1,8.0,CV,0,0.006142573315805502,0.025881255693539655,0.11387477871055668,-0.0776394940363491,0.10000000000000003,1.4,2.054867889539831e-06,0.008133919970686354,-0.011075676801726022,0.11387477871055668,-0.04168336673346695,0.09819639278557113,0.008737519507098706,0.11176489562074968,0.8421052631578941
copper,0.1,8.0,CV,1,0.006125098550809105,0.025806359461697438,0.11754129308473388,-0.07642999966840663,0.10000000000000003,1.4,4.218859244469388e-06,0.008375704625758765,-0.007425756439167234,0.11754129308473388,-0.03607214428857719,0.09819639278557113,0.008729387963175713,0.11545241915848929,0.842105263157898
copper,0.1,8.0,CV,2,0.006214491976797006,0.025921167786589712,0.11569363090795734,-0.07817183515236426,0.10000000000000003,1.4,1.6383331146215558e-06,0.008209961308773335,-0.007701864662021645,0.11569363090795734,-0.04448897795591178,0.10100200400801607,0.00894210836437858,0.11375861024374015,0.7142857142857151
copper,0.1,8.0,CV,3,0.00638541832262595,0.025977032030965398,0.11687048535240425,-0.0801625894497563,0.10000000000000003,1.4,-2.1803939352193602e-05,0.007785576979971197,-0.012881391893010935,0.11687048535240425,-0.038877755511022016,0.09819639278557113,0.008722972771685029,0.114433342830152,0.9444444444444456
copper,0.1,8.0,CV,4,0.006249908241507464,0.025978065976915862,0.11551590159635786,-0.0796180851755632,0.10000000000000003,1.4,-4.332625330916387e-06,0.010253817757600057,-0.00824854348918338,0.11551590159635786,-0.03326653306613225,0.09539078156312619,0.008585668962515084,0.11332551080373408,0.8888888888888892
copper,0.1,8.0,CV,5,0.006282631258618885,0.02622815255075922,0.1162996957636057,-0.08071448297649712,0.10000000000000003,1.4,8.940032911337205e-07,0.009158870941469208,-0.00815502888086303,0.1162996957636057,-0.04168336673346695,0.0953907815631263,0.008631448943898293,0.11409471349076611,0.8888888888888872
copper,0.1,8.0,CV,6,0.006242308002112968,0.02612617099516586,0.1133263861047652,-0.08070030923880572,0.10000000000000003,1.4,8.823616019826043e-06,0.010260873076116995,-0.008005394427585539,0.1133263861047652,-0.03607214428857719,0.10100200400801607,0.008971572642662011,0.11111558496209091,0.8000000000000024
copper,0.1,8.0,CV,7,0.006074494692198737,0.025941396552670613,0.11648165925917256,-0.0774709238871611,0.10000000000000003,1.4,-9.052555241156873e-07,0.007434836765356424,-0.00830302181166729,0.11648165925917256,-0.04168336673346695,0.09819639278557113,0.008807108176599231,0.11457874867574239,0.8421052631578941
copper,0.1,8.0,CV,8,0.006196166111245243,0.026007247063177676,0.11692162522056215,-0.07877277757892391,0.10000000000000003,1.4,4.0775176790615876e-06,0.007793576855764275,-0.008061870018673235,0.11692162522056215,-0.038877755511022016,0.09819639278557113,0.00878663716334629,0.11467397044179148,0.9444444444444456
copper,0.1,8.0,CV,9,0.00629311408665833,0.025815705771567662,0.11519742838210154,-0.07688386244408013,0.10000000000000003,1.4,-1.5848463714433388e-06,0.010884769311328497,-0.007561556591408128,0.11519742838210154,-0.04168336673346695,0.09819639278557113,0.008769626666294002,0.11297806740232164,0.8421052631578941
copper,0.2,6.0,CV,0,0.010059543010805045,0.05038852504685272,0.22249680721019027,-0.15891650042777253,0.10000000000000003,1.4,1.3590489165953672e-06,0.013757587322185294,-0.01878359395078914,0.22249680721019027,-0.05290581162324648,0.10100200400801607,0.017227500784671182,0.22025489445709331,0.8947368421052635
copper,0.2,6.0,CV,1,0.010025871934100906,0.05025344225479333,0.22197344281361642,-0.1527715002795705,0.10000000000000003,1.4,5.528714083134021e-06,0.01584039653158218,-0.014687121378935943,0.22197344281361642,-0.064128256513026,0.09819639278557113,0.017021818557412322,0.2196567376920244,0.7500000000000014
copper,0.2,6.0,CV,2,0.010198118765683765,0.05044584269914148,0.2242026237071342,-0.158876140860154,0.10000000000000003,1.4,5.56453038533091e-07,0.014680612314987171,-0.016373982725589098,0.2242026237071342,-0.05290581162324648,0.09819639278557113,0.017007234799638962,0.2220743805452239,0.8421052631578941
copper,0.2,6.0,CV,3,0.010527466490952238,0.05066396919414257,0.22099922421282958,-0.15902093418125898,0.10000000000000003,1.4,-4.461305593696392e-05,0.013512496815237158,-0.02484096708024297,0.22099922421282958,-0.064128256513026,0.09819639278557113,0.017037413406438367,0.2179392764187685,0.7500000000000014
copper,0.2,6.0,CV,4,0.010266360242229274,0.05061225796278601,0.2169978425693112,-0.15383441754072863,0.10000000000000003,1.4,-1.0948628709827263e-05,0.017997239441158264,-0.0158834396496702,0.2169978425693112,-0.064128256513026,0.10380761523046095,0.017530279741103678,0.21434435045977557,0.7619047619047625
copper,0.2,6.0,CV,5,0.010329412261491146,0.0510479890088587,0.22376072696379704,-0.16328525986943648,0.10000000000000003,1.4,-8.777514606407525e-07,0.016174744132035138,-0.01680879228806987,0.22376072696379704,-0.05290581162324648,0.10100200400801607,0.0173768113968928,0.22113545792828107,0.8947368421052635
copper,0.2,6.0,CV,6,0.01025171579672888,0.05082428997604565,0.22468809523782018,-0.15493035065740096,0.10000000000000003,1.4,1.440134376478669e-05,0.019781245114192887,-0.014933741348148913,0.22468809523782018,-0.06132264529058118,0.10100200400801601,0.01749444065845018,0.22211173051781008,0.8947368421052625
copper,0.2,6.0,CV,7,0.009928366393674675,0.05044408837117436,0.22158977502271318,-0.15391273721658458,0.10000000000000003,1.4,-4.3446353696004055e-06,0.015297029965660555,-0.01688516054800522,0.22158977502271318,-0.06132264529058118,0.10100200400801601,0.0174512872402572,0.21958792032170746,0.8947368421052625
copper,0.2,6.0,CV,8,0.010162807754360268,0.050671899832828424,0.22666998749748746,-0.15887044985318682,0.10000000000000003,1.4,5.256371497050102e-06,0.017899898071495016,-0.013597587745345516,0.22666998749748746,-0.06132264529058118,0.09258517034068142,0.016446482409317512,0.22434184388384282,0.8333333333333318
copper,0.2,6.0,CV,9,0.010349610994181696,0.050176286919330494,0.22008204312097437,-0.15946763018872273,0.10000000000000003,1.4,-5.6540982180288e-06,0.021418663703106924,-0.013635700265739355,0.22008204312097437,-0.06132264529058118,0.09819639278557113,0.016959210088762236,0.21754210524859208,0.8421052631578941
copper,0.2,6.5,CV,0,0.010100096074826074,0.0506304253816996,0.2262454704743986,-0.16153334782877352,0.10000000000000003,1.4,1.3512537103598866e-06,0.01413892119706853,-0.019603074227815258,0.2262454704743986,-0.05290581162324648,0.0953907815631263,0.016739920699425717,0.22400814189312632,1.0
copper,0.2,6.5,CV,1,0.010066243552092255,0.05049078523024441,0.22221501862981852,-0.15405493459784034,0.10000000000000003,1.4,5.543388285768495e-06,0.016331857069779174,-0.014617005310914796,0.22221501862981852,-0.05010020040080154,0.09819639278557118,0.017114253883491762,0.2199095934983341,0.8421052631578934
copper,0.2,6.5,CV,2,0.010239418583981565,0.05069413800610546,0.22796047924141602,-0.15570462485112346,0.10000000000000003,1.4,5.443328195637396e-07,0.014743202163976718,-0.015937433067782406,0.22796047924141602,-0.05290581162324648,0.0953907815631263,0.016809759024941667,0.22582652860590366,1.0
copper,0.2,6.5,CV,3,0.010570541091733486,0.050887364733751,0.21976976517065674,-0.1562727919917738,0.10000000000000003,1.4,-4.4868584709159025e-05,0.013687221462271828,-0.024974949277765182,0.21976976517065674,-0.047294589178356716,0.10100200400801601,0.01740752974375203,0.21669106634742832,0.7999999999999996
copper,0.2,6.5,CV,4,0.010308027798841095,0.050843546171357126,0.22219684652340946,-0.15847734697654473,0.10000000000000003,1.4,-1.1022747284914074e-05,0.01872795693265783,-0.015968972801928646,0.22219684652340946,-0.05010020040080154,0.0953907815631263,0.0167104597762998,0.21953245113707467,0.8888888888888872
copper,0.2,6.5,CV,5,0.010371419591572607,0.05130330983953303,0.22751620121368127,-0.16251439489868605,0.10000000000000003,1.4,-8.976002923422565e-07,0.017124027112873863,-0.01678617506175272,0.22751620121368127,-0.05290581162324648,0.09819639278557113,0.017186140630604863,0.22492480624099062,0.9444444444444456
copper,0.2,6.5,CV,6,0.010293304437643525,0.05108383842117322,0.22325800867434406,-0.15723196516367577,0.10000000000000003,1.4,1.4463830618103073e-05,0.019887901107145896,-0.015370026339000087,0.22325800867434406,-0.06132264529058118,0.09819639278557113,0.01728536467680912,0.22068978762498132,0.6666666666666666
copper,0.2,6.5,CV,7,0.009968212575745532,0.05070839530987779,0.22155878019950798,-0.15412014130367102,0.10000000000000003,1.4,-4.3831664764831905e-06,0.014954531785206997,-0.016595049548243368,0.22155878019950798,-0.05290581162324648,0.09819639278557118,0.01722528182099204,0.21954178048604775,0.9444444444444446
copper,0.2,6.5,CV,8,0.010203917289381272,0.05090916599013387,0.22525058091567407,-0.1568678895204866,0.10000000000000003,1.4,5.269578105363361e-06,0.01745549994195416,-0.014077630794679531,0.22525058091567407,-0.06132264529058118,0.10100200400801601,0.017461642987291304,0.2228829487041443,0.7142857142857142
copper,0.2,6.5,CV,9,0.01039172717079288,0.05043843442378683,0.2208797800471371,-0.16102708618463457,0.10000000000000003,1.4,-5.699685732312731e-06,0.021854743689314143,-0.013078664923021191,0.2208797800471371,-0.05010020040080154,0.09819639278557118,0.017045000674585337,0.2183366768661787,0.8421052631578934
copper,0.2,7.0,CV,0,0.010140709795981756,0.050873761262682754,0.22705638116926016,-0.16221700661810043,0.10000000000000003,1.4,1.3437934651955897e-06,0.014690287049652643,-0.020409997836797398,0.22705638116926016,-0.05290581162324648,0.09819639278557113,0.017149604911108864,0.2248179843734575,0.8421052631578941
copper,0.2,7.0,CV,1,0.010106683623978811,0.050729135145347354,0.2247093570701141,-0.15451820722593823,0.10000000000000003,1.4,5.557431935921802e-06,0.016603331052181203,-0.014597423020335759,0.2247093570701141,-0.05010020040080154,0.10100200400801607,0.017470482171244285,0.22230061043548105,0.9999999999999978
copper,0.2,7.0,CV,2,0.01028074697128128,0.05094263362330562,0.22878018721325696,-0.1563814676875278,0.10000000000000003,1.4,5.327334080503614e-07,0.014540057904051613,-0.015236686867336396,0.22878018721325696,-0.05290581162324648,0.09819639278557113,0.01721929940523824,0.2266850283123978,0.8421052631578941
copper,0.2,7.0,CV,3,0.010613567998872187,0.05110888971906498,0.22385714651512845,-0.1578377532281715,0.10000000000000003,1.4,-4.5113133375291734e-05,0.014129531916214105,-0.025103174242054452,0.22385714651512845,-0.047294589178356716,0.10100200400801607,0.017476279303518447,0.22078744434631475,0.8947368421052635
copper,0.2,7.0,CV,4,0.010349708122689514,0.051077430301133514,0.22551753008515021,-0.16132409686358906,0.10000000000000003,1.4,-1.1093680974758186e-05,0.019550369275663976,-0.016050830583012366,0.22551753008515021,-0.047294589178356716,0.09819639278557113,0.017120423418489714,0.22290236697325327,0.9444444444444456
copper,0.2,7.0,CV,5,0.010413425088778506,0.05155307312848059,0.22833363022523873,-0.1595869017692848,0.10000000000000003,1.4,-9.16596217048515e-07,0.017755619043780577,-0.016673667137407484,0.22833363022523873,-0.05290581162324648,0.10100200400801596,0.017594252655445567,0.2257257750056788,0.8000000000000004
copper,0.2,7.0,CV,6,0.010334909236812994,0.05134010033374538,0.22372502865447963,-0.16111263511528337,0.10000000000000003,1.4,1.4523632402841743e-05,0.019989974077589373,-0.01562218089543655,0.22372502865447963,-0.05290581162324648,0.09539078156312619,0.017069478820750033,0.22120555414553075,0.8888888888888892
copper,0.2,7.0,CV,7,0.010008149789764501,0.05096912507750453,0.22325654617487103,-0.15566592813507218,0.10000000000000003,1.4,-4.4200418964676236e-06,0.01501814065707223,-0.01656990625553982,0.22325654617487103,-0.047294589178356716,0.09539078156312619,0.01696411882106295,0.22121511162873195,0.8888888888888892
copper,0.2,7.0,CV,8,0.01024506356990245,0.05114373937524984,0.22195391709729936,-0.1537329717128556,0.10000000000000003,1.4,5.282217223922962e-06,0.016852134688226682,-0.014796350638664121,0.22195391709729936,-0.05851703406813624,0.10100200400801596,0.017553899778840015,0.21951468339205765,0.636363636363637
copper,0.2,7.0,CV,9,0.01043383683737833,0.05070232199075601,0.22348103440039713,-0.16049747518112525,0.10000000000000003,1.4,-5.743314344913385e-06,0.021987425456275717,-0.013833453712501005,0.22348103440039713,-0.047294589178356716,0.09258517034068137,0.016560277317793654,0.2209309092880585,0.9411764705882343
copper,0.2,7.5,CV,0,0.0101816816847421,0.05111978319640642,0.22454428535305407,-0.16071832210985398,0.10000000000000003,1.4,1.3366563866643953e-06,0.015150972909717696,-0.021169680262452653,0.22454428535305407,-0.05290581162324648,0.09819639278557113,0.01725488601882831,0.22228833805863382,0.6666666666666666
copper,0.2,7.5,CV,1,0.010147489385695959,0.050969633969381874,0.22759443457672568,-0.155414116001253,0.10000000000000003,1.4,5.570867236210411e-06,0.01658326646617536,-0.01461995189785017,0.22759443457672568,-0.038877755511022016,0.09258517034068126,0.016605434315535014,0.22520363326794335,0.8333333333333326
copper,0.2,7.5,CV,2,0.010322402567920013,0.05119254243131038,0.22765295497026264,-0.1581971444811051,0.10000000000000003,1.4,5.216364656491865e-07,0.015146944994201508,-0.01467805040286406,0.22765295497026264,-0.04448897795591178,0.09539078156312619,0.016990958873918723,0.22555289853255056,0.8888888888888892
copper,0.2,7.5,CV,3,0.010656848538017587,0.05133038093796196,0.22651644204608506,-0.16091533256562543,0.10000000000000003,1.4,-4.534708855993474e-05,0.014810710481055561,-0.02522584469317786,0.22651644204608506,-0.038877755511022016,0.10100200400801607,0.01752941615239477,0.2234226867559747,0.7999999999999988
copper,0.2,7.5,CV,4,0.010391700410513427,0.051315395438565746,0.22670227197087608,-0.16225323424662721,0.10000000000000003,1.4,-1.1161541923530992e-05,0.020051878530583288,-0.016129142407774105,0.22670227197087608,-0.047294589178356716,0.09819639278557113,0.01722592835431018,0.22413178749500676,0.8421052631578941
copper,0.2,7.5,CV,5,0.010455728463937688,0.05179852286773224,0.22705119829975443,-0.16162233782868368,0.10000000000000003,1.4,-9.347692667829761e-07,0.01807072963930262,-0.016447228336638628,0.22705119829975443,-0.04168336673346695,0.10100200400801607,0.01767918589232234,0.22445126879129304,0.8947368421052635
copper,0.2,7.5,CV,6,0.010376829271573797,0.051594440882843776,0.22119666807175578,-0.16314452672698065,0.10000000000000003,1.4,1.4580843663944786e-05,0.020087625400022655,-0.015654867128281527,0.22119666807175578,-0.05290581162324648,0.09819639278557113,0.01743669986249897,0.2185983099916356,0.6666666666666666
copper,0.2,7.5,CV,7,0.010048474476662793,0.051227283521600296,0.22740724029844145,-0.15656744046405824,0.10000000000000003,1.4,-4.455319928556966e-06,0.014914224245910823,-0.01660721959753539,0.22740724029844145,-0.04168336673346695,0.09819639278557113,0.017372092230509752,0.22540251985195445,0.9444444444444456
copper,0.2,7.5,CV,8,0.010286544948355205,0.05137751874835697,0.22661650574740497,-0.15710436813842124,0.10000000000000003,1.4,5.2943088348203115e-06,0.016141764528259925,-0.015425423112440197,0.22661650574740497,-0.038877755511022016,0.10100200400801607,0.01766118690657824,0.22424116214568532,0.8947368421052635
copper,0.2,7.5,CV,9,0.010476239869455745,0.05096852218620602,0.22489442789712144,-0.15779017824488797,0.10000000000000003,1.4,-5.785053031442028e-06,0.02184676954854497,-0.014502803918552146,0.22489442789712144,-0.04168336673346695,0.09819639278557113,0.017285433067024382,0.22232828398828985,0.9444444444444456
copper,0.2,8.0,CV,0,0.010222399956189374,0.051366852171152444,0.22385093656018976,-0.15707768638321426,0.10000000000000003,1.4,1.329816124444918e-06,0.01606086422479086,-0.021843061625621323,0.22385093656018976,-0.04168336673346695,0.09819639278557113,0.017324175814586066,0.22159538979216972,0.8421052631578941
copper,0.2,8.0,CV,1,0.010188048438979634,0.051210285285613444,0.23105306257087063,-0.1547208532931083,0.10000000000000003,1.4,5.5837437901911646e-06,0.0165121641106624,-0.014667488857373213,0.23105306257087063,-0.03607214428857719,0.09819639278557113,0.017287369935214802,0.2286285439230465,0.842105263157898
copper,0.2,8.0,CV,2,0.010363776113251306,0.05144216900149204,0.22741496978176604,-0.15817129448705355,0.10000000000000003,1.4,5.110010220953191e-07,0.01621507715731682,-0.015207973985927749,0.22741496978176604,-0.04448897795591178,0.10100200400801607,0.01771320730894579,0.22534969028121535,0.7142857142857151
copper,0.2,8.0,CV,3,0.010699779447862745,0.051550438247724754,0.2297414866363779,-0.16208745384969325,0.10000000000000003,1.4,-4.557131403308336e-05,0.015358258026726412,-0.025343413534349227,0.2297414866363779,-0.038877755511022016,0.09819639278557113,0.017273816084434488,0.22662098212666446,0.9444444444444456
copper,0.2,8.0,CV,4,0.01043339664474096,0.051555682157856844,0.22705612290561583,-0.16100491993284605,0.10000000000000003,1.4,-1.1226580676017299e-05,0.0202422426372275,-0.016204197405965882,0.22705612290561583,-0.03326653306613225,0.09539078156312619,0.017009231498033208,0.22449752251469465,0.8888888888888892
copper,0.2,8.0,CV,5,0.010497722848022627,0.05203809015757326,0.2286177863517135,-0.16316851243337763,0.10000000000000003,1.4,-9.521865370240891e-07,0.01808902647215873,-0.016088961819564172,0.2286177863517135,-0.04168336673346695,0.0953907815631263,0.017096237606552087,0.22599855665501842,0.8888888888888872
copper,0.2,8.0,CV,6,0.010418456257593437,0.05184565578406957,0.22276748907733906,-0.1631417144676759,0.10000000000000003,1.4,1.4635675627210872e-05,0.020181215606239325,-0.01581010642673919,0.22276748907733906,-0.03607214428857719,0.10100200400801607,0.01777141840050469,0.22016654961257007,0.8000000000000024
copper,0.2,8.0,CV,7,0.010088572462032784,0.05148104036543572,0.2289754862779098,-0.15679623557491745,0.10000000000000003,1.4,-4.489130820369723e-06,0.01466837928656112,-0.01639723377238493,0.2289754862779098,-0.04168336673346695,0.09819639278557113,0.017445577120154505,0.22697002798799024,0.8421052631578941
copper,0.2,8.0,CV,8,0.01032775152087398,0.051609430200843694,0.22984201628936562,-0.15935154972202037,0.10000000000000003,1.4,5.305897580667952e-06,0.015373959751409845,-0.015923218293027112,0.22984201628936562,-0.038877755511022016,0.09819639278557113,0.017431789777548223,0.22742826754709772,0.9444444444444456
copper,0.2,8.0,CV,9,0.010518329765934134,0.05123498153849078,0.22645097283901214,-0.1556394254368307,0.10000000000000003,1.4,-5.825055892459009e-06,0.021475135727760573,-0.014950020408055494,0.22645097283901214,-0.04168336673346695,0.09819639278557113,0.017377502207832744,0.22388052708070294,0.8421052631578941
copper,0.5,6.0,CV,0,0.021687536738602697,0.12308963684822738,0.5402383034843709,-0.392550343553044,0.10000000000000003,1.4,-7.069990602657748e-07,0.033532044977967634,-0.04567898273866625,0.5402383034843709,-0.05290581162324648,0.10100200400801607,0.042009975030826874,0.53714562198957,0.8947368421052635
copper,0.5,6.0,CV,1,0.021605775054517176,0.12274805233473032,0.5389922793000701,-0.377651849634073,0.10000000000000003,1.4,9.417977015923656e-06,0.03858982451380197,-0.03577207679933959,0.5389922793000701,-0.064128256513026,0.09819639278557113,0.04152743811045444,0.535912026293874,0.7500000000000014
copper,0.5,6.0,CV,2,0.022024032871229008,0.12322424121647699,0.5443804469256542,-0.3924754235575042,0.10000000000000003,1.4,-2.6558999287194795e-06,0.03577337745829284,-0.03987278264869601,0.5443804469256542,-0.05290581162324648,0.09819639278557113,0.04148198258768468,0.5416555559202231,0.8421052631578941
copper,0.5,6.0,CV,3,0.0228237704294989,0.12375160223513368,0.5366266361052393,-0.3928032234389314,0.10000000000000003,1.4,-0.00011233861532281258,0.03279288887883187,-0.06035172071079878,0.5366266361052393,-0.064128256513026,0.09819639278557113,0.04159719728887107,0.5320663743616371,0.7500000000000014
copper,0.5,6.0,CV,4,0.022189740017925553,0.12363072089781646,0.5269102939544478,-0.38014011745015086,0.10000000000000003,1.4,-3.0593077808508466e-05,0.04377370558892963,-0.03855321782367849,0.5269102939544478,-0.064128256513026,0.10380761523046095,0.042791662678576974,0.5232428486906001,0.7619047619047625
copper,0.5,6.0,CV,5,0.022342845881606177,0.12467532338158327,0.5433074125749972,-0.4032005357542805,0.10000000000000003,1.4,-6.1385024069784935e-06,0.03937980358091833,-0.04091632563989364,0.5433074125749972,-0.05290581162324648,0.10100200400801607,0.042382115751385285,0.5393786742969474,0.8947368421052635
copper,0.5,6.0,CV,6,0.02215417969007707,0.12414386852436704,0.5455981470991749,-0.3829074678397484,0.10000000000000003,1.4,3.096291160216875e-05,0.04804943864302934,-0.03637150707189897,0.5455981470991749,-0.06132264529058118,0.10100200400801601,0.04268694040370465,0.5419758037305389,0.8947368421052625
copper,0.5,6.0,CV,7,0.02136900753849837,0.12321868864327672,0.5380746609674638,-0.38036629263851435,0.10000000000000003,1.4,-1.4556952146980367e-05,0.037263986366084315,-0.04111646014532952,0.5380746609674638,-0.06132264529058118,0.10100200400801601,0.04257708806511924,0.5357972203182818,0.8947368421052625
copper,0.5,6.0,CV,8,0.021938289021160295,0.12377027842969053,0.5504106706264232,-0.39247584902238886,0.10000000000000003,1.4,8.756662004167817e-06,0.04358439250145921,-0.03312281269582004,0.5504106706264232,-0.06132264529058118,0.09258517034068142,0.04012913542544224,0.5473569557377447,0.8333333333333318
copper,0.5,6.0,CV,9,0.02239189338952176,0.12256994280012339,0.5344135158095937,-0.39391110774103494,0.10000000000000003,1.4,-1.7736651111634248e-05,0.05213059350846405,-0.033191332531892936,0.5344135158095937,-0.06132264529058118,0.09819639278557113,0.041383719871688505,0.5308758307694837,0.8421052631578941
copper,0.5,6.5,CV,0,0.021786580083595387,0.12368315043996243,0.5493936828666267,-0.39894147938049684,0.10000000000000003,1.4,-7.260357666498095e-07,0.034392680364133295,-0.04768039065381203,0.5493936828666267,-0.05290581162324648,0.0953907815631263,0.04084696490162698,0.5465677673053743,1.0
copper,0.5,6.5,CV,1,0.021704375289387158,0.12333048957251516,0.5395909151575645,-0.380789146550752,0.10000000000000003,1.4,9.453812948743646e-06,0.03978245311018441,-0.03560082324853653,0.5395909151575645,-0.05010020040080154,0.09819639278557118,0.04174690597887437,0.5364751983747154,0.8421052631578934
copper,0.5,6.5,CV,2,0.022124899868024947,0.12383327959444605,0.5535582747898498,-0.38472959489007263,0.10000000000000003,1.4,-2.68549876714147e-06,0.03592623498570835,-0.03880658501671039,0.5535582747898498,-0.05290581162324648,0.0953907815631263,0.04100124859052353,0.5508229363409788,1.0
copper,0.5,6.5,CV,3,0.022928971630164812,0.12430018872159772,0.533625206075647,-0.38616716080454394,0.10000000000000003,1.4,-0.00011296264322688837,0.03330340248327253,-0.060678919206627775,0.533625206075647,-0.047294589178356716,0.10100200400801601,0.042498383393159554,0.5289935306990521,0.7999999999999996
copper,0.5,6.5,CV,4,0.022291505070026092,0.12419847344931154,0.5395467874486953,-0.39147957002148503,0.10000000000000003,1.4,-3.0774083096747284e-05,0.04558702082275587,-0.03876209869949662,0.5395467874486953,-0.05010020040080154,0.0953907815631263,0.04078638589640353,0.5357987288773456,0.8888888888888872
copper,0.5,6.5,CV,5,0.022445440695945614,0.12530143051558118,0.5524794250944121,-0.40131783289698025,0.10000000000000003,1.4,-6.186975323506257e-06,0.041698235168343284,-0.04086107612753101,0.5524794250944121,-0.05290581162324648,0.09819639278557113,0.04192425043614655,0.5486980370746914,0.9444444444444456
copper,0.5,6.5,CV,6,0.02225575202181706,0.12478023893220215,0.542105426557428,-0.3884224069645396,0.10000000000000003,1.4,3.111551101307788e-05,0.048309903698169135,-0.037437041543913835,0.542105426557428,-0.06132264529058118,0.09819639278557113,0.042170148184444346,0.538430720493499,0.6666666666666666
copper,0.5,6.5,CV,7,0.02146632460406662,0.12386660113151972,0.5380128941261694,-0.3809456110362143,0.10000000000000003,1.4,-1.465104912738398e-05,0.036400057881210715,-0.04040791041136291,0.5380128941261694,-0.05290581162324648,0.09819639278557118,0.04203614149006306,0.5357974115893781,0.9444444444444446
copper,0.5,6.5,CV,8,0.022038691326354647,0.12435254224234965,0.5469440317134313,-0.3875849712479762,0.10000000000000003,1.4,8.788913918638689e-06,0.04249902543255546,-0.03427401282686292,0.5469440317134313,-0.06132264529058118,0.10100200400801601,0.0426135839916117,0.5438786245750927,0.7142857142857142
copper,0.5,6.5,CV,9,0.022494754018435523,0.12321260488372605,0.5363485271745098,-0.39771976914829527,0.10000000000000003,1.4,-1.7847980574638272e-05,0.053195621111354424,-0.03183087160201062,0.5363485271745098,-0.05010020040080154,0.09819639278557118,0.04159405859571672,0.5328116823872964,0.8421052631578934
copper,0.5,7.0,CV,0,0.021885770865462048,0.1242801921244158,0.5513741907234715,-0.4006112003598137,0.10000000000000003,1.4,-7.442583290717918e-07,0.03573929927357811,-0.04965116870612506,0.5513741907234715,-0.05290581162324648,0.09819639278557113,0.04184198503091585,0.5485023318633477,0.8421052631578941
copper,0.5,7.0,CV,1,0.02180314191164826,0.12391541782971545,0.5456828668609902,-0.381904841603122,0.10000000000000003,1.4,9.488116284078772e-06,0.04044548800539713,-0.03555300991381738,0.5456828668609902,-0.05010020040080154,0.10100200400801607,0.042628135891606835,0.5424386659852346,0.9999999999999978
copper,0.5,7.0,CV,2,0.02222583630946897,0.12444284850866999,0.5555602710730626,-0.38643952839816215,0.10000000000000003,1.4,-2.7138317502682917e-06,0.035430103292716675,-0.037095160574698055,0.5555602710730626,-0.05290581162324648,0.09819639278557113,0.04198988387213197,0.5528188608746741,0.8421052631578941
copper,0.5,7.0,CV,3,0.02303405691432236,0.12484427691618581,0.5436078580299061,-0.38992058920720285,0.10000000000000003,1.4,-0.00011355998329222256,0.034383672969328136,-0.06099212438479239,0.5436078580299061,-0.047294589178356716,0.10100200400801607,0.04266445536708851,0.5389788076802732,0.8947368421052635
copper,0.5,7.0,CV,4,0.022393301159589724,0.12477257127029823,0.5476399236207291,-0.39843222353966506,0.10000000000000003,1.4,-3.094734732098513e-05,0.04759562224974845,-0.03896204635439046,0.5476399236207291,-0.047294589178356716,0.09819639278557113,0.041798430934608416,0.5441312444820436,0.9444444444444456
copper,0.5,7.0,CV,5,0.02254803106125679,0.12591408840053633,0.554475854738043,-0.39416801376521754,0.10000000000000003,1.4,-6.233375195910187e-06,0.04324079112512666,-0.040586313872047225,0.554475854738043,-0.05290581162324648,0.10100200400801596,0.04290797475133371,0.5505411888055358,0.8000000000000004
copper,0.5,7.0,CV,6,0.02235736363310334,0.12540867353848068,0.5432843540807418,-0.39790021252562746,0.10000000000000003,1.4,3.126158419584277e-05,0.048559229428698614,-0.038052891984667825,0.5432843540807418,-0.05290581162324648,0.09539078156312619,0.04163237177214352,0.5396064230961691,0.8888888888888892
copper,0.5,7.0,CV,7,0.02156386293440436,0.12450587369074347,0.5421493637340629,-0.3846919602359126,0.10000000000000003,1.4,-1.4741121856591686e-05,0.03655542435578679,-0.04035434261512222,0.5421493637340629,-0.047294589178356716,0.09539078156312619,0.04140486140799747,0.5399294507067627,0.8888888888888892
copper,0.5,7.0,CV,8,0.02213918294969065,0.1249283119890481,0.5389237500320228,-0.37995256217743983,0.10000000000000003,1.4,8.819786513552273e-06,0.04102543678664777,-0.036029359953763246,0.5389237500320228,-0.05851703406813624,0.10100200400801596,0.04285331105882696,0.5358275550027737,0.636363636363637
copper,0.5,7.0,CV,9,0.0225975988302132,0.12385953684950526,0.542694509606397,-0.39642631088058866,0.10000000000000003,1.4,-1.795454880383171e-05,0.053519691397920705,-0.033706326193609026,0.542694509606397,-0.047294589178356716,0.09258517034068137,0.04041870574795215,0.5392210392537922,0.9411764705882343
copper,0.5,7.5,CV,0,0.021985835717707666,0.12488380269490107,0.5452389176575143,-0.3969509932804544,0.10000000000000003,1.4,-7.61695434042961e-07,0.03686447223404363,-0.051506605505008865,0.5452389176575143,-0.05290581162324648,0.09819639278557113,0.04209439880153162,0.5422781977029647,0.6666666666666666
copper,0.5,7.5,CV,1,0.021902800887080548,0.12450561447626028,0.5526768855141583,-0.38409293551981266,0.10000000000000003,1.4,9.520941023280712e-06,0.0403965153441892,-0.03560806555009659,0.5526768855141583,-0.038877755511022016,0.09258517034068126,0.04050900831974276,0.5493657916984611,0.8333333333333326
copper,0.5,7.5,CV,2,0.02232757157713637,0.12505589737724224,0.5528474272001962,-0.3908482088454942,0.10000000000000003,1.4,-2.7409434807419175e-06,0.03688273011697424,-0.035750811210100486,0.5528474272001962,-0.04448897795591178,0.09539078156312619,0.04143394716822216,0.5500925185404569,0.8888888888888892
copper,0.5,7.5,CV,3,0.023139762194780984,0.12538833120021364,0.5500590174650326,-0.39743701804039955,0.10000000000000003,1.4,-0.00011413157586967704,0.036039942518576396,-0.06129182930239077,0.5500590174650326,-0.038877755511022016,0.10100200400801607,0.04279744623125829,0.5453970637020505,0.7999999999999988
copper,0.5,7.5,CV,4,0.022495859021475932,0.12535662489145477,0.5505334586080439,-0.4007015006349326,0.10000000000000003,1.4,-3.11131432390227e-05,0.04882050792107684,-0.03915391863940762,0.5505334586080439,-0.047294589178356716,0.09819639278557113,0.04204482854667009,0.547020231968403,0.8421052631578941
copper,0.5,7.5,CV,5,0.02265134896277216,0.12651632196506837,0.551378090872656,-0.3991539561787594,0.10000000000000003,1.4,-6.277775068277876e-06,0.04401042522977569,-0.04003332451288391,0.551378090872656,-0.04168336673346695,0.10100200400801607,0.0431161373828314,0.547469646907383,0.8947368421052635
copper,0.5,7.5,CV,6,0.022459744968384078,0.12603249135927028,0.5371093434050807,-0.40286275768526436,0.10000000000000003,1.4,3.140136110330122e-05,0.04879780833075055,-0.03813275181581646,0.5371093434050807,-0.05290581162324648,0.09819639278557113,0.042545180419210134,0.5334113191331507,0.6666666666666666
copper,0.5,7.5,CV,7,0.021662346561677218,0.1251389527429305,0.5522427267082639,-0.38689374459374815,0.10000000000000003,1.4,-1.482731212982837e-05,0.03630166534774108,-0.04044550726624993,0.5522427267082639,-0.04168336673346695,0.09819639278557113,0.04239276908698668,0.5500320160929849,0.9444444444444456
copper,0.5,7.5,CV,8,0.022240492572497415,0.1255022024298797,0.5503020187466899,-0.3881614823629496,0.10000000000000003,1.4,8.849328389484336e-06,0.03929053352964235,-0.03756578031385219,0.5503020187466899,-0.038877755511022016,0.10100200400801607,0.04309062626895497,0.5471185519920014,0.8947368421052635
copper,0.5,7.5,CV,9,0.022701160210644604,0.12451213349429144,0.5461404475997499,-0.389814297486585,0.10000000000000003,1.4,-1.8056523562155e-05,0.05317622042293631,-0.03534111389352229,0.5461404475997499,-0.04168336673346695,0.09819639278557113,0.04218382051550427,0.5425816173113485,0.9444444444444456
copper,0.5,8.0,CV,0,0.022085280495151703,0.1254899847742731,0.5436277647691227,-0.38805950720717597,0.10000000000000003,1.4,-7.784113156003927e-07,0.039109979055956146,-0.05315130365202464,0.5436277647691227,-0.04168336673346695,0.09819639278557113,0.042247083120402984,0.5404960371925627,0.8421052631578941
copper,0.5,8.0,CV,1,0.0220018565753524,0.12509621357056983,0.5611103615382529,-0.38236656614031767,0.10000000000000003,1.4,9.552408084674432e-06,0.04017048476676678,-0.03572421850415673,0.5611103615382529,-0.03607214428857719,0.09819639278557113,0.04216432789614818,0.5576383979709147,0.842105263157898
copper,0.5,8.0,CV,2,0.022428617679249196,0.12566829151369033,0.552266247430225,-0.39078510701407304,0.10000000000000003,1.4,-2.766933831557829e-06,0.039491490932312495,-0.03703343032774706,0.552266247430225,-0.04448897795591178,0.10100200400801607,0.043186512571194435,0.5495217097027446,0.7142857142857151
copper,0.5,8.0,CV,3,0.0232446141043205,0.12592893378280004,0.5579356288313165,-0.40029975187412536,0.10000000000000003,1.4,-0.00011467952656674751,0.03737728445498387,-0.06157913799916362,0.5579356288313165,-0.038877755511022016,0.09819639278557113,0.0421779655650974,0.5532449169026737,0.9444444444444456
copper,0.5,8.0,CV,4,0.022597693694142964,0.12594634458174536,0.5513807664048427,-0.39765279330402226,0.10000000000000003,1.4,-3.127208160254161e-05,0.04928550882568267,-0.039336791102456525,0.5513807664048427,-0.03326653306613225,0.09539078156312619,0.04152534251037494,0.5479924612847461,0.8888888888888892
copper,0.5,8.0,CV,5,0.02275391223875042,0.12710430293402908,0.5552042343694421,-0.402919459623384,0.10000000000000003,1.4,-6.32033849889857e-06,0.04405517101524062,-0.03915839759517212,0.5552042343694421,-0.04168336673346695,0.0953907815631263,0.041706195605116896,0.5513486015040122,0.8888888888888872
copper,0.5,8.0,CV,6,0.02256141041583664,0.12664875006616205,0.5409885423360539,-0.40285595428700594,0.10000000000000003,1.4,3.153535663945293e-05,0.04902651927074886,-0.03850380747043207,0.5409885423360539,-0.03607214428857719,0.10100200400801607,0.04335722167341057,0.5372389381239883,0.8000000000000024
copper,0.5,8.0,CV,7,0.021760275515857942,0.1257613758107175,0.556072921763161,-0.38744983417470125,0.10000000000000003,1.4,-1.4909937451015948e-05,0.035701295232833205,-0.039932711627394674,0.556072921763161,-0.04168336673346695,0.09819639278557113,0.04257099266690653,0.5538447050473271,0.8421052631578941
copper,0.5,8.0,CV,8,0.022341130635025234,0.1260715877692747,0.5581797687817325,-0.39364982564579315,0.10000000000000003,1.4,8.877648371492776e-06,0.0374153807864408,-0.038781600198456015,0.5581797687817325,-0.038877755511022016,0.09819639278557113,0.042535819976889704,0.5549427971577361,0.9444444444444456
copper,0.5,8.0,CV,9,0.02280395689490532,0.12516539084459716,0.5499420482598751,-0.38463637013882834,0.10000000000000003,1.4,-1.8154280499720032e-05,0.05226866269246304,-0.03643339981338391,0.5499420482598751,-0.04168336673346695,0.09819639278557113,0.042413859626091246,0.5464251367336521,0.8421052631578941
copper,1.0,6.0,CV,0,0.03991908245996445,0.23708396947016339,1.0384255877661104,-0.7588651346260004,0.10000000000000003,1.4,-3.9463582338627315e-06,0.06453644154937932,-0.08784829602336248,1.0384255877661104,-0.05290581162324648,0.10100200400801607,0.0808759316511769,1.0340928905145015,0.8947368421052635
copper,1.0,6.0,CV,1,0.03976191945319453,0.2364186972132527,1.0360465044084601,-0.7302420270170583,0.10000000000000003,1.4,1.5515957169803662e-05,0.07425868073283776,-0.0688312044337996,1.0360465044084601,-0.064128256513026,0.09819639278557113,0.07994865748991468,1.0317571507919279,0.7500000000000014
copper,1.0,6.0,CV,2,0.04056589819720734,0.2373397685191772,1.046387651231235,-0.7587360272928557,0.10000000000000003,1.4,-7.69255211194244e-06,0.06884474996693252,-0.07671658005899945,1.046387651231235,-0.05290581162324648,0.09819639278557113,0.07981916521085994,1.0423524688032968,0.8421052631578941
copper,1.0,6.0,CV,3,0.04210316055536835,0.23835196412729237,1.0314992448748197,-0.759350763386146,0.10000000000000003,1.4,-0.00021852560349568633,0.06302263939829517,-0.1160290751685838,1.0314992448748197,-0.064128256513026,0.09819639278557113,0.08009424807777492,1.024482106877074,0.7500000000000014
copper,1.0,6.0,CV,4,0.0408844218884617,0.23812261304071092,1.012822409089168,-0.7349651037278867,0.10000000000000003,1.4,-6.139363380273703e-05,0.08418865868481805,-0.07409719101008651,1.012822409089168,-0.064128256513026,0.10380761523046095,0.08239147208948769,1.007492511721347,0.7619047619047625
copper,1.0,6.0,CV,5,0.04117872328598405,0.24012188194368136,1.0443250554468784,-0.7793639930058259,0.10000000000000003,1.4,-1.4386840310495545e-05,0.07576304493904384,-0.078714556944605,1.0443250554468784,-0.05290581162324648,0.10100200400801607,0.081590581599319,1.038378529182049,0.8947368421052635
copper,1.0,6.0,CV,6,0.04081606752285757,0.23910786355964428,1.0487534135978416,-0.7403530713231818,0.10000000000000003,1.4,5.6929814260780184e-05,0.09237117417589633,-0.06998380641654403,1.0487534135978416,-0.06132264529058118,0.10100200400801601,0.08217914560772678,1.0434203254837704,0.8947368421052625
copper,1.0,6.0,CV,7,0.039306802913715765,0.23732826755280567,1.0342917043623194,-0.7354231017568483,0.10000000000000003,1.4,-3.056885623003296e-05,0.07170600442600797,-0.07910874469915885,1.0342917043623194,-0.06132264529058118,0.10100200400801601,0.08198369641308562,1.031699340287061,0.8947368421052625
copper,1.0,6.0,CV,8,0.04040108063700724,0.2383874903108481,1.0580040873841372,-0.7587460427815076,0.10000000000000003,1.4,1.4244771811623896e-05,0.08385514302745242,-0.0637364370008851,1.0580040873841372,-0.06132264529058118,0.09258517034068142,0.07722274959800865,1.05339749043436,0.8333333333333318
copper,1.0,6.0,CV,9,0.041273002824190747,0.23608226332275445,1.0272542199016261,-0.761495325631697,0.10000000000000003,1.4,-3.668090071025014e-05,0.10028386616624624,-0.06385263250475104,1.0272542199016261,-0.06132264529058118,0.09819639278557113,0.07968540659374085,1.0222180305834812,0.8421052631578941
copper,1.0,6.5,CV,0,0.040109832788702844,0.23822874777151964,1.0560581640248117,-0.7711739819369027,0.10000000000000003,1.4,-3.983020502208317e-06,0.0661485743668151,-0.09170284974148592,1.0560581640248117,-0.05290581162324648,0.0953907815631263,0.07861837876237109,1.0520363097250849,1.0
copper,1.0,6.5,CV,1,0.0399518164083557,0.2375421782969484,1.0372049751455117,-0.7362859973905024,0.10000000000000003,1.4,1.5584972605507293e-05,0.07655067159328882,-0.0685013772988817,1.0372049751455117,-0.05010020040080154,0.09819639278557118,0.08037666689508935,1.0329022591904198,0.8421052631578934
copper,1.0,6.5,CV,2,0.04076016064671023,0.2385143855530511,1.064063460402826,-0.7438181281610178,0.10000000000000003,1.4,-7.749555699383112e-06,0.06913913829879376,-0.07466315659095563,1.064063460402826,-0.05290581162324648,0.0953907815631263,0.07889621851863358,1.0600193792615977,1.0
copper,1.0,6.5,CV,3,0.042305770128692945,0.23941039028745836,1.0257195393464342,-0.7466188254862947,0.10000000000000003,1.4,-0.00021972740164357524,0.06405963692360697,-0.11665921773706668,1.0257195393464342,-0.047294589178356716,0.10100200400801601,0.08183273201975415,1.018597190956817,0.7999999999999996
copper,1.0,6.5,CV,4,0.041080413877933424,0.2392178798508127,1.0371201516155013,-0.7568040431907125,0.10000000000000003,1.4,-6.174222690048558e-05,0.08769938025537888,-0.07449946893395505,1.0371201516155013,-0.05010020040080154,0.0953907815631263,0.07852242829777337,1.031540593699194,0.8888888888888872
copper,1.0,6.5,CV,5,0.04137631329169094,0.2413293144866134,1.0619896650061753,-0.775738038153565,0.10000000000000003,1.4,-1.4480192964960878e-05,0.08022816631704233,-0.07860814323066487,1.0619896650061753,-0.05290581162324648,0.09819639278557113,0.08068292585521665,1.056054924082734,0.9444444444444456
copper,1.0,6.5,CV,6,0.04101168835749654,0.24033502197155854,1.042026686695103,-0.7509061860844125,0.10000000000000003,1.4,5.7223701261989075e-05,0.09287279664952655,-0.07203594192692672,1.042026686695103,-0.06132264529058118,0.09819639278557113,0.08118588396389985,1.0366054406953715,0.6666666666666666
copper,1.0,6.5,CV,7,0.0394942286484713,0.23857760289705973,1.0341816900358731,-0.7365855450613131,0.10000000000000003,1.4,-3.075007501212942e-05,0.07002452472309315,-0.0777441243572417,1.0341816900358731,-0.05290581162324648,0.09819639278557118,0.08092974234895195,1.0315798846716202,0.9444444444444446
copper,1.0,6.5,CV,8,0.040594448149757344,0.23951064713144543,1.0513275903716435,-0.7493265685244106,0.10000000000000003,1.4,1.4306884885132167e-05,0.08176479996720196,-0.06593994514892831,1.0513275903716435,-0.06132264529058118,0.10100200400801601,0.0820294409947841,1.046971092010718,0.7142857142857142
copper,1.0,6.5,CV,9,0.04147110475486286,0.23732150179375783,1.0309723652631062,-0.7688305189802076,0.10000000000000003,1.4,-3.689530705581565e-05,0.10233502151381269,-0.06123247960487066,1.0309723652631062,-0.05010020040080154,0.09819639278557118,0.0800916544338259,1.0259497115892593,0.8421052631578934
copper,1.0,7.0,CV,0,0.04030086661637559,0.2393803351285875,1.0598724847158771,-0.7743897510412655,0.10000000000000003,1.4,-4.0181173151455295e-06,0.06874207152590575,-0.09549843661235477,1.0598724847158771,-0.05290581162324648,0.09819639278557113,0.08054071059661373,1.0558395144627437,0.8421052631578941
copper,1.0,7.0,CV,1,0.04014203330095714,0.23867047737396627,1.0489376291256969,-0.7384246263673484,0.10000000000000003,1.4,1.5651041126250876e-05,0.07782763532710607,-0.06840930047520209,1.0489376291256969,-0.05010020040080154,0.10100200400801607,0.08209171141445376,1.0445702395204777,0.9999999999999978
copper,1.0,7.0,CV,2,0.04095455662983732,0.23969005109899888,1.0679191679890545,-0.7471478458086628,0.10000000000000003,1.4,-7.804125270101367e-06,0.06818363124778418,-0.07136708848624052,1.0679191679890545,-0.05290581162324648,0.09819639278557113,0.08082273452297972,1.0641137918575931,0.8421052631578941
copper,1.0,7.0,CV,3,0.04250815681879363,0.24046019850499667,1.0449453933678907,-0.7538035542607459,0.10000000000000003,1.4,-0.0002208778837792621,0.06614016573161807,-0.11726245362093703,1.0449453933678907,-0.047294589178356716,0.10100200400801607,0.08214951992248143,1.0377971059890627,0.8947368421052635
copper,1.0,7.0,CV,4,0.041276465550778955,0.24032537042648147,1.0526960221271306,-0.7701943480811669,0.10000000000000003,1.4,-6.207593529593329e-05,0.09156780901158473,-0.07488456984778571,1.0526960221271306,-0.047294589178356716,0.09819639278557113,0.0804498381527404,1.0473661053457093,0.9444444444444456
copper,1.0,7.0,CV,5,0.04157389474650051,0.24251092525543402,1.0658346511963905,-0.7619680288699514,0.10000000000000003,1.4,-1.456955952079203e-05,0.08319902389464467,-0.07807898220907494,1.0658346511963905,-0.05290581162324648,0.10100200400801596,0.08260031589865348,1.0598486371449745,0.8000000000000004
copper,1.0,7.0,CV,6,0.04120738472358325,0.24154695563107612,1.0443218149342643,-0.7691597474776483,0.10000000000000003,1.4,5.750503947622697e-05,0.0933530001643884,-0.07322203159370944,1.0443218149342643,-0.05290581162324648,0.09539078156312619,0.08015568121163197,1.0389441039257226,0.8888888888888892
copper,1.0,7.0,CV,7,0.03968207984019771,0.23981036111010415,1.0421418060799563,-0.7437821587150081,0.10000000000000003,1.4,-3.09235558681445e-05,0.07032375805624047,-0.07764598974681308,1.0421418060799563,-0.047294589178356716,0.09539078156312619,0.07971604644231504,1.0395426187052046,0.8888888888888892
copper,1.0,7.0,CV,8,0.040787987409358566,0.24062135034851037,1.035901142411157,-0.7346425373503064,0.10000000000000003,1.4,1.4366345770131517e-05,0.078926786990345,-0.06932062147249901,1.035901142411157,-0.05851703406813624,0.10100200400801596,0.08250563821680809,1.0316298401677986,0.636363636363637
copper,1.0,7.0,CV,9,0.041669176275769104,0.23856897673240962,1.0431897114725943,-0.7663394236439447,0.10000000000000003,1.4,-3.7100558387567596e-05,0.10295917009654926,-0.06486502749114864,1.0431897114725943,-0.047294589178356716,0.09258517034068137,0.07781926509989795,1.0381918404142887,0.9411764705882343
copper,1.0,7.5,CV,0,0.04049358339902404,0.2405445791832697,1.0480564275669768,-0.7673404900541116,0.10000000000000003,1.4,-4.0517038442879316e-06,0.07090909463144354,-0.09907190804580676,1.0480564275669768,-0.05290581162324648,0.09819639278557113,0.08103149444379666,1.043901004897,0.6666666666666666
copper,1.0,7.5,CV,1,0.04033396830283169,0.2398089358245927,1.0623740616753183,-0.7426387389624927,0.10000000000000003,1.4,1.571426659066262e-05,0.07773333765909973,-0.0685153548567051,1.0623740616753183,-0.038877755511022016,0.09258517034068126,0.07801599834943529,1.057928370667171,0.8333333333333326
copper,1.0,7.5,CV,2,0.04115049088788302,0.24087243714859702,1.062720241684166,-0.755622099885956,0.10000000000000003,1.4,-7.856346606565027e-06,0.07096229444527219,-0.06879081889552069,1.062720241684166,-0.04448897795591178,0.09539078156312619,0.0797709749031822,1.0590731539062246,0.8888888888888892
copper,1.0,7.5,CV,3,0.04271173792822482,0.24150997274324185,1.057341820899679,-0.7682796606983785,0.10000000000000003,1.4,-0.0002219788584417421,0.06932528163913382,-0.11783973109708262,1.057341820899679,-0.038877755511022016,0.10100200400801607,0.08240993170244025,1.0501687107793407,0.7999999999999988
copper,1.0,7.5,CV,4,0.041473984251009725,0.24145202761950388,1.0582687759280478,-0.7745648318857323,0.10000000000000003,1.4,-6.23952835731889e-05,0.09392687745925826,-0.07534734318266587,1.0582687759280478,-0.047294589178356716,0.09819639278557113,0.0809249636048762,1.0529367870163124,0.8421052631578941
copper,1.0,7.5,CV,5,0.04177287739921632,0.24367253133834652,1.0598906261412793,-0.7715800738387544,0.10000000000000003,1.4,-1.4655080460745305e-05,0.08468130597039397,-0.0770139938262562,1.0598906261412793,-0.04168336673346695,0.10100200400801607,0.08299736238062022,1.05391667341705,0.8947368421052635
copper,1.0,7.5,CV,6,0.0414045634065928,0.24275004681677467,1.0324292170758496,-0.7787172679531906,0.10000000000000003,1.4,5.777427116253916e-05,0.09381253959250913,-0.07337585496787752,1.0324292170758496,-0.05290581162324648,0.09819639278557113,0.0819039567931189,1.0269169880231006,0.6666666666666666
copper,1.0,7.5,CV,7,0.039871750941885026,0.24103124715306623,1.0615526868816891,-0.7480226411921508,0.10000000000000003,1.4,-3.1089571507130425e-05,0.06983506065554898,-0.07782158793201222,1.0615526868816891,-0.04168336673346695,0.09819639278557113,0.0816156471409993,1.0589469842833492,0.9444444444444456
copper,1.0,7.5,CV,8,0.04098310181035002,0.2417284729056625,1.0578089341900134,-0.7504362170112842,0.10000000000000003,1.4,1.4423247938154803e-05,0.075585517025637,-0.07227967370372054,1.0578089341900134,-0.038877755511022016,0.10100200400801607,0.08296746353381189,1.0534176950511462,0.8947368421052635
copper,1.0,7.5,CV,9,0.04186862790608886,0.23982737204596907,1.0498224784915253,-0.7536052004951715,0.10000000000000003,1.4,-3.729697735722342e-05,0.10229770512722891,-0.0680135258295865,1.0498224784915253,-0.04168336673346695,0.09819639278557113,0.08122523009213978,1.0447397728101917,0.9444444444444456
copper,1.0,8.0,CV,0,0.04068510553772228,0.24171378507113794,1.0450062485041165,-0.7502161892398074,0.10000000000000003,1.4,-4.08390372159724e-06,0.07524871465543759,-0.10223953497737293,1.0450062485041165,-0.04168336673346695,0.09819639278557113,0.0813375253376402,1.0406411387444956,0.8421052631578941
copper,1.0,8.0,CV,1,0.04052474093731958,0.24094818881637026,1.0786076080673583,-0.7392925603575472,0.10000000000000003,1.4,1.5774881731580383e-05,0.07726439493127615,-0.06873909091331121,1.0786076080673583,-0.03607214428857719,0.09819639278557113,0.08120792404212175,1.0738903449363366,0.842105263157898
copper,1.0,8.0,CV,2,0.04134509766544341,0.24205358469830773,1.061600966706204,-0.7555005908527332,0.10000000000000003,1.4,-7.9064119354339e-06,0.07598660882644143,-0.07125359027109338,1.061600966706204,-0.04448897795591178,0.10100200400801607,0.08314099558237482,1.0579385077523582,0.7142857142857151
copper,1.0,8.0,CV,3,0.04291367584963082,0.2425531318976034,1.0725116295567143,-0.7737931080358893,0.10000000000000003,1.4,-0.00022303437831706053,0.0719009431758319,-0.11839317512300845,1.0725116295567143,-0.038877755511022016,0.09819639278557113,0.08120930788781686,1.0651970223234482,0.9444444444444456
copper,1.0,8.0,CV,4,0.041670110055551046,0.24258959464563928,1.059889775348075,-0.7686932861205579,0.10000000000000003,1.4,-6.270144725277105e-05,0.09482248173844582,-0.07560641331794186,1.059889775348075,-0.03326653306613225,0.09539078156312619,0.07990839325386188,1.0546157180200355,0.8888888888888892
copper,1.0,8.0,CV,5,0.04197040671557055,0.244806762141521,1.0672595294095848,-0.7788252657114186,0.10000000000000003,1.4,-1.4737070587269404e-05,0.08476752110130725,-0.07532899442853275,1.0672595294095848,-0.04168336673346695,0.0953907815631263,0.08027359926056932,1.0612705620880516,0.8888888888888872
copper,1.0,8.0,CV,6,0.0416003632318476,0.2439386282447183,1.0399277246058904,-0.7787042068432394,0.10000000000000003,1.4,5.803238736235076e-05,0.0942531064978194,-0.07408528935375303,1.0399277246058904,-0.03607214428857719,0.10100200400801607,0.0834526197799722,1.0341730282766275,0.8000000000000024
copper,1.0,8.0,CV,7,0.04006035314346034,0.24223167171411503,1.0689293946844811,-0.7490918961768315,0.10000000000000003,1.4,-3.124873303239957e-05,0.06867883011155614,-0.07683401641240994,1.0689293946844811,-0.04168336673346695,0.09819639278557113,0.08196388124288037,1.0663388645958847,0.8421052631578941
copper,1.0,8.0,CV,8,0.04117692257943522,0.24282695592025239,1.0729809362697647,-0.7610063817238073,0.10000000000000003,1.4,1.4477800845995897e-05,0.07197415203889676,-0.07462128540820273,1.0729809362697647,-0.038877755511022016,0.09819639278557113,0.08188281393851243,1.0683142662630436,0.9444444444444456
copper,1.0,8.0,CV,9,0.04206660683786014,0.24108705790966217,1.0571441047839445,-0.7436809624493679,0.10000000000000003,1.4,-3.7485286982709655e-05,0.10054987163712004,-0.0701172169056889,1.0571441047839445,-0.04168336673346695,0.09819639278557113,0.08166568997295316,1.0521156779260985,0.8421052631578941
copper,2.0,6.0,CV,0,0.07261012996033728,0.4414897536068426,1.9317269250988862,-1.415705449653371,0.10000000000000003,1.4,-9.754864338243512e-06,0.12013053195329004,-0.16346223708557645,1.9317269250988862,-0.05290581162324648,0.10100200400801607,0.1505663106447275,1.9251677628331725,0.8947368421052635
copper,2.0,6.0,CV,1,0.07231776458185739,0.44024410625746896,1.9273161494304019,-1.3624726899106876,0.10000000000000003,1.4,2.6450266411243776e-05,0.13821662981524713,-0.12810964019214177,1.9273161494304019,-0.064128256513026,0.09819639278557113,0.14891424460582373,1.921595706680124,0.7500000000000014
copper,2.0,6.0,CV,2,0.07381338085068577,0.44196287324126765,1.9465385003308977,-1.415479178818314,0.10000000000000003,1.4,-1.67237905094461e-05,0.12814514205138994,-0.14278132024299206,1.9465385003308977,-0.05290581162324648,0.09819639278557113,0.14860942553880585,1.940639855520838,0.8421052631578941
copper,2.0,6.0,CV,3,0.07667310147072051,0.4438444224707733,1.9188570261168267,-1.4166084212225316,0.10000000000000003,1.4,-0.0004089298581504943,0.1172277092952639,-0.21586433143771566,1.9188570261168267,-0.064128256513026,0.09819639278557113,0.14914026773446606,1.9076057965539446,0.7500000000000014
copper,2.0,6.0,CV,4,0.0744059204149403,0.44342056752945896,1.884113098296253,-1.3712030101569312,0.10000000000000003,1.4,-0.00011662221696480174,0.1566568504429629,-0.13783121189605962,1.884113098296253,-0.064128256513026,0.10380761523046095,0.15335167210625142,1.8753557071599678,0.7619047619047625
copper,2.0,6.0,CV,5,0.07495340001107546,0.4471316582269952,1.9427015185274943,-1.4538639853189428,0.10000000000000003,1.4,-2.9176963447836572e-05,0.1410019604777516,-0.14649069583581165,1.9427015185274943,-0.05290581162324648,0.10100200400801607,0.151885162637278,1.9330353641991507,0.8947368421052635
copper,2.0,6.0,CV,6,0.07427876294715363,0.4452523416865628,1.9509628569747623,-1.3812900155003738,0.10000000000000003,1.4,0.00010349115695897963,0.17184463099345104,-0.1302541362759077,1.9509628569747623,-0.06132264529058118,0.10100200400801601,0.15296306863783446,1.9422683086156742,0.8947368421052625
copper,2.0,6.0,CV,7,0.07147112565548491,0.4419407086251003,1.9240601959668893,-1.3720766905207582,0.10000000000000003,1.4,-5.92798566548165e-05,0.13346410577483664,-0.14723284114050839,1.9240601959668893,-0.06132264529058118,0.10100200400801601,0.15261632992072086,1.9206309509124952,0.8947368421052625
copper,2.0,6.0,CV,8,0.0735067759481811,0.4439101631504475,1.9681715932945216,-1.4155063902116527,0.10000000000000003,1.4,2.408552043189005e-05,0.15606476466026792,-0.1186298323065188,1.9681715932945216,-0.06132264529058118,0.09258517034068142,0.14377876161374306,1.961248460642666,0.8333333333333318
copper,2.0,6.0,CV,9,0.07512878525876966,0.4396237668308052,1.9109685858597543,-1.4206118542632291,0.10000000000000003,1.4,-7.064989999052718e-05,0.18662766541468334,-0.11883151521470364,1.9109685858597543,-0.06132264529058118,0.09819639278557113,0.1483388063816456,1.9029858746320536,0.8421052631578941
copper,2.0,6.5,CV,0,0.07296532039786106,0.4436229959717359,1.9645599923084542,-1.4386253658311479,0.10000000000000003,1.4,-9.823131062519794e-06,0.12309017740610662,-0.17063967293317717,1.9645599923084542,-0.05290581162324648,0.0953907815631263,0.1463914466639215,1.9588656019172148,1.0
copper,2.0,6.5,CV,1,0.072671366000989,0.4423377244294804,1.9294784620204528,-1.373728626482469,0.10000000000000003,1.4,2.6578776127979585e-05,0.14247989094230407,-0.12749547421674207,1.9294784620204528,-0.05010020040080154,0.09819639278557118,0.1497119965320327,1.9237415764885741,0.8421052631578934
copper,2.0,6.5,CV,2,0.07417511100849081,0.4441516204816937,1.9794520690881636,-1.3877010154054716,0.10000000000000003,1.4,-1.6829933646850452e-05,0.1286933097567401,-0.13895769872408503,1.9794520690881636,-0.05290581162324648,0.0953907815631263,0.14688119338171532,1.9734321053309773,1.0
copper,2.0,6.5,CV,3,0.07705037433295028,0.44581703419545465,1.9080955852112949,-1.392945948363917,0.10000000000000003,1.4,-0.0004111676581148756,0.11920874695455158,-0.21703768406750892,1.9080955852112949,-0.047294589178356716,0.10100200400801601,0.1523654931570774,1.8965290334984684,0.7999999999999996
copper,2.0,6.5,CV,4,0.07477087105073282,0.4454617119232339,1.9293206666732239,-1.4118686157700175,0.10000000000000003,1.4,-0.00011727131234167192,0.16321119716904742,-0.13858027073367366,1.9293206666732239,-0.05010020040080154,0.0953907815631263,0.1461770398216265,1.9203520388875266,0.8888888888888872
copper,2.0,6.5,CV,5,0.07532132622199292,0.4493814565166816,1.9755942331238203,-1.447112199303304,0.10000000000000003,1.4,-2.9350790115155498e-05,0.149316318721606,-0.1462925394155946,1.9755942331238203,-0.05290581162324648,0.09819639278557113,0.15020663091901268,1.9660568764406896,0.9444444444444456
copper,2.0,6.5,CV,6,0.07464302247664596,0.44753883301057984,1.9384372221143824,-1.400877100368323,0.10000000000000003,1.4,0.00010403838722555367,0.17277867366575372,-0.13407534951026034,1.9384372221143824,-0.06132264529058118,0.09819639278557113,0.1511388154709053,1.929819900165417,0.6666666666666666
copper,2.0,6.5,CV,7,0.0718201255556797,0.4442684458746136,1.9238636689084458,-1.3742847371063183,0.10000000000000003,1.4,-5.961729383994906e-05,0.13031667216370996,-0.14469181832916234,1.9238636689084458,-0.05290581162324648,0.09819639278557118,0.15066290214627853,1.9204969443156847,0.9444444444444446
copper,2.0,6.5,CV,8,0.07386683969516912,0.4460031868130436,1.9557394886553345,-1.3979666739856038,0.10000000000000003,1.4,2.4201177652637878e-05,0.15217239568449914,-0.12272023758849385,1.9557394886553345,-0.06132264529058118,0.10100200400801601,0.1526827475960067,1.9488362267693802,0.7142857142857142
copper,2.0,6.5,CV,9,0.07549766469604297,0.4419327169416473,1.9178840749392116,-1.4342704841960512,0.10000000000000003,1.4,-7.104913384965075e-05,0.1904470498216687,-0.11395260429965448,1.9178840749392116,-0.05010020040080154,0.09819639278557118,0.149125951036869,1.9102392173893872,0.8421052631578934
copper,2.0,7.0,CV,0,0.07332103830766884,0.4457689305188897,1.9716625291160528,-1.4446133591597308,0.10000000000000003,1.4,-9.8884851522434e-06,0.12791945625421733,-0.17770733078904258,1.9716625291160528,-0.05290581162324648,0.09819639278557113,0.14997005319324896,1.9659398853286403,0.8421052631578941
copper,2.0,7.0,CV,1,0.07302556268868343,0.44444033312936937,1.9513254787037924,-1.3777014818066513,0.10000000000000003,1.4,2.6701802912214648e-05,0.1448576925936188,-0.1273240283783748,1.9513254787037924,-0.05010020040080154,0.10100200400801607,0.15288460675337662,1.9452472774952219,0.9999999999999978
copper,2.0,7.0,CV,2,0.07453708961808403,0.4463423450933201,1.9866316728039366,-1.393935173579216,0.10000000000000003,1.4,-1.693154813324986e-05,0.12691409516721536,-0.1328202006034892,1.9866316728039366,-0.05290581162324648,0.09819639278557113,0.15044272512389212,1.9808031369962866,0.8421052631578941
copper,2.0,7.0,CV,3,0.07742723250956973,0.4477736411504324,1.9438954567325535,-1.406283353667099,0.10000000000000003,1.4,-0.00041330998120429923,0.12308284240882766,-0.21816097500988613,1.9438954567325535,-0.047294589178356716,0.10100200400801607,0.1529552933054736,1.932279103628376,0.8947368421052635
copper,2.0,7.0,CV,4,0.07513593273498036,0.4475256207963711,1.958313853931713,-1.436802295534895,0.10000000000000003,1.4,-0.000117892713733772,0.17041448872246312,-0.13929737059456349,1.958313853931713,-0.047294589178356716,0.09819639278557113,0.1497507714317942,1.949666961408847,0.9444444444444456
copper,2.0,7.0,CV,5,0.07568923652693754,0.4515832481245369,1.9827538724320486,-1.4214715042301649,0.10000000000000003,1.4,-2.9517200379201176e-05,0.15484826886067682,-0.14530721508926264,1.9827538724320486,-0.05290581162324648,0.10100200400801596,0.15376700118820158,1.973032268331617,0.8000000000000004
copper,2.0,7.0,CV,6,0.07500742254099556,0.4497970299628598,1.942733813706098,-1.4348664998054101,0.10000000000000003,1.4,0.0001045622696341571,0.1736728649318322,-0.1362839370995772,1.942733813706098,-0.05290581162324648,0.09539078156312619,0.1491951103143875,1.9339219167331982,0.8888888888888892
copper,2.0,7.0,CV,7,0.07216991705058583,0.4465653740120432,1.9386799785622486,-1.3876680318499384,0.10000000000000003,1.4,-5.9940334095756444e-05,0.13087387365705405,-0.14451377081053474,1.9386799785622486,-0.047294589178356716,0.09539078156312619,0.1483996162887087,1.935271265044261,0.8888888888888892
copper,2.0,7.0,CV,8,0.07422722299221139,0.44807307098383575,1.9270330184013293,-1.3706383549016534,0.10000000000000003,1.4,2.431190029917038e-05,0.14688782873490563,-0.12901529729919758,1.9270330184013293,-0.05851703406813624,0.10100200400801596,0.1535752677372971,1.9203467617990246,0.636363636363637
copper,2.0,7.0,CV,9,0.07586648755745562,0.4442570160462117,1.9406293837843969,-1.4296319017023766,0.10000000000000003,1.4,-7.143133419288718e-05,0.1916092698320213,-0.1207358022315651,1.9406293837843969,-0.047294589178356716,0.09258517034068137,0.14490039753426318,1.9330931735247423,0.9411764705882343
copper,2.0,7.5,CV,0,0.07367988958621202,0.44793843781015596,1.9496602384391166,-1.4314871739241182,0.10000000000000003,1.4,-9.951029269554067e-06,0.13195462444747097,-0.18436141604999634,1.9496602384391166,-0.05290581162324648,0.09819639278557113,0.1508852988784932,1.9437247620957345,0.6666666666666666
copper,2.0,7.5,CV,1,0.07338295815176478,0.4465618712259796,1.9763138258263642,-1.3855484554804023,0.10000000000000003,1.4,2.6819540021830386e-05,0.14468212249962925,-0.12752152878579642,1.9763138258263642,-0.038877755511022016,0.09258517034068126,0.14530538296370393,1.9702168071330972,0.8333333333333326
copper,2.0,7.5,CV,2,0.07490193241060117,0.44854560087308337,1.9769749435174917,-1.4096994217516123,0.10000000000000003,1.4,-1.70287935907998e-05,0.13207047875808253,-0.1280349706073085,1.9769749435174917,-0.04448897795591178,0.09539078156312619,0.14848994955524392,1.9714840168304424,0.8888888888888892
copper,2.0,7.5,CV,3,0.0778063151054345,0.44973021405783814,1.9669523649893903,-1.4332388820161344,0.10000000000000003,1.4,-0.00041536019270889374,0.1290093379932366,-0.21923596879790946,1.9669523649893903,-0.038877755511022016,0.10100200400801607,0.15343652003410826,1.9552497995871543,0.7999999999999988
copper,2.0,7.5,CV,4,0.07550372604189794,0.4496252121398094,1.9686907242259866,-1.4449404603354428,0.10000000000000003,1.4,-0.00011848739727583158,0.17480726421737636,-0.14024589753609445,1.9686907242259866,-0.047294589178356716,0.09819639278557113,0.15065514578470443,1.960240871531468,0.8421052631578941
copper,2.0,7.5,CV,5,0.07605975597490935,0.453747856709693,1.9717062066229494,-1.4393786296428839,0.10000000000000003,1.4,-2.9676455647238627e-05,0.15760840247081287,-0.14332415949161342,1.9717062066229494,-0.04168336673346695,0.10100200400801607,0.15451436942241045,1.9620864529296784,0.8947368421052635
copper,2.0,7.5,CV,6,0.07537458267510501,0.45203880750734426,1.9205889905544697,-1.4526632863646451,0.10000000000000003,1.4,0.00010506362713082815,0.1745286094411797,-0.13657038475777994,1.9205889905544697,-0.05290581162324648,0.09819639278557113,0.152454772877504,1.9115839651790079,0.6666666666666666
copper,2.0,7.5,CV,7,0.07252309672708523,0.44884024774453884,1.9747981327099007,-1.3955641109548045,0.10000000000000003,1.4,-6.024948487332696e-05,0.12996390741437702,-0.14484076705682736,1.9747981327099007,-0.04168336673346695,0.09819639278557113,0.1519320609734618,1.971338908120854,0.9444444444444456
copper,2.0,7.5,CV,8,0.07459053906443057,0.4501363238882288,1.9678213342952837,-1.4000322929324363,0.10000000000000003,1.4,2.4417862301288757e-05,0.14066617708742055,-0.134525275644174,1.9678213342952837,-0.038877755511022016,0.10100200400801607,0.1544301742731826,1.9608626238212148,0.8947368421052635
copper,2.0,7.5,CV,9,0.07623788032550621,0.44660165953706116,1.9529764649181578,-1.405919923131258,0.10000000000000003,1.4,-7.179710140355282e-05,0.19037760873492593,-0.12659854033563306,1.9529764649181578,-0.04168336673346695,0.09819639278557113,0.15120929169758268,1.944945149311866,0.9444444444444456
copper,2.0,8.0,CV,0,0.07403651595888332,0.4501171930723956,1.9440297365806576,-1.3996005846086639,0.10000000000000003,1.4,-1.001099355304038e-05,0.14004920607519744,-0.19025981183661828,1.9440297365806576,-0.04168336673346695,0.09819639278557113,0.1514230620500549,1.9373749359765906,0.8421052631578941
copper,2.0,8.0,CV,1,0.07373818875877798,0.4486849069938157,2.006533705291962,-1.3792977913677524,0.10000000000000003,1.4,2.6932420684653097e-05,0.14377761315729298,-0.12793817247455366,2.006533705291962,-0.03607214428857719,0.09819639278557113,0.15123474497649209,1.99976286697254,0.842105263157898
copper,2.0,8.0,CV,2,0.0752643031579296,0.4507465714903548,1.9748908081665806,-1.409473182563435,0.10000000000000003,1.4,-1.7122027845832248e-05,0.1414261305676383,-0.13261387706605915,1.9748908081665806,-0.04448897795591178,0.10100200400801607,0.15476361105392528,1.96938533837847,0.7142857142857151
copper,2.0,8.0,CV,3,0.0781823382894976,0.451674499719907,1.9951996308574276,-1.4435053328776735,0.10000000000000003,1.4,-0.0004173258366279665,0.1338054346752836,-0.22026662100024746,1.9951996308574276,-0.038877755511022016,0.09819639278557113,0.1512137152537388,1.9833549906657875,0.9444444444444456
copper,2.0,8.0,CV,4,0.07586892560014487,0.45174511590750865,1.9716990327635262,-1.4340072732398634,0.10000000000000003,1.4,-0.00011905755117732051,0.17647498489236557,-0.14064159798019146,1.9716990327635262,-0.03326653306613225,0.09539078156312619,0.14876173896409525,1.96334307976444,0.8888888888888892
copper,2.0,8.0,CV,5,0.07642756922573078,0.45586155998984473,1.985427644653979,-1.4528632628347913,0.10000000000000003,1.4,-2.9829141918141124e-05,0.15776897642804755,-0.1401866163366275,1.985427644653979,-0.04168336673346695,0.0953907815631263,0.1494338391137087,1.9756647070465525,0.8888888888888872
copper,2.0,8.0,CV,6,0.07573917517779828,0.45425361227688166,1.9345772928138738,-1.4526390045302793,0.10000000000000003,1.4,0.00010554430452065047,0.17534905600842862,-0.137886567213501,1.9345772928138738,-0.03607214428857719,0.10100200400801607,0.15535588360448904,1.9253071307722214,0.8000000000000024
copper,2.0,8.0,CV,7,0.07287428544123019,0.45107707798740715,1.9885341047502967,-1.3975535245944446,0.10000000000000003,1.4,-6.054588373005287e-05,0.12781096161823174,-0.14300187326829938,1.9885341047502967,-0.04168336673346695,0.09819639278557113,0.15258988426071057,1.9851969472358395,0.8421052631578941
copper,2.0,8.0,CV,8,0.07495144606596349,0.4521835239081291,1.996072684868995,-1.4197146891740398,0.10000000000000003,1.4,2.451945355889776e-05,0.1339416039398523,-0.13888554854292068,1.996072684868995,-0.038877755511022016,0.09819639278557113,0.152458266392766,1.9890687183599045,0.9444444444444456
copper,2.0,8.0,CV,9,0.07660653087350329,0.44894872304441125,1.9666098613098624,-1.387485059006198,0.10000000000000003,1.4,-7.214778136600075e-05,0.18712307388271188,-0.13051578548499476,1.9666098613098624,-0.04168336673346695,0.09819639278557113,0.15206453844885967,1.9590366782166142,0.8421052631578941
copper,5.0,6.0,CV,0,0.14826655417548582,0.9145445667721109,3.9990814486404522,-2.935821607288143,0.10000000000000003,1.4,-2.319740703695329e-05,0.24879114117376955,-0.33845450068670024,3.9990814486404522,-0.05290581162324648,0.10100200400801607,0.3118933614563116,3.987801307412387,0.8947368421052635
copper,5.0,6.0,CV,1,0.14766129187962004,0.9119557859422086,3.989968756481181,-2.8256350811788016,0.10000000000000003,1.4,5.175538208429095e-05,0.2862335976916799,-0.2652968772328764,3.989968756481181,-0.064128256513026,0.09819639278557113,0.30843260645822834,3.98004314250203,0.7500000000000014
copper,5.0,6.0,CV,2,0.150757554991593,0.915520632337076,4.029744751104403,-2.935370472348661,0.10000000000000003,1.4,-3.762465651509669e-05,0.26538319230399154,-0.2956740046688031,4.029744751104403,-0.05290581162324648,0.09819639278557113,0.3078268618985914,4.019707862349018,0.8421052631578941
copper,5.0,6.0,CV,3,0.15667782187482115,0.9194141109890752,3.9724564627054715,-2.9376904293581667,0.10000000000000003,1.4,-0.0008495797046373356,0.24267372819967725,-0.4469116388034208,3.9724564627054715,-0.064128256513026,0.09819639278557113,0.3088860903533308,3.950933871109148,0.7500000000000014
copper,5.0,6.0,CV,4,0.1519842455762194,0.9185401142940208,3.900528693318364,-2.84363930789272,0.10000000000000003,1.4,-0.0002444369379970095,0.32436895136895527,-0.2853299459464545,3.900528693318364,-0.064128256513026,0.10380761523046095,0.3176124450351298,3.8842109030489107,0.7619047619047625
copper,5.0,6.0,CV,5,0.1531176518605727,0.9262128539258386,4.021801333085491,-3.0148496818150132,0.10000000000000003,1.4,-6.340553413711128e-05,0.2919834507244754,-0.30334404584117547,4.021801333085491,-0.05290581162324648,0.10100200400801607,0.3146050929788649,4.003904964945391,0.8947368421052635
copper,5.0,6.0,CV,6,0.151721000929096,0.9223309822786603,4.038933283075637,-2.864601229167589,0.10000000000000003,1.4,0.00021124740720338531,0.3557689167712205,-0.2697368996647208,4.038933283075637,-0.06132264529058118,0.10100200400801601,0.3167871193918691,4.022556669048203,0.8947368421052625
copper,5.0,6.0,CV,7,0.14590855828643637,0.9154737906107404,3.9832387051088936,-2.8454749959458074,0.10000000000000003,1.4,-0.00012572531478074537,0.27638999746784,-0.3048914643333456,3.9832387051088936,-0.06132264529058118,0.10100200400801601,0.31606570510543736,3.9777269435844005,0.8947368421052625
copper,5.0,6.0,CV,8,0.1501228136683263,0.919549777129289,4.074559249829983,-2.93543747997856,0.10000000000000003,1.4,4.685982438164987e-05,0.3231784604390694,-0.24566883287098573,4.074559249829983,-0.06132264529058118,0.09258517034068142,0.2977723343732243,4.061885565957381,0.8333333333333318
copper,5.0,6.0,CV,9,0.1534807388930808,0.9106783989110319,3.9561361185057082,-2.9459958205247765,0.10000000000000003,1.4,-0.00014926386975345284,0.3864518865324946,-0.2460683580577364,3.9561361185057082,-0.06132264529058118,0.09819639278557113,0.3072810792343796,3.9419319984655585,0.8421052631578941
copper,5.0,6.5,CV,0,0.1490023060076272,0.9189653903641073,4.06709279490774,-2.9832985685578297,0.10000000000000003,1.4,-2.3338815502097613e-05,0.2548693158684669,-0.3533220351768054,4.06709279490774,-0.05290581162324648,0.0953907815631263,0.3031451591635607,4.056557664503894,1.0
copper,5.0,6.5,CV,1,0.14839375220108317,0.9162945715430525,3.9944542459310295,-2.848952996666734,0.10000000000000003,1.4,5.202157856570189e-05,0.29505894143573896,-0.26402466994093315,3.9944542459310295,-0.05010020040080154,0.09819639278557118,0.31008343953130996,3.984478494123056,0.8421052631578934
copper,5.0,6.5,CV,2,0.15150685327432575,0.9200563594316907,4.097922849188516,-2.877829983028349,0.10000000000000003,1.4,-3.7844522610989334e-05,0.26651867798798734,-0.28775363908932716,4.097922849188516,-0.05290581162324648,0.0953907815631263,0.3042937711289396,4.0881260296992075,1.0
copper,5.0,6.5,CV,3,0.1574593154913744,0.923502402849502,3.950165862784257,-2.888731575594986,0.10000000000000003,1.4,-0.0008542151088055998,0.24683954445473738,-0.44934213471796086,3.950165862784257,-0.047294589178356716,0.10100200400801601,0.31559715018567275,3.928301239613541,0.7999999999999996
copper,5.0,6.5,CV,4,0.1527402147934971,0.9227702829865925,3.9941275729496657,-2.9278751980249798,0.10000000000000003,1.4,-0.0002457814815055607,0.3379671163121094,-0.2868815548987367,3.9941275729496657,-0.05010020040080154,0.0953907815631263,0.30274152213086153,3.97723580144233,0.8888888888888872
copper,5.0,6.5,CV,5,0.15387978471783464,0.9308749771653027,4.089936233624655,-3.000863829392699,0.10000000000000003,1.4,-6.376560066274803e-05,0.3092060428578822,-0.302933570586432,4.089936233624655,-0.05290581162324648,0.09819639278557113,0.3110955189075509,4.07197147857187,0.9444444444444456
copper,5.0,6.5,CV,6,0.15247553858096324,0.9270690652588683,4.012987318370429,-2.9050955019968017,0.10000000000000003,1.4,0.00021238094616980396,0.3577037033318793,-0.2776522642031177,4.012987318370429,-0.06132264529058118,0.09819639278557113,0.3129891760983273,3.9965587919513554,0.6666666666666666
copper,5.0,6.5,CV,7,0.14663148696950484,0.9202972503526985,3.982841962870685,-2.850102867267615,0.10000000000000003,1.4,-0.00012642428598433065,0.2698499276691374,-0.29962791009275036,3.982841962870685,-0.05290581162324648,0.09819639278557118,0.31202195995629517,3.9774667218848334,0.9444444444444446
copper,5.0,6.5,CV,8,0.15086866012883632,0.923887342940779,4.048807024683305,-2.8991052037672214,0.10000000000000003,1.4,4.7099398057436626e-05,0.31511568863024386,-0.25412605723434534,4.048807024683305,-0.06132264529058118,0.10100200400801601,0.31627719578833646,4.036826739412798,0.7142857142857142
copper,5.0,6.5,CV,9,0.15424484627420262,0.9154629597269189,3.9704511744753397,-2.9742886894098595,0.10000000000000003,1.4,-0.00015009084728681213,0.3943634581912787,-0.23596203573615337,3.9704511744753397,-0.05010020040080154,0.09819639278557118,0.30887665507943646,3.9565913224772875,0.8421052631578934
copper,5.0,7.0,CV,0,0.14973914993609033,0.9234125213878608,4.081805203299316,-2.9957022808053226,0.10000000000000003,1.4,-2.3474193575241288e-05,0.2648728323397386,-0.3679622001693774,4.081805203299316,-0.05290581162324648,0.09819639278557113,0.3105563220979573,4.071224410094867,0.8421052631578941
copper,5.0,7.0,CV,1,0.14912744498599279,0.9206520041286467,4.039708787727385,-2.857170775823324,0.10000000000000003,1.4,5.227642304544547e-05,0.2999843965532625,-0.2636695415257173,4.039708787727385,-0.05010020040080154,0.10100200400801607,0.316623236083204,4.0287172686344555,0.9999999999999978
copper,5.0,7.0,CV,2,0.15225666596231213,0.9245962135925965,4.112794898232663,-2.89078584641964,0.10000000000000003,1.4,-3.8055012473680564e-05,0.2628331688093283,-0.27504026007483606,4.112794898232663,-0.05290581162324648,0.09819639278557113,0.31165509420639603,4.1032192517386346,0.8421052631578941
copper,5.0,7.0,CV,3,0.15823995053679438,0.927557594799779,4.024322746233629,-2.916308032293231,0.10000000000000003,1.4,-0.0008586528352450973,0.2548644655760839,-0.4516689816528826,4.024322746233629,-0.047294589178356716,0.10100200400801607,0.3168189669876008,4.00235496170883,0.8947368421052635
copper,5.0,7.0,CV,4,0.15349641393270355,0.9270476103571541,4.054172264679461,-2.9795235453563795,0.10000000000000003,1.4,-0.0002470686866899122,0.3528882331962113,-0.2883669951799635,4.054172264679461,-0.047294589178356716,0.09819639278557113,0.31016333967881937,4.038158611521275,0.9444444444444456
copper,5.0,7.0,CV,5,0.15464188464737755,0.9354377517126286,4.104766927291714,-2.947750975778087,0.10000000000000003,1.4,-6.411031208009088e-05,0.32066509292492307,-0.30089255404055415,4.104766927291714,-0.05290581162324648,0.10100200400801596,0.3184964698409589,4.0866914368455145,0.8000000000000004
copper,5.0,7.0,CV,6,0.15323036720414968,0.9317486071818474,4.021915868006627,-2.9755021266210884,0.10000000000000003,1.4,0.00021346614514251017,0.35955598053648785,-0.28222720412744273,4.021915868006627,-0.05290581162324648,0.09539078156312619,0.3089961885702183,4.005409072732185,0.8888888888888892
copper,5.0,7.0,CV,7,0.14735605459462683,0.9250569642737173,4.013525463449839,-2.877803909676491,0.10000000000000003,1.4,-0.00012709344942251404,0.27100414119036553,-0.29926492127229054,4.013525463449839,-0.047294589178356716,0.09539078156312619,0.3073741970601189,4.008465270071968,0.8888888888888892
copper,5.0,7.0,CV,8,0.1516151681982422,0.9281770391803521,3.9893667885500137,-2.8425143898062,0.10000000000000003,1.4,4.732875506637302e-05,0.3041690967723173,-0.26716583278384265,3.9893667885500137,-0.05851703406813624,0.10100200400801596,0.31812489383839665,3.9778262545055867,0.636363636363637
copper,5.0,7.0,CV,9,0.15500883652364428,0.9202793299727475,4.017561196848853,-2.9646802080661767,0.10000000000000003,1.4,-0.00015088255819948476,0.3967709292198274,-0.25003673805938487,4.017561196848853,-0.047294589178356716,0.09258517034068137,0.30010400934548775,4.003704526143398,0.9411764705882343
copper,5.0,7.5,CV,0,0.15048248390513289,0.9279084879869692,4.036229057886069,-2.9685123565947054,0.10000000000000003,1.4,-2.360375382517152e-05,0.27323142202170614,-0.3817457060025492,4.036229057886069,-0.05290581162324648,0.09819639278557113,0.3124479096531897,4.025165326559788,0.6666666666666666
copper,5.0,7.5,CV,1,0.1498677632307243,0.9250486624386943,4.091431565718785,-2.873425227993278,0.10000000000000003,1.4,5.2520315676817726e-05,0.2996207388448541,-0.2640786741645505,4.091431565718785,-0.038877755511022016,0.09258517034068126,0.3009253385491803,4.080358226130629,0.8333333333333326
copper,5.0,7.5,CV,2,0.15301241136317742,0.9291620464757363,4.092821539188903,-2.923421223783559,0.10000000000000003,1.4,-3.8256456611457575e-05,0.27349227673915766,-0.2651428645688747,4.092821539188903,-0.04448897795591178,0.09539078156312619,0.3075445172532117,4.083264996106516,0.8888888888888892
copper,5.0,7.5,CV,3,0.15902519371554832,0.9316127525809098,4.072051052739865,-2.9721445084943694,0.10000000000000003,1.4,-0.0008628998520128727,0.2671352969841605,-0.45389583319125165,4.072051052739865,-0.038877755511022016,0.10100200400801607,0.31782430688203883,4.049984527744997,0.7999999999999988
copper,5.0,7.5,CV,4,0.1542582713293821,0.9313988425379607,4.075667233144073,-2.9963812004619155,0.10000000000000003,1.4,-0.00024830057470194675,0.36198758785759333,-0.2904396947540293,4.075667233144073,-0.047294589178356716,0.09819639278557113,0.3120212090231295,4.0599049953642785,0.8421052631578941
copper,5.0,7.5,CV,5,0.15540938925008457,0.9399235878228278,4.081907978594815,-2.984855287361012,0.10000000000000003,1.4,-6.444020965026553e-05,0.3263825400860685,-0.2967848286028686,4.081907978594815,-0.04168336673346695,0.10100200400801607,0.320017785453409,4.063777814177765,0.8947368421052635
copper,5.0,7.5,CV,6,0.15399091298223322,0.9363941946143608,3.976044466319277,-3.0123669289740107,0.10000000000000003,1.4,0.00021450470808601147,0.36132865680524595,-0.2828205822715544,3.976044466319277,-0.05290581162324648,0.09819639278557113,0.3157137610011279,3.9587956413283534,0.6666666666666666
copper,5.0,7.5,CV,7,0.1480876398299772,0.9297710593183824,4.088309021626619,-2.8941600838340884,0.10000000000000003,1.4,-0.0001277338558065247,0.26911923848480757,-0.2999422958885427,4.088309021626619,-0.04168336673346695,0.09819639278557113,0.3146655312756165,4.082886706280555,0.9444444444444456
copper,5.0,7.5,CV,8,0.15236775099530273,0.9324530442429413,4.073850031681766,-2.903383211492816,0.10000000000000003,1.4,4.754825554168335e-05,0.2912814189446912,-0.2785793829920806,4.073850031681766,-0.038877755511022016,0.10100200400801607,0.31989757053897144,4.061763954670595,0.8947368421052635
copper,5.0,7.5,CV,9,0.1557781502104434,0.9251378544632487,4.043132833505507,-2.9155625669462015,0.10000000000000003,1.4,-0.00015164024562505852,0.39421967136988223,-0.2621810024781972,4.043132833505507,-0.04168336673346695,0.09819639278557113,0.31322478884249577,4.028811044904085,0.9444444444444456
copper,5.0,8.0,CV,0,0.15122120864785601,0.9324236219306143,4.024626951843509,-2.9024616138908743,0.10000000000000003,1.4,-2.3727972877235825e-05,0.29001605764664196,-0.39396388113944325,4.024626951843509,-0.04168336673346695,0.09819639278557113,0.31363032144449715,4.01276789117136,0.8421052631578941
copper,5.0,8.0,CV,1,0.15060359657415315,0.9294484457077812,4.154019816011757,-2.8604527545627976,0.10000000000000003,1.4,5.275415369033526e-05,0.29770820390893193,-0.264941761230572,4.154019816011757,-0.03607214428857719,0.09819639278557113,0.3132891618902056,4.142418468146524,0.842105263157898
copper,5.0,8.0,CV,2,0.15376303586911194,0.9337231719820511,4.088504441260595,-2.9229526090939153,0.10000000000000003,1.4,-3.844959609561102e-05,0.29287188088297955,-0.27461911222012303,4.088504441260595,-0.04448897795591178,0.10100200400801607,0.32053652697591284,4.078909161043411,0.7142857142857151
copper,5.0,8.0,CV,3,0.15980409993604638,0.9356424961877206,4.130563291010507,-2.9934107675115156,0.10000000000000003,1.4,-0.0008669717830046342,0.27707011500258627,-0.4560308814590006,4.130563291010507,-0.038877755511022016,0.09819639278557113,0.3132197070758418,4.108192006526181,0.9444444444444456
copper,5.0,8.0,CV,4,0.15501475586049054,0.9357921474124359,4.08188617135357,-2.973733929144542,0.10000000000000003,1.4,-0.00024948167740270513,0.365442206477152,-0.29122462566454094,4.08188617135357,-0.03326653306613225,0.09539078156312619,0.308075632749326,4.066057960099889,0.8888888888888892
copper,5.0,8.0,CV,5,0.15617128817781586,0.9443040636283692,4.110330997076719,-3.0127797704631676,0.10000000000000003,1.4,-6.475650699815979e-05,0.32671520161278944,-0.2902856841810758,4.110330997076719,-0.04168336673346695,0.0953907815631263,0.30951493438701794,4.0920912734488954,0.8888888888888872
copper,5.0,8.0,CV,6,0.1547461399669984,0.9409839664257962,4.005052007809492,-3.0123166791774283,0.10000000000000003,1.4,0.00021550045565843024,0.3630282534472672,-0.28554095311748906,4.005052007809492,-0.03607214428857719,0.10100200400801607,0.32176732636527955,3.987712849208769,0.8000000000000024
copper,5.0,8.0,CV,7,0.14881510018749747,0.934406421258552,4.11676214804547,-2.898279007503777,0.10000000000000003,1.4,-0.00012834786105890827,0.26465960881939526,-0.29613319913478664,4.11676214804547,-0.04168336673346695,0.09819639278557113,0.3160856228530954,4.112175599443596,0.8421052631578941
copper,5.0,8.0,CV,8,0.1531153432776432,0.9366958399215859,4.132370731627214,-2.9441539149874343,0.10000000000000003,1.4,4.775870698018536e-05,0.27735199262492094,-0.287611414654697,4.132370731627214,-0.038877755511022016,0.09819639278557113,0.3158172733442862,4.120235053072599,0.9444444444444456
copper,5.0,8.0,CV,9,0.15654178364170596,0.9300014129377756,4.071373469269843,-2.8774316824662898,0.10000000000000003,1.4,-0.00015236669693876118,0.3874781990796532,-0.2702953299113877,4.071373469269843,-0.04168336673346695,0.09819639278557113,0.31494066069742366,4.057433103100907,0.8421052631578941
copper,10.0,6.0,CV,0,0.22952715796212672,1.422640847141059,6.219573344296206,-4.56853896178475,0.10000000000000003,1.4,-3.7635693639271775e-05,0.38698216589206225,-0.5264091541842034,6.219573344296206,-0.05290581162324648,0.10100200400801607,0.48510512294792946,6.202574601826784,0.8947368421052635
copper,10.0,6.0,CV,1,0.2285858211994391,1.4186094467358248,6.205410445535719,-4.397179871800109,0.10000000000000003,1.4,7.893495077015397e-05,0.4452147854108117,-0.41264613183218396,6.205410445535719,-0.064128256513026,0.09819639278557113,0.47976252627577154,6.19092114827568,0.7500000000000014
copper,10.0,6.0,CV,2,0.2334012975873822,1.424157114933593,6.267262576009276,-4.567846306140515,0.10000000000000003,1.4,-6.0073734817462756e-05,0.4127870240567859,-0.4598920731261562,6.267262576009276,-0.05290581162324648,0.09819639278557113,0.47882520976235265,6.2526487972763345,0.8421052631578941
copper,10.0,6.0,CV,3,0.24260881786441074,1.4302115539811358,6.1781743760784575,-4.571445178837181,0.10000000000000003,1.4,-0.0013228702804935727,0.37741204480071366,-0.6950735615295482,6.1781743760784575,-0.064128256513026,0.09819639278557113,0.48048759425555426,6.145850316233869,0.7500000000000014
copper,10.0,6.0,CV,4,0.23530911334203763,1.428854070589179,6.0663084064902595,-4.425144961016344,0.10000000000000003,1.4,-0.000381719416142713,0.5045041708820579,-0.44375451214873024,6.0663084064902595,-0.064128256513026,0.10380761523046095,0.49407767862581753,6.0422265775647865,0.7619047619047625
copper,10.0,6.0,CV,5,0.23707184829151412,1.4407819157408743,6.254908541314448,-4.6914639484219025,0.10000000000000003,1.4,-0.00010016955450707482,0.454148755063549,-0.47181616251360325,6.254908541314448,-0.05290581162324648,0.10100200400801607,0.4893274593549028,6.227668441328367,0.8947368421052635
copper,10.0,6.0,CV,6,0.23489970098377472,1.4347491494987203,6.28156818518398,-4.457787347550894,0.10000000000000003,1.4,0.00032698560191033853,0.5533172237177133,-0.41955171960085336,6.28156818518398,-0.06132264529058118,0.10100200400801601,0.49275675880784514,6.257044162432971,0.8947368421052625
copper,10.0,6.0,CV,7,0.22585987481597677,1.4240837685846717,6.194948955668822,-4.428013916587526,0.10000000000000003,1.4,-0.00019709265869377902,0.4299029922492139,-0.4742285040589851,6.194948955668822,-0.06132264529058118,0.10100200400801601,0.4916604152165926,6.187576387969185,0.8947368421052625
copper,10.0,6.0,CV,8,0.2324141134418156,1.4304223253716768,6.336975621664365,-4.567956057876348,0.10000000000000003,1.4,7.132111380916628e-05,0.502670948497782,-0.3821181297735614,6.336975621664365,-0.06132264529058118,0.09258517034068142,0.4632282970959116,6.3187244212251095,0.8333333333333318
copper,10.0,6.0,CV,9,0.23763654094474834,1.4166263395444507,6.152797542458767,-4.5843711916945855,0.10000000000000003,1.4,-0.0002337010965358555,0.6010779018071803,-0.38273015222247575,6.152797542458767,-0.06132264529058118,0.09819639278557113,0.4779827462183952,6.1317675017090485,0.8421052631578941
copper,10.0,6.5,CV,0,0.23067166092182034,1.4295187005957248,6.325368768069935,-4.642392008523524,0.10000000000000003,1.4,-3.7855661752014266e-05,0.3964098719947057,-0.549536424253295,6.325368768069935,-0.05290581162324648,0.0953907815631263,0.47152683151857766,6.309808070083972,1.0
copper,10.0,6.5,CV,1,0.22972520404562868,1.425359706653252,6.212391199020166,-4.433453246123908,0.10000000000000003,1.4,7.934903303584651e-05,0.45894014381757664,-0.4106671394224717,6.212391199020166,-0.05010020040080154,0.09819639278557118,0.48230888139596756,6.197604258717604,0.8421052631578934
copper,10.0,6.5,CV,2,0.2345668727450374,1.431213670374558,6.373317390777781,-4.478338874178848,0.10000000000000003,1.4,-6.0415747794694524e-05,0.4145533327548827,-0.4475715009631056,6.373317390777781,-0.05290581162324648,0.0953907815631263,0.47335254771363144,6.359317266505443,1.0
copper,10.0,6.5,CV,3,0.24382447451338543,1.4365722413481525,6.1435006053626235,-4.495316138176503,0.10000000000000003,1.4,-0.001330080889177118,0.38392447510308536,-0.6988543224536314,6.1435006053626235,-0.047294589178356716,0.10100200400801601,0.49092004106823806,6.110575090626026,0.7999999999999996
copper,10.0,6.5,CV,4,0.23648506548016976,1.4354354117944055,6.211883138950287,-4.55617856415068,0.10000000000000003,1.4,-0.00038381092245936665,0.5256679183546575,-0.4461681193723228,6.211883138950287,-0.05010020040080154,0.0953907815631263,0.47095233722322427,6.186994620360097,0.8888888888888872
copper,10.0,6.5,CV,5,0.2382573882874424,1.4480350527966204,6.360896160088513,-4.669708172822049,0.10000000000000003,1.4,-0.00010072965643608856,0.4809394502635116,-0.4711776411032572,6.360896160088513,-0.05290581162324648,0.09819639278557113,0.4838858717906561,6.333714468700625,0.9444444444444456
copper,10.0,6.5,CV,6,0.2360734262485632,1.4421204216047503,6.2412077921269224,-4.5207374889310925,0.10000000000000003,1.4,0.0003287488798506653,0.5563268833436438,-0.43186450591026126,6.2412077921269224,-0.06132264529058118,0.09819639278557113,0.4868276993368213,6.21638178528516,0.6666666666666666
copper,10.0,6.5,CV,7,0.22698443071028,1.4315878171716476,6.194337167496792,-4.4352408589223415,0.10000000000000003,1.4,-0.00019817994421348373,0.4197189798786707,-0.4660407493943812,6.194337167496792,-0.05290581162324648,0.09819639278557118,0.4853608305319732,6.187082543217502,0.9444444444444446
copper,10.0,6.5,CV,8,0.23357431911314555,1.437170693940987,6.29691660041705,-4.5114391801993285,0.10000000000000003,1.4,7.169378293666478e-05,0.49012885512752524,-0.39526564129840813,6.29691660041705,-0.06132264529058118,0.10100200400801601,0.4919550489972624,6.279139636070846,0.7142857142857142
copper,10.0,6.5,CV,9,0.23882515241370733,1.4240698876480884,6.175060281384513,-4.628382317232099,0.10000000000000003,1.4,-0.00023498750246006052,0.6133847856993788,-0.36700920283461547,6.175060281384513,-0.05010020040080154,0.09819639278557118,0.48042508608469325,6.1541619302352135,0.8421052631578934
copper,10.0,7.0,CV,0,0.2318178624258764,1.4364374852722375,6.348254742236893,-4.661686678128365,0.10000000000000003,1.4,-3.806625077031076e-05,0.41197090295011285,-0.5723100228371444,6.348254742236893,-0.05290581162324648,0.09819639278557113,0.48305345519778425,6.332614649419688,0.8421052631578941
copper,10.0,7.0,CV,1,0.23086650374976955,1.432138985310542,6.2827871566786495,-4.446230387915305,0.10000000000000003,1.4,7.974545948484038e-05,0.46660196747287963,-0.4101147223136037,6.2827871566786495,-0.05010020040080154,0.10100200400801607,0.49252894148872184,6.266897458923781,0.9999999999999978
copper,10.0,7.0,CV,2,0.2357332479616682,1.4382766618264624,6.396451695915368,-4.498514346877871,0.10000000000000003,1.4,-6.074317787636621e-05,0.408820321980486,-0.4277951387662826,6.396451695915368,-0.05290581162324648,0.09819639278557113,0.48476341324950334,6.382385909730884,0.8421052631578941
copper,10.0,7.0,CV,3,0.24503879582529492,1.4428814673806474,6.258855760882933,-4.538186390817594,0.10000000000000003,1.4,-0.0013369840488444747,0.39640769045943325,-0.7024738776768416,6.258855760882933,-0.047294589178356716,0.10100200400801607,0.49282069057210776,6.22576977223969,0.8947368421052635
copper,10.0,7.0,CV,4,0.23766137521914701,1.4420901128475567,6.3052794465937065,-4.636520443312788,0.10000000000000003,1.4,-0.0003858132502353958,0.548878551334681,-0.44847881417909663,6.3052794465937065,-0.047294589178356716,0.09819639278557113,0.4824366395050944,6.2811325557891955,0.9444444444444456
copper,10.0,7.0,CV,5,0.2394428770730353,1.455133696091045,6.383966134363204,-4.587088185959186,0.10000000000000003,1.4,-0.0001012658764995637,0.49876464469763193,-0.4680027329141636,6.383966134363204,-0.05290581162324648,0.10100200400801596,0.4953805946935499,6.356447399488676,0.8000000000000004
copper,10.0,7.0,CV,6,0.23724760406457449,1.4494006655111213,6.255111407810897,-4.630258910978666,0.10000000000000003,1.4,0.0003304369743922212,0.5592082158155622,-0.43898108352774234,6.255111407810897,-0.05290581162324648,0.09539078156312619,0.4806174964185769,6.230162688777786,0.8888888888888892
copper,10.0,7.0,CV,7,0.22811153566044864,1.4389927435143481,6.242063206477249,-4.478320222897603,0.10000000000000003,1.4,-0.00019922086958829228,0.4215144285409588,-0.46547911991639856,6.242063206477249,-0.047294589178356716,0.09539078156312619,0.4781235804758406,6.235217751364519,0.8888888888888892
copper,10.0,7.0,CV,8,0.23473555378990493,1.4438446310311572,6.204466023154154,-4.42341827914812,0.10000000000000003,1.4,7.205056203855548e-05,0.47310082910879636,-0.41554974126735056,6.204466023154154,-0.05851703406813624,0.10100200400801596,0.4948190687354201,6.1872729076643855,0.636363636363637
copper,10.0,7.0,CV,9,0.24001358170955067,1.431562924914339,6.248339810881047,-4.61343579638285,0.10000000000000003,1.4,-0.00023621905805842043,0.6171297485622862,-0.38891552098556215,6.248339810881047,-0.047294589178356716,0.09258517034068137,0.4668041849945807,6.227694497474547,0.9411764705882343
copper,10.0,7.5,CV,0,0.23297415928471446,1.443432239671234,6.277358530625387,-4.619391256500149,0.10000000000000003,1.4,-3.826779131083474e-05,0.42497316756440284,-0.5937510544701061,6.277358530625387,-0.05290581162324648,0.09819639278557113,0.4860397424475551,6.261414203975716,0.6666666666666666
copper,10.0,7.5,CV,1,0.23201810942664364,1.4389792894487559,6.363224693751382,-4.471515094766366,0.10000000000000003,1.4,8.012485249143502e-05,0.46603628973417055,-0.4107511636454344,6.363224693751382,-0.038877755511022016,0.09258517034068126,0.46810521760535,6.347157654076146,0.8333333333333326
copper,10.0,7.5,CV,2,0.23690885171964818,1.4453800756740571,6.365397512317455,-4.549270566706761,0.10000000000000003,1.4,-6.105653911512673e-05,0.4253897634595707,-0.41240689882389003,6.365397512317455,-0.04448897795591178,0.09539078156312619,0.4783750310804574,6.351412620935245,0.8888888888888892
copper,10.0,7.5,CV,3,0.2462602855560409,1.4491906591228658,6.333082976620002,-4.625043144341363,0.10000000000000003,1.4,-0.00134359059719122,0.41549280849293035,-0.7059379097618782,6.333082976620002,-0.038877755511022016,0.10100200400801607,0.49438478520133056,6.29984338988118,0.7999999999999988
copper,10.0,7.5,CV,4,0.2388464866381613,1.4488597723191678,6.338716076056091,-4.662743476894051,0.10000000000000003,1.4,-0.000387729543048516,0.5630331206563446,-0.45175895843255187,6.338716076056091,-0.047294589178356716,0.09819639278557113,0.48534678377372603,6.315165681273545,0.8421052631578941
copper,10.0,7.5,CV,5,0.24063677313823575,1.4621127007311228,6.348420992934964,-4.644811697502705,0.10000000000000003,1.4,-0.00010177905654240676,0.5076584656728238,-0.46161295468532804,6.348420992934964,-0.04168336673346695,0.10100200400801607,0.49776299729008794,6.3209746096592445,0.8947368421052635
copper,10.0,7.5,CV,6,0.23843067516396357,1.4566281209771568,6.183755903251845,-4.687604174739626,0.10000000000000003,1.4,0.0003320525357786139,0.5619657447147984,-0.43990412774931165,6.183755903251845,-0.05290581162324648,0.09819639278557113,0.49114054054535883,6.158411646975124,0.6666666666666666
copper,10.0,7.5,CV,7,0.2292495564960463,1.446326741026339,6.358376272685315,-4.50376316581554,0.10000000000000003,1.4,-0.00020021706903106874,0.4185823718567513,-0.46653282685594033,6.358376272685315,-0.04168336673346695,0.09819639278557113,0.4894755452465265,6.351071657658124,0.9444444444444456
copper,10.0,7.5,CV,8,0.2359062378840172,1.4504972940941114,6.335880854800578,-4.518093457353965,0.10000000000000003,1.4,7.239201124432881e-05,0.4530533453839817,-0.43330416495835067,6.335880854800578,-0.038877755511022016,0.10100200400801607,0.49758663378169804,6.317939324215331,0.8947368421052635
copper,10.0,7.5,CV,9,0.24121029193870924,1.4391215418296466,6.288115599765993,-4.5370305917844735,0.10000000000000003,1.4,-0.00023739769682593493,0.6131611460518718,-0.40780660996465556,6.288115599765993,-0.04168336673346695,0.09819639278557113,0.4872164915252423,6.266783371961642,0.9444444444444456
copper,10.0,8.0,CV,0,0.23412328598045626,1.4504568155635418,6.259342479348052,-4.516645682379174,0.10000000000000003,1.4,-3.846102474396526e-05,0.4510915648900444,-0.6127571407609957,6.259342479348052,-0.04168336673346695,0.09819639278557113,0.4877979388459969,6.241333611417164,0.8421052631578941
copper,10.0,8.0,CV,1,0.2331627383017783,1.4458244663850652,6.460578971970056,-4.451322900216735,0.10000000000000003,1.4,8.048860765940252e-05,0.46304106064217365,-0.4120937639685176,6.460578971970056,-0.03607214428857719,0.09819639278557113,0.48732568731090425,6.443566048723212,0.842105263157898
copper,10.0,8.0,CV,2,0.23807648952186333,1.4524761805232882,6.358682047176387,-4.548541622774801,0.10000000000000003,1.4,-6.135698421574426e-05,0.45553583492538197,-0.4271432536818951,6.358682047176387,-0.04448897795591178,0.10100200400801607,0.49858330589188926,6.344638441786315,0.7142857142857151
copper,10.0,8.0,CV,3,0.24747191800085805,1.455460337415656,6.42410203710085,-4.658124012118234,0.10000000000000003,1.4,-0.001349924836520315,0.430946993872652,-0.7092591612109945,6.42410203710085,-0.038877755511022016,0.09819639278557113,0.4872195510632556,6.390357229445601,0.9444444444444456
copper,10.0,8.0,CV,4,0.24002324021419513,1.455694876622351,6.3483834683576905,-4.627514411412529,0.10000000000000003,1.4,-0.00038956685001515596,0.5684070000311818,-0.4529799822514329,6.3483834683576905,-0.03326653306613225,0.09539078156312619,0.47920972428268604,6.324730446154931,0.8888888888888892
copper,10.0,8.0,CV,5,0.24182194927449988,1.468927856415436,6.392634597827068,-4.68824564902698,0.10000000000000003,1.4,-0.00010227108430632591,0.5081759619964004,-0.4515032014954832,6.392634597827068,-0.04168336673346695,0.0953907815631263,0.48141289028099093,6.3648603851211885,0.8888888888888872
copper,10.0,8.0,CV,6,0.23960547251836153,1.4637687815042257,6.228895220212193,-4.687526033428069,0.10000000000000003,1.4,0.0003336015068804899,0.5646096136593528,-0.4441327009402918,6.228895220212193,-0.03607214428857719,0.10100200400801607,0.5005536286998319,6.203365451522764,0.8000000000000024
copper,10.0,8.0,CV,7,0.23038116047052534,1.4535383018185883,6.402636713066209,-4.510169340998986,0.10000000000000003,1.4,-0.00020117220707878912,0.41164519285027423,-0.4606075861765686,6.402636713066209,-0.04168336673346695,0.09819639278557113,0.4916873096293625,6.3966588629004875,0.8421052631578941
copper,10.0,8.0,CV,8,0.23706915880129908,1.4570983204456673,6.426913078145299,-4.581514564935155,0.10000000000000003,1.4,7.271938658082716e-05,0.4313853730644387,-0.44735401158956756,6.426913078145299,-0.038877755511022016,0.09819639278557113,0.4912404996631116,6.408894388087579,0.9444444444444456
copper,10.0,8.0,CV,9,0.24239816624459032,1.446688000339207,6.332045492634265,-4.47774472247898,0.10000000000000003,1.4,-0.00023852775440579916,0.6026744446615527,-0.42042891466566124,6.332045492634265,-0.04168336673346695,0.09819639278557113,0.48988312760952873,6.311281033114816,0.8421052631578941
aluminum,0.1,6.0,CV,0,0.007641083348734883,0.019045867331446278,0.07507320016330017,-0.04001097895123807,0.10000000000000003,1.4,-5.141169572126414e-06,0.005648234826398708,-0.0064612470722999055,0.07507320016330017,-0.344689378757515,0.15991983967935874,0.009343939572906754,0.0724666750660224,0.628571428571429
aluminum,0.1,6.0,CV,1,0.007625329819819278,0.01896908811300488,0.07482723899833493,-0.03639052659680695,0.10000000000000003,1.4,-3.1903278646684026e-06,0.005368635637728061,-0.01063975051963566,0.07482723899833493,-0.33627254509018034,0.1683366733466934,0.0096228764211566,0.07216605153902919,0.7647058823529412
aluminum,0.1,6.0,CV,2,0.007705918137971518,0.01897719520889477,0.07489353762483483,-0.03750041014332384,0.10000000000000003,1.4,-5.5166763456013164e-06,0.005474604433455772,-0.008666847925396985,0.07489353762483483,-0.30541082164328653,0.17114228456913827,0.009751845234733925,0.072301275147571,0.6052631578947365
aluminum,0.1,6.0,CV,3,0.007860008515267572,0.018887908559634962,0.07530712221701928,-0.03686166235356752,0.10000000000000003,1.4,-2.6649922900251462e-05,0.0063290272838130894,-0.011602739558290961,0.07530712221701928,-0.3278557114228457,0.17675350701402803,0.009943570823766968,0.07247677139384485,0.8529411764705881
aluminum,0.1,6.0,CV,4,0.0077378459579058,0.01894202886415457,0.07532061159628527,-0.037747004229492113,0.10000000000000003,1.4,-1.089950504430159e-05,0.00623902778763246,-0.010719153666452562,0.07532061159628527,-0.33627254509018034,0.1683366733466934,0.009694177868436439,0.07262738305360786,0.7142857142857145
aluminum,0.1,6.0,CV,5,0.007767345810772312,0.018817301845684108,0.07447687702785209,-0.03803278158911247,0.10000000000000003,1.4,-6.1876908856812135e-06,0.005855827660938218,-0.00988869846859131,0.07447687702785209,-0.344689378757515,0.17114228456913827,0.009640130197073415,0.07172781402293835,0.648648648648649
aluminum,0.1,6.0,CV,6,0.007730994329795702,0.018905684591859855,0.07551475662559726,-0.03593154599491115,0.10000000000000003,1.4,9.608678180695043e-07,0.009797192014872974,-0.005957455905522499,0.07551475662559726,-0.3390781563126252,0.1655310621242485,0.009421366305369439,0.07278463006850869,0.787878787878788
aluminum,0.1,6.0,CV,7,0.007579710359413149,0.01895558318868125,0.07572591324250581,-0.03796113750414984,0.10000000000000003,1.4,-7.809725618539175e-06,0.0057986735456176195,-0.008506030028293834,0.07572591324250581,-0.31102204408817635,0.16272545090180363,0.009430709232885403,0.0734532101821289,0.6571428571428576
aluminum,0.1,6.0,CV,8,0.0076893973405283075,0.018993078554543012,0.07398458483556401,-0.03755987155603379,0.10000000000000003,1.4,-3.3177475145513314e-06,0.00589947260873399,-0.008706250106683945,0.07398458483556401,-0.3306613226452906,0.17394789579158315,0.009848130128249874,0.07119799049639339,0.8787878787878786
aluminum,0.1,6.0,CV,9,0.007776796097209395,0.019123756498304095,0.07777258310286199,-0.03852598710943537,0.10000000000000003,1.4,-8.422377866873406e-06,0.006281546052213108,-0.007242314804911874,0.07777258310286199,-0.3278557114228457,0.16272545090180363,0.00946339543155232,0.07500639277348609,0.9999999999999993
aluminum,0.1,6.5,CV,0,0.007651359870851021,0.019139748546675717,0.07480553884881323,-0.03956140827126458,0.10000000000000003,1.4,-4.1033607890888685e-06,0.005673012217103487,-0.011336393198486523,0.07480553884881323,-0.33346693386773546,0.1683366733466934,0.009693325748741951,0.07220277583997102,0.7647058823529412
aluminum,0.1,6.5,CV,1,0.00763553696722906,0.019067583744906975,0.07449463539988127,-0.03788769765786557,0.10000000000000003,1.4,-2.1439280496578226e-06,0.005362207615837503,-0.0071253579749526764,0.07449463539988127,-0.33627254509018034,0.1767535070140281,0.009968819214126077,0.0718526305334843,0.6578947368421053
aluminum,0.1,6.5,CV,2,0.0077164801767162835,0.019069958749344758,0.07667899594411146,-0.03814704007978666,0.10000000000000003,1.4,-4.480521202982005e-06,0.005553523216338781,-0.008571526973572635,0.07667899594411146,-0.30541082164328653,0.1655310621242485,0.00958571649454244,0.07411791559843484,0.6388888888888884
aluminum,0.1,6.5,CV,3,0.007871249130522685,0.018985590021590483,0.07567520341464559,-0.03691881575255375,0.10000000000000003,1.4,-2.5706833430849478e-05,0.006356840854128435,-0.011655975796360924,0.07567520341464559,-0.3278557114228457,0.17394789579158315,0.009909672093272662,0.07283281112839646,0.8235294117647058
aluminum,0.1,6.5,CV,4,0.007748548598997149,0.019030158514930815,0.07548169556391342,-0.03659754300375074,0.10000000000000003,1.4,-9.887054568892902e-06,0.006341293684438774,-0.006976915612510233,0.07548169556391342,-0.3278557114228457,0.1767535070140281,0.010043523022932573,0.07272708274592268,0.7999999999999996
aluminum,0.1,6.5,CV,5,0.007778178362034338,0.018904281451817044,0.07526534558862547,-0.03809509231211855,0.10000000000000003,1.4,-5.154490727746808e-06,0.0058816084772634995,-0.007293547721028056,0.07526534558862547,-0.30541082164328653,0.17394789579158315,0.009788251961663528,0.07252259035583394,0.7222222222222215
aluminum,0.1,6.5,CV,6,0.0077416667979847914,0.019004446475863513,0.07608664508729579,-0.035984603387878386,0.10000000000000003,1.4,2.0255484883131663e-06,0.009782835632890497,-0.009301900693990287,0.07608664508729579,-0.31102204408817635,0.17114228456913827,0.009686177966689219,0.07338554085880475,0.8484848484848483
aluminum,0.1,6.5,CV,7,0.007589716609824758,0.019041614836076817,0.07718136730523051,-0.037198393173573,0.10000000000000003,1.4,-6.783668506705376e-06,0.00582421988632453,-0.010627116785855494,0.07718136730523051,-0.31102204408817635,0.1599198396793587,0.009377193489403829,0.07494681231229298,0.7812500000000006
aluminum,0.1,6.5,CV,8,0.007699886625702903,0.019074581243208006,0.07481294985496574,-0.039062192127631276,0.10000000000000003,1.4,-2.2719088246602355e-06,0.005923334502845341,-0.00881879466665689,0.07481294985496574,-0.319438877755511,0.1683366733466934,0.009688223289734699,0.07205214231847785,0.9354838709677415
aluminum,0.1,6.5,CV,9,0.007787670265232341,0.019229966911007704,0.07823216932125207,-0.037379956334664184,0.10000000000000003,1.4,-7.3990187263991755e-06,0.006309254115759914,-0.009090826958099475,0.07823216932125207,-0.3222444889779559,0.16272545090180363,0.009510990293768796,0.07548825647669359,0.8709677419354849
aluminum,0.1,7.0,CV,0,0.007663675574403459,0.019228565260661648,0.07541994825317186,-0.040210116483321665,0.10000000000000003,1.4,-3.179111443633517e-06,0.005697616474020135,-0.008957284093282655,0.07541994825317186,-0.3166332665330661,0.17955911823647297,0.010149845534928523,0.07281019697584237,0.9393939393939396
aluminum,0.1,7.0,CV,1,0.00764778378083586,0.01916564779735451,0.0753454786975905,-0.03892876965045486,0.10000000000000003,1.4,-1.2111477026792403e-06,0.005334482334232515,-0.009440650585064408,0.0753454786975905,-0.30821643286573147,0.16833667334669344,0.00970920393648413,0.07270752085531004,0.8750000000000003
aluminum,0.1,7.0,CV,2,0.0077290794018295035,0.019167256196849943,0.07811775629802915,-0.038371656345969535,0.10000000000000003,1.4,-3.5579139430142714e-06,0.005604719782789199,-0.009971904081982029,0.07811775629802915,-0.30541082164328653,0.17114228456913833,0.009836554010338125,0.0755320480617655,0.8484848484848478
aluminum,0.1,7.0,CV,3,0.007884522190544394,0.019078372491321816,0.07598846781445809,-0.03659489669343073,0.10000000000000003,1.4,-2.4876641541057024e-05,0.006384460078243626,-0.011708360387864611,0.07598846781445809,-0.294188376753507,0.16272545090180357,0.00954329710006754,0.07317739312524488,0.611111111111111
aluminum,0.1,7.0,CV,4,0.007761287443988009,0.019123197456995405,0.07550811182163383,-0.0369564311119814,0.10000000000000003,1.4,-8.98798633807974e-06,0.006423628943539423,-0.008003787968073127,0.07550811182163383,-0.31382765531062123,0.1739478957915832,0.010002343640050058,0.0728068673418792,0.9375000000000002
aluminum,0.1,7.0,CV,5,0.007791046209439271,0.0189966333381805,0.07669795117484267,-0.03777629453984526,0.10000000000000003,1.4,-4.234817804297343e-06,0.005907209148291662,-0.007287579780062761,0.07669795117484267,-0.30541082164328653,0.1683366733466934,0.009633499207868174,0.07392272886747832,0.8749999999999998
aluminum,0.1,7.0,CV,6,0.0077543756809087035,0.01909691670003937,0.07717043398274694,-0.03693163248465104,0.10000000000000003,1.4,2.9764819517425507e-06,0.00976985101153361,-0.0062208018937089105,0.07717043398274694,-0.31102204408817635,0.17114228456913833,0.0097595114663512,0.07454729998068832,0.9677419354838711
aluminum,0.1,7.0,CV,7,0.007601763930215512,0.019122231296357248,0.07826992241527059,-0.036142736615772476,0.10000000000000003,1.4,-5.871088716811412e-06,0.005849586475780391,-0.005842616407231174,0.07826992241527059,-0.31102204408817635,0.16833667334669344,0.009750654563274171,0.07601563271553197,0.9354838709677421
aluminum,0.1,7.0,CV,8,0.007712413605616721,0.01915324699571779,0.07602727833509276,-0.04010837764818657,0.10000000000000003,1.4,-1.3396856818992524e-06,0.005932998441220057,-0.006422779759793117,0.07602727833509276,-0.29979959919839677,0.17114228456913827,0.009821254970866573,0.07325609361391046,0.6944444444444448
aluminum,0.1,7.0,CV,9,0.007800579438598106,0.01933024991614462,0.07858322261897634,-0.036494540075906946,0.10000000000000003,1.4,-6.489118055597135e-06,0.006336768567232682,-0.008912946078178451,0.07858322261897634,-0.3222444889779559,0.16272545090180363,0.009567993048947423,0.07580719228053245,0.7575757575757577
aluminum,0.1,7.5,CV,0,0.007677813807844663,0.019315696804634415,0.07572825539425948,-0.04123406390881923,0.10000000000000003,1.4,-2.362885529506351e-06,0.005722045628211934,-0.007848649957007202,0.07572825539425948,-0.3166332665330661,0.17394789579158315,0.009997683126907414,0.07313991684937318,0.7222222222222224
aluminum,0.1,7.5,CV,1,0.007661853614605009,0.019262468318306143,0.07624398973462643,-0.03952690516048609,0.10000000000000003,1.4,-3.864515001655109e-07,0.005288302303043058,-0.006435953266209719,0.07624398973462643,-0.2969939879759519,0.1767535070140281,0.010051138847635898,0.07361387894766985,0.7499999999999998
aluminum,0.1,7.5,CV,2,0.007743499139075047,0.019257977380895158,0.07918687592851126,-0.0382173830776515,0.10000000000000003,1.4,-2.7433184280375507e-06,0.005629381690616282,-0.008324117736587049,0.07918687592851126,-0.30541082164328653,0.1599198396793587,0.00947950501743823,0.07668862348728797,0.9655172413793104
aluminum,0.1,7.5,CV,3,0.007899610967173454,0.019169672029249612,0.07774197382164241,-0.03636509057648542,0.10000000000000003,1.4,-2.4153803697744682e-05,0.006411882747663796,-0.011760000872247264,0.07774197382164241,-0.294188376753507,0.16272545090180363,0.009582845978293699,0.07492383759670986,0.7058823529411767
aluminum,0.1,7.5,CV,4,0.007775845807469277,0.019216241354389114,0.07601515122993426,-0.037546077504114206,0.10000000000000003,1.4,-8.19676233050884e-06,0.00648681181530554,-0.007315670920040103,0.07601515122993426,-0.31382765531062123,0.17114228456913827,0.009941559433241955,0.07332420559612539,0.8484848484848483
aluminum,0.1,7.5,CV,5,0.007805732657254694,0.01908989043463587,0.07776095983966225,-0.037110325459158953,0.10000000000000003,1.4,-3.423135742854154e-06,0.005932627625348166,-0.011166069112331336,0.07776095983966225,-0.30541082164328653,0.16833667334669333,0.009701020305011715,0.07500246692413452,0.9354838709677421
aluminum,0.1,7.5,CV,6,0.007768904295556027,0.01919274190292948,0.07786987632795134,-0.03794146902773672,0.10000000000000003,1.4,3.81920207923562e-06,0.00975902345201602,-0.009159393545805687,0.07786987632795134,-0.31102204408817635,0.16553106212424845,0.009589745860991471,0.07520113671759256,0.8437499999999992
aluminum,0.1,7.5,CV,7,0.007615635690515042,0.019209150053732537,0.07897409705503274,-0.03542689177996264,0.10000000000000003,1.4,-5.066449308756186e-06,0.005874770763561279,-0.007764216754420419,0.07897409705503274,-0.31102204408817635,0.1683366733466934,0.009788572491888633,0.07674372969785384,0.9999999999999993
aluminum,0.1,7.5,CV,8,0.007726761611815004,0.019236461373979254,0.07744211369624554,-0.040711590294404784,0.10000000000000003,1.4,-5.155427181114028e-07,0.005930323694816854,-0.01059497468505111,0.07744211369624554,-0.29979959919839677,0.17394789579158315,0.00995654603038924,0.0746931884153637,0.8787878787878786
aluminum,0.1,7.5,CV,9,0.007815306918267192,0.019426622241853014,0.07843446035678506,-0.0371503928884272,0.10000000000000003,1.4,-5.6871386999717e-06,0.006364087204808615,-0.00809770734743313,0.07843446035678506,-0.3222444889779559,0.17114228456913827,0.00996142266896852,0.0757340622859307,0.6944444444444448
aluminum,0.1,8.0,CV,0,0.007679833537790374,0.01937001441079641,0.07581403940531706,-0.04181445426427293,0.10000000000000003,1.4,-1.6480141743702723e-06,0.0057462912189387375,-0.006548515420222202,0.07581403940531706,-0.30821643286573147,0.1739478957915831,0.010059616164428978,0.07324225683894744,0.8235294117647052
aluminum,0.1,8.0,CV,1,0.0076638054588416445,0.019328706041806358,0.07746156074423766,-0.03970289362354164,0.10000000000000003,1.4,3.368264966391726e-07,0.0052267434208631905,-0.009883833201176744,0.07746156074423766,-0.2969939879759519,0.16272545090180363,0.009577516457968276,0.07483394752457906,0.8709677419354837
aluminum,0.1,8.0,CV,2,0.007745798257573244,0.01931707162870248,0.07986920970380923,-0.03858311045987657,0.10000000000000003,1.4,-2.0300652210457925e-06,0.005629347064242299,-0.009471455463646718,0.07986920970380923,-0.30541082164328653,0.16553106212424845,0.009746625791534421,0.07741865957095326,0.9666666666666668
aluminum,0.1,8.0,CV,3,0.007902574097816542,0.01922515704549604,0.07914278053672157,-0.036722939345464785,0.10000000000000003,1.4,-2.3531618684753953e-05,0.00643909936750584,-0.011810968948102771,0.07914278053672157,-0.294188376753507,0.15991983967935874,0.009522667507639663,0.07631816802801121,0.8999999999999997
aluminum,0.1,8.0,CV,4,0.007778282510549773,0.019277962893089647,0.07606369027668447,-0.03771364063747635,0.10000000000000003,1.4,-7.506705014737063e-06,0.006531989254723378,-0.007226135079514511,0.07606369027668447,-0.31382765531062123,0.1599198396793587,0.009570178730884697,0.07340302276349,0.7272727272727268
aluminum,0.1,8.0,CV,5,0.007808296482228974,0.019144107010192014,0.07843722856779418,-0.03632136842916682,0.10000000000000003,1.4,-2.712774097372155e-06,0.005957855105052002,-0.0071866974498966734,0.07843722856779418,-0.30541082164328653,0.1683366733466934,0.009771680066204635,0.07569666922194697,0.8750000000000009
aluminum,0.1,8.0,CV,6,0.007771311473338724,0.019248462414408675,0.07815736112102606,-0.03850785453156656,0.10000000000000003,1.4,4.560368567181254e-06,0.009750939580130078,-0.007068381236254813,0.07815736112102606,-0.31102204408817635,0.16272545090180363,0.009533951544003045,0.07547288581104626,0.8125
aluminum,0.1,8.0,CV,7,0.007617390949628811,0.019261549363584866,0.0792662785836614,-0.035780749977549674,0.10000000000000003,1.4,-4.363077397357201e-06,0.005899763300108038,-0.008243384290633215,0.0792662785836614,-0.31102204408817635,0.1655310621242485,0.009736522225871009,0.07703840663165976,0.787878787878788
aluminum,0.1,8.0,CV,8,0.007728989538261249,0.01927925081010585,0.07848462725012091,-0.040892617743464005,0.10000000000000003,1.4,2.0718619706661285e-07,0.005917244842063584,-0.006642215151876525,0.07848462725012091,-0.29979959919839677,0.15991983967935874,0.009467459531083704,0.07577447408958772,0.9655172413793112
aluminum,0.1,8.0,CV,9,0.00781791146677708,0.01948521107027408,0.07828793156123269,-0.03751158189292167,0.10000000000000003,1.4,-4.986406853063607e-06,0.006391200567010173,-0.0073939863942254404,0.07828793156123269,-0.30541082164328653,0.1683366733466934,0.009915038382431641,0.07560791382753927,0.8750000000000009
aluminum,0.2,6.0,CV,0,0.013195744075822248,0.03779736771827337,0.14752046319515663,-0.08202874476592488,0.10000000000000003,1.4,-1.2949366150985141e-05,0.01107433643818149,-0.01283479487643395,0.14752046319515663,-0.344689378757515,0.15991983967935874,0.018635903546993862,0.14438153353884992,0.628571428571429
aluminum,0.2,6.0,CV,1,0.013164797897670055,0.03763508045489051,0.1470153875610163,-0.07495659298392232,0.10000000000000003,1.4,-9.117139394101248e-06,0.010563063071227528,-0.021043032712130427,0.1470153875610163,-0.33627254509018034,0.1683366733466934,0.019170854283452783,0.14362901248542925,0.7647058823529412
aluminum,0.2,6.0,CV,2,0.01332310531335357,0.037658654286890005,0.1469297854023063,-0.07714467193653775,0.10000000000000003,1.4,-1.3687010368453086e-05,0.010770489306124655,-0.01705651954921589,0.1469297854023063,-0.30541082164328653,0.17114228456913827,0.019410799289061333,0.14357386207224837,0.6052631578947365
aluminum,0.2,6.0,CV,3,0.013625799921837062,0.03748137983933586,0.14791787814718071,-0.0758744353255206,0.10000000000000003,1.4,-5.520108739322749e-05,0.012420033075398174,-0.0228136492120379,0.14791787814718071,-0.3278557114228457,0.17675350701402803,0.019846305913958404,0.14442026883898731,0.8529411764705881
aluminum,0.2,6.0,CV,4,0.013385824213289614,0.03759165646735344,0.1479845669996916,-0.07749596980710859,0.10000000000000003,1.4,-2.4261020595946474e-05,0.012280532761480143,-0.021190537750165876,0.1479845669996916,-0.33627254509018034,0.1683366733466934,0.019305888361400503,0.14451942271425278,0.7142857142857145
aluminum,0.2,6.0,CV,5,0.013443773623047979,0.03733520095696049,0.1463490480738392,-0.07817497793376978,0.10000000000000003,1.4,-1.5005149028766554e-05,0.011501673532600159,-0.019567668639883358,0.1463490480738392,-0.344689378757515,0.17114228456913827,0.01920123650696252,0.14274289364891338,0.648648648648649
aluminum,0.2,6.0,CV,6,0.01337236489853775,0.03751886516332309,0.14837532153079527,-0.07404731794176174,0.10000000000000003,1.4,-9.625448374891997e-07,0.019267049543877694,-0.011714023792359118,0.14837532153079527,-0.3390781563126252,0.1683366733466934,0.01895255176544133,0.1448208401713168,0.8181818181818181
aluminum,0.2,6.0,CV,7,0.01307518318616649,0.0376150939340191,0.14861744812870048,-0.07797222799117842,0.10000000000000003,1.4,-1.8191468492867448e-05,0.011393758309587785,-0.01684308526849055,0.14861744812870048,-0.31102204408817635,0.16272545090180363,0.018763648703418376,0.14584112144188974,0.6571428571428576
aluminum,0.2,6.0,CV,8,0.01329065191553821,0.037687475086703705,0.145335064613332,-0.07725365020985966,0.10000000000000003,1.4,-9.367442117160504e-06,0.011617592062686581,-0.01723639690353436,0.145335064613332,-0.3306613226452906,0.17394789579158315,0.019613933451154898,0.1416666507016862,0.8787878787878786
aluminum,0.2,6.0,CV,9,0.013462337733301492,0.03794665475115929,0.15276102105244915,-0.0790262011038153,0.10000000000000003,1.4,-1.9394960467513994e-05,0.012349447634832804,-0.014263843542342503,0.15276102105244915,-0.3278557114228457,0.16272545090180363,0.018849386754889248,0.14914759469319191,0.9999999999999993
aluminum,0.2,6.5,CV,0,0.013216181379345765,0.03797840788820298,0.1469584846619329,-0.08113423987250466,0.10000000000000003,1.4,-1.0889835365809765e-05,0.01112136729143446,-0.022412477398229193,0.1469584846619329,-0.33346693386773546,0.1683366733466934,0.019328755123334897,0.1438114456698871,0.7647058823529412
aluminum,0.2,6.5,CV,1,0.01318510351857723,0.03782519261977083,0.14635440498566016,-0.0779253381110793,0.10000000000000003,1.4,-7.041301663258041e-06,0.010548929392366128,-0.014141557629322773,0.14635440498566016,-0.33627254509018034,0.17955911823647297,0.02003081020961507,0.14295810890933014,0.6842105263157894
aluminum,0.2,6.5,CV,2,0.01334408456622204,0.03783749785165172,0.15047022620195058,-0.07842612293659436,0.10000000000000003,1.4,-1.1630618417417697e-05,0.01092563439720308,-0.01686482537601734,0.15047022620195058,-0.30541082164328653,0.1655310621242485,0.019084834538437158,0.14722528446036706,0.6388888888888884
aluminum,0.2,6.5,CV,3,0.013648067205098214,0.037669886649907336,0.1486470792918229,-0.07598667865377093,0.10000000000000003,1.4,-5.332134673175373e-05,0.012472827010433264,-0.022914871832261638,0.1486470792918229,-0.3278557114228457,0.17394789579158315,0.019777914658497056,0.14513828468552423,0.8235294117647058
aluminum,0.2,6.5,CV,4,0.013407070348510958,0.03776139806119713,0.14826700935103615,-0.07521284244968951,0.10000000000000003,1.4,-2.2249623323256207e-05,0.012481368145960625,-0.013682877740084228,0.14826700935103615,-0.3278557114228457,0.1767535070140281,0.02002506010389911,0.1448257189375874,0.7999999999999996
aluminum,0.2,6.5,CV,5,0.013465266345419915,0.03750269194577191,0.14769366698293301,-0.07829701056356707,0.10000000000000003,1.4,-1.295436604006043e-05,0.011550609023983444,-0.014364105185825305,0.14769366698293301,-0.30541082164328653,0.17394789579158315,0.01948668225268628,0.14407731614362118,0.7222222222222215
aluminum,0.2,6.5,CV,6,0.013393553761492,0.037709494071700767,0.14935313081863377,-0.07415178649419739,0.10000000000000003,1.4,1.147992439809546e-06,0.019235051115711888,-0.01841651835683017,0.14935313081863377,-0.31102204408817635,0.17114228456913827,0.019276999002001444,0.14578991470524905,0.8484848484848483
aluminum,0.2,6.5,CV,7,0.013095107477281818,0.03778072420775526,0.15150328135244456,-0.0764568755323092,0.10000000000000003,1.4,-1.615424397595277e-05,0.011442248501117013,-0.021019383303441254,0.15150328135244456,-0.31102204408817635,0.1599198396793587,0.018649340023320214,0.14879200131035325,0.7812500000000006
aluminum,0.2,6.5,CV,8,0.013311493072247847,0.037844199082085174,0.14690963214767988,-0.08023216980751532,0.10000000000000003,1.4,-7.292669478015768e-06,0.011663052394009832,-0.01746764688465178,0.14690963214767988,-0.319438877755511,0.1683366733466934,0.019295548547911948,0.14331444816142885,0.9354838709677415
aluminum,0.2,6.5,CV,9,0.013483909449938769,0.03815191119462606,0.15364160443964017,-0.07674958520832104,0.10000000000000003,1.4,-1.736285706672507e-05,0.012402041303234803,-0.018001947154689703,0.15364160443964017,-0.3222444889779559,0.16272545090180363,0.01893471186877857,0.15007011724213498,0.8709677419354849
aluminum,0.2,7.0,CV,0,0.013240663942384009,0.0381496774121396,0.14809745983041156,-0.08250554215574156,0.10000000000000003,1.4,-9.05564063223873e-06,0.01116810044357961,-0.01773248684751571,0.14809745983041156,-0.3166332665330661,0.17955911823647297,0.02023669112933835,0.14495044506368626,0.9393939393939396
aluminum,0.2,7.0,CV,1,0.013209455232538355,0.0380146335668686,0.14789906168901568,-0.0799891111495811,0.10000000000000003,1.4,-5.190903205531192e-06,0.010492566206746944,-0.018681734301993415,0.14789906168901568,-0.30821643286573147,0.16833667334669344,0.019331058482085984,0.1445447346801221,0.8750000000000003
aluminum,0.2,7.0,CV,2,0.013369105648114209,0.038025423647813104,0.15332278154760848,-0.07887022740683235,0.10000000000000003,1.4,-9.79954264944629e-06,0.011025802769438563,-0.019733933269374997,0.15332278154760848,-0.30541082164328653,0.17114228456913833,0.019581851841930557,0.15006226577520385,0.8484848484848478
aluminum,0.2,7.0,CV,3,0.013674368164265515,0.03784894758594345,0.14904404532121435,-0.07534280320107187,0.10000000000000003,1.4,-5.166580406643129e-05,0.012525286770730764,-0.023014499345144733,0.14904404532121435,-0.294188376753507,0.16272545090180357,0.01902906302559391,0.14553754742787584,0.611111111111111
aluminum,0.2,7.0,CV,4,0.013432356623414495,0.037940958680582365,0.14825481700307958,-0.07611578238383877,0.10000000000000003,1.4,-2.0463257421327724e-05,0.012642700936158463,-0.015868896608769813,0.14825481700307958,-0.31382765531062123,0.1739478957915832,0.019920599860473398,0.14483117469137027,0.9375000000000002
aluminum,0.2,7.0,CV,5,0.01349079764659937,0.03768091433442676,0.15053453200620728,-0.07766286244700897,0.10000000000000003,1.4,-1.1128863730186824e-05,0.011599234758067851,-0.01435038685726769,0.15053453200620728,-0.30541082164328653,0.1683366733466934,0.019172767323561345,0.1468667021060544,0.8749999999999998
aluminum,0.2,7.0,CV,6,0.01341878312665679,0.03788794215202926,0.15150193744208376,-0.07606717159593629,0.10000000000000003,1.4,3.0328707989566584e-06,0.019205850050759553,-0.012367423045261769,0.15150193744208376,-0.31102204408817635,0.17114228456913833,0.01939746039991379,0.14797455665962275,0.9677419354838711
aluminum,0.2,7.0,CV,7,0.01311908027523467,0.03793589483826462,0.15366114089028637,-0.07436035170260563,0.10000000000000003,1.4,-1.4342214313953034e-05,0.01149042928844898,-0.01161582294383888,0.15366114089028637,-0.31102204408817635,0.16833667334669344,0.019386847204434902,0.1509081173013214,0.9354838709677421
aluminum,0.2,7.0,CV,8,0.013336376932117549,0.037995527844526346,0.14917177171927012,-0.08230565544498904,0.10000000000000003,1.4,-5.443329370051876e-06,0.011680380957576862,-0.01275516254425399,0.14917177171927012,-0.29979959919839677,0.17114228456913827,0.019561506100777382,0.14559099029116204,0.6944444444444448
aluminum,0.2,7.0,CV,9,0.013509519245356908,0.038345700093675814,0.15433608909456065,-0.07518389856234113,0.10000000000000003,1.4,-1.5555916104642652e-05,0.01245430205840507,-0.017654324511630966,0.15433608909456065,-0.3222444889779559,0.1655310621242485,0.019256989996726172,0.15073141570854964,0.787878787878788
aluminum,0.2,7.5,CV,0,0.013268761865259767,0.03831782074200689,0.14870831000850332,-0.08453462292594516,0.10000000000000003,1.4,-7.435797165835844e-06,0.011214532377403583,-0.015557235341323562,0.14870831000850332,-0.3166332665330661,0.17394789579158315,0.019923737285462557,0.14561040734527156,0.7222222222222224
aluminum,0.2,7.5,CV,1,0.01323742314972413,0.03820181509943517,0.1496350058898901,-0.08117403035522489,0.10000000000000003,1.4,-3.5549604560034377e-06,0.01039961402249304,-0.012674735729178307,0.1496350058898901,-0.30821643286573147,0.1767535070140281,0.020011464966637194,0.14630512118262187,0.9687500000000001
aluminum,0.2,7.5,CV,2,0.013397738618823048,0.038200616000831286,0.15544192765708173,-0.07860799237789158,0.10000000000000003,1.4,-8.182798045364447e-06,0.011073351101482415,-0.01636896136968684,0.15544192765708173,-0.30541082164328653,0.16272545090180363,0.019043316807625665,0.15218108851250192,0.9333333333333329
aluminum,0.2,7.5,CV,3,0.013704272762806294,0.03802527967307511,0.15252110131932148,-0.07497091437318322,0.10000000000000003,1.4,-5.0223461167177725e-05,0.012577408411480941,-0.023112745941650522,0.15252110131932148,-0.294188376753507,0.16272545090180363,0.019101327767318755,0.14898768459141576,0.7058823529411767
aluminum,0.2,7.5,CV,4,0.01346125307783435,0.03812071274876167,0.14925992217153836,-0.07728456651753578,0.10000000000000003,1.4,-1.889093450604903e-05,0.012766075757826817,-0.014510701745196967,0.14925992217153836,-0.31382765531062123,0.17114228456913827,0.019796005883939295,0.1458591893917596,0.8484848484848483
aluminum,0.2,7.5,CV,5,0.013519937547979389,0.03786109925903722,0.15264206314321707,-0.07633987380750357,0.10000000000000003,1.4,-9.517656660503738e-06,0.011647547075200129,-0.02208029530146191,0.15264206314321707,-0.30541082164328653,0.16833667334669333,0.019297271011470073,0.1489923349124704,0.9354838709677421
aluminum,0.2,7.5,CV,6,0.013447623038149356,0.03807316341160376,0.15288814138787432,-0.07806943213514858,0.10000000000000003,1.4,4.703071209855655e-06,0.01918100522580042,-0.018140077673305714,0.15288814138787432,-0.31102204408817635,0.17114228456913827,0.019497472302182527,0.1493795103027317,0.9062499999999997
aluminum,0.2,7.5,CV,7,0.013146671718713596,0.03810362858421646,0.1550563393999499,-0.0731287095352709,0.10000000000000003,1.4,-1.2744393054252808e-05,0.011538296012688427,-0.015391446113217223,0.1550563393999499,-0.31102204408817635,0.1683366733466934,0.019451698797608753,0.15230141309903136,0.9999999999999993
aluminum,0.2,7.5,CV,8,0.013364873565267853,0.03815597595181066,0.15197728811426894,-0.08350022464709192,0.10000000000000003,1.4,-3.8084381486985092e-06,0.011673267360167355,-0.02095892004417138,0.15197728811426894,-0.29979959919839677,0.17394789579158315,0.019815460024116927,0.14839236350544657,0.8787878787878786
aluminum,0.2,7.5,CV,9,0.013538737135041348,0.038531990118678576,0.15403886009551523,-0.07651289857060992,0.10000000000000003,1.4,-1.3963150745667361e-05,0.012506225967113812,-0.01604627319903662,0.15403886009551523,-0.3222444889779559,0.17114228456913827,0.019813124364860678,0.15049169630063744,0.6944444444444448
aluminum,0.2,8.0,CV,0,0.013272812617253124,0.038421859216291813,0.14884525156605102,-0.08568363606694893,0.10000000000000003,1.4,-6.017072286882959e-06,0.011260646665002523,-0.01285468638026677,0.14884525156605102,-0.30821643286573147,0.1739478957915831,0.020032218653950343,0.14570994938044787,0.8235294117647052
aluminum,0.2,8.0,CV,1,0.013241344785411453,0.03832925740184948,0.1520173781807466,-0.0815213475475339,0.10000000000000003,1.4,-2.120246430982019e-06,0.010276176430301688,-0.019554885629793163,0.1520173781807466,-0.2969939879759519,0.16272545090180363,0.0190762203232063,0.14878747137249615,0.8709677419354837
aluminum,0.2,8.0,CV,2,0.013402320758325434,0.0383140307917776,0.15679364466722273,-0.07933220353722961,0.10000000000000003,1.4,-6.767150829057298e-06,0.011071926940150613,-0.018745266876269907,0.15679364466722273,-0.30541082164328653,0.16553106212424845,0.01938281589033676,0.1537301344938742,0.9666666666666668
aluminum,0.2,8.0,CV,3,0.013710117830787663,0.03813160987254172,0.15529836649053924,-0.07568014067852503,0.10000000000000003,1.4,-4.8981022553481974e-05,0.012629173496934695,-0.02320975463485015,0.15529836649053924,-0.294188376753507,0.15991983967935874,0.018972129223871332,0.15174619648521126,0.8999999999999997
aluminum,0.2,8.0,CV,4,0.01346609689852523,0.03823929226560768,0.14935526965849338,-0.07761585901978979,0.10000000000000003,1.4,-1.751940508463852e-05,0.012853768810917359,-0.014169308215789149,0.14935526965849338,-0.31382765531062123,0.1599198396793587,0.019046101756221328,0.14599123226652277,0.7272727272727268
aluminum,0.2,8.0,CV,5,0.013525023150181644,0.03796493492356516,0.15398224464026347,-0.0748824192938527,0.10000000000000003,1.4,-8.10750909568263e-06,0.011695528882183387,-0.014146583001316326,0.15398224464026347,-0.30541082164328653,0.1683366733466934,0.01943830459759641,0.150386598043033,0.8750000000000009
aluminum,0.2,8.0,CV,6,0.013452410702729652,0.038179960011343717,0.153456955765185,-0.07919180852546064,0.10000000000000003,1.4,6.171808535628127e-06,0.019161681247268084,-0.014027325572604762,0.153456955765185,-0.31102204408817635,0.16553106212424845,0.019167748903354397,0.14996483672262767,0.8437499999999992
aluminum,0.2,8.0,CV,7,0.013150219456194203,0.038203904025051756,0.1556340868082827,-0.07383034590976947,0.10000000000000003,1.4,-1.1347539725541561e-05,0.011585830295087632,-0.016325307463153915,0.1556340868082827,-0.31102204408817635,0.1655310621242485,0.019349651937549086,0.15293912757399797,0.787878787878788
aluminum,0.2,8.0,CV,8,0.013369320299912694,0.038237363317529575,0.15404406698176343,-0.08385712581911908,0.10000000000000003,1.4,-2.37476845822571e-06,0.011645550611618831,-0.013181741639099943,0.15404406698176343,-0.29979959919839677,0.15991983967935874,0.01882623455091647,0.15048208944907007,0.9655172413793112
aluminum,0.2,8.0,CV,9,0.013543900192021025,0.038644402205201586,0.1536891307173804,-0.07722847789011118,0.10000000000000003,1.4,-1.2571318729679978e-05,0.012557794658362677,-0.014557300067437698,0.1536891307173804,-0.30541082164328653,0.1683366733466934,0.019701723159617882,0.15010520288251938,0.8750000000000009
aluminum,0.5,6.0,CV,0,0.029346988343814752,0.09234659327168387,0.35817481262624695,-0.2042034792117065,0.10000000000000003,1.4,-3.565319928028223e-05,0.026851770355519115,-0.0313671107992238,0.35817481262624695,-0.344689378757515,0.15991983967935874,0.04559614436753518,0.35312556190071764,0.628571428571429
aluminum,0.5,6.0,CV,1,0.029271866616343862,0.0919360620879602,0.3569163118432744,-0.1870948475556886,0.10000000000000003,1.4,-2.6350483687375332e-05,0.02566685976247987,-0.051292576317999924,0.3569163118432744,-0.33627254509018034,0.1683366733466934,0.047005583522531494,0.3518499045520134,0.7647058823529412
aluminum,0.5,6.0,CV,2,0.029656157254079836,0.09200440820640603,0.35638902893987723,-0.19241798699680585,0.10000000000000003,1.4,-3.7443827757976096e-05,0.026169293012808,-0.041451103193858564,0.35638902893987723,-0.30541082164328653,0.17114228456913827,0.047528269633705475,0.351000785388283,0.6052631578947365
aluminum,0.5,6.0,CV,3,0.030390947242477574,0.09157145943942752,0.3590476146210346,-0.18931157519781486,0.10000000000000003,1.4,-0.00013821908876511147,0.030130803761699423,-0.055411524974471306,0.3590476146210346,-0.3278557114228457,0.17675350701402803,0.04860304738649065,0.35339842587397313,0.8529411764705881
aluminum,0.5,6.0,CV,4,0.029808407140482555,0.09184484913489382,0.35926899117267314,-0.19307373125587027,0.10000000000000003,1.4,-6.311219658457535e-05,0.029847370300821914,-0.05163810070127063,0.35926899117267314,-0.33627254509018034,0.1683366733466934,0.04726302659399746,0.35361425273710034,0.7142857142857145
aluminum,0.5,6.0,CV,5,0.029949079107972593,0.09120582174110839,0.3553312069614017,-0.19489613345900406,0.10000000000000003,1.4,-4.064360424481468e-05,0.027918056144047954,-0.047711135753332634,0.3553312069614017,-0.344689378757515,0.17114228456913827,0.046994665369295946,0.34919008553665365,0.648648648648649
aluminum,0.5,6.0,CV,6,0.029775734706110793,0.09166616502548418,0.3602314256397556,-0.18487625483337342,0.10000000000000003,1.4,-6.5552370205751925e-06,0.046802481435906776,-0.02845235195562252,0.3602314256397556,-0.3390781563126252,0.1683366733466934,0.046358277585729545,0.35402209824297814,0.8181818181818181
aluminum,0.5,6.0,CV,7,0.029054327251649293,0.09189708542788115,0.3605636034131741,-0.19431216802269222,0.10000000000000003,1.4,-4.8378382388991195e-05,0.027662543238670262,-0.04108467665921628,0.3605636034131741,-0.31102204408817635,0.16272545090180363,0.04592101336286038,0.35644609772928326,0.6571428571428576
aluminum,0.5,6.0,CV,8,0.029577376756720845,0.09207088514686074,0.35280030581330357,-0.19267094506483032,0.10000000000000003,1.4,-2.6958092577054836e-05,0.028244124013410296,-0.04203943912822239,0.35280030581330357,-0.3306613226452906,0.17394789579158315,0.048007169088613064,0.3465522205553425,0.8787878787878786
aluminum,0.5,6.0,CV,9,0.029994143413630818,0.09270347324329019,0.37080432524432555,-0.19678836179516607,0.10000000000000003,1.4,-5.1299854490915076e-05,0.029993038390450075,-0.034680288640409965,0.37080432524432555,-0.3278557114228457,0.1655310621242485,0.04669819997228091,0.3651055116298087,0.9666666666666675
aluminum,0.5,6.5,CV,0,0.02939697007327664,0.0927809466793213,0.3567570501800809,-0.20201524252841813,0.10000000000000003,1.4,-3.062281528889081e-05,0.026963507430642988,-0.05461832222517324,0.3567570501800809,-0.33346693386773546,0.1683366733466934,0.04727087204739278,0.3515833916230612,0.7647058823529412
aluminum,0.5,6.5,CV,1,0.029321535490958842,0.09239244215613009,0.3553005042427711,-0.19434247727503925,0.10000000000000003,1.4,-2.1281357247418573e-05,0.025630320404118626,-0.03454250739356812,0.3553005042427711,-0.33627254509018034,0.17955911823647297,0.049115842268732196,0.35023063189241394,0.6842105263157894
aluminum,0.5,6.5,CV,2,0.029707426560323397,0.09243342902207197,0.3650324187978214,-0.19554530232023518,0.10000000000000003,1.4,-3.242090108708466e-05,0.026546080753870036,-0.04097918534620271,0.3650324187978214,-0.30541082164328653,0.1655310621242485,0.0466808253258639,0.35965087909691024,0.6388888888888884
aluminum,0.5,6.5,CV,3,0.03044527668347937,0.09202393430686334,0.36082684145776917,-0.1895840030896177,0.10000000000000003,1.4,-0.00013361585463745996,0.030256232911073468,-0.05565227722895757,0.36082684145776917,-0.3278557114228457,0.17394789579158315,0.04843335685357461,0.355159766044591,0.8235294117647058
aluminum,0.5,6.5,CV,4,0.029860310512481877,0.09225178211919424,0.35990430636282383,-0.18749425160788066,0.10000000000000003,1.4,-5.8196169393635596e-05,0.0303348154263857,-0.03318175223410707,0.35990430636282383,-0.3278557114228457,0.1767535070140281,0.04900508005433827,0.3542218551729391,0.7999999999999996
aluminum,0.5,6.5,CV,5,0.030001568327879518,0.09160730504623578,0.3582929399602274,-0.19519181901777877,0.10000000000000003,1.4,-3.5634003486633885e-05,0.028034318305984515,-0.03492311073731271,0.3582929399602274,-0.30541082164328653,0.17394789579158315,0.0476933219606965,0.3521743184914539,0.7222222222222215
aluminum,0.5,6.5,CV,6,0.029827502009228346,0.09212378950518217,0.36238952779129346,-0.18513021121872483,0.10000000000000003,1.4,-1.403670531993126e-06,0.046719185365761785,-0.044919022022626126,0.36238952779129346,-0.31102204408817635,0.17114228456913827,0.04713185764957699,0.3561308359948725,0.8484848484848483
aluminum,0.5,6.5,CV,7,0.02910309015342619,0.09229405568183525,0.36760853912049773,-0.19060846269848059,0.10000000000000003,1.4,-4.3400994186533674e-05,0.027777747088744392,-0.05123689671611367,0.36760853912049773,-0.31102204408817635,0.1599198396793587,0.04561954422081094,0.36357146359914594,0.7812500000000006
aluminum,0.5,6.5,CV,8,0.02962831797066314,0.09244622771058768,0.35654460066034116,-0.19994179721517819,0.10000000000000003,1.4,-2.189149660854173e-05,0.02835238595447275,-0.04261584794928305,0.35654460066034116,-0.319438877755511,0.17114228456913827,0.04768365824199661,0.3503164207260723,0.9062499999999997
aluminum,0.5,6.5,CV,9,0.030046820310085154,0.09319659126756251,0.37290903886079935,-0.191224352240954,0.10000000000000003,1.4,-4.633463316398042e-05,0.030117991740661793,-0.04391274280323666,0.37290903886079935,-0.3222444889779559,0.16272545090180363,0.04642366657267453,0.3674699924136383,0.8709677419354849
aluminum,0.5,7.0,CV,0,0.029456830120050525,0.09319185133897005,0.35942130118577,-0.20548762603400858,0.10000000000000003,1.4,-2.614277934987551e-05,0.027074584601221783,-0.04324807639443948,0.35942130118577,-0.3166332665330661,0.17955911823647297,0.04948358318286451,0.3542523451530611,0.9393939393939396
aluminum,0.5,7.0,CV,1,0.029381084530565607,0.0928474541614739,0.35886255684869817,-0.19937995027780975,0.10000000000000003,1.4,-1.6762807667669988e-05,0.025490687005288906,-0.04555196234044852,0.35886255684869817,-0.30821643286573147,0.16833667334669344,0.04736449495915693,0.35375817694500417,0.8750000000000003
aluminum,0.5,7.0,CV,2,0.029768566579618967,0.09288475048795707,0.37199585496561616,-0.19662761095303347,0.10000000000000003,1.4,-2.7948278426610276e-05,0.026788644069080547,-0.04811891044502534,0.37199585496561616,-0.30541082164328653,0.17114228456913833,0.047889171381950174,0.3666037101114938,0.8484848484848478
aluminum,0.5,7.0,CV,3,0.030509458764777703,0.09245374824559208,0.3614671860716286,-0.18800979289252057,0.10000000000000003,1.4,-0.0001295604458709812,0.03038092130734721,-0.05588927262092848,0.3614671860716286,-0.294188376753507,0.16272545090180357,0.04659783236213783,0.35585921837901274,0.611111111111111
aluminum,0.5,7.0,CV,4,0.029922080852823815,0.09268280286045454,0.3597798520691295,-0.18997912685123947,0.10000000000000003,1.4,-5.3829814878771965e-05,0.030725848730081516,-0.03873821250248788,0.3597798520691295,-0.31382765531062123,0.1739478957915832,0.0487323162049758,0.3540974852478149,0.9375000000000002
aluminum,0.5,7.0,CV,5,0.030063921056187964,0.09203509428256751,0.36522859011586756,-0.19364072913091562,0.10000000000000003,1.4,-3.1174628037773286e-05,0.028149893838801697,-0.03488685666637128,0.36522859011586756,-0.30541082164328653,0.1683366733466934,0.04691489285173725,0.35899425620548325,0.8749999999999998
aluminum,0.5,7.0,CV,6,0.029889137084293523,0.09255211696816651,0.36763507827000147,-0.1898612776272118,0.10000000000000003,1.4,3.196832216240668e-06,0.046642831872508846,-0.03023990608593087,0.36763507827000147,-0.31102204408817635,0.17114228456913833,0.047400341672649504,0.36135391738020817,0.9677419354838711
aluminum,0.5,7.0,CV,7,0.029161738570751907,0.09266590497649618,0.3728756069176398,-0.18548541710893585,0.10000000000000003,1.4,-3.897364105025711e-05,0.02789226454374688,-0.028402531181052043,0.3728756069176398,-0.31102204408817635,0.16833667334669344,0.04741609501145598,0.3687328011335944,0.9354838709677421
aluminum,0.5,7.0,CV,8,0.02968913183532765,0.09280873924329229,0.36185345248249345,-0.20500235550030704,0.10000000000000003,1.4,-1.737546255560351e-05,0.028392000889752807,-0.031167783255994078,0.36185345248249345,-0.29979959919839677,0.17114228456913827,0.04786655946871667,0.355821618103257,0.6944444444444448
aluminum,0.5,7.0,CV,9,0.03010935960654789,0.09366213995218484,0.3746021162312595,-0.1876806486228959,0.10000000000000003,1.4,-4.191937504725208e-05,0.03024220713273709,-0.04307156334120829,0.3746021162312595,-0.3222444889779559,0.1655310621242485,0.04720205029861687,0.3690400512482787,0.787878787878788
aluminum,0.5,7.5,CV,0,0.029525518524512913,0.09359544136031579,0.3609118534253046,-0.21043932529881898,0.10000000000000003,1.4,-2.218626330839389e-05,0.027184993848130064,-0.03797142976648965,0.3609118534253046,-0.3166332665330661,0.17394789579158315,0.04869986892308193,0.3558391607309507,0.7222222222222224
aluminum,0.5,7.5,CV,1,0.02944946379799357,0.09329725407724869,0.3631006265353844,-0.20227105592146535,0.10000000000000003,1.4,-1.276800957374761e-05,0.025261735791355294,-0.03081519550611772,0.3631006265353844,-0.30821643286573147,0.1767535070140281,0.04901861931830464,0.35799394843728966,0.9687500000000001
aluminum,0.5,7.5,CV,2,0.029838527259936465,0.09330544349241718,0.3771681549909251,-0.196051456343205,0.10000000000000003,1.4,-2.3999131086514878e-05,0.02690273908077008,-0.03976089131823856,0.3771681549909251,-0.30541082164328653,0.16272545090180363,0.04655369484196368,0.3717022847770274,0.9333333333333329
aluminum,0.5,7.5,CV,3,0.030582443214723313,0.0928772120078978,0.36995579512026516,-0.18722477125896603,0.10000000000000003,1.4,-0.00012602600365522134,0.030504859957041552,-0.05612303545114613,0.36995579512026516,-0.294188376753507,0.16272545090180363,0.04676454166517338,0.3642589717893174,0.7058823529411767
aluminum,0.5,7.5,CV,4,0.029992668063972786,0.09311456457272015,0.3622331792171255,-0.1928318653411769,0.10000000000000003,1.4,-4.998629667800444e-05,0.031024243221465603,-0.03543163752911463,0.3622331792171255,-0.31382765531062123,0.17114228456913827,0.04844973252533896,0.3567687703418395,0.8484848484848483
aluminum,0.5,7.5,CV,5,0.03013508715331734,0.09246791863854208,0.3703732712104765,-0.19040732977422856,0.10000000000000003,1.4,-2.7238648251823226e-05,0.028264774398615824,-0.053815506836010746,0.3703732712104765,-0.30541082164328653,0.17114228456913827,0.047685391557260495,0.3640512119253277,0.9677419354838717
aluminum,0.5,7.5,CV,6,0.029959589843536114,0.09299715169171355,0.37101817363903483,-0.1947492017859307,0.10000000000000003,1.4,7.273090681966285e-06,0.046577229152650425,-0.04425314382865189,0.37101817363903483,-0.31102204408817635,0.17114228456913827,0.04764364409311075,0.3648151800751954,0.9062499999999997
aluminum,0.5,7.5,CV,7,0.029229222631475545,0.09306851289396326,0.3762800902182474,-0.18275399500839798,0.10000000000000003,1.4,-3.506949102192737e-05,0.02800608481399658,-0.03756908224879568,0.3762800902182474,-0.31102204408817635,0.1683366733466934,0.04755880066969212,0.3720575533699742,0.9999999999999993
aluminum,0.5,7.5,CV,8,0.02975876832223075,0.09319365364683875,0.36870264142205994,-0.20791640761105912,0.10000000000000003,1.4,-1.3383164862251814e-05,0.028371980479417275,-0.05109408424222871,0.36870264142205994,-0.29979959919839677,0.17394789579158315,0.04848772858802051,0.3627189676166816,0.8787878787878786
aluminum,0.5,7.5,CV,9,0.030180711149969282,0.09410976105379422,0.37387319164351523,-0.19096695355418733,0.10000000000000003,1.4,-3.802724730930568e-05,0.030365675599047376,-0.039158256982929865,0.37387319164351523,-0.3222444889779559,0.17114228456913827,0.048548793771904686,0.36838949240115315,0.6944444444444448
aluminum,0.5,8.0,CV,0,0.029535474863690965,0.09384398421849732,0.36119754538726206,-0.2132417185393453,0.10000000000000003,1.4,-1.8720948952496664e-05,0.027294695577403376,-0.031238910919223137,0.36119754538726206,-0.30821643286573147,0.1739478957915831,0.0489770856029421,0.35612250446430477,0.8235294117647052
aluminum,0.5,8.0,CV,1,0.029459112981129812,0.09360257724716993,0.3688027550345956,-0.2031165443419114,0.10000000000000003,1.4,-9.264658482065085e-06,0.024958373950053604,-0.04767533038377014,0.3688027550345956,-0.2969939879759519,0.16272545090180363,0.04667295077774793,0.3636828165501787,0.8709677419354837
aluminum,0.5,8.0,CV,2,0.02984974772205102,0.09357673126049075,0.38046623248391753,-0.19781802802368686,0.10000000000000003,1.4,-2.0541138212352274e-05,0.02689727457933018,-0.04571065698374349,0.38046623248391753,-0.30541082164328653,0.16553106212424845,0.0473110185479387,0.3750714435649975,0.9666666666666668
aluminum,0.5,8.0,CV,3,0.030596668069734455,0.09313131462188766,0.3767353779562552,-0.1889556953238848,0.10000000000000003,1.4,-0.00012298005841793753,0.030628004427120138,-0.05635391609323867,0.3767353779562552,-0.294188376753507,0.15991983967935874,0.046434349998268856,0.3709807362375231,0.8999999999999997
aluminum,0.5,8.0,CV,4,0.030004511042023105,0.09339839136738129,0.3624646312455993,-0.19363923246990114,0.10000000000000003,1.4,-4.6633256057121225e-05,0.0312355585973891,-0.03435791933511079,0.3624646312455993,-0.31382765531062123,0.1599198396793587,0.04657754021741705,0.3569201552302786,0.7272727272727268
aluminum,0.5,8.0,CV,5,0.0301475053077671,0.09271596393412036,0.37364390675867426,-0.18700609026963164,0.10000000000000003,1.4,-2.3793738552308473e-05,0.028378918787996178,-0.034383788681598075,0.37364390675867426,-0.30541082164328653,0.1683366733466934,0.04751420585897023,0.3673738033903101,0.8750000000000009
aluminum,0.5,8.0,CV,6,0.02997129923126635,0.09325239150882533,0.3724050078843548,-0.19748822860001414,0.10000000000000003,1.4,1.0857380136189046e-05,0.04652522240248476,-0.03426179448906848,0.3724050078843548,-0.31102204408817635,0.16553106212424845,0.04685041345289268,0.3663403941847217,0.8437499999999992
aluminum,0.5,8.0,CV,7,0.02923798234451512,0.09330793155576791,0.37768817533833526,-0.18446686331268547,0.10000000000000003,1.4,-3.165620711056975e-05,0.0281191635574129,-0.039825053303252575,0.37768817533833526,-0.31102204408817635,0.1655310621242485,0.047293497879437575,0.3735856691657842,0.787878787878788
aluminum,0.5,8.0,CV,8,0.029769666668406893,0.09338721922244646,0.37374766866300085,-0.20878469545448541,0.10000000000000003,1.4,-9.882298148229468e-06,0.028301701233864093,-0.03219667250194956,0.37374766866300085,-0.29979959919839677,0.15991983967935874,0.04607083703760064,0.36790997592197106,0.9655172413793112
aluminum,0.5,8.0,CV,9,0.03019331356234573,0.09437860125839624,0.3729326174944869,-0.1927129908665545,0.10000000000000003,1.4,-3.462590864784141e-05,0.030488352862449185,-0.03538601213262407,0.3729326174944869,-0.30541082164328653,0.1683366733466934,0.04826398234331921,0.36734765886035936,0.8750000000000009
aluminum,1.0,6.0,CV,0,0.05467054417140793,0.17788261163808067,0.6884600271663515,-0.395761396182253,0.10000000000000003,1.4,-7.12505672731306e-05,0.05158922847282625,-0.06042395181396826,0.6884600271663515,-0.344689378757515,0.15991983967935874,0.08782749086770486,0.6801676551750109,0.628571428571429
aluminum,1.0,6.0,CV,1,0.054526159545622545,0.17708298652530377,0.6860202301623705,-0.3629165553410504,0.10000000000000003,1.4,-5.3370665480533546e-05,0.04934812124135693,-0.09872087308275812,0.6860202301623705,-0.33627254509018034,0.1683366733466934,0.09059595750374638,0.6780123834533818,0.7647058823529412
aluminum,1.0,6.0,CV,2,0.05526476955620621,0.1772214640041206,0.6848004354740932,-0.3731551599925349,0.10000000000000003,1.4,-7.469217107241313e-05,0.05031309635538564,-0.07969940100706373,0.6848004354740932,-0.30541082164328653,0.17114228456913827,0.0916492691036072,0.6764336292781653,0.6052631578947365
aluminum,1.0,6.0,CV,3,0.05667704242422258,0.17638769673715096,0.6900781890923858,-0.36716980684943673,0.10000000000000003,1.4,-0.00026838311560744833,0.05789954298590014,-0.10652177462668169,0.6900781890923858,-0.3278557114228457,0.17675350701402803,0.0936491548473727,0.6808200501754063,0.8529411764705881
aluminum,1.0,6.0,CV,4,0.0555573951868221,0.17691677527706964,0.6905421006784591,-0.3742882461199781,0.10000000000000003,1.4,-0.00012402700338156144,0.05739043656620961,-0.09937687224189173,0.6905421006784591,-0.33627254509018034,0.1683366733466934,0.09110633325103817,0.6815093934249752,0.7142857142857145
aluminum,1.0,6.0,CV,5,0.055827767954706266,0.1756780620571975,0.6829945918838762,-0.37790337730721085,0.10000000000000003,1.4,-8.084216983047062e-05,0.053657322707675974,-0.09183731258553074,0.6829945918838762,-0.344689378757515,0.17114228456913827,0.09062345576029666,0.6731794551404435,0.648648648648649
aluminum,1.0,6.0,CV,6,0.055494598478478395,0.17657208886627684,0.6924008728229405,-0.35864508181157934,0.10000000000000003,1.4,-1.532402599899404e-05,0.08997531909377954,-0.05469639734740586,0.6924008728229405,-0.3390781563126252,0.1683366733466934,0.08931412680213116,0.6819480870991066,0.8181818181818181
aluminum,1.0,6.0,CV,7,0.054108046959258124,0.1770141864342851,0.6928742419456205,-0.3767217036276584,0.10000000000000003,1.4,-9.570848195451837e-05,0.05317039121389834,-0.07909309772862588,0.6928742419456205,-0.31102204408817635,0.16272545090180363,0.08844561602293435,0.6863130626719381,0.6571428571428576
aluminum,1.0,6.0,CV,8,0.055113352742278805,0.17734699530853046,0.6780853136206663,-0.37363386415842614,0.10000000000000003,1.4,-5.4538495149975694e-05,0.054312883985532676,-0.0809281596533506,0.6780853136206663,-0.3306613226452906,0.17394789579158315,0.09255273844519399,0.6679522623158495,0.8787878787878786
aluminum,1.0,6.0,CV,9,0.055914381949455805,0.1785649756826143,0.712674691076033,-0.3814277989285185,0.10000000000000003,1.4,-0.00010132357721896377,0.05765644611839321,-0.06669125811515775,0.712674691076033,-0.3278557114228457,0.1655310621242485,0.09004659450167245,0.7037025256587494,0.9666666666666675
aluminum,1.0,6.5,CV,0,0.05476684864277318,0.17871409937375607,0.6857004800665597,-0.3915447158284304,0.10000000000000003,1.4,-6.156217887199299e-05,0.05180241851310574,-0.10511390608964105,0.6857004800665597,-0.33346693386773546,0.1683366733466934,0.09106425113618538,0.6772476968832093,0.7647058823529412
aluminum,1.0,6.5,CV,1,0.05462186710197691,0.17795681048016382,0.6829073512261427,-0.37687305349507505,0.10000000000000003,1.4,-4.3608357978139786e-05,0.04927645199044661,-0.06652918171528618,0.6829073512261427,-0.33627254509018034,0.17955911823647297,0.09466661183396552,0.6749256153447735,0.6842105263157894
aluminum,1.0,6.5,CV,2,0.0553635306745317,0.17804270262470387,0.7014447454604829,-0.37917660826742505,0.10000000000000003,1.4,-6.501801095187101e-05,0.05103739788098979,-0.07878812011427114,0.7014447454604829,-0.30541082164328653,0.1655310621242485,0.09000431945497091,0.6930497607949712,0.6388888888888884
aluminum,1.0,6.5,CV,3,0.05678164216192884,0.17725400980562228,0.69350375250808,-0.36769338831619225,0.10000000000000003,1.4,-0.000259509712711839,0.05813885697750934,-0.10698129556698699,0.69350375250808,-0.3278557114228457,0.17394789579158315,0.09332256882095874,0.6842245271231111,0.8235294117647058
aluminum,1.0,6.5,CV,4,0.05565736607821405,0.17769556740103848,0.6917306856282193,-0.3635404116460322,0.10000000000000003,1.4,-0.00011455680335583537,0.05832725745865716,-0.06375406162597005,0.6917306856282193,-0.3278557114228457,0.1767535070140281,0.09443338372790439,0.6824805380610659,0.7999999999999996
aluminum,1.0,6.5,CV,5,0.05592885662136556,0.1764463890043103,0.6884918000604294,-0.37847133350771567,0.10000000000000003,1.4,-7.11934350386686e-05,0.053879146439492376,-0.06715760092297812,0.6884918000604294,-0.30541082164328653,0.17394789579158315,0.09196068767895582,0.6786921246916247,0.7222222222222215
aluminum,1.0,6.5,CV,6,0.05559430975567914,0.1774482979627712,0.696409557612624,-0.3591334203547123,0.10000000000000003,1.4,-5.4044260556838364e-06,0.08981159338744499,-0.0864723302393679,0.696409557612624,-0.31102204408817635,0.17114228456913827,0.09081249340858194,0.6859653437280404,0.8484848484848483
aluminum,1.0,6.5,CV,7,0.05420202595429451,0.17777384222999149,0.7064402395716428,-0.36958687714420607,0.10000000000000003,1.4,-8.612120747966642e-05,0.05339019549156757,-0.09861497330141489,0.7064402395716428,-0.31102204408817635,0.1599198396793587,0.08786349607456928,0.7000576602453104,0.7812500000000006
aluminum,1.0,6.5,CV,8,0.05521148787311675,0.17806507953210474,0.6852315265999458,-0.3876346698173161,0.10000000000000003,1.4,-4.4781015689736955e-05,0.05451961264803806,-0.08204574344568019,0.6852315265999458,-0.319438877755511,0.17114228456913827,0.09192263392207332,0.6751115751011918,0.9062499999999997
aluminum,1.0,6.5,CV,9,0.05601582869574676,0.17950939148666487,0.716698719990271,-0.370709480798292,0.10000000000000003,1.4,-9.175951667449178e-05,0.05789485230304732,-0.08453831128923006,0.716698719990271,-0.3222444889779559,0.16272545090180363,0.08946964336133083,0.7079997439932331,0.8709677419354849
aluminum,1.0,7.0,CV,0,0.0548821770899721,0.1795006941998503,0.6907562129404679,-0.39831138717647663,0.10000000000000003,1.4,-5.293372524049131e-05,0.05201438074962371,-0.08325400074578918,0.6907562129404679,-0.3166332665330661,0.17955911823647297,0.09531077006655621,0.6822552604474884,0.9393939393939396
aluminum,1.0,7.0,CV,1,0.054736602071916975,0.17882817365766282,0.6896324813583238,-0.386572994343057,0.10000000000000003,1.4,-3.490641096015916e-05,0.04900625912152137,-0.08768182605506342,0.6896324813583238,-0.30821643286573147,0.16833667334669344,0.09128370394231997,0.6815795379254291,0.8750000000000003
aluminum,1.0,7.0,CV,2,0.05548130162037335,0.17890696484798788,0.7148536367444676,-0.38125955799460803,0.10000000000000003,1.4,-5.640370365747229e-05,0.051503222403087134,-0.09262375120190927,0.7148536367444676,-0.30541082164328653,0.17114228456913833,0.09232553399954041,0.706430635894772,0.8484848484848478
aluminum,1.0,7.0,CV,3,0.056905218101383215,0.17807694378123087,0.6945256907049939,-0.3646605051247921,0.10000000000000003,1.4,-0.0002516915509225593,0.058376792741301385,-0.10743367022616965,0.6945256907049939,-0.294188376753507,0.16272545090180357,0.0897568233612629,0.6852165189849455,0.611111111111111
aluminum,1.0,7.0,CV,4,0.05577633982979892,0.17852081684867707,0.6914302156912077,-0.3685056052137071,0.10000000000000003,1.4,-0.00010614528150957969,0.05907843848104728,-0.07459504112597182,0.6914302156912077,-0.31382765531062123,0.1739478957915832,0.09392846709534557,0.6823341615844662,0.9375000000000002
aluminum,1.0,7.0,CV,5,0.05604894171072811,0.17726543853433724,0.7018476688803965,-0.3754825694871644,0.10000000000000003,1.4,-6.260440664349523e-05,0.054099692644396735,-0.06708601303373118,0.7018476688803965,-0.30541082164328653,0.1683366733466934,0.09047838105868532,0.6919847993965837,0.8749999999999998
aluminum,1.0,7.0,CV,6,0.05571302538824248,0.17826837585658623,0.7065104966051318,-0.36827919696019934,0.10000000000000003,1.4,3.453907524821845e-06,0.08966130954364662,-0.05826219431018986,0.7065104966051318,-0.31102204408817635,0.17114228456913833,0.09132951120430943,0.6960485105664354,0.9677419354838711
aluminum,1.0,7.0,CV,7,0.05431504231804436,0.17848539147990622,0.7165822388370706,-0.35971854435095985,0.10000000000000003,1.4,-7.759328543927722e-05,0.05360872228970778,-0.05472243175050978,0.7165822388370706,-0.31102204408817635,0.16833667334669344,0.0913162848331028,0.7099817691302853,0.9354838709677421
aluminum,1.0,7.0,CV,8,0.055328636436657065,0.17875867494782188,0.6953173223211275,-0.3973786629944475,0.10000000000000003,1.4,-3.6083868908258516e-05,0.05459417041304103,-0.06003695400156192,0.6953173223211275,-0.29979959919839677,0.17114228456913827,0.09224679208389967,0.6854465954229267,0.6944444444444448
aluminum,1.0,7.0,CV,9,0.0561362698024893,0.1804009940836956,0.7199574921122566,-0.3640644419277163,0.10000000000000003,1.4,-8.325467487084966e-05,0.0581318854591589,-0.08292328348140982,0.7199574921122566,-0.3222444889779559,0.1655310621242485,0.09098682458794277,0.711143260829992,0.787878787878788
aluminum,1.0,7.5,CV,0,0.055014507360625874,0.18027340771993877,0.6936260511281906,-0.407845463587152,0.10000000000000003,1.4,-4.531353738376262e-05,0.052225100104701216,-0.07311467287755233,0.6936260511281906,-0.3166332665330661,0.17394789579158315,0.09381601954140655,0.6854456902003685,0.7222222222222224
aluminum,1.0,7.5,CV,1,0.05486834234528023,0.17968969550778122,0.6977936366832583,-0.39213923180927446,0.10000000000000003,1.4,-2.72131606595932e-05,0.04856407486105288,-0.05925764478601028,0.6977936366832583,-0.30821643286573147,0.1767535070140281,0.09446823857014493,0.689727242217188,0.9687500000000001
aluminum,1.0,7.5,CV,2,0.05561606006760813,0.1797125434471452,0.7248129805637412,-0.3801912084863508,0.10000000000000003,1.4,-4.879757918807166e-05,0.051721656035949526,-0.07643712716349862,0.7248129805637412,-0.30541082164328653,0.16272545090180363,0.08976410386732729,0.7163621278081592,0.9333333333333329
aluminum,1.0,7.5,CV,3,0.05704574750353149,0.1788878500304192,0.7108719199686583,-0.36322773205519343,0.10000000000000003,1.4,-0.0002448769036056108,0.05861333336798228,-0.10787990912652815,0.7108719199686583,-0.294188376753507,0.16272545090180363,0.09011496628923231,0.7016432052976092,0.7058823529411767
aluminum,1.0,7.5,CV,4,0.05591229402989355,0.1793476654408888,0.6961542118688487,-0.37399861781775007,0.10000000000000003,1.4,-9.874075341674917e-05,0.05965124652865238,-0.06823359857303479,0.6961542118688487,-0.31382765531062123,0.17114228456913827,0.09339490074551174,0.6875649175812822,0.8484848484848483
aluminum,1.0,7.5,CV,5,0.056186000732057095,0.1780943400128301,0.711754301143093,-0.3692538348084765,0.10000000000000003,1.4,-5.502341284562047e-05,0.054318945634094756,-0.10357318418030337,0.711754301143093,-0.30541082164328653,0.17114228456913827,0.09198198009953291,0.7018566969931692,0.9677419354838717
aluminum,1.0,7.5,CV,6,0.05584872298284622,0.17912073498583658,0.7130245205019656,-0.37769155667049037,0.10000000000000003,1.4,1.1302627385152129e-05,0.08953180247005725,-0.08519585249197248,0.7130245205019656,-0.31102204408817635,0.17114228456913827,0.09176879935586503,0.7025662849523109,0.9062499999999997
aluminum,1.0,7.5,CV,7,0.05444507406259613,0.1792562251632166,0.7231370822419978,-0.35463561544157257,0.10000000000000003,1.4,-7.00730396872938e-05,0.053825951206171105,-0.07234142532556667,0.7231370822419978,-0.31102204408817635,0.1683366733466934,0.09159163337380462,0.7163976771998393,0.9999999999999993
aluminum,1.0,7.5,CV,8,0.05546277615104913,0.17949549827029107,0.7085065904355101,-0.40298869448048913,0.10000000000000003,1.4,-2.8395390697082385e-05,0.05455391339478445,-0.09834304539226923,0.7085065904355101,-0.29979959919839677,0.17394789579158315,0.09346347393709115,0.6988795366336407,0.8787878787878786
aluminum,1.0,7.5,CV,9,0.05627368275362172,0.18125831926756447,0.7185517114780339,-0.37041960766424087,0.10000000000000003,1.4,-7.575737402019512e-05,0.058367528725659264,-0.07539556489100921,0.7185517114780339,-0.3222444889779559,0.17114228456913827,0.09360061079112972,0.7100149198326203,0.6944444444444448
aluminum,1.0,8.0,CV,0,0.05503372307724166,0.1807484985990854,0.6941449690328646,-0.41324019352692976,0.10000000000000003,1.4,-3.863937286031077e-05,0.05243450066227879,-0.060169591729919786,0.6941449690328646,-0.30821643286573147,0.1739478957915831,0.09437735975777263,0.686129682897491,0.8235294117647052
aluminum,1.0,8.0,CV,1,0.054886971757132696,0.18027389313557535,0.7087008150400133,-0.3937658035133428,0.10000000000000003,1.4,-2.046639095722011e-05,0.047978609567442446,-0.09176541043012915,0.7087008150400133,-0.2969939879759519,0.16272545090180363,0.08994482432439051,0.7006354735161235,0.8709677419354837
aluminum,1.0,8.0,CV,2,0.05563768876394176,0.18023133804197275,0.7311627590607104,-0.38359209851479886,0.10000000000000003,1.4,-4.2137390035543176e-05,0.051709856680266036,-0.0879897254238565,0.7311627590607104,-0.30541082164328653,0.16553106212424845,0.09119427857182157,0.7226842287117717,0.9666666666666668
aluminum,1.0,8.0,CV,3,0.057073111036972025,0.17937362428603323,0.7239267416123778,-0.3665605772987081,0.10000000000000003,1.4,-0.0002390032381066516,0.058848393663336815,-0.10832068776256389,0.7239267416123778,-0.294188376753507,0.15991983967935874,0.089436775325602,0.7143710142076587,0.8999999999999997
aluminum,1.0,8.0,CV,4,0.055935110995408654,0.17989056005330933,0.6965990623759999,-0.37555242294106345,0.10000000000000003,1.4,-9.228089893990292e-05,0.06005638949716578,-0.06601166763330646,0.6965990623759999,-0.31382765531062123,0.1599198396793587,0.08979964661868818,0.6879831107208725,0.7272727272727268
aluminum,1.0,8.0,CV,5,0.05620991560422825,0.17856847160507916,0.7180516979813676,-0.3628049324168406,0.10000000000000003,1.4,-4.838819708306723e-05,0.05453682641809772,-0.06611372845191638,0.7180516979813676,-0.30541082164328653,0.1683366733466934,0.09162287997420321,0.7081136498146648,0.8750000000000009
aluminum,1.0,8.0,CV,6,0.05587128494884859,0.17960869800263488,0.7156939291082384,-0.3829653316798697,0.10000000000000003,1.4,1.8203893633364886e-05,0.08942855236189853,-0.06598744328401782,0.7156939291082384,-0.31102204408817635,0.16553106212424845,0.09026940760699324,0.7056883894475621,0.8437499999999992
aluminum,1.0,8.0,CV,7,0.054462005638549145,0.17971378696033843,0.7258470548854546,-0.35793399553701055,0.10000000000000003,1.4,-6.349819177598461e-05,0.05404179719093524,-0.07667033381797522,0.7258470548854546,-0.31102204408817635,0.1655310621242485,0.09105208067322784,0.7192077598113262,0.787878787878788
aluminum,1.0,8.0,CV,8,0.05548378998691014,0.17986493264998538,0.7182212169780273,-0.40465878611734374,0.10000000000000003,1.4,-2.1653363217741915e-05,0.05441690035763137,-0.06201020607703478,0.7182212169780273,-0.29979959919839677,0.15991983967935874,0.08881320025830347,0.7089749909096276,0.9655172413793112
aluminum,1.0,8.0,CV,9,0.05629794934050915,0.1817724012202865,0.7166847510832834,-0.3737813013357928,0.10000000000000003,1.4,-6.920532740841529e-05,0.05860169720712803,-0.06804337549408919,0.7166847510832834,-0.30541082164328653,0.1683366733466934,0.09305234565473301,0.7079954139760157,0.8750000000000009
aluminum,2.0,6.0,CV,0,0.1000782994484716,0.331260409147822,1.2806955842727463,-0.7392445576466815,0.10000000000000003,1.4,-0.00013508033057065173,0.0959460499245494,-0.11252587363351024,1.2806955842727463,-0.344689378757515,0.15991983967935874,0.16360544354713047,1.2669179984852579,0.628571428571429
aluminum,2.0,6.0,CV,1,0.0998097192808809,0.32976314369325765,1.2761376009414396,-0.6781830658527341,0.10000000000000003,1.4,-0.00010182064662688589,0.09181107285865386,-0.18376471555749724,1.2761376009414396,-0.33627254509018034,0.1683366733466934,0.16875777692856533,1.2628540799530403,0.7647058823529412
aluminum,2.0,6.0,CV,2,0.1011836605807087,0.3300273500148656,1.2736760609837225,-0.6972356081228078,0.10000000000000003,1.4,-0.00014148230391209345,0.09360543338345578,-0.1482825557066041,1.2736760609837225,-0.30541082164328653,0.17114228456913827,0.1706485050918048,1.2593006335931085,0.6052631578947365
aluminum,2.0,6.0,CV,3,0.10381073033631708,0.32847489239663724,1.2836502536617056,-0.6860880153282072,0.10000000000000003,1.4,-0.0005017806809799139,0.10769176504308767,-0.19816773952030037,1.2836502536617056,-0.3278557114228457,0.17675350701402803,0.1744339885937496,1.2679916313955735,0.8529411764705881
aluminum,2.0,6.0,CV,4,0.10172799444232751,0.329462427645897,1.2845490556543515,-0.6992246176004475,0.10000000000000003,1.4,-0.00023325355350029472,0.10677800366276677,-0.1849774281078329,1.2845490556543515,-0.33627254509018034,0.1683366733466934,0.16979082568680026,1.2698686477048018,0.7142857142857145
aluminum,2.0,6.0,CV,5,0.1022309341626425,0.3271484683150223,1.270528937262107,-0.7060542973108923,0.10000000000000003,1.4,-0.00015292235639785342,0.09981049033900902,-0.17096011242257597,1.270528937262107,-0.344689378757515,0.17114228456913827,0.16886518809403525,1.2541890037443175,0.648648648648649
aluminum,2.0,6.0,CV,6,0.10161118179444793,0.32882009144913005,1.288015053978996,-0.6702305646690523,0.10000000000000003,1.4,-3.104737175340018e-05,0.1673886831699653,-0.10175468563612086,1.288015053978996,-0.3390781563126252,0.1683366733466934,0.16638925115796754,1.2702553401408498,0.8181818181818181
aluminum,2.0,6.0,CV,7,0.09903195815910848,0.32964084962330675,1.2887415937969042,-0.7038008709193221,0.10000000000000003,1.4,-0.00018057624669270506,0.0989086013763763,-0.14724612861170494,1.2887415937969042,-0.31102204408817635,0.16272545090180363,0.16477228194143229,1.278263574586687,0.6571428571428576
aluminum,2.0,6.0,CV,8,0.10090199933707239,0.330258776712794,1.2613549827924895,-0.6981190983952192,0.10000000000000003,1.4,-0.00010399301010831674,0.10105686738382103,-0.15065965852599417,1.2613549827924895,-0.3306613226452906,0.17394789579158315,0.17252766175815126,1.2448312985813303,0.8787878787878786
aluminum,2.0,6.0,CV,9,0.10239205104817649,0.3325263997701775,1.3256836229121987,-0.7125054103400474,0.10000000000000003,1.4,-0.00019102128693822385,0.10725979790642919,-0.12409023786298137,1.3256836229121987,-0.3278557114228457,0.1655310621242485,0.16773062792244361,1.3105754491957096,0.9666666666666675
aluminum,2.0,6.5,CV,0,0.10025766538807739,0.3328039876938284,1.275530078483695,-0.7313906679525909,0.10000000000000003,1.4,-0.00011703965840031405,0.09634115562648725,-0.19565771163972145,1.275530078483695,-0.33346693386773546,0.1683366733466934,0.1696491459121117,1.2615469978203058,0.7647058823529412
aluminum,2.0,6.5,CV,1,0.09998797895621624,0.3313854748810995,1.270340318230809,-0.7041692591310017,0.10000000000000003,1.4,-8.364297997805295e-05,0.09167641207627614,-0.12388459774043581,1.270340318230809,-0.33627254509018034,0.17955911823647297,0.17633107140859028,1.2570661220900605,0.6842105263157894
aluminum,2.0,6.5,CV,2,0.10136757943104317,0.33155186375007084,1.3046668484418071,-0.7084465361727312,0.10000000000000003,1.4,-0.00012346800105424635,0.094952863074446,-0.14658345142253182,1.3046668484418071,-0.30541082164328653,0.1655310621242485,0.16764750106805834,1.2906248347410474,0.6388888888888884
aluminum,2.0,6.5,CV,3,0.10400546991638997,0.33008324742163864,1.2900278688741549,-0.6870619411362572,0.10000000000000003,1.4,-0.0004852504237417595,0.10813528633801509,-0.19901953534552258,1.2900278688741549,-0.3278557114228457,0.17394789579158315,0.17387803804682378,1.2746423042730464,0.8235294117647058
aluminum,2.0,6.5,CV,4,0.10191415536849247,0.33090799034321605,1.286729710517894,-0.6792093882661663,0.10000000000000003,1.4,-0.00021561725046046937,0.10852060179238521,-0.11857337501827608,1.286729710517894,-0.3278557114228457,0.1767535070140281,0.1758310733733366,1.270743094295119,0.7999999999999996
aluminum,2.0,6.5,CV,5,0.1024191666648578,0.3285745726480775,1.2805725147228613,-0.7071104629379475,0.10000000000000003,1.4,-0.0001349551743733518,0.10022159688578236,-0.12495737642830936,1.2805725147228613,-0.30541082164328653,0.17394789579158315,0.1713629096074956,1.2643232695889697,0.7222222222222215
aluminum,2.0,6.5,CV,6,0.1017968615769013,0.33044685316860245,1.2953420248784586,-0.6711391746675176,0.10000000000000003,1.4,-1.2578194580922435e-05,0.16708073880563556,-0.16098171049007742,1.2953420248784586,-0.31102204408817635,0.17114228456913827,0.16915806556665808,1.2775193774703932,0.8484848484848483
aluminum,2.0,6.5,CV,7,0.09920701428688605,0.3310508270687245,1.3140005300357653,-0.690513689253783,0.10000000000000003,1.4,-0.00016272296924666334,0.09931596504145744,-0.18356876579919645,1.3140005300357653,-0.31102204408817635,0.1599198396793587,0.16368121556524962,1.3038495873264777,0.7812500000000006
aluminum,2.0,6.5,CV,8,0.10108475804303362,0.33159142184470725,1.274601186905444,-0.7241874068970121,0.10000000000000003,1.4,-8.582429128360394e-05,0.10144015706408621,-0.15274762502542694,1.274601186905444,-0.319438877755511,0.17114228456913827,0.17133449458072778,1.2580100715050475,0.9062499999999997
aluminum,2.0,6.5,CV,9,0.1025809471803814,0.33428002534703094,1.3331491827051862,-0.6925448837286916,0.10000000000000003,1.4,-0.00017321103193471946,0.10770163675973865,-0.1573841582296321,1.3331491827051862,-0.3222444889779559,0.16272545090180363,0.16664808274449736,1.318559032965303,0.8709677419354849
aluminum,2.0,7.0,CV,0,0.10047245441534874,0.3342642223153537,1.2848739857419953,-0.7440643381905574,0.10000000000000003,1.4,-0.00010097266269952608,0.09673401522262026,-0.15498876165165754,1.2848739857419953,-0.3166332665330661,0.17955911823647297,0.17753805966775554,1.2707013986481963,0.9393939393939396
aluminum,2.0,7.0,CV,1,0.10020166800813328,0.3330033858760377,1.2827371735824802,-0.7222294871497077,0.10000000000000003,1.4,-6.74397685880705e-05,0.09117211257131752,-0.16322502995713134,1.2827371735824802,-0.30821643286573147,0.16833667334669344,0.170022438298685,1.2693202172925635,0.8750000000000003
aluminum,2.0,7.0,CV,2,0.10158689548655363,0.3331565586980537,1.3296331075203396,-0.7123237388967418,0.10000000000000003,1.4,-0.00010742722476108661,0.09581901803647824,-0.17242553462804594,1.3296331075203396,-0.30541082164328653,0.17114228456913833,0.17196419707067964,1.315539804965113,0.8484848484848478
aluminum,2.0,7.0,CV,3,0.10423554518771039,0.33161107412123486,1.2917340438406844,-0.6814135063688652,0.10000000000000003,1.4,-0.00047068525653228585,0.10857628634701233,-0.19985810731142972,1.2917340438406844,-0.294188376753507,0.16272545090180357,0.16718545491004855,1.2760346329545702,0.611111111111111
aluminum,2.0,7.0,CV,4,0.10213570075403018,0.33244012046497423,1.2861136263239,-0.6886220491739943,0.10000000000000003,1.4,-0.00019995232512344164,0.10991756493105484,-0.13889004417497747,1.2861136263239,-0.31382765531062123,0.1739478957915832,0.1748780073203711,1.2703685393081827,0.9375000000000002
aluminum,2.0,7.0,CV,5,0.10264277184990359,0.33009518020224565,1.3054404997685178,-0.701543800470783,0.10000000000000003,1.4,-0.00011896125103996195,0.10063036636477407,-0.12482243134761814,1.3054404997685178,-0.30541082164328653,0.1683366733466934,0.1686031537740636,1.289136230689309,0.8749999999999998
aluminum,2.0,7.0,CV,6,0.1020179285539441,0.3319693679903811,1.3141491777577798,-0.6882009833503839,0.10000000000000003,1.4,3.914870147105371e-06,0.16679789019534194,-0.1085090559536887,1.3141491777577798,-0.31102204408817635,0.17114228456913833,0.17009823625939835,1.2961857465698585,0.9677419354838711
aluminum,2.0,7.0,CV,7,0.09941751800284467,0.3323714830741203,1.332883785727085,-0.6721365656125202,0.10000000000000003,1.4,-0.00014684230296441658,0.0997209913514308,-0.10191673621988218,1.332883785727085,-0.31102204408817635,0.16833667334669344,0.17010883975950528,1.322321846740066,0.9354838709677421
aluminum,2.0,7.0,CV,8,0.10130292054938571,0.3328786748334632,1.2932525372041956,-0.7423292833287688,0.10000000000000003,1.4,-6.962997685094999e-05,0.10157737093755781,-0.11180236361430418,1.2932525372041956,-0.29979959919839677,0.17114228456913827,0.17192763115728238,1.2770971427916344,0.6944444444444448
aluminum,2.0,7.0,CV,9,0.10280521222279808,0.33593557357605147,1.3392154074850793,-0.6803388299225668,0.10000000000000003,1.4,-0.00015737314352005867,0.10814096383757044,-0.15438154028452977,1.3392154074850793,-0.3222444889779559,0.1655310621242485,0.16944479557441638,1.3242515854025922,0.787878787878788
aluminum,2.0,7.5,CV,0,0.10071890113572499,0.33569880103514915,1.2902170263195727,-0.7618150908627838,0.10000000000000003,1.4,-8.678313227752738e-05,0.09712460097855294,-0.13613014328359613,1.2902170263195727,-0.3166332665330661,0.17394789579158315,0.17468115519723187,1.2762757923949997,0.7222222222222224
aluminum,2.0,7.5,CV,1,0.10044702111972528,0.3346031549128113,1.297932827293239,-0.7325925127115531,0.10000000000000003,1.4,-5.311481088248857e-05,0.090347579399821,-0.1102578986671971,1.297932827293239,-0.30821643286573147,0.1767535070140281,0.17594451367828529,1.2844485008516675,0.9687500000000001
aluminum,2.0,7.5,CV,2,0.10183784303308838,0.3346522650423459,1.3481761160736188,-0.7103728330188882,0.10000000000000003,1.4,-9.326376199086364e-05,0.09622454161075406,-0.14220141212741327,1.3481761160736188,-0.30541082164328653,0.16272545090180363,0.16715819351125172,1.3338404270529982,0.9333333333333329
aluminum,2.0,7.5,CV,3,0.10449718967656686,0.33311669275540834,1.3221697990071568,-0.6788192479656703,0.10000000000000003,1.4,-0.0004579888621373437,0.1090147339669105,-0.2006853377858339,1.3221697990071568,-0.294188376753507,0.16272545090180363,0.16785779023685968,1.3066758088165689,0.7058823529411767
aluminum,2.0,7.5,CV,4,0.10238886472740666,0.3339753884063296,1.2949091669684905,-0.6988493463964331,0.10000000000000003,1.4,-0.00018616253791380898,0.11098242487257348,-0.12705090803109875,1.2949091669684905,-0.31382765531062123,0.17114228456913827,0.17388899973729346,1.2801484644576235,0.8484848484848483
aluminum,2.0,7.5,CV,5,0.10289798370083186,0.33163427652246386,1.3238858030912335,-0.6899441196974729,0.10000000000000003,1.4,-0.00010484437004829095,0.10103676991840184,-0.1927938470045522,1.3238858030912335,-0.30541082164328653,0.17114228456913827,0.1714017803342662,1.3075268285409412,0.9677419354838717
aluminum,2.0,7.5,CV,6,0.1022706168878161,0.33355208919431373,1.3262772803941179,-0.7057261240497008,0.10000000000000003,1.4,1.85280035425891e-05,0.16655379600471776,-0.1586103645779266,1.3262772803941179,-0.31102204408817635,0.17114228456913827,0.17089947845402345,1.3082456982648352,0.9062499999999997
aluminum,2.0,7.5,CV,7,0.09965970421495031,0.33380257220500503,1.3450875506983784,-0.662837141735541,0.10000000000000003,1.4,-0.00013283802350105497,0.10012364266800129,-0.13469183360115639,1.3450875506983784,-0.31102204408817635,0.1683366733466934,0.17058128453718124,1.3340384653228947,0.9999999999999993
aluminum,2.0,7.5,CV,8,0.10155272122341315,0.33424649638667686,1.317810223149283,-0.7527734847291225,0.10000000000000003,1.4,-5.5313864607812595e-05,0.10150082758785664,-0.18306532055785918,1.317810223149283,-0.29979959919839677,0.17394789579158315,0.1741050587478304,1.3016238866231005,0.8787878787878786
aluminum,2.0,7.5,CV,9,0.10306108011189509,0.33752752790373,1.3365959539399295,-0.6921967805512336,0.10000000000000003,1.4,-0.00014341139432937658,0.10857774812510129,-0.1403728066572208,1.3365959539399295,-0.3222444889779559,0.17114228456913827,0.17428127865826562,1.3219892373760795,0.6944444444444448
aluminum,2.0,8.0,CV,0,0.10075471987395326,0.33658010902280333,1.2911541424663588,-0.7718581486770811,0.10000000000000003,1.4,-7.435516745363325e-05,0.09751277184895195,-0.11204529525254836,1.2911541424663588,-0.30821643286573147,0.1739478957915831,0.175719555304779,1.2774919102005324,0.8235294117647052
aluminum,2.0,8.0,CV,1,0.10048175301065512,0.3356873947786968,1.3181731984980039,-0.735619647544875,0.10000000000000003,1.4,-4.055225608508399e-05,0.08925627343310519,-0.17082348499601419,1.3181731984980039,-0.2969939879759519,0.16272545090180363,0.16751314522469185,1.3046874081742625,0.8709677419354837
aluminum,2.0,8.0,CV,2,0.10187813477009072,0.3356148574234706,1.359997910163926,-0.716704224912655,0.10000000000000003,1.4,-8.086170364954065e-05,0.09620138320608201,-0.16380046883371407,1.359997910163926,-0.30541082164328653,0.16553106212424845,0.1698207886384246,1.345623124443811,0.9666666666666668
aluminum,2.0,8.0,CV,3,0.10454811221960494,0.3340178711930454,1.3464767729957703,-0.6850245035983914,0.10000000000000003,1.4,-0.0004470448016864145,0.10945047091448398,-0.20150248523859535,1.3464767729957703,-0.294188376753507,0.15991983967935874,0.16660982246528278,1.3305133226639527,0.8999999999999997
aluminum,2.0,8.0,CV,4,0.10243135918768624,0.33498281044975764,1.295736663023615,-0.7017415920617682,0.10000000000000003,1.4,-0.0001741318447986837,0.11173512076573089,-0.12277011285765732,1.295736663023615,-0.31382765531062123,0.1599198396793587,0.16722730885451242,1.2811502196216578,0.7272727272727268
aluminum,2.0,8.0,CV,5,0.10294251337719311,0.332513797457008,1.3356104960358526,-0.678030442473905,0.10000000000000003,1.4,-9.248860548304929e-05,0.1014406607893143,-0.12300879286765957,1.3356104960358526,-0.30541082164328653,0.1683366733466934,0.17067393612868637,1.3188556887518743,0.8750000000000009
aluminum,2.0,8.0,CV,6,0.1023126386493409,0.3344573418770919,1.3312464775096853,-0.7155449647885761,0.10000000000000003,1.4,3.137695231795598e-05,0.16635866125464052,-0.12287481353703028,1.3312464775096853,-0.31102204408817635,0.16553106212424845,0.1680838421150398,1.3139309087379905,0.8437499999999992
aluminum,2.0,8.0,CV,7,0.09969128878647224,0.3346512805914413,1.3501319423492557,-0.6689785084909728,0.10000000000000003,1.4,-0.0001205941642794868,0.100523760947596,-0.14273773336161572,1.3501319423492557,-0.31102204408817635,0.1655310621242485,0.16960403830009588,1.3394773082065303,0.787878787878788
aluminum,2.0,8.0,CV,8,0.10159187317870907,0.33493127653874816,1.3358979243015234,-0.7558812935128139,0.10000000000000003,1.4,-4.2760100583763477e-05,0.10124415395886922,-0.1154689559358083,1.3358979243015234,-0.29979959919839677,0.15991983967935874,0.16536192458128582,1.31995983881381,0.9655172413793112
aluminum,2.0,8.0,CV,9,0.10310626177031947,0.3384813462274401,1.33306788717354,-0.6984555132116684,0.10000000000000003,1.4,-0.00013120980242737576,0.10901183189413839,-0.12660140634913009,1.33306788717354,-0.30541082164328653,0.1683366733466934,0.1733073378324927,1.3184843035265013,0.8750000000000009
aluminum,5.0,6.0,CV,0,0.2051648188039617,0.6862223552834013,2.651297873576117,-1.5341627313215014,0.10000000000000003,1.4,-0.00028280063991634354,0.1986004081413944,-0.23310460698730706,2.651297873576117,-0.344689378757515,0.15991983967935874,0.33889061980513957,2.624284057592024,0.628571428571429
aluminum,5.0,6.0,CV,1,0.20460881466819306,0.6831105809582222,2.641837801887285,-1.4077998473226303,0.10000000000000003,1.4,-0.00021394774585130187,0.1900824751729695,-0.3805804652847501,2.641837801887285,-0.33627254509018034,0.1683366733466934,0.34963834487894463,2.616296067335793,0.7647058823529412
aluminum,5.0,6.0,CV,2,0.20745309409455728,0.6836657437462226,2.6365025085917213,-1.4472503595100108,0.10000000000000003,1.4,-0.0002960537541982111,0.19379627050556092,-0.3070035708683974,2.6365025085917213,-0.30541082164328653,0.17114228456913827,0.35360677499856663,2.6089895864746153,0.6052631578947365
aluminum,5.0,6.0,CV,3,0.21289155093287862,0.6804500436913117,2.65734560309356,-1.4241558692362188,0.10000000000000003,1.4,-0.0010419293322704783,0.22292519323257876,-0.41026268684553213,2.65734560309356,-0.3278557114228457,0.17675350701402803,0.361375023789857,2.6267717399340667,0.8529411764705881
aluminum,5.0,6.0,CV,4,0.2085799527193543,0.6824985655594568,2.659250865741416,-1.451220220169534,0.10000000000000003,1.4,-0.00048603499806079253,0.22107494465765654,-0.38308157168329715,2.659250865741416,-0.33627254509018034,0.1683366733466934,0.35168493111600124,2.6302864768476137,0.7142857142857145
aluminum,5.0,6.0,CV,5,0.209621118815295,0.6776962145310902,2.6302512794231543,-1.4654892836051263,0.10000000000000003,1.4,-0.0003197365024537961,0.20662210685723684,-0.3540728777597373,2.6302512794231543,-0.344689378757515,0.17114228456913827,0.34990650735389106,2.598621761585883,0.648648648648649
aluminum,5.0,6.0,CV,6,0.20833813175426308,0.6811673890282877,2.666436444654439,-1.3913283964249183,0.10000000000000003,1.4,-6.743568621359786e-05,0.3465453257462808,-0.21066100996143267,2.666436444654439,-0.3390781563126252,0.1683366733466934,0.3446746327352557,2.631240812115275,0.8181818181818181
aluminum,5.0,6.0,CV,7,0.2029987240787621,0.6828644748294836,2.667748893795588,-1.4607555152228864,0.10000000000000003,1.4,-0.00037698450222965193,0.2047598877523967,-0.3049717143696885,2.667748893795588,-0.31102204408817635,0.16272545090180363,0.34136812124709603,2.647924282074137,0.6571428571428576
aluminum,5.0,6.0,CV,8,0.2068700100278804,0.6841422458768355,2.611207645732994,-1.4490706404860827,0.10000000000000003,1.4,-0.00021844488758333342,0.2092358003912883,-0.31203827020268393,2.611207645732994,-0.3306613226452906,0.17394789579158315,0.35749968057307235,2.5792457197108614,0.8787878787878786
aluminum,5.0,6.0,CV,9,0.2099546566766444,0.6888390246310329,2.7443614365901814,-1.4787135967495855,0.10000000000000003,1.4,-0.0003986074151456532,0.22205612633016955,-0.2569278767079446,2.7443614365901814,-0.3278557114228457,0.1655310621242485,0.3474341847543131,2.7145725628072057,0.9666666666666675
aluminum,5.0,6.5,CV,0,0.20553641271292422,0.6894139074852617,2.64056429196335,-1.5178913000113619,0.10000000000000003,1.4,-0.00024543039673728586,0.19941651866031307,-0.40520194734133574,2.64056429196335,-0.33346693386773546,0.1683366733466934,0.35142166637187733,2.613215926887532,0.7647058823529412
aluminum,5.0,6.5,CV,1,0.20497812353317013,0.6864651633357162,2.6298280418701796,-1.4616261921741462,0.10000000000000003,1.4,-0.00017629453374928193,0.18980203398919593,-0.25662141768435354,2.6298280418701796,-0.33627254509018034,0.17955911823647297,0.36535607572218276,2.6044732810647826,0.6842105263157894
aluminum,5.0,6.5,CV,2,0.2078340922675411,0.6868178291909949,2.7006951439128724,-1.4704712264678688,0.10000000000000003,1.4,-0.00025873797814831575,0.19658579680787314,-0.30348121816450657,2.7006951439128724,-0.30541082164328653,0.1655310621242485,0.34729212015063354,2.673319163485915,0.6388888888888884
aluminum,5.0,6.5,CV,3,0.21329489986242858,0.6837756874705608,2.670555109607071,-1.4261720205198363,0.10000000000000003,1.4,-0.0010076789264110051,0.2238413085723284,-0.4120223188329907,2.670555109607071,-0.3278557114228457,0.17394789579158315,0.36017049914819127,2.6402564023905284,0.8235294117647058
aluminum,5.0,6.5,CV,4,0.2089655820117082,0.6854872184584067,2.663727453833999,-1.4097575913013336,0.10000000000000003,1.4,-0.0004494999994740514,0.22468234153615613,-0.24544092886904156,2.663727453833999,-0.3278557114228457,0.1767535070140281,0.3643299054238835,2.632837113806425,0.7999999999999996
aluminum,5.0,6.5,CV,5,0.2100110270512255,0.6806445963399552,2.650816454370203,-1.4676753053336271,0.10000000000000003,1.4,-0.00028251805683361946,0.20747126791862489,-0.2587225711692185,2.650816454370203,-0.30541082164328653,0.17394789579158315,0.3550987884947177,2.6195056824197596,0.7222222222222215
aluminum,5.0,6.5,CV,6,0.2087227672203012,0.6845311355180314,2.681442877693675,-1.3932096346485816,0.10000000000000003,1.4,-2.9180344596475725e-05,0.34590361820201954,-0.33341770478457644,2.681442877693675,-0.31102204408817635,0.17114228456913827,0.3503971086322675,2.6461062222656224,0.8484848484848483
aluminum,5.0,6.5,CV,7,0.2033614158565978,0.6857794751559917,2.720068630824163,-1.4332300258502328,0.10000000000000003,1.4,-0.0003400013321931418,0.20560131742834542,-0.3801761141512052,2.720068630824163,-0.31102204408817635,0.1599198396793587,0.33906195239483905,2.700676806410696,0.7812500000000006
aluminum,5.0,6.5,CV,8,0.20724861186484117,0.6868971537799572,2.6385709721838833,-1.5030665984243086,0.10000000000000003,1.4,-0.0001808101576579829,0.2100277027126548,-0.3163719795385549,2.6385709721838833,-0.319438877755511,0.17114228456913827,0.3550179544761018,2.606429506143584,0.9062499999999997
aluminum,5.0,6.5,CV,9,0.21034593567339296,0.6924653837619636,2.7597916821311332,-1.437363959081902,0.10000000000000003,1.4,-0.00036171311010838833,0.22296876650236713,-0.3259702611488481,2.7597916821311332,-0.3222444889779559,0.16272545090180363,0.34517343330029776,2.7310292868203154,0.8709677419354849
aluminum,5.0,7.0,CV,0,0.20598138193979185,0.6924331295090482,2.659832259939816,-1.544235453394573,0.10000000000000003,1.4,-0.00021214848939043551,0.20022802643155524,-0.32100349403381023,2.659832259939816,-0.3166332665330661,0.17955911823647297,0.3677560844493769,2.63209160178136,0.9393939393939396
aluminum,5.0,7.0,CV,1,0.20542082060337666,0.6898107908243525,2.655350889872671,-1.4990345133593845,0.10000000000000003,1.4,-0.00014273125338409504,0.18875594484084585,-0.33805358755906023,2.655350889872671,-0.30821643286573147,0.16833667334669344,0.3522936730821424,2.629801099590914,0.8750000000000003
aluminum,5.0,7.0,CV,2,0.20828841271971374,0.690136088649793,2.7524084541730716,-1.4785008432702516,0.10000000000000003,1.4,-0.0002255102307437379,0.19837843078804052,-0.3571096619856764,2.7524084541730716,-0.30541082164328653,0.17114228456913833,0.35622531486460907,2.7249265783762135,0.8484848484848478
aluminum,5.0,7.0,CV,3,0.2137714450160675,0.6869348293628804,2.67384480395471,-1.4144704521051488,0.10000000000000003,1.4,-0.0009774992609433676,0.2247522572630863,-0.41375466170874603,2.67384480395471,-0.294188376753507,0.16272545090180357,0.346252278675775,2.6425874541013186,0.611111111111111
aluminum,5.0,7.0,CV,4,0.20942450746439392,0.6886552644513089,2.6623809480738445,-1.42946296233923,0.10000000000000003,1.4,-0.0004170486260583791,0.22757382900107254,-0.2876870512312477,2.6623809480738445,-0.31382765531062123,0.1739478957915832,0.3623038955224548,2.6317397618210165,0.9375000000000002
aluminum,5.0,7.0,CV,5,0.2104742073148525,0.6837888016470399,2.7023267655381695,-1.456142649318586,0.10000000000000003,1.4,-0.0002493870909289279,0.20831563983193307,-0.2584409994454704,2.7023267655381695,-0.30541082164328653,0.17394789579158315,0.3568258960513506,2.670451583153018,0.8235294117647058
aluminum,5.0,7.0,CV,6,0.20918070445171066,0.6876792821512911,2.720398696996764,-1.4285914032819542,0.10000000000000003,1.4,4.9816693586755275e-06,0.3453139768464084,-0.22479465004292876,2.720398696996764,-0.31102204408817635,0.17114228456913833,0.35233648820250596,2.6847529223861226,0.9677419354838711
aluminum,5.0,7.0,CV,7,0.2037975331590968,0.6885097714188579,2.7591816513868315,-1.39516112910356,0.10000000000000003,1.4,-0.000307104314951168,0.20643795689427555,-0.21113784084900133,2.7591816513868315,-0.31102204408817635,0.16833667334669344,0.35247265997791394,2.739542843543192,0.9354838709677421
aluminum,5.0,7.0,CV,8,0.20770054949598626,0.6895582934192137,2.6770454630764395,-1.5406435761024833,0.10000000000000003,1.4,-0.0001472652552326077,0.2103099207228682,-0.23160231157522204,2.6770454630764395,-0.29979959919839677,0.17114228456913827,0.35624462406388796,2.6458358323115787,0.6944444444444448
aluminum,5.0,7.0,CV,9,0.21081047896694122,0.6958889118634786,2.7723551544907545,-1.4122881278535067,0.10000000000000003,1.4,-0.0003289044566796575,0.2238762595133229,-0.31975636317175005,2.7723551544907545,-0.3222444889779559,0.1655310621242485,0.35107107786725833,2.7434742928836187,0.787878787878788
aluminum,5.0,7.5,CV,0,0.2064919267295258,0.6953994459257012,2.670898997476771,-1.581001942557817,0.10000000000000003,1.4,-0.00018275562331738322,0.2010348744294669,-0.28196594622329685,2.670898997476771,-0.3166332665330661,0.17394789579158315,0.36185481153194404,2.6437900360826085,0.7222222222222224
aluminum,5.0,7.5,CV,1,0.20592910628344097,0.6931190663653988,2.686826382704909,-1.5204986770853977,0.10000000000000003,1.4,-0.00011305862996976254,0.18704654704668455,-0.22828705764937252,2.686826382704909,-0.30821643286573147,0.1767535070140281,0.3645759301992162,2.661210969876152,0.9687500000000001
aluminum,5.0,7.5,CV,2,0.20880825503891404,0.6932289399513764,2.790816515396478,-1.4745074497941886,0.10000000000000003,1.4,-0.00019617121362018068,0.1992169339410157,-0.29439875732961573,2.790816515396478,-0.30541082164328653,0.16272545090180363,0.3463300666894888,2.7632293522934224,0.9333333333333329
aluminum,5.0,7.5,CV,3,0.21431338441987724,0.6900482030343509,2.7368877476391105,-1.409188184787059,0.10000000000000003,1.4,-0.0009511908233107828,0.22565797535300147,-0.41546361554022704,2.7368877476391105,-0.294188376753507,0.16272545090180363,0.34762434405529075,2.7059566325901976,0.7058823529411767
aluminum,5.0,7.5,CV,4,0.20994892834165127,0.691830009113648,2.680599205913375,-1.4506467468213853,0.10000000000000003,1.4,-0.00038848152489271895,0.2297774376113622,-0.2631709670626178,2.680599205913375,-0.31382765531062123,0.17114228456913827,0.36015215838974285,2.651420631027917,0.8484848484848483
aluminum,5.0,7.5,CV,5,0.21100285857142484,0.686971483610167,2.7405329933140723,-1.432113064726293,0.10000000000000003,1.4,-0.00022014429957447162,0.2091551632620839,-0.39927595239781377,2.7405329933140723,-0.30541082164328653,0.17114228456913827,0.35516189930645575,2.7089868954964986,0.9677419354838717
aluminum,5.0,7.5,CV,6,0.20970414278217486,0.6909522615327042,2.745519381858812,-1.464891837127302,0.10000000000000003,1.4,3.524958836408554e-05,0.3448046953277892,-0.3285125211197061,2.745519381858812,-0.31102204408817635,0.17114228456913827,0.3539885382275017,2.709715850196379,0.9062499999999997
aluminum,5.0,7.5,CV,7,0.20429927685325566,0.6914688728050715,2.7844586348402864,-1.3761035311587246,0.10000000000000003,1.4,-0.00027809412889861547,0.20726972862252258,-0.2789884927532349,2.7844586348402864,-0.31102204408817635,0.1683366733466934,0.3534287559416607,2.7636902680766293,0.9999999999999993
aluminum,5.0,7.5,CV,8,0.2082180226765984,0.6923864180498945,2.7279129160011575,-1.5622754278759594,0.10000000000000003,1.4,-0.00011761090422978954,0.21014940043468078,-0.37913687165536725,2.7279129160011575,-0.29979959919839677,0.17394789579158315,0.36079050555089465,2.6968786884190665,0.8787878787878786
aluminum,5.0,7.5,CV,9,0.21134048542675632,0.6991809996246837,2.7669269150660307,-1.4368810949468447,0.10000000000000003,1.4,-0.00029998212704490955,0.22477854159238136,-0.2907487090304528,2.7669269150660307,-0.3222444889779559,0.17114228456913827,0.360993827988913,2.7382401252024824,0.6944444444444448
aluminum,5.0,8.0,CV,0,0.20656616960348584,0.6972208518401359,2.6728039438410174,-1.6018025591674316,0.10000000000000003,1.4,-0.0001570117206553204,0.20183677088096702,-0.2321004948334885,2.6728039438410174,-0.30821643286573147,0.1739478957915831,0.3639639677415391,2.646046225248521,0.8235294117647052
aluminum,5.0,8.0,CV,1,0.20600110391166412,0.695360541269728,2.728666428786496,-1.5267671151607067,0.10000000000000003,1.4,-8.703668680956983e-05,0.1847845812364961,-0.3537864575627765,2.728666428786496,-0.2969939879759519,0.16272545090180363,0.34707871380080907,2.702945352349533,0.8709677419354837
aluminum,5.0,8.0,CV,2,0.2088917383843211,0.6952186022704835,2.815302117002795,-1.4876208602905507,0.10000000000000003,1.4,-0.00017048082944193487,0.19916748745154178,-0.33924818929652745,2.815302117002795,-0.30541082164328653,0.16553106212424845,0.3518759620090275,2.7878312421609777,0.9666666666666668
aluminum,5.0,8.0,CV,3,0.21441882924226963,0.6919107408416658,2.787235417054479,-1.4220410187490873,0.10000000000000003,1.4,-0.0009285124202567241,0.22655813540999603,-0.41715178796883956,2.787235417054479,-0.294188376753507,0.15991983967935874,0.3450376074458462,2.7553627769233784,0.8999999999999997
aluminum,5.0,8.0,CV,4,0.21003696214695713,0.6939124751465804,2.6823122530938095,-1.4566365263125423,0.10000000000000003,1.4,-0.00036355831950043386,0.23133447027298154,-0.2541253718054407,2.6823122530938095,-0.31382765531062123,0.1599198396793587,0.3463355484937906,2.6533987996084494,0.7272727272727268
aluminum,5.0,8.0,CV,5,0.21109509679462604,0.688789186887411,2.7648180001048033,-1.407552337177397,0.10000000000000003,1.4,-0.00019454955063729251,0.20998953461984407,-0.2546802276583796,2.7648180001048033,-0.30541082164328653,0.1683366733466934,0.3536901449130673,2.732700001894708,0.8750000000000009
aluminum,5.0,8.0,CV,6,0.20979120007048022,0.6928232370882458,2.755810946667319,-1.4852292585544398,0.10000000000000003,1.4,6.186317384515267e-05,0.34439691326355776,-0.2545284418368592,2.755810946667319,-0.31102204408817635,0.16553106212424845,0.34835989812651186,2.722733084256554,0.8437499999999992
aluminum,5.0,8.0,CV,7,0.20436477264309427,0.6932228018366806,2.7949055390511943,-1.3888243813272858,0.10000000000000003,1.4,-0.0002527305577875921,0.20809630564158235,-0.29563657230546947,2.7949055390511943,-0.31102204408817635,0.1655310621242485,0.35130151945511084,2.774389232642679,0.787878787878788
aluminum,5.0,8.0,CV,8,0.20829915142258662,0.6938009950447689,2.7653783041073288,-1.568710524913759,0.10000000000000003,1.4,-9.160712134512867e-05,0.2096157980074483,-0.23918777703754113,2.7653783041073288,-0.29979959919839677,0.15991983967935874,0.34260844245589683,2.734521745778549,0.9655172413793112
aluminum,5.0,8.0,CV,9,0.21143407053645188,0.7011524886789684,2.7595545735538467,-1.449844403552981,0.10000000000000003,1.4,-0.0002747058731855404,0.22567528645550522,-0.26212142061365334,2.7595545735538467,-0.30541082164328653,0.1683366733466934,0.3589123181422784,2.730569628961549,0.8750000000000009
aluminum,10.0,6.0,CV,0,0.31803552477837693,1.0674782715396884,4.123426258383439,-2.3879637326759364,0.10000000000000003,1.4,-0.0004414631943987535,0.3088587928928205,-0.3626150983673111,4.123426258383439,-0.344689378757515,0.15991983967935874,0.5271806331276185,4.082325502801802,0.628571428571429
aluminum,10.0,6.0,CV,1,0.3171708060101209,1.062632402946327,4.108700980680969,-2.1914623163088143,0.10000000000000003,1.4,-0.0003343805561293775,0.29563324062167884,-0.5919751594362441,4.108700980680969,-0.33627254509018034,0.1683366733466934,0.5439225050731168,4.070022907172887,0.7647058823529412
aluminum,10.0,6.0,CV,2,0.3215943374983205,1.0635000703672595,4.100279063429941,-2.2528217591481168,0.10000000000000003,1.4,-0.0004620749415425588,0.3014086511181928,-0.4774816982643977,4.100279063429941,-0.30541082164328653,0.17114228456913827,0.5501175093428663,4.058655498828824,0.6052631578947365
aluminum,10.0,6.0,CV,3,0.3300524323143706,1.0584979279397269,4.132796163594439,-2.2168954160263046,0.10000000000000003,1.4,-0.0016220889947677485,0.3466944309175876,-0.6380683710096697,4.132796163594439,-0.3278557114228457,0.17675350701402803,0.5621402587403642,4.086070493518124,0.8529411764705881
aluminum,10.0,6.0,CV,4,0.3233468708687534,1.0616860246018942,4.135782439538633,-2.2589192007066994,0.10000000000000003,1.4,-0.0007575409940702156,0.3438383257262416,-0.5958600962643508,4.135782439538633,-0.33627254509018034,0.1683366733466934,0.5470776295965588,4.091624245257876,0.7142857142857145
aluminum,10.0,6.0,CV,5,0.3249661319607364,1.0542109656617202,4.090693795077612,-2.281178713328562,0.10000000000000003,1.4,-0.0004989072519212902,0.32134569496940735,-0.5507495516403917,4.090693795077612,-0.344689378757515,0.17114228456913827,0.544241974990495,4.041962464391422,0.648648648648649
aluminum,10.0,6.0,CV,6,0.32297078171110155,1.059614984164015,4.146963123528062,-2.165840882384922,0.10000000000000003,1.4,-0.00010651943137454886,0.5389728307356565,-0.3276344694219527,4.146963123528062,-0.3390781563126252,0.1683366733466934,0.5361430807115293,4.092901858195122,0.8181818181818181
aluminum,10.0,6.0,CV,7,0.31466673191839006,1.0622533104444847,4.1489048826830635,-2.2737808739193066,0.10000000000000003,1.4,-0.0005879415174360025,0.31845201015627034,-0.4743806768504848,4.1489048826830635,-0.31102204408817635,0.16272545090180363,0.5309957293866308,4.118737732112059,0.6571428571428576
aluminum,10.0,6.0,CV,8,0.3206875029920816,1.064239802511545,4.061049394817239,-2.255648222731824,0.10000000000000003,1.4,-0.00034137468190835083,0.3254279876956052,-0.4853708531146834,4.061049394817239,-0.3306613226452906,0.17394789579158315,0.5561653577095296,4.012459819666496,0.8787878787878786
aluminum,10.0,6.0,CV,9,0.3254848627220357,1.0715456699202994,4.268126495725792,-2.3016779451153844,0.10000000000000003,1.4,-0.0006215702935906695,0.34535588648900173,-0.39960534065253495,4.268126495725792,-0.3278557114228457,0.1655310621242485,0.5405087256897061,4.222929573413225,0.9666666666666675
aluminum,10.0,6.5,CV,0,0.31861358576553733,1.0724398674764128,4.106712150885942,-2.36265123814856,0.10000000000000003,1.4,-0.0003833315601362554,0.31012709377071845,-0.6302679782801068,4.106712150885942,-0.33346693386773546,0.1683366733466934,0.5466310327203996,4.064843422675951,0.7647058823529412
aluminum,10.0,6.5,CV,1,0.31774531585656496,1.0678475492504729,4.090018559853206,-2.2751910461834495,0.10000000000000003,1.4,-0.0002758091655776373,0.29519622048825767,-0.39919059466115403,4.090018559853206,-0.33627254509018034,0.17955911823647297,0.5683595213203565,4.051557997914203,0.6842105263157894
aluminum,10.0,6.5,CV,2,0.3221870134622981,1.0684002863693134,4.200132942752163,-2.2889421901182008,0.10000000000000003,1.4,-0.00040402795354564896,0.30574709600303596,-0.47200104170218293,4.200132942752163,-0.30541082164328653,0.1655310621242485,0.5402535939998032,4.158494775315066,0.6388888888888884
aluminum,10.0,6.5,CV,3,0.33067984313780324,1.0636680648977865,4.153343627431314,-2.2200309946725687,0.10000000000000003,1.4,-0.00156880583668538,0.3481181472684426,-0.6408030862824932,4.153343627431314,-0.3278557114228457,0.17394789579158315,0.5602499269225366,4.1069553841225614,0.8235294117647058
aluminum,10.0,6.5,CV,4,0.32394674396182876,1.0663320687721125,4.142725029988332,-2.1944204760428088,0.10000000000000003,1.4,-0.0007007073965627129,0.3494486545942802,-0.3817060793013451,4.142725029988332,-0.3278557114228457,0.1767535070140281,0.566835925154637,4.096077681680362,0.7999999999999996
aluminum,10.0,6.5,CV,5,0.3255726548736204,1.0587943843532828,4.122559945102532,-2.2845782842030604,0.10000000000000003,1.4,-0.00044101152317983105,0.3226653590279742,-0.4023962988538987,4.122559945102532,-0.30541082164328653,0.17394789579158315,0.5524349779483799,4.07501590033658,0.7222222222222215
aluminum,10.0,6.5,CV,6,0.32356911031876756,1.0648443787874449,4.170217867754463,-2.1687667953689833,0.10000000000000003,1.4,-4.701228350206785e-05,0.5379726368129503,-0.5186267356934828,4.170217867754463,-0.31102204408817635,0.17114228456913827,0.5450363270998906,4.115924150113535,0.8484848484848483
aluminum,10.0,6.5,CV,7,0.3152309582833252,1.0667848149688743,4.230289924263553,-2.230962387379752,0.10000000000000003,1.4,-0.0005304114257282475,0.3197596588809287,-0.5913469697885478,4.230289924263553,-0.31102204408817635,0.1599198396793587,0.5274156640616461,4.200858958564506,0.7812500000000006
aluminum,10.0,6.5,CV,8,0.3212764548586343,1.068522324243889,4.103575556371835,-2.3396405448795523,0.10000000000000003,1.4,-0.00028283201413416574,0.32665877026111745,-0.49211665660821113,4.103575556371835,-0.319438877755511,0.17114228456913827,0.5523496065703066,4.054977330042041,0.9062499999999997
aluminum,10.0,6.5,CV,9,0.32609351590662755,1.0771834812734395,4.2921114037367785,-2.2373548177946088,0.10000000000000003,1.4,-0.0005641783051838108,0.34677420215185695,-0.5070442235435615,4.2921114037367785,-0.3222444889779559,0.16272545090180363,0.5369915440375347,4.248548905433521,0.8709677419354849
aluminum,10.0,7.0,CV,0,0.31930578557715666,1.0771335555049693,4.136639295189326,-2.4036785030581447,0.10000000000000003,1.4,-0.0003315595625028949,0.31138826069300374,-0.4993156139998256,4.136639295189326,-0.3166332665330661,0.17955911823647297,0.5720415507534105,4.094198643249866,0.9393939393939396
aluminum,10.0,7.0,CV,1,0.31843398450197136,1.073048870053136,4.1296396962584305,-2.3333806526216296,0.10000000000000003,1.4,-0.00022359988520204515,0.2935682091303393,-0.5258324086870574,4.1296396962584305,-0.30821643286573147,0.16833667334669344,0.5480328271583815,4.090858424809846,0.8750000000000003
aluminum,10.0,7.0,CV,2,0.322893746044219,1.073559038887301,4.280574567244524,-2.3014318072269835,0.10000000000000003,1.4,-0.0003523401260584369,0.3085348370767558,-0.5554740950735015,4.280574567244524,-0.30541082164328653,0.17114228456913833,0.5541602360012099,4.2388574656636635,0.8484848484848478
aluminum,10.0,7.0,CV,3,0.3314211152020807,1.0685793580921434,4.1583341388919965,-2.2018279123404163,0.10000000000000003,1.4,-0.001521855043458972,0.34953385565442485,-0.6434954053206781,4.1583341388919965,-0.294188376753507,0.16272545090180357,0.5386103995233392,4.110532874052864,0.611111111111111
aluminum,10.0,7.0,CV,4,0.3246606331903401,1.0712572075348363,4.1405939973608215,-2.2251809801833717,0.10000000000000003,1.4,-0.0006502261344699777,0.35394537189109143,-0.44750605881020444,4.1405939973608215,-0.31382765531062123,0.1739478957915832,0.5636503828048557,4.094167153992353,0.9375000000000002
aluminum,10.0,7.0,CV,5,0.32629315651794566,1.0636824518626258,4.202686088031499,-2.2666377091921524,0.10000000000000003,1.4,-0.0003894741041430029,0.32397760022258526,-0.4019572392542745,4.202686088031499,-0.30541082164328653,0.17394789579158315,0.555078723841525,4.154032936968335,0.8235294117647058
aluminum,10.0,7.0,CV,6,0.32428146374931166,1.0697385723586639,4.230814847290487,-2.22382555802327,0.10000000000000003,1.4,6.1274907340648775e-06,0.5370534773234796,-0.34969399184248284,4.230814847290487,-0.31102204408817635,0.17114228456913833,0.5480657726993379,4.176129613245551,0.9677419354838711
aluminum,10.0,7.0,CV,7,0.315909401289886,1.0710291675337538,4.2911312107991515,-2.1717430676680096,0.10000000000000003,1.4,-0.0004792375870850851,0.32105988284770126,-0.32844939767286974,4.2911312107991515,-0.31102204408817635,0.16833667334669344,0.5483152651057628,4.261567060791574,0.9354838709677421
aluminum,10.0,7.0,CV,8,0.321979484290483,1.0726591182185201,4.163341568642923,-2.3980922609335096,0.10000000000000003,1.4,-0.0002306512949758695,0.32709673345523843,-0.360276329755467,4.163341568642923,-0.29979959919839677,0.17114228456913827,0.5541330244023471,4.11548517391695,0.6944444444444448
aluminum,10.0,7.0,CV,9,0.32681613584028,1.0825059485052226,4.311653401274627,-2.198455892297849,0.10000000000000003,1.4,-0.0005131417930362616,0.3481845400539457,-0.49738117293950523,4.311653401274627,-0.3222444889779559,0.1655310621242485,0.5461598297464507,4.267876990627628,0.787878787878788
aluminum,10.0,7.5,CV,0,0.32009999125620064,1.0817450697425803,4.153853707238205,-2.460869301785815,0.10000000000000003,1.4,-0.00028583718776759845,0.31264220517304114,-0.43860440123260536,4.153853707238205,-0.3166332665330661,0.17394789579158315,0.5628951241826131,4.11261278985172,0.7222222222222224
aluminum,10.0,7.5,CV,1,0.31922467923706144,1.0781922059667224,4.178600942221147,-2.3667682610424894,0.10000000000000003,1.4,-0.0001774427319523879,0.2909084011859081,-0.355059117296894,4.178600942221147,-0.30821643286573147,0.1767535070140281,0.5671294853299687,4.139669802106379,0.9687500000000001
aluminum,10.0,7.5,CV,2,0.3237024012673933,1.0783673401634393,4.340319166521029,-2.2952446307750662,0.10000000000000003,1.4,-0.0003067014394442644,0.3098383923698156,-0.45786997995420353,4.340319166521029,-0.30541082164328653,0.16272545090180363,0.53875088676582,4.298357327700415,0.9333333333333329
aluminum,10.0,7.5,CV,3,0.33226411210713647,1.073419577727759,4.2563996183919475,-2.193658524335958,0.10000000000000003,1.4,-0.0014809262630896614,0.3509414568417658,-0.6461513953505011,4.2563996183919475,-0.294188376753507,0.16272545090180363,0.540771444657354,4.209284296304492,0.7058823529411767
aluminum,10.0,7.5,CV,4,0.32547640407546946,1.076192869561131,4.16893295144677,-2.258132843574111,0.10000000000000003,1.4,-0.0006057871034996957,0.35737208092339456,-0.4093739934298055,4.16893295144677,-0.31382765531062123,0.17114228456913827,0.5602693244856339,4.124600029795517,0.8484848484848483
aluminum,10.0,7.5,CV,5,0.3271155019509506,1.0686304644568465,4.262117012442306,-2.2292574871646544,0.10000000000000003,1.4,-0.000343984964621112,0.3252823264830757,-0.6210530285609466,4.262117012442306,-0.30541082164328653,0.17114228456913827,0.5525243476696509,4.214203127161389,0.9677419354838717
aluminum,10.0,7.5,CV,6,0.32509570763167134,1.0748270120775503,4.269890527876446,-2.28029204746991,0.10000000000000003,1.4,5.3209809098285764e-05,0.5362593649710881,-0.5110000225905063,4.269890527876446,-0.31102204408817635,0.17114228456913827,0.5506380404889656,4.214988613775338,0.9062499999999997
aluminum,10.0,7.5,CV,7,0.31668992894625025,1.0756294653369467,4.330449799289003,-2.142204467946588,0.10000000000000003,1.4,-0.0004341099458071061,0.3223525616847861,-0.4339737933239862,4.330449799289003,-0.31102204408817635,0.1683366733466934,0.5497801730413151,4.299002735183121,0.9999999999999993
aluminum,10.0,7.5,CV,8,0.3227844575707602,1.077055714692225,4.242467660175391,-2.4317404779225615,0.10000000000000003,1.4,-0.00018452253937931983,0.32684601571460303,-0.5897322413526906,4.242467660175391,-0.29979959919839677,0.17394789579158315,0.5612261344308116,4.195035163198373,0.8787878787878786
aluminum,10.0,7.5,CV,9,0.3276405874316072,1.0876241033701277,4.3032083177570275,-2.236727210408797,0.10000000000000003,1.4,-0.00046815069181344705,0.34958680124242286,-0.4522635671350359,4.3032083177570275,-0.3222444889779559,0.17114228456913827,0.5615637477901959,4.259555146847792,0.6944444444444448
aluminum,10.0,8.0,CV,0,0.3202155044981689,1.0845762093032163,4.156798174947132,-2.4932243333978077,0.10000000000000003,1.4,-0.000245790981501577,0.31388847354498306,-0.361048672161165,4.156798174947132,-0.30821643286573147,0.1739478957915831,0.5661271417523402,4.11582966649872,0.8235294117647052
aluminum,10.0,8.0,CV,1,0.31933670302756256,1.0816766355890677,4.243640639096357,-2.3765180988962293,0.10000000000000003,1.4,-0.00013696440869883183,0.28738905998828645,-0.5503022429122622,4.243640639096357,-0.2969939879759519,0.16272545090180363,0.5399100572390299,4.20456054767068,0.8709677419354837
aluminum,10.0,8.0,CV,2,0.3238322755996056,1.0814601504040036,4.378406635459358,-2.315642431622364,0.10000000000000003,1.4,-0.00026673840899672893,0.3097607105299991,-0.5276920372010305,4.378406635459358,-0.30541082164328653,0.16553106212424845,0.5473465028943031,4.3364454958965295,0.9666666666666668
aluminum,10.0,8.0,CV,3,0.33242811789624277,1.076314685527922,4.334716923636053,-2.213651349836871,0.10000000000000003,1.4,-0.0014456443068692772,0.35234044171999035,-0.6487751131235462,4.334716923636053,-0.294188376753507,0.17114228456913827,0.5611633168718685,4.286040486812642,0.7941176470588236
aluminum,10.0,8.0,CV,4,0.3256133505106184,1.079430011130911,4.171597146132166,-2.2674496038411514,0.10000000000000003,1.4,-0.0005670163849208314,0.3597930308548434,-0.39521064993454125,4.171597146132166,-0.31382765531062123,0.1599198396793587,0.5387035440983272,4.127248392463439,0.7272727272727268
aluminum,10.0,8.0,CV,5,0.3272589826874243,1.0714558439281583,4.299892726697379,-2.191112890747814,0.10000000000000003,1.4,-0.0003041705658029615,0.3265790657711538,-0.39610510206322674,4.299892726697379,-0.30541082164328653,0.1683366733466934,0.5502236272978049,4.251038977938243,0.8750000000000009
aluminum,10.0,8.0,CV,6,0.3252311364117039,1.0777352443396613,4.285898709836628,-2.3119272037103666,0.10000000000000003,1.4,9.460763400399325e-05,0.535623183939802,-0.39593419075149017,4.285898709836628,-0.31102204408817635,0.16553106212424845,0.5420661641899269,4.236352691183082,0.8437499999999992
aluminum,10.0,8.0,CV,7,0.316791847896503,1.0783556672841317,4.346699402175497,-2.1619921706699916,0.10000000000000003,1.4,-0.0003946548322962972,0.32363718697956767,-0.45986125117109,4.346699402175497,-0.31102204408817635,0.1655310621242485,0.5464471278478175,4.315524806077827,0.787878787878788
aluminum,10.0,8.0,CV,8,0.32291067249934396,1.0792541466891628,4.3007461194543035,-2.44174932901107,0.10000000000000003,1.4,-0.00014407243994066883,0.32601497124481094,-0.37207095525792067,4.3007461194543035,-0.29979959919839677,0.15991983967935874,0.5330221539070826,4.254102521475257,0.9655172413793112
aluminum,10.0,8.0,CV,9,0.32778616143340883,1.0906886449183055,4.291706940406769,-2.2568917302158713,0.10000000000000003,1.4,-0.0004288312825183862,0.35098047839178803,-0.40767995445332633,4.291706940406769,-0.30541082164328653,0.1683366733466934,0.558368255693934,4.2478624108532275,0.8750000000000009
